Date,Open,High,Low,Close,Adj Close,Volume
2017-11-09,0.02516,0.03506,0.025006,0.032053001,0.032053001,18716200
2017-11-10,0.032219,0.033348002,0.026450999,0.027119,0.027119,6766780
2017-11-11,0.026891001,0.029658999,0.025684001,0.027437,0.027437,5532220
2017-11-12,0.027480001,0.027952,0.022591,0.023977,0.023977,7280250
2017-11-13,0.024364,0.0263,0.023495,0.025807999,0.025807999,4419440
2017-11-14,0.025797,0.026788,0.025342001,0.02623,0.02623,3033290
2017-11-15,0.026116,0.027773,0.025261,0.026445,0.026445,6858800
2017-11-16,0.026582999,0.028170001,0.025653999,0.02758,0.02758,4888130
2017-11-17,0.027143,0.027435999,0.025184,0.025773,0.025773,3578870
2017-11-18,0.025597,0.027122,0.024747999,0.026369,0.026369,2930550
2017-11-19,0.026242999,0.028478,0.025581,0.028084001,0.028084001,4725050
2017-11-20,0.028152,0.032299999,0.027612001,0.029580999,0.029580999,16172400
2017-11-21,0.029587001,0.029709,0.027403999,0.02833,0.02833,5836790
2017-11-22,0.028399,0.029034,0.027891001,0.028549001,0.028549001,4938480
2017-11-23,0.02854,0.028678,0.027443999,0.027443999,0.027443999,5132300
2017-11-24,0.027406,0.028596999,0.026962999,0.028382,0.028382,5502350
2017-11-25,0.028324001,0.030447001,0.027747,0.030447001,0.030447001,6156460
2017-11-26,0.030437,0.039855,0.030118,0.036332,0.036332,30527100
2017-11-27,0.036619,0.057126999,0.036619,0.050593,0.050593,77777296
2017-11-28,0.050627001,0.13173001,0.047949001,0.119744,0.119744,240338000
2017-11-29,0.118235,0.146906,0.081436001,0.089717999,0.089717999,210624992
2017-11-30,0.094930001,0.12830301,0.094930001,0.119883,0.119883,124345000
2017-12-01,0.116622,0.13135201,0.113031,0.13135201,0.13135201,73657600
2017-12-02,0.131633,0.138869,0.129132,0.132351,0.132351,56712600
2017-12-03,0.132351,0.13922,0.124945,0.131807,0.131807,46458900
2017-12-04,0.13154601,0.145946,0.12635,0.13586999,0.13586999,76392704
2017-12-05,0.135625,0.13640399,0.12677699,0.127488,0.127488,50381100
2017-12-06,0.126748,0.132855,0.113886,0.117839,0.117839,75688800
2017-12-07,0.117766,0.124176,0.105501,0.105501,0.105501,71024600
2017-12-08,0.106142,0.120726,0.099136002,0.115465,0.115465,70092400
2017-12-09,0.114745,0.13866,0.113561,0.119609,0.119609,63308600
2017-12-10,0.119794,0.119794,0.100133,0.110281,0.110281,46376600
2017-12-11,0.108927,0.121383,0.108638,0.121383,0.121383,39513900
2017-12-12,0.121177,0.138008,0.114222,0.133891,0.133891,60056800
2017-12-13,0.13373899,0.141854,0.122368,0.13428099,0.13428099,61575000
2017-12-14,0.13366701,0.240753,0.131843,0.240753,0.240753,309307008
2017-12-15,0.233209,0.233209,0.187032,0.213467,0.213467,207311008
2017-12-16,0.21287499,0.44719201,0.20423301,0.40466499,0.40466499,581052032
2017-12-17,0.38677499,0.592417,0.37801301,0.51301098,0.51301098,628142976
2017-12-18,0.51193899,0.52649599,0.46740299,0.51819801,0.51819801,253463008
2017-12-19,0.52026802,0.589589,0.50108302,0.53127301,0.53127301,279631008
2017-12-20,0.533705,0.533705,0.44162101,0.48615101,0.48615101,182924000
2017-12-21,0.490049,0.523619,0.45652699,0.477851,0.477851,162926000
2017-12-22,0.47897401,0.47897401,0.293641,0.40715,0.40715,150972992
2017-12-23,0.41442001,0.45036799,0.39256701,0.41402701,0.41402701,88865000
2017-12-24,0.41666099,0.41666099,0.34703901,0.39002901,0.39002901,67372304
2017-12-25,0.39232999,0.43970001,0.36280701,0.416363,0.416363,122194000
2017-12-26,0.413573,0.43008599,0.405608,0.42846501,0.42846501,94896000
2017-12-27,0.42710701,0.43082699,0.40109801,0.41417599,0.41417599,82067504
2017-12-28,0.41202,0.41893399,0.36788699,0.40770099,0.40770099,82263800
2017-12-29,0.41045699,0.55687898,0.403945,0.52929902,0.52929902,266403008
2017-12-30,0.52831602,0.777385,0.47155601,0.63924301,0.63924301,645155968
2017-12-31,0.64258099,0.75444603,0.64229703,0.71969497,0.71969497,305947008
2018-01-01,0.71884698,0.73005098,0.67194098,0.72865701,0.72865701,150186000
2018-01-02,0.72467601,0.79464602,0.69785601,0.78258699,0.78258699,289712000
2018-01-03,0.77968103,1.08567,0.77857798,1.0796601,1.0796601,657398016
2018-01-04,1.09403,1.3272099,1.03765,1.11412,1.11412,593430016
2018-01-05,1.17115,1.2524199,0.903503,0.99955899,0.99955899,508100000
2018-01-06,0.99699998,1.05401,0.92918301,1.02715,1.02715,297615008
2018-01-07,1.02415,1.04396,0.991391,1.00852,1.00852,226067008
2018-01-08,0.99932897,0.99932897,0.764328,0.89900202,0.89900202,264460992
2018-01-09,0.89818501,0.91943598,0.79617703,0.81474298,0.81474298,209492000
2018-01-10,0.81587201,0.81625199,0.676835,0.79312098,0.79312098,236472000
2018-01-11,0.79152203,0.79152203,0.57249999,0.68841201,0.68841201,229000992
2018-01-12,0.69576901,0.93226898,0.65996701,0.89750803,0.89750803,365795008
2018-01-13,0.91741002,0.96932501,0.83648598,0.88412398,0.88412398,313215008
2018-01-14,0.88196099,0.88196099,0.74951398,0.80226201,0.80226201,160712000
2018-01-15,0.79576099,0.88450599,0.77741301,0.77858698,0.77858698,972993024
2018-01-16,0.78062099,0.78062099,0.47994399,0.62649298,0.62649298,1632649984
2018-01-17,0.62412298,0.67851698,0.44062001,0.62910199,0.62910199,1713769984
2018-01-18,0.63129503,0.71100801,0.591528,0.65984303,0.65984303,1285490048
2018-01-19,0.649544,0.68852001,0.61593598,0.65049797,0.65049797,584574016
2018-01-20,0.656564,0.72624201,0.64764398,0.70750999,0.70750999,738798976
2018-01-21,0.70639098,0.70639098,0.59079301,0.61316299,0.61316299,847731008
2018-01-22,0.61498302,0.63148499,0.52188897,0.57045799,0.57045799,522984000
2018-01-23,0.56653702,0.59223098,0.52001297,0.56307,0.56307,375958016
2018-01-24,0.56336898,0.63600898,0.54475302,0.622208,0.622208,689838016
2018-01-25,0.62933701,0.68302298,0.62155998,0.63749498,0.63749498,654814016
2018-01-26,0.63390303,0.65284801,0.56621802,0.62338197,0.62338197,810062016
2018-01-27,0.62347698,0.63295603,0.59526902,0.61683297,0.61683297,331308992
2018-01-28,0.62055999,0.68194598,0.62055999,0.670286,0.670286,325145984
2018-01-29,0.66937298,0.66937298,0.62076002,0.62320399,0.62320399,238318000
2018-01-30,0.62479901,0.62479901,0.52341801,0.53191298,0.53191298,359622016
2018-01-31,0.52759802,0.55025202,0.47133699,0.519315,0.519315,505904000
2018-02-01,0.515912,0.53532201,0.412045,0.42167199,0.42167199,595624000
2018-02-02,0.41946,0.41946,0.27473399,0.39053401,0.39053401,1438809984
2018-02-03,0.40096501,0.50163901,0.33081499,0.43883601,0.43883601,1404499968
2018-02-04,0.43386501,0.48014,0.36982301,0.37930301,0.37930301,814753984
2018-02-05,0.38504401,0.39952299,0.319646,0.327371,0.327371,658547968
2018-02-06,0.331209,0.378719,0.266523,0.369753,0.369753,1338390016
2018-02-07,0.36726701,0.37721899,0.33250701,0.34044701,0.34044701,679744000
2018-02-08,0.344464,0.367504,0.336822,0.35658401,0.35658401,346383008
2018-02-09,0.35284799,0.394133,0.34291101,0.39160201,0.39160201,401271008
2018-02-10,0.38667101,0.46276599,0.38536799,0.40587199,0.40587199,951824000
2018-02-11,0.40510401,0.40519601,0.36362401,0.36976901,0.36976901,331944000
2018-02-12,0.37259501,0.393307,0.37259501,0.38431501,0.38431501,243039008
2018-02-13,0.38343599,0.387018,0.35992,0.37331399,0.37331399,225695008
2018-02-14,0.37376601,0.40132099,0.37039301,0.39690799,0.39690799,299008992
2018-02-15,0.39467099,0.41668701,0.38993701,0.40936801,0.40936801,348342016
2018-02-16,0.410142,0.412404,0.392676,0.40380999,0.40380999,192420000
2018-02-17,0.402403,0.428074,0.40105599,0.41988301,0.41988301,341415008
2018-02-18,0.41835499,0.42001,0.38078699,0.385618,0.385618,251314000
2018-02-19,0.38692999,0.396608,0.386224,0.39147201,0.39147201,169966000
2018-02-20,0.39094201,0.404329,0.37753901,0.37877899,0.37877899,281249984
2018-02-21,0.37559301,0.383513,0.36339399,0.36444101,0.36444101,242378000
2018-02-22,0.36265099,0.372116,0.33051801,0.33787099,0.33787099,208342000
2018-02-23,0.33475801,0.35124001,0.32281101,0.345258,0.345258,222508992
2018-02-24,0.34366801,0.35248801,0.316064,0.32296601,0.32296601,133524000
2018-02-25,0.32215199,0.354572,0.31441101,0.344033,0.344033,247808000
2018-02-26,0.345272,0.346955,0.32221001,0.33833501,0.33833501,201812992
2018-02-27,0.33913201,0.341189,0.330971,0.335536,0.335536,106757000
2018-02-28,0.33448601,0.33616301,0.312563,0.312581,0.312581,114757000
2018-03-01,0.31197301,0.31197301,0.28839201,0.30439699,0.30439699,184691008
2018-03-02,0.30442399,0.30705801,0.28887501,0.293504,0.293504,107240000
2018-03-03,0.292952,0.309129,0.29250699,0.297106,0.297106,115320000
2018-03-04,0.296285,0.303588,0.28619301,0.300787,0.300787,94436000
2018-03-05,0.29989699,0.31772301,0.29105499,0.297622,0.297622,202675008
2018-03-06,0.29594699,0.30301899,0.28399301,0.285357,0.285357,110305000
2018-03-07,0.28467399,0.28759801,0.236256,0.247281,0.247281,190792992
2018-03-08,0.24816,0.254354,0.221131,0.221743,0.221743,167808992
2018-03-09,0.221286,0.225115,0.19180401,0.22220699,0.22220699,246848992
2018-03-10,0.225216,0.226558,0.208859,0.20987301,0.20987301,129138000
2018-03-11,0.209721,0.227322,0.198153,0.223498,0.223498,161362000
2018-03-12,0.224104,0.237342,0.21965399,0.223722,0.223722,184250000
2018-03-13,0.22311001,0.229146,0.21540201,0.22302601,0.22302601,98868704
2018-03-14,0.22342999,0.233147,0.196005,0.199562,0.199562,144156000
2018-03-15,0.198755,0.201611,0.17248499,0.185709,0.185709,204232992
2018-03-16,0.18678799,0.18678799,0.17505699,0.17887799,0.17887799,97455296
2018-03-17,0.17877001,0.17916,0.15313201,0.154763,0.154763,81096600
2018-03-18,0.15393101,0.16195901,0.127046,0.15615501,0.15615501,189688992
2018-03-19,0.160749,0.197648,0.15693501,0.197648,0.197648,321964000
2018-03-20,0.19344699,0.21200401,0.18029401,0.20494699,0.20494699,249683008
2018-03-21,0.20531499,0.227502,0.20144799,0.21318901,0.21318901,257686000
2018-03-22,0.21540301,0.22196899,0.192132,0.203481,0.203481,201540000
2018-03-23,0.202298,0.202812,0.18142401,0.18925899,0.18925899,148850000
2018-03-24,0.188844,0.20118999,0.183017,0.189201,0.189201,132660000
2018-03-25,0.18839601,0.189128,0.18170001,0.184605,0.184605,59349400
2018-03-26,0.18396001,0.185421,0.161128,0.167806,0.167806,117497000
2018-03-27,0.16821501,0.16922501,0.15016399,0.154926,0.154926,107510000
2018-03-28,0.155196,0.165599,0.154465,0.16005801,0.16005801,60260800
2018-03-29,0.160143,0.160614,0.145712,0.146882,0.146882,103465000
2018-03-30,0.14665399,0.15178201,0.136317,0.147209,0.147209,119874000
2018-03-31,0.14711501,0.160559,0.144857,0.155919,0.155919,113124000
2018-04-01,0.156597,0.160825,0.141343,0.150768,0.150768,100833000
2018-04-02,0.151691,0.158797,0.14859,0.156385,0.156385,102697000
2018-04-03,0.157864,0.173438,0.15525401,0.172447,0.172447,155987008
2018-04-04,0.171158,0.17917199,0.15362599,0.155356,0.155356,154800992
2018-04-05,0.15559199,0.156204,0.143742,0.14875799,0.14875799,113407000
2018-04-06,0.148394,0.150481,0.14183,0.14445101,0.14445101,51827500
2018-04-07,0.144885,0.15146901,0.143829,0.148794,0.148794,48205400
2018-04-08,0.148825,0.158452,0.148825,0.156599,0.156599,51093100
2018-04-09,0.157094,0.165656,0.147478,0.153106,0.153106,93021904
2018-04-10,0.15324,0.15782,0.149316,0.15634701,0.15634701,55981300
2018-04-11,0.15676101,0.16643099,0.15407901,0.16602901,0.16602901,91793296
2018-04-12,0.166757,0.214525,0.16452999,0.21223301,0.21223301,488007008
2018-04-13,0.211632,0.218382,0.196567,0.200532,0.200532,230412992
2018-04-14,0.19867501,0.206495,0.194708,0.20085301,0.20085301,113212000
2018-04-15,0.201389,0.223444,0.19994,0.22138999,0.22138999,169798000
2018-04-16,0.221889,0.25664601,0.211808,0.25664601,0.25664601,678780992
2018-04-17,0.25509,0.272641,0.242771,0.243724,0.243724,520975008
2018-04-18,0.242734,0.26236799,0.242734,0.26034099,0.26034099,181118000
2018-04-19,0.26749301,0.27383599,0.260818,0.272358,0.272358,240910000
2018-04-20,0.27098599,0.30164099,0.26969701,0.301247,0.301247,349348992
2018-04-21,0.30229199,0.30755201,0.27268401,0.29058,0.29058,294632992
2018-04-22,0.28748801,0.29687899,0.280765,0.28553501,0.28553501,160968000
2018-04-23,0.28555799,0.28962299,0.28355801,0.28847301,0.28847301,127213000
2018-04-24,0.28853899,0.318699,0.28733101,0.312875,0.312875,369016992
2018-04-25,0.312805,0.312805,0.26516399,0.27165401,0.27165401,351596000
2018-04-26,0.27079499,0.294972,0.25986499,0.29429501,0.29429501,220715008
2018-04-27,0.29458901,0.30746901,0.28778601,0.28848901,0.28848901,197183008
2018-04-28,0.28713,0.36495399,0.28713,0.35787401,0.35787401,636742016
2018-04-29,0.36067,0.38790101,0.34750801,0.36505699,0.36505699,671886976
2018-04-30,0.364297,0.364297,0.33662501,0.34331799,0.34331799,298712000
2018-05-01,0.342953,0.36326101,0.32370099,0.358693,0.358693,365521984
2018-05-02,0.357602,0.37670401,0.34932399,0.37242001,0.37242001,272855008
2018-05-03,0.37192601,0.38974899,0.36878899,0.36970901,0.36970901,300814016
2018-05-04,0.37077701,0.37077701,0.350842,0.36018199,0.36018199,171266000
2018-05-05,0.36131799,0.37360501,0.360962,0.36633801,0.36633801,139447008
2018-05-06,0.365933,0.365933,0.34146699,0.350021,0.350021,148186000
2018-05-07,0.34994799,0.34994799,0.323506,0.33517599,0.33517599,171384992
2018-05-08,0.33559501,0.34821901,0.323071,0.328352,0.328352,142455008
2018-05-09,0.328426,0.328426,0.30445799,0.32359299,0.32359299,178122000
2018-05-10,0.323879,0.32790801,0.29631701,0.29708901,0.29708901,122958000
2018-05-11,0.29679701,0.29946199,0.248137,0.26012701,0.26012701,348752000
2018-05-12,0.262649,0.28341001,0.24127799,0.27093199,0.27093199,255480992
2018-05-13,0.27164,0.290151,0.26436099,0.28589001,0.28589001,179522000
2018-05-14,0.28585199,0.28608799,0.26108599,0.27343401,0.27343401,161643008
2018-05-15,0.27426901,0.27875999,0.25769699,0.26015499,0.26015499,97408800
2018-05-16,0.25908199,0.26018599,0.24372,0.25637501,0.25637501,108749000
2018-05-17,0.25735199,0.263111,0.242194,0.243664,0.243664,83683800
2018-05-18,0.242816,0.24680901,0.234781,0.245544,0.245544,79212200
2018-05-19,0.246199,0.248354,0.238934,0.24327099,0.24327099,57778000
2018-05-20,0.24314301,0.26078501,0.24097399,0.256136,0.256136,101310000
2018-05-21,0.25613001,0.26116899,0.247134,0.24884,0.24884,85090304
2018-05-22,0.24939699,0.250076,0.223408,0.224408,0.224408,78363296
2018-05-23,0.224393,0.22615001,0.198798,0.20287301,0.20287301,124268000
2018-05-24,0.20332401,0.213302,0.19310901,0.20898899,0.20898899,127678000
2018-05-25,0.20906,0.210636,0.19732,0.200655,0.200655,83368000
2018-05-26,0.199761,0.205492,0.195895,0.196567,0.196567,60616400
2018-05-27,0.196354,0.196436,0.192322,0.19355699,0.19355699,58991000
2018-05-28,0.19369601,0.194977,0.17400201,0.17478301,0.17478301,95106200
2018-05-29,0.175475,0.208739,0.174153,0.20319,0.20319,185184000
2018-05-30,0.203685,0.218023,0.201184,0.211143,0.211143,222612000
2018-05-31,0.210393,0.230057,0.206205,0.225214,0.225214,202076000
2018-06-01,0.22453301,0.229184,0.21695501,0.222507,0.222507,130538000
2018-06-02,0.222701,0.22953101,0.21924201,0.227742,0.227742,116435000
2018-06-03,0.2277,0.236761,0.225118,0.228154,0.228154,117208000
2018-06-04,0.228155,0.23122799,0.21229,0.214012,0.214012,115605000
2018-06-05,0.214247,0.221728,0.204815,0.220467,0.220467,119846000
2018-06-06,0.22056501,0.220862,0.21070801,0.215721,0.215721,84766304
2018-06-07,0.216105,0.21935099,0.209573,0.211119,0.211119,76949400
2018-06-08,0.210831,0.210841,0.20263401,0.205358,0.205358,68728600
2018-06-09,0.20525999,0.209668,0.20209099,0.20209099,0.20209099,51481400
2018-06-10,0.201517,0.201517,0.171129,0.17686801,0.17686801,137836000
2018-06-11,0.17626201,0.18193699,0.16789301,0.18128,0.18128,89350704
2018-06-12,0.181348,0.182888,0.162788,0.166585,0.166585,82885904
2018-06-13,0.166136,0.16681799,0.151204,0.16040801,0.16040801,99731600
2018-06-14,0.16024999,0.176521,0.155369,0.17237499,0.17237499,199562000
2018-06-15,0.17221799,0.17221799,0.161929,0.162747,0.162747,73950496
2018-06-16,0.16274101,0.164628,0.15985601,0.162962,0.162962,42213400
2018-06-17,0.163137,0.16447701,0.161027,0.16137999,0.16137999,35748800
2018-06-18,0.16112199,0.167511,0.156708,0.16411699,0.16411699,55507800
2018-06-19,0.164702,0.169903,0.162117,0.16718499,0.16718499,69854400
2018-06-20,0.16678099,0.167331,0.15679701,0.161985,0.161985,83625600
2018-06-21,0.16205101,0.163757,0.15755101,0.158556,0.158556,41237700
2018-06-22,0.15846001,0.15901899,0.137429,0.13983899,0.13983899,79062000
2018-06-23,0.140334,0.143279,0.13485201,0.137868,0.137868,38721800
2018-06-24,0.138355,0.138592,0.121962,0.13270301,0.13270301,73037504
2018-06-25,0.132321,0.138254,0.128556,0.135269,0.135269,57752100
2018-06-26,0.13562299,0.13605499,0.12609901,0.12609901,0.12609901,32927500
2018-06-27,0.126551,0.12800001,0.123925,0.127444,0.127444,37072400
2018-06-28,0.12739301,0.12850299,0.118498,0.11932,0.11932,42250100
2018-06-29,0.119397,0.127436,0.114674,0.12571999,0.12571999,65802200
2018-06-30,0.126036,0.138372,0.126036,0.13767099,0.13767099,104599000
2018-07-01,0.138264,0.145731,0.133866,0.142208,0.142208,108733000
2018-07-02,0.142591,0.161936,0.138639,0.158278,0.158278,161860000
2018-07-03,0.15852199,0.166687,0.149461,0.150655,0.150655,108280000
2018-07-04,0.15019999,0.159904,0.146883,0.15096,0.15096,86594896
2018-07-05,0.15159699,0.154572,0.14510401,0.148921,0.148921,73881296
2018-07-06,0.14874899,0.14874899,0.13947301,0.146084,0.146084,69138800
2018-07-07,0.146257,0.150373,0.13890401,0.150373,0.150373,47965500
2018-07-08,0.14995299,0.15138499,0.14476199,0.14538901,0.14538901,48142400
2018-07-09,0.145345,0.146111,0.139948,0.139971,0.139971,42768500
2018-07-10,0.13972899,0.140654,0.128792,0.128792,0.128792,62318800
2018-07-11,0.128801,0.13392501,0.12646601,0.131483,0.131483,50179700
2018-07-12,0.13156,0.13156,0.123154,0.12718099,0.12718099,37623900
2018-07-13,0.127299,0.141729,0.126027,0.137887,0.137887,92778496
2018-07-14,0.138365,0.139891,0.13385101,0.13709199,0.13709199,55022100
2018-07-15,0.13702901,0.145511,0.135277,0.142262,0.142262,50143900
2018-07-16,0.142277,0.156755,0.14097799,0.15611801,0.15611801,90578096
2018-07-17,0.154915,0.174619,0.150379,0.170865,0.170865,133441000
2018-07-18,0.17029899,0.19293,0.17029899,0.179378,0.179378,323366016
2018-07-19,0.178986,0.18949901,0.17231201,0.180869,0.180869,216980992
2018-07-20,0.179893,0.18265,0.161644,0.162175,0.162175,215667008
2018-07-21,0.161994,0.168841,0.155729,0.163637,0.163637,125996000
2018-07-22,0.163874,0.17781401,0.16306099,0.170277,0.170277,139332992
2018-07-23,0.169526,0.17939299,0.164028,0.164028,0.164028,147071008
2018-07-24,0.164736,0.17675699,0.16127899,0.173172,0.173172,191390000
2018-07-25,0.17236,0.175304,0.16682,0.172731,0.172731,123649000
2018-07-26,0.172416,0.17474,0.162497,0.164765,0.164765,84282200
2018-07-27,0.16445,0.16870899,0.15666001,0.16553999,0.16553999,103693000
2018-07-28,0.166228,0.166228,0.160024,0.16338,0.16338,51592200
2018-07-29,0.16416299,0.164772,0.160419,0.163313,0.163313,47319500
2018-07-30,0.163234,0.163234,0.14928,0.15408701,0.15408701,69612600
2018-07-31,0.15406699,0.15418699,0.140773,0.143297,0.143297,93183800
2018-08-01,0.143086,0.14503799,0.13718,0.140901,0.140901,79987900
2018-08-02,0.141316,0.142481,0.13046899,0.13194101,0.13194101,68531400
2018-08-03,0.13141599,0.134835,0.124545,0.130255,0.130255,77768900
2018-08-04,0.130771,0.134591,0.125412,0.127547,0.127547,54577300
2018-08-05,0.12729201,0.13203,0.125517,0.131721,0.131721,43901500
2018-08-06,0.13091899,0.13640399,0.128161,0.13055301,0.13055301,57534800
2018-08-07,0.130923,0.1331,0.124601,0.125378,0.125378,57321700
2018-08-08,0.125594,0.125594,0.112637,0.113752,0.113752,82209700
2018-08-09,0.114507,0.12708201,0.114507,0.123507,0.123507,93016600
2018-08-10,0.124091,0.124966,0.113747,0.116355,0.116355,71125700
2018-08-11,0.116444,0.116669,0.109195,0.112439,0.112439,65816400
2018-08-12,0.112497,0.114788,0.111658,0.11297,0.11297,35031500
2018-08-13,0.113183,0.115714,0.102698,0.10291,0.10291,56974900
2018-08-14,0.102779,0.102779,0.086951002,0.094662003,0.094662003,111693000
2018-08-15,0.095489003,0.101081,0.094664998,0.095040001,0.095040001,91346700
2018-08-16,0.095036,0.098572001,0.093198001,0.095330998,0.095330998,50188900
2018-08-17,0.095682003,0.109917,0.095172003,0.109887,0.109887,103569000
2018-08-18,0.109847,0.112477,0.097484998,0.099785,0.099785,101454000
2018-08-19,0.099744,0.104358,0.098119996,0.102437,0.102437,51106900
2018-08-20,0.102243,0.103728,0.093617998,0.093764,0.093764,53939600
2018-08-21,0.093161002,0.096051,0.091918997,0.095003001,0.095003001,49545100
2018-08-22,0.095016003,0.100128,0.088087998,0.090149,0.090149,64566000
2018-08-23,0.090204999,0.093339004,0.089165002,0.092453003,0.092453003,37397400
2018-08-24,0.092845999,0.094362997,0.090948001,0.094076999,0.094076999,35302400
2018-08-25,0.094305001,0.095007002,0.092349999,0.094282001,0.094282001,30674700
2018-08-26,0.094261996,0.094625004,0.091404997,0.093337998,0.093337998,26907400
2018-08-27,0.093177997,0.100795,0.092522003,0.100264,0.100264,55515600
2018-08-28,0.100565,0.106655,0.100032,0.10548,0.10548,79059500
2018-08-29,0.105611,0.108924,0.102186,0.105469,0.105469,83582300
2018-08-30,0.105205,0.107144,0.097286001,0.10056,0.10056,64807500
2018-08-31,0.100902,0.102756,0.099255003,0.102196,0.102196,42250400
2018-09-01,0.101877,0.108901,0.101877,0.106827,0.106827,70208900
2018-09-02,0.106903,0.107182,0.102511,0.104432,0.104432,58391900
2018-09-03,0.10465,0.105193,0.102529,0.103607,0.103607,53687200
2018-09-04,0.103484,0.106509,0.103385,0.105265,0.105265,54317400
2018-09-05,0.105267,0.106217,0.087568998,0.087568998,0.087568998,98708900
2018-09-06,0.087525003,0.089428999,0.083130002,0.088665999,0.088665999,73239200
2018-09-07,0.088521004,0.089644998,0.083456002,0.083982997,0.083982997,41868100
2018-09-08,0.084119998,0.085129999,0.077505,0.078235,0.078235,35208700
2018-09-09,0.078442998,0.081147999,0.075025998,0.076642998,0.076642998,47870100
2018-09-10,0.077276997,0.078133002,0.072209001,0.073508002,0.073508002,44682000
2018-09-11,0.07418,0.074749999,0.067144997,0.070513003,0.070513003,47614500
2018-09-12,0.070794001,0.070794001,0.061708,0.066744998,0.066744998,91272400
2018-09-13,0.067052998,0.070931002,0.065716997,0.069829002,0.069829002,86011700
2018-09-14,0.070093997,0.070719004,0.066106997,0.068248004,0.068248004,62256800
2018-09-15,0.067928001,0.070364997,0.067798004,0.069321997,0.069321997,34842300
2018-09-16,0.069153003,0.069981001,0.06662,0.069963001,0.069963001,32643600
2018-09-17,0.069853999,0.070270002,0.063414998,0.063899003,0.063899003,48609600
2018-09-18,0.063568003,0.070220001,0.062599003,0.069430001,0.069430001,67159000
2018-09-19,0.069146,0.074414,0.067413002,0.072350003,0.072350003,96071300
2018-09-20,0.072439,0.082661003,0.071514003,0.081492998,0.081492998,103788000
2018-09-21,0.081777997,0.089907996,0.08123,0.087605998,0.087605998,212274000
2018-09-22,0.08766,0.08839,0.080325998,0.083192997,0.083192997,82526800
2018-09-23,0.083488002,0.093225002,0.082893997,0.089754,0.089754,149996000
2018-09-24,0.089706004,0.091353998,0.082314,0.082754001,0.082754001,89522100
2018-09-25,0.082303002,0.082303002,0.075378001,0.081028,0.081028,87535200
2018-09-26,0.080991998,0.082870997,0.077172004,0.079475999,0.079475999,64321400
2018-09-27,0.079466,0.087636001,0.078420997,0.086001001,0.086001001,101911000
2018-09-28,0.086402997,0.088326998,0.082044996,0.084031999,0.084031999,89113600
2018-09-29,0.083711997,0.086370997,0.081707999,0.084605999,0.084605999,55854000
2018-09-30,0.084367998,0.086804003,0.083420999,0.085194997,0.085194997,49853100
2018-10-01,0.085291997,0.085805997,0.082635999,0.084468998,0.084468998,42076400
2018-10-02,0.084604003,0.084680997,0.082387999,0.082525,0.082525,34775200
2018-10-03,0.082032003,0.082405001,0.079175003,0.080789,0.080789,38063700
2018-10-04,0.080817997,0.082788996,0.080534004,0.081303999,0.081303999,31665100
2018-10-05,0.081381001,0.083090998,0.080689996,0.082990997,0.082990997,31160900
2018-10-06,0.083309002,0.083728999,0.080985002,0.081303,0.081303,26277600
2018-10-07,0.081454001,0.085151002,0.080741003,0.084657997,0.084657997,34848400
2018-10-08,0.084531002,0.088169001,0.083198003,0.086607002,0.086607002,62079800
2018-10-09,0.086773001,0.087511003,0.084461004,0.086356997,0.086356997,38710200
2018-10-10,0.086345002,0.086432002,0.083541997,0.084679,0.084679,35888200
2018-10-11,0.084524997,0.084551997,0.070026003,0.070938997,0.070938997,72659700
2018-10-12,0.070339002,0.075879999,0.069839001,0.073214002,0.073214002,40979000
2018-10-13,0.072636999,0.074890003,0.072471,0.073103003,0.073103003,23571900
2018-10-14,0.073063001,0.073775001,0.070715003,0.071292996,0.071292996,26250600
2018-10-15,0.070436001,0.078624003,0.069773003,0.074789003,0.074789003,71953000
2018-10-16,0.074787997,0.076624997,0.074391998,0.075814001,0.075814001,26555800
2018-10-17,0.075860001,0.078271002,0.075102001,0.077408001,0.077408001,36907800
2018-10-18,0.077536002,0.077955,0.074259996,0.075130999,0.075130999,28634400
2018-10-19,0.075021997,0.076462999,0.074427001,0.075836003,0.075836003,18153800
2018-10-20,0.075788997,0.077146001,0.075202003,0.076342002,0.076342002,20363900
2018-10-21,0.076305002,0.077536002,0.075602002,0.075873002,0.075873002,17620200
2018-10-22,0.075754002,0.076509997,0.075144999,0.075776003,0.075776003,16871700
2018-10-23,0.075864002,0.076139003,0.073072001,0.074743003,0.074743003,20710600
2018-10-24,0.074611999,0.075652003,0.074150003,0.074321002,0.074321002,14151400
2018-10-25,0.074289002,0.074345,0.073163003,0.073858999,0.073858999,12567300
2018-10-26,0.073748,0.073959999,0.072678998,0.073712997,0.073712997,13464800
2018-10-27,0.073687002,0.073792003,0.072867997,0.072885998,0.072885998,10316000
2018-10-28,0.073030002,0.073296003,0.072361,0.073165998,0.073165998,11226100
2018-10-29,0.073041998,0.073215,0.068898998,0.069627002,0.069627002,21315700
2018-10-30,0.069632001,0.070023999,0.069225997,0.069646999,0.069646999,11418800
2018-10-31,0.069723003,0.069829002,0.067883,0.069705002,0.069705002,16366000
2018-11-01,0.069697998,0.071464002,0.069118999,0.070867002,0.070867002,11256600
2018-11-02,0.070813999,0.073040001,0.070788004,0.072584003,0.072584003,18823400
2018-11-03,0.072561003,0.072621003,0.070822001,0.071479,0.071479,14948900
2018-11-04,0.071492001,0.077307001,0.071291,0.076228999,0.076228999,52924200
2018-11-05,0.075961001,0.078879997,0.074744999,0.076148003,0.076148003,34358100
2018-11-06,0.076337002,0.080952004,0.076337002,0.080952004,0.080952004,49473200
2018-11-07,0.081019998,0.081309997,0.078016996,0.078543998,0.078543998,36852900
2018-11-08,0.078391001,0.079424001,0.076263003,0.076493002,0.076493002,32149600
2018-11-09,0.076324001,0.077428997,0.073912002,0.074225999,0.074225999,23756800
2018-11-10,0.074166998,0.075992003,0.074056,0.075221002,0.075221002,15012100
2018-11-11,0.075165004,0.077372998,0.074437998,0.076481,0.076481,23663500
2018-11-12,0.076817997,0.077215999,0.074948996,0.076001003,0.076001003,20975100
2018-11-13,0.075883001,0.075965002,0.073252,0.073602997,0.073602997,20329300
2018-11-14,0.073439002,0.073440999,0.061799999,0.064824,0.064824,54964400
2018-11-15,0.064847,0.065245003,0.058249999,0.063542999,0.063542999,60267800
2018-11-16,0.063242003,0.064052999,0.060242001,0.061151002,0.061151002,27544700
2018-11-17,0.061062001,0.061062001,0.059553999,0.060674999,0.060674999,17926300
2018-11-18,0.060803,0.062932998,0.060803,0.061916001,0.061916001,16669400
2018-11-19,0.061903,0.061903,0.051989,0.052581999,0.052581999,53737000
2018-11-20,0.052657999,0.052731998,0.042868,0.044776998,0.044776998,65556800
2018-11-21,0.045148998,0.04823,0.043026999,0.04778,0.04778,33938000
2018-11-22,0.047885001,0.048532002,0.044255,0.044255,0.044255,18689900
2018-11-23,0.044062,0.044661999,0.041671,0.043412,0.043412,24258500
2018-11-24,0.043419998,0.044300999,0.036933001,0.038458001,0.038458001,25740400
2018-11-25,0.038628001,0.038835999,0.032798,0.037725002,0.037725002,40704000
2018-11-26,0.037760999,0.039377999,0.034116998,0.035806,0.035806,31641100
2018-11-27,0.035682,0.036982,0.034029,0.036460999,0.036460999,17966300
2018-11-28,0.036509998,0.044108,0.036509998,0.042020999,0.042020999,47624500
2018-11-29,0.042268999,0.044518001,0.039716002,0.041866001,0.041866001,39544072
2018-11-30,0.041983999,0.042309001,0.037721001,0.038915999,0.038915999,28861639
2018-12-01,0.038991001,0.042521,0.038157001,0.041467998,0.041467998,19314340
2018-12-02,0.04135,0.043285999,0.040690001,0.041671999,0.041671999,23206023
2018-12-03,0.041873999,0.041884001,0.038027,0.038671002,0.038671002,21282053
2018-12-04,0.038557,0.039841998,0.037386999,0.037698999,0.037698999,23563420
2018-12-05,0.037659001,0.037714001,0.034251001,0.034251001,0.034251001,26250706
2018-12-06,0.034318,0.035501,0.030797999,0.030797999,0.030797999,27195357
2018-12-07,0.030796999,0.030796999,0.027393,0.029864,0.029864,31750703
2018-12-08,0.029812001,0.031807002,0.028867001,0.030678,0.030678,19987029
2018-12-09,0.030642999,0.032515001,0.030227,0.031693,0.031693,16588924
2018-12-10,0.031652998,0.032067999,0.029805999,0.030203,0.030203,12553718
2018-12-11,0.030117,0.030433999,0.028914999,0.029550999,0.029550999,10444631
2018-12-12,0.029439,0.031114999,0.029305,0.030609,0.030609,11071814
2018-12-13,0.030634999,0.030722,0.029029001,0.02919,0.02919,11234575
2018-12-14,0.029235,0.029557001,0.027912,0.028357999,0.028357999,9205271
2018-12-15,0.028395001,0.028568,0.027791001,0.028274,0.028274,8387951
2018-12-16,0.028202999,0.029696999,0.028188,0.029103,0.029103,10366601
2018-12-17,0.029175,0.033849999,0.029099001,0.032823998,0.032823998,37555983
2018-12-18,0.032820001,0.034912001,0.032166999,0.034735002,0.034735002,78783798
2018-12-19,0.034862999,0.038265001,0.034490999,0.034545001,0.034545001,43168563
2018-12-20,0.034212001,0.039886001,0.034026001,0.039400999,0.039400999,43040801
2018-12-21,0.039078999,0.045510001,0.038632002,0.040796001,0.040796001,93581789
2018-12-22,0.040658001,0.042156,0.038612999,0.042009,0.042009,31227246
2018-12-23,0.042203002,0.044854999,0.041818999,0.044229999,0.044229999,40656190
2018-12-24,0.044286001,0.049281999,0.044286001,0.045715999,0.045715999,57936798
2018-12-25,0.045674998,0.045674998,0.039243001,0.041510999,0.041510999,38493644
2018-12-26,0.041602999,0.043035001,0.039076,0.041198,0.041198,27218409
2018-12-27,0.041225001,0.041689999,0.036548,0.036943998,0.036943998,22969395
2018-12-28,0.037016999,0.042633999,0.036501002,0.041862,0.041862,26948333
2018-12-29,0.041873001,0.04394,0.041209999,0.041508,0.041508,30992034
2018-12-30,0.041597001,0.043664999,0.040842,0.043280002,0.043280002,27767174
2018-12-31,0.043232001,0.043364,0.040493,0.041063,0.041063,19280457
2019-01-01,0.040984001,0.042546999,0.040307999,0.042546999,0.042546999,14962902
2019-01-02,0.042567998,0.045563001,0.041981999,0.045258,0.045258,24151526
2019-01-03,0.045106001,0.045258999,0.042535,0.042682,0.042682,21126963
2019-01-04,0.042629,0.044092,0.042477001,0.043811999,0.043811999,16024029
2019-01-05,0.043659002,0.045570001,0.04335,0.044700999,0.044700999,25100965
2019-01-06,0.044709001,0.049637001,0.044709001,0.049261,0.049261,51366407
2019-01-07,0.049265999,0.050744001,0.047579002,0.047995999,0.047995999,45688431
2019-01-08,0.048140001,0.050021,0.046749,0.048525002,0.048525002,34626383
2019-01-09,0.048567001,0.05274,0.048533,0.052168999,0.052168999,55364234
2019-01-10,0.052049,0.054636002,0.042755999,0.044528998,0.044528998,91162431
2019-01-11,0.044321999,0.045157,0.042748999,0.044147,0.044147,35963011
2019-01-12,0.044154,0.044629999,0.043099001,0.043703999,0.043703999,18224445
2019-01-13,0.043811999,0.043811999,0.039806999,0.040240999,0.040240999,21758341
2019-01-14,0.040249001,0.044484001,0.040204,0.044059001,0.044059001,30269131
2019-01-15,0.044156998,0.044385001,0.042045001,0.04281,0.04281,24504027
2019-01-16,0.042768002,0.045247,0.042514,0.044776998,0.044776998,35481507
2019-01-17,0.044868,0.046222001,0.044024002,0.045318,0.045318,38222964
2019-01-18,0.045308001,0.045308001,0.043956999,0.044316001,0.044316001,18937100
2019-01-19,0.044275001,0.046441,0.043984,0.04575,0.04575,23657402
2019-01-20,0.045674,0.045981001,0.042552002,0.043476999,0.043476999,26755022
2019-01-21,0.043540999,0.043671001,0.042534001,0.042936999,0.042936999,16583935
2019-01-22,0.042888999,0.04408,0.041875999,0.043577999,0.043577999,22963399
2019-01-23,0.043547999,0.044112001,0.042695001,0.0429,0.0429,15241102
2019-01-24,0.042936999,0.043487001,0.042537,0.043026999,0.043026999,12440167
2019-01-25,0.043097001,0.043248001,0.042454001,0.042691,0.042691,12663796
2019-01-26,0.042686999,0.043538999,0.042532999,0.042649001,0.042649001,13550564
2019-01-27,0.042665999,0.042679999,0.040897001,0.041168001,0.041168001,20835107
2019-01-28,0.041136999,0.041317999,0.037283,0.038772002,0.038772002,30041137
2019-01-29,0.038713001,0.039420001,0.037044,0.038251001,0.038251001,19526240
2019-01-30,0.038176998,0.040075,0.037797999,0.039655998,0.039655998,26151501
2019-01-31,0.039698999,0.040286999,0.037953001,0.038373999,0.038373999,22222102
2019-02-01,0.038440999,0.039136,0.037117001,0.038678002,0.038678002,18778624
2019-02-02,0.038598001,0.039317001,0.038222,0.039317001,0.039317001,12312317
2019-02-03,0.039259002,0.039411001,0.037811998,0.038029,0.038029,12940762
2019-02-04,0.03813,0.038594998,0.037795998,0.037857,0.037857,12233074
2019-02-05,0.037824001,0.038346998,0.037443999,0.037896,0.037896,13348305
2019-02-06,0.037992999,0.037992999,0.036060002,0.036663,0.036663,17351384
2019-02-07,0.036651,0.037182,0.036332,0.036396001,0.036396001,12424740
2019-02-08,0.036398999,0.041207001,0.036228001,0.040750999,0.040750999,32705206
2019-02-09,0.040775001,0.041990001,0.040456001,0.041058,0.041058,18529365
2019-02-10,0.041049998,0.042994,0.040006999,0.042830002,0.042830002,22634047
2019-02-11,0.042771999,0.042771999,0.041485,0.041733,0.041733,17847243
2019-02-12,0.041680001,0.041990999,0.040635001,0.041751001,0.041751001,14893311
2019-02-13,0.041754998,0.042309999,0.041048001,0.041118,0.041118,12736280
2019-02-14,0.041136,0.041354999,0.040222,0.040539999,0.040539999,11428290
2019-02-15,0.040536001,0.041366,0.040252998,0.040600002,0.040600002,13336096
2019-02-16,0.040619001,0.041253999,0.040569,0.041026,0.041026,11097836
2019-02-17,0.041026998,0.041843999,0.040612001,0.041452002,0.041452002,15275650
2019-02-18,0.041467998,0.046689998,0.041379999,0.045605,0.045605,36845046
2019-02-19,0.045682002,0.048025999,0.045655999,0.046158001,0.046158001,42563543
2019-02-20,0.046177,0.047665,0.045290999,0.047550999,0.047550999,25594089
2019-02-21,0.047584001,0.047779001,0.044739999,0.044969,0.044969,25111686
2019-02-22,0.045040999,0.046163,0.044838,0.046163,0.046163,17691042
2019-02-23,0.045981999,0.048884999,0.045719001,0.048593,0.048593,27665133
2019-02-24,0.048726998,0.05046,0.042064,0.042456001,0.042456001,51650807
2019-02-25,0.042167999,0.044567998,0.042167999,0.044043001,0.044043001,24692110
2019-02-26,0.043965001,0.044018999,0.042798001,0.043304,0.043304,16641229
2019-02-27,0.043329,0.043822002,0.042096999,0.043269999,0.043269999,18346578
2019-02-28,0.043244999,0.043724999,0.042948,0.043122999,0.043122999,14678619
2019-03-01,0.043111999,0.044112999,0.043078002,0.043279,0.043279,12997144
2019-03-02,0.043217,0.043531999,0.042479999,0.042838,0.042838,11304263
2019-03-03,0.042853002,0.042996,0.042158,0.042312,0.042312,11011517
2019-03-04,0.042303,0.042477001,0.039829999,0.040601999,0.040601999,18487838
2019-03-05,0.040599,0.043352999,0.040298998,0.043212,0.043212,20952204
2019-03-06,0.043184999,0.043469999,0.042353999,0.042842999,0.042842999,15221353
2019-03-07,0.042849999,0.043581001,0.042513002,0.042943999,0.042943999,17201356
2019-03-08,0.042952001,0.043793999,0.042461,0.042663999,0.042663999,20315017
2019-03-09,0.042686,0.046951,0.042656001,0.046728,0.046728,52185658
2019-03-10,0.046753999,0.046753999,0.044463001,0.045697998,0.045697998,27465022
2019-03-11,0.045697,0.048525002,0.044978999,0.047633,0.047633,54732770
2019-03-12,0.047665,0.048216,0.045892999,0.047396999,0.047396999,35348849
2019-03-13,0.047366001,0.048583999,0.046211001,0.04659,0.04659,29855262
2019-03-14,0.046574999,0.048252001,0.046348002,0.048055001,0.048055001,26216581
2019-03-15,0.047986001,0.050829001,0.047956001,0.050076999,0.050076999,42730118
2019-03-16,0.050112002,0.051876001,0.049740002,0.051621001,0.051621001,44616837
2019-03-17,0.051600002,0.051762,0.050014999,0.050207,0.050207,28870445
2019-03-18,0.050310999,0.051134001,0.049667999,0.050452001,0.050452001,37198857
2019-03-19,0.050457001,0.053691,0.049756002,0.052593999,0.052593999,46089908
2019-03-20,0.052719001,0.053923,0.051366001,0.053890999,0.053890999,47370106
2019-03-21,0.053957,0.054958001,0.050767001,0.052900001,0.052900001,66543590
2019-03-22,0.052905999,0.059172001,0.052668002,0.058061998,0.058061998,119817467
2019-03-23,0.057992999,0.064727001,0.057046998,0.063781001,0.063781001,137854804
2019-03-24,0.063722998,0.064346999,0.059714999,0.061703999,0.061703999,102441666
2019-03-25,0.06185,0.06185,0.057534002,0.059025001,0.059025001,74748665
2019-03-26,0.059206001,0.062369999,0.059131,0.062369999,0.062369999,79200006
2019-03-27,0.062231999,0.068331003,0.061273001,0.067594998,0.067594998,113386031
2019-03-28,0.067593001,0.067593001,0.065003,0.065828003,0.065828003,78259560
2019-03-29,0.065762997,0.072777003,0.065762997,0.071289003,0.071289003,125904170
2019-03-30,0.071257003,0.073711999,0.068405002,0.071739003,0.071739003,94907668
2019-03-31,0.071739003,0.072125003,0.069393001,0.069746003,0.069746003,67772020
2019-04-01,0.069651,0.072756,0.069018997,0.072329998,0.072329998,81836247
2019-04-02,0.072310001,0.085467003,0.070908003,0.085467003,0.085467003,201276068
2019-04-03,0.085437,0.099958003,0.08484,0.090723,0.090723,300935985
2019-04-04,0.090517998,0.094088003,0.083283,0.087370001,0.087370001,182769802
2019-04-05,0.087355003,0.092228003,0.087342001,0.091225997,0.091225997,122685904
2019-04-06,0.091214001,0.093681,0.087901004,0.090288997,0.090288997,114652738
2019-04-07,0.090161003,0.091286004,0.088536002,0.090484001,0.090484001,100804121
2019-04-08,0.090466,0.091622002,0.083341002,0.087008998,0.087008998,134978650
2019-04-09,0.086989,0.087017998,0.081707001,0.083749004,0.083749004,122878696
2019-04-10,0.083779,0.092478998,0.083535001,0.089964002,0.089964002,131422302
2019-04-11,0.089929,0.090715997,0.077629,0.083384998,0.083384998,163656338
2019-04-12,0.083584003,0.085376002,0.080397002,0.083462998,0.083462998,110371615
2019-04-13,0.083485,0.085506998,0.082906999,0.083731003,0.083731003,71755836
2019-04-14,0.083731003,0.085478999,0.081372,0.084642999,0.084642999,82514758
2019-04-15,0.084642999,0.085634001,0.081359997,0.082307003,0.082307003,73555913
2019-04-16,0.082264997,0.083860002,0.080450997,0.083783001,0.083783001,65962870
2019-04-17,0.083784997,0.084559999,0.082078002,0.083074003,0.083074003,66210753
2019-04-18,0.083066002,0.083883002,0.081377,0.081775002,0.081775002,70016366
2019-04-19,0.081739001,0.081781998,0.078210004,0.079499997,0.079499997,82646736
2019-04-20,0.079515003,0.079515003,0.075401001,0.076505996,0.076505996,77410325
2019-04-21,0.076555997,0.077978,0.071989,0.074106,0.074106,89301952
2019-04-22,0.074101001,0.079375997,0.072221003,0.078039996,0.078039996,90476347
2019-04-23,0.078066997,0.080333002,0.074321002,0.074524,0.074524,100698845
2019-04-24,0.074524,0.075839996,0.068737,0.072645001,0.072645001,90318024
2019-04-25,0.072642997,0.076030001,0.068668,0.069243997,0.069243997,96537994
2019-04-26,0.069347002,0.070827998,0.066881001,0.069219001,0.069219001,83227768
2019-04-27,0.069210999,0.071602002,0.068273999,0.070196003,0.070196003,50161507
2019-04-28,0.070188999,0.070646003,0.068020001,0.068590999,0.068590999,42979831
2019-04-29,0.068619996,0.068970002,0.064204,0.064631,0.064631,69287156
2019-04-30,0.064661004,0.070345998,0.064661004,0.070345998,0.070345998,62990602
2019-05-01,0.070338003,0.070770003,0.067533001,0.069013998,0.069013998,58865338
2019-05-02,0.069020003,0.069710001,0.068278,0.068579003,0.068579003,55122571
2019-05-03,0.068575002,0.071937002,0.067652002,0.069858,0.069858,77726744
2019-05-04,0.069858,0.071953997,0.065831997,0.066880003,0.066880003,75467767
2019-05-05,0.066907004,0.067965999,0.065709002,0.066146001,0.066146001,49098473
2019-05-06,0.066164002,0.068471,0.063681997,0.066780001,0.066780001,60289464
2019-05-07,0.066758998,0.068643004,0.064035997,0.064035997,0.064035997,53650714
2019-05-08,0.064016998,0.064989999,0.062167998,0.064606003,0.064606003,40605280
2019-05-09,0.064606003,0.065068997,0.060437001,0.061691001,0.061691001,60306853
2019-05-10,0.061694998,0.064837001,0.059106,0.063428,0.063428,87926146
2019-05-11,0.063354999,0.078432001,0.06301,0.075171001,0.075171001,187252193
2019-05-12,0.075144999,0.076753996,0.068443999,0.070086002,0.070086002,141023789
2019-05-13,0.070086002,0.076612003,0.069530003,0.073072001,0.073072001,124764723
2019-05-14,0.073016003,0.084570996,0.072869003,0.084504999,0.084504999,192076841
2019-05-15,0.084562004,0.094902001,0.083558001,0.093951002,0.093951002,207490352
2019-05-16,0.093996003,0.100402,0.084325999,0.088160999,0.088160999,270983572
2019-05-17,0.088206999,0.090824999,0.076632999,0.08326,0.08326,208531470
2019-05-18,0.08326,0.084879003,0.078878999,0.079103999,0.079103999,116482955
2019-05-19,0.079062998,0.088229001,0.078625999,0.086995997,0.086995997,145752504
2019-05-20,0.086962,0.086993001,0.080144003,0.084848002,0.084848002,133738559
2019-05-21,0.084844001,0.086443,0.082452998,0.084616996,0.084616996,97465477
2019-05-22,0.084602997,0.08546,0.077679999,0.077955,0.077955,130856368
2019-05-23,0.077914,0.080695003,0.074189,0.080689996,0.080689996,101768393
2019-05-24,0.080724999,0.083374999,0.078446999,0.080868997,0.080868997,106320608
2019-05-25,0.080868997,0.082558997,0.079759002,0.080502003,0.080502003,62522128
2019-05-26,0.080502003,0.086935997,0.078697003,0.086014003,0.086014003,111190329
2019-05-27,0.086038001,0.093475997,0.085363001,0.091695003,0.091695003,171736300
2019-05-28,0.091549002,0.093248002,0.087621003,0.092814997,0.092814997,180587855
2019-05-29,0.092873998,0.093768999,0.086167999,0.090866998,0.090866998,154832177
2019-05-30,0.090832002,0.096767999,0.081744,0.084509999,0.084509999,232348615
2019-05-31,0.084509999,0.089937001,0.081873,0.089441001,0.089441001,136542079
2019-06-01,0.089461997,0.092814997,0.086397998,0.090533003,0.090533003,151835928
2019-06-02,0.090695001,0.097519003,0.090613998,0.096578002,0.096578002,187162218
2019-06-03,0.096585996,0.098342001,0.088472001,0.088707998,0.088707998,227861801
2019-06-04,0.088446997,0.088446997,0.079820998,0.082486004,0.082486004,184181602
2019-06-05,0.082718998,0.085116997,0.080472998,0.083438002,0.083438002,118371207
2019-06-06,0.083391003,0.083979003,0.078933999,0.083471999,0.083471999,154264121
2019-06-07,0.083406001,0.087672003,0.082764,0.085807003,0.085807003,139056743
2019-06-08,0.085855998,0.086594,0.082322001,0.084213004,0.084213004,126559142
2019-06-09,0.084205002,0.084278002,0.077630997,0.079470001,0.079470001,122067718
2019-06-10,0.079429999,0.085685,0.07835,0.085537001,0.085537001,139307413
2019-06-11,0.085594997,0.089169003,0.082589,0.087964997,0.087964997,152723260
2019-06-12,0.087998003,0.096554004,0.086493,0.096524999,0.096524999,247353618
2019-06-13,0.096331,0.096988,0.088703997,0.089739002,0.089739002,228176588
2019-06-14,0.089776002,0.091248997,0.085711002,0.090618998,0.090618998,205015950
2019-06-15,0.090657003,0.092738003,0.090484999,0.091683,0.091683,159441139
2019-06-16,0.091695003,0.094278999,0.090632997,0.092321001,0.092321001,197578317
2019-06-17,0.092290998,0.093907997,0.091551997,0.093557,0.093557,158000947
2019-06-18,0.093595996,0.093698002,0.088721,0.089148,0.089148,146225453
2019-06-19,0.089155003,0.091582,0.088950999,0.089979,0.089979,114753637
2019-06-20,0.089979,0.090263002,0.085559003,0.087384999,0.087384999,159470237
2019-06-21,0.087402999,0.091293998,0.087402999,0.089561999,0.089561999,124230175
2019-06-22,0.089629002,0.097833999,0.089253001,0.094366997,0.094366997,243264335
2019-06-23,0.094402999,0.102144,0.094122998,0.096643999,0.096643999,245604694
2019-06-24,0.096643999,0.099069998,0.094098002,0.097718999,0.097718999,135761451
2019-06-25,0.097813003,0.098242,0.093671001,0.096357003,0.096357003,193143080
2019-06-26,0.096357003,0.10691,0.096212,0.096819997,0.096819997,340512939
2019-06-27,0.097756997,0.099549003,0.082644001,0.086448997,0.086448997,253512191
2019-06-28,0.086482003,0.089690998,0.084859997,0.089295,0.089295,195954056
2019-06-29,0.089296997,0.091089003,0.084734,0.090421997,0.090421997,169271858
2019-06-30,0.090485997,0.091168001,0.082098,0.082098,0.082098,161855807
2019-07-01,0.082098,0.085895002,0.080504,0.083821997,0.083821997,168654991
2019-07-02,0.083800003,0.084597997,0.076777004,0.081077002,0.081077002,180980795
2019-07-03,0.081032999,0.083792001,0.080196999,0.082998,0.082998,154492407
2019-07-04,0.083007,0.083007,0.077587999,0.077774003,0.077774003,142713205
2019-07-05,0.077804998,0.078091003,0.076026998,0.076531999,0.076531999,116391599
2019-07-06,0.076517999,0.080289997,0.076288998,0.077335,0.077335,128961683
2019-07-07,0.077345997,0.080261,0.076981999,0.079963997,0.079963997,104984613
2019-07-08,0.079931997,0.082258999,0.079003997,0.080476001,0.080476001,114339528
2019-07-09,0.080452003,0.080821,0.077353999,0.077992998,0.077992998,122935384
2019-07-10,0.078011997,0.078322001,0.069825001,0.071939997,0.071939997,119999743
2019-07-11,0.071934,0.072011001,0.063014999,0.065199003,0.065199003,118873479
2019-07-12,0.065181002,0.070840999,0.063616998,0.069753997,0.069753997,118155306
2019-07-13,0.069805004,0.070919,0.064567,0.066770002,0.066770002,101320397
2019-07-14,0.066794999,0.067184001,0.059370998,0.059429001,0.059429001,101190602
2019-07-15,0.059413001,0.0603,0.055500999,0.059537001,0.059537001,123473435
2019-07-16,0.059516001,0.060982998,0.050817002,0.052051999,0.052051999,103254765
2019-07-17,0.051952999,0.057911001,0.050071001,0.055238999,0.055238999,97931570
2019-07-18,0.055234998,0.059512001,0.053555999,0.058772001,0.058772001,88644360
2019-07-19,0.058772001,0.060805999,0.056659002,0.059787001,0.059787001,63433081
2019-07-20,0.059808001,0.065132,0.059633002,0.062958002,0.062958002,71844245
2019-07-21,0.062944002,0.064213999,0.059641998,0.061202999,0.061202999,53461726
2019-07-22,0.061207999,0.062066998,0.058258999,0.059466001,0.059466001,53620677
2019-07-23,0.059463002,0.059556,0.055402,0.055812001,0.055812001,59728001
2019-07-24,0.055812001,0.059115998,0.054026999,0.059046,0.059046,60954092
2019-07-25,0.059073001,0.060573,0.058391999,0.058664002,0.058664002,46420719
2019-07-26,0.058678001,0.062913001,0.057062,0.062884003,0.062884003,57109968
2019-07-27,0.062884003,0.063676998,0.057496998,0.059870999,0.059870999,55521874
2019-07-28,0.059875,0.059999999,0.057163,0.059473999,0.059473999,30475480
2019-07-29,0.059379,0.061974999,0.05841,0.060392998,0.060392998,42220707
2019-07-30,0.060414001,0.061179999,0.058825999,0.059944,0.059944,32759717
2019-07-31,0.059942,0.060913999,0.059404999,0.060152002,0.060152002,47344104
2019-08-01,0.06016,0.060288001,0.057983998,0.058871999,0.058871999,44730277
2019-08-02,0.058864001,0.058936,0.056646999,0.057411999,0.057411999,50056239
2019-08-03,0.057417002,0.058364999,0.056921002,0.057762999,0.057762999,37149597
2019-08-04,0.057769999,0.058185,0.056193002,0.056271002,0.056271002,45039557
2019-08-05,0.05627,0.058363002,0.056127999,0.056680001,0.056680001,54461469
2019-08-06,0.056651998,0.056678001,0.053004999,0.053369001,0.053369001,48272769
2019-08-07,0.053374,0.054074999,0.051444001,0.051906001,0.051906001,46290311
2019-08-08,0.051906001,0.052933,0.050434001,0.051970001,0.051970001,47971636
2019-08-09,0.051910002,0.052058,0.047472998,0.047641002,0.047641002,43195565
2019-08-10,0.047641002,0.053137001,0.047607999,0.051980998,0.051980998,64446722
2019-08-11,0.051991999,0.055927999,0.051947001,0.054981001,0.054981001,58526308
2019-08-12,0.054795999,0.054795999,0.052648999,0.052937999,0.052937999,35518598
2019-08-13,0.052932002,0.053011999,0.050009001,0.052561,0.052561,48509717
2019-08-14,0.052554,0.053495999,0.046967998,0.046999998,0.046999998,65540880
2019-08-15,0.047090001,0.048016999,0.045497,0.047518998,0.047518998,43373583
2019-08-16,0.047536001,0.047536001,0.044860002,0.046840999,0.046840999,44228391
2019-08-17,0.046868999,0.048044998,0.046337999,0.047393002,0.047393002,34826995
2019-08-18,0.047424,0.051208999,0.047047,0.050731,0.050731,38253395
2019-08-19,0.050725002,0.050813001,0.049686,0.050298002,0.050298002,32307052
2019-08-20,0.050251,0.050331,0.048842002,0.049194999,0.049194999,32132615
2019-08-21,0.049226001,0.049226001,0.046046,0.047113001,0.047113001,43633315
2019-08-22,0.047153,0.051160999,0.046739001,0.04941,0.04941,60163313
2019-08-23,0.04941,0.050267,0.048903,0.049789999,0.049789999,54095276
2019-08-24,0.049802002,0.051190998,0.048315,0.050177,0.050177,87164791
2019-08-25,0.050170001,0.052604999,0.048712,0.049439002,0.049439002,104616408
2019-08-26,0.049454,0.050944,0.048893001,0.049697001,0.049697001,86216612
2019-08-27,0.049706001,0.04995,0.048179999,0.049839001,0.049839001,38041608
2019-08-28,0.049862999,0.050333001,0.045701999,0.045825001,0.045825001,65386760
2019-08-29,0.045835,0.045835,0.043396,0.044697002,0.044697002,53919498
2019-08-30,0.044716001,0.045855999,0.044254001,0.044824999,0.044824999,51959378
2019-08-31,0.044824,0.045584999,0.044082001,0.044989999,0.044989999,44165774
2019-09-01,0.044952001,0.045357,0.043729,0.044543002,0.044543002,31928555
2019-09-02,0.044555001,0.046112999,0.043421999,0.045361999,0.045361999,42959888
2019-09-03,0.045375999,0.047398999,0.044785999,0.046771001,0.046771001,63769390
2019-09-04,0.046783999,0.046789002,0.045217,0.045517001,0.045517001,40737362
2019-09-05,0.045504,0.045543,0.043958999,0.044436999,0.044436999,47778879
2019-09-06,0.044436999,0.044762999,0.043793,0.044415001,0.044415001,44478145
2019-09-07,0.044426002,0.046585001,0.043848999,0.046197999,0.046197999,40837132
2019-09-08,0.046211001,0.047653001,0.046211001,0.046719,0.046719,46948887
2019-09-09,0.046705998,0.047210999,0.045501001,0.046930999,0.046930999,64445050
2019-09-10,0.046902999,0.048140001,0.045915,0.04651,0.04651,48839824
2019-09-11,0.046496,0.046638999,0.044585999,0.044989999,0.044989999,51727434
2019-09-12,0.044992998,0.046413999,0.044422999,0.045451999,0.045451999,43222873
2019-09-13,0.045462001,0.045795001,0.044962998,0.045752998,0.045752998,38257028
2019-09-14,0.045758002,0.047088001,0.044961002,0.046523999,0.046523999,51690256
2019-09-15,0.046507001,0.047114,0.046231002,0.046799,0.046799,41237029
2019-09-16,0.046815,0.047662001,0.046099,0.047070999,0.047070999,45484816
2019-09-17,0.047109999,0.050429001,0.047106002,0.049008001,0.049008001,85720810
2019-09-18,0.048948999,0.054921001,0.048866,0.053291999,0.053291999,138254972
2019-09-19,0.053296,0.054614,0.049906999,0.052503999,0.052503999,129365460
2019-09-20,0.052491002,0.052556999,0.050519999,0.052340001,0.052340001,96532515
2019-09-21,0.052335002,0.053348001,0.051348001,0.051922001,0.051922001,81964426
2019-09-22,0.051894002,0.051954001,0.047857001,0.049111001,0.049111001,86152016
2019-09-23,0.049045,0.049555,0.046264,0.046264,0.046264,70372238
2019-09-24,0.046259001,0.046666,0.036022998,0.037572999,0.037572999,118474846
2019-09-25,0.037610002,0.040334001,0.036352001,0.039395999,0.039395999,126192409
2019-09-26,0.039411999,0.040286999,0.035643,0.038229,0.038229,98838747
2019-09-27,0.038229998,0.039923999,0.037209,0.039531998,0.039531998,80670015
2019-09-28,0.03951,0.039765999,0.038445,0.038826998,0.038826998,39805246
2019-09-29,0.038828,0.038917001,0.036642,0.037486002,0.037486002,43311030
2019-09-30,0.037473999,0.039287001,0.036421999,0.038885001,0.038885001,57274489
2019-10-01,0.038885999,0.039958,0.038396001,0.038507,0.038507,38320346
2019-10-02,0.038507,0.039515998,0.037868001,0.039445002,0.039445002,36838966
2019-10-03,0.0394,0.039728001,0.037875999,0.038361002,0.038361002,37098921
2019-10-04,0.038362,0.040385,0.037912,0.039666999,0.039666999,48050293
2019-10-05,0.039655,0.039992999,0.038844001,0.039730001,0.039730001,37111643
2019-10-06,0.039712999,0.040323,0.038851,0.039324,0.039324,38119872
2019-10-07,0.039305001,0.041898001,0.038630001,0.041671999,0.041671999,69132008
2019-10-08,0.041676,0.042180002,0.040504999,0.041441001,0.041441001,56654020
2019-10-09,0.041441999,0.043313,0.040972002,0.042629,0.042629,61997644
2019-10-10,0.042629,0.042640999,0.040856,0.041661002,0.041661002,51703356
2019-10-11,0.041701,0.042165,0.040562,0.040623002,0.040623002,46907955
2019-10-12,0.040539999,0.041235998,0.040482,0.040541999,0.040541999,34809571
2019-10-13,0.040539999,0.041800998,0.040511999,0.041324999,0.041324999,34184265
2019-10-14,0.041324999,0.042162001,0.041110002,0.041788999,0.041788999,41060021
2019-10-15,0.041795999,0.041948002,0.039367002,0.039765999,0.039765999,47200974
2019-10-16,0.039760001,0.039951999,0.037804,0.038741,0.038741,44617564
2019-10-17,0.038725998,0.039533,0.038169,0.039524,0.039524,36229682
2019-10-18,0.039526999,0.039593998,0.037590999,0.038073,0.038073,39606481
2019-10-19,0.038079001,0.039671998,0.037831999,0.039225001,0.039225001,40431591
2019-10-20,0.039216999,0.039618999,0.038442999,0.039528999,0.039528999,33137956
2019-10-21,0.039542999,0.039558999,0.038694002,0.039280001,0.039280001,36963296
2019-10-22,0.039271001,0.040109001,0.03881,0.038816001,0.038816001,39376929
2019-10-23,0.038819999,0.038979001,0.035785999,0.036409002,0.036409002,48257598
2019-10-24,0.036409002,0.038109001,0.036203001,0.037684999,0.037684999,49800738
2019-10-25,0.037678,0.041799001,0.037581,0.041246001,0.041246001,80455621
2019-10-26,0.041219998,0.043177001,0.039668001,0.040546998,0.040546998,122861125
2019-10-27,0.040537,0.042985,0.039636999,0.042335,0.042335,122643093
2019-10-28,0.042314999,0.044553,0.042050999,0.042362999,0.042362999,101906301
2019-10-29,0.042328,0.043818999,0.042259,0.043444,0.043444,83357024
2019-10-30,0.043428,0.044337001,0.041333999,0.041967001,0.041967001,87541890
2019-10-31,0.041963,0.042792,0.040456001,0.041636001,0.041636001,65333067
2019-11-01,0.041645002,0.042858001,0.041239999,0.042344999,0.042344999,60880837
2019-11-02,0.042335998,0.042745002,0.042068999,0.042599,0.042599,47127524
2019-11-03,0.042580999,0.042684,0.041358002,0.041930001,0.041930001,38559537
2019-11-04,0.041889001,0.043257002,0.041607,0.043235999,0.043235999,62120503
2019-11-05,0.043260999,0.044927999,0.043232001,0.044328,0.044328,82868890
2019-11-06,0.044300999,0.046105001,0.043825999,0.044955999,0.044955999,71743244
2019-11-07,0.044927999,0.045017999,0.042723998,0.043637,0.043637,63525683
2019-11-08,0.043644,0.043837,0.041379999,0.042296998,0.042296998,70275428
2019-11-09,0.042298,0.042755,0.042139001,0.042445,0.042445,41365742
2019-11-10,0.042438,0.044227,0.042388,0.043958001,0.043958001,71691725
2019-11-11,0.043970998,0.044121999,0.042498998,0.043194,0.043194,57846910
2019-11-12,0.043257002,0.044631001,0.043226998,0.043767001,0.043767001,79520150
2019-11-13,0.043722,0.044043999,0.04332,0.043492001,0.043492001,42332678
2019-11-14,0.043489002,0.04355,0.042399,0.043118998,0.043118998,53295194
2019-11-15,0.043129999,0.044431999,0.042328998,0.043974001,0.043974001,81592975
2019-11-16,0.043977998,0.044654999,0.043511,0.044172,0.044172,61781146
2019-11-17,0.044153001,0.046422999,0.043669999,0.045421001,0.045421001,74834540
2019-11-18,0.045403,0.046652,0.043543,0.043802001,0.043802001,106595679
2019-11-19,0.043697,0.044450998,0.041382998,0.042541999,0.042541999,91311583
2019-11-20,0.042587999,0.042794,0.040809002,0.041177999,0.041177999,69854304
2019-11-21,0.041168999,0.041249,0.037726998,0.038406,0.038406,67101708
2019-11-22,0.038447,0.038685001,0.034611002,0.037147999,0.037147999,93310136
2019-11-23,0.037159,0.038423002,0.036701001,0.038343001,0.038343001,58979321
2019-11-24,0.038371,0.038915999,0.035556,0.035588,0.035588,62998664
2019-11-25,0.035542998,0.037184,0.033335999,0.036047999,0.036047999,96694224
2019-11-26,0.036045998,0.037074,0.035705,0.036993001,0.036993001,57431470
2019-11-27,0.036954999,0.039799999,0.035783,0.039049,0.039049,76841561
2019-11-28,0.039129,0.03999,0.038640998,0.039190002,0.039190002,60743403
2019-11-29,0.039227001,0.042040002,0.039193999,0.041423,0.041423,99506198
2019-11-30,0.041416001,0.042268001,0.040068001,0.040424999,0.040424999,64184926
2019-12-01,0.040426001,0.040426001,0.038467001,0.039586999,0.039586999,59641355
2019-12-02,0.039611999,0.039769001,0.037579998,0.038056001,0.038056001,43069274
2019-12-03,0.038047001,0.038761001,0.037225999,0.037916999,0.037916999,34356883
2019-12-04,0.037905999,0.038532998,0.03655,0.037404999,0.037404999,51692274
2019-12-05,0.037402,0.038979001,0.036968999,0.037870999,0.037870999,39975672
2019-12-06,0.037879001,0.038323,0.037478,0.038316999,0.038316999,30049656
2019-12-07,0.038311999,0.039248999,0.038194999,0.038757,0.038757,30151245
2019-12-08,0.038752999,0.039241001,0.038385998,0.038947999,0.038947999,25653004
2019-12-09,0.038931999,0.038973998,0.037422001,0.037482999,0.037482999,31176739
2019-12-10,0.037473999,0.037556,0.036295,0.036605999,0.036605999,32469759
2019-12-11,0.036602002,0.037326001,0.036322001,0.036655001,0.036655001,46812214
2019-12-12,0.036651999,0.036931001,0.036249001,0.036722999,0.036722999,41806143
2019-12-13,0.036719002,0.037372001,0.036628,0.037108,0.037108,42557714
2019-12-14,0.037160002,0.037526999,0.036086999,0.036426999,0.036426999,39951085
2019-12-15,0.036449,0.036803,0.034807999,0.036653001,0.036653001,28289227
2019-12-16,0.036662001,0.036715999,0.033589002,0.034269001,0.034269001,41961581
2019-12-17,0.034269001,0.034285001,0.031296,0.031800002,0.031800002,54217973
2019-12-18,0.031794,0.034662001,0.030885,0.034462001,0.034462001,61099755
2019-12-19,0.034456,0.034793001,0.033066999,0.033250999,0.033250999,43861871
2019-12-20,0.033264,0.034008998,0.032871,0.034003999,0.034003999,32935799
2019-12-21,0.034000002,0.034074001,0.03294,0.033261999,0.033261999,25280467
2019-12-22,0.033264998,0.034495,0.033211999,0.034465998,0.034465998,24856106
2019-12-23,0.034441002,0.034584001,0.033160001,0.033199999,0.033199999,36538150
2019-12-24,0.033195,0.035050001,0.032905001,0.034162,0.034162,30932186
2019-12-25,0.034185,0.034409001,0.033250999,0.033728,0.033728,19588981
2019-12-26,0.033744998,0.034768,0.033544,0.034281,0.034281,28317661
2019-12-27,0.034279,0.034426998,0.032226,0.033100002,0.033100002,42498574
2019-12-28,0.033094998,0.034210999,0.033078998,0.033631999,0.033631999,23018616
2019-12-29,0.033636998,0.03469,0.03339,0.034283999,0.034283999,23696263
2019-12-30,0.034278002,0.034595001,0.033493001,0.033594001,0.033594001,21940559
2019-12-31,0.033606999,0.033898,0.032793999,0.032845002,0.032845002,25320349
2020-01-01,0.032832,0.033813,0.032703999,0.033457998,0.033457998,22948374
2020-01-02,0.033473998,0.033507001,0.032448001,0.032751001,0.032751001,20843934
2020-01-03,0.032747999,0.034426998,0.032490999,0.03418,0.03418,30162644
2020-01-04,0.034191001,0.034685001,0.033872001,0.034595001,0.034595001,29535781
2020-01-05,0.034573998,0.035356,0.034545001,0.034720998,0.034720998,21479178
2020-01-06,0.034751002,0.037299,0.034674,0.037271999,0.037271999,37988444
2020-01-07,0.037291002,0.037806999,0.036653001,0.037046999,0.037046999,51562680
2020-01-08,0.037055001,0.038550999,0.036015,0.036435001,0.036435001,49193345
2020-01-09,0.036444999,0.036444999,0.035673,0.036359001,0.036359001,26562776
2020-01-10,0.036334999,0.036979999,0.034807,0.036874,0.036874,47483943
2020-01-11,0.036853999,0.037579,0.036522001,0.036825001,0.036825001,63485488
2020-01-12,0.036821,0.037748002,0.03658,0.037689999,0.037689999,56546260
2020-01-13,0.037696,0.037944,0.036775999,0.036966,0.036966,56296775
2020-01-14,0.037041001,0.042219002,0.036968999,0.04166,0.04166,125280206
2020-01-15,0.041579999,0.042957999,0.040406998,0.042553,0.042553,111350540
2020-01-16,0.042571999,0.043090999,0.040224001,0.041391,0.041391,76686221
2020-01-17,0.041435,0.045678999,0.041106001,0.044978,0.044978,106282894
2020-01-18,0.044985,0.045543998,0.043239001,0.044851001,0.044851001,89192476
2020-01-19,0.044851001,0.045765001,0.041412,0.041979,0.041979,91187159
2020-01-20,0.041919999,0.044296,0.041919999,0.043873001,0.043873001,70100648
2020-01-21,0.043811001,0.046548001,0.043469001,0.045988999,0.045988999,95915865
2020-01-22,0.045938998,0.046335001,0.045313001,0.045653999,0.045653999,67145740
2020-01-23,0.045658998,0.045814,0.042231001,0.043334,0.043334,75034253
2020-01-24,0.04338,0.045242999,0.041448001,0.045003999,0.045003999,77503651
2020-01-25,0.044968002,0.045185,0.043071002,0.043248001,0.043248001,57389976
2020-01-26,0.043246999,0.044633001,0.042994998,0.044581,0.044581,62759585
2020-01-27,0.044627,0.048797999,0.044229999,0.047912002,0.047912002,97006750
2020-01-28,0.047839001,0.054327998,0.047483001,0.052857,0.052857,207996791
2020-01-29,0.052896999,0.057301998,0.052549999,0.053514,0.053514,187136958
2020-01-30,0.053468999,0.056880001,0.052368,0.05607,0.05607,153009928
2020-01-31,0.056033999,0.056566998,0.052269999,0.053792998,0.053792998,130754832
2020-02-01,0.053835999,0.057147998,0.053281002,0.056092001,0.056092001,110646744
2020-02-02,0.056109998,0.058449998,0.054924998,0.055768002,0.055768002,161454527
2020-02-03,0.055723999,0.057712,0.055380002,0.056979001,0.056979001,106658349
2020-02-04,0.056965999,0.057663001,0.054237001,0.055996001,0.055996001,108933031
2020-02-05,0.055985,0.059850998,0.055675,0.059230998,0.059230998,138149931
2020-02-06,0.059243001,0.06058,0.058258999,0.059757002,0.059757002,136652023
2020-02-07,0.059756,0.062279999,0.059574999,0.05979,0.05979,132154530
2020-02-08,0.059751999,0.061143,0.057606999,0.059944,0.059944,135969080
2020-02-09,0.059937999,0.062215,0.059898,0.061809,0.061809,137945919
2020-02-10,0.061824001,0.061941002,0.058465999,0.060394,0.060394,137083309
2020-02-11,0.060345002,0.063228004,0.058917999,0.063228004,0.063228004,203550299
2020-02-12,0.063193001,0.070173003,0.063193001,0.068373002,0.068373002,220517194
2020-02-13,0.068333,0.072070003,0.065987997,0.068581,0.068581,251519041
2020-02-14,0.068586998,0.070988998,0.067465,0.070579998,0.070579998,183283803
2020-02-15,0.070579998,0.071139999,0.062757999,0.063863002,0.063863002,190925361
2020-02-16,0.063988999,0.066931002,0.057385001,0.062654004,0.062654004,206918460
2020-02-17,0.06256,0.06256,0.056035999,0.060042001,0.060042001,198079706
2020-02-18,0.060059998,0.063037999,0.058283001,0.062596999,0.062596999,184674402
2020-02-19,0.062604003,0.062868997,0.057372998,0.057645001,0.057645001,166141953
2020-02-20,0.057429999,0.058676001,0.055936001,0.058260001,0.058260001,201763470
2020-02-21,0.058185998,0.059914,0.057661999,0.058639999,0.058639999,180464941
2020-02-22,0.058577001,0.059023,0.056981001,0.058336001,0.058336001,132866697
2020-02-23,0.058323,0.061742999,0.058191001,0.06151,0.06151,190486307
2020-02-24,0.061544001,0.061698001,0.057519,0.058959998,0.058959998,203582108
2020-02-25,0.058952998,0.058975998,0.056146,0.056364,0.056364,178219320
2020-02-26,0.056295998,0.05649,0.047373999,0.049453001,0.049453001,207080423
2020-02-27,0.049435999,0.051918998,0.046510998,0.049685001,0.049685001,158104507
2020-02-28,0.049662001,0.051206,0.047081001,0.048616,0.048616,153965237
2020-02-29,0.048608001,0.049879,0.047541,0.047541,0.047541,94074240
2020-03-01,0.047506001,0.048167001,0.045262001,0.045931999,0.045931999,96716581
2020-03-02,0.045883998,0.049633998,0.045588002,0.048953,0.048953,106582073
2020-03-03,0.048912998,0.049369,0.047843002,0.048760999,0.048760999,117373434
2020-03-04,0.048760999,0.050268002,0.048234001,0.049004,0.049004,136505373
2020-03-05,0.049015,0.052306999,0.049015,0.051057,0.051057,112291734
2020-03-06,0.051041,0.051722001,0.050271999,0.051447999,0.051447999,100834829
2020-03-07,0.051527999,0.0517,0.048554,0.048944999,0.048944999,90448414
2020-03-08,0.048927002,0.048927002,0.042980999,0.043290999,0.043290999,111437013
2020-03-09,0.043230999,0.043947,0.039271001,0.041482002,0.041482002,125578007
2020-03-10,0.041554,0.042955998,0.040766001,0.041494999,0.041494999,103411534
2020-03-11,0.041494001,0.041730002,0.037656002,0.039648999,0.039648999,103084587
2020-03-12,0.039627001,0.039701,0.023961,0.023961,0.023961,179944370
2020-03-13,0.023954,0.029228,0.019130001,0.028437,0.028437,202296978
2020-03-14,0.028462,0.028976001,0.025745001,0.026009001,0.026009001,65051356
2020-03-15,0.025959,0.028789001,0.025821,0.02712,0.02712,67311254
2020-03-16,0.027110999,0.027110999,0.022220001,0.024121,0.024121,94985577
2020-03-17,0.024110001,0.026210999,0.024110001,0.025242999,0.025242999,75837864
2020-03-18,0.025209,0.025993001,0.024608999,0.025335999,0.025335999,77546807
2020-03-19,0.025315,0.031714998,0.025304999,0.030451,0.030451,119348856
2020-03-20,0.030415,0.033702001,0.027493,0.029368,0.029368,142131507
2020-03-21,0.029366,0.030272,0.028104,0.029414,0.029414,94598889
2020-03-22,0.029446,0.030255999,0.027013,0.027089,0.027089,78698656
2020-03-23,0.027089,0.029082,0.026753001,0.029082,0.029082,92453324
2020-03-24,0.029092001,0.030251,0.028717,0.030162999,0.030162999,88827461
2020-03-25,0.030187,0.030440999,0.028975001,0.029438,0.029438,83388813
2020-03-26,0.029438,0.030742001,0.029351,0.030727001,0.030727001,81633746
2020-03-27,0.030729,0.03121,0.029214,0.029301001,0.029301001,85517314
2020-03-28,0.029254001,0.029976999,0.02819,0.029771,0.029771,85338156
2020-03-29,0.029738,0.029849,0.028224999,0.028248999,0.028248999,71027469
2020-03-30,0.028217999,0.030072,0.028124001,0.029873,0.029873,81661518
2020-03-31,0.029825,0.030636,0.029681999,0.030553,0.030553,79871856
2020-04-01,0.030553,0.030855,0.029555,0.030855,0.030855,92295629
2020-04-02,0.030841,0.033057,0.030841,0.031984001,0.031984001,106987595
2020-04-03,0.031961001,0.032715,0.031707,0.032295,0.032295,89797916
2020-04-04,0.032295,0.032559,0.03187,0.032504998,0.032504998,89146987
2020-04-05,0.032517001,0.032561999,0.0317,0.032003,0.032003,64845688
2020-04-06,0.031998999,0.035617001,0.031934001,0.035615999,0.035615999,117138445
2020-04-07,0.035654999,0.036869001,0.034844998,0.035137001,0.035137001,117230378
2020-04-08,0.035131,0.036595002,0.035119999,0.036313999,0.036313999,100892761
2020-04-09,0.036279,0.036596999,0.035574,0.036198001,0.036198001,86398497
2020-04-10,0.036162,0.036238998,0.032543998,0.033215001,0.033215001,95977717
2020-04-11,0.033215001,0.034012001,0.032772001,0.033353999,0.033353999,75648111
2020-04-12,0.033328999,0.034667999,0.033075001,0.033806,0.033806,73751090
2020-04-13,0.033782002,0.033831,0.03207,0.033107001,0.033107001,84000834
2020-04-14,0.033123001,0.033686001,0.032781001,0.032974001,0.032974001,74633336
2020-04-15,0.032958999,0.033695001,0.031838998,0.031863,0.031863,68238171
2020-04-16,0.0319,0.034612,0.031242,0.034407999,0.034407999,101314083
2020-04-17,0.034428,0.034903999,0.034290999,0.034573,0.034573,79385033
2020-04-18,0.034623001,0.036821,0.034575,0.036552999,0.036552999,89893451
2020-04-19,0.036573,0.036837999,0.035629999,0.035815999,0.035815999,87523446
2020-04-20,0.035806,0.036704998,0.034157999,0.034177002,0.034177002,94301265
2020-04-21,0.034159999,0.034995001,0.034031998,0.034699999,0.034699999,86348515
2020-04-22,0.034688,0.036733001,0.034543999,0.036559001,0.036559001,78891247
2020-04-23,0.036570001,0.041847002,0.036524002,0.040605001,0.040605001,162468134
2020-04-24,0.040617,0.043843001,0.040617,0.041868001,0.041868001,176233806
2020-04-25,0.041870002,0.043669,0.041398,0.042408001,0.042408001,101619889
2020-04-26,0.042405002,0.046224002,0.042231999,0.045878999,0.045878999,150611027
2020-04-27,0.045938,0.047672,0.044643998,0.046601001,0.046601001,168989554
2020-04-28,0.046629999,0.048064999,0.046264999,0.047194999,0.047194999,144584235
2020-04-29,0.047230002,0.051996998,0.047019001,0.051695,0.051695,192508666
2020-04-30,0.051716998,0.054257002,0.047564998,0.047846001,0.047846001,242494651
2020-05-01,0.047826,0.051955,0.047775999,0.051259998,0.051259998,169546437
2020-05-02,0.051196001,0.051509999,0.049890999,0.051013999,0.051013999,128138136
2020-05-03,0.051031999,0.051690999,0.048310999,0.048928998,0.048928998,139890791
2020-05-04,0.048964001,0.050228,0.046523001,0.049663998,0.049663998,172243659
2020-05-05,0.049667999,0.050501999,0.049049001,0.049357999,0.049357999,128066778
2020-05-06,0.049302001,0.051128,0.048983,0.049766999,0.049766999,131357244
2020-05-07,0.049740002,0.051486999,0.048857,0.051105998,0.051105998,143479708
2020-05-08,0.051082999,0.053539,0.050985999,0.052303001,0.052303001,172647716
2020-05-09,0.052258998,0.053027999,0.051522002,0.051736001,0.051736001,141642171
2020-05-10,0.051743999,0.051743999,0.045003001,0.047676999,0.047676999,227335948
2020-05-11,0.047696002,0.049449999,0.04549,0.048108,0.048108,206327744
2020-05-12,0.048094001,0.050933,0.047906,0.050421,0.050421,170879029
2020-05-13,0.050367001,0.052044999,0.049724001,0.051472001,0.051472001,148356780
2020-05-14,0.051364999,0.051885001,0.050480999,0.050889999,0.050889999,144469842
2020-05-15,0.050866,0.051766999,0.050014,0.050462998,0.050462998,142644324
2020-05-16,0.050423,0.051229,0.050083999,0.050932001,0.050932001,123913485
2020-05-17,0.050912999,0.052078001,0.050912999,0.051343001,0.051343001,115459525
2020-05-18,0.051293999,0.054827001,0.051093999,0.054251999,0.054251999,182874559
2020-05-19,0.054223999,0.056887001,0.052857999,0.056449,0.056449,186581379
2020-05-20,0.056458998,0.057326,0.054650001,0.056875002,0.056875002,203310637
2020-05-21,0.056869,0.057482,0.050574999,0.052246001,0.052246001,228349552
2020-05-22,0.052283,0.056926001,0.051520001,0.055833001,0.055833001,224368474
2020-05-23,0.055840001,0.056437001,0.054494999,0.055321999,0.055321999,131277191
2020-05-24,0.055264998,0.056049999,0.052629001,0.052641001,0.052641001,108565176
2020-05-25,0.052188002,0.054345001,0.051128998,0.054010998,0.054010998,183914564
2020-05-26,0.053881001,0.054159999,0.052034002,0.053429998,0.053429998,162232161
2020-05-27,0.053479999,0.055914,0.053222999,0.055183001,0.055183001,185161265
2020-05-28,0.055119999,0.067179002,0.055050001,0.064558998,0.064558998,368087319
2020-05-29,0.064645,0.066666,0.062896997,0.064659998,0.064659998,393626086
2020-05-30,0.064777002,0.077249996,0.063818,0.076958001,0.076958001,591436389
2020-05-31,0.076904997,0.086029001,0.072596997,0.074352004,0.074352004,848945702
2020-06-01,0.074244,0.082385004,0.073659003,0.081168003,0.081168003,681780739
2020-06-02,0.080982998,0.082450002,0.073968001,0.078455999,0.078455999,588732847
2020-06-03,0.078518003,0.085663997,0.077421002,0.085438997,0.085438997,558410069
2020-06-04,0.085363999,0.090089001,0.084407002,0.089000002,0.089000002,593406535
2020-06-05,0.089050002,0.089162998,0.084325999,0.085441999,0.085441999,357717348
2020-06-06,0.085449003,0.087173,0.085175999,0.086025998,0.086025998,230814840
2020-06-07,0.086034998,0.088604003,0.083016001,0.086654,0.086654,317140970
2020-06-08,0.086703002,0.087012999,0.084601,0.086429998,0.086429998,212837064
2020-06-09,0.086443998,0.08653,0.083407,0.083407,0.083407,213123820
2020-06-10,0.083393998,0.083775997,0.079991996,0.083531,0.083531,326625304
2020-06-11,0.08354,0.085147001,0.074331999,0.07536,0.07536,321763381
2020-06-12,0.075368002,0.080668002,0.075168997,0.079553999,0.079553999,244019082
2020-06-13,0.079613,0.079657003,0.077573001,0.079028003,0.079028003,161430428
2020-06-14,0.079103,0.079172999,0.076385997,0.076747999,0.076747999,142625977
2020-06-15,0.076747999,0.079860002,0.069770001,0.078387,0.078387,330333741
2020-06-16,0.078381002,0.079717003,0.077060997,0.079072997,0.079072997,216508724
2020-06-17,0.079085,0.083660997,0.077620998,0.083444998,0.083444998,294705846
2020-06-18,0.083444998,0.084454998,0.080376998,0.082174003,0.082174003,244522788
2020-06-19,0.082139,0.082139,0.078953996,0.079603001,0.079603001,211649409
2020-06-20,0.079603001,0.080443002,0.077440999,0.079338998,0.079338998,167247006
2020-06-21,0.079318002,0.080931999,0.078298002,0.078474998,0.078474998,151949751
2020-06-22,0.078472003,0.083609998,0.078432001,0.083609998,0.083609998,202271174
2020-06-23,0.083411999,0.084017999,0.081509002,0.082950003,0.082950003,184078790
2020-06-24,0.082992002,0.087011002,0.080588996,0.082583003,0.082583003,302220209
2020-06-25,0.082616001,0.083486997,0.079519004,0.081690997,0.081690997,207010908
2020-06-26,0.081731997,0.082006998,0.079859003,0.080560997,0.080560997,163378517
2020-06-27,0.080558002,0.081239,0.076109,0.077679001,0.077679001,148184221
2020-06-28,0.077679001,0.081413001,0.076251,0.080392003,0.080392003,188871401
2020-06-29,0.080392003,0.084335998,0.080338001,0.083870001,0.083870001,275593607
2020-06-30,0.083848,0.084978998,0.082025997,0.083116002,0.083116002,208687716
2020-07-01,0.083112001,0.096084997,0.082533002,0.095954001,0.095954001,411496624
2020-07-02,0.096896999,0.096896999,0.089061998,0.094325997,0.094325997,416119936
2020-07-03,0.094318002,0.101483,0.092721,0.096538,0.096538,449087829
2020-07-04,0.096652001,0.100568,0.096143,0.099951997,0.099951997,325220890
2020-07-05,0.099964999,0.099964999,0.094407998,0.098210998,0.098210998,262132088
2020-07-06,0.098210998,0.105589,0.097333997,0.105221,0.105221,336062177
2020-07-07,0.104957,0.118803,0.103143,0.117554,0.117554,575537074
2020-07-08,0.11749,0.136554,0.11554,0.129908,0.129908,1161107598
2020-07-09,0.129908,0.129908,0.118261,0.124293,0.124293,659099389
2020-07-10,0.12423,0.124417,0.111033,0.118316,0.118316,513272164
2020-07-11,0.118349,0.126715,0.117927,0.125214,0.125214,393237279
2020-07-12,0.125341,0.127839,0.121197,0.126783,0.126783,340033778
2020-07-13,0.126783,0.134829,0.122183,0.124156,0.124156,553867759
2020-07-14,0.124269,0.134267,0.121564,0.131963,0.131963,449379997
2020-07-15,0.13199601,0.132421,0.12756,0.13036899,0.13036899,292680349
2020-07-16,0.13039701,0.132458,0.119481,0.12592199,0.12592199,423824352
2020-07-17,0.125964,0.126491,0.121946,0.122486,0.122486,231984863
2020-07-18,0.122307,0.124315,0.118482,0.122477,0.122477,221333950
2020-07-19,0.122484,0.124557,0.121218,0.123712,0.123712,159010744
2020-07-20,0.123723,0.124031,0.116941,0.117924,0.117924,176280626
2020-07-21,0.117904,0.124232,0.116913,0.122965,0.122965,208927329
2020-07-22,0.122981,0.124328,0.12063,0.123922,0.123922,157853191
2020-07-23,0.123967,0.12585901,0.123651,0.123773,0.123773,201587814
2020-07-24,0.123918,0.124085,0.121051,0.121888,0.121888,198707995
2020-07-25,0.121925,0.144676,0.121925,0.14357799,0.14357799,630341416
2020-07-26,0.14297099,0.153705,0.141286,0.14810801,0.14810801,743098554
2020-07-27,0.147891,0.149314,0.13025901,0.138771,0.138771,745732008
2020-07-28,0.138762,0.15022001,0.135519,0.148598,0.148598,638080214
2020-07-29,0.148647,0.149396,0.13918,0.139879,0.139879,451915307
2020-07-30,0.13996799,0.142189,0.137262,0.140588,0.140588,257573327
2020-07-31,0.140673,0.14099,0.13654201,0.138798,0.138798,230659122
2020-08-01,0.138798,0.14582901,0.13849799,0.143573,0.143573,362476707
2020-08-02,0.143756,0.14709,0.13018399,0.133505,0.133505,421324885
2020-08-03,0.133498,0.13812,0.132596,0.137335,0.137335,248378862
2020-08-04,0.13733201,0.14761899,0.13680799,0.14301801,0.14301801,376096013
2020-08-05,0.14312901,0.145175,0.14165901,0.14269499,0.14269499,274829819
2020-08-06,0.142704,0.14560901,0.140563,0.14404801,0.14404801,278613533
2020-08-07,0.14408,0.14694899,0.13498899,0.139155,0.139155,620550178
2020-08-08,0.139089,0.147424,0.138128,0.145781,0.145781,325527431
2020-08-09,0.14631499,0.152014,0.14281701,0.145244,0.145244,426878184
2020-08-10,0.145381,0.14659099,0.14288899,0.14385501,0.14385501,311836535
2020-08-11,0.143709,0.144795,0.13346399,0.137436,0.137436,595072471
2020-08-12,0.13742401,0.138919,0.12485,0.137398,0.137398,434540367
2020-08-13,0.137499,0.14315701,0.13363799,0.14124499,0.14124499,470617782
2020-08-14,0.14131799,0.142451,0.13810199,0.138338,0.138338,355732407
2020-08-15,0.138284,0.140632,0.137334,0.138303,0.138303,343504348
2020-08-16,0.138345,0.139167,0.13643301,0.13847101,0.13847101,284566480
2020-08-17,0.13847101,0.144117,0.13839699,0.14092,0.14092,425628203
2020-08-18,0.140818,0.143104,0.13615499,0.137427,0.137427,340692991
2020-08-19,0.137427,0.13796499,0.12814701,0.12927499,0.12927499,383288760
2020-08-20,0.129309,0.133913,0.12768599,0.133642,0.133642,314037834
2020-08-21,0.133536,0.133866,0.123127,0.12376,0.12376,363034924
2020-08-22,0.123747,0.125744,0.120038,0.125276,0.125276,296099194
2020-08-23,0.12515099,0.125663,0.120498,0.121595,0.121595,232234230
2020-08-24,0.121581,0.12631001,0.120876,0.124488,0.124488,278021260
2020-08-25,0.124525,0.124592,0.108372,0.113292,0.113292,431857369
2020-08-26,0.113347,0.117807,0.111282,0.115285,0.115285,314761939
2020-08-27,0.115258,0.116114,0.104409,0.106824,0.106824,361935074
2020-08-28,0.106875,0.11077,0.106352,0.109453,0.109453,275672160
2020-08-29,0.109474,0.117647,0.108782,0.116712,0.116712,315465776
2020-08-30,0.116668,0.118382,0.114286,0.117437,0.117437,297044001
2020-08-31,0.117493,0.126408,0.113617,0.122688,0.122688,453559242
2020-09-01,0.12261,0.127359,0.120018,0.125411,0.125411,451299015
2020-09-02,0.125477,0.126452,0.112024,0.115613,0.115613,427391907
2020-09-03,0.115538,0.116423,0.095572002,0.096153997,0.096153997,486369863
2020-09-04,0.095987,0.104011,0.094081998,0.102445,0.102445,514623980
2020-09-05,0.10239,0.103962,0.087401003,0.089923002,0.089923002,481176027
2020-09-06,0.089923002,0.095188998,0.086838998,0.093060002,0.093060002,454580262
2020-09-07,0.093071997,0.093842998,0.086929999,0.093332998,0.093332998,463220962
2020-09-08,0.093236998,0.096574001,0.088923,0.091011003,0.091011003,610082647
2020-09-09,0.091149002,0.095744997,0.089763001,0.093349002,0.093349002,572617714
2020-09-10,0.093433,0.099688999,0.093433,0.097156003,0.097156003,809239667
2020-09-11,0.097156003,0.097525999,0.093295999,0.096988998,0.096988998,771197364
2020-09-12,0.097112,0.098710001,0.095320001,0.097598001,0.097598001,699214253
2020-09-13,0.097598001,0.099751003,0.092937998,0.094856001,0.094856001,771663333
2020-09-14,0.094906002,0.098178998,0.093579002,0.096768998,0.096768998,851692144
2020-09-15,0.096809,0.097932003,0.093308002,0.093496002,0.093496002,813329601
2020-09-16,0.093397997,0.093686,0.089929998,0.091650002,0.091650002,822410832
2020-09-17,0.091655001,0.094512001,0.091068998,0.094217002,0.094217002,825621808
2020-09-18,0.094217002,0.094217002,0.090015002,0.091081001,0.091081001,699241251
2020-09-19,0.090884,0.09307,0.090631999,0.091656998,0.091656998,617795834
2020-09-20,0.091661997,0.092239998,0.088361003,0.089432999,0.089432999,682896131
2020-09-21,0.089459002,0.090285003,0.078424998,0.080427997,0.080427997,566692194
2020-09-22,0.080448002,0.083034001,0.079867996,0.081753999,0.081753999,316907647
2020-09-23,0.081569999,0.082653001,0.076256998,0.076762997,0.076762997,501076416
2020-09-24,0.076766998,0.083513997,0.075886004,0.082817003,0.082817003,596569914
2020-09-25,0.082791001,0.097997002,0.082652003,0.096845001,0.096845001,904408695
2020-09-26,0.096905001,0.099395998,0.092827998,0.095564,0.095564,649321135
2020-09-27,0.095518999,0.102311,0.094809003,0.101287,0.101287,727996428
2020-09-28,0.101288,0.106451,0.100411,0.100667,0.100667,825058842
2020-09-29,0.100354,0.103351,0.097914003,0.101181,0.101181,688007846
2020-09-30,0.10102,0.10138,0.097112998,0.101062,0.101062,615414657
2020-10-01,0.101156,0.104197,0.095838003,0.097865,0.097865,743737566
2020-10-02,0.097949997,0.100018,0.090331003,0.092921004,0.092921004,828579008
2020-10-03,0.092906997,0.095160998,0.092506997,0.093413003,0.093413003,553029310
2020-10-04,0.093521997,0.096974,0.092698999,0.096348003,0.096348003,697459534
2020-10-05,0.096404001,0.098719001,0.096325003,0.097544,0.097544,625952257
2020-10-06,0.097535998,0.098498002,0.091875002,0.092808001,0.092808001,997995413
2020-10-07,0.092862003,0.094324999,0.089896001,0.093800001,0.093800001,613251111
2020-10-08,0.093785003,0.096698001,0.090797998,0.096152,0.096152,690490593
2020-10-09,0.096271001,0.102475,0.095164999,0.101925,0.101925,762383014
2020-10-10,0.101466,0.11054,0.101445,0.105025,0.105025,923715999
2020-10-11,0.104902,0.108865,0.104381,0.106538,0.106538,797480086
2020-10-12,0.106547,0.113086,0.102658,0.110034,0.110034,821299647
2020-10-13,0.109966,0.114137,0.1083,0.108852,0.108852,823217251
2020-10-14,0.109298,0.112231,0.105712,0.107297,0.107297,713264193
2020-10-15,0.107217,0.107591,0.104979,0.106635,0.106635,562197282
2020-10-16,0.106748,0.107317,0.102537,0.104064,0.104064,553561875
2020-10-17,0.104218,0.106979,0.103366,0.106104,0.106104,472005227
2020-10-18,0.106044,0.107601,0.105305,0.107388,0.107388,432851135
2020-10-19,0.107416,0.110921,0.106188,0.108677,0.108677,490775170
2020-10-20,0.108614,0.108841,0.101226,0.102494,0.102494,707955236
2020-10-21,0.102519,0.108286,0.101831,0.106187,0.106187,779410099
2020-10-22,0.106056,0.112414,0.105482,0.110572,0.110572,933335641
2020-10-23,0.110698,0.111754,0.105602,0.108083,0.108083,1110973427
2020-10-24,0.108083,0.109662,0.107539,0.108075,0.108075,868194497
2020-10-25,0.108075,0.10873,0.106178,0.106351,0.106351,722743351
2020-10-26,0.106351,0.107381,0.099430002,0.103097,0.103097,880221833
2020-10-27,0.103097,0.10549,0.10207,0.102827,0.102827,913522302
2020-10-28,0.102827,0.103349,0.095569998,0.098977,0.098977,876721856
2020-10-29,0.098977,0.100712,0.094999999,0.095376,0.095376,883054980
2020-10-30,0.095376,0.095587,0.090363003,0.093369,0.093369,855782606
2020-10-31,0.093369,0.09527,0.092207998,0.093056001,0.093056001,662592019
2020-11-01,0.093056001,0.098486997,0.092853002,0.098196998,0.098196998,609565849
2020-11-02,0.098196998,0.099935003,0.091766,0.092142999,0.092142999,817756720
2020-11-03,0.092142999,0.093833998,0.088048004,0.093433999,0.093433999,859629132
2020-11-04,0.093434997,0.096001998,0.092127003,0.095369004,0.095369004,1041738046
2020-11-05,0.095369004,0.097572997,0.092214003,0.096993998,0.096993998,554496502
2020-11-06,0.096993998,0.109683,0.096721001,0.109105,0.109105,717731180
2020-11-07,0.109105,0.113187,0.099408001,0.101379,0.101379,861840304
2020-11-08,0.101379,0.108298,0.100179,0.106621,0.106621,625787081
2020-11-09,0.106621,0.107971,0.101456,0.105325,0.105325,802272882
2020-11-10,0.105326,0.108621,0.103939,0.105805,0.105805,700753239
2020-11-11,0.105805,0.108403,0.10554,0.105965,0.105965,631585357
2020-11-12,0.105965,0.106512,0.102827,0.104525,0.104525,634274545
2020-11-13,0.104525,0.107801,0.104062,0.106391,0.106391,477838893
2020-11-14,0.106391,0.106841,0.101736,0.104202,0.104202,432474021
2020-11-15,0.104202,0.105061,0.098801002,0.100531,0.100531,358303858
2020-11-16,0.100531,0.104893,0.099656001,0.104008,0.104008,400498894
2020-11-17,0.10548,0.11197,0.105112,0.1096,0.1096,622568575
2020-11-18,0.1096,0.111523,0.103546,0.106403,0.106403,692683324
2020-11-19,0.106402,0.107721,0.104525,0.105866,0.105866,590674105
2020-11-20,0.105866,0.118231,0.105778,0.118226,0.118226,688553865
2020-11-21,0.118226,0.13360301,0.116771,0.132945,0.132945,1385060442
2020-11-22,0.132945,0.15273499,0.12019,0.14476,0.14476,2294032112
2020-11-23,0.14476,0.158153,0.142471,0.15351,0.15351,2203606418
2020-11-24,0.15357099,0.18206599,0.15357099,0.16632301,0.16632301,2566224959
2020-11-25,0.166346,0.174859,0.14990699,0.15516201,0.15516201,1773041979
2020-11-26,0.15510701,0.16022,0.123439,0.138281,0.138281,2523183036
2020-11-27,0.138292,0.144637,0.131366,0.141028,0.141028,1505708870
2020-11-28,0.141074,0.171569,0.13956,0.164791,0.164791,1932319047
2020-11-29,0.164923,0.17057499,0.15761399,0.166639,0.166639,1731327207
2020-11-30,0.16663,0.172765,0.16060001,0.171308,0.171308,2151589402
2020-12-01,0.171367,0.173851,0.14657301,0.155983,0.155983,2071556994
2020-12-02,0.155956,0.15966199,0.151429,0.158557,0.158557,1367595805
2020-12-03,0.158592,0.168009,0.155936,0.164212,0.164212,1287927035
2020-12-04,0.16420899,0.164506,0.146964,0.148241,0.148241,1200621758
2020-12-05,0.148164,0.161383,0.146795,0.159668,0.159668,1036100099
2020-12-06,0.159659,0.162406,0.15343,0.158867,0.158867,886137949
2020-12-07,0.158876,0.159041,0.151737,0.15413,0.15413,789426236
2020-12-08,0.154127,0.154936,0.13895901,0.140928,0.140928,939164987
2020-12-09,0.14094201,0.14981,0.130468,0.148165,0.148165,1320752603
2020-12-10,0.14816999,0.14853001,0.13998599,0.141994,0.141994,798550525
2020-12-11,0.142022,0.142694,0.13518199,0.139449,0.139449,704854539
2020-12-12,0.139423,0.147259,0.13920701,0.14445999,0.14445999,519780651
2020-12-13,0.144503,0.156259,0.14347699,0.153964,0.153964,675025745
2020-12-14,0.154016,0.158002,0.14976899,0.15799201,0.15799201,587078385
2020-12-15,0.15806501,0.159713,0.153355,0.154305,0.154305,607184173
2020-12-16,0.154312,0.16759899,0.149976,0.16758899,0.16758899,976699799
2020-12-17,0.16757099,0.17434201,0.161644,0.16348299,0.16348299,1188727265
2020-12-18,0.163449,0.168635,0.159152,0.164988,0.164988,1101018945
2020-12-19,0.16497999,0.170486,0.16332,0.16471399,0.16471399,586684841
2020-12-20,0.164728,0.167724,0.158695,0.16198801,0.16198801,729191687
2020-12-21,0.16200399,0.165416,0.147903,0.152656,0.152656,1139902286
2020-12-22,0.15263399,0.160015,0.149451,0.156179,0.156179,1138400653
2020-12-23,0.15622599,0.157414,0.12741999,0.13639399,0.13639399,1484453887
2020-12-24,0.136457,0.154337,0.132127,0.15288299,0.15288299,1470292431
2020-12-25,0.152886,0.16684601,0.150497,0.157564,0.157564,1119917804
2020-12-26,0.157556,0.161981,0.14982399,0.15782399,0.15782399,1191970341
2020-12-27,0.15783501,0.16519,0.150378,0.154422,0.154422,1578354821
2020-12-28,0.15444,0.178583,0.15344501,0.176735,0.176735,1732151279
2020-12-29,0.176709,0.19617,0.17403901,0.192164,0.192164,2967669490
2020-12-30,0.192022,0.19314399,0.17568099,0.18404,0.18404,1849432295
2020-12-31,0.184034,0.18574899,0.176594,0.18139701,0.18139701,1132268397
2021-01-01,0.181382,0.184246,0.172022,0.17535,0.17535,1122218004
2021-01-02,0.175359,0.18425301,0.16923299,0.177423,0.177423,1408849504
2021-01-03,0.17738201,0.20867901,0.17337599,0.20499501,0.20499501,2303857909
2021-01-04,0.205236,0.23966099,0.19445001,0.22476199,0.22476199,3260699086
2021-01-05,0.22481699,0.26488599,0.208454,0.25831401,0.25831401,4097207384
2021-01-06,0.258549,0.34629801,0.25622499,0.331898,0.331898,6170988900
2021-01-07,0.33227199,0.35334399,0.283216,0.29998001,0.29998001,5149188552
2021-01-08,0.300387,0.320191,0.26647601,0.30559701,0.30559701,4560690774
2021-01-09,0.30561101,0.33859599,0.29669401,0.332973,0.332973,3655608662
2021-01-10,0.33296099,0.34039399,0.284556,0.30489501,0.30489501,3732911206
2021-01-11,0.30499601,0.30499601,0.233033,0.275466,0.275466,4768803200
2021-01-12,0.275249,0.31336999,0.26572701,0.28700301,0.28700301,4037298875
2021-01-13,0.286688,0.31446499,0.27239501,0.313609,0.313609,2656935144
2021-01-14,0.313546,0.32355201,0.29980001,0.31039599,0.31039599,2686785564
2021-01-15,0.310554,0.329685,0.28074199,0.30252999,0.30252999,3171984602
2021-01-16,0.30251199,0.36541101,0.30225,0.35244399,0.35244399,4476161885
2021-01-17,0.352337,0.39565301,0.342834,0.379852,0.379852,5617481334
2021-01-18,0.37973499,0.39544299,0.36623299,0.37142801,0.37142801,3480282508
2021-01-19,0.37145701,0.38298699,0.36362401,0.36913699,0.36913699,2957453653
2021-01-20,0.368936,0.37619701,0.331958,0.37539399,0.37539399,3281600988
2021-01-21,0.375449,0.37871599,0.30140099,0.31020901,0.31020901,3567902823
2021-01-22,0.310054,0.35915899,0.28357601,0.34957701,0.34957701,4066222238
2021-01-23,0.349332,0.35721099,0.33670101,0.34564301,0.34564301,2781033956
2021-01-24,0.345586,0.36863899,0.338756,0.353881,0.353881,2539663711
2021-01-25,0.35385001,0.36351201,0.341663,0.34388599,0.34388599,2339817092
2021-01-26,0.34384099,0.34975299,0.32581499,0.34423399,0.34423399,2557745015
2021-01-27,0.34421799,0.34421799,0.30546099,0.31308001,0.31308001,2666764973
2021-01-28,0.313021,0.35348299,0.306104,0.346129,0.346129,2863036709
2021-01-29,0.352348,0.366772,0.33201501,0.348131,0.348131,3367098095
2021-01-30,0.34807801,0.37272,0.33746901,0.36261901,0.36261901,2866173269
2021-01-31,0.36260799,0.37540501,0.338952,0.34489799,0.34489799,2455679992
2021-02-01,0.34481701,0.41715199,0.334194,0.402033,0.402033,3838085989
2021-02-02,0.40295199,0.452595,0.388787,0.426247,0.426247,6504904709
2021-02-03,0.42595899,0.447355,0.41504601,0.44139999,0.44139999,3648896567
2021-02-04,0.44135699,0.447014,0.41015801,0.44105101,0.44105101,3553059568
2021-02-05,0.44114199,0.55672401,0.439556,0.53787398,0.53787398,6808411307
2021-02-06,0.53775799,0.657628,0.52297401,0.627886,0.627886,8109402422
2021-02-07,0.62883198,0.70253903,0.58694899,0.66323799,0.66323799,11252055620
2021-02-08,0.66237998,0.71941102,0.63428301,0.68251097,0.68251097,9056514741
2021-02-09,0.682145,0.70903999,0.66939902,0.70351601,0.70351601,5885048712
2021-02-10,0.70354801,0.94389302,0.70354801,0.930318,0.930318,12667653585
2021-02-11,0.93082303,0.97332501,0.87194997,0.92774099,0.92774099,10627183208
2021-02-12,0.927095,0.94505602,0.87112302,0.925587,0.925587,8035829513
2021-02-13,0.925421,0.94994998,0.83300298,0.90571898,0.90571898,7532474270
2021-02-14,0.90632999,0.91459602,0.81520098,0.84841901,0.84841901,7159401195
2021-02-15,0.84782499,0.908158,0.71711498,0.86101198,0.86101198,8979888270
2021-02-16,0.86070299,0.90420598,0.84092301,0.870951,0.870951,6948621246
2021-02-17,0.87090999,0.89595401,0.826491,0.89091998,0.89091998,5841828077
2021-02-18,0.89086902,0.95690399,0.89086902,0.91411901,0.91411901,4918032802
2021-02-19,0.91425598,0.94377702,0.88528198,0.92764902,0.92764902,4582877243
2021-02-20,0.92746198,1.193958,0.91692102,1.1229579,1.1229579,11454890463
2021-02-21,1.1215841,1.149899,1.079321,1.10052,1.10052,7042361464
2021-02-22,1.1004061,1.134158,0.85153103,1.099151,1.099151,10562051439
2021-02-23,1.0987689,1.133705,0.82414502,0.95470899,0.95470899,11201900117
2021-02-24,0.95495802,1.074832,0.902583,1.051657,1.051657,8481334623
2021-02-25,1.051349,1.172732,1.0179861,1.079116,1.079116,8248286269
2021-02-26,1.080828,1.290047,0.99515003,1.241105,1.241105,14884142109
2021-02-27,1.2421449,1.476653,1.234138,1.32486,1.32486,19141980288
2021-02-28,1.323619,1.361114,1.166092,1.308059,1.308059,15732556180
2021-03-01,1.309792,1.3424079,1.2393,1.292388,1.292388,9775330113
2021-03-02,1.293609,1.2996269,1.188732,1.225582,1.225582,8118255106
2021-03-03,1.225719,1.263525,1.214234,1.216593,1.216593,4937160429
2021-03-04,1.216445,1.229674,1.069218,1.114868,1.114868,7164490225
2021-03-05,1.114639,1.195125,1.0411561,1.168523,1.168523,7325099027
2021-03-06,1.167456,1.18072,1.090132,1.131012,1.131012,5348048001
2021-03-07,1.130849,1.1422859,1.108308,1.1333669,1.1333669,4204795554
2021-03-08,1.132939,1.176217,1.107921,1.118053,1.118053,3557114310
2021-03-09,1.118145,1.214923,1.11332,1.195161,1.195161,5317733185
2021-03-10,1.195103,1.204682,1.12397,1.135003,1.135003,4215428913
2021-03-11,1.134413,1.13825,1.111643,1.12479,1.12479,3633460869
2021-03-12,1.124823,1.128085,1.03275,1.039144,1.039144,4224893051
2021-03-13,1.0388941,1.182899,0.99305201,1.103314,1.103314,5871086058
2021-03-14,1.102982,1.102982,1.059154,1.059154,1.059154,3738147940
2021-03-15,1.058601,1.068913,1.007628,1.0335391,1.0335391,4545451677
2021-03-16,1.033242,1.258886,1.004308,1.2429529,1.2429529,9502962157
2021-03-17,1.2435549,1.4193439,1.2066621,1.378673,1.378673,10046495758
2021-03-18,1.3784159,1.473155,1.237366,1.239006,1.239006,11392835545
2021-03-19,1.238559,1.342355,1.196046,1.30217,1.30217,7970282918
2021-03-20,1.3014719,1.313273,1.2065409,1.2065409,1.2065409,4316999916
2021-03-21,1.206431,1.244282,1.164746,1.18914,1.18914,4064084727
2021-03-22,1.189203,1.20855,1.089628,1.109874,1.109874,4058067310
2021-03-23,1.1093431,1.1741771,1.088027,1.121552,1.121552,4609407773
2021-03-24,1.121345,1.1636519,1.056555,1.075002,1.075002,3759287517
2021-03-25,1.074466,1.152968,1.055945,1.1015739,1.1015739,5732698268
2021-03-26,1.1014251,1.279076,1.098956,1.213969,1.213969,6325795912
2021-03-27,1.214082,1.236277,1.163149,1.176577,1.176577,3106871131
2021-03-28,1.17682,1.219583,1.169294,1.191124,1.191124,2397009016
2021-03-29,1.190976,1.228019,1.181512,1.202541,1.202541,2554597106
2021-03-30,1.202562,1.233722,1.191645,1.213317,1.213317,2517422843
2021-03-31,1.213675,1.213675,1.16772,1.193264,1.193264,3190463749
2021-04-01,1.193553,1.207719,1.18413,1.189244,1.189244,2309789364
2021-04-02,1.189208,1.2459151,1.187607,1.196509,1.196509,2909026267
2021-04-03,1.196326,1.2441829,1.171635,1.173277,1.173277,3355350115
2021-04-04,1.172973,1.199748,1.166279,1.19142,1.19142,2166855014
2021-04-05,1.191552,1.226746,1.176512,1.2143,1.2143,2992739340
2021-04-06,1.2142791,1.3408951,1.195389,1.255354,1.255354,6301229657
2021-04-07,1.255457,1.291087,1.165118,1.175149,1.175149,4771395490
2021-04-08,1.176132,1.223793,1.173156,1.219436,1.219436,2315835365
2021-04-09,1.2194541,1.2289799,1.194931,1.20354,1.20354,1678933674
2021-04-10,1.2035331,1.25192,1.196311,1.218758,1.218758,2481275569
2021-04-11,1.218359,1.292287,1.200776,1.266735,1.266735,3636786443
2021-04-12,1.266206,1.346588,1.265474,1.3161269,1.3161269,4918248258
2021-04-13,1.314895,1.437677,1.283793,1.411786,1.411786,5896543066
2021-04-14,1.4109989,1.557761,1.353006,1.45542,1.45542,9596107541
2021-04-15,1.453804,1.494799,1.415393,1.481588,1.481588,5337358369
2021-04-16,1.479627,1.518984,1.339908,1.416949,1.416949,5692183858
2021-04-17,1.413843,1.456151,1.368059,1.384869,1.384869,4058018560
2021-04-18,1.386181,1.397696,1.098977,1.275501,1.275501,7454680286
2021-04-19,1.278005,1.322387,1.174248,1.1979589,1.1979589,5665978235
2021-04-20,1.194609,1.2806931,1.1306469,1.265934,1.265934,4855633658
2021-04-21,1.267735,1.286464,1.200816,1.206735,1.206735,4078624182
2021-04-22,1.2039011,1.277444,1.117599,1.147017,1.147017,4693396293
2021-04-23,1.145824,1.165576,0.93522698,1.155702,1.155702,7196378408
2021-04-24,1.158783,1.1962841,1.0969599,1.101355,1.101355,3566224272
2021-04-25,1.102703,1.146124,1.0227751,1.08825,1.08825,2465672138
2021-04-26,1.090186,1.249876,1.082105,1.234019,1.234019,3201086934
2021-04-27,1.237595,1.329766,1.224979,1.306927,1.306927,2985492683
2021-04-28,1.305966,1.3481981,1.2352149,1.3356659,1.3356659,2981476669
2021-04-29,1.3371069,1.410331,1.26794,1.308014,1.308014,3997566407
2021-04-30,1.306196,1.369041,1.287837,1.3524491,1.3524491,2691072833
2021-05-01,1.3524311,1.367415,1.3190629,1.353071,1.353071,2030816122
2021-05-02,1.351402,1.354889,1.295577,1.326812,1.326812,1994291746
2021-05-03,1.326938,1.3797899,1.3225271,1.36203,1.36203,2398404766
2021-05-04,1.362939,1.3656811,1.258929,1.274111,1.274111,3342089372
2021-05-05,1.270986,1.4934241,1.26083,1.475529,1.475529,4797068103
2021-05-06,1.47811,1.699504,1.4338,1.650124,1.650124,10679657004
2021-05-07,1.648683,1.745329,1.530229,1.653453,1.653453,7324573762
2021-05-08,1.654544,1.654544,1.5640841,1.619554,1.619554,3959173109
2021-05-09,1.620347,1.829795,1.5759979,1.7705621,1.7705621,8065503276
2021-05-10,1.766068,1.8226089,1.529308,1.644696,1.644696,6463330466
2021-05-11,1.641717,1.7781121,1.596676,1.7640769,1.7640769,5428571805
2021-05-12,1.763505,1.818942,1.552775,1.552775,1.552775,5338469591
2021-05-13,1.56845,1.969934,1.505321,1.933668,1.933668,14513419581
2021-05-14,1.927283,2.0421031,1.817152,2.004796,2.004796,7654204713
2021-05-15,2.006624,2.371752,1.966524,2.174027,2.174027,15517858775
2021-05-16,2.1714339,2.461766,2.0132849,2.309113,2.309113,12524150427
2021-05-17,2.30019,2.325002,1.9255199,2.0322261,2.0322261,11250259740
2021-05-18,2.0281031,2.150382,1.9796309,2.0036621,2.0036621,6744829200
2021-05-19,2.0065839,2.0280919,1.028031,1.4825211,1.4825211,16313794033
2021-05-20,1.471961,1.943229,1.327412,1.810469,1.810469,11788522531
2021-05-21,1.8025939,1.8686301,1.326776,1.552277,1.552277,9055414507
2021-05-22,1.553113,1.60102,1.377943,1.463622,1.463622,6572397780
2021-05-23,1.46568,1.5396399,1.056036,1.325436,1.325436,9297651823
2021-05-24,1.316236,1.597913,1.2703609,1.549485,1.549485,7365907636
2021-05-25,1.550373,1.648563,1.439744,1.555369,1.555369,5723130829
2021-05-26,1.554463,1.832433,1.554463,1.782702,1.782702,6638876193
2021-05-27,1.781137,1.790477,1.612414,1.64596,1.64596,4266751905
2021-05-28,1.650636,1.677707,1.452245,1.511987,1.511987,5373114660
2021-05-29,1.513623,1.561741,1.3358589,1.406232,1.406232,3902596499
2021-05-30,1.404303,1.688977,1.35182,1.577279,1.577279,4974774760
2021-05-31,1.575644,1.75062,1.527209,1.7427779,1.7427779,4491096277
2021-06-01,1.738447,1.779591,1.660549,1.734753,1.734753,4123980990
2021-06-02,1.7361031,1.803849,1.719255,1.7528239,1.7528239,3453620094
2021-06-03,1.754643,1.8886499,1.717762,1.840471,1.840471,3443770332
2021-06-04,1.846715,1.848485,1.6097341,1.7109081,1.7109081,4583062567
2021-06-05,1.709916,1.783177,1.611715,1.659009,1.659009,2969362191
2021-06-06,1.656461,1.706524,1.647702,1.678248,1.678248,1748045655
2021-06-07,1.6772259,1.740569,1.557106,1.564106,1.564106,2644319967
2021-06-08,1.5670511,1.594298,1.4027849,1.58803,1.58803,4318242183
2021-06-09,1.583486,1.630414,1.485165,1.624826,1.624826,3551319865
2021-06-10,1.6277781,1.635973,1.5085779,1.531857,1.531857,2366588153
2021-06-11,1.533137,1.546059,1.4208519,1.436378,1.436378,2477031735
2021-06-12,1.437721,1.49353,1.358179,1.48022,1.48022,2801038421
2021-06-13,1.480494,1.578513,1.402935,1.558359,1.558359,2785909000
2021-06-14,1.557019,1.5927041,1.510411,1.57511,1.57511,2543903347
2021-06-15,1.5738699,1.611401,1.545383,1.597756,1.597756,2553205553
2021-06-16,1.5565799,1.575438,1.475047,1.482573,1.482573,2139361752
2021-06-17,1.484558,1.538465,1.459475,1.4821939,1.4821939,1731974000
2021-06-18,1.482789,1.493233,1.379673,1.415396,1.415396,2128905021
2021-06-19,1.417603,1.4428771,1.386422,1.39057,1.39057,1829155405
2021-06-20,1.387408,1.460376,1.308951,1.429188,1.429188,2319196952
2021-06-21,1.4270279,1.436257,1.170604,1.17748,1.17748,3987752749
2021-06-22,1.175233,1.263039,1.002985,1.153254,1.153254,5960971784
2021-06-23,1.155804,1.3055609,1.111894,1.252896,1.252896,4931021068
2021-06-24,1.25141,1.398589,1.206899,1.356087,1.356087,3368353999
2021-06-25,1.359522,1.392683,1.245304,1.256478,1.256478,4343177013
2021-06-26,1.254301,1.291396,1.198573,1.25044,1.25044,3241467640
2021-06-27,1.251827,1.348168,1.243678,1.335202,1.335202,2371576551
2021-06-28,1.337114,1.349285,1.305406,1.324752,1.324752,2292440816
2021-06-29,1.325513,1.419944,1.320304,1.3684371,1.3684371,2589787987
2021-06-30,1.372968,1.3981169,1.287063,1.383472,1.383472,2591116345
2021-07-01,1.383814,1.383814,1.304074,1.335611,1.335611,2002167965
2021-07-02,1.332942,1.394397,1.286607,1.394397,1.394397,2159409781
2021-07-03,1.394152,1.441714,1.359664,1.406836,1.406836,2028094099
2021-07-04,1.404008,1.493717,1.382153,1.458184,1.458184,1806362471
2021-07-05,1.461221,1.461221,1.379284,1.404898,1.404898,1759460737
2021-07-06,1.404712,1.456887,1.3932821,1.418053,1.418053,1477699691
2021-07-07,1.416153,1.4401129,1.401327,1.403118,1.403118,1349405773
2021-07-08,1.404964,1.406497,1.320428,1.330146,1.330146,1580104997
2021-07-09,1.3272671,1.371523,1.288597,1.349474,1.349474,1566915921
2021-07-10,1.350715,1.364834,1.3205971,1.336085,1.336085,1102564201
2021-07-11,1.3351721,1.366351,1.324434,1.348145,1.348145,870305644
2021-07-12,1.348264,1.373091,1.292838,1.315099,1.315099,1198732016
2021-07-13,1.3139729,1.321124,1.250801,1.265083,1.265083,1243604284
2021-07-14,1.264938,1.2875381,1.200443,1.2622581,1.2622581,1647061755
2021-07-15,1.263694,1.287742,1.207396,1.223192,1.223192,1637907431
2021-07-16,1.22505,1.244133,1.168918,1.173715,1.173715,1626548127
2021-07-17,1.171585,1.193662,1.152655,1.172302,1.172302,1487211065
2021-07-18,1.172851,1.216031,1.170776,1.1836981,1.1836981,1354296229
2021-07-19,1.181999,1.190931,1.1172481,1.121116,1.121116,1061358016
2021-07-20,1.1227601,1.134648,1.021433,1.056291,1.056291,1782242052
2021-07-21,1.054299,1.2211061,1.038182,1.168098,1.168098,2074843118
2021-07-22,1.170252,1.206679,1.1521339,1.186161,1.186161,1494732916
2021-07-23,1.18625,1.207033,1.147738,1.2063071,1.2063071,1215895311
2021-07-24,1.207072,1.247973,1.199018,1.233497,1.233497,1227752700
2021-07-25,1.233566,1.238433,1.191617,1.228501,1.228501,1036357455
2021-07-26,1.228722,1.399011,1.224362,1.2584929,1.2584929,3004669560
2021-07-27,1.255928,1.314803,1.21536,1.278446,1.278446,2145865207
2021-07-28,1.280826,1.316583,1.260048,1.283504,1.283504,1793329178
2021-07-29,1.286494,1.299072,1.2609921,1.284084,1.284084,1466954743
2021-07-30,1.285791,1.317354,1.250495,1.308952,1.308952,1556740433
2021-07-31,1.309885,1.3324029,1.28886,1.322345,1.322345,1312376664
2021-08-01,1.319958,1.386737,1.30027,1.3177299,1.3177299,1862585305
2021-08-02,1.31577,1.349569,1.296775,1.310068,1.310068,1431593693
2021-08-03,1.3093899,1.382737,1.263189,1.365026,1.365026,2100675041
2021-08-04,1.369783,1.392539,1.324366,1.376564,1.376564,1899638009
2021-08-05,1.3769391,1.397315,1.34052,1.386145,1.386145,1722512650
2021-08-06,1.386193,1.424119,1.363699,1.401786,1.401786,1882912649
2021-08-07,1.402523,1.484598,1.39675,1.470677,1.470677,2489155525
2021-08-08,1.473097,1.4942729,1.408625,1.42783,1.42783,1977739378
2021-08-09,1.426617,1.498564,1.394436,1.47764,1.47764,1821319632
2021-08-10,1.475262,1.6995749,1.458569,1.6725661,1.6725661,3460499377
2021-08-11,1.677949,1.894406,1.670661,1.798038,1.798038,6144078169
2021-08-12,1.795803,1.866757,1.6841249,1.823878,1.823878,5590812297
2021-08-13,1.83276,2.145926,1.828374,2.1360791,2.1360791,7661020085
2021-08-14,2.1382871,2.25036,2.0935929,2.1916871,2.1916871,7965959274
2021-08-15,2.1898961,2.248431,2.039562,2.169153,2.169153,5964077684
2021-08-16,2.1678679,2.1954501,2.051724,2.079417,2.079417,4479074279
2021-08-17,2.072315,2.141046,1.9127541,1.9266011,1.9266011,3862425430
2021-08-18,1.92448,2.161289,1.887675,2.1085601,2.1085601,4919304569
2021-08-19,2.1055241,2.4498761,2.047941,2.4281399,2.4281399,8287149082
2021-08-20,2.4377949,2.5752759,2.378612,2.4577019,2.4577019,8323304733
2021-08-21,2.4572141,2.5289891,2.3876159,2.4354351,2.4354351,4710945373
2021-08-22,2.436862,2.718612,2.4336641,2.7137251,2.7137251,6726764969
2021-08-23,2.708616,2.9673979,2.6938269,2.9173861,2.9173861,9761269047
2021-08-24,2.920038,2.947403,2.5983191,2.721091,2.721091,9395142433
2021-08-25,2.7256291,2.795994,2.6087959,2.738132,2.738132,6920886097
2021-08-26,2.7411661,2.7834611,2.4737661,2.5355279,2.5355279,6555135612
2021-08-27,2.5317719,2.944447,2.4986989,2.9441969,2.9441969,8077144313
2021-08-28,2.9473381,2.9486749,2.782474,2.8474901,2.8474901,5503772825
2021-08-29,2.850029,2.9362521,2.730336,2.8559861,2.8559861,5290685515
2021-08-30,2.8507409,2.885242,2.7243171,2.73316,2.73316,5221151798
2021-08-31,2.7376411,2.877878,2.7064731,2.772475,2.772475,5085983512
2021-09-01,2.7699471,2.9026141,2.7263269,2.8707671,2.8707671,4652638822
2021-09-02,2.86975,3.0991859,2.839781,2.963438,2.963438,7376031836
2021-09-03,2.9593151,3.0294361,2.9076059,2.9682391,2.9682391,5244576777
2021-09-04,2.9663899,2.9663899,2.8102059,2.8328071,2.8328071,4675923261
2021-09-05,2.831425,2.9549711,2.8263769,2.9108241,2.9108241,4259327908
2021-09-06,2.911581,2.92623,2.804009,2.831897,2.831897,4625766871
2021-09-07,2.8328071,2.8725109,2.0409529,2.502491,2.502491,11700337851
2021-09-08,2.5068591,2.5645139,2.211509,2.4749889,2.4749889,8032727286
2021-09-09,2.4067121,2.6210539,2.387085,2.5176661,2.5176661,6031548418
2021-09-10,2.5176661,2.5856709,2.3028021,2.385911,2.385911,6130460769
2021-09-11,2.385186,2.796062,2.375493,2.63395,2.63395,8670619500
2021-09-12,2.641341,2.783103,2.5111849,2.581727,2.581727,8111330870
2021-09-13,2.582778,2.590281,2.3156879,2.4006629,2.4006629,6214066598
2021-09-14,2.4031861,2.4324901,2.3280189,2.395638,2.395638,3934706576
2021-09-15,2.397332,2.5782959,2.364347,2.5016351,2.5016351,4185888557
2021-09-16,2.5038891,2.5129831,2.383594,2.420969,2.420969,3323103389
2021-09-17,2.4184389,2.441715,2.32671,2.3464191,2.3464191,2448833581
2021-09-18,2.347429,2.4358029,2.313549,2.369978,2.369978,2118771218
2021-09-19,2.369956,2.391871,2.265415,2.282299,2.282299,2224777431
2021-09-20,2.283438,2.289793,1.989418,2.0639889,2.0639889,5935941714
2021-09-21,2.079772,2.2245381,1.92328,1.987028,1.987028,6063428617
2021-09-22,1.984266,2.2661819,1.970946,2.2661819,2.2661819,4876595304
2021-09-23,2.259691,2.344563,2.1834681,2.330941,2.330941,3463572829
2021-09-24,2.329006,2.344986,2.077399,2.2812691,2.2812691,6064304812
2021-09-25,2.2793951,2.4581079,2.2411859,2.3015411,2.3015411,6081076538
2021-09-26,2.302443,2.302443,2.1535311,2.2084949,2.2084949,4143032820
2021-09-27,2.212038,2.2715609,2.1339719,2.135905,2.135905,2990138100
2021-09-28,2.1332171,2.172157,2.0300419,2.039139,2.039139,3092923646
2021-09-29,2.0390151,2.144665,2.0230269,2.0656879,2.0656879,2869486117
2021-09-30,2.0665891,2.1340771,2.0534539,2.1144519,2.1144519,2621620164
2021-10-01,2.1162491,2.2740021,2.096256,2.258127,2.258127,3235813427
2021-10-02,2.2545309,2.320416,2.1954341,2.2514589,2.2514589,2911039833
2021-10-03,2.2493169,2.307575,2.223882,2.2528729,2.2528729,2331706759
2021-10-04,2.251848,2.253159,2.1558001,2.189235,2.189235,2249001043
2021-10-05,2.189178,2.2566431,2.181561,2.233124,2.233124,2090074822
2021-10-06,2.2330871,2.2500269,2.1168759,2.2121551,2.2121551,2719301133
2021-10-07,2.2100379,2.3696561,2.1536119,2.2769949,2.2769949,3265277489
2021-10-08,2.277983,2.3091769,2.2237051,2.2371759,2.2371759,1977478611
2021-10-09,2.2345271,2.297457,2.2215741,2.2666149,2.2666149,1953066446
2021-10-10,2.267288,2.276212,2.174145,2.1972139,2.1972139,2036732421
2021-10-11,2.1919069,2.2493551,2.122026,2.173389,2.173389,2386202338
2021-10-12,2.1735251,2.1735749,2.0755839,2.11919,2.11919,3467823586
2021-10-13,2.1193769,2.1967609,2.089565,2.1890531,2.1890531,3088601173
2021-10-14,2.187248,2.221947,2.1588669,2.1703629,2.1703629,2171800205
2021-10-15,2.1729779,2.2405691,2.1391349,2.2146511,2.2146511,3419909583
2021-10-16,2.215554,2.2477479,2.1717319,2.1777129,2.1777129,2415050040
2021-10-17,2.1776371,2.187675,2.09656,2.1569631,2.1569631,2044782419
2021-10-18,2.1578331,2.1698899,2.1099429,2.128263,2.128263,2594342479
2021-10-19,2.1282129,2.1555719,2.096606,2.112962,2.112962,3071082063
2021-10-20,2.1113031,2.2061679,2.095114,2.18595,2.18595,3023618047
2021-10-21,2.18964,2.2964101,2.1347101,2.136591,2.136591,3967007331
2021-10-22,2.1375129,2.20874,2.133419,2.1541989,2.1541989,2785878320
2021-10-23,2.1560061,2.174763,2.1347511,2.166815,2.166815,2115938187
2021-10-24,2.166816,2.169683,2.0954189,2.123435,2.123435,2188895748
2021-10-25,2.119801,2.1762519,2.1156509,2.1440661,2.1440661,2398064828
2021-10-26,2.1439159,2.199589,2.1289821,2.138777,2.138777,2803084142
2021-10-27,2.1378579,2.154367,1.83342,1.913237,1.913237,5058404282
2021-10-28,1.912248,2.0545931,1.910781,1.988219,1.988219,4494724914
2021-10-29,1.987413,2.0446961,1.982498,2.012187,2.012187,2884450462
2021-10-30,2.012207,2.016995,1.932392,1.957422,1.957422,2313950989
2021-10-31,1.955862,2.0222361,1.923054,1.965026,1.965026,2446176744
2021-11-01,1.964962,2.015316,1.91796,1.950002,1.950002,2649338831
2021-11-02,1.949818,1.99654,1.934827,1.971377,1.971377,2459979881
2021-11-03,1.971404,2.1446259,1.950845,2.0637009,2.0637009,4722705987
2021-11-04,2.064559,2.100966,1.956403,1.984882,1.984882,3301214469
2021-11-05,1.984745,2.018975,1.963668,1.9862061,1.9862061,2274851985
2021-11-06,1.985306,2.0399401,1.946815,2.006609,2.006609,1883049324
2021-11-07,2.006963,2.0361669,1.978159,2.021872,2.021872,1871914235
2021-11-08,2.021946,2.1384349,2.0116351,2.124419,2.124419,3157370460
2021-11-09,2.126183,2.3759141,2.1074691,2.273483,2.273483,7356647142
2021-11-10,2.2689221,2.3595221,1.944602,2.1018021,2.1018021,6436473948
2021-11-11,2.101769,2.1525309,2.0635641,2.0855241,2.0855241,3597674965
2021-11-12,2.0822251,2.102994,1.994117,2.0457661,2.0457661,2818140241
2021-11-13,2.046191,2.0794761,2.023658,2.0531039,2.0531039,2022529448
2021-11-14,2.0521021,2.0700419,2.0120699,2.040853,2.040853,1527465250
2021-11-15,2.0412481,2.094682,2.014811,2.0155871,2.0155871,1411134707
2021-11-16,2.021147,2.021147,1.786474,1.8772351,1.8772351,3400794601
2021-11-17,1.877808,1.8933181,1.805297,1.87554,1.87554,2869765024
2021-11-18,1.8762701,1.9085129,1.7108639,1.788331,1.788331,2511854943
2021-11-19,1.787225,1.894425,1.756623,1.8647929,1.8647929,1897885322
2021-11-20,1.86464,1.955915,1.860625,1.921736,1.921736,1632660169
2021-11-21,1.922869,1.922869,1.836332,1.839763,1.839763,1252654509
2021-11-22,1.838291,1.839811,1.75983,1.7765549,1.7765549,1581033619
2021-11-23,1.778283,1.8176301,1.745127,1.7505029,1.7505029,1765447419
2021-11-24,1.751246,1.752388,1.594203,1.6864229,1.6864229,1983587289
2021-11-25,1.667261,1.748867,1.620885,1.651345,1.651345,3072612884
2021-11-26,1.676388,1.6854399,1.502046,1.52842,1.52842,3011271612
2021-11-27,1.531957,1.585799,1.531957,1.546118,1.546118,1560548721
2021-11-28,1.546672,1.598509,1.4336179,1.592855,1.592855,2236244253
2021-11-29,1.594501,1.636148,1.559918,1.6025079,1.6025079,1801591216
2021-11-30,1.602102,1.6284029,1.549843,1.554903,1.554903,1814169292
2021-12-01,1.552819,1.622388,1.534562,1.547713,1.547713,1666236481
2021-12-02,1.547706,1.756863,1.5216449,1.715366,1.715366,3716108059
2021-12-03,1.720719,1.7285089,1.532564,1.556555,1.556555,2675040145
2021-12-04,1.558386,1.558615,1.205124,1.420706,1.420706,4076290725
2021-12-05,1.420609,1.436573,1.290549,1.378105,1.378105,3034823821
2021-12-06,1.379189,1.4389941,1.2578681,1.425393,1.425393,2642050277
2021-12-07,1.423189,1.477548,1.3705519,1.381941,1.381941,2210387832
2021-12-08,1.380939,1.4236881,1.3435169,1.397074,1.397074,1764297116
2021-12-09,1.393739,1.407885,1.29044,1.29044,1.29044,1670588001
2021-12-10,1.2917531,1.331853,1.210024,1.211689,1.211689,1721213997
2021-12-11,1.213407,1.362157,1.195143,1.354248,1.354248,1693932686
2021-12-12,1.352221,1.41196,1.3218369,1.3472821,1.3472821,1473164555
2021-12-13,1.347895,1.3577729,1.202574,1.225348,1.225348,1448791702
2021-12-14,1.22446,1.269876,1.201422,1.2228349,1.2228349,1596202685
2021-12-15,1.266263,1.3292691,1.2071609,1.311847,1.311847,1634066534
2021-12-16,1.311818,1.33101,1.236784,1.2405339,1.2405339,1293311594
2021-12-17,1.240744,1.258695,1.187881,1.219892,1.219892,1376131289
2021-12-18,1.220517,1.267222,1.201947,1.242534,1.242534,1057989368
2021-12-19,1.242394,1.3093849,1.241757,1.244661,1.244661,1220196479
2021-12-20,1.2434371,1.260699,1.202716,1.23824,1.23824,1365306484
2021-12-21,1.236419,1.289425,1.229115,1.280859,1.280859,1149078005
2021-12-22,1.280337,1.366798,1.278285,1.328041,1.328041,1528804985
2021-12-23,1.328843,1.489489,1.311121,1.474691,1.474691,2068524292
2021-12-24,1.473877,1.490347,1.38348,1.392367,1.392367,1337799712
2021-12-25,1.394186,1.4607331,1.385219,1.453495,1.453495,1005403101
2021-12-26,1.45351,1.468327,1.410834,1.456045,1.456045,1111799397
2021-12-27,1.455838,1.590728,1.452088,1.512913,1.512913,1891237484
2021-12-28,1.515092,1.537979,1.3813519,1.402264,1.402264,2111991275
2021-12-29,1.401962,1.436113,1.32847,1.330814,1.330814,1516774796
2021-12-30,1.332747,1.376474,1.300004,1.360415,1.360415,1292798472
2021-12-31,1.3604701,1.379202,1.287365,1.310209,1.310209,1271633462
2022-01-01,1.31013,1.3769751,1.309787,1.3769751,1.3769751,851279685
2022-01-02,1.377017,1.388755,1.3465151,1.377584,1.377584,881893010
2022-01-03,1.377599,1.377599,1.3158,1.321637,1.321637,956659954
2022-01-04,1.321508,1.349682,1.299482,1.311658,1.311658,1014646349
2022-01-05,1.311944,1.350875,1.202679,1.236002,1.236002,1416139355
2022-01-06,1.235209,1.294576,1.193416,1.2797821,1.2797821,1559075484
2022-01-07,1.279917,1.282408,1.1932369,1.211547,1.211547,1751707653
2022-01-08,1.211468,1.25267,1.138116,1.187512,1.187512,1499054949
2022-01-09,1.187693,1.204036,1.153479,1.17386,1.17386,1088569809
2022-01-10,1.173786,1.178859,1.080153,1.128052,1.128052,1481621292
2022-01-11,1.127857,1.193615,1.125648,1.18511,1.18511,1089929557
2022-01-12,1.185551,1.3063461,1.185551,1.304535,1.304535,1651269250
2022-01-13,1.304656,1.3509949,1.233161,1.233161,1.233161,2022506483
2022-01-14,1.2333699,1.3065031,1.227105,1.290926,1.290926,1855980787
2022-01-15,1.2910891,1.315587,1.2572581,1.296263,1.296263,967735764
2022-01-16,1.295933,1.4206409,1.291159,1.407251,1.407251,2436680646
2022-01-17,1.40821,1.594131,1.390763,1.594131,1.594131,5285117130
2022-01-18,1.59648,1.6312979,1.418237,1.465541,1.465541,4287066351
2022-01-19,1.464946,1.531111,1.331478,1.3417571,1.3417571,3304139176
2022-01-20,1.3416539,1.4233381,1.257876,1.258055,1.258055,1686210420
2022-01-21,1.258803,1.279778,1.109166,1.123233,1.123233,3009627794
2022-01-22,1.1230789,1.152195,0.933397,1.066716,1.066716,3930474859
2022-01-23,1.067661,1.164873,1.056932,1.122371,1.122371,2362627205
2022-01-24,1.122782,1.124338,0.95912403,1.0665981,1.0665981,3237316963
2022-01-25,1.066519,1.072024,0.99821198,1.043574,1.043574,1766326155
2022-01-26,1.04362,1.149648,1.026486,1.079047,1.079047,2437592239
2022-01-27,1.078735,1.078735,1.009166,1.043533,1.043533,1519972359
2022-01-28,1.043234,1.0583431,1.014096,1.050606,1.050606,1206550586
2022-01-29,1.050492,1.080614,1.041647,1.05957,1.05957,913122499
2022-01-30,1.0597481,1.075346,1.0284179,1.037473,1.037473,748084610
2022-01-31,1.0376149,1.057604,1.012046,1.052303,1.052303,925666321
2022-02-01,1.052236,1.092317,1.037886,1.088624,1.088624,1130552843
2022-02-02,1.090309,1.10024,1.02775,1.028906,1.028906,1086043481
2022-02-03,1.028688,1.057225,1.019261,1.056444,1.056444,873675008
2022-02-04,1.0562429,1.1356241,1.047297,1.1356241,1.1356241,1178757518
2022-02-05,1.136061,1.1728849,1.102618,1.127345,1.127345,1363912644
2022-02-06,1.1272351,1.1478029,1.103168,1.144547,1.144547,911521818
2022-02-07,1.144356,1.206854,1.128264,1.197307,1.197307,2107219347
2022-02-08,1.19765,1.257816,1.135913,1.17872,1.17872,2267265855
2022-02-09,1.177958,1.212157,1.15475,1.19481,1.19481,1239455609
2022-02-10,1.194636,1.218667,1.149182,1.152478,1.152478,1810255178
2022-02-11,1.152571,1.162573,1.0725681,1.0803469,1.0803469,1395763170
2022-02-12,1.080511,1.0914069,1.034717,1.058199,1.058199,1401190670
2022-02-13,1.058008,1.070944,1.035629,1.045819,1.045819,1066206015
2022-02-14,1.045469,1.052781,1.021529,1.050267,1.050267,1261583495
2022-02-15,1.050218,1.113366,1.050018,1.107586,1.107586,1370174980
2022-02-16,1.107631,1.110541,1.069289,1.084981,1.084981,1028924852
2022-02-17,1.084318,1.091512,1.0122221,1.019895,1.019895,1093325576
2022-02-18,1.020223,1.041311,0.98947299,0.99711299,0.99711299,1288743412
2022-02-19,0.99700499,1.017854,0.97751403,0.99770302,0.99770302,1104597763
2022-02-20,0.99762899,0.99762899,0.92329502,0.93290198,0.93290198,1429017666
2022-02-21,0.93245202,0.986247,0.857714,0.85823601,0.85823601,2072270994
2022-02-22,0.85812998,0.89375597,0.81998998,0.88901699,0.88901699,2058499639
2022-02-23,0.88898897,0.95543098,0.869169,0.869169,0.869169,1824386011
2022-02-24,0.86851501,0.88234198,0.75281,0.85342503,0.85342503,3629367685
2022-02-25,0.85357201,0.90654099,0.82924402,0.898027,0.898027,1652894219
2022-02-26,0.89799601,0.92829603,0.88540101,0.887918,0.887918,1099934921
2022-02-27,0.887788,0.91267598,0.84014601,0.85833502,0.85833502,1278510571
2022-02-28,0.85786998,0.96761298,0.84504002,0.95982802,0.95982802,1779202386
2022-03-01,0.95988601,1.005403,0.94493502,0.96234602,0.96234602,1778795527
2022-03-02,0.96242499,0.973629,0.92906201,0.93866199,0.93866199,1262681262
2022-03-03,0.93872201,0.94407898,0.88607299,0.902659,0.902659,986233549
2022-03-04,0.90279299,0.90305001,0.83086097,0.84288901,0.84288901,1115108721
2022-03-05,0.84317499,0.88094002,0.824839,0.86567199,0.86567199,734896311
2022-03-06,0.86568803,0.870498,0.82300401,0.82375199,0.82375199,670024869
2022-03-07,0.82373798,0.84547597,0.78329098,0.79737902,0.79737902,1040234323
2022-03-08,0.79717398,0.819148,0.79031801,0.80124998,0.80124998,955952004
2022-03-09,0.801485,0.861431,0.80100697,0.84929299,0.84929299,980869497
2022-03-10,0.84935498,0.85057598,0.79122198,0.80631602,0.80631602,903650101
2022-03-11,0.80630201,0.81714702,0.78592998,0.79012501,0.79012501,792395101
2022-03-12,0.79007298,0.80080098,0.78956503,0.79067397,0.79067397,493606091
2022-03-13,0.79056698,0.81902498,0.78325099,0.790995,0.790995,772035954
2022-03-14,0.79041201,0.81207502,0.78190798,0.80391699,0.80391699,924771999
2022-03-15,0.80384099,0.81562197,0.78591698,0.80000597,0.80000597,832137304
2022-03-16,0.80002397,0.83863199,0.79539597,0.83837402,0.83837402,1233395707
2022-03-17,0.83836198,0.85588002,0.82993001,0.83678401,0.83678401,909733920
2022-03-18,0.83665699,0.85887998,0.82287902,0.85343301,0.85343301,792706852
2022-03-19,0.85327399,0.91292101,0.85197198,0.90109903,0.90109903,1103521076
2022-03-20,0.90132201,0.91460299,0.86566901,0.877092,0.877092,949951339
2022-03-21,0.87720102,0.92759901,0.86591899,0.91678202,0.91678202,1233477886
2022-03-22,0.916888,0.98503298,0.90959197,0.97644001,0.97644001,1699537576
2022-03-23,0.97616202,1.107482,0.959068,1.107482,1.107482,3447683427
2022-03-24,1.107204,1.185751,1.085422,1.130011,1.130011,3671006856
2022-03-25,1.130228,1.163815,1.075631,1.097888,1.097888,2232929187
2022-03-26,1.098015,1.157231,1.0822721,1.150594,1.150594,1407171432
2022-03-27,1.151006,1.183395,1.108125,1.182148,1.182148,1322194562
2022-03-28,1.1823339,1.242865,1.162468,1.170184,1.170184,2304056098
2022-03-29,1.1692851,1.2393579,1.1690331,1.191112,1.191112,1761798381
2022-03-30,1.19098,1.216669,1.167608,1.190385,1.190385,1424442312
2022-03-31,1.190299,1.22632,1.137162,1.1418509,1.1418509,1745903089
2022-04-01,1.141952,1.172973,1.107619,1.1654249,1.1654249,1687785845
2022-04-02,1.165444,1.193844,1.15105,1.1560071,1.1560071,1224117012
2022-04-03,1.1559089,1.198543,1.146687,1.185941,1.185941,976725814
2022-04-04,1.1858,1.240358,1.165493,1.212945,1.212945,2447778820
2022-04-05,1.213029,1.217393,1.1675479,1.170801,1.170801,1188106135
2022-04-06,1.170792,1.171607,1.052379,1.052771,1.052771,1710318316
2022-04-07,1.053129,1.098469,1.045138,1.091894,1.091894,1139697598
2022-04-08,1.091632,1.097432,1.0213701,1.0263259,1.0263259,926095649
2022-04-09,1.025912,1.0450751,1.02379,1.045015,1.045015,640896639
2022-04-10,1.045012,1.06803,1.028757,1.030885,1.030885,626332866
2022-04-11,1.030671,1.030671,0.92011601,0.92044997,0.92044997,1398303911
2022-04-12,0.92059898,0.98085499,0.92059898,0.955145,0.955145,1076130201
2022-04-13,0.95512199,0.97815299,0.93739998,0.97469598,0.97469598,791702878
2022-04-14,0.97456902,0.98362398,0.92547101,0.93241203,0.93241203,812010499
2022-04-15,0.93252897,0.95798802,0.93247402,0.95471698,0.95471698,574655010
2022-04-16,0.95470399,0.96108103,0.939852,0.95264,0.95264,468473785
2022-04-17,0.95253098,0.96151203,0.91534603,0.91746598,0.91746598,528371933
2022-04-18,0.91750902,0.93736798,0.87773597,0.93673003,0.93673003,1105222191
2022-04-19,0.93676198,0.95466202,0.92820102,0.95333302,0.95333302,777142382
2022-04-20,0.95332497,0.97473502,0.93251002,0.93734097,0.93734097,828312845
2022-04-21,0.93727201,0.96945298,0.89691198,0.910474,0.910474,871111347
2022-04-22,0.910335,0.92374098,0.89397299,0.90715402,0.90715402,725788912
2022-04-23,0.90718502,0.91061401,0.88466001,0.88850302,0.88850302,447997661
2022-04-24,0.88827902,0.89785498,0.88185698,0.88634998,0.88634998,487629549
2022-04-25,0.88637799,0.90170699,0.83023202,0.89869499,0.89869499,1139869029
2022-04-26,0.89857697,0.90113699,0.82101101,0.827645,0.827645,1020049782
2022-04-27,0.82754099,0.85394198,0.82258999,0.84059501,0.84059501,927312593
2022-04-28,0.84061497,0.85206199,0.82768899,0.84394997,0.84394997,836357358
2022-04-29,0.84393001,0.84869999,0.79368597,0.80504298,0.80504298,874797260
2022-04-30,0.80505598,0.81704801,0.74235898,0.75665998,0.75665998,868001173
2022-05-01,0.75670099,0.79942501,0.74965501,0.790344,0.790344,928448231
2022-05-02,0.79027897,0.79581797,0.76619798,0.78152901,0.78152901,805325174
2022-05-03,0.78143001,0.79858899,0.76206797,0.77114499,0.77114499,649650331
2022-05-04,0.77110702,0.89766097,0.769638,0.89694202,0.89694202,1516023155
2022-05-05,0.89706099,0.90411103,0.77814102,0.791152,0.791152,1802128590
2022-05-06,0.79106498,0.79831499,0.765742,0.78335899,0.78335899,1312283636
2022-05-07,0.78335202,0.78511602,0.75065702,0.76188201,0.76188201,801558914
2022-05-08,0.76205301,0.76386899,0.72927201,0.73956299,0.73956299,1085127147
2022-05-09,0.73950899,0.75323302,0.61008799,0.61008799,0.61008799,2306123277
2022-05-10,0.609972,0.69852,0.59068799,0.62896299,0.62896299,2372592084
2022-05-11,0.62877202,0.65757102,0.48460999,0.51279998,0.51279998,2692548110
2022-05-12,0.512999,0.54549801,0.40652901,0.473746,0.473746,2798263564
2022-05-13,0.473418,0.60108799,0.46998101,0.52887702,0.52887702,1946134960
2022-05-14,0.52894199,0.55422503,0.49143499,0.53935802,0.53935802,1178703676
2022-05-15,0.53938597,0.597884,0.51654601,0.59750003,0.59750003,1090431332
2022-05-16,0.59756899,0.60846502,0.54781199,0.55671602,0.55671602,1291715346
2022-05-17,0.556696,0.59788603,0.55438399,0.57807702,0.57807702,935138863
2022-05-18,0.57805699,0.584499,0.505615,0.505615,0.505615,933793601
2022-05-19,0.50549901,0.544249,0.49561101,0.53332102,0.53332102,939230823
2022-05-20,0.533364,0.54341102,0.50313801,0.51790702,0.51790702,722609837
2022-05-21,0.517905,0.53639001,0.51142401,0.52831399,0.52831399,428041383
2022-05-22,0.52834398,0.54701698,0.52339298,0.54261798,0.54261798,489742264
2022-05-23,0.54248399,0.557805,0.50943297,0.51260501,0.51260501,753004177
2022-05-24,0.51268703,0.52425897,0.49595699,0.52122402,0.52122402,678125877
2022-05-25,0.52124202,0.53146201,0.50828898,0.51387697,0.51387697,589015500
2022-05-26,0.51395297,0.52010798,0.46636799,0.480883,0.480883,909554798
2022-05-27,0.480643,0.482871,0.44736701,0.45550701,0.45550701,922413717
2022-05-28,0.45817599,0.46744901,0.44970801,0.464764,0.464764,448858644
2022-05-29,0.46473199,0.481841,0.45738,0.48112601,0.48112601,444269488
2022-05-30,0.481134,0.574956,0.47808301,0.57007301,0.57007301,1185015742
2022-05-31,0.56999999,0.68231302,0.56963599,0.62525398,0.62525398,3269050143
2022-06-01,0.62541699,0.62997699,0.54080898,0.55274999,0.55274999,1404107650
2022-06-02,0.55263603,0.59581101,0.55044401,0.58779502,0.58779502,1257661647
2022-06-03,0.58783603,0.60329002,0.54148602,0.55965799,0.55965799,910186327
2022-06-04,0.55995703,0.57056999,0.54808801,0.56606901,0.56606901,559861766
2022-06-05,0.566091,0.57955301,0.55639797,0.56708997,0.56708997,478128224
2022-06-06,0.56720698,0.64345199,0.56660801,0.60932797,0.60932797,1417826128
2022-06-07,0.60934001,0.64199299,0.57484698,0.61544502,0.61544502,1450579665
2022-06-08,0.61548501,0.66609901,0.61095399,0.64161402,0.64161402,1636846100
2022-06-09,0.64164901,0.65521598,0.62774599,0.63292003,0.63292003,1166081755
2022-06-10,0.63286299,0.63508302,0.57393199,0.57421601,0.57421601,1170021356
2022-06-11,0.57426798,0.61366099,0.54649699,0.55277699,0.55277699,1232257018
2022-06-12,0.55297703,0.55993003,0.49686101,0.49686101,0.49686101,1474640183
2022-06-13,0.49610001,0.496463,0.439206,0.46313301,0.46313301,2551895485
2022-06-14,0.46325099,0.51740301,0.438537,0.484386,0.484386,2241209963
2022-06-15,0.48416001,0.53679198,0.450104,0.53329599,0.53329599,2335125416
2022-06-16,0.53352898,0.54401702,0.46901801,0.47502199,0.47502199,1226235066
2022-06-17,0.47518301,0.50273901,0.47347799,0.48739201,0.48739201,872710309
2022-06-18,0.487367,0.49466899,0.423419,0.456182,0.456182,1214101657
2022-06-19,0.45596999,0.48722601,0.437213,0.484364,0.484364,1050008285
2022-06-20,0.48440301,0.50796503,0.46288601,0.49226099,0.49226099,1096263588
2022-06-21,0.49226999,0.50972801,0.47731799,0.479204,0.479204,1018828248
2022-06-22,0.47950599,0.48099601,0.45794299,0.45856801,0.45856801,818977392
2022-06-23,0.45865199,0.48222101,0.45804,0.48029199,0.48029199,711554788
2022-06-24,0.48019901,0.508816,0.477045,0.49922401,0.49922401,945924412
2022-06-25,0.49923301,0.50694299,0.47951701,0.49894601,0.49894601,649820170
2022-06-26,0.49887601,0.524037,0.48942599,0.48965299,0.48965299,842528877
2022-06-27,0.48955801,0.50761497,0.47861999,0.48579001,0.48579001,709992597
2022-06-28,0.485571,0.496544,0.46822801,0.46967101,0.46967101,724759074
2022-06-29,0.46967301,0.475916,0.46046299,0.465509,0.465509,769352065
2022-06-30,0.46560201,0.46673599,0.436185,0.45884901,0.45884901,903962268
2022-07-01,0.45931199,0.470312,0.44441,0.448089,0.448089,796619668
2022-07-02,0.44817999,0.460592,0.442332,0.45635101,0.45635101,494852064
2022-07-03,0.456321,0.458882,0.44454601,0.455587,0.455587,439469536
2022-07-04,0.455612,0.47320899,0.445301,0.46964401,0.46964401,808524892
2022-07-05,0.469569,0.47067299,0.44543999,0.45763201,0.45763201,766706338
2022-07-06,0.45766801,0.46429101,0.44911501,0.46217901,0.46217901,622551308
2022-07-07,0.46221,0.48194501,0.461557,0.47781199,0.47781199,619107061
2022-07-08,0.477817,0.490917,0.461916,0.46731099,0.46731099,827327238
2022-07-09,0.46729001,0.484265,0.46649101,0.47876,0.47876,666827059
2022-07-10,0.478771,0.47942901,0.45706701,0.46322,0.46322,612314122
2022-07-11,0.46318099,0.46318099,0.43386501,0.43551999,0.43551999,737643033
2022-07-12,0.435581,0.44090599,0.41743499,0.41792801,0.41792801,707915451
2022-07-13,0.41788101,0.43972999,0.40643701,0.438108,0.438108,977278539
2022-07-14,0.43805701,0.444419,0.417741,0.44102499,0.44102499,861474952
2022-07-15,0.44111499,0.45155999,0.43396801,0.44245601,0.44245601,739541229
2022-07-16,0.44244501,0.45792699,0.43245801,0.45723,0.45723,653009372
2022-07-17,0.45731801,0.46506101,0.44378999,0.44735301,0.44735301,695937971
2022-07-18,0.44741499,0.497246,0.446383,0.49254301,0.49254301,1514608156
2022-07-19,0.49207801,0.52459401,0.47460699,0.51576799,0.51576799,1558576681
2022-07-20,0.51580101,0.546,0.489268,0.491043,0.491043,1559480054
2022-07-21,0.49107099,0.50144798,0.47723499,0.50009799,0.50009799,929201777
2022-07-22,0.50009102,0.51064301,0.47890401,0.483946,0.483946,783147406
2022-07-23,0.48372701,0.51753199,0.47551599,0.51736802,0.51736802,837188756
2022-07-24,0.51735997,0.53407401,0.51063198,0.51381397,0.51381397,910596091
2022-07-25,0.51376301,0.51481199,0.476237,0.47624999,0.47624999,747132740
2022-07-26,0.476298,0.47660401,0.45210499,0.46760699,0.46760699,753266177
2022-07-27,0.467713,0.510553,0.45982501,0.510553,0.510553,1108377917
2022-07-28,0.51058,0.52294803,0.49211201,0.51332802,0.51332802,1404871202
2022-07-29,0.513228,0.54408401,0.50833303,0.52333498,0.52333498,1601170272
2022-07-30,0.52321899,0.55121797,0.51198101,0.525576,0.525576,1247885850
2022-07-31,0.52559298,0.54253602,0.51495099,0.51701999,0.51701999,875157898
2022-08-01,0.51705098,0.52573299,0.50253099,0.51412302,0.51412302,647889797
2022-08-02,0.51390702,0.51460999,0.49022099,0.496833,0.496833,709947033
2022-08-03,0.49686599,0.51574302,0.49023601,0.50098801,0.50098801,553477710
2022-08-04,0.50097501,0.51042002,0.49488899,0.499668,0.499668,499753654
2022-08-05,0.49958199,0.51842701,0.49951401,0.51750302,0.51750302,536832135
2022-08-06,0.517564,0.52146798,0.51120597,0.51125598,0.51125598,370884770
2022-08-07,0.51137203,0.53666401,0.50766802,0.52746999,0.52746999,495713645
2022-08-08,0.52748799,0.54840702,0.523633,0.536596,0.536596,782794306
2022-08-09,0.53665602,0.537085,0.50764102,0.51405197,0.51405197,636681258
2022-08-10,0.51399201,0.53788602,0.50406098,0.53709298,0.53709298,816259967
2022-08-11,0.53710401,0.54659802,0.52989101,0.53125799,0.53125799,819277170
2022-08-12,0.53119498,0.54144198,0.522035,0.54075301,0.54075301,538287825
2022-08-13,0.54070801,0.566392,0.538688,0.55981302,0.55981302,930190208
2022-08-14,0.55981898,0.593898,0.55755401,0.57034302,0.57034302,1180283864
2022-08-15,0.57038599,0.58100998,0.545605,0.551171,0.551171,876107175
2022-08-16,0.55100399,0.56926697,0.54915702,0.55791497,0.55791497,734187541
2022-08-17,0.55792099,0.579925,0.53296697,0.53703803,0.53703803,1035477916
2022-08-18,0.53729999,0.542983,0.51141298,0.51263303,0.51263303,642877241
2022-08-19,0.51269799,0.51269799,0.44931901,0.45098001,0.45098001,1294433367
2022-08-20,0.45087501,0.46297899,0.43887001,0.451388,0.451388,792647751
2022-08-21,0.45126599,0.472278,0.44848201,0.46354601,0.46354601,616272980
2022-08-22,0.46353599,0.46353599,0.44001499,0.46144599,0.46144599,722091304
2022-08-23,0.461483,0.46880999,0.44780499,0.46520701,0.46520701,562953519
2022-08-24,0.46518201,0.46660101,0.45451799,0.45810899,0.45810899,494717036
2022-08-25,0.45810801,0.47341499,0.45804101,0.46499899,0.46499899,525337287
2022-08-26,0.464959,0.481639,0.428157,0.43086299,0.43086299,1299179883
2022-08-27,0.43103901,0.45079499,0.42807701,0.44970301,0.44970301,733099946
2022-08-28,0.44971901,0.453401,0.430049,0.430049,0.430049,519341943
2022-08-29,0.43007001,0.45204899,0.42768201,0.450703,0.450703,587946527
2022-08-30,0.45073599,0.46254599,0.440018,0.452169,0.452169,640051711
2022-08-31,0.452263,0.46277899,0.446055,0.44666499,0.44666499,521553602
2022-09-01,0.446677,0.45850199,0.442476,0.457481,0.457481,582859437
2022-09-02,0.45746401,0.465639,0.449913,0.454559,0.454559,525812957
2022-09-03,0.45453399,0.484817,0.45399401,0.480387,0.480387,778592386
2022-09-04,0.48037201,0.50582802,0.476805,0.503084,0.503084,907968827
2022-09-05,0.50316799,0.50533903,0.48388499,0.49912101,0.49912101,646475147
2022-09-06,0.499091,0.51115602,0.462991,0.46306601,0.46306601,982012136
2022-09-07,0.463011,0.481619,0.455477,0.47928199,0.47928199,693147052
2022-09-08,0.479274,0.48143101,0.464569,0.479274,0.479274,647768733
2022-09-09,0.47925299,0.50293797,0.478677,0.50291997,0.50291997,858927416
2022-09-10,0.50284201,0.52349299,0.496362,0.51242203,0.51242203,995666468
2022-09-11,0.51238,0.51915002,0.503308,0.50975198,0.50975198,705305295
2022-09-12,0.50975102,0.51886201,0.49781999,0.50154603,0.50154603,856809100
2022-09-13,0.501495,0.50752401,0.46291399,0.46888101,0.46888101,1004511415
2022-09-14,0.46391201,0.48570901,0.46304899,0.48137599,0.48137599,737527013
2022-09-15,0.481374,0.481406,0.46386901,0.465644,0.465644,685227625
2022-09-16,0.46570301,0.47413,0.45601901,0.47412601,0.47412601,558761609
2022-09-17,0.47422099,0.487726,0.47309899,0.487156,0.487156,511814025
2022-09-18,0.487091,0.48962101,0.444655,0.44718599,0.44718599,677522389
2022-09-19,0.447283,0.45568499,0.43438801,0.453504,0.453504,776470650
2022-09-20,0.45354301,0.45407099,0.43881401,0.441899,0.441899,544680283
2022-09-21,0.44195101,0.461842,0.43254599,0.44115901,0.44115901,1223771049
2022-09-22,0.44087601,0.46549901,0.43571001,0.45896599,0.45896599,762487961
2022-09-23,0.458951,0.47910801,0.44835201,0.46182099,0.46182099,1025328778
2022-09-24,0.46182999,0.467096,0.451294,0.45159999,0.45159999,582129449
2022-09-25,0.451599,0.46177301,0.440216,0.446188,0.446188,528836100
2022-09-26,0.44629899,0.45027,0.438234,0.44675699,0.44675699,630690579
2022-09-27,0.44681901,0.46249399,0.43817201,0.44189,0.44189,683067297
2022-09-28,0.441782,0.442514,0.42641401,0.43729001,0.43729001,618645006
2022-09-29,0.43730801,0.43836799,0.428464,0.43816999,0.43816999,533583651
2022-09-30,0.43818301,0.44054401,0.43024901,0.434414,0.434414,562475136
2022-10-01,0.43442899,0.43623099,0.42895699,0.43029299,0.43029299,317805815
2022-10-02,0.43028399,0.43229401,0.418966,0.419633,0.419633,404886268
2022-10-03,0.419644,0.428601,0.41809699,0.42799801,0.42799801,454947649
2022-10-04,0.42800301,0.43722001,0.42592001,0.435765,0.435765,443212603
2022-10-05,0.43577701,0.436221,0.424712,0.43127301,0.43127301,442089311
2022-10-06,0.431265,0.43668401,0.42678899,0.42868701,0.42868701,429115801
2022-10-07,0.428693,0.43031901,0.422391,0.42432001,0.42432001,412845097
2022-10-08,0.42425299,0.42676201,0.42011201,0.421736,0.421736,295762328
2022-10-09,0.42179099,0.42400101,0.41997501,0.42307201,0.42307201,280279986
2022-10-10,0.42305401,0.426265,0.401788,0.40180099,0.40180099,522186013
2022-10-11,0.40173501,0.40173501,0.388473,0.39054,0.39054,647675205
2022-10-12,0.39058301,0.39501899,0.37864,0.3813,0.3813,470666876
2022-10-13,0.38132301,0.382009,0.35116899,0.37763801,0.37763801,1059234268
2022-10-14,0.37762901,0.38853401,0.36204699,0.366851,0.366851,563104935
2022-10-15,0.36684901,0.369367,0.36208299,0.36374399,0.36374399,349542728
2022-10-16,0.36381301,0.37441799,0.36381301,0.37028101,0.37028101,337167739
2022-10-17,0.370271,0.375328,0.36659899,0.372345,0.372345,360241999
2022-10-18,0.372343,0.37390301,0.35931799,0.36182001,0.36182001,435708572
2022-10-19,0.36189201,0.36219901,0.34957701,0.350032,0.350032,430500856
2022-10-20,0.35004401,0.35550401,0.337724,0.34025401,0.34025401,497190070
2022-10-21,0.340251,0.34957701,0.33099401,0.34907699,0.34907699,513576018
2022-10-22,0.349098,0.35398701,0.343961,0.35140899,0.35140899,345854400
2022-10-23,0.35139799,0.3633,0.34660199,0.36209899,0.36209899,394201921
2022-10-24,0.36209601,0.36458999,0.35438401,0.35785699,0.35785699,389895509
2022-10-25,0.357838,0.41418901,0.35771,0.401988,0.401988,1215554912
2022-10-26,0.40167201,0.41021201,0.396357,0.403492,0.403492,761857225
2022-10-27,0.40351099,0.41426799,0.388504,0.388697,0.388697,719088729
2022-10-28,0.38867101,0.41074499,0.38010699,0.40450701,0.40450701,618236710
2022-10-29,0.40450799,0.435729,0.40226099,0.41977799,0.41977799,855151911
2022-10-30,0.419864,0.421159,0.40037501,0.40604699,0.40604699,577564479
2022-10-31,0.40603,0.41517401,0.39871299,0.40633601,0.40633601,569992895
2022-11-01,0.40628901,0.414435,0.39992499,0.401402,0.401402,452398724
2022-11-02,0.40138501,0.40774801,0.382296,0.386076,0.386076,741360035
2022-11-03,0.38606,0.39844701,0.38513601,0.38942,0.38942,445099982
2022-11-04,0.389397,0.42530701,0.38881201,0.421525,0.421525,909794346
2022-11-05,0.421525,0.436214,0.420775,0.42673501,0.42673501,701622249
2022-11-06,0.42674899,0.43027601,0.403005,0.403005,0.403005,495843423
2022-11-07,0.40296599,0.41574299,0.39902899,0.404259,0.404259,554735710
2022-11-08,0.40423399,0.413486,0.35325801,0.37183401,0.37183401,1420168187
2022-11-09,0.371961,0.37525001,0.31237799,0.317837,0.317837,1446651845
2022-11-10,0.31789199,0.37656301,0.31427401,0.36897701,0.36897701,1353707790
2022-11-11,0.368967,0.373032,0.343391,0.35466701,0.35466701,595121832
2022-11-12,0.35489899,0.35583401,0.33852899,0.33914399,0.33914399,389700815
2022-11-13,0.33918199,0.34486899,0.32735699,0.330127,0.330127,405636157
2022-11-14,0.33012301,0.340556,0.31594601,0.33184901,0.33184901,484659345
2022-11-15,0.33187401,0.344129,0.33033699,0.33700901,0.33700901,312070544
2022-11-16,0.33696401,0.34393001,0.325434,0.33238199,0.33238199,279986402
2022-11-17,0.332421,0.33402801,0.31996301,0.32485899,0.32485899,238288352
2022-11-18,0.32486901,0.332156,0.32139701,0.32622099,0.32622099,223268757
2022-11-19,0.326217,0.33168799,0.32307401,0.32851201,0.32851201,160053174
2022-11-20,0.328513,0.33073401,0.311079,0.312307,0.312307,241625735
2022-11-21,0.3123,0.31262201,0.297288,0.304548,0.304548,402254597
2022-11-22,0.304524,0.315869,0.29910401,0.31192201,0.31192201,303965817
2022-11-23,0.31198299,0.319166,0.309854,0.318317,0.318317,326001398
2022-11-24,0.318333,0.320685,0.31253999,0.31645799,0.31645799,221490892
2022-11-25,0.31641999,0.316827,0.308314,0.314989,0.314989,205372207
2022-11-26,0.314953,0.321897,0.312215,0.31378999,0.31378999,206097213
2022-11-27,0.313793,0.31919101,0.31228799,0.31245399,0.31245399,167898046
2022-11-28,0.312464,0.31378499,0.301404,0.30669999,0.30669999,268746809
2022-11-29,0.30669701,0.31237,0.30497,0.30937201,0.30937201,184241191
2022-11-30,0.309385,0.32062799,0.30905801,0.318883,0.318883,272587134
2022-12-01,0.31889099,0.319462,0.31362301,0.314484,0.314484,205527704
2022-12-02,0.31449401,0.31984201,0.31183299,0.31940699,0.31940699,189604155
2022-12-03,0.31940001,0.32559499,0.31713,0.31965399,0.31965399,228514876
2022-12-04,0.31963301,0.32365701,0.31883401,0.32275,0.32275,174449332
2022-12-05,0.32270899,0.328756,0.317321,0.31951699,0.31951699,202743238
2022-12-06,0.31951299,0.320856,0.31431299,0.31846401,0.31846401,162651156
2022-12-07,0.31847799,0.319006,0.308061,0.31031999,0.31031999,224226547
2022-12-08,0.310321,0.31564799,0.30813801,0.314843,0.314843,164158396
2022-12-09,0.314823,0.31627601,0.30936801,0.31167701,0.31167701,158935988
2022-12-10,0.311708,0.31480101,0.31126001,0.31260601,0.31260601,95343947
2022-12-11,0.312621,0.31490701,0.30674201,0.30771101,0.30771101,121149579
2022-12-12,0.30769899,0.30780801,0.30263999,0.30694899,0.30694899,180119689
2022-12-13,0.306941,0.318048,0.30017501,0.31286499,0.31286499,304333274
2022-12-14,0.31291601,0.31520599,0.30678299,0.30813399,0.30813399,255357209
2022-12-15,0.30812001,0.30849299,0.29836199,0.300201,0.300201,221898095
2022-12-16,0.30020699,0.301146,0.26178601,0.26407,0.26407,415410448
2022-12-17,0.26402399,0.267248,0.260272,0.2669,0.2669,336512356
2022-12-18,0.26692599,0.27068499,0.263998,0.26633501,0.26633501,178941855
2022-12-19,0.266348,0.26928899,0.25114,0.25294399,0.25294399,225101432
2022-12-20,0.25296101,0.26146901,0.25220999,0.25900701,0.25900701,187028227
2022-12-21,0.25899401,0.25920099,0.249219,0.25315401,0.25315401,204481179
2022-12-22,0.253158,0.25676301,0.24817599,0.25652301,0.25652301,174290867
2022-12-23,0.25654101,0.262308,0.25581399,0.25942901,0.25942901,178906111
2022-12-24,0.25942701,0.26039001,0.257364,0.259368,0.259368,90666010
2022-12-25,0.25937101,0.25990501,0.25529999,0.25927001,0.25927001,118238326
2022-12-26,0.25929299,0.26530701,0.25799,0.265297,0.265297,151542330
2022-12-27,0.265306,0.26596901,0.25748599,0.26036999,0.26036999,164331309
2022-12-28,0.26038399,0.260842,0.24796399,0.24837799,0.24837799,209596269
2022-12-29,0.24838001,0.24845999,0.24109399,0.24414,0.24414,214425739
2022-12-30,0.24412601,0.245987,0.24034999,0.245557,0.245557,159952057
2022-12-31,0.24557699,0.25168601,0.244431,0.246466,0.246466,144122815
2023-01-01,0.24641401,0.249771,0.24424499,0.249771,0.249771,113369989
2023-01-02,0.249778,0.25576699,0.24736799,0.25382799,0.25382799,159328803
2023-01-03,0.2538,0.25506201,0.25054801,0.25279599,0.25279599,153555529
2023-01-04,0.25279599,0.269564,0.252244,0.26767701,0.26767701,289945179
2023-01-05,0.26768899,0.27025101,0.26406401,0.26910201,0.26910201,175511469
2023-01-06,0.26909,0.27935901,0.26813501,0.27865201,0.27865201,326480796
2023-01-07,0.27866399,0.280018,0.27276599,0.277105,0.277105,166488086
2023-01-08,0.27702799,0.29521799,0.274984,0.29521799,0.29521799,391160515
2023-01-09,0.295414,0.34088099,0.295414,0.31710199,0.31710199,957174794
2023-01-10,0.31707799,0.324518,0.30914801,0.322496,0.322496,415469645
2023-01-11,0.32250199,0.32287201,0.308705,0.32274899,0.32274899,323983138
2023-01-12,0.32748699,0.333765,0.318243,0.32975799,0.32975799,497343610
2023-01-13,0.32975501,0.34931499,0.324763,0.34577101,0.34577101,365604016
2023-01-14,0.34573901,0.36903799,0.34305501,0.352552,0.352552,747126617
2023-01-15,0.35262001,0.353192,0.33997601,0.35036799,0.35036799,358086150
2023-01-16,0.350418,0.362748,0.34066099,0.35003999,0.35003999,398812791
2023-01-17,0.35008699,0.356015,0.34574401,0.345761,0.345761,296246243
2023-01-18,0.34577101,0.354608,0.32683399,0.32683501,0.32683501,461982437
2023-01-19,0.326841,0.342545,0.326745,0.33909899,0.33909899,252071129
2023-01-20,0.33904701,0.364757,0.33470401,0.364586,0.364586,365358670
2023-01-21,0.36458901,0.37942499,0.35916099,0.36902601,0.36902601,609231750
2023-01-22,0.36903301,0.38552901,0.36400399,0.37659401,0.37659401,604497889
2023-01-23,0.376591,0.38236499,0.37102199,0.37550399,0.37550399,526544110
2023-01-24,0.37538999,0.382503,0.35829499,0.35929701,0.35929701,382547334
2023-01-25,0.35934499,0.37856299,0.34840801,0.37340999,0.37340999,396421939
2023-01-26,0.37328699,0.38659799,0.37223199,0.380059,0.380059,481117555
2023-01-27,0.38005599,0.38929,0.37053999,0.38897899,0.38897899,360985598
2023-01-28,0.388993,0.39722499,0.37972701,0.38235101,0.38235101,354272484
2023-01-29,0.382346,0.39867499,0.37823099,0.39631301,0.39631301,328417772
2023-01-30,0.39667201,0.397607,0.36858901,0.372511,0.372511,398952288
2023-01-31,0.37254599,0.39656699,0.36942399,0.390926,0.390926,466045236
2023-02-01,0.390863,0.401057,0.37272301,0.39724299,0.39724299,488339901
2023-02-02,0.39718899,0.412929,0.39566401,0.39756301,0.39756301,551818110
2023-02-03,0.39750499,0.40643701,0.39678001,0.40433601,0.40433601,379100047
2023-02-04,0.40423301,0.405233,0.398334,0.399726,0.399726,264897945
2023-02-05,0.39972901,0.40168601,0.38433701,0.392472,0.392472,340587829
2023-02-06,0.39247701,0.402419,0.38160199,0.38242099,0.38242099,343275735
2023-02-07,0.38246301,0.399266,0.38238299,0.39921001,0.39921001,371684529
2023-02-08,0.39921299,0.40223399,0.38711801,0.39403301,0.39403301,356894107
2023-02-09,0.39407301,0.395235,0.35893601,0.36253101,0.36253101,486448326
2023-02-10,0.36246401,0.36543399,0.35578799,0.35863501,0.35863501,357711042
2023-02-11,0.35865599,0.369867,0.35778001,0.36920199,0.36920199,224047056
2023-02-12,0.36916599,0.37365299,0.361063,0.36429599,0.36429599,241295741
2023-02-13,0.364292,0.365529,0.34689599,0.35962701,0.35962701,368832511
2023-02-14,0.35957101,0.39213899,0.355391,0.38644099,0.38644099,476431370
2023-02-15,0.38647699,0.41811499,0.38257599,0.41811499,0.41811499,478319555
2023-02-16,0.41806099,0.419182,0.387687,0.38790199,0.38790199,552970408
2023-02-17,0.38786301,0.40933999,0.387052,0.403943,0.403943,403546665
2023-02-18,0.40392801,0.41594699,0.39847299,0.406331,0.406331,314618907
2023-02-19,0.406306,0.41162801,0.39907399,0.400107,0.400107,346665034
2023-02-20,0.40015101,0.40922999,0.39203599,0.40400299,0.40400299,375569552
2023-02-21,0.40404299,0.405485,0.38779101,0.39241701,0.39241701,387686829
2023-02-22,0.39243701,0.39271501,0.37882799,0.38892099,0.38892099,383736395
2023-02-23,0.388926,0.39463401,0.38079599,0.38302299,0.38302299,291434286
2023-02-24,0.38297501,0.38489801,0.35980701,0.36581901,0.36581901,396691064
2023-02-25,0.36584401,0.36733499,0.35387999,0.36236399,0.36236399,281884667
2023-02-26,0.362391,0.36980799,0.35847801,0.36897299,0.36897299,207684310
2023-02-27,0.36894,0.36989301,0.358805,0.36489901,0.36489901,232732125
2023-02-28,0.364887,0.367607,0.349691,0.35245401,0.35245401,240196843
2023-03-01,0.35252601,0.36366799,0.35050601,0.360356,0.360356,229659633
2023-03-02,0.36037201,0.36108699,0.34598199,0.35020599,0.35020599,245002411
2023-03-03,0.350256,0.350676,0.327622,0.34273699,0.34273699,396068284
2023-03-04,0.34275299,0.344338,0.33173099,0.33649901,0.33649901,173055989
2023-03-05,0.33649001,0.34250599,0.33532101,0.337102,0.337102,171839723
2023-03-06,0.33709899,0.33840901,0.33041,0.33082101,0.33082101,225815313
2023-03-07,0.33085999,0.334501,0.32305399,0.33048299,0.33048299,272117336
2023-03-08,0.33047,0.33240899,0.31565699,0.317577,0.317577,293562114
2023-03-09,0.31760901,0.32142401,0.30315199,0.30967799,0.30967799,444234076
2023-03-10,0.30974799,0.317734,0.298484,0.31534201,0.31534201,469881853
2023-03-11,0.31533399,0.32279399,0.304548,0.307327,0.307327,444484034
2023-03-12,0.30731899,0.33153901,0.30440801,0.33153901,0.33153901,375802348
2023-03-13,0.33160299,0.35207799,0.32868999,0.344585,0.344585,652883098
2023-03-14,0.34457999,0.36849201,0.339232,0.34430799,0.34430799,594801973
2023-03-15,0.344394,0.34803399,0.317716,0.324637,0.324637,589352992
2023-03-16,0.32476699,0.32950801,0.32001001,0.32538301,0.32538301,342137034
2023-03-17,0.325403,0.35052401,0.32263801,0.35052401,0.35052401,413038577
2023-03-18,0.35053501,0.35659599,0.336988,0.33771101,0.33771101,367227473
2023-03-19,0.337717,0.35269901,0.337717,0.34601,0.34601,269005859
2023-03-20,0.34595999,0.34674001,0.33213499,0.33259499,0.33259499,322120843
2023-03-21,0.33261901,0.38427299,0.331808,0.371236,0.371236,685951110
2023-03-22,0.37119299,0.38695899,0.35148099,0.36061299,0.36061299,792747065
2023-03-23,0.360576,0.38436401,0.35505199,0.37204501,0.37204501,435026934
2023-03-24,0.37206,0.37272,0.35702899,0.36008301,0.36008301,305578157
2023-03-25,0.36009899,0.362876,0.34995201,0.351996,0.351996,211460876
2023-03-26,0.35200101,0.36141101,0.349796,0.35624501,0.35624501,219918828
2023-03-27,0.356253,0.356989,0.33873799,0.34551001,0.34551001,302198799
2023-03-28,0.34556499,0.369459,0.34380901,0.36835399,0.36835399,319572685
2023-03-29,0.368303,0.38950601,0.36743101,0.381589,0.381589,472185946
2023-03-30,0.38161001,0.38692901,0.37089801,0.376459,0.376459,391063045
2023-03-31,0.37649599,0.407938,0.375081,0.39892301,0.39892301,637648499
2023-04-01,0.39888,0.401232,0.38275301,0.38538799,0.38538799,355308379
2023-04-02,0.39319599,0.39319599,0.37731701,0.381753,0.381753,300032590
2023-04-03,0.381735,0.403465,0.37287501,0.38713899,0.38713899,617334084
2023-04-04,0.38715199,0.399445,0.38570699,0.38968301,0.38968301,386367284
2023-04-05,0.389689,0.39959401,0.38792399,0.392364,0.392364,303259182
2023-04-06,0.39237699,0.39246801,0.37772399,0.38321,0.38321,271945888
2023-04-07,0.38320199,0.384938,0.377206,0.383643,0.383643,191601659
2023-04-08,0.38362601,0.390248,0.38108701,0.38563499,0.38563499,202832134
2023-04-09,0.385665,0.39275301,0.385279,0.38969299,0.38969299,198718327
2023-04-10,0.38970101,0.397423,0.38549,0.39698899,0.39698899,259765415
2023-04-11,0.39704499,0.41163099,0.39626399,0.401456,0.401456,445334495
2023-04-12,0.40148601,0.409309,0.39026999,0.40656301,0.40656301,372409439
2023-04-13,0.40486899,0.42818099,0.40187401,0.42575899,0.42575899,517280941
2023-04-14,0.425744,0.44408,0.42517799,0.43832999,0.43832999,722237052
2023-04-15,0.43833801,0.46056199,0.43280801,0.45328,0.45328,588188293
2023-04-16,0.45326599,0.457266,0.444282,0.45175499,0.45175499,378398337
2023-04-17,0.451758,0.451758,0.43316799,0.434167,0.434167,467653074
2023-04-18,0.43419501,0.447752,0.42962101,0.44375199,0.44375199,344714826
2023-04-19,0.443726,0.443726,0.41203901,0.415793,0.415793,572007595
2023-04-20,0.415797,0.421671,0.39739901,0.400731,0.400731,446305606
2023-04-21,0.40072501,0.406409,0.38041499,0.38293901,0.38293901,423456899
2023-04-22,0.382952,0.39852601,0.38171801,0.396153,0.396153,263309100
2023-04-23,0.396119,0.396119,0.38197401,0.389,0.389,238675240
2023-04-24,0.388998,0.396608,0.38128501,0.38391599,0.38391599,282707626
2023-04-25,0.38391399,0.39497301,0.37779099,0.39491901,0.39491901,286897325
2023-04-26,0.39489001,0.41657799,0.38246399,0.40149799,0.40149799,488881520
2023-04-27,0.40150401,0.417869,0.401474,0.409843,0.409843,398037704
2023-04-28,0.40985599,0.41063699,0.39916,0.40493199,0.40493199,231694651
2023-04-29,0.40491799,0.407489,0.40193501,0.40278399,0.40278399,156258897
2023-04-30,0.40277901,0.414583,0.396346,0.39735401,0.39735401,227002470
2023-05-01,0.39728099,0.39774701,0.38162601,0.386857,0.386857,273072699
2023-05-02,0.38685101,0.39454699,0.38301599,0.39177299,0.39177299,197535867
2023-05-03,0.39176801,0.396119,0.37938401,0.393942,0.393942,262387946
2023-05-04,0.393962,0.39604101,0.38589001,0.38744801,0.38744801,173399725
2023-05-05,0.387454,0.396633,0.38566899,0.39468399,0.39468399,213191196
2023-05-06,0.39468899,0.39671999,0.37658,0.380119,0.380119,226511291
2023-05-07,0.380088,0.383486,0.37661201,0.37690601,0.37690601,156582718
2023-05-08,0.37689501,0.379675,0.35856301,0.36582801,0.36582801,326851208
2023-05-09,0.365794,0.369506,0.36090001,0.36380601,0.36380601,196752939
2023-05-10,0.36378801,0.37268499,0.35585099,0.369937,0.369937,339570773
2023-05-11,0.369957,0.369957,0.351208,0.360039,0.360039,243032648
2023-05-12,0.360001,0.37054801,0.355802,0.37046301,0.37046301,262170427
2023-05-13,0.37047401,0.37064201,0.363383,0.365031,0.365031,131504736
2023-05-14,0.36502701,0.372794,0.36393499,0.37076101,0.37076101,122914097
2023-05-15,0.37078699,0.37546501,0.36748001,0.36748201,0.36748201,176627170
2023-05-16,0.36745301,0.370085,0.36296001,0.36783001,0.36783001,168825148
2023-05-17,0.36784101,0.379529,0.365163,0.37542501,0.37542501,222726188
2023-05-18,0.37544101,0.37980899,0.36715201,0.372078,0.372078,203250353
2023-05-19,0.37203601,0.37265301,0.366941,0.36821499,0.36821499,133533511
2023-05-20,0.368242,0.36838201,0.364512,0.366357,0.366357,118748065
2023-05-21,0.36635199,0.36739799,0.358336,0.36036301,0.36036301,116595379
2023-05-22,0.36038199,0.37321299,0.357263,0.36799699,0.36799699,177956408
2023-05-23,0.36800399,0.37517801,0.36659601,0.37048399,0.37048399,141912382
2023-05-24,0.3705,0.37056601,0.360984,0.364234,0.364234,175329362
2023-05-25,0.36421901,0.364622,0.355721,0.35841599,0.35841599,157069344
2023-05-26,0.358408,0.36633199,0.35448399,0.36288401,0.36288401,173562194
2023-05-27,0.36287299,0.36723,0.362082,0.36677399,0.36677399,106732324
2023-05-28,0.36678001,0.38374501,0.36648899,0.382999,0.382999,223363707
2023-05-29,0.383026,0.38594699,0.37636799,0.37913799,0.37913799,190025476
2023-05-30,0.37912899,0.383068,0.375512,0.37793401,0.37793401,186645169
2023-05-31,0.37793699,0.38035899,0.371003,0.374403,0.374403,193309518
2023-06-01,0.374414,0.37547401,0.36169201,0.36472401,0.36472401,235187863
2023-06-02,0.36470899,0.37926,0.36315599,0.378304,0.378304,202740337
2023-06-03,0.37825301,0.378304,0.37413099,0.376028,0.376028,114085774
2023-06-04,0.37604001,0.381735,0.37531501,0.377693,0.377693,139910794
2023-06-05,0.377691,0.379022,0.34826401,0.35201499,0.35201499,292202913
2023-06-06,0.35200199,0.35653099,0.33906901,0.353715,0.353715,262332330
2023-06-07,0.35369799,0.35369799,0.319626,0.32227799,0.32227799,388306759
2023-06-08,0.32226199,0.330217,0.320948,0.32315701,0.32315701,249967035
2023-06-09,0.32316199,0.32337999,0.291673,0.29540101,0.29540101,508063099
2023-06-10,0.295378,0.295378,0.23041999,0.27619401,0.27619401,1293643754
2023-06-11,0.27604699,0.27940401,0.26031199,0.27263001,0.27263001,507820127
2023-06-12,0.27258301,0.285934,0.26669401,0.27504799,0.27504799,431423925
2023-06-13,0.27505401,0.287422,0.26989299,0.274986,0.274986,319427367
2023-06-14,0.27498999,0.276916,0.258221,0.263226,0.263226,244895035
2023-06-15,0.26323399,0.26525399,0.25340599,0.26195699,0.26195699,256333352
2023-06-16,0.261969,0.26681301,0.255353,0.26318499,0.26318499,175866740
2023-06-17,0.26318699,0.27291399,0.26116401,0.26692799,0.26692799,171716790
2023-06-18,0.26692301,0.268664,0.260203,0.26096299,0.26096299,136453692
2023-06-19,0.260968,0.26324499,0.25791001,0.26304799,0.26304799,142015570
2023-06-20,0.26309699,0.27039799,0.25323099,0.270329,0.270329,214174021
2023-06-21,0.27033001,0.28863201,0.269398,0.287,0.287,343644852
2023-06-22,0.28698599,0.30430001,0.28617901,0.29031301,0.29031301,340493541
2023-06-23,0.29034299,0.30223799,0.28806299,0.296482,0.296482,245002154
2023-06-24,0.29648501,0.29726601,0.28593701,0.290012,0.290012,208155226
2023-06-25,0.29000199,0.303087,0.28911799,0.29232499,0.29232499,225729335
2023-06-26,0.29230899,0.29245999,0.27825499,0.28035399,0.28035399,211210054
2023-06-27,0.28035399,0.28910801,0.279331,0.28652,0.28652,196600613
2023-06-28,0.28652599,0.28678501,0.26491001,0.267169,0.267169,277304805
2023-06-29,0.267162,0.27787,0.26700801,0.27556399,0.27556399,195764456
2023-06-30,0.27550501,0.29831001,0.272654,0.28695601,0.28695601,517537042
2023-07-01,0.286957,0.292808,0.28275001,0.29234001,0.29234001,227531987
2023-07-02,0.29235199,0.293093,0.28776899,0.29205501,0.29205501,193472138
2023-07-03,0.29204199,0.29930899,0.29116499,0.29631099,0.29631099,196367871
2023-07-04,0.296334,0.30094799,0.29128999,0.292615,0.292615,234604743
2023-07-05,0.29262,0.2956,0.28128999,0.28447101,0.28447101,231548975
2023-07-06,0.284462,0.29335299,0.27709299,0.27970001,0.27970001,288260059
2023-07-07,0.27965599,0.28521699,0.27795401,0.28452501,0.28452501,208453044
2023-07-08,0.28451899,0.29220501,0.28267199,0.29065099,0.29065099,207964892
2023-07-09,0.29064399,0.29150799,0.28376701,0.28459099,0.28459099,182219306
2023-07-10,0.28459799,0.292586,0.279614,0.28799099,0.28799099,257987869
2023-07-11,0.28799999,0.293724,0.28799999,0.29281801,0.29281801,198400377
2023-07-12,0.29282001,0.29484501,0.28590199,0.28875801,0.28875801,174629627
2023-07-13,0.28878,0.35846999,0.28644499,0.357658,0.357658,1078757677
2023-07-14,0.357485,0.37470999,0.31934199,0.32880101,0.32880101,852132416
2023-07-15,0.32878,0.33737099,0.325553,0.32636499,0.32636499,265031790
2023-07-16,0.32636699,0.32744399,0.313647,0.31488401,0.31488401,298667636
2023-07-17,0.31489301,0.31946599,0.30662701,0.312489,0.312489,273592230
2023-07-18,0.31244001,0.31358999,0.30243501,0.307399,0.307399,287022077
2023-07-19,0.307702,0.32584199,0.30740899,0.323513,0.323513,451977716
2023-07-20,0.32346001,0.33155999,0.31134501,0.316093,0.316093,412101582
2023-07-21,0.31604499,0.31806299,0.311068,0.313292,0.313292,207721960
2023-07-22,0.31331599,0.31481001,0.307356,0.30977201,0.30977201,179065530
2023-07-23,0.30984101,0.31852701,0.30837801,0.31716299,0.31716299,168560213
2023-07-24,0.31716001,0.31859601,0.301431,0.305309,0.305309,245375061
2023-07-25,0.305307,0.30734301,0.302331,0.30401701,0.30401701,177902317
2023-07-26,0.304005,0.31029999,0.30088499,0.30664101,0.30664101,211751643
2023-07-27,0.30660099,0.313025,0.30598599,0.30752501,0.30752501,168357194
2023-07-28,0.30751899,0.31269601,0.30674499,0.31020099,0.31020099,146065281
2023-07-29,0.310197,0.314248,0.30926499,0.312765,0.312765,150822871
2023-07-30,0.31275699,0.31780601,0.30737901,0.315633,0.315633,184419569
2023-07-31,0.31558201,0.31772,0.30689499,0.30748799,0.30748799,193109898
2023-08-01,0.30748501,0.30995101,0.29912701,0.30995101,0.30995101,255356878
2023-08-02,0.30999801,0.311268,0.29901299,0.299389,0.299389,225428320
2023-08-03,0.299393,0.30102399,0.29091901,0.29257599,0.29257599,308202642
2023-08-04,0.292519,0.29688099,0.29089901,0.29338801,0.29338801,209059217
2023-08-05,0.29338801,0.29366499,0.29046601,0.29362899,0.29362899,171376888
2023-08-06,0.293634,0.29531401,0.29079801,0.29208201,0.29208201,162499505
2023-08-07,0.29207999,0.29518399,0.28440601,0.29029599,0.29029599,261829458
2023-08-08,0.29030901,0.30209199,0.28961501,0.29774499,0.29774499,325442761
2023-08-09,0.297773,0.301882,0.296489,0.30114001,0.30114001,237656101
2023-08-10,0.30115801,0.30133301,0.29609099,0.29613,0.29613,193645057
2023-08-11,0.29614699,0.297167,0.29252401,0.29345,0.29345,134863796
2023-08-12,0.293448,0.29432899,0.291076,0.29183701,0.29183701,116090863
2023-08-13,0.291834,0.29319701,0.28777701,0.28953099,0.28953099,138807073
2023-08-14,0.289529,0.29207399,0.28781599,0.290611,0.290611,136047668
2023-08-15,0.29061601,0.290645,0.278045,0.28181699,0.28181699,188931464
2023-08-16,0.28181699,0.28260699,0.26765001,0.27453199,0.27453199,246639932
2023-08-17,0.27452499,0.27785599,0.245795,0.25595799,0.25595799,352479738
2023-08-18,0.255983,0.26677799,0.25560501,0.26389199,0.26389199,268892871
2023-08-19,0.263899,0.26943901,0.26102,0.26837799,0.26837799,144989107
2023-08-20,0.26838601,0.27254501,0.26538199,0.27070901,0.27070901,147916643
2023-08-21,0.270704,0.27188399,0.26164699,0.263179,0.263179,182615915
2023-08-22,0.26314601,0.26328,0.252303,0.25836599,0.25836599,212444186
2023-08-23,0.258371,0.26928401,0.25824901,0.26796499,0.26796499,193068301
2023-08-24,0.26797301,0.27102101,0.262559,0.26588401,0.26588401,166177312
2023-08-25,0.26588401,0.270064,0.259707,0.26108,0.26108,226745372
2023-08-26,0.26107499,0.26161399,0.25845501,0.26095301,0.26095301,131669884
2023-08-27,0.26095501,0.26494101,0.260313,0.263446,0.263446,144926713
2023-08-28,0.26345301,0.26760599,0.258775,0.267434,0.267434,162632681
2023-08-29,0.26742101,0.27857399,0.260564,0.27244899,0.27244899,338279148
2023-08-30,0.27246401,0.27282199,0.261397,0.265654,0.265654,217687329
2023-08-31,0.26567599,0.266164,0.25252399,0.255373,0.255373,203402067
2023-09-01,0.25536799,0.25855899,0.25267899,0.25518501,0.25518501,174494416
2023-09-02,0.25518799,0.25719699,0.25427401,0.25623,0.25623,116288308
2023-09-03,0.25624201,0.25661299,0.253593,0.25579301,0.25579301,99655432
2023-09-04,0.255799,0.25946599,0.25400999,0.25614601,0.25614601,96786285
2023-09-05,0.25614601,0.25825599,0.25436899,0.25761399,0.25761399,91567308
2023-09-06,0.25762099,0.25926599,0.253398,0.25766701,0.25766701,116742728
2023-09-07,0.25766999,0.25913101,0.25341201,0.25771999,0.25771999,112745360
2023-09-08,0.25773999,0.25910801,0.25302699,0.25437,0.25437,100457117
2023-09-09,0.25437799,0.25563201,0.253371,0.253492,0.253492,58257359
2023-09-10,0.25349501,0.25349501,0.245461,0.249052,0.249052,130899937
2023-09-11,0.24903999,0.249382,0.237626,0.241873,0.241873,135478337
2023-09-12,0.241868,0.251331,0.241102,0.24586999,0.24586999,120715898
2023-09-13,0.245869,0.249715,0.24392401,0.24888401,0.24888401,103707077
2023-09-14,0.24888401,0.25226501,0.24692801,0.25118101,0.25118101,111430594
2023-09-15,0.25118601,0.25467801,0.24570499,0.25064299,0.25064299,126290025
2023-09-16,0.25060001,0.25360501,0.24886701,0.25043601,0.25043601,88723252
2023-09-17,0.250431,0.251167,0.2458,0.247316,0.247316,85817848
2023-09-18,0.247327,0.25586799,0.245121,0.25174299,0.25174299,123063381
2023-09-19,0.25174099,0.25754401,0.251228,0.25525999,0.25525999,105915013
2023-09-20,0.25526801,0.256033,0.250999,0.25163001,0.25163001,106833619
2023-09-21,0.25163999,0.25290501,0.24544001,0.245455,0.245455,248242483
2023-09-22,0.24545801,0.246383,0.24323601,0.244922,0.244922,120378252
2023-09-23,0.24491601,0.246675,0.24399599,0.246133,0.246133,68761491
2023-09-24,0.24613599,0.24622799,0.24256501,0.243026,0.243026,75004199
2023-09-25,0.243028,0.24606401,0.242182,0.24588101,0.24588101,116640933
2023-09-26,0.24587201,0.24739601,0.243954,0.245395,0.245395,106282468
2023-09-27,0.245391,0.247922,0.24310701,0.244791,0.244791,107855435
2023-09-28,0.244789,0.25044101,0.243497,0.24912,0.24912,133206511
2023-09-29,0.24911401,0.255447,0.24797399,0.24953599,0.24953599,168414042
2023-09-30,0.249539,0.254673,0.249322,0.25404701,0.25404701,108039965
2023-10-01,0.25404301,0.26747099,0.25401899,0.26589501,0.26589501,165088197
2023-10-02,0.26588801,0.269036,0.25825799,0.25951299,0.25951299,212684773
2023-10-03,0.25948599,0.264218,0.25808999,0.26102799,0.26102799,160216793
2023-10-04,0.26103199,0.26104999,0.254574,0.25931501,0.25931501,138128623
2023-10-05,0.25929299,0.26371801,0.25704399,0.260149,0.260149,103200693
2023-10-06,0.260151,0.26655799,0.260151,0.26487201,0.26487201,93706350
2023-10-07,0.26486501,0.26552099,0.25721401,0.258735,0.258735,116821694
2023-10-08,0.25875199,0.25912699,0.25594699,0.25662899,0.25662899,77624838
2023-10-09,0.25661001,0.258533,0.24942499,0.25164199,0.25164199,134553476
2023-10-10,0.25163099,0.25310099,0.247501,0.24914099,0.24914099,110183513
2023-10-11,0.249127,0.24948099,0.245405,0.24800099,0.24800099,113880690
2023-10-12,0.247999,0.248071,0.243176,0.245922,0.245922,92208448
2023-10-13,0.245911,0.24915899,0.245187,0.24614599,0.24614599,99166403
2023-10-14,0.24614599,0.247656,0.245249,0.24701101,0.24701101,71920372
2023-10-15,0.246998,0.248246,0.245786,0.247356,0.247356,81524646
2023-10-16,0.247346,0.25779799,0.247346,0.25156301,0.25156301,187099359
2023-10-17,0.25155801,0.25167599,0.246613,0.247115,0.247115,131953756
2023-10-18,0.24710301,0.247931,0.243062,0.243453,0.243453,107992174
2023-10-19,0.243453,0.246924,0.240656,0.246923,0.246923,120374373
2023-10-20,0.24693801,0.252718,0.24598099,0.251138,0.251138,137878642
2023-10-21,0.251122,0.261917,0.249984,0.25858501,0.25858501,138559397
2023-10-22,0.258589,0.26404399,0.25683099,0.26357299,0.26357299,121687463
2023-10-23,0.265028,0.27995399,0.26248699,0.27995399,0.27995399,313911948
2023-10-24,0.27998799,0.29318899,0.274948,0.27899301,0.27899301,386762854
2023-10-25,0.27903399,0.28945699,0.27712601,0.28055599,0.28055599,244471413
2023-10-26,0.28059399,0.297003,0.28059399,0.287292,0.287292,299638179
2023-10-27,0.28725499,0.29216,0.28139201,0.28946799,0.28946799,188027753
2023-10-28,0.28950101,0.29728201,0.28920799,0.29124999,0.29124999,146280893
2023-10-29,0.291269,0.29859599,0.28951001,0.29528299,0.29528299,144390110
2023-10-30,0.29530501,0.302964,0.29275501,0.30273399,0.30273399,222609453
2023-10-31,0.30277401,0.30461401,0.28782901,0.293107,0.293107,303875077
2023-11-01,0.29312599,0.308579,0.285319,0.307459,0.307459,334066110
2023-11-02,0.30745,0.32912901,0.301588,0.32314199,0.32314199,459253523
2023-11-03,0.32314801,0.32919601,0.31263101,0.32902101,0.32902101,355511861
2023-11-04,0.32903099,0.330268,0.32191801,0.32854199,0.32854199,203170093
2023-11-05,0.32855299,0.34979001,0.32718199,0.34287,0.34287,315492035
2023-11-06,0.342859,0.37525201,0.33993599,0.363408,0.363408,418581325
2023-11-07,0.36329299,0.36547199,0.33513001,0.35157099,0.35157099,438830911
2023-11-08,0.351583,0.35976401,0.349922,0.35835001,0.35835001,300080444
2023-11-09,0.35832301,0.38583899,0.35274199,0.36833501,0.36833501,685476982
2023-11-10,0.368388,0.38754901,0.36481699,0.38620999,0.38620999,550972799
2023-11-11,0.386226,0.39439401,0.371627,0.38456401,0.38456401,537348711
2023-11-12,0.38454399,0.39081901,0.37351999,0.38338301,0.38338301,398823705
2023-11-13,0.383414,0.38833901,0.35590801,0.35841501,0.35841501,441634462
2023-11-14,0.35831499,0.371355,0.344953,0.35787001,0.35787001,430223143
2023-11-15,0.35788199,0.37929201,0.35451001,0.37929201,0.37929201,400207664
2023-11-16,0.37928301,0.40852499,0.36209899,0.371766,0.371766,784296833
2023-11-17,0.37179101,0.37815699,0.35510701,0.36660901,0.36660901,419332542
2023-11-18,0.366795,0.377729,0.35102201,0.37769401,0.37769401,350054655
2023-11-19,0.37768799,0.38536599,0.370262,0.384525,0.384525,308083348
2023-11-20,0.38452899,0.39927599,0.37910599,0.38068199,0.38068199,393879761
2023-11-21,0.38071299,0.38932601,0.35730001,0.35863101,0.35863101,449348189
2023-11-22,0.35846999,0.38705501,0.357429,0.38066,0.38066,306716799
2023-11-23,0.380676,0.387142,0.37803701,0.386675,0.386675,241703105
2023-11-24,0.386695,0.39734399,0.38499501,0.386213,0.386213,350870124
2023-11-25,0.38622001,0.39570299,0.38570201,0.394811,0.394811,215322275
2023-11-26,0.394788,0.395569,0.38116401,0.38818499,0.38818499,234557830
2023-11-27,0.38811299,0.39178601,0.37203401,0.37835899,0.37835899,254570208
2023-11-28,0.37834099,0.38811499,0.370489,0.38562399,0.38562399,273962828
2023-11-29,0.38563299,0.38880101,0.378548,0.38177601,0.38177601,256880751
2023-11-30,0.38180301,0.38257599,0.372702,0.37589499,0.37589499,267025029
2023-12-01,0.375891,0.38524699,0.37448299,0.384202,0.384202,248849205
2023-12-02,0.384204,0.39784399,0.38341501,0.397798,0.397798,255637811
2023-12-03,0.39782101,0.40232301,0.38856399,0.39515501,0.39515501,305052507
2023-12-04,0.395192,0.41455001,0.39486101,0.406811,0.406811,554694756
2023-12-05,0.40682,0.42565799,0.39797899,0.42565799,0.42565799,507494057
2023-12-06,0.42560601,0.454101,0.41864499,0.442406,0.442406,815040059
2023-12-07,0.442458,0.459048,0.43446499,0.45643201,0.45643201,569699700
2023-12-08,0.45642799,0.56659502,0.45356399,0.54592103,0.54592103,1645334961
2023-12-09,0.54586297,0.64302403,0.54586297,0.57859999,0.57859999,2566810314
2023-12-10,0.57859802,0.61311197,0.57216299,0.59415501,0.59415501,1165845170
2023-12-11,0.59403801,0.59756601,0.52461398,0.55102098,0.55102098,1314283882
2023-12-12,0.55100399,0.60438699,0.55100399,0.57640702,0.57640702,1221353455
2023-12-13,0.57670301,0.67457497,0.54865998,0.66524398,0.66524398,1790051002
2023-12-14,0.66550499,0.67780501,0.62482703,0.64347798,0.64347798,1379685748
2023-12-15,0.64343297,0.652071,0.60137099,0.601408,0.601408,873847582
2023-12-16,0.60127002,0.62447298,0.59063298,0.60760897,0.60760897,626131200
2023-12-17,0.60760701,0.61633998,0.57829797,0.58031398,0.58031398,560320053
2023-12-18,0.580244,0.60103297,0.54670203,0.60103297,0.60103297,730352029
2023-12-19,0.60113198,0.61621302,0.56820297,0.57660002,0.57660002,661906697
2023-12-20,0.57661003,0.60880399,0.57089198,0.589329,0.589329,670750543
2023-12-21,0.58931702,0.638403,0.583193,0.636599,0.636599,816345866
2023-12-22,0.63649601,0.650267,0.60927403,0.62421602,0.62421602,820661167
2023-12-23,0.62409699,0.62409699,0.599693,0.61454803,0.61454803,501680737
2023-12-24,0.61450899,0.62707698,0.59209597,0.59395498,0.59395498,801864460
2023-12-25,0.59386402,0.63357699,0.59181303,0.62572098,0.62572098,636249032
2023-12-26,0.62564701,0.62642598,0.58089298,0.60879898,0.60879898,856384699
2023-12-27,0.60885203,0.64286798,0.58692598,0.63353503,0.63353503,856202366
2023-12-28,0.63366097,0.67545003,0.61197102,0.61742198,0.61742198,1241270531
2023-12-29,0.61740601,0.62525302,0.59594798,0.60849398,0.60849398,731991586
2023-12-30,0.60851002,0.61276501,0.595186,0.601964,0.601964,396120733
2023-12-31,0.60189801,0.60921502,0.58833301,0.59420502,0.59420502,413744730
2024-01-01,0.59418702,0.62381202,0.59273899,0.62311,0.62311,397524048
2024-01-02,0.62314099,0.63670403,0.60356802,0.605667,0.605667,607247161
2024-01-03,0.60566902,0.617962,0.52513897,0.55728602,0.55728602,1127440527
2024-01-04,0.55727702,0.57776499,0.55285197,0.57056701,0.57056701,591385300
2024-01-05,0.57054299,0.57270902,0.52667201,0.541242,0.541242,632156325
2024-01-06,0.541309,0.54221201,0.50953501,0.523103,0.523103,456993353
2024-01-07,0.52316898,0.52950603,0.49030599,0.494174,0.494174,403756656
2024-01-08,0.494223,0.54290199,0.46818599,0.54093599,0.54093599,745831623
2024-01-09,0.54107201,0.54258502,0.49899799,0.511527,0.511527,655557451
2024-01-10,0.51159102,0.58717799,0.49435601,0.56664699,0.56664699,989682776
2024-01-11,0.56661701,0.615794,0.56251901,0.58217901,0.58217901,1154998819
2024-01-12,0.58213401,0.58770198,0.53610498,0.547333,0.547333,683350420
2024-01-13,0.54730099,0.55300802,0.53709501,0.54933602,0.54933602,373150180
2024-01-14,0.54936898,0.54956597,0.52598101,0.52598101,0.52598101,346165271
2024-01-15,0.52590799,0.540546,0.52486902,0.52816099,0.52816099,330276278
2024-01-16,0.52805001,0.54601902,0.527511,0.535676,0.535676,318265757
2024-01-17,0.53565001,0.53877503,0.52380002,0.52702898,0.52702898,298718568
2024-01-18,0.527071,0.52724898,0.49745899,0.50187403,0.50187403,381732750
2024-01-19,0.50188202,0.50330502,0.47427401,0.503151,0.503151,433001996
2024-01-20,0.50314802,0.51682198,0.49963301,0.51500499,0.51500499,336655525
2024-01-21,0.51500601,0.51956701,0.50310498,0.50310498,0.50310498,234978951
2024-01-22,0.50315499,0.50508898,0.47804999,0.47850201,0.47850201,444335289
2024-01-23,0.47849,0.485338,0.44969901,0.476749,0.476749,538390729
2024-01-24,0.47676301,0.47895601,0.464782,0.47629601,0.47629601,390187602
2024-01-25,0.476302,0.483024,0.45986301,0.466479,0.466479,340646602
2024-01-26,0.466472,0.48961601,0.463956,0.48529401,0.48529401,362190657
2024-01-27,0.48526299,0.48954701,0.47692099,0.486321,0.486321,239780792
2024-01-28,0.48632601,0.49955401,0.48515201,0.489719,0.489719,343442273
2024-01-29,0.489768,0.52730203,0.48556799,0.52527499,0.52527499,446796336
2024-01-30,0.525298,0.53574198,0.51415801,0.51416498,0.51416498,491907648
2024-01-31,0.51409501,0.51921898,0.495401,0.498256,0.498256,469078638
2024-02-01,0.498247,0.50734001,0.48714301,0.50702298,0.50702298,374171939
2024-02-02,0.50703001,0.52346897,0.50473303,0.51395798,0.51395798,416712948
2024-02-03,0.51398897,0.52447701,0.51270801,0.51286101,0.51286101,277537205
2024-02-04,0.51288199,0.51288199,0.49425599,0.49425599,0.49425599,239201178
2024-02-05,0.49423999,0.50476599,0.48848099,0.49333999,0.49333999,276562781
2024-02-06,0.49338201,0.50342101,0.49008501,0.498463,0.498463,274076725
2024-02-07,0.49844199,0.50184399,0.475045,0.501773,0.501773,492711608
2024-02-08,0.50179499,0.53482902,0.50179499,0.52926898,0.52926898,679323504
2024-02-09,0.52944899,0.54728103,0.52834898,0.54079199,0.54079199,524686031
2024-02-10,0.54074103,0.556023,0.53016901,0.55141199,0.55141199,395418510
2024-02-11,0.551422,0.56410199,0.53691298,0.54141003,0.54141003,523269115
2024-02-12,0.54143298,0.56461197,0.53194797,0.560031,0.560031,484749602
2024-02-13,0.55999899,0.56369603,0.53554499,0.54499602,0.54499602,461202155
2024-02-14,0.54498899,0.58088303,0.540968,0.57730198,0.57730198,575223913
2024-02-15,0.57732099,0.61074102,0.57347399,0.60836297,0.60836297,779142077
2024-02-16,0.608527,0.61226898,0.58599502,0.59887201,0.59887201,550329852
2024-02-17,0.598894,0.609918,0.57100201,0.60834599,0.60834599,466411549
2024-02-18,0.608639,0.63748503,0.608639,0.618734,0.618734,682968263
2024-02-19,0.61876899,0.63647801,0.61745101,0.63106298,0.63106298,623936416
2024-02-20,0.63106,0.63902098,0.60043103,0.62216502,0.62216502,820804617
2024-02-21,0.62208998,0.62266701,0.57737601,0.59845799,0.59845799,559139405
2024-02-22,0.59847999,0.60689199,0.58222401,0.58590198,0.58590198,507615418
2024-02-23,0.58582097,0.59402102,0.57049799,0.583242,0.583242,459892758
2024-02-24,0.583161,0.59892398,0.57118899,0.59669602,0.59669602,388866047
2024-02-25,0.59670502,0.59977502,0.581406,0.59137899,0.59137899,340380261
2024-02-26,0.59136099,0.62169802,0.57525599,0.61973602,0.61973602,587054943
2024-02-27,0.61974603,0.62899399,0.61120802,0.62421602,0.62421602,746587622
2024-02-28,0.62419599,0.658023,0.60305202,0.63105899,0.63105899,1200627089
2024-02-29,0.63085997,0.70528001,0.62572002,0.65564603,0.65564603,1639531217
2024-03-01,0.65544099,0.71908098,0.65459299,0.71908098,0.71908098,935379844
2024-03-02,0.71903402,0.76130301,0.71887797,0.74092799,0.74092799,1245213176
2024-03-03,0.741072,0.74166399,0.70195597,0.72823799,0.72823799,907825948
2024-03-04,0.72817898,0.79656798,0.72592002,0.771294,0.771294,1639201127
2024-03-05,0.77129799,0.78069502,0.59580803,0.69349003,0.69349003,2145482141
2024-03-06,0.69348902,0.75428897,0.66793299,0.73382097,0.73382097,1221400314
2024-03-07,0.73384601,0.75462002,0.72136497,0.74474198,0.74474198,941680283
2024-03-08,0.744739,0.75445998,0.704171,0.72485399,0.72485399,927800736
2024-03-09,0.72485501,0.74614298,0.7234,0.74371302,0.74371302,605198969
2024-03-10,0.74371397,0.74422598,0.70530099,0.71722698,0.71722698,644622507
2024-03-11,0.717152,0.786883,0.69598198,0.77419001,0.77419001,1342617498
2024-03-12,0.774189,0.77500302,0.71669799,0.74805498,0.74805498,998599295
2024-03-13,0.74805498,0.772147,0.73871899,0.76458001,0.76458001,824896066
2024-03-14,0.76456201,0.80698502,0.71932602,0.75047398,0.75047398,1613619970
2024-03-15,0.75047398,0.761962,0.67885298,0.72644103,0.72644103,1420031176
2024-03-16,0.72644699,0.73365402,0.65474099,0.65953499,0.65953499,959186468
2024-03-17,0.65953499,0.686795,0.63378698,0.681099,0.681099,802801116
2024-03-18,0.681099,0.69641,0.64531898,0.66125798,0.66125798,802980597
2024-03-19,0.66125798,0.66448402,0.58071101,0.586914,0.586914,1139892364
2024-03-20,0.586914,0.643161,0.572496,0.63948101,0.63948101,971939779
2024-03-21,0.63948601,0.64652199,0.62002802,0.631868,0.631868,656574365
2024-03-22,0.63187301,0.64183199,0.60091197,0.61326301,0.61326301,590758984
2024-03-23,0.61330402,0.63862997,0.61301601,0.625862,0.625862,412657715
2024-03-24,0.62585902,0.647304,0.62554598,0.64615703,0.64615703,404827847
2024-03-25,0.64615202,0.66758502,0.63990098,0.65694898,0.65694898,582546405
2024-03-26,0.65694898,0.68258703,0.65407997,0.665034,0.665034,618252702
2024-03-27,0.66502398,0.67015803,0.63270402,0.64848298,0.64848298,656276131
2024-03-28,0.64843798,0.65741599,0.63637602,0.65079403,0.65079403,460284723
2024-03-29,0.650796,0.666749,0.63802803,0.66440302,0.66440302,561835326
2024-03-30,0.664424,0.66827101,0.64306903,0.64436603,0.64436603,401576882
2024-03-31,0.644364,0.65308303,0.64324403,0.65042698,0.65042698,321124603
2024-04-01,0.65042698,0.65095598,0.607714,0.62168401,0.62168401,627776275
2024-04-02,0.62168503,0.621696,0.57567799,0.58098698,0.58098698,678945520
2024-04-03,0.58098799,0.59400302,0.566755,0.57127798,0.57127798,485562333
2024-04-04,0.57127702,0.59607297,0.56202,0.582955,0.582955,495438691
2024-04-05,0.582955,0.58429998,0.562024,0.57483399,0.57483399,449048347
2024-04-06,0.57484102,0.588323,0.57328302,0.58433801,0.58433801,255666150
2024-04-07,0.58437902,0.595882,0.58268899,0.58947402,0.58947402,307767311
2024-04-08,0.589472,0.615812,0.58035201,0.61415899,0.61415899,442630355
2024-04-09,0.61415899,0.62321299,0.591362,0.59189302,0.59189302,510684784
2024-04-10,0.59189397,0.59343803,0.56481099,0.58625501,0.58625501,504006711
2024-04-11,0.586254,0.59388202,0.57735097,0.586191,0.586191,341309183
2024-04-12,0.586191,0.591456,0.461193,0.50357503,0.50357503,1135242920
2024-04-13,0.50357902,0.51550001,0.409073,0.44790801,0.44790801,1242820013
2024-04-14,0.44791001,0.477274,0.43827,0.46891099,0.46891099,961018766
2024-04-15,0.46891099,0.49459401,0.442137,0.46079499,0.46079499,718712831
2024-04-16,0.46079299,0.47684699,0.44047901,0.45860499,0.45860499,518202801
2024-04-17,0.45860699,0.464268,0.430911,0.44429499,0.44429499,486409083
2024-04-18,0.44429901,0.459905,0.43642199,0.45814401,0.45814401,409488158
2024-04-19,0.458143,0.47526199,0.42570201,0.468784,0.468784,598092967
2024-04-20,0.468784,0.50740701,0.466775,0.50590801,0.50590801,536707766
2024-04-21,0.50590801,0.51226598,0.49157101,0.49929199,0.49929199,354417377
2024-04-22,0.49928999,0.52180701,0.49684501,0.51688498,0.51688498,402921410
2024-04-23,0.51688498,0.52042103,0.49859899,0.50019598,0.50019598,403597295
2024-04-24,0.50019598,0.50984001,0.47068501,0.47490999,0.47490999,496433039
2024-04-25,0.47490099,0.479233,0.46356899,0.47102001,0.47102001,348258880
2024-04-26,0.47102001,0.47815001,0.462235,0.46272901,0.46272901,317917276
2024-04-27,0.46272901,0.46893501,0.45088601,0.46703199,0.46703199,313367220
2024-04-28,0.46703199,0.47733501,0.45991901,0.46047401,0.46047401,250671885
2024-04-29,0.460482,0.463061,0.448116,0.45736501,0.45736501,301014261
2024-04-30,0.45736301,0.462385,0.427744,0.44081199,0.44081199,409016669
2024-05-01,0.440815,0.456083,0.41950399,0.449866,0.449866,526114091
2024-05-02,0.449866,0.461007,0.44086099,0.45828199,0.45828199,357372995
2024-05-03,0.45828399,0.47281501,0.44736701,0.46754399,0.46754399,331867585
2024-05-04,0.46754399,0.47455201,0.46336699,0.463577,0.463577,245730966
2024-05-05,0.463577,0.46520099,0.453556,0.458334,0.458334,239700527
2024-05-06,0.458334,0.47464401,0.45309901,0.45428801,0.45428801,351154325
2024-05-07,0.45428899,0.45571101,0.44181201,0.44187301,0.44187301,307476823
2024-05-08,0.44187301,0.467473,0.438005,0.452553,0.452553,505082625
2024-05-09,0.452553,0.464136,0.44843301,0.46350101,0.46350101,318406873
2024-05-10,0.463503,0.46769899,0.44446501,0.44825,0.44825,309333437
2024-05-11,0.44825,0.45054701,0.43854299,0.438876,0.438876,188484210
2024-05-12,0.438876,0.44256401,0.435251,0.43765301,0.43765301,158134071
2024-05-13,0.43765301,0.45214501,0.42615899,0.43654001,0.43654001,378773938
2024-05-14,0.436544,0.437814,0.42699799,0.428069,0.428069,313435137
2024-05-15,0.428069,0.454588,0.42675,0.452988,0.452988,357450532
2024-05-16,0.45299599,0.46197599,0.449552,0.45969501,0.45969501,367462393
2024-05-17,0.45969599,0.48994499,0.45597401,0.48199999,0.48199999,447612110
2024-05-18,0.48199999,0.48551399,0.47655001,0.48240799,0.48240799,240076401
2024-05-19,0.48240799,0.48301801,0.46560001,0.46760201,0.46760201,250323995
2024-05-20,0.46760201,0.50175798,0.46221399,0.50175798,0.50175798,541119800
2024-05-21,0.50174898,0.508968,0.491106,0.49477401,0.49477401,554313310
2024-05-22,0.49477401,0.49492401,0.476096,0.483127,0.483127,416480856
2024-05-23,0.48313001,0.48763499,0.44858199,0.46533,0.46533,612724804
2024-05-24,0.46533,0.468916,0.455533,0.45949399,0.45949399,355406774
2024-05-25,0.45949799,0.46427101,0.458134,0.46207201,0.46207201,238476411
2024-05-26,0.46207201,0.46236399,0.45642999,0.45837501,0.45837501,225636000
2024-05-27,0.45837501,0.47399899,0.45719799,0.46796301,0.46796301,323304261
2024-05-28,0.46796301,0.46843699,0.45311499,0.45699,0.45699,418594476
2024-05-29,0.45699,0.46310699,0.450914,0.450995,0.450995,350482630
2024-05-30,0.450995,0.454546,0.44380701,0.44658101,0.44658101,356151973
2024-05-31,0.44658101,0.45495701,0.44446099,0.44746101,0.44746101,290913148
2024-06-01,0.44746101,0.452584,0.445254,0.44997501,0.44997501,167918462
2024-06-02,0.449976,0.453255,0.442422,0.44649401,0.44649401,253094562
2024-06-03,0.446495,0.46235701,0.44444501,0.45703599,0.45703599,317221002
2024-06-04,0.45703799,0.46518001,0.45311099,0.461485,0.461485,309168258
2024-06-05,0.461485,0.46471199,0.457757,0.46117499,0.46117499,300839736
2024-06-06,0.46117499,0.46186501,0.45233899,0.45810199,0.45810199,281512944
2024-06-07,0.45809999,0.48843601,0.434423,0.44964299,0.44964299,864294102
2024-06-08,0.44963899,0.44963899,0.43345401,0.436571,0.436571,384756660
2024-06-09,0.43655601,0.445719,0.43325701,0.44410601,0.44410601,331925354
2024-06-10,0.44410101,0.45008799,0.43602699,0.44046101,0.44046101,477499641
2024-06-11,0.440465,0.440938,0.41453099,0.421891,0.421891,600659902
2024-06-12,0.42190099,0.44380501,0.41599301,0.437796,0.437796,451504328
2024-06-13,0.43781799,0.43864301,0.41975299,0.42118499,0.42118499,385849589
2024-06-14,0.42117801,0.42412099,0.40340999,0.41168299,0.41168299,370827765
2024-06-15,0.411686,0.41505101,0.408905,0.41369501,0.41369501,209246354
2024-06-16,0.41372401,0.41812801,0.41010499,0.416379,0.416379,172902870
2024-06-17,0.41638801,0.41998699,0.393655,0.40175799,0.40175799,385694374
2024-06-18,0.40172601,0.40221599,0.366577,0.38358,0.38358,593952964
2024-06-19,0.38356501,0.39724901,0.38096201,0.383791,0.383791,295424813
2024-06-20,0.383791,0.39679,0.37901399,0.38424399,0.38424399,286206619
2024-06-21,0.38424799,0.390342,0.37460801,0.37605199,0.37605199,272257203
2024-06-22,0.37605101,0.38959199,0.37193701,0.384812,0.384812,241766850
2024-06-23,0.384794,0.392295,0.380303,0.380303,0.380303,202392727
2024-06-24,0.380225,0.3809,0.36666301,0.377765,0.377765,385357807
2024-06-25,0.37775499,0.396734,0.37736699,0.39185899,0.39185899,262214296
2024-06-26,0.39186099,0.39453399,0.383733,0.38475001,0.38475001,258516129
2024-06-27,0.38475099,0.393204,0.37806901,0.390701,0.390701,254822331
2024-06-28,0.39070901,0.39517099,0.38519201,0.38542601,0.38542601,296816495
2024-06-29,0.38541499,0.402024,0.38379499,0.38396499,0.38396499,230567794
2024-06-30,0.383968,0.393233,0.37919399,0.39219201,0.39219201,194815973
2024-07-01,0.39213499,0.40756199,0.39147201,0.40290701,0.40290701,256575826
2024-07-02,0.402877,0.41878301,0.40285,0.41777501,0.41777501,260819618
2024-07-03,0.41778401,0.42190999,0.40129799,0.40673801,0.40673801,391834481
2024-07-04,0.406721,0.41263199,0.36285901,0.36285901,0.36285901,575895856
2024-07-05,0.36271301,0.36271301,0.32095501,0.34988499,0.34988499,772752357
2024-07-06,0.34990799,0.37293601,0.348542,0.37122101,0.37122101,288462471
2024-07-07,0.37118399,0.37118399,0.345893,0.346618,0.346618,254988837
2024-07-08,0.346645,0.37887499,0.333343,0.36900699,0.36900699,506143395
2024-07-09,0.368965,0.38054299,0.363778,0.375328,0.375328,272785226
2024-07-10,0.37537101,0.38962299,0.372513,0.38883501,0.38883501,251166038
2024-07-11,0.38880301,0.404131,0.385638,0.39581701,0.39581701,313288172
2024-07-12,0.395836,0.41765901,0.39425901,0.41652399,0.41652399,354134954
2024-07-13,0.416527,0.44518,0.412321,0.44141501,0.44141501,365695869
2024-07-14,0.44143701,0.44449499,0.42616501,0.43234801,0.43234801,355552828
2024-07-15,0.43236899,0.445582,0.43216601,0.445582,0.445582,466472243
2024-07-16,0.445492,0.45219401,0.42738599,0.438189,0.438189,485890791
2024-07-17,0.43822601,0.45522299,0.43672401,0.436748,0.436748,389017769
2024-07-18,0.43669,0.44866401,0.42081401,0.423906,0.423906,338163499
2024-07-19,0.42389801,0.442765,0.41593099,0.43903399,0.43903399,340393258
2024-07-20,0.439033,0.441672,0.42881301,0.437637,0.437637,250105075
2024-07-21,0.437637,0.44847301,0.41895801,0.44607699,0.44607699,333865949
2024-07-22,0.44605699,0.44940099,0.42534399,0.42654699,0.42654699,546207226
2024-07-23,0.42654699,0.429299,0.404625,0.410097,0.410097,348574391
2024-07-24,0.41008899,0.42087299,0.404686,0.406847,0.406847,335809825
2024-07-25,0.406847,0.40787399,0.38282499,0.39467099,0.39467099,359539415
2024-07-26,0.39467201,0.419572,0.394586,0.41774699,0.41774699,265380415
2024-07-27,0.41774601,0.42868501,0.414101,0.41819799,0.41819799,430162296
2024-07-28,0.41819501,0.42028701,0.40560001,0.40738699,0.40738699,261455853
2024-07-29,0.40738699,0.42643699,0.40378299,0.40401399,0.40401399,328634235
2024-07-30,0.404008,0.406977,0.39608201,0.40167999,0.40167999,277821308
2024-07-31,0.40167701,0.407401,0.38795999,0.38877299,0.38877299,282132846
2024-08-01,0.38877401,0.39507499,0.36999601,0.39270601,0.39270601,348062632
2024-08-02,0.39270601,0.394263,0.36028901,0.36382201,0.36382201,391092412
2024-08-03,0.36382201,0.372484,0.35034999,0.364095,0.364095,309403901
2024-08-04,0.364106,0.36699301,0.33556899,0.34393799,0.34393799,317908629
2024-08-05,0.34393799,0.345469,0.27988601,0.313155,0.313155,1211794401
2024-08-06,0.31315601,0.33614001,0.31251499,0.330782,0.330782,401715322
2024-08-07,0.330782,0.34058201,0.31707099,0.32369801,0.32369801,346795316
2024-08-08,0.32370099,0.35306299,0.320317,0.351814,0.351814,326623648
2024-08-09,0.351814,0.35387,0.33750799,0.34854701,0.34854701,275869404
2024-08-10,0.34854701,0.35176501,0.34527299,0.34628901,0.34628901,155114866
2024-08-11,0.34629199,0.35627499,0.32803699,0.32832199,0.32832199,203353395
2024-08-12,0.32831901,0.34397799,0.32805201,0.33897701,0.33897701,276146893
2024-08-13,0.33897701,0.34465599,0.33188999,0.34015399,0.34015399,208538494
2024-08-14,0.34014601,0.34519401,0.33243701,0.335455,0.335455,206602286
2024-08-15,0.33545601,0.34136799,0.321484,0.325353,0.325353,243240095
2024-08-16,0.325353,0.344953,0.32101899,0.33047199,0.33047199,333621595
2024-08-17,0.33047199,0.338604,0.32851499,0.33688599,0.33688599,164578014
2024-08-18,0.336887,0.339598,0.33379599,0.334831,0.334831,147715225
2024-08-19,0.334831,0.33754501,0.32884201,0.33675301,0.33675301,205948260
2024-08-20,0.33678401,0.34815401,0.33623201,0.343685,0.343685,232812455
2024-08-21,0.343685,0.37726599,0.34347799,0.369059,0.369059,369934783
2024-08-22,0.36906001,0.37719399,0.364739,0.37653601,0.37653601,253221746
2024-08-23,0.37653801,0.39228299,0.374217,0.391536,0.391536,360713833
2024-08-24,0.39152601,0.40117699,0.388484,0.394007,0.394007,259095804
2024-08-25,0.39401001,0.39402601,0.378712,0.38497901,0.38497901,271365361
2024-08-26,0.384976,0.387676,0.36695501,0.36695701,0.36695701,288310031
2024-08-27,0.366952,0.372491,0.34626901,0.35051101,0.35051101,307613758
2024-08-28,0.35051101,0.36018899,0.34202999,0.35019201,0.35019201,316985233
2024-08-29,0.350191,0.36735499,0.34987199,0.357041,0.357041,263189476
2024-08-30,0.35704899,0.36158001,0.33882299,0.34715399,0.34715399,297382538
2024-08-31,0.34715399,0.350115,0.34503701,0.34535199,0.34535199,120909139
2024-09-01,0.34535101,0.34563401,0.32886201,0.33173999,0.33173999,212136963
2024-09-02,0.33173999,0.33696201,0.32570499,0.33596799,0.33596799,232651288
2024-09-03,0.33596599,0.33940899,0.318551,0.318551,0.318551,228558971
2024-09-04,0.318544,0.32910201,0.30829301,0.323524,0.323524,320645799
2024-09-05,0.323524,0.339151,0.320173,0.32506201,0.32506201,302516707
2024-09-06,0.32506201,0.331321,0.30510399,0.31471801,0.31471801,341107574
2024-09-07,0.31471899,0.32762,0.314713,0.325073,0.325073,171441808
2024-09-08,0.32507101,0.340581,0.324164,0.33865899,0.33865899,212278974
2024-09-09,0.33865401,0.348382,0.338514,0.34340599,0.34340599,257206648
2024-09-10,0.34340599,0.34543699,0.33787301,0.34347701,0.34347701,186507920
2024-09-11,0.34347701,0.35642499,0.330506,0.35305399,0.35305399,263880950
2024-09-12,0.35305399,0.36046299,0.35278001,0.35629299,0.35629299,256108848
2024-09-13,0.35629299,0.364548,0.35078201,0.36090001,0.36090001,222228805
2024-09-14,0.36090001,0.361754,0.352568,0.35448,0.35448,160253934
2024-09-15,0.35448,0.355997,0.335722,0.338523,0.338523,195851407
2024-09-16,0.33852401,0.33854601,0.326967,0.33030599,0.33030599,211465289
2024-09-17,0.33030501,0.34283799,0.328897,0.333913,0.333913,209019175
2024-09-18,0.333913,0.34293601,0.32808501,0.34293601,0.34293601,254109953
2024-09-19,0.34293899,0.35616699,0.34293899,0.350945,0.350945,297282683
2024-09-20,0.35094601,0.36093101,0.34952,0.35211399,0.35211399,245398498
2024-09-21,0.35211301,0.35955599,0.351078,0.358576,0.358576,155658003
2024-09-22,0.358594,0.359063,0.34373301,0.35177201,0.35177201,176346122
2024-09-23,0.35177201,0.36522001,0.34713799,0.363731,0.363731,260276216
2024-09-24,0.36373499,0.39121801,0.35897201,0.38773301,0.38773301,329591997
2024-09-25,0.387732,0.39298201,0.37939399,0.38108301,0.38108301,280504960
2024-09-26,0.38108301,0.40332299,0.37877199,0.40188199,0.40188199,352325723
2024-09-27,0.40188101,0.41466901,0.40044099,0.40232801,0.40232801,316360073
2024-09-28,0.40232399,0.40563899,0.39357999,0.401052,0.401052,205321418
2024-09-29,0.40105101,0.40395001,0.393626,0.39759699,0.39759699,190459764
2024-09-30,0.3976,0.39762101,0.371829,0.37321401,0.37321401,278179362
2024-10-01,0.37321401,0.38567501,0.34733099,0.35244101,0.35244101,440800413
2024-10-02,0.352442,0.36212099,0.33662701,0.34400499,0.34400499,346156714
2024-10-03,0.343988,0.34924901,0.33325499,0.34523699,0.34523699,314859654
2024-10-04,0.34523699,0.35560501,0.34338099,0.35139799,0.35139799,229796454
2024-10-05,0.35139799,0.35547799,0.34598199,0.35071999,0.35071999,149913415
2024-10-06,0.35071999,0.35820299,0.348353,0.35723001,0.35723001,151061108
2024-10-07,0.35723001,0.367677,0.35105401,0.35146701,0.35146701,260641174
2024-10-08,0.35146701,0.35654199,0.34162101,0.34451699,0.34451699,225110180
2024-10-09,0.34451699,0.347523,0.334501,0.33970201,0.33970201,220051874
2024-10-10,0.33969399,0.34116599,0.33207399,0.33888999,0.33888999,208411029
2024-10-11,0.33889401,0.35458899,0.338572,0.35118499,0.35118499,192684098
2024-10-12,0.35118401,0.35613099,0.35118401,0.35321501,0.35321501,153558913
2024-10-13,0.35321501,0.358854,0.34465301,0.34803399,0.34803399,185274283
2024-10-14,0.34803501,0.36484599,0.342888,0.36388901,0.36388901,285258532
2024-10-15,0.36388999,0.36944899,0.34905699,0.358527,0.358527,399757771
2024-10-16,0.358527,0.360392,0.35141599,0.352525,0.352525,268878089
2024-10-17,0.35252699,0.35455799,0.34034199,0.343032,0.343032,284797891
2024-10-18,0.343027,0.35251501,0.34290999,0.35071,0.35071,210521099
2024-10-19,0.35070899,0.35663301,0.34964901,0.351661,0.351661,165288317
2024-10-20,0.35166001,0.36514801,0.34862301,0.36484101,0.36484101,202078470
2024-10-21,0.364842,0.371905,0.353499,0.36095601,0.36095601,305820736
2024-10-22,0.36095801,0.367268,0.35586599,0.36381999,0.36381999,299403395
2024-10-23,0.36381999,0.36822101,0.34332699,0.34861401,0.34861401,292449176
2024-10-24,0.34990501,0.35436401,0.34019601,0.34630999,0.34630999,268150393
2024-10-25,0.346322,0.34649199,0.32047501,0.32441199,0.32441199,429399149
2024-10-26,0.32441401,0.33389401,0.32156801,0.33335,0.33335,250257801
2024-10-27,0.33335099,0.34138,0.33135599,0.339872,0.339872,153581313
2024-10-28,0.339872,0.34695801,0.33123001,0.34379601,0.34379601,268428861
2024-10-29,0.34379399,0.35619101,0.34324601,0.35565099,0.35565099,295107515
2024-10-30,0.35565501,0.36302599,0.35130399,0.35526401,0.35526401,291553538
2024-10-31,0.35526499,0.36055201,0.34109399,0.34184501,0.34184501,280824333
2024-11-01,0.34184599,0.361007,0.33541799,0.35709,0.35709,368246241
2024-11-02,0.35709301,0.36287099,0.346304,0.34777099,0.34777099,236242981
2024-11-03,0.34776399,0.347911,0.329236,0.33428499,0.33428499,282268957
2024-11-04,0.33428499,0.33608499,0.321399,0.32601899,0.32601899,261938084
2024-11-05,0.32602701,0.33789399,0.326013,0.333924,0.333924,241884463
2024-11-06,0.33392599,0.36503199,0.33392099,0.363323,0.363323,628391576
2024-11-07,0.363323,0.405013,0.36203301,0.405013,0.405013,621558993
2024-11-08,0.405013,0.45788899,0.40475899,0.44381499,0.44381499,1438657272
2024-11-09,0.44381699,0.49389499,0.428969,0.49368,0.49368,721697726
2024-11-10,0.493678,0.65230101,0.48993701,0.59030902,0.59030902,5261440714
2024-11-11,0.59030497,0.62224901,0.56780702,0.61380798,0.61380798,2987552596
2024-11-12,0.61380798,0.64963299,0.55821198,0.57391798,0.57391798,2901745029
2024-11-13,0.57394302,0.60530102,0.52130198,0.57877499,0.57877499,2297021923
2024-11-14,0.57877499,0.59805799,0.54586202,0.58011597,0.58011597,1494813121
2024-11-15,0.58013701,0.68921602,0.57854199,0.67405999,0.67405999,3850451584
2024-11-16,0.70339799,0.811656,0.70331597,0.73873401,0.73873401,5486835963
2024-11-17,0.73873103,0.76781201,0.69702703,0.70232499,0.70232499,2319881888
2024-11-18,0.70230103,0.77965802,0.70226198,0.73457998,0.73457998,2244334039
2024-11-19,0.73457998,0.763529,0.723858,0.73964202,0.73964202,1551275089
2024-11-20,0.73963702,0.84662902,0.73947197,0.800345,0.800345,3799019828
2024-11-21,0.80034202,0.82054698,0.77038598,0.82047403,0.82047403,2536610264
2024-11-22,0.82048601,1.038425,0.81523299,1.0104229,1.0104229,6204396570
2024-11-23,1.010422,1.141682,1.010417,1.066237,1.066237,6544939547
2024-11-24,1.0662,1.09454,0.94834101,1.023106,1.023106,3863056160
2024-11-25,1.0231121,1.0699199,0.93355,0.94568902,0.94568902,3241380612
2024-11-26,0.94568402,0.98837698,0.87972099,0.96123201,0.96123201,2875634851
2024-11-27,0.96118402,1.036714,0.93543798,1.013346,1.013346,2606240084
2024-11-28,1.013348,1.045769,0.97703803,1.0335079,1.0335079,1563014326
2024-11-29,1.0335079,1.097796,1.030457,1.076858,1.076858,2218813144
2024-11-30,1.076887,1.147085,1.053841,1.0789419,1.0789419,2395901131
2024-12-01,1.078936,1.158493,1.0409859,1.155252,1.155252,2300394616
2024-12-02,1.155286,1.230685,1.061597,1.201776,1.201776,5544891690
2024-12-03,1.201791,1.318681,1.169829,1.198126,1.198126,5770098588
2024-12-04,1.198083,1.240175,1.149205,1.18732,1.18732,2838477436
2024-12-05,1.187235,1.238354,1.126287,1.1847121,1.1847121,3207578224
2024-12-06,1.163156,1.234642,1.1430219,1.231107,1.231107,2258465650
2024-12-07,1.231081,1.234575,1.1930211,1.214196,1.214196,1376386201
2024-12-08,1.214481,1.222152,1.1766779,1.196291,1.196291,1699042879
2024-12-09,1.196296,1.1964149,0.952205,1.007549,1.007549,3280181154
2024-12-10,1.007547,1.036173,0.91496903,1.020161,1.020161,3443248478
2024-12-11,1.020292,1.109284,0.976946,1.08889,1.08889,2130336502
2024-12-12,1.0888489,1.1767499,1.077265,1.125016,1.125016,2209430802
2024-12-13,1.125006,1.127485,1.081352,1.119602,1.119602,1325815818
2024-12-14,1.119602,1.13113,1.045928,1.0605119,1.0605119,4239229343
2024-12-15,1.060511,1.107088,1.042632,1.1017081,1.1017081,1008997536
2024-12-16,1.101666,1.115706,1.052016,1.078856,1.078856,1536006595
2024-12-17,1.078846,1.109043,1.045289,1.051525,1.051525,1578564654
2024-12-18,1.051527,1.057945,0.96837801,0.96842003,0.96842003,1979056656
2024-12-19,0.96843898,0.98718399,0.85387599,0.88550198,0.88550198,2338441189
2024-12-20,0.88548899,0.95671302,0.76588899,0.951011,0.951011,2803176930
2024-12-21,0.951011,0.99590999,0.88987601,0.90469402,0.90469402,1542881115
2024-12-22,0.90468699,0.92168498,0.86309099,0.882976,0.882976,1112000307
2024-12-23,0.88298398,0.93954599,0.86522698,0.92424601,0.92424601,1295330633
2024-12-24,0.92424297,0.94771302,0.89283401,0.93646002,0.93646002,992442081
2024-12-25,0.93646502,0.93655097,0.90409797,0.91685897,0.91685897,646314883
2024-12-26,0.91685402,0.92463398,0.85307902,0.85978502,0.85978502,789160826
2024-12-27,0.85978001,0.91133702,0.85743302,0.87476802,0.87476802,885820827
2024-12-28,0.87477499,0.895069,0.86782497,0.88781703,0.88781703,538128475
2024-12-29,0.88781703,0.90794301,0.85228997,0.85864002,0.85864002,645859774
2024-12-30,0.85864103,0.89619499,0.83098298,0.860017,0.860017,970303435
2024-12-31,0.86002398,0.87226301,0.84174401,0.84376502,0.84376502,677089128
2025-01-01,0.84376597,0.92942202,0.83892602,0.91759199,0.91759199,926095054
2025-01-02,0.91765398,0.97908199,0.917597,0.96134502,0.96134502,1199916914
2025-01-03,0.96134698,1.116099,0.96004403,1.090376,1.090376,2503146669
2025-01-04,1.0903521,1.107919,1.05885,1.0714,1.0714,1175730814
2025-01-05,1.0713969,1.107868,1.055279,1.093467,1.093467,1241263862
2025-01-06,1.093464,1.112587,1.0680979,1.094124,1.094124,1303664168
2025-01-07,1.094123,1.1501631,0.99196202,0.99201,0.99201,2238100221
2025-01-08,0.99201798,1.021282,0.91359001,0.94803101,0.94803101,1978552965
2025-01-09,0.94802302,0.95827699,0.88376099,0.90599,0.90599,1351715573
2025-01-10,0.90599,0.97177303,0.90564799,0.93145299,0.93145299,1252358898
2025-01-11,0.93145102,1.012941,0.916453,0.994524,0.994524,888877434
2025-01-12,0.99448699,1.034566,0.963673,0.96855497,0.96855497,1120377628
2025-01-13,0.96853399,0.99105299,0.88933903,0.94474202,0.94474202,1532120555
2025-01-14,0.944736,1.006901,0.94012398,0.99490899,0.99490899,1119015701
2025-01-15,0.99491102,1.083765,0.99098402,1.079154,1.079154,2210962210
2025-01-16,1.0790941,1.139606,1.03018,1.090099,1.090099,2245926187
2025-01-17,1.090093,1.163675,1.08822,1.1351219,1.1351219,1819221213
2025-01-18,1.1351089,1.143611,1.052632,1.102072,1.102072,1614350854
2025-01-19,1.102048,1.1474611,0.97811401,0.99119103,0.99119103,2978644563
2025-01-20,0.99116898,1.096701,0.96885198,1.008644,1.008644,2754988266
2025-01-21,1.008662,1.026929,0.95509601,1.004654,1.004654,1689540931
2025-01-22,1.004654,1.015994,0.97943002,0.98164397,0.98164397,973043309
2025-01-23,0.98164397,1.0066381,0.95374697,0.98749399,0.98749399,1176052467
2025-01-24,0.98746097,1.007109,0.96619701,0.97149402,0.97149402,899623660
2025-01-25,0.97149998,0.99020702,0.96618497,0.97727197,0.97727197,518321010
2025-01-26,0.97727197,0.99921203,0.95485598,0.95485598,0.95485598,558478883
2025-01-27,0.95482099,0.95680797,0.86876601,0.93294299,0.93294299,1388103697
2025-01-28,0.93295199,0.96707302,0.90505499,0.91611499,0.91611499,768281216
2025-01-29,0.91610903,0.95836002,0.90521997,0.941127,0.941127,819481985
2025-01-30,0.94114298,0.98624903,0.93869799,0.96101397,0.96101397,626612172
2025-01-31,0.961007,0.981897,0.93685901,0.94222897,0.94222897,700669655
2025-02-01,0.94222897,0.95605397,0.89094001,0.89794397,0.89794397,576044613
2025-02-02,0.89793497,0.90972698,0.77107501,0.80173999,0.80173999,1554294076
2025-02-03,0.80175298,0.82299501,0.56483698,0.81155902,0.81155902,4694160143
2025-02-04,0.811562,0.81843102,0.71902502,0.74634302,0.74634302,1601678503
2025-02-05,0.74633098,0.77408803,0.72894597,0.73320901,0.73320901,840128547
2025-02-06,0.733127,0.76465303,0.702133,0.70506197,0.70506197,844784492
2025-02-07,0.70505399,0.75002003,0.69247699,0.707093,0.707093,940384129
2025-02-08,0.70709503,0.71485698,0.68475097,0.70184898,0.70184898,553879408
2025-02-09,0.70177603,0.71263701,0.65405601,0.68270099,0.68270099,679645670
2025-02-10,0.68277299,0.716281,0.66560298,0.710693,0.710693,751114200
2025-02-11,0.710742,0.81591898,0.710742,0.77939898,0.77939898,1813731044
2025-02-12,0.77939498,0.80507398,0.75280303,0.79922402,0.79922402,1231175669
2025-02-13,0.799236,0.82690197,0.772017,0.81074202,0.81074202,840300501
2025-02-14,0.81071001,0.827079,0.79313999,0.80050701,0.80050701,787635175
2025-02-15,0.80051398,0.81293899,0.77719998,0.78110999,0.78110999,493874835
2025-02-16,0.781111,0.78680199,0.764741,0.77200502,0.77200502,448477194
2025-02-17,0.77200103,0.82691699,0.77186298,0.808025,0.808025,1041802036
2025-02-18,0.80810702,0.81253803,0.73818499,0.75236303,0.75236303,905917139
2025-02-19,0.75236499,0.77472001,0.73724902,0.77294302,0.77294302,706077594
2025-02-20,0.77293998,0.81042999,0.77171701,0.804474,0.804474,688006862
2025-02-21,0.80446398,0.81694001,0.75211799,0.76137102,0.76137102,951661847
2025-02-22,0.76137102,0.78266001,0.758591,0.77445197,0.77445197,530696926
2025-02-23,0.77445102,0.78699702,0.76146603,0.77004099,0.77004099,495111534
2025-02-24,0.77003998,0.77558899,0.68066698,0.68220198,0.68220198,960897545
2025-02-25,0.682212,0.69303799,0.633811,0.68258202,0.68258202,1317817123
2025-02-26,0.68258601,0.69357699,0.63498199,0.64503801,0.64503801,869010894
2025-02-27,0.64505303,0.67810899,0.62842202,0.645585,0.645585,683537664
2025-02-28,0.64558101,0.64560997,0.58218801,0.63305098,0.63305098,1102255137
2025-03-01,0.63305199,0.67465103,0.62673301,0.65926498,0.65926498,585631597
2025-03-02,0.659284,1.134268,0.646119,1.129503,1.129503,7647921820
2025-03-03,1.129526,1.134213,0.83819401,0.85526401,0.85526401,7028104831
2025-03-04,0.85526198,0.950257,0.768489,0.94127703,0.94127703,5400303546
2025-03-05,0.94124597,1.015057,0.91965199,0.97535598,0.97535598,3945666181
2025-03-06,0.97536403,0.97846502,0.888291,0.907552,0.907552,2621972377
2025-03-07,0.907552,0.91268897,0.81159502,0.8168,0.8168,3480876480
2025-03-08,0.8168,0.83621401,0.79683203,0.80469197,0.80469197,1184834509
2025-03-09,0.80467999,0.81567597,0.71282798,0.72014898,0.72014898,1597453600
2025-03-10,0.72014898,0.77376902,0.661107,0.67259699,0.67259699,1891557329
2025-03-11,0.67259401,0.74127001,0.65364498,0.72258699,0.72258699,1875965762
2025-03-12,0.72263402,0.761473,0.71258003,0.73544401,0.73544401,1355643740
2025-03-13,0.73544401,0.73838902,0.69256002,0.70228899,0.70228899,1195241317
2025-03-14,0.70228702,0.748353,0.699853,0.738316,0.738316,1015277074
2025-03-15,0.73831099,0.75841999,0.73314202,0.74828899,0.74828899,720758317
2025-03-16,0.74827701,0.74827802,0.69903898,0.705764,0.705764,807154727
2025-03-17,0.70575398,0.72912401,0.70526999,0.71809202,0.71809202,756343011
2025-03-18,0.71809,0.71813297,0.683981,0.70208102,0.70208102,697365412
2025-03-19,0.702084,0.74602199,0.70127201,0.74419999,0.74419999,1096739941
2025-03-20,0.744232,0.752235,0.713539,0.71751702,0.71751702,850609830
2025-03-21,0.717489,0.72610199,0.70175499,0.70511699,0.70511699,660902108
2025-03-22,0.70512003,0.71520501,0.69912201,0.70094103,0.70094103,458125954
2025-03-23,0.70094103,0.71516502,0.69325399,0.709508,0.709508,585188487
2025-03-24,0.709503,0.74403399,0.70674902,0.730995,0.730995,894622894
2025-03-25,0.73099601,0.76533997,0.722233,0.74519998,0.74519998,1066564498
2025-03-26,0.745193,0.77278101,0.72193098,0.72806197,0.72806197,937295461
2025-03-27,0.72807699,0.74359697,0.72275901,0.73767197,0.73767197,574512540
2025-03-28,0.73767298,0.74484497,0.69066501,0.70555103,0.70555103,789537387
2025-03-29,0.705549,0.71118599,0.66118503,0.673922,0.673922,643130134
2025-03-30,0.67390901,0.68672198,0.65209901,0.66070801,0.66070801,489882249
2025-03-31,0.66069698,0.66372198,0.63121003,0.66144699,0.66144699,754677195
2025-04-01,0.66144598,0.69262898,0.65911502,0.67765498,0.67765498,688019564
2025-04-02,0.67764801,0.70562899,0.637178,0.64163899,0.64163899,969234908
2025-04-03,0.64160198,0.65623999,0.61522299,0.65005898,0.65005898,873870076
2025-04-04,0.65006298,0.668531,0.629686,0.66044903,0.66044903,934938981
2025-04-05,0.66043597,0.66640198,0.64575499,0.65467101,0.65467101,403628594
2025-04-06,0.65467101,0.65476298,0.56178701,0.57279301,0.57279301,943427756
2025-04-07,0.57280302,0.59661901,0.51622599,0.58543098,0.58543098,1985606963
2025-04-08,0.58543497,0.61665702,0.554425,0.55788797,0.55788797,1249643862
2025-04-09,0.55786902,0.64382601,0.53801399,0.63167697,0.63167697,1648147581
2025-04-10,0.63169402,0.632384,0.58809602,0.60938799,0.60938799,921990046
2025-04-11,0.60939503,0.63665497,0.60663903,0.62416703,0.62416703,837897601
2025-04-12,0.62416601,0.66591001,0.61771798,0.65885198,0.65885198,676334951
2025-04-13,0.65885502,0.66631699,0.631859,0.63807499,0.63807499,664262311
2025-04-14,0.63807201,0.65569597,0.63006699,0.63487399,0.63487399,702462762
2025-04-15,0.634875,0.64749902,0.60776299,0.60916299,0.60916299,729833314
2025-04-16,0.60916299,0.62256199,0.59733099,0.61041898,0.61041898,660642294
2025-04-17,0.61041898,0.62923098,0.60974902,0.61630499,0.61630499,459522026
2025-04-18,0.61630499,0.63132101,0.61115599,0.62744498,0.62744498,385441968
2025-04-19,0.62744498,0.63408202,0.61977297,0.62795401,0.62795401,343946478
2025-04-20,0.62794697,0.63391203,0.61051798,0.61978197,0.61978197,366085065
2025-04-21,0.61978197,0.64920598,0.61764902,0.62393999,0.62393999,657464744
2025-04-22,0.623936,0.683878,0.61837602,0.68040401,0.68040401,857733017
2025-04-23,0.68038702,0.71526903,0.67842197,0.69756597,0.69756597,971202640
2025-04-24,0.69756699,0.73909098,0.67149103,0.72182697,0.72182697,1033424969
2025-04-25,0.72197801,0.72770602,0.70335299,0.71414101,0.71414101,957571529
2025-04-26,0.71411502,0.73314202,0.70236999,0.70752102,0.70752102,660103423
2025-04-27,0.70751297,0.71703202,0.69246101,0.70397502,0.70397502,573620571
2025-04-28,0.70397902,0.72819102,0.68434799,0.70547998,0.70547998,895129397
2025-04-29,0.70547998,0.71763402,0.69031602,0.69633001,0.69633001,839231770
2025-04-30,0.69633001,0.70283097,0.66689402,0.68193001,0.68193001,664786586
2025-05-01,0.68193501,0.71380299,0.681826,0.70543402,0.70543402,602107137
2025-05-02,0.70543498,0.72434199,0.69007301,0.69804198,0.69804198,690154754
2025-05-03,0.69804198,0.72835702,0.69271499,0.70102698,0.70102698,778920755
2025-05-04,0.70102698,0.71337199,0.67338997,0.67669201,0.67669201,704179966
2025-05-05,0.67669201,0.68979198,0.65599799,0.66297603,0.66297603,699151297
2025-05-06,0.66297603,0.67997003,0.644629,0.67838198,0.67838198,592765534
2025-05-07,0.67836702,0.68783998,0.65653801,0.67118597,0.67118597,615619795
2025-05-08,0.67120802,0.768341,0.67077601,0.76660401,0.76660401,1352507618
2025-05-09,0.76674098,0.81617302,0.75585902,0.77771097,0.77771097,1495123581
2025-05-10,0.777713,0.84147799,0.77303499,0.84127301,0.84127301,1434324472
2025-05-11,0.84125698,0.84355599,0.78426898,0.80498898,0.80498898,1092674369
2025-05-12,0.80498999,0.860825,0.78724802,0.81763798,0.81763798,2013365721
2025-05-13,0.817635,0.84076399,0.77426797,0.83156002,0.83156002,1325631679
2025-05-14,0.83157903,0.83171701,0.79075599,0.79952002,0.79952002,1149087779
2025-05-15,0.79952699,0.80968499,0.74685001,0.76124299,0.76124299,1282600970
2025-05-16,0.76127303,0.78497899,0.75290501,0.75926799,0.75926799,761962011
2025-05-17,0.75926799,0.780276,0.72946501,0.74238503,0.74238503,974561722
2025-05-18,0.74238503,0.77524698,0.72461802,0.76062602,0.76062602,940509064
2025-05-19,0.76059902,0.76323301,0.71201497,0.74306297,0.74306297,870207859
2025-05-20,0.74306297,0.75248998,0.723822,0.74572903,0.74572903,718031523
2025-05-21,0.745722,0.78206998,0.739465,0.77071899,0.77071899,1107919947
2025-05-22,0.77072299,0.80985498,0.769894,0.80813801,0.80813801,1060144223
2025-05-23,0.80815601,0.83961803,0.74501503,0.74637997,0.74637997,1438828552
2025-05-24,0.74638498,0.76593202,0.74278402,0.74719203,0.74719203,606044855
2025-05-25,0.74719203,0.76000297,0.72991401,0.759983,0.759983,665579932
2025-05-26,0.759983,0.77568102,0.75295502,0.75955498,0.75955498,648219927
2025-05-27,0.75955498,0.77496898,0.74569499,0.75868303,0.75868303,707175899
2025-05-28,0.75868303,0.76033998,0.73347098,0.746894,0.746894,597350861
2025-05-29,0.746894,0.76449299,0.722094,0.72234201,0.72234201,722295527
2025-05-30,0.72234201,0.72709298,0.68710601,0.689327,0.689327,1028958874
2025-05-31,0.68932998,0.69463903,0.65809399,0.68607402,0.68607402,812725496
2025-06-01,0.68607402,0.68706602,0.65670902,0.68497401,0.68497401,601446044
2025-06-02,0.684973,0.69150001,0.66526902,0.689677,0.689677,644713300
2025-06-03,0.68967998,0.705832,0.67720401,0.684614,0.684614,564411241
2025-06-04,0.68461299,0.70133799,0.66391098,0.66588998,0.66588998,537207539
2025-06-05,0.66588998,0.68910199,0.62103599,0.62757403,0.62757403,884135870
2025-06-06,0.62757403,0.67095202,0.62379003,0.65640599,0.65640599,644957374
2025-06-07,0.65640599,0.67038298,0.65172797,0.66500998,0.66500998,384375357
2025-06-08,0.66500801,0.67866498,0.65398598,0.66989899,0.66989899,500556195
2025-06-09,0.6699,0.70696199,0.65760899,0.70505202,0.70505202,623912687
2025-06-10,0.70505399,0.71878803,0.687181,0.71591401,0.71591401,854432526
2025-06-11,0.715918,0.730362,0.69211,0.69815803,0.69815803,762289525
2025-06-12,0.69815803,0.69912702,0.65878397,0.66383898,0.66383898,693312281
2025-06-13,0.66381902,0.66381902,0.62036401,0.64213598,0.64213598,1056842030
2025-06-14,0.64213699,0.64219999,0.61489201,0.62494898,0.62494898,413673092
2025-06-15,0.62495297,0.635629,0.62169498,0.63384902,0.63384902,353272482
2025-06-16,0.63384902,0.65678102,0.62598503,0.63163102,0.63163102,676555071
2025-06-17,0.63143301,0.64191401,0.600972,0.61044902,0.61044902,716747559
2025-06-18,0.61045003,0.62076497,0.58974499,0.60344899,0.60344899,721275360
2025-06-19,0.60345101,0.61084402,0.59108502,0.60212499,0.60212499,472917745
2025-06-20,0.60212702,0.60592198,0.562976,0.57726401,0.57726401,758958578
2025-06-21,0.57726502,0.58733898,0.54665899,0.55431497,0.55431497,686354524
2025-06-22,0.554322,0.56265497,0.51318598,0.54098302,0.54098302,1168250598
2025-06-23,0.54100502,0.58538401,0.53084898,0.58327502,0.58327502,1040285762
2025-06-24,0.58327502,0.59316498,0.57759303,0.58736902,0.58736902,798539329
2025-06-25,0.58737099,0.589993,0.56451899,0.56708097,0.56708097,620996333
2025-06-26,0.56708097,0.58057302,0.55154502,0.554021,0.554021,602838443
2025-06-27,0.554021,0.56150901,0.54602897,0.55876398,0.55876398,494464871
2025-06-28,0.55876797,0.568268,0.55617499,0.56569701,0.56569701,368639849
2025-06-29,0.56569701,0.58244002,0.55575103,0.57808602,0.57808602,583426280
2025-06-30,0.57808602,0.588808,0.55824798,0.57212102,0.57212102,746847500
2025-07-01,0.57212102,0.57596397,0.538423,0.54215801,0.54215801,714647761
2025-07-02,0.54215801,0.59801197,0.54051602,0.58410102,0.58410102,991825199
2025-07-03,0.58410001,0.61051202,0.58332801,0.59908801,0.59908801,779890753
2025-07-04,0.599087,0.60272402,0.56434703,0.572891,0.572891,588008206
2025-07-05,0.572891,0.58284903,0.57071698,0.57590801,0.57590801,316451015
2025-07-06,0.57590801,0.59182698,0.57149899,0.58601302,0.58601302,412178050
2025-07-07,0.58600903,0.59257299,0.574754,0.58023798,0.58023798,604232754
2025-07-08,0.580239,0.59145099,0.57349998,0.58847398,0.58847398,545842174
2025-07-09,0.58847398,0.62632698,0.58448601,0.62348902,0.62348902,1024072721
2025-07-10,0.62348902,0.67879802,0.61814898,0.67664802,0.67664802,1172708375
2025-07-11,0.67664498,0.77252001,0.66955799,0.71052599,0.71052599,2869891976
2025-07-12,0.71052599,0.733684,0.69018799,0.70829701,0.70829701,1327152134
2025-07-13,0.70829701,0.75375402,0.70608199,0.73725301,0.73725301,1559998665
2025-07-14,0.73725098,0.76547301,0.72373098,0.73433602,0.73433602,1794877371
2025-07-15,0.734326,0.74830002,0.71172303,0.74682301,0.74682301,1523030830
2025-07-16,0.74682301,0.78355902,0.73407298,0.76454902,0.76454902,1535471266
2025-07-17,0.76454902,0.83715802,0.742796,0.82378501,0.82378501,2647535949
2025-07-18,0.82371098,0.89217103,0.80077499,0.81585699,0.81585699,3058416972
2025-07-19,0.81586099,0.83545798,0.80569202,0.83034003,0.83034003,1047545712
2025-07-20,0.83033299,0.87579799,0.82452899,0.85874498,0.85874498,1751415542
2025-07-21,0.85874301,0.92966002,0.844145,0.89042503,0.89042503,2494414873
2025-07-22,0.89040601,0.90701097,0.85491902,0.90294403,0.90294403,2097520070
2025-07-23,0.90294999,0.90345502,0.793347,0.81623101,0.81623101,1971435839
2025-07-24,0.81622702,0.83670801,0.765661,0.80557799,0.80557799,2091907443
2025-07-25,0.80558002,0.81625199,0.77769399,0.81607401,0.81607401,1448176900
2025-07-26,0.81605399,0.83747703,0.81304002,0.819803,0.819803,869250145
2025-07-27,0.81980097,0.83815998,0.81545502,0.832008,0.832008,969262242
2025-07-28,0.832008,0.85400301,0.78906602,0.79089099,0.79089099,1298724819
2025-07-29,0.79088402,0.80894703,0.77150702,0.78246802,0.78246802,986793262
2025-07-30,0.78246802,0.78832,0.742616,0.763439,0.763439,1181054301
2025-07-31,0.76342201,0.78768897,0.73823899,0.74005997,0.74005997,977040210
2025-08-01,0.74005598,0.74005598,0.700863,0.71566701,0.71566701,1471507567
2025-08-02,0.71563101,0.726852,0.686517,0.69766998,0.69766998,921584134
2025-08-03,0.69766998,0.72901899,0.69103599,0.72697598,0.72697598,757511852
2025-08-04,0.726978,0.75851297,0.72590899,0.75480801,0.75480801,893498948
2025-08-05,0.75480902,0.75931197,0.71523303,0.72603601,0.72603601,945408782
2025-08-06,0.72604102,0.74730003,0.71143103,0.74179399,0.74179399,740545524
2025-08-07,0.74179399,0.78744102,0.73492497,0.78639501,0.78639501,1066141350
2025-08-08,0.78640801,0.80442601,0.777982,0.79118103,0.79118103,1342179780
2025-08-09,0.79117799,0.81946498,0.79072499,0.80403602,0.80403602,1023977315
2025-08-10,0.80405498,0.83274603,0.78819197,0.802288,0.802288,1080500013
2025-08-11,0.802288,0.83224303,0.76838201,0.77397698,0.77397698,1413948082
2025-08-12,0.77396899,0.85373902,0.76775599,0.84120399,0.84120399,1984793671
2025-08-13,0.84120399,0.91802198,0.834041,0.90592402,0.90592402,2355898692
2025-08-14,0.90592301,1.016464,0.88116598,0.92538297,0.92538297,6566984812
2025-08-15,0.92539603,0.96107697,0.91417199,0.94383597,0.94383597,3727215369
2025-08-16,0.94384199,0.97525901,0.90383399,0.92128199,0.92128199,2342325704
2025-08-17,0.92129803,0.98483801,0.90689498,0.96188903,0.96188903,2190571305
2025-08-18,0.96187001,0.96599197,0.89449,0.92325503,0.92325503,2301661145
2025-08-19,0.92323601,0.95060003,0.84493101,0.84503901,0.84503901,2803347062
2025-08-20,0.84506702,0.89099097,0.83976603,0.880822,0.880822,2190768811
2025-08-21,0.880822,0.89073402,0.84852701,0.85102099,0.85102099,1294029938
2025-08-22,0.85101801,0.93902498,0.82341897,0.92992097,0.92992097,2834699734
2025-08-23,0.929919,0.93358803,0.892295,0.91313303,0.91313303,1485858765
2025-08-24,0.91314799,0.96008998,0.88916302,0.90960699,0.90960699,2134094046
2025-08-25,0.90960902,0.92523497,0.833049,0.83763301,0.83763301,2362229556
2025-08-26,0.83762699,0.87382299,0.83210301,0.86668301,0.86668301,1410119067
2025-08-27,0.86667699,0.875193,0.850097,0.85015601,0.85015601,1323719490
2025-08-28,0.85016,0.87784702,0.84383398,0.85775,0.85775,1202927839
2025-08-29,0.85775799,0.86262399,0.81219798,0.82713699,0.82713699,1678140344
2025-08-30,0.82715398,0.84185302,0.80911201,0.82240498,0.82240498,795989685
2025-08-31,0.82241201,0.836936,0.81100202,0.81136101,0.81136101,686397615
2025-09-01,0.811364,0.84268802,0.78577399,0.80018598,0.80018598,1560962898
2025-09-02,0.80018997,0.83473301,0.79932898,0.83458102,0.83458102,1225760452
2025-09-03,0.83458,0.843014,0.82735503,0.83653003,0.83653003,873946795
2025-09-04,0.83653003,0.84134603,0.80416697,0.80988699,0.80988699,865781781
2025-09-05,0.80987,0.84606898,0.80577999,0.83106899,0.83106899,1262808667
2025-09-06,0.83106899,0.83527303,0.81543303,0.81845099,0.81845099,579154321
2025-09-07,0.818452,0.84081501,0.81844097,0.83505899,0.83505899,719398251
2025-09-08,0.83505899,0.86851299,0.83119798,0.865053,0.865053,1398016818
2025-09-09,0.86505699,0.89363497,0.85370702,0.86503202,0.86503202,1730015556
2025-09-10,0.865026,0.89397001,0.860627,0.88468802,0.88468802,1204166506
2025-09-11,0.88470101,0.89544803,0.873604,0.89420801,0.89420801,1307050671
2025-09-12,0.894207,0.91710103,0.88484299,0.91708702,0.91708702,1586142736
2025-09-13,0.91708499,0.95257097,0.91705102,0.92984301,0.92984301,2205805247
2025-09-14,0.92984301,0.93048197,0.88136297,0.888991,0.888991,1388605835
2025-09-15,0.88898802,0.902165,0.85478097,0.86350799,0.86350799,1947621867
2025-09-16,0.86350799,0.88382399,0.85602599,0.88068998,0.88068998,1267357116
2025-09-17,0.880687,0.91831702,0.86429298,0.91309202,0.91309202,1875277351
2025-09-18,0.91310602,0.93782198,0.90101498,0.92535597,0.92535597,2009670534
2025-09-19,0.92535597,0.93637902,0.88743198,0.890935,0.890935,1573603604
2025-09-20,0.89093298,0.906317,0.88869798,0.893933,0.893933,785758505
2025-09-21,0.89393401,0.90232903,0.877904,0.88527501,0.88527501,878284682
2025-09-22,0.88525999,0.88748097,0.80602998,0.82575202,0.82575202,2389033730
2025-09-23,0.82576698,0.82915097,0.80533099,0.80761898,0.80761898,1108855046
2025-09-24,0.807621,0.82908303,0.79489601,0.81318599,0.81318599,1067044180
2025-09-25,0.81318903,0.81440902,0.75835103,0.76278901,0.76278901,1914562312
2025-09-26,0.76278102,0.79610002,0.75925303,0.792193,0.792193,1170359717
2025-09-27,0.79219002,0.79414701,0.77750701,0.78170103,0.78170103,554628951
2025-09-28,0.78170198,0.81125498,0.76592702,0.80816603,0.80816603,744912865
2025-09-29,0.80816501,0.81496,0.78997499,0.80679703,0.80679703,1048602865
2025-09-30,0.80679202,0.811984,0.779953,0.80720299,0.80720299,1095173989
2025-10-01,0.80720299,0.85004002,0.79819602,0.85004002,0.85004002,1380143338
2025-10-02,0.85003501,0.87726998,0.83911598,0.87032002,0.87032002,1417653094
2025-10-03,0.87031502,0.89099199,0.85043901,0.86631501,0.86631501,1417255332
2025-10-04,0.866319,0.868505,0.83467102,0.83992201,0.83992201,923179980
2025-10-05,0.839921,0.880027,0.83013397,0.83735198,0.83735198,1432571585
2025-10-06,0.83735502,0.87971097,0.83401603,0.87181598,0.87181598,1536337222
2025-10-07,0.87181503,0.87693,0.81958699,0.82090199,0.82090199,1591420298
2025-10-08,0.82090503,0.84533298,0.811728,0.838916,0.838916,1135536629
2025-10-09,0.838911,0.83911902,0.79713899,0.81564599,0.81564599,1196536220
2025-10-10,0.81564301,0.82269502,0.332968,0.634835,0.634835,4203182760
2025-10-11,0.634835,0.68195999,0.614932,0.63217998,0.63217998,2703054560
2025-10-12,0.63214302,0.70821601,0.62152398,0.70150501,0.70150501,1600069384
2025-10-13,0.70153099,0.73505402,0.698125,0.729258,0.729258,1714657141
2025-10-14,0.72926199,0.73258698,0.66572303,0.69969201,0.69969201,1861960330
2025-10-15,0.69969302,0.71332699,0.66186702,0.66880202,0.66880202,1209547947
2025-10-16,0.6688,0.68355399,0.63584101,0.64494401,0.64494401,1359176043
2025-10-17,0.64494401,0.65394199,0.59516901,0.624843,0.624843,1684167803
2025-10-18,0.62484801,0.64081901,0.62435001,0.63446099,0.63446099,549396048
2025-10-19,0.63446099,0.664487,0.623411,0.652551,0.652551,874038329
2025-10-20,0.65254998,0.67549902,0.64068002,0.66325098,0.66325098,1048326206
2025-10-21,0.66321403,0.68462902,0.637932,0.642914,0.642914,1195836837
2025-10-22,0.64292097,0.64668399,0.61135298,0.623972,0.623972,1083621498
2025-10-23,0.623972,0.65295798,0.623254,0.64284497,0.64284497,786265376
2025-10-24,0.64284903,0.65882999,0.639687,0.655891,0.655891,838536144
2025-10-25,0.65589398,0.658647,0.64900702,0.65466303,0.65466303,469372495
2025-10-26,0.65466398,0.68423098,0.64748198,0.681063,0.681063,788298972
2025-10-27,0.68106002,0.691872,0.66524899,0.66736501,0.66736501,909288252
2025-10-28,0.66736299,0.67451501,0.63940901,0.64627302,0.64627302,1559874688
2025-10-29,0.64626002,0.65664202,0.634269,0.64016497,0.64016497,1145954584
2025-10-30,0.64016199,0.64764601,0.58877999,0.60112298,0.60112298,1228514788
2025-10-31,0.60114998,0.61903298,0.600344,0.60916501,0.60916501,869785976
2025-11-01,0.60916501,0.61655098,0.60482299,0.61220199,0.61220199,496102908
2025-11-02,0.61220199,0.61811799,0.59486401,0.61080402,0.61080402,566990964
2025-11-03,0.61079198,0.61094898,0.54146802,0.55231398,0.55231398,1542270537
2025-11-04,0.55230701,0.56244099,0.493393,0.521496,0.521496,1869312291
2025-11-05,0.52148902,0.54891503,0.49752799,0.54614502,0.54614502,1137029829
2025-11-06,0.54613799,0.54613799,0.51897901,0.53098202,0.53098202,872096877
2025-11-07,0.53099197,0.58550698,0.52081102,0.576011,0.576011,1278710472
2025-11-08,0.57596898,0.59149402,0.55501401,0.56842297,0.56842297,784247690
2025-11-09,0.56844503,0.58347201,0.54947299,0.57863498,0.57863498,714096111
2025-11-10,0.578668,0.60128099,0.57648498,0.59297001,0.59297001,831314134
2025-11-11,0.59298098,0.60522002,0.55478901,0.55652797,0.55652797,857150089
2025-11-12,0.55652499,0.58014399,0.54058599,0.54526103,0.54526103,766808820
2025-11-13,0.54526401,0.57008702,0.51721299,0.531115,0.531115,1056326483
2025-11-14,0.53109801,0.53209299,0.49436799,0.49842,0.49842,1192463993
2025-11-15,0.49842799,0.51426703,0.49808499,0.50340003,0.50340003,711753171
2025-11-16,0.50340402,0.50837398,0.47608799,0.48484501,0.48484501,1034979545
2025-11-17,0.48483199,0.49720001,0.45814201,0.465532,0.465532,1209943614
2025-11-18,0.46553001,0.48122501,0.45866799,0.47498,0.47498,1101225671
2025-11-19,0.47497201,0.47617799,0.43896899,0.46323901,0.46323901,1037561742
2025-11-20,0.463238,0.46996599,0.42964101,0.432399,0.432399,988316139
2025-11-21,0.43233201,0.43801799,0.39111799,0.40914699,0.40914699,1770073071
2025-11-22,0.40916601,0.41175899,0.39167199,0.40460801,0.40460801,553773916
2025-11-23,0.40460899,0.41769499,0.40209499,0.40854901,0.40854901,646391172
2025-11-24,0.40855801,0.433588,0.40429899,0.42784199,0.42784199,814509902
2025-11-25,0.427843,0.42862099,0.40588301,0.421617,0.421617,652730619
2025-11-26,0.421617,0.43657601,0.411659,0.43562201,0.43562201,582375709
2025-11-27,0.43562201,0.43846199,0.42720699,0.433685,0.433685,482157613
2025-11-28,0.43367901,0.43524101,0.41615701,0.42023101,0.42023101,624407301
2025-11-29,0.42022899,0.421572,0.41302699,0.41538301,0.41538301,379239805
2025-11-30,0.41537601,0.427091,0.41445899,0.415885,0.415885,397706532
2025-12-01,0.41589299,0.41589299,0.37192899,0.38571399,0.38571399,965561899
2025-12-02,0.38571399,0.438366,0.38569099,0.43396401,0.43396401,837346960
2025-12-03,0.433954,0.453152,0.42810601,0.450809,0.450809,817986188
2025-12-04,0.45075101,0.45466799,0.435581,0.43945399,0.43945399,642155044
2025-12-05,0.43945199,0.44234601,0.41065899,0.416271,0.416271,590647098
2025-12-06,0.416271,0.42084801,0.41042101,0.41393101,0.41393101,326306941
2025-12-07,0.41393301,0.43431401,0.40758401,0.41681099,0.41681099,609158162
2025-12-08,0.41683301,0.43998101,0.41545099,0.432192,0.432192,627341088
2025-12-09,0.432192,0.48286799,0.42463601,0.47000501,0.47000501,1369159342
2025-12-10,0.47000101,0.47410399,0.45348799,0.45390001,0.45390001,1065976755
2025-12-11,0.45390201,0.454519,0.41103101,0.42534399,0.42534399,1224577869
2025-12-12,0.42536899,0.428633,0.40445799,0.40913501,0.40913501,753251550
2025-12-13,0.409134,0.41544101,0.407574,0.411057,0.411057,336899500
2025-12-14,0.41105601,0.411219,0.394797,0.396584,0.396584,534338410
2025-12-15,0.39656699,0.40617099,0.37913799,0.388091,0.388091,668504094
2025-12-16,0.38809299,0.39094701,0.38012201,0.38572699,0.38572699,555939135
2025-12-17,0.38572401,0.398772,0.36537099,0.36650199,0.36650199,687147387
2025-12-18,0.36651099,0.37787601,0.34771499,0.35142499,0.35142499,753416756
2025-12-19,0.35142699,0.379444,0.347278,0.37663001,0.37663001,611822292
2025-12-20,0.37663001,0.379935,0.372271,0.37309501,0.37309501,301429029
2025-12-21,0.37309799,0.374044,0.358318,0.36589101,0.36589101,453364122
2025-12-22,0.36590201,0.38030601,0.36328,0.37080699,0.37080699,607043679
2025-12-23,0.37080699,0.37337601,0.356273,0.36285201,0.36285201,459660400
2025-12-24,0.36284101,0.36428499,0.353147,0.35641199,0.35641199,417768956
2025-12-25,0.35641301,0.36082599,0.34260601,0.343216,0.343216,521736417
2025-12-26,0.34322101,0.35721001,0.342044,0.34958199,0.34958199,547530768
2025-12-27,0.34957701,0.36955401,0.34898901,0.369542,0.369542,380207039
2025-12-28,0.369553,0.37472701,0.36189699,0.36850199,0.36850199,459983671
2025-12-29,0.368494,0.38263801,0.350591,0.35291499,0.35291499,772916830
2025-12-30,0.35291499,0.35597101,0.34905401,0.35111701,0.35111701,491744913
2025-12-31,0.35111701,0.35292101,0.33037001,0.33283001,0.33283001,621775078
2026-01-01,0.332836,0.35888699,0.33177701,0.35621199,0.35621199,531808672
2026-01-02,0.35621199,0.39564201,0.35475901,0.393758,0.393758,968787318
2026-01-03,0.39376101,0.39834201,0.383625,0.389375,0.389375,546995635
2026-01-04,0.38938001,0.40430799,0.38919199,0.40009099,0.40009099,646307408
2026-01-05,0.40009201,0.42460999,0.39565301,0.42187399,0.42187399,905549791
2026-01-06,0.42187399,0.43573499,0.40191099,0.419626,0.419626,966955297
2026-01-07,0.41961899,0.421552,0.398716,0.40189001,0.40189001,594668499
2026-01-08,0.40189701,0.40374801,0.385887,0.39564499,0.39564499,636564711
2026-01-09,0.39564499,0.40358099,0.38903901,0.39070299,0.39070299,514902682
2026-01-10,0.39073801,0.39170599,0.38494301,0.387918,0.387918,264122318
2026-01-11,0.38795799,0.39579001,0.385434,0.39028499,0.39028499,393425052
2026-01-12,0.39027801,0.40277299,0.382126,0.385905,0.385905,630973284
2026-01-13,0.385905,0.42552301,0.384902,0.42141899,0.42141899,799417851
2026-01-14,0.42141899,0.42664999,0.41063899,0.414547,0.414547,807866116
2026-01-15,0.41453999,0.41457099,0.38992199,0.393482,0.393482,706173712
2026-01-16,0.393482,0.397726,0.38077101,0.39553401,0.39553401,560998439
2026-01-17,0.395533,0.40325701,0.39367601,0.39667001,0.39667001,343097046
2026-01-18,0.39667699,0.39828399,0.37553799,0.37569299,0.37569299,413105822
2026-01-19,0.375669,0.37567899,0.35604,0.370125,0.370125,989768062
2026-01-20,0.37012699,0.370132,0.34985501,0.35042799,0.35042799,747741397
2026-01-21,0.35042,0.372585,0.34796301,0.365697,0.365697,706807439
2026-01-22,0.36569601,0.36823401,0.35578901,0.358897,0.358897,430454100
2026-01-23,0.358897,0.36884901,0.35332999,0.36009899,0.36009899,444642522
2026-01-24,0.36009899,0.36189699,0.35681599,0.358163,0.358163,209406684
2026-01-25,0.35815701,0.35912901,0.33337,0.338705,0.338705,538358525
2026-01-26,0.33871299,0.357218,0.338682,0.351998,0.351998,496874214
2026-01-27,0.35199001,0.362158,0.34786201,0.360304,0.360304,481944594
2026-01-28,0.36029699,0.363877,0.354893,0.35787901,0.35787901,473021223
2026-01-29,0.35787901,0.35804099,0.327416,0.33401,0.33401,673373439
2026-01-30,0.33401701,0.335123,0.31684601,0.320355,0.320355,795904862
2026-01-31,0.320355,0.32142901,0.27926201,0.29349601,0.29349601,1423489119
2026-02-01,0.293493,0.29829901,0.28077599,0.28603199,0.28603199,757760258
2026-02-02,0.28602901,0.30272299,0.276494,0.29890001,0.29890001,924176904
2026-02-03,0.29890001,0.30366501,0.28212899,0.29078799,0.29078799,758148474
2026-02-04,0.29079801,0.301808,0.28083,0.28630099,0.28630099,761471782
2026-02-05,0.28629801,0.28829601,0.244884,0.244885,0.244885,1441361930
2026-02-06,0.244882,0.28355399,0.226238,0.276234,0.276234,1912967348
2026-02-07,0.276232,0.27794799,0.266541,0.272365,0.272365,1265758299
2026-02-08,0.27236,0.27554801,0.26783401,0.27026299,0.27026299,799353237
2026-02-09,0.27026099,0.273303,0.259729,0.26970801,0.26970801,629065654
2026-02-10,0.26971,0.27019101,0.26053101,0.26166999,0.26166999,400024186
2026-02-11,0.26167101,0.264382,0.251421,0.25555199,0.25555199,472246559
2026-02-12,0.25555,0.268962,0.25555,0.26422399,0.26422399,467092032
2026-02-13,0.264218,0.27404401,0.25840101,0.27269199,0.27269199,445201252
2026-02-14,0.27269199,0.29980099,0.27268499,0.295266,0.295266,522403278
2026-02-15,0.295266,0.300722,0.277796,0.28178,0.28178,613711261
2026-02-16,0.28178501,0.28817999,0.27779999,0.28549099,0.28549099,382494768
2026-02-17,0.28549701,0.289309,0.27787301,0.280967,0.280967,375377238
2026-02-18,0.28096601,0.28678,0.27246499,0.273586,0.273586,357622116
2026-02-19,0.27358499,0.27674699,0.26829499,0.27254701,0.27254701,356975172
2026-02-20,0.272551,0.29290399,0.27052,0.28490701,0.28490701,505182730
2026-02-21,0.28490701,0.285963,0.279479,0.280022,0.280022,255703999
2026-02-22,0.28002301,0.28003499,0.26924899,0.271386,0.271386,246018344
2026-02-23,0.27138299,0.27436501,0.258605,0.26225501,0.26225501,475338089
2026-02-24,0.26225501,0.264272,0.25456899,0.25875801,0.25875801,376723203
2026-02-25,0.25876001,0.312383,0.25819999,0.29667199,0.29667199,1082297825
2026-02-26,0.296666,0.300421,0.28301701,0.286973,0.286973,676669964
2026-02-27,0.28697199,0.29562801,0.27468199,0.27761999,0.27761999,502932086
2026-02-28,0.277621,0.28314,0.26012999,0.28161499,0.28161499,728039641
2026-03-01,0.28161499,0.29121801,0.269656,0.27358001,0.27358001,593823798
2026-03-02,0.273581,0.28761199,0.26918501,0.27684101,0.27684101,623168019
2026-03-03,0.27684399,0.27698001,0.26082799,0.26288801,0.26288801,709762602
2026-03-04,0.26288801,0.28455701,0.259137,0.27610201,0.27610201,989185528
2026-03-05,0.27610201,0.277522,0.26600999,0.26899099,0.26899099,572697689
2026-03-06,0.268998,0.27173299,0.25589201,0.25903699,0.25903699,483282116
2026-03-07,0.25903699,0.26049501,0.25249499,0.254673,0.254673,346080023
2026-03-08,0.254673,0.25702199,0.246984,0.24924999,0.24924999,409213223
2026-03-09,0.24924999,0.26151901,0.24924,0.254994,0.254994,528757734
2026-03-10,0.254996,0.273148,0.254996,0.262012,0.262012,649635622
2026-03-11,0.26201501,0.26697701,0.25723001,0.262537,0.262537,511020427
2026-03-12,0.26253799,0.26508799,0.25817099,0.26319799,0.26319799,370857830
2026-03-13,0.263197,0.28075999,0.26318499,0.26569399,0.26569399,693568649
2026-03-14,0.26569501,0.266424,0.25896499,0.26344401,0.26344401,378198218
2026-03-15,0.26344401,0.271606,0.26163,0.26984701,0.26984701,371686001
2026-03-16,0.26984999,0.29248199,0.26893899,0.29038,0.29038,1117143611
2026-03-17,0.290378,0.29256201,0.28225699,0.28906301,0.28906301,642308000
2026-03-18,0.28906399,0.29413199,0.270367,0.27419099,0.27419099,608628446
2026-03-19,0.27419001,0.27612701,0.262997,0.26735601,0.26735601,452910427
2026-03-20,0.26735401,0.272764,0.26234299,0.266119,0.266119,394906233
2026-03-21,0.266119,0.26704001,0.25765899,0.25776899,0.25776899,271134338
2026-03-22,0.25778899,0.259626,0.24846999,0.250595,0.250595,476249791
2026-03-23,0.250595,0.26615101,0.248316,0.261601,0.261601,683768851
2026-03-24,0.261603,0.26756001,0.25840399,0.26618901,0.26618901,449597944
2026-03-25,0.266193,0.27610201,0.26596501,0.270307,0.270307,496454725
2026-03-26,0.270307,0.27042699,0.252785,0.254774,0.254774,504951606
2026-03-27,0.25477099,0.25583199,0.245249,0.246024,0.246024,494413325
2026-03-28,0.246024,0.252148,0.244321,0.24565899,0.24565899,304177659
2026-03-29,0.24567001,0.246875,0.23468301,0.239562,0.239562,417636387
2026-03-30,0.239567,0.25103,0.239563,0.243194,0.243194,426947961
2026-03-31,0.243192,0.248593,0.23609699,0.24156301,0.24156301,507432165
2026-04-01,0.24156301,0.25297701,0.24153601,0.24805801,0.24805801,511298140
2026-04-02,0.24806,0.25009501,0.23533601,0.23935799,0.23935799,609457229
2026-04-03,0.23935799,0.25049901,0.23919199,0.246168,0.246168,404562980
2026-04-04,0.246169,0.249194,0.243448,0.247949,0.247949,245760598
2026-04-05,0.247949,0.25059,0.24082001,0.25042701,0.25042701,293066988
2026-04-06,0.250429,0.25954801,0.245313,0.24608999,0.24608999,523049791
2026-04-07,0.246088,0.26556301,0.240243,0.26379201,0.26379201,591484629
2026-04-08,0.26378399,0.264038,0.25030699,0.25071099,0.25071099,517566999
2026-04-09,0.25071099,0.25948501,0.248055,0.25381801,0.25381801,370447027
2026-04-10,0.253822,0.258542,0.25007001,0.25425899,0.25425899,421396108
2026-04-11,0.25426,0.25508901,0.247374,0.249663,0.249663,482937735
2026-04-12,0.249662,0.25040299,0.23577,0.23627201,0.23627201,571064165
2026-04-13,0.23627201,0.24863701,0.236155,0.24857301,0.24857301,534047240
2026-04-14,0.248592,0.24879099,0.239292,0.239667,0.239667,519869550
2026-04-15,0.239668,0.249964,0.238435,0.245906,0.245906,471434089
2026-04-16,0.245904,0.260389,0.244425,0.25924399,0.25924399,733269165
2026-04-17,0.25924599,0.26739299,0.25234601,0.258863,0.258863,713936059
2026-04-18,0.25886399,0.25931799,0.247839,0.24950799,0.24950799,424901598
2026-04-19,0.24949899,0.25066999,0.241427,0.242524,0.242524,558943066
2026-04-20,0.24252599,0.251257,0.24247199,0.24828801,0.24828801,507917359
2026-04-21,0.24828599,0.25153899,0.244436,0.24965,0.24965,426779608
2026-04-22,0.249653,0.25711501,0.24855,0.24856,0.24856,478814218
2026-04-23,0.24856,0.25063199,0.245258,0.250009,0.250009,462947981
2026-04-24,0.250009,0.252758,0.247558,0.25044799,0.25044799,330043372
2026-04-25,0.25044399,0.253755,0.248549,0.25027001,0.25027001,317717858
2026-04-26,0.25027001,0.25413001,0.248804,0.25232801,0.25232801,281698725
2026-04-27,0.25232801,0.255914,0.244167,0.248151,0.248151,421254372
2026-04-28,0.248153,0.24837101,0.244707,0.246805,0.246805,281201653
2026-04-29,0.246806,0.25378999,0.23933101,0.244517,0.244517,548720750
2026-04-30,0.244517,0.24778999,0.244516,0.24618,0.24618,299048849
2026-05-01,0.246179,0.25070101,0.246142,0.248119,0.248119,314341284
2026-05-02,0.248119,0.25192299,0.247226,0.25008199,0.25008199,231090703
2026-05-03,0.25008199,0.251412,0.247618,0.24943499,0.24943499,270078666
2026-05-04,0.24943499,0.254336,0.24748901,0.24989399,0.24989399,504053342
2026-05-05,0.24989399,0.26525399,0.249823,0.26213801,0.26213801,578079305
2026-05-06,0.26213801,0.27332401,0.26047501,0.26671299,0.26671299,636443394
2026-05-07,0.26671299,0.26993799,0.26075199,0.26262301,0.26262301,493012914
2026-05-08,0.26262301,0.27703801,0.26052999,0.27326,0.27326,451859063
2026-05-09,0.27326,0.278137,0.26976699,0.270789,0.270789,327895948
2026-05-10,0.27079001,0.28820401,0.26865399,0.28250101,0.28250101,621326706
2026-05-11,0.28250101,0.282931,0.274937,0.280534,0.280534,491338886
2026-05-12,0.280534,0.281618,0.26740199,0.27091399,0.27091399,468807216
2026-05-13,0.27091399,0.27726099,0.261911,0.26465899,0.26465899,504848933
2026-05-14,0.26465899,0.27994701,0.262611,0.27015901,0.27015901,514445671
2026-05-15,0.27015901,0.272461,0.257714,0.26148799,0.26148799,451445385
2026-05-16,0.26148701,0.26206899,0.25258699,0.255041,0.255041,323935708
2026-05-17,0.255041,0.25778499,0.248068,0.251876,0.251876,316840035
2026-05-18,0.251876,0.252572,0.246631,0.25135401,0.25135401,470711622
2026-05-19,0.25135401,0.25274301,0.24755201,0.24822401,0.24822401,321271805
2026-05-20,0.248217,0.25084201,0.24695501,0.249001,0.249001,358236888
2026-05-21,0.249001,0.25300699,0.246241,0.25025699,0.25025699,438963585
2026-05-22,0.25025901,0.25403199,0.241607,0.242423,0.242423,484228680
2026-05-23,0.242422,0.24999601,0.23686101,0.245876,0.245876,506391353
2026-05-24,0.245876,0.246471,0.23884,0.242129,0.242129,278691172
2026-05-25,0.242127,0.247392,0.24039499,0.243461,0.243461,310864837
2026-05-26,0.243461,0.24688099,0.23826399,0.239801,0.239801,432644749
2026-05-27,0.239802,0.24224401,0.23604301,0.23706201,0.23706201,421872879
2026-05-28,0.23706099,0.237904,0.228102,0.23441599,0.23441599,520513722
2026-05-29,0.23441599,0.237405,0.230198,0.23259901,0.23259901,360213113
2026-05-30,0.23259801,0.23856901,0.23251,0.235442,0.235442,351798466
2026-05-31,0.235443,0.2383,0.231988,0.235287,0.235287,291589615
2026-06-01,0.23528799,0.236976,0.22548001,0.230552,0.230552,492945357
2026-06-02,0.230552,0.23081701,0.210012,0.212552,0.212552,658043120
2026-06-03,0.21255501,0.21796,0.200376,0.200453,0.200453,643831979
2026-06-04,0.200449,0.20114601,0.17961501,0.179649,0.179649,946165886
2026-06-05,0.179649,0.179654,0.155147,0.156629,0.156629,1208509053
2026-06-06,0.156628,0.16190299,0.14922699,0.15725601,0.15725601,683251427
2026-06-07,0.15725601,0.167393,0.15691701,0.164974,0.164974,545023352
2026-06-08,0.164974,0.173852,0.160133,0.17033499,0.17033499,486559298
2026-06-09,0.17033701,0.170728,0.161171,0.16526701,0.16526701,423198020
2026-06-10,0.165268,0.166435,0.158819,0.160767,0.160767,457510708
2026-06-11,0.16076601,0.171252,0.16064,0.17033599,0.17033599,470482548
2026-06-12,0.170338,0.17393699,0.167814,0.16983999,0.16983999,438278422
2026-06-13,0.169829,0.175493,0.169241,0.17175101,0.17175101,334776233
2026-06-14,0.17175201,0.18307699,0.165876,0.182785,0.182785,381601010
2026-06-15,0.182777,0.189264,0.177444,0.17855801,0.17855801,664256765
2026-06-16,0.17855801,0.18093599,0.172015,0.172148,0.172148,403655785
2026-06-17,0.172148,0.174557,0.16479801,0.166591,0.166591,519578389
2026-06-18,0.166592,0.168465,0.1601,0.16342799,0.16342799,336500935
2026-06-19,0.163426,0.164607,0.158819,0.162094,0.162094,266241532
2026-06-20,0.162093,0.16432101,0.16004001,0.163076,0.163076,227223971
2026-06-21,0.16308101,0.163315,0.156628,0.156634,0.156634,246967999
2026-06-22,0.156633,0.162883,0.156535,0.15842199,0.15842199,297545767
2026-06-23,0.15842199,0.159741,0.149331,0.151362,0.151362,398295602
2026-06-24,0.151362,0.15387399,0.139865,0.147513,0.147513,655127987
2026-06-25,0.147514,0.150251,0.139513,0.143429,0.143429,464230454
2026-06-26,0.143426,0.14907999,0.138695,0.148206,0.148206,459782723
2026-06-27,0.14820699,0.149289,0.144076,0.1451,0.1451,257755448
2026-06-28,0.145101,0.146014,0.141591,0.14366899,0.14366899,215776788
2026-06-29,0.143668,0.148184,0.14213,0.145587,0.145587,307640288
2026-06-30,0.145587,0.145941,0.14207201,0.144162,0.144162,299197952
2026-07-01,0.144161,0.15751,0.14275999,0.15403999,0.15403999,600280916
2026-07-02,0.154039,0.16244499,0.152624,0.161293,0.161293,440502940
2026-07-03,0.161292,0.18255199,0.160758,0.179919,0.179919,751150969
2026-07-04,0.17991801,0.19931599,0.175027,0.192031,0.192031,827217332
2026-07-05,0.192031,0.194041,0.18553101,0.189366,0.189366,567947115
2026-07-06,0.18936799,0.190081,0.17822801,0.18403199,0.18403199,496739022
2026-07-07,0.18403099,0.18460999,0.174087,0.174493,0.174493,337902381
2026-07-08,0.174493,0.175883,0.164893,0.16689999,0.16689999,339543624
2026-07-09,0.16690201,0.16970401,0.16502801,0.16651,0.16651,311240084
2026-07-10,0.166508,0.169449,0.16524,0.166518,0.166518,335731129
2026-07-11,0.166518,0.17381699,0.16591799,0.165967,0.165967,261359245
2026-07-12,0.165949,0.16627,0.16132499,0.16195901,0.16195901,218267221
2026-07-13,0.16196001,0.16402701,0.155852,0.157231,0.157231,258683692
2026-07-14,0.157231,0.16727,0.15625,0.165226,0.165226,318749406
2026-07-15,0.165226,0.168707,0.16218901,0.16509899,0.16509899,309478890
2026-07-16,0.165095,0.1662,0.16017801,0.160671,0.160671,242986450
2026-07-17,0.160671,0.166945,0.15790699,0.16664299,0.16664299,380301500
2026-07-18,0.166642,0.169026,0.163542,0.166622,0.166622,241810290
2026-07-19,0.166621,0.16831,0.164391,0.16598301,0.16598301,160990172
2026-07-20,0.165984,0.171372,0.16106001,0.16978399,0.16978399,404337279
2026-07-21,0.169779,0.177193,0.169512,0.17334799,0.17334799,399209624
2026-07-22,0.17334899,0.18009999,0.17046,0.174208,0.174208,297555174
2026-07-23,0.174207,0.176047,0.168221,0.168321,0.168321,227254470
2026-07-24,0.168323,0.16834,0.162806,0.16382401,0.16382401,202047884
2026-07-25,0.163827,0.166475,0.16154,0.164636,0.164636,140670459
2026-07-26,0.164636,0.16633999,0.16416,0.165712,0.165712,132412639
2026-07-27,0.16571701,0.16670001,0.15433399,0.15542801,0.15542801,273538955
2026-07-28,0.155434,0.16287699,0.154101,0.161589,0.161589,320034342
2026-07-29,0.16159,0.168165,0.160679,0.16201399,0.16201399,361049305
2026-07-30,0.16201501,0.175203,0.161478,0.16968501,0.16968501,390646940
2026-07-31,0.16968501,0.172282,0.167183,0.167964,0.167964,319417569
2026-08-01,0.16796499,0.176118,0.167962,0.174216,0.174216,302241056
2026-08-02,0.174216,0.19131701,0.17293499,0.189354,0.189354,691825197
2026-08-03,0.189353,0.195427,0.181649,0.19359,0.19359,645244278
2026-08-04,0.19359,0.19817699,0.191121,0.19279,0.19279,507916080
2026-08-05,0.192791,0.197541,0.18894701,0.19127101,0.19127101,420004299
2026-08-06,0.19127101,0.21073499,0.18657801,0.20078801,0.20078801,778964361
2026-08-07,0.20078801,0.203353,0.19680101,0.20110001,0.20110001,425045744
2026-08-08,0.20109899,0.20202699,0.197945,0.19921599,0.19921599,194932580
2026-08-09,0.19921599,0.199348,0.194261,0.194654,0.194654,207763448
2026-08-10,0.194655,0.198842,0.191055,0.191055,0.191055,237199960
2026-08-11,0.191057,0.19117001,0.183725,0.186915,0.186915,274474857
2026-08-12,0.18691701,0.188034,0.180788,0.18240599,0.18240599,219423729
2026-08-13,0.18240701,0.186203,0.180636,0.182254,0.182254,197703303
2026-08-14,0.182254,0.18323299,0.178086,0.17985301,0.17985301,186818089
2026-08-15,0.17985199,0.18126599,0.175872,0.17613199,0.17613199,120082621
2026-08-16,0.17613301,0.178828,0.174796,0.17484701,0.17484701,160348989
2026-08-17,0.17484701,0.177563,0.17286,0.17401101,0.17401101,197318873
2026-08-18,0.17401101,0.176552,0.171597,0.174264,0.174264,179403037
2026-08-19,0.174265,0.191407,0.17341,0.186875,0.186875,469459755
2026-08-20,0.186874,0.202712,0.181821,0.199049,0.199049,705748854
2026-08-21,0.199046,0.232705,0.198828,0.229211,0.229211,1156944577
2026-08-22,0.229215,0.25770301,0.21851701,0.226257,0.226257,1334074498
2026-08-23,0.226262,0.23002601,0.21408901,0.226862,0.226862,650953599
2026-08-24,0.22687399,0.226906,0.217071,0.22115999,0.22115999,621164339
2026-08-25,0.221166,0.22817101,0.207883,0.209102,0.209102,558508806
2026-08-26,0.20909999,0.212718,0.202971,0.212613,0.212613,392649073
2026-08-27,0.212615,0.21720199,0.207993,0.213815,0.213815,425701769
2026-08-28,0.213815,0.21734001,0.199847,0.203063,0.203063,423234993
2026-08-29,0.203063,0.20334201,0.19928899,0.201571,0.201571,185357194
2026-08-30,0.201571,0.20581099,0.19075599,0.192707,0.192707,321904022
2026-08-31,0.19270299,0.200138,0.192139,0.197763,0.197763,338111310
2026-09-01,0.19776601,0.20279799,0.193987,0.196518,0.196518,352379517
2026-09-02,0.196518,0.20066801,0.192233,0.200664,0.200664,316001388
2026-09-03,0.200664,0.224491,0.199812,0.22122701,0.22122701,734499869
2026-09-04,0.22122701,0.226293,0.20986199,0.211275,0.211275,680584315
2026-09-05,0.211275,0.22166599,0.209812,0.218532,0.218532,451541564
2026-09-06,0.21853,0.223456,0.21648701,0.22312,0.22312,411138699
2026-09-07,0.223121,0.225849,0.215744,0.220622,0.220622,524822170
2026-09-08,0.220621,0.230904,0.215854,0.219309,0.219309,635529548
2026-09-09,0.219309,0.22274201,0.20993,0.211945,0.211945,527650001
2026-09-10,0.211945,0.21482,0.20470101,0.204717,0.204717,434879282
2026-09-11,0.204715,0.215165,0.201013,0.206164,0.206164,662505733
2026-09-12,0.206164,0.20942,0.20601299,0.20741799,0.20741799,213865707
2026-09-13,0.20741799,0.209387,0.202508,0.203602,0.203602,230042792
2026-09-14,0.203603,0.215387,0.202775,0.20857801,0.20857801,439778509
2026-09-15,0.208584,0.208589,0.19369601,0.19542301,0.19542301,490152020
2026-09-16,0.19542401,0.196337,0.19061001,0.19608,0.19608,416542511
2026-09-17,0.19608399,0.203701,0.194446,0.202604,0.202604,363487914
2026-09-18,0.20260599,0.22649901,0.20176101,0.22454,0.22454,752308249
2026-09-19,0.22453301,0.234291,0.22131,0.227764,0.227764,613967887
2026-09-20,0.22776499,0.23229399,0.218687,0.22796699,0.22796699,484947040
2026-09-21,0.227966,0.248143,0.22724199,0.244812,0.244812,916616801
2026-09-22,0.24481501,0.25704199,0.241217,0.25412601,0.25412601,1005950417
2026-09-23,0.25412801,0.26161599,0.23532499,0.23834801,0.23834801,846349063
