Date,Open,High,Low,Close,Adj Close,Volume
2017-11-09,622.31201,670.13599,619.258,654.30298,654.30298,710387008
2017-11-10,651.77502,1034.77,651.77502,1007.42,1007.42,5195420160
2017-11-11,1001.64,1403.66,910.72198,1340.45,1340.45,5139769856
2017-11-12,1346.97,2477.6499,1215.58,1388.86,1388.86,8371319808
2017-11-13,1381.8199,1501.16,1043,1353.99,1353.99,4850570240
2017-11-14,1346.73,1390.21,1211.39,1273.53,1273.53,1697910016
2017-11-15,1269.79,1326.39,1191.98,1212.4,1212.4,1321779968
2017-11-16,1202.17,1210.36,876.57098,900.776,900.776,2034690048
2017-11-17,909.15802,1217.42,863.979,1185.48,1185.48,3203429888
2017-11-18,1197.4301,1388.11,1197.4301,1254.53,1254.53,3053769984
2017-11-19,1260.95,1262.34,1144.08,1172.05,1172.05,1285910016
2017-11-20,1172.4301,1236.01,1167.28,1236.01,1236.01,800052992
2017-11-21,1220.78,1224.15,1140.88,1176.97,1176.97,772859008
2017-11-22,1175.0601,1335.25,1171.6,1303.3101,1303.3101,1517619968
2017-11-23,1302.23,1683.8101,1299.95,1683.8101,1683.8101,4112090112
2017-11-24,1651.86,1782.83,1575.76,1648.51,1648.51,3128960000
2017-11-25,1634,1656.55,1535.77,1571.27,1571.27,1560039936
2017-11-26,1571.39,1758.61,1563.35,1735.66,1735.66,1593049984
2017-11-27,1722.9301,1742.4,1607.79,1622.5699,1622.5699,1391459968
2017-11-28,1621.17,1629.48,1543.08,1546.1801,1546.1801,1274880000
2017-11-29,1541.63,1673.23,1332.14,1359.71,1359.71,2345250048
2017-11-30,1380.36,1468.75,1222.1,1389.78,1389.78,1211730048
2017-12-01,1381.8101,1482.6801,1300.46,1462.6801,1462.6801,965150976
2017-12-02,1462.0601,1502.37,1415.49,1434.98,1434.98,574510016
2017-12-03,1435.36,1649.3,1420.6,1559.9301,1559.9301,1476739968
2017-12-04,1560.16,1580.11,1498.98,1576.92,1576.92,780633984
2017-12-05,1580.16,1623.16,1498,1501.85,1501.85,1032800000
2017-12-06,1498.49,1530.65,1396.16,1430.1,1430.1,1154620032
2017-12-07,1430.71,1454.73,1323.75,1330.9301,1330.9301,1285209984
2017-12-08,1329.16,1731.3199,1247.9301,1464.13,1464.13,2553979904
2017-12-09,1464.63,1526.4,1353.9,1410.0601,1410.0601,1059609984
2017-12-10,1411.84,1411.84,1226.21,1323.0699,1323.0699,885886016
2017-12-11,1320,1453.49,1316.85,1423.38,1423.38,922792000
2017-12-12,1427.38,1638.29,1427.38,1615.03,1615.03,1386249984
2017-12-13,1616.99,1702.53,1497.9399,1607.65,1607.65,1245190016
2017-12-14,1600.67,2080.4099,1593.15,1966.14,1966.14,2717410048
2017-12-15,1974.66,1974.66,1678.0601,1815.4301,1815.4301,1457229952
2017-12-16,1824.85,1890.0601,1769.5,1801.88,1801.88,971254976
2017-12-17,1812.33,1939.9301,1806.65,1862.88,1862.88,1020590016
2017-12-18,1869.21,2353.6399,1799.12,2196.6399,2196.6399,2538650112
2017-12-19,2199.0601,2918.9299,2160.9199,2805.8899,2805.8899,3913339904
2017-12-20,2825.03,4355.6201,2825.03,3923.0701,3923.0701,11889600512
2017-12-21,3909,3909,3038.01,3267.1699,3267.1699,3664329984
2017-12-22,3324,3369.55,1938.36,2696.6899,2696.6899,3877769984
2017-12-23,2746.95,3479.71,2684.8201,3257.0801,3257.0801,2843310080
2017-12-24,3260.55,3260.55,2573.4399,2903.1201,2903.1201,1712160000
2017-12-25,2929.3501,3099.6201,2755.6001,2954.6899,2954.6899,1355440000
2017-12-26,2947.74,3112.6399,2915.8,3108.8899,3108.8899,1544429952
2017-12-27,3108.3201,3108.3201,2771.05,2889.52,2889.52,1406450048
2017-12-28,2888.6399,2896.78,2481.3,2566.6399,2566.6399,3221299968
2017-12-29,2587.3,2922.4099,2389.04,2779.95,2779.95,2479419904
2017-12-30,2791.55,2791.55,2329.47,2392.4099,2392.4099,1257760000
2017-12-31,2376.96,2627.95,2350.03,2533.01,2533.01,1300819968
2018-01-01,2534.8201,2534.8601,2389.52,2432.54,2432.54,922812992
2018-01-02,2434.5,2867.1399,2434.5,2711,2711,1831229952
2018-01-03,2700.55,2958.47,2592.5601,2608.6899,2608.6899,4688840192
2018-01-04,2608.8701,2610.2,2359.3,2430.1799,2430.1799,5377260032
2018-01-05,2400.74,2648.3201,2370.5901,2584.48,2584.48,2115709952
2018-01-06,2583.71,2829.6899,2481.3601,2786.6499,2786.6499,1669159936
2018-01-07,2784.6799,3071.1599,2730.3101,2786.8799,2786.8799,1444780032
2018-01-08,2786.6001,2810.3201,2275.0701,2421.47,2421.47,1428899968
2018-01-09,2412.3601,2502.8701,2346.6799,2391.5601,2391.5601,1084749952
2018-01-10,2390.02,2961.2,2332.48,2895.3799,2895.3799,2578810112
2018-01-11,2891.55,2976.49,2396.8401,2462.6101,2462.6101,1947949952
2018-01-12,2475.8999,2648.23,2413.3301,2620.99,2620.99,1110220032
2018-01-13,2617.6599,2850.27,2589.03,2685.29,2685.29,1218569984
2018-01-14,2687.1001,2746.6101,2490.04,2553.3201,2553.3201,993310016
2018-01-15,2541.5801,2576.1299,2328.3101,2401.54,2401.54,1412359936
2018-01-16,2406.8601,2406.8601,1555.97,1772.0699,1772.0699,1704029952
2018-01-17,1767.58,1875.08,1361.02,1748.05,1748.05,1457730048
2018-01-18,1752.27,1893.47,1696.25,1756.75,1756.75,1024060032
2018-01-19,1740.17,1870.78,1723.87,1769.62,1769.62,743246976
2018-01-20,1784.26,2124.45,1780.45,2032.12,2032.12,1116240000
2018-01-21,2033.7,2033.7,1733.99,1776.64,1776.64,745179008
2018-01-22,1794.46,1815.42,1525.5,1621.92,1621.92,681350016
2018-01-23,1623.14,1700.34,1504.72,1621.46,1621.46,578984000
2018-01-24,1622.15,1703.34,1575.42,1639.13,1639.13,488160992
2018-01-25,1661.04,1707.7,1611.04,1642.12,1642.12,522193984
2018-01-26,1637.1899,1678.63,1500.37,1603.9,1603.9,594667008
2018-01-27,1602.5,1665.8101,1567.78,1628.63,1628.63,441742016
2018-01-28,1636.41,1762.34,1636.41,1746.25,1746.25,580544000
2018-01-29,1745.36,1763.24,1638.33,1657.14,1657.14,362212992
2018-01-30,1657.6899,1662.0699,1468.17,1470.55,1470.55,649822976
2018-01-31,1470.74,1522.87,1406.25,1486.89,1486.89,729209024
2018-02-01,1491.12,1503.3,1214.88,1274.35,1274.35,678019968
2018-02-02,1272.5,1272.5,980.776,1191.14,1191.14,896665984
2018-02-03,1194.23,1314.4301,1072.83,1272.5,1272.5,453100992
2018-02-04,1273.17,1286.98,1101.3101,1165.38,1165.38,656033984
2018-02-05,1159.89,1172.7,839.95203,887.41302,887.41302,568116992
2018-02-06,890.966,978.91199,764.01801,974.52502,974.52502,777420032
2018-02-07,971.07599,1040.49,902.49298,957.96002,957.96002,866222016
2018-02-08,951.56702,1345.2,951.56702,1284.5601,1284.5601,2203709952
2018-02-09,1273.87,1342.41,1206.39,1312.11,1312.11,1133760000
2018-02-10,1311.99,1394.8101,1215.72,1257.3101,1257.3101,734606016
2018-02-11,1255.59,1306.2,1197.87,1217.64,1217.64,651555008
2018-02-12,1222.4301,1302.66,1222.4301,1283.91,1283.91,466212992
2018-02-13,1285.23,1289.42,1205.73,1231.98,1231.98,442663008
2018-02-14,1229.1801,1384.0601,1229.1801,1362.27,1362.27,629852032
2018-02-15,1358.65,1400.71,1330.1801,1375.8101,1375.8101,502454016
2018-02-16,1373.16,1558.66,1369.6801,1552.2,1552.2,961009984
2018-02-17,1548.48,1568.64,1517.14,1551.39,1551.39,641718976
2018-02-18,1552.1,1641.4,1428.49,1487.46,1487.46,907873024
2018-02-19,1483.34,1553.8101,1483.34,1534.77,1534.77,578905984
2018-02-20,1543.27,1569.03,1414.35,1418.73,1418.73,820947008
2018-02-21,1412.85,1423.9399,1293.47,1308.46,1308.46,575353984
2018-02-22,1304.66,1350.34,1194.05,1219.49,1219.49,475079008
2018-02-23,1217.36,1319.33,1161.42,1270.71,1270.71,492542016
2018-02-24,1266.5601,1309.38,1149.48,1193.27,1193.27,413263008
2018-02-25,1191.35,1210.2,1143.0699,1178.1,1178.1,362664992
2018-02-26,1177.58,1274.86,1149.4399,1250.5601,1250.5601,460182016
2018-02-27,1255.45,1297.6899,1231.99,1246.66,1246.66,420912000
2018-02-28,1243.26,1275.66,1204.16,1204.16,1204.16,375300992
2018-03-01,1204.84,1303.45,1195.03,1291.92,1291.92,482240000
2018-03-02,1284.95,1303.66,1255.37,1275.1801,1275.1801,421497984
2018-03-03,1274.67,1302.8,1257.76,1270.38,1270.38,371664000
2018-03-04,1267.86,1289.72,1225.1,1289.08,1289.08,367584000
2018-03-05,1287.1,1291.88,1268.03,1268.03,1268.03,350078016
2018-03-06,1264.1899,1264.1899,1179.85,1206.04,1206.04,401782016
2018-03-07,1205.84,1218.84,1043.7,1092.16,1092.16,455224992
2018-03-08,1094.64,1113.61,1006.86,1040.21,1040.21,446519008
2018-03-09,1034.6899,1071.65,937.96698,1067.02,1067.02,510887008
2018-03-10,1071.15,1087.3,994.19,1005.93,1005.93,370367008
2018-03-11,1002.55,1157.0699,973.35498,1145.17,1145.17,514167008
2018-03-12,1143.9399,1152.5601,1022.03,1051.28,1051.28,425558016
2018-03-13,1051.0699,1100.0699,999.75201,1064.03,1064.03,458028000
2018-03-14,1071.5,1073.12,924.40601,949.46698,949.46698,406616000
2018-03-15,949.76801,954.41101,877.10199,943.63599,943.63599,374740992
2018-03-16,943.60101,1053.63,902.776,977.03497,977.03497,472032992
2018-03-17,974.70398,1028.73,930.44,949.77899,949.77899,411316000
2018-03-18,948.276,948.276,851.61298,938.11499,938.11499,435070016
2018-03-19,942.59802,997.276,915.51398,994.67499,994.67499,425419008
2018-03-20,998.16998,1072.42,958.513,1059.12,1059.12,503262016
2018-03-21,1066.03,1082.35,1016.37,1033.45,1033.45,389291008
2018-03-22,1033.26,1064.22,992.55499,1011.52,1011.52,344283008
2018-03-23,1011.83,1019.43,966.39697,1019.43,1019.43,303600000
2018-03-24,1028.12,1030.4301,982.30298,982.30298,982.30298,264080000
2018-03-25,973.60303,991.07202,965.51801,966.87598,966.87598,237008000
2018-03-26,967.89502,975.61298,887.00201,919.24799,919.24799,347366016
2018-03-27,916.98999,926.383,876.328,876.328,876.328,339011008
2018-03-28,876.35901,897.62903,852.88202,860.52002,860.52002,337268000
2018-03-29,861.60999,867.31299,703.17999,714.26801,714.26801,452656000
2018-03-30,712.40503,766.97302,677.52802,697.01202,697.01202,416567008
2018-03-31,697.62201,735.81702,683.99103,685.24701,685.24701,306972000
2018-04-01,688.01398,699.04999,629.93298,643.02698,643.02698,318440000
2018-04-02,644.45801,686.02502,641.42798,662.77301,662.77301,282036000
2018-04-03,664.15002,719.77301,660.34497,712.87799,712.87799,303771008
2018-04-04,710.47101,711.27197,638.00897,649.19598,649.19598,282960000
2018-04-05,648.62799,655.52197,620.10303,646.04199,646.04199,243988992
2018-04-06,641.862,646.08398,603.70502,610.42603,610.42603,225186000
2018-04-07,611.203,652.59399,610.41101,640.34601,640.34601,231143008
2018-04-08,640.89203,659.80902,640.89203,655.25598,655.25598,198906000
2018-04-09,656.091,680.59698,627.31702,637.02899,637.02899,254947008
2018-04-10,637.69702,657.01099,628.86102,649.61603,649.61603,225054000
2018-04-11,648.89801,666.58002,648.89801,666.58002,666.58002,252158000
2018-04-12,666.39001,734.48199,658.92999,734.48199,734.48199,417016992
2018-04-13,735.77802,781.12799,725.39801,738.302,738.302,384095008
2018-04-14,738.71997,760.47601,723.21997,738.98499,738.98499,267415008
2018-04-15,741.90698,785.35199,741.90698,780.82599,780.82599,327336000
2018-04-16,781.12097,797.88,745.73102,766.47302,766.47302,382080000
2018-04-17,766.698,784.492,755.38098,757.591,757.591,331700992
2018-04-18,758.25,893.57202,757.39203,888.90802,888.90802,634652992
2018-04-19,890.66199,983.58398,878.44501,968.638,968.638,658164992
2018-04-20,970.14697,1142.5,947.883,1128.02,1128.02,1006640000
2018-04-21,1126.86,1172.28,1028.03,1154.6899,1154.6899,1093510016
2018-04-22,1147.48,1250.51,1116.27,1201.22,1201.22,968409024
2018-04-23,1194.71,1443.27,1194.71,1432.26,1432.26,1934290048
2018-04-24,1434.01,1560.9399,1414.11,1426.42,1426.42,2053920000
2018-04-25,1426.71,1437.1801,1246.61,1284.79,1284.79,1830969984
2018-04-26,1289.54,1420.41,1250.86,1420.41,1420.41,1281929984
2018-04-27,1422.0601,1422.0601,1337.85,1337.85,1337.85,905273024
2018-04-28,1337.96,1418.61,1334.27,1396.25,1396.25,808801984
2018-04-29,1393.99,1477.3101,1378.01,1440.3,1440.3,1049449984
2018-04-30,1440.96,1440.96,1339.36,1350.05,1350.05,753113984
2018-05-01,1348.64,1351.28,1261.6,1351.28,1351.28,774633024
2018-05-02,1353.54,1480.58,1326.91,1458.72,1458.72,1165139968
2018-05-03,1459.55,1536.8,1454.97,1511.97,1511.97,1282659968
2018-05-04,1501.4,1538.46,1466.21,1517.33,1517.33,960185024
2018-05-05,1516.74,1753.11,1515.0699,1752.1,1752.1,1664400000
2018-05-06,1758.83,1838.49,1670.34,1765.6899,1765.6899,1946960000
2018-05-07,1766.66,1781.47,1590.3,1655.2,1655.2,1407629952
2018-05-08,1673.0699,1693.35,1569.4399,1611.9399,1611.9399,1060739968
2018-05-09,1607.87,1679.03,1484.29,1638.34,1638.34,1273219968
2018-05-10,1646.15,1669.83,1523.5601,1528.59,1528.59,1070040000
2018-05-11,1527.49,1556.64,1332.58,1371.74,1371.74,1513260032
2018-05-12,1376.05,1501.65,1284.4399,1472.4,1472.4,1461449984
2018-05-13,1474.76,1507.88,1427.09,1493.12,1493.12,921628032
2018-05-14,1489.33,1501.64,1353.79,1431.6899,1431.6899,1158710016
2018-05-15,1430.28,1456.35,1323.3101,1343.38,1343.38,939358016
2018-05-16,1341.89,1359.36,1241.99,1280.62,1280.62,913177984
2018-05-17,1290.22,1335.41,1185.99,1206.17,1206.17,804139008
2018-05-18,1202.2,1218,1143.12,1207.24,1207.24,876974976
2018-05-19,1206.61,1208.99,1159.66,1184.96,1184.96,595862016
2018-05-20,1183.2,1306.95,1174.97,1291.77,1291.77,805598976
2018-05-21,1296.03,1301.55,1221.5699,1233.64,1233.64,622772992
2018-05-22,1233.7,1233.7,1131.9301,1141.86,1141.86,634201984
2018-05-23,1142.25,1153.91,978.26501,1005.61,1005.61,858105984
2018-05-24,1005.01,1078.36,958.81598,1071.36,1071.36,785384000
2018-05-25,1072.74,1073.05,998.51703,1017.3,1017.3,620339968
2018-05-26,1015.68,1046.49,1001.18,1012.48,1012.48,486185984
2018-05-27,1009.2,1009.79,982.27197,996.92401,996.92401,507305984
2018-05-28,996.64801,1005.65,884.052,892.11798,892.11798,566168000
2018-05-29,896.84998,1003.51,880.88501,987.66302,987.66302,688334016
2018-05-30,990.07001,1025.64,954.88898,984.67603,984.67603,591774976
2018-05-31,983.57397,1027.73,975.40198,995.34399,995.34399,705260032
2018-06-01,995.66101,1010.34,979.82599,1002.92,1002.92,538528000
2018-06-02,1003.33,1093.86,996.58899,1084.78,1084.78,689121024
2018-06-03,1083.13,1190.5699,1074.8199,1170.4,1170.4,842262016
2018-06-04,1170.78,1206.53,1086.85,1105.8,1105.8,910656000
2018-06-05,1110.0699,1158.73,1064.72,1152.89,1152.89,727427008
2018-06-06,1157.33,1157.33,1107.21,1131.17,1131.17,608502976
2018-06-07,1135.15,1166.25,1133.34,1143.75,1143.75,561721024
2018-06-08,1145.34,1149.8,1096.91,1118.1899,1118.1899,503856000
2018-06-09,1117.35,1137.3199,1092.13,1092.13,1092.13,407028000
2018-06-10,1087.46,1087.46,909.60699,939.54602,939.54602,757265984
2018-06-11,937.63202,975.83301,906.00897,958.56403,958.56403,619150976
2018-06-12,957.14001,960.146,862.45099,874.43402,874.43402,523140992
2018-06-13,876.89099,881.13098,818.62,844.242,844.242,547672000
2018-06-14,844.35999,898.935,832.87701,897.60199,897.60199,522806016
2018-06-15,896.42999,897.09198,843.08301,849.315,849.315,371601984
2018-06-16,847.16498,861.45801,839.33502,852.19098,852.19098,311148000
2018-06-17,853.05902,865.08197,849.21997,852.10199,852.10199,290560992
2018-06-18,849.80701,892.96198,830.29498,885.63898,885.63898,381404000
2018-06-19,885.99402,918.19897,878.48401,904.65198,904.65198,397230016
2018-06-20,905.70502,906.479,866.06403,890.453,890.453,430131008
2018-06-21,890.64099,900.71997,869.14099,874.09399,874.09399,361313984
2018-06-22,874.96503,876.38,735.414,755.97498,755.97498,589187968
2018-06-23,755.24103,776.89001,742.33197,762.75897,762.75897,397206016
2018-06-24,764.62299,767.01801,676.94299,749.36499,749.36499,642142016
2018-06-25,748.625,774.64899,739.039,756.84601,756.84601,447070016
2018-06-26,757.25,757.70203,700.25897,700.25897,700.25897,357417984
2018-06-27,698.28497,719.92999,691.388,713.76703,713.76703,333936992
2018-06-28,714.70099,720.24402,651.21198,660.23999,660.23999,340686016
2018-06-29,662.99902,729.54797,652.81299,715.711,715.711,407536000
2018-06-30,717.04199,762.91901,717.04199,748.70898,748.70898,576081024
2018-07-01,749.17902,752.90997,719.76202,739.42499,739.42499,558793984
2018-07-02,739.24597,798.30603,724.32001,776.17499,776.17499,413921984
2018-07-03,775.06702,819.37201,754.815,757.94702,757.94702,478640000
2018-07-04,757.92603,808.229,742.93402,762.39502,762.39502,420710016
2018-07-05,763.29498,779.13501,725.12097,748.22498,748.22498,469756992
2018-07-06,748.47998,748.67297,705.10699,737.33099,737.33099,375967008
2018-07-07,736.75897,775.823,715.29401,775.297,775.297,772953024
2018-07-08,775.776,784.43701,745.82098,751.35199,751.35199,328903008
2018-07-09,751.56897,757.37097,731.349,733.38397,733.38397,338876000
2018-07-10,732.85602,739.20203,688.62903,688.62903,688.62903,374505984
2018-07-11,688.86902,713.75897,688.86902,707.47998,707.47998,321031008
2018-07-12,706.97601,706.97601,669.521,682.755,682.755,336003008
2018-07-13,686.64801,708.74799,686.64801,696.58801,696.58801,352371008
2018-07-14,696.41602,707.05103,690.68597,704.05701,704.05701,272856000
2018-07-15,702.995,731.56799,698.75598,722.974,722.974,322284000
2018-07-16,724.47803,806.92902,718.94501,805.677,805.677,534068000
2018-07-17,803.11603,863.29498,784.92102,850.77899,850.77899,752280000
2018-07-18,849.76898,880.98499,814.58899,829.93701,829.93701,720550976
2018-07-19,828.427,840.43298,808.72803,824.89301,824.89301,684182976
2018-07-20,823.39502,823.39502,765.17902,767.65503,767.65503,612099008
2018-07-21,767.87701,797.06,750.71698,789.48602,789.48602,513512992
2018-07-22,788.47101,820.09998,781.29999,788.66602,788.66602,529767008
2018-07-23,789.68903,828.39398,783.52399,784.38599,784.38599,608630016
2018-07-24,785.59698,871.46997,778.651,869.46698,869.46698,905811968
2018-07-25,863.198,870.65503,822.50702,831.45502,831.45502,692334016
2018-07-26,830.73901,855.96997,795.74298,806.17798,806.17798,597276992
2018-07-27,804.34998,829.42401,785.58899,819.38702,819.38702,589747968
2018-07-28,821.492,826.43402,803.73199,818.83002,818.83002,525351008
2018-07-29,821.01398,835.617,813.79498,828.979,828.979,565436032
2018-07-30,828.547,829.86499,790.12201,816.078,816.078,568282000
2018-07-31,816.72998,816.72998,766.33698,777.146,777.146,420759000
2018-08-01,779.95001,779.95001,740.323,769.349,769.349,499193000
2018-08-02,767.67499,773.73102,726.92401,734.75897,734.75897,387197000
2018-08-03,732.79901,732.79901,704.586,724.70801,724.70801,361851000
2018-08-04,723.27197,735.03699,691.578,695.73499,695.73499,327670000
2018-08-05,696.065,715.51599,687.862,709.21899,709.21899,313362000
2018-08-06,711.01202,718.651,684.44,692.63,692.63,316406000
2018-08-07,692.62903,712.336,653.784,659.38397,659.38397,378007000
2018-08-08,660.05402,660.05402,575.64398,585.44598,585.44598,450595000
2018-08-09,590.52301,619.54401,581.33301,610.78101,610.78101,355208000
2018-08-10,610.35303,612.65698,564.95203,572.43799,572.43799,345223000
2018-08-11,571.89301,582.591,548.47601,566.77301,566.77301,341530000
2018-08-12,564.44397,580.79797,561.09399,570.95898,570.95898,324257000
2018-08-13,571.02301,591.86401,529.04401,535.97699,535.97699,379411000
2018-08-14,534.98199,534.98199,481.43301,509.30499,509.30499,420396000
2018-08-15,513.24597,540.492,508.14401,513.67297,513.67297,378019000
2018-08-16,512.86603,538.26599,506.83899,517.34497,517.34497,402136000
2018-08-17,516.56097,597.01202,516.21997,597.01202,597.01202,463256000
2018-08-18,597.66998,606.92297,541.052,554.92102,554.92102,413731000
2018-08-19,554.93103,579.604,544.966,569.92603,569.92603,383846000
2018-08-20,570.11298,575.63397,513.12,515.65997,515.65997,374592000
2018-08-21,514.06403,540.01703,514.06403,536.56702,536.56702,304026000
2018-08-22,535.15198,570.60999,512.11298,519.95203,519.95203,319315000
2018-08-23,519.12097,531.99799,515.90198,530.76898,530.76898,282362000
2018-08-24,531.55402,537.54401,522.84802,535.40503,535.40503,304350000
2018-08-25,534.98901,542.02802,529.73401,537.23901,537.23901,272027000
2018-08-26,536.48901,536.48901,516.58099,522.88397,522.88397,257257000
2018-08-27,523.01703,546.35699,520.09198,546.35699,546.35699,305426000
2018-08-28,545.07599,570.98199,541.23499,565.30603,565.30603,429636000
2018-08-29,564.40601,567.25098,548.46802,554.367,554.367,299414000
2018-08-30,554.07098,556.52197,527.91803,540.02502,540.02502,337841000
2018-08-31,538.62201,546.758,535.599,543.078,543.078,307222000
2018-09-01,543.96198,628.08197,542.258,615.31201,615.31201,490619000
2018-09-02,616.026,653.68903,601.94,645.88,645.88,570200000
2018-09-03,648.328,650.68903,622.23297,626.36298,626.36298,397157000
2018-09-04,627.32397,643.43597,622.724,625.06702,625.06702,386332000
2018-09-05,626.198,631.76501,530.22998,530.513,530.513,520184000
2018-09-06,529.95203,530.24902,495.065,519.16199,519.16199,441732000
2018-09-07,518.76703,525.99902,496.142,501.569,501.569,368854000
2018-09-08,501.82199,508.96399,468.797,475.285,475.285,311599000
2018-09-09,474.629,493.952,466.302,481.185,481.185,286768000
2018-09-10,484.21899,486.98199,463.80899,465.58701,465.58701,300172000
2018-09-11,468.349,476.13,433.16101,440.83499,440.83499,355090000
2018-09-12,440.508,440.927,414.465,432.84799,432.84799,319094000
2018-09-13,433.53799,472.58099,433.53799,464.43701,464.43701,393614000
2018-09-14,467.12799,472.74799,443.87201,449.50299,449.50299,314701000
2018-09-15,447.57901,458.806,446.40701,450.68399,450.68399,276833000
2018-09-16,448.509,450.20001,431.44199,449.16,449.16,277244000
2018-09-17,450.37799,460.49301,413.039,420.452,420.452,365115000
2018-09-18,418.55499,443.75699,414.53799,435.67899,435.67899,332161000
2018-09-19,433.19199,438.70801,414.27701,429.22699,429.22699,337321000
2018-09-20,429.80499,462.065,424.66299,455.74301,455.74301,369099000
2018-09-21,457.51599,506.44299,449.383,499.039,499.039,597228000
2018-09-22,500.35001,505.289,468.32901,487.82999,487.82999,412279000
2018-09-23,487.70999,504.14099,478.06799,488.647,488.647,384226000
2018-09-24,487.91501,490.76501,459.58801,463.09,463.09,385322000
2018-09-25,462.10999,462.354,428.90601,445.22601,445.22601,414548000
2018-09-26,444.802,542.52698,434.35001,515.93402,515.93402,856458000
2018-09-27,514.76703,585.36102,514.76703,564.40997,564.40997,1083230000
2018-09-28,568.43201,572.57898,533.43799,539.86298,539.86298,673844000
2018-09-29,538.99402,553.48102,514.263,536.91199,536.91199,581112000
2018-09-30,536.56403,545.54602,520.60699,529.92499,529.92499,477471000
2018-10-01,531.638,539.94501,522.31799,530.914,530.914,450906000
2018-10-02,531.15302,547.49103,527.922,533.26501,533.26501,536291000
2018-10-03,531.63599,531.63599,508.73401,514.52502,514.52502,512420000
2018-10-04,516.78699,529.93799,510.59201,513.03003,513.03003,466791000
2018-10-05,513.89801,522.51398,510.62799,520.633,520.633,384914000
2018-10-06,519.91803,521.677,502.54001,508.62399,508.62399,391070000
2018-10-07,509.62601,519.38898,506.65201,517.46802,517.46802,382426000
2018-10-08,518.71002,530.91602,517.32703,528.97498,528.97498,397869000
2018-10-09,526.90503,528.55298,513.12299,517.78998,517.78998,372000000
2018-10-10,516.65601,517.22198,507.827,512.92401,512.92401,369806000
2018-10-11,511.76999,511.76999,431.85101,433.03699,433.03699,487652000
2018-10-12,430.35199,451.92599,429.38699,443.229,443.229,289722000
2018-10-13,443.181,450.224,442.66199,448.41,448.41,245372000
2018-10-14,448.18799,451.92401,438.60199,439.23401,439.23401,242400000
2018-10-15,438.64999,487.211,433.819,459.38101,459.38101,571575000
2018-10-16,459.323,467.17001,454.599,458.01199,458.01199,302192000
2018-10-17,458.84601,459.86801,446.29001,448.793,448.793,292950000
2018-10-18,449.22,454.711,432.92499,438.42499,438.42499,327540000
2018-10-19,438.31299,443.42599,433.384,440.84601,440.84601,303766000
2018-10-20,440.86899,448.47699,438.45001,447.44501,447.44501,266812000
2018-10-21,447.54199,455.957,445.76999,447.85101,447.85101,295702000
2018-10-22,447.18701,452.52802,443.59799,447.211,447.211,261566000
2018-10-23,447.17099,449.78799,438.25,442.655,442.655,262509000
2018-10-24,441.267,448.181,440.64899,442.44601,442.44601,249002000
2018-10-25,442.17499,443.57901,439.14801,440.229,440.229,226378000
2018-10-26,439.12399,441.534,436.14999,438.73999,438.73999,259970000
2018-10-27,438.60199,439.823,435.83401,437.52701,437.52701,235687000
2018-10-28,438.892,442.233,436.08701,441.08401,441.08401,226911000
2018-10-29,440.207,440.90399,414.612,417.57101,417.57101,294419000
2018-10-30,417.69,422.97198,415.20999,421.93399,421.93399,243462000
2018-10-31,422.22601,424.616,411.51999,422.85901,422.85901,286666000
2018-11-01,423.069,432.58301,421.82999,424.09,424.09,228640000
2018-11-02,424.23999,469.884,424.23999,462.01001,462.01001,524499000
2018-11-03,461.77301,483.66501,458.535,477.99399,477.99399,470238000
2018-11-04,478.535,586.04102,478.509,560.18298,560.18298,1452890000
2018-11-05,557.716,578.22699,538.86102,558.466,558.466,907963000
2018-11-06,558.54602,628.50702,551.28601,628.50702,628.50702,958116000
2018-11-07,630.17603,638.552,610.336,617.255,617.255,935156000
2018-11-08,616.52698,619.15997,573.896,574.43402,574.43402,824619000
2018-11-09,574.00598,594.79498,532.75598,544.41901,544.41901,860474000
2018-11-10,542.88202,562.90503,535.789,556.49902,556.49902,656843000
2018-11-11,555.776,555.776,517.65601,533.341,533.341,693990000
2018-11-12,533.56799,536.896,502.729,516.30701,516.30701,951132000
2018-11-13,514.58398,542.677,504.797,512.40997,512.40997,972530000
2018-11-14,511.63,525.26599,421.19601,439.30801,439.30801,1167480000
2018-11-15,439.96399,453.61801,403.75,421.32001,421.32001,979243000
2018-11-16,421.19901,423.43399,388.82001,388.82001,388.82001,502805000
2018-11-17,389.496,394.383,380.34799,387.74899,387.74899,356307000
2018-11-18,387.63501,412.866,380.02399,386.25201,386.25201,275157000
2018-11-19,383.629,415.14899,336.95499,336.95499,336.95499,107950000
2018-11-20,336.314,336.5,199.086,223.702,223.702,142641000
2018-11-21,226.383,246.673,221.192,235.951,235.951,80873000
2018-11-22,236.20799,238.998,211.468,211.468,211.468,59981900
2018-11-23,210.418,212.45599,196.52,207.42599,207.42599,103947000
2018-11-24,207.66299,217.039,177.22501,180.689,180.689,97740700
2018-11-25,181.127,189.25101,154.28,184.584,184.584,164581000
2018-11-26,184.82899,215.769,170.62199,182.043,182.043,283429000
2018-11-27,182.002,192.994,171.218,179.063,179.063,136514000
2018-11-28,179.136,198.55,176.356,190.07201,190.07201,127871000
2018-11-29,190.10197,191.14995,176.83286,180.98343,180.98343,89166901
2018-11-30,181.09329,187.50394,168.08475,173.06689,173.06689,97441740
2018-12-01,172.51767,177.82527,167.84424,172.12331,172.12331,68660039
2018-12-02,171.93619,180.25536,171.6474,172.1134,172.1134,71004464
2018-12-03,172.31532,172.61382,153.68318,159.81825,159.81825,69403051
2018-12-04,159.64119,160.33354,149.04976,149.65897,149.65897,73451486
2018-12-05,149.85359,149.85359,130.54105,130.54105,130.54105,95942782
2018-12-06,130.51868,131.78928,107.43609,107.59274,107.59274,123685568
2018-12-07,107.4894,116.57368,97.61805,106.85249,106.85249,211041228
2018-12-08,106.2351,109.95705,99.843567,104.0476,104.0476,112407720
2018-12-09,103.72768,112.17757,103.00388,109.61795,109.61795,120406818
2018-12-10,109.59985,110.95811,103.37607,107.31419,107.31419,73938617
2018-12-11,107.05274,107.05274,97.569298,102.07295,102.07295,71529997
2018-12-12,101.71315,105.80147,99.429474,102.59216,102.59216,59280514
2018-12-13,102.43242,102.43242,88.582367,90.302277,90.302277,74837340
2018-12-14,90.243134,91.975586,77.724907,80.37075,80.37075,104537195
2018-12-15,80.332451,83.036423,75.075317,77.365776,77.365776,68901780
2018-12-16,77.370895,83.476028,77.370895,81.639008,81.639008,80118715
2018-12-17,81.532066,92.937454,81.40123,90.34507,90.34507,109893213
2018-12-18,90.309883,105.77661,87.590897,105.20077,105.20077,188289946
2018-12-19,105.43773,144.09578,103.06409,128.44801,128.44801,532417073
2018-12-20,126.28384,200.07811,125.20837,194.23097,194.23097,1558759484
2018-12-21,190.48019,229.01274,177.32858,194.29561,194.29561,1520475211
2018-12-22,196.30318,206.44672,184.078,196.66858,196.66858,716022686
2018-12-23,197.89273,209.85954,189.15862,197.66281,197.66281,578345903
2018-12-24,200.03406,213.71533,179.08626,182.25967,182.25967,611323718
2018-12-25,183.03142,183.03142,155.40282,170.90935,170.90935,621674076
2018-12-26,172.05954,186.33632,165.53937,175.5103,175.5103,537284643
2018-12-27,175.41228,177.19153,147.83722,150.12758,150.12758,339080968
2018-12-28,150.5562,176.18985,144.17422,173.99898,173.99898,466524537
2018-12-29,174.46964,175.27841,164.47943,165.05965,165.05965,308440732
2018-12-30,165.1508,165.34607,159.63734,163.62213,163.62213,254982420
2018-12-31,163.52188,163.52188,148.96167,151.0457,151.0457,184371700
2019-01-01,150.89578,168.76826,150.23816,164.8546,164.8546,267838686
2019-01-02,165.62204,174.23354,162.24879,171.82738,171.82738,270357561
2019-01-03,173.27246,175.46414,160.32759,162.04993,162.04993,231676176
2019-01-04,161.71158,165.3707,155.61015,161.39563,161.39563,207663255
2019-01-05,161.14079,166.35913,158.33197,160.40121,160.40121,230320255
2019-01-06,160.18698,170.75272,159.15123,166.84119,166.84119,226834845
2019-01-07,166.847,168.32928,160.80353,161.24397,161.24397,204578538
2019-01-08,161.40292,164.85931,158.65904,161.91263,161.91263,167967145
2019-01-09,162.11942,162.53659,158.44202,160.08475,160.08475,163008542
2019-01-10,160.28477,164.39772,133.33888,134.9668,134.9668,349267379
2019-01-11,133.90775,134.78503,129.42671,131.66858,131.66858,221067019
2019-01-12,131.49559,138.55089,131.49559,134.38116,134.38116,212095966
2019-01-13,134.49673,135.79608,123.87112,126.34982,126.34982,182166624
2019-01-14,126.48272,136.95879,124.89478,133.97984,133.97984,214446102
2019-01-15,133.97017,134.68355,126.99542,128.48001,128.48001,182316505
2019-01-16,128.68787,131.18201,128.18462,129.16934,129.16934,161105128
2019-01-17,129.20447,131.89095,127.15646,131.05453,131.05453,178365450
2019-01-18,131.09392,131.09392,126.93323,128.45749,128.45749,208629422
2019-01-19,128.5468,131.68581,127.60054,130.2041,130.2041,198967556
2019-01-20,130.13762,130.9964,122.71904,123.88647,123.88647,269797874
2019-01-21,123.92018,124.34528,121.85819,122.82961,122.82961,187814581
2019-01-22,122.71258,131.49873,118.813,128.44011,128.44011,264996480
2019-01-23,128.44019,134.7045,127.83137,132.3201,132.3201,293056048
2019-01-24,132.2112,132.29021,127.46765,129.39734,129.39734,264182477
2019-01-25,129.52094,129.84329,126.3719,128.37045,128.37045,205641444
2019-01-26,128.44438,129.65637,126.96596,127.13967,127.13967,178570796
2019-01-27,127.15507,127.53509,120.70153,122.90111,122.90111,201627687
2019-01-28,123.03539,123.03539,108.08816,112.49606,112.49606,322496467
2019-01-29,112.25018,113.53566,108.10831,111.09045,111.09045,263554927
2019-01-30,110.95767,119.75407,109.63319,118.38124,118.38124,278213607
2019-01-31,118.15506,120.4357,114.0615,114.81019,114.81019,277744299
2019-02-01,114.79913,118.15222,112.06761,116.55672,116.55672,246917441
2019-02-02,116.55434,122.00371,116.2163,121.79053,121.79053,251181380
2019-02-03,121.79032,121.97329,117.47778,118.82815,118.82815,218977856
2019-02-04,119.30398,120.56281,118.34694,119.12478,119.12478,207822688
2019-02-05,119.0272,119.91079,117.20027,117.7113,117.7113,205839408
2019-02-06,117.98096,120.00523,111.83869,115.33364,115.33364,289253747
2019-02-07,115.17918,117.56552,114.17507,115.15021,115.15021,192007562
2019-02-08,115.78275,131.22437,115.18435,130.86221,130.86221,392818315
2019-02-09,129.92769,130.47873,126.06039,128.64192,128.64192,233478378
2019-02-10,128.63252,129.02287,122.22634,127.58672,127.58672,285347998
2019-02-11,127.69317,127.69317,121.84006,122.51188,122.51188,282031883
2019-02-12,122.52341,123.58498,119.55394,123.44557,123.44557,236077048
2019-02-13,123.37847,126.93679,121.8118,123.1524,123.1524,228141043
2019-02-14,123.11617,124.66909,121.56432,121.64991,121.64991,242536735
2019-02-15,122.18021,123.41278,121.59093,121.96152,121.96152,197273460
2019-02-16,122.00977,123.32658,121.96658,122.36092,122.36092,191430981
2019-02-17,122.23206,125.04436,121.14742,124.68604,124.68604,230868433
2019-02-18,124.96676,147.24081,124.96676,144.40594,144.40594,685321231
2019-02-19,144.31415,150.86137,142.86502,143.30478,143.30478,557033470
2019-02-20,142.97211,148.57655,140.84839,148.05463,148.05463,402662737
2019-02-21,147.91896,147.91896,141.21796,142.92816,142.92816,351951657
2019-02-22,142.82271,145.70892,141.82092,145.11494,145.11494,321600349
2019-02-23,144.882,153.25616,142.36476,153.25616,153.25616,391092331
2019-02-24,154.19577,157.64693,130.17917,130.26764,130.26764,556592899
2019-02-25,130.02335,139.38258,130.02335,135.86845,135.86845,475080131
2019-02-26,135.84186,139.05098,133.33652,134.26276,134.26276,327672295
2019-02-27,134.32938,135.51805,130.19362,132.78728,132.78728,291088410
2019-02-28,132.89595,134.50569,131.18474,132.18697,132.18697,281575851
2019-03-01,132.07542,134.8262,131.92953,132.96179,132.96179,240782300
2019-03-02,132.92372,133.45955,130.75357,132.5385,132.5385,234304188
2019-03-03,132.57399,133.28304,131.07452,131.5563,131.5563,202483597
2019-03-04,131.41866,132.3235,123.25282,125.12248,125.12248,307511335
2019-03-05,124.9627,134.15858,124.51756,132.50877,132.50877,297746808
2019-03-06,133.41069,134.0224,131.08295,133.26796,133.26796,281163956
2019-03-07,133.29352,135.02747,131.25697,132.15608,132.15608,281220759
2019-03-08,132.21065,133.57349,128.28075,129.47026,129.47026,301191835
2019-03-09,129.42332,136.3831,128.36043,133.81557,133.81557,317778034
2019-03-10,134.03593,134.15823,131.18555,132.83781,132.83781,274459921
2019-03-11,132.86087,133.40215,128.23427,130.20494,130.20494,268403469
2019-03-12,130.34616,130.6635,128.09503,128.94824,128.94824,232279797
2019-03-13,129.19156,129.72258,127.92181,128.93375,128.93375,217915164
2019-03-14,128.8232,135.73561,128.8232,133.89812,133.89812,388641464
2019-03-15,133.7937,146.74159,132.9446,143.99362,143.99362,363130165
2019-03-16,143.97974,160.69083,143.97974,157.57979,157.57979,648403250
2019-03-17,157.43993,158.66891,148.70695,156.07899,156.07899,437535869
2019-03-18,156.25888,166.6747,156.0853,162.49417,162.49417,635931669
2019-03-19,162.5961,163.18719,157.80975,162.42778,162.42778,430154285
2019-03-20,162.33339,162.33339,156.58377,160.53293,160.53293,394747561
2019-03-21,160.79156,161.29236,150.55977,154.76694,154.76694,488749472
2019-03-22,154.70596,161.08513,153.53639,158.34077,158.34077,373689646
2019-03-23,158.12656,170.05151,157.69685,167.41081,167.41081,518279691
2019-03-24,167.09142,167.09142,164.04762,165.93623,165.93623,400180522
2019-03-25,166.10646,166.702,158.65594,161.61815,161.61815,462768947
2019-03-26,161.38687,161.94464,156.0052,161.43805,161.43805,448350663
2019-03-27,160.51273,174.16873,160.04662,173.18057,173.18057,566792974
2019-03-28,173.09569,173.09569,167.25674,169.45404,169.45404,545985641
2019-03-29,169.34714,172.15611,166.46088,170.44998,170.44998,560103605
2019-03-30,170.30148,177.73091,167.37436,168.5882,168.5882,581569997
2019-03-31,168.63965,169.03526,167.3829,168.93755,168.93755,454369901
2019-04-01,168.89908,169.3129,167.0874,167.627,167.627,465814641
2019-04-02,167.62819,240.10945,167.47403,236.1326,236.1326,1648897519
2019-04-03,236.39558,342.87003,236.29529,298.35254,298.35254,4237037516
2019-04-04,298.4675,317.3707,276.33353,286.56766,286.56766,2803008785
2019-04-05,286.63525,299.74149,282.55798,292.64114,292.64114,1697395926
2019-04-06,292.80542,328.43668,285.28476,306.0741,306.0741,2107781161
2019-04-07,305.79901,326.11072,300.13577,319.59653,319.59653,2183906035
2019-04-08,319.76501,326.91797,297.36304,310.15784,310.15784,1918300729
2019-04-09,309.95288,309.95288,294.8895,296.04364,296.04364,1312902759
2019-04-10,295.96942,312.09427,295.7868,305.21991,305.21991,1476621660
2019-04-11,305.12476,306.06873,259.01505,272.70963,272.70963,1824110954
2019-04-12,272.63828,287.01389,260.67218,282.85315,282.85315,1458454991
2019-04-13,282.67651,286.49832,274.12341,279.46948,279.46948,1142074597
2019-04-14,279.41034,289.54294,274.85794,288.64716,288.64716,990830744
2019-04-15,288.69806,332.28253,288.09155,314.11816,314.11816,2459286061
2019-04-16,314.11691,324.84268,305.79446,318.30627,318.30627,1686596635
2019-04-17,318.314,321.69107,306.28,310.79996,310.79996,1373348879
2019-04-18,310.87283,314.36475,304.73669,306.95602,306.95602,1203614370
2019-04-19,306.92758,310.08038,293.58624,306.80807,306.80807,1395000142
2019-04-20,306.86011,309.64679,296.76306,300.7532,300.7532,1036399596
2019-04-21,300.80969,303.33084,281.89844,290.48026,290.48026,1279142852
2019-04-22,290.33643,295.89636,287.55225,292.81183,292.81183,1184945128
2019-04-23,292.78879,308.47104,290.62177,291.17389,291.17389,1434551201
2019-04-24,290.96469,291.84805,270.55835,278.93661,278.93661,1554756186
2019-04-25,279.2099,284.03473,266.19122,266.85202,266.85202,1229338671
2019-04-26,267.18881,274.97723,257.49036,263.87927,263.87927,1345116972
2019-04-27,264.08667,266.59366,261.06039,263.94092,263.94092,910703481
2019-04-28,264.11804,267.58084,251.61761,255.47012,255.47012,1007833364
2019-04-29,255.55011,255.55011,232.91257,236.61249,236.61249,1326738644
2019-04-30,237.56885,268.22659,236.33122,267.75815,267.75815,1761938029
2019-05-01,267.99292,278.6528,266.45868,271.8165,271.8165,1693067790
2019-05-02,271.96762,280.1644,268.01572,270.18259,270.18259,1513870927
2019-05-03,270.15262,297.15604,267.88354,293.01349,293.01349,2046668051
2019-05-04,292.87585,311.65677,275.39001,291.49115,291.49115,2665107945
2019-05-05,291.34506,298.90961,287.04898,293.94745,293.94745,1995769808
2019-05-06,293.9621,294.71878,277.51035,287.66449,287.66449,1766785841
2019-05-07,287.67798,298.44315,286.22446,286.73499,286.73499,1773389358
2019-05-08,286.5509,287.26407,276.65631,286.29877,286.29877,1423796801
2019-05-09,286.46976,292.72168,278.45248,284.18625,284.18625,1481835612
2019-05-10,284.20078,294.24326,279.61221,287.73001,287.73001,1807016333
2019-05-11,287.78967,377.01114,287.72647,356.3663,356.3663,3587276404
2019-05-12,356.26852,375.38287,336.19202,354.02994,354.02994,4136205097
2019-05-13,354.02994,401.34485,347.15659,384.47714,384.47714,3775372869
2019-05-14,385.36652,407.57849,369.12729,388.9585,388.9585,3490443261
2019-05-15,389.11722,407.71356,373.63718,402.92725,402.92725,3374131496
2019-05-16,402.44046,443.6763,387.53699,398.70364,398.70364,4522945333
2019-05-17,398.68011,409.99713,340.83905,364.85144,364.85144,3639603283
2019-05-18,364.45203,370.36938,351.98956,357.61746,357.61746,2276729590
2019-05-19,357.31052,428.85403,356.85419,421.49329,421.49329,3347689966
2019-05-20,421.38327,421.41986,385.42224,412.81113,412.81113,2932575975
2019-05-21,412.52417,439.3837,401.31308,417.55045,417.55045,2894337881
2019-05-22,417.31058,422.90646,387.7099,392.50864,392.50864,2493471577
2019-05-23,391.5235,406.63293,372.63416,405.84064,405.84064,2544348455
2019-05-24,405.91788,421.01343,396.41266,409.05121,409.05121,2441092695
2019-05-25,409.21149,414.55637,401.5788,406.7406,406.7406,1812156961
2019-05-26,406.5513,436.3407,394.69064,432.8407,432.8407,2311867234
2019-05-27,432.97055,456.25238,427.11041,443.79633,443.79633,2767017567
2019-05-28,443.00879,443.74689,429.76764,434.99622,434.99622,1995254776
2019-05-29,435.01208,462.77792,422.6377,454.12314,454.12314,2493988249
2019-05-30,454.45053,478.52591,414.1459,424.62329,424.62329,2988845095
2019-05-31,424.62329,445.1077,417.69644,445.06995,445.06995,2239642925
2019-06-01,445.02957,448.59973,432.18466,434.46014,434.46014,1774830914
2019-06-02,434.72021,449.76212,434.27441,443.77155,443.77155,1645915863
2019-06-03,443.72607,446.74731,403.69666,408.65979,408.65979,2062149881
2019-06-04,408.2131,408.2131,368.95111,382.66016,382.66016,2279486006
2019-06-05,382.65247,411.68912,382.5961,398.38309,398.38309,2659571174
2019-06-06,398.0715,402.99808,373.95261,396.92953,396.92953,1857674526
2019-06-07,397.03943,410.48627,392.38828,401.43378,401.43378,1571977471
2019-06-08,401.56021,405.10437,387.58597,394.24011,394.24011,1393738910
2019-06-09,394.1517,396.50281,373.63507,381.16635,381.16635,1326212608
2019-06-10,381.06345,399.11932,375.78143,394.58215,394.58215,1537080110
2019-06-11,394.77481,397.02234,380.78687,387.91074,387.91074,1316065000
2019-06-12,388.10593,399.86578,385.73349,396.38052,396.38052,1470454427
2019-06-13,396.32333,423.42935,395.50256,411.94171,411.94171,2044418533
2019-06-14,411.89163,422.20007,402.3649,421.2869,421.2869,1793749535
2019-06-15,421.6842,425.59003,413.14655,422.82693,422.82693,1566387915
2019-06-16,422.82599,440.49881,418.98376,428.32089,428.32089,1904693125
2019-06-17,428.26477,438.60043,427.06012,432.51721,432.51721,1454079245
2019-06-18,432.02368,432.33777,405.30972,413.94095,413.94095,1622477887
2019-06-19,413.93347,420.24835,410.72717,416.91083,416.91083,1297224300
2019-06-20,416.81216,417.31644,406.56058,413.55774,413.55774,1314360146
2019-06-21,413.60428,441.16147,413.17004,439.45462,439.45462,1846131599
2019-06-22,439.69427,522.09131,437.84326,480.17224,480.17224,3606842274
2019-06-23,479.43927,496.91806,472.2016,475.01718,475.01718,2313225132
2019-06-24,475.33698,476.66757,464.79941,476.25412,476.25412,1857691004
2019-06-25,476.71521,483.92731,466.30264,479.81442,479.81442,2225951702
2019-06-26,479.79117,514.71606,465.76758,485.56931,485.56931,3541460266
2019-06-27,485.87341,490.68454,392.81601,413.27045,413.27045,3097101870
2019-06-28,413.61771,439.62045,401.49933,436.79681,436.79681,2663786738
2019-06-29,437.12399,443.6171,415.3876,442.72275,442.72275,2131966116
2019-06-30,441.95898,447.30054,399.47037,399.47037,399.47037,1933402678
2019-07-01,399.8335,418.57404,390.76047,416.64554,416.64554,2170629296
2019-07-02,416.51797,421.1091,382.82718,407.88718,407.88718,2148449372
2019-07-03,407.91019,422.72815,407.33453,422.60941,422.60941,1887674266
2019-07-04,422.81268,423.84689,400.45847,401.69058,401.69058,1721585714
2019-07-05,401.63577,408.08176,393.67578,400.5144,400.5144,1725160159
2019-07-06,400.23358,416.22757,399.2803,405.46634,405.46634,1471000137
2019-07-07,405.58441,415.06909,400.75726,411.80969,411.80969,1334925076
2019-07-08,412.12253,420.78622,406.48001,418.63419,418.63419,1397264412
2019-07-09,418.78653,428.36005,412.43854,416.07843,416.07843,1624612090
2019-07-10,416.09177,421.53375,383.67505,390.24274,390.24274,1946693493
2019-07-11,390.29404,390.44016,325.7392,345.88416,345.88416,2535121897
2019-07-12,346.55151,359.77966,339.87555,354.45972,354.45972,1671307825
2019-07-13,354.56787,354.84601,334.47955,344.95316,344.95316,1496154286
2019-07-14,344.96985,346.36746,281.20309,282.84357,282.84357,1688007280
2019-07-15,283.30179,322.27551,258.64899,314.74249,314.74249,2464005425
2019-07-16,314.86093,317.30228,273.02637,281.70776,281.70776,2120520439
2019-07-17,281.20032,304.0939,275.57407,291.5433,291.5433,2288443142
2019-07-18,291.38129,321.34885,286.13916,315.08737,315.08737,1844896871
2019-07-19,314.78055,316.39395,298.45996,308.02765,308.02765,1455314291
2019-07-20,308.38315,337.27835,306.1142,324.20444,324.20444,1715437159
2019-07-21,324.3898,330.46701,312.7406,320.86469,320.86469,1359692581
2019-07-22,320.99716,323.62463,303.04102,310.59192,310.59192,1297124990
2019-07-23,310.71811,314.30801,294.30136,298.58423,298.58423,1465679636
2019-07-24,298.13669,305.81479,284.73239,302.85159,302.85159,1507512759
2019-07-25,302.9039,310.62561,296.88193,302.94946,302.94946,1270702881
2019-07-26,302.79089,319.03162,296.69388,316.04147,316.04147,1485022992
2019-07-27,316.4278,321.70065,302.54541,306.64383,306.64383,1529445657
2019-07-28,306.49765,311.29141,299.00327,310.4574,310.4574,1304270432
2019-07-29,310.20258,312.61584,305.77444,307.91702,307.91702,1319630375
2019-07-30,307.91486,320.2572,305.29373,315.92661,315.92661,1376384681
2019-07-31,315.83029,329.29974,315.83029,326.57028,326.57028,1647491046
2019-08-01,326.58728,329.05273,320.07275,328.75906,328.75906,1485593980
2019-08-02,328.72357,331.44406,322.76666,326.82394,326.82394,1521358677
2019-08-03,326.65219,339.62494,325.40424,332.74545,332.74545,1507071290
2019-08-04,333.06049,337.46387,329.0723,333.67346,333.67346,1364528841
2019-08-05,333.69159,350.82486,333.58185,346.75903,346.75903,1791977352
2019-08-06,346.80722,352.30371,330.54214,333.57687,333.57687,1617493636
2019-08-07,333.7915,342.22037,331.15103,339.60526,339.60526,1226299625
2019-08-08,339.63977,339.78625,326.42429,333.72971,333.72971,1206905812
2019-08-09,333.68158,334.57156,312.11157,316.62082,316.62082,1311332080
2019-08-10,316.68649,323.13629,307.34213,315.9899,315.9899,1236137481
2019-08-11,315.89005,340.18689,315.70618,336.1965,336.1965,1216405504
2019-08-12,336.1593,338.09241,329.32761,330.22852,330.22852,1150597729
2019-08-13,330.24606,348.50153,328.32327,343.68076,343.68076,1551260140
2019-08-14,343.52319,353.70081,310.70636,311.49594,311.49594,1915331290
2019-08-15,312.16937,320.91562,282.04471,314.57608,314.57608,2284229901
2019-08-16,314.80093,316.15332,301.37659,310.44934,310.44934,1466483371
2019-08-17,310.57532,312.82581,301.68079,307.27698,307.27698,969169195
2019-08-18,307.29221,322.96884,303.26007,316.50961,316.50961,1132352694
2019-08-19,316.73062,326.88428,313.96741,325.60638,325.60638,1194487698
2019-08-20,325.44937,325.72501,314.12891,316.24582,316.24582,1115713726
2019-08-21,316.28235,316.28235,293.93164,302.98685,302.98685,1452981238
2019-08-22,303.08331,312.87036,295.58554,311.32703,311.32703,1476522149
2019-08-23,311.32263,317.57742,305.72559,316.82642,316.82642,1442794558
2019-08-24,316.13913,316.27493,302.44168,307.64539,307.64539,1374366115
2019-08-25,307.58679,310.73718,302.5481,305.60196,305.60196,1156287354
2019-08-26,305.31589,315.08942,304.65823,311.12164,311.12164,1400335086
2019-08-27,311.16071,312.49622,304.24997,308.04047,308.04047,1281645070
2019-08-28,308.02316,309.47928,290.40063,292.19214,292.19214,1471533020
2019-08-29,292.24731,292.24731,277.66946,280.73972,280.73972,1515300753
2019-08-30,280.75784,283.9563,272.88113,279.87027,279.87027,1333960561
2019-08-31,279.65253,283.94794,273.71609,279.93951,279.93951,1188670880
2019-09-01,279.99255,283.57397,276.07852,282.3291,282.3291,1053837321
2019-09-02,282.33447,295.52444,280.58612,294.0759,294.0759,1306503215
2019-09-03,294.02191,305.47174,293.4697,300.85986,300.85986,1542378009
2019-09-04,300.99826,301.97556,294.10892,295.30457,295.30457,1054125848
2019-09-05,295.31741,296.27039,286.78766,292.89597,292.89597,1221460127
2019-09-06,292.91971,301.03531,284.37054,287.4519,287.4519,1449262693
2019-09-07,287.73901,305.16644,285.6745,301.15439,301.15439,1487255622
2019-09-08,301.30731,309.78918,300.31339,307.00983,307.00983,1362441598
2019-09-09,307.80783,310.72369,299.24548,305.42508,305.42508,1519465939
2019-09-10,305.1528,310.64581,301.02896,304.13367,304.13367,1274746653
2019-09-11,304.23666,306.65439,294.45184,299.81479,299.81479,1353292059
2019-09-12,299.62381,302.68408,295.91446,300.42099,300.42099,1167888639
2019-09-13,300.45834,301.06113,295.82425,298.25702,298.25702,1172902982
2019-09-14,298.42456,307.79294,297.27426,304.6926,304.6926,1269683634
2019-09-15,304.60303,307.83621,303.31448,304.23279,304.23279,1205048956
2019-09-16,304.25589,309.67682,302.87085,307.52634,307.52634,1263976388
2019-09-17,307.52606,326.83282,306.11224,319.50082,319.50082,1622782817
2019-09-18,319.39166,332.89133,319.39166,324.72086,324.72086,1773994497
2019-09-19,324.63232,324.63232,309.92255,323.70282,323.70282,1818328805
2019-09-20,323.82419,325.0715,312.26254,315.36777,315.36777,1569334925
2019-09-21,315.73703,318.10095,311.16412,312.47736,312.47736,1448816845
2019-09-22,312.22949,312.67978,304.20529,308.30191,308.30191,1324458033
2019-09-23,308.21796,308.46594,293.06537,293.06537,293.06537,1433579087
2019-09-24,293.12018,294.06326,216.06192,222.35074,222.35074,2916790532
2019-09-25,222.25372,235.13957,219.02831,229.41316,229.41316,2601638827
2019-09-26,229.26521,229.26521,208.16808,216.2007,216.2007,2113715407
2019-09-27,216.02036,223.96988,211.42738,222.55861,222.55861,1903875542
2019-09-28,222.6158,231.84863,220.85591,228.8345,228.8345,1675667458
2019-09-29,228.86755,229.20863,215.17235,220.43027,220.43027,1523703377
2019-09-30,220.45079,230.26338,215.06458,228.12289,228.12289,1646589372
2019-10-01,228.26199,236.07811,221.168,224.7619,224.7619,1778003922
2019-10-02,224.78897,226.56073,221.79485,225.89362,225.89362,1372176230
2019-10-03,225.76421,225.98021,219.37814,222.57909,222.57909,1111283911
2019-10-04,222.66444,225.71388,220.6989,223.25081,223.25081,1186189217
2019-10-05,223.12569,224.19336,219.34135,223.16534,223.16534,1049368204
2019-10-06,223.21519,224.13071,220.42126,223.41193,223.41193,1104864272
2019-10-07,223.25916,238.35474,221.59799,234.23618,234.23618,1574411233
2019-10-08,234.22279,239.05048,229.16994,232.35722,232.35722,1430440347
2019-10-09,232.55057,240.36972,229.74236,239.44392,239.44392,1466835870
2019-10-10,239.42245,240.11897,229.72501,230.1062,230.1062,1559031120
2019-10-11,230.18095,233.99237,221.38304,222.59401,222.59401,1430107191
2019-10-12,222.72829,228.0957,222.72829,225.10199,225.10199,1276328578
2019-10-13,225.03949,228.90123,223.0742,224.12325,224.12325,1113479953
2019-10-14,223.955,229.08681,223.83321,228.58923,228.58923,1181648353
2019-10-15,228.53726,229.1351,221.08275,222.82779,222.82779,1329643411
2019-10-16,222.86133,225.7618,215.23331,218.20311,218.20311,1422464232
2019-10-17,218.20717,221.4342,215.58339,221.4342,221.4342,1192766014
2019-10-18,221.28008,221.28008,211.03992,212.64891,212.64891,1320439938
2019-10-19,212.62085,216.08243,211.58914,213.98087,213.98087,1162614339
2019-10-20,214.13737,227.03616,212.80612,224.92574,224.92574,1366308264
2019-10-21,224.92671,236.72762,224.10744,233.25696,233.25696,1658436725
2019-10-22,233.36008,234.5764,227.43941,228.04495,228.04495,1475891269
2019-10-23,228.00621,228.58441,203.07188,210.37648,210.37648,1844311891
2019-10-24,210.29958,218.42722,208.05812,214.04788,214.04788,1752820854
2019-10-25,214.20581,265.02814,213.81171,259.1669,259.1669,3309084358
2019-10-26,259.52832,277.1225,244.45818,252.50702,252.50702,3875753112
2019-10-27,252.55829,265.95972,246.34,261.25159,261.25159,3228198618
2019-10-28,261.14978,274.8064,260.10593,265.41086,265.41086,3107818242
2019-10-29,265.38434,295.46854,264.28195,288.95755,288.95755,4123613696
2019-10-30,289.19089,303.61435,285.73608,290.62817,290.62817,3583344209
2019-10-31,290.40076,296.56061,274.42755,284.47665,284.47665,2933178100
2019-11-01,284.4895,284.4895,274.11133,279.13736,279.13736,2375427805
2019-11-02,279.21527,295.22531,278.97577,290.71646,290.71646,2353771063
2019-11-03,290.73361,303.13086,283.72836,292.71057,292.71057,2598715593
2019-11-04,292.8009,293.97964,286.83777,291.84662,291.84662,2478124574
2019-11-05,291.77625,295.79745,287.92932,293.70688,293.70688,2269171137
2019-11-06,293.46439,307.36273,292.63968,306.2287,306.2287,2418826077
2019-11-07,306.29349,306.67468,289.44556,293.50409,293.50409,2183103768
2019-11-08,293.82629,294.61163,274.30118,277.97861,277.97861,2226108792
2019-11-09,277.89905,284.10428,277.87628,282.74417,282.74417,1689515654
2019-11-10,282.73065,296.03534,281.3175,293.47549,293.47549,2125907737
2019-11-11,293.56772,297.01062,284.39304,287.1586,287.1586,1873466817
2019-11-12,287.17615,291.64249,284.5473,289.24146,289.24146,1840497856
2019-11-13,289.04306,289.66107,284.08762,286.49347,286.49347,1555824951
2019-11-14,286.23993,287.01389,277.43579,279.55981,279.55981,1835340820
2019-11-15,280.07098,280.27365,264.03564,264.71021,264.71021,1918658721
2019-11-16,264.95688,269.50433,263.39868,267.69742,267.69742,1481946683
2019-11-17,267.70596,274.04007,264.39688,268.74319,268.74319,1565942482
2019-11-18,268.46719,269.79932,246.32504,250.18408,250.18408,2115048013
2019-11-19,250.16518,253.91742,236.82666,244.4062,244.4062,2131441345
2019-11-20,244.33517,248.61946,241.51863,244.24063,244.24063,1805761006
2019-11-21,244.20146,246.81531,222.45668,226.59888,226.59888,2401952813
2019-11-22,226.70143,229.25502,198.15205,208.92728,208.92728,3382940612
2019-11-23,209.09523,217.36353,202.89207,217.33836,217.33836,2407778555
2019-11-24,217.28984,217.909,205.13686,205.1488,205.1488,2128845957
2019-11-25,205.23726,215.29591,194.76131,209.23512,209.23512,2401604928
2019-11-26,208.78448,214.93178,208.34566,212.93398,212.93398,1808857014
2019-11-27,212.35847,224.1228,206.6129,220.41406,220.41406,1963457159
2019-11-28,220.12306,226.24265,218.58281,218.73795,218.73795,1391327826
2019-11-29,218.88765,225.68758,218.44228,224.80838,224.80838,1475684082
2019-11-30,224.97708,226.75737,217.42717,218.90787,218.90787,1309092627
2019-12-01,218.98875,219.25755,212.49922,216.16965,216.16965,1260404762
2019-12-02,216.37746,218.92343,212.36096,215.65747,215.65747,1164376888
2019-12-03,215.50447,217.16206,211.61952,212.85883,212.85883,1072206668
2019-12-04,212.67677,216.60451,205.88968,209.29478,209.29478,1441054845
2019-12-05,209.21504,221.65645,206.93123,213.28928,213.28928,1198480068
2019-12-06,213.37596,215.26851,210.40314,213.21671,213.21671,1119431926
2019-12-07,213.78191,215.80988,212.40819,212.64987,212.64987,1042909181
2019-12-08,212.92651,216.94627,210.96164,214.35638,214.35638,1048971273
2019-12-09,214.05505,215.43466,208.23663,209.85176,209.85176,1168994670
2019-12-10,209.83031,210.09378,206.17268,208.29956,208.29956,1171037352
2019-12-11,208.09628,209.95396,206.46391,207.18097,207.18097,1091099892
2019-12-12,207.42468,208.79874,205.33269,207.71204,207.71204,1276162238
2019-12-13,207.72134,212.81905,206.48538,211.08989,211.08989,1255832120
2019-12-14,211.23743,213.22845,206.42108,207.49536,207.49536,1248149986
2019-12-15,207.46263,209.96608,200.81439,207.36482,207.36482,1364339247
2019-12-16,207.54495,208.40028,195.69388,197.14592,197.14592,1613646363
2019-12-17,197.11728,198.11023,175.24573,177.4079,177.4079,1772467634
2019-12-18,177.26163,190.68163,172.94733,189.73413,189.73413,2471323830
2019-12-19,189.39972,191.99013,183.20604,187.63258,187.63258,2025407707
2019-12-20,187.68166,190.80646,185.91115,188.17125,188.17125,1409786653
2019-12-21,188.22244,189.25508,186.35294,187.74088,187.74088,1267951911
2019-12-22,187.44452,197.67899,187.07339,196.66177,196.66177,1549039085
2019-12-23,196.28671,197.61087,189.91223,190.51976,190.51976,1744349961
2019-12-24,190.74469,194.12993,187.34117,189.49753,189.49753,1514958689
2019-12-25,189.72215,190.30161,185.49135,187.17732,187.17732,1671819392
2019-12-26,187.27371,192.99983,185.53128,188.56139,188.56139,1309782083
2019-12-27,188.31955,204.70825,187.18272,203.32747,203.32747,2017127633
2019-12-28,203.28868,209.94073,203.11458,206.41098,206.41098,1909698747
2019-12-29,206.24796,215.50189,205.04138,212.95586,212.95586,1856273467
2019-12-30,212.88301,215.99323,207.41167,209.40477,209.40477,1804979491
2019-12-31,209.30199,214.23792,202.04478,204.62317,204.62317,1713535483
2020-01-01,204.6713,208.07751,203.20515,204.39754,204.39754,1456113692
2020-01-02,204.35454,205.13675,194.06981,195.69856,195.69856,1432801807
2020-01-03,196.00769,224.95087,192.97949,222.41298,222.41298,2644279656
2020-01-04,222.53656,227.46053,220.28091,226.01869,226.01869,1861485049
2020-01-05,225.77983,228.2193,222.35269,224.09653,224.09653,1681830248
2020-01-06,224.34792,245.10612,223.69182,244.55721,244.55721,2328224536
2020-01-07,244.71301,245.84492,234.17679,243.2585,243.2585,2234914578
2020-01-08,243.07921,251.2973,234.39323,241.05522,241.05522,2424659797
2020-01-09,240.99803,243.04739,232.34799,239.22261,239.22261,1908677851
2020-01-10,239.55162,271.76767,232.63597,270.72528,270.72528,2986773814
2020-01-11,270.1972,276.63364,259.81027,260.67999,260.67999,2487051623
2020-01-12,261.10028,269.07086,259.28122,268.23706,268.23706,2168514332
2020-01-13,268.41251,270.76559,261.87115,267.52283,267.52283,1884541173
2020-01-14,267.64417,364.15808,267.53113,350.26352,350.26352,6618289058
2020-01-15,348.71732,358.81653,319.00922,339.39532,339.39532,5240635087
2020-01-16,339.6821,341.23761,311.56281,325.97849,325.97849,3652947113
2020-01-17,326.37512,379.68365,320.61887,366.97699,366.97699,5128628377
2020-01-18,367.40884,398.89273,334.83539,339.11627,339.11627,6041778648
2020-01-19,338.40018,362.14609,323.11203,338.30511,338.30511,4458226713
2020-01-20,338.11938,351.84341,325.28229,343.80716,343.80716,3361586387
2020-01-21,343.51028,346.53644,334.70325,343.42178,343.42178,2658918440
2020-01-22,343.37,352.00748,339.61688,347.23132,347.23132,2468426687
2020-01-23,347.49792,348.3945,319.28796,324.86801,324.86801,2722405196
2020-01-24,325.16776,327.37531,299.95609,319.5209,319.5209,3346887042
2020-01-25,319.37625,319.40146,305.48773,311.35834,311.35834,2169791084
2020-01-26,310.99591,347.74319,308.54874,346.99786,346.99786,3192088890
2020-01-27,346.89005,374.8609,346.53101,362.64932,362.64932,4123924761
2020-01-28,362.65314,382.77515,360.50247,378.85913,378.85913,3916343793
2020-01-29,379.10309,393.78336,378.29797,381.52353,381.52353,3987047015
2020-01-30,380.86157,395.55521,373.53482,392.97214,392.97214,4055518921
2020-01-31,392.83017,393.80356,366.59512,375.38956,375.38956,3667538280
2020-02-01,375.06659,387.38559,374.60132,381.01337,381.01337,3218496040
2020-02-02,380.25348,388.38544,370.80655,378.27301,378.27301,3246254490
2020-02-03,377.93723,389.45468,375.86197,383.87869,383.87869,3410323023
2020-02-04,383.75821,387.16043,374.659,380.59998,380.59998,3143637424
2020-02-05,380.71893,442.09848,379.15717,442.00815,442.00815,5289083000
2020-02-06,442.34128,445.92816,427.7868,442.78592,442.78592,4860546337
2020-02-07,442.56619,454.01257,433.94946,439.75342,439.75342,4461219818
2020-02-08,439.70129,451.27917,427.80066,443.50632,443.50632,4419573713
2020-02-09,443.0683,458.01187,438.73297,449.8136,449.8136,4503926958
2020-02-10,449.91171,457.94592,439.06824,452.88751,452.88751,4615609704
2020-02-11,452.99295,463.73706,441.82907,461.25818,461.25818,4555794105
2020-02-12,461.17233,479.66513,461.09848,475.48053,475.48053,5045367008
2020-02-13,475.06393,482.79572,461.26306,474.31799,474.31799,5008241277
2020-02-14,474.47305,493.02811,467.23294,491.16064,491.16064,5065237281
2020-02-15,491.10031,492.6702,433.62619,437.66495,437.66495,5190427957
2020-02-16,438.8775,455.38263,393.82584,415.94064,415.94064,5449550841
2020-02-17,415.05011,416.80817,372.60437,409.34457,409.34457,6803728992
2020-02-18,409.63489,423.483,387.88397,418.87418,418.87418,5886874448
2020-02-19,419.09711,421.65665,378.70844,382.21942,382.21942,4542003340
2020-02-20,381.30048,386.32605,361.74832,372.4816,372.4816,6890851156
2020-02-21,372.28787,385.39523,369.54581,379.39719,379.39719,4836161572
2020-02-22,379.80457,380.34204,369.83252,373.83313,373.83313,3527159322
2020-02-23,373.75729,401.63553,373.07455,401.63553,401.63553,4162646980
2020-02-24,401.39963,410.40552,367.02707,377.57858,377.57858,4914188970
2020-02-25,377.16367,377.49738,348.12451,353.97745,353.97745,4606854507
2020-02-26,353.97855,359.05185,307.8385,316.64413,316.64413,6763748571
2020-02-27,318.04648,332.85379,308.72156,323.28568,323.28568,5287840793
2020-02-28,323.12122,328.67249,301.70505,313.62753,313.62753,5138037107
2020-02-29,313.92542,321.06979,306.91232,308.32623,308.32623,3835560261
2020-03-01,308.2605,321.91589,305.87753,313.30347,313.30347,4048910843
2020-03-02,313.3233,340.65253,311.52414,336.79327,336.79327,19808528742
2020-03-03,336.9119,337.591,323.67676,329.23825,329.23825,29574589033
2020-03-04,329.52917,330.95947,313.5712,319.25009,319.25009,10228558602
2020-03-05,319.31564,342.56268,319.31564,337.24481,337.24481,4756771998
2020-03-06,337.39478,351.49582,334.17487,348.89349,348.89349,4856222089
2020-03-07,349.17679,349.63446,330.38721,330.80612,330.80612,3875979762
2020-03-08,331.01297,331.13156,274.51474,276.1998,276.1998,4940601444
2020-03-09,275.96155,279.04172,255.10519,273.20712,273.20712,5692575812
2020-03-10,273.51706,277.15414,265.66183,271.71524,271.71524,4070679142
2020-03-11,271.84442,273.93759,253.38338,266.85547,266.85547,3633629631
2020-03-12,266.75348,266.91769,150.8589,152.22499,152.22499,5267287206
2020-03-13,152.17665,187.8793,139.21664,176.49472,176.49472,7430982761
2020-03-14,177.12457,180.14442,165.05344,167.58472,167.58472,3542066431
2020-03-15,167.56038,187.47629,166.02026,178.31128,178.31128,3000089521
2020-03-16,178.19684,183.16402,152.29655,170.73665,170.73665,4079544956
2020-03-17,171.05067,185.09711,170.54532,180.32639,180.32639,3314225864
2020-03-18,179.77847,182.52974,171.39853,179.09233,179.09233,2984002272
2020-03-19,178.92476,229.17682,177.77716,221.26855,221.26855,5208693462
2020-03-20,221.47736,242.51276,198.27388,214.42494,214.42494,5643988214
2020-03-21,214.39746,225.13913,209.30019,219.36751,219.36751,4157945375
2020-03-22,219.59904,229.77989,202.99118,203.67229,203.67229,4015953536
2020-03-23,203.52808,219.85074,200.745,219.33047,219.33047,4187958180
2020-03-24,219.82436,229.32588,218.09035,227.24609,227.24609,3821906574
2020-03-25,227.4054,228.28818,215.91782,220.44035,220.44035,3456700025
2020-03-26,220.52888,226.85522,220.52888,226.82312,226.82312,3364466566
2020-03-27,226.95613,232.07246,216.98463,217.58334,217.58334,3273866630
2020-03-28,217.3353,217.3353,205.44016,214.22467,214.22467,3419855738
2020-03-29,214.13477,216.02634,205.65727,206.4635,206.4635,2748237987
2020-03-30,206.36267,224.10378,206.20232,221.5381,221.5381,3193929370
2020-03-31,221.21222,223.57768,217.47498,219.62759,219.62759,2933494164
2020-04-01,219.2639,224.02095,213.35359,224.02095,224.02095,3197608308
2020-04-02,223.89424,242.66428,223.21585,232.65279,232.65279,4225298020
2020-04-03,232.51352,241.3613,231.57271,235.81334,235.81334,3713212644
2020-04-04,235.86217,239.31886,233.08162,238.81934,238.81934,3145975504
2020-04-05,238.75189,239.70581,228.13757,231.99799,231.99799,3000506532
2020-04-06,231.93396,256.0498,231.69006,255.91951,255.91951,4488196701
2020-04-07,256.25711,262.77582,249.30901,252.05733,252.05733,4141693728
2020-04-08,252.05269,277.6514,250.19104,266.23972,266.23972,5490182226
2020-04-09,266.40842,272.53171,254.6571,257.4816,257.4816,3810256863
2020-04-10,257.40359,258.99261,229.1902,233.09082,233.09082,4209340295
2020-04-11,233.03371,239.3976,223.88286,232.05344,232.05344,3375116763
2020-04-12,232.29347,241.84807,228.67249,235.79196,235.79196,3302348952
2020-04-13,235.97243,235.97243,218.16403,223.8519,223.8519,3773119195
2020-04-14,224.06599,228.10336,221.14957,221.97034,221.97034,3488071916
2020-04-15,222.09731,224.70728,214.97824,215.50687,215.50687,2913397511
2020-04-16,215.58623,238.19104,209.52167,235.59277,235.59277,4494166640
2020-04-17,235.7417,237.47885,231.9621,233.61951,233.61951,3171543712
2020-04-18,233.67024,245.78577,233.5262,243.07899,243.07899,3305881530
2020-04-19,243.04723,246.79852,233.53897,233.58879,233.58879,3151276767
2020-04-20,233.4361,239.67058,219.03963,221.56828,221.56828,3451593161
2020-04-21,221.32576,223.86391,218.26248,221.74744,221.74744,3200278407
2020-04-22,221.63266,234.99966,220.19411,233.29985,233.29985,3269706986
2020-04-23,233.46982,240.98625,228.06538,236.59595,236.59595,3933867096
2020-04-24,236.91379,241.87866,236.76619,239.76869,239.76869,3222729325
2020-04-25,239.7607,244.37589,238.1066,239.71786,239.71786,3228034423
2020-04-26,239.64281,248.05188,239.32924,246.26558,246.26558,3598384103
2020-04-27,246.35358,248.6535,237.48674,243.27165,243.27165,3957867549
2020-04-28,243.26863,244.31332,239.75734,243.70099,243.70099,3253434689
2020-04-29,243.7854,259.78482,242.35649,257.49243,257.49243,4812318624
2020-04-30,257.41055,275.1582,247.41479,249.84296,249.84296,5464514305
2020-05-01,249.93619,261.67343,249.93619,257.22824,257.22824,3502984887
2020-05-02,257.23157,262.21066,253.75757,261.97897,261.97897,3062945430
2020-05-03,261.97113,266.56818,247.86174,252.54448,252.54448,3830272430
2020-05-04,252.42856,253.26172,240.40146,245.46977,245.46977,3731133845
2020-05-05,245.40942,249.23421,241.84686,244.59232,244.59232,3335620972
2020-05-06,244.31352,254.11668,242.98322,245.81612,245.81612,3315416831
2020-05-07,245.89354,256.09171,241.03552,252.66129,252.66129,3669677517
2020-05-08,252.52087,264.84174,247.60768,261.4408,261.4408,3977784265
2020-05-09,261.0459,274.46417,259.68286,266.1373,266.1373,4711612711
2020-05-10,266.38055,266.38055,225.96092,232.79788,232.79788,5084650413
2020-05-11,232.99048,236.40982,221.53537,234.95459,234.95459,4251733844
2020-05-12,235.34235,237.66698,230.69089,233.11967,233.11967,3319282598
2020-05-13,233.0755,240.22858,230.90994,239.16013,239.16013,2955784580
2020-05-14,238.77608,244.16783,235.53001,241.8568,241.8568,3882506405
2020-05-15,241.79105,242.26978,233.64767,235.51396,235.51396,3128349198
2020-05-16,235.54471,239.91136,234.1275,236.64601,236.64601,2812165778
2020-05-17,236.52272,244.96146,236.04358,241.19206,241.19206,2945657400
2020-05-18,241.31393,253.19495,240.94826,247.8253,247.8253,3247380685
2020-05-19,247.94476,249.86923,243.06955,245.93243,245.93243,2843744723
2020-05-20,245.76923,247.2677,237.71393,239.52275,239.52275,2793413864
2020-05-21,239.48257,241.62248,222.35315,228.3959,228.3959,3084097042
2020-05-22,228.35773,235.4525,225.87448,234.50319,234.50319,2690376408
2020-05-23,234.55879,238.53535,232.34973,234.97736,234.97736,2403159772
2020-05-24,234.98988,237.03117,224.74422,224.8322,224.8322,2576633240
2020-05-25,224.48933,231.7399,223.15381,230.56383,230.56383,2405283865
2020-05-26,230.56184,230.9191,224.51929,227.22087,227.22087,2604514395
2020-05-27,227.2785,234.03079,226.86691,233.52095,233.52095,3107896651
2020-05-28,233.57924,239.9924,230.63954,239.40753,239.40753,3295793176
2020-05-29,239.46181,242.35852,235.63911,238.14835,238.14835,3328065949
2020-05-30,238.17456,251.7672,236.24037,251.29953,251.29953,3987199933
2020-05-31,251.2798,251.2798,238.76352,239.87703,239.87703,3391410580
2020-06-01,239.84723,256.04218,239.10916,255.35219,255.35219,3467571665
2020-06-02,255.1514,266.46832,245.8181,249.05322,249.05322,4553495543
2020-06-03,249.06175,252.14429,246.54367,252.06361,252.06361,3089648824
2020-06-04,252.13841,258.75012,248.81302,256.68481,256.68481,2675520555
2020-06-05,256.69156,262.26328,255.72754,256.7554,256.7554,2284892761
2020-06-06,256.74991,259.12939,252.06839,253.27016,253.27016,1789267443
2020-06-07,253.3102,255.69119,246.88777,254.33514,254.33514,2029755285
2020-06-08,254.23819,256.81247,251.9417,255.1183,255.1183,1911457074
2020-06-09,255.12494,256.04773,252.12108,255.30441,255.30441,2495377513
2020-06-10,255.29573,257.9671,253.84935,257.25259,257.25259,1751487317
2020-06-11,257.23318,258.05112,235.27917,236.43729,236.43729,2357578052
2020-06-12,236.43236,243.86621,235.13141,242.23878,242.23878,1575407714
2020-06-13,242.28271,242.45552,238.48543,241.16116,241.16116,1249523526
2020-06-14,241.11574,241.18417,237.41374,238.76196,238.76196,1293145682
2020-06-15,238.76196,239.44885,226.23448,236.27177,236.27177,1735535133
2020-06-16,236.25127,239.38914,235.65662,237.52876,237.52876,1436709293
2020-06-17,237.54591,241.64005,235.84233,240.45363,240.45363,1423308166
2020-06-18,240.45363,240.72073,234.23184,236.96237,236.96237,1297367924
2020-06-19,236.94745,237.22531,231.51874,232.33121,232.33121,1539773469
2020-06-20,232.51414,236.0439,228.63588,231.90454,231.90454,1456119912
2020-06-21,231.62341,234.88388,231.063,231.2867,231.2867,1140422501
2020-06-22,231.23024,242.60179,231.04787,239.78969,239.78969,1747834935
2020-06-23,239.87808,243.85452,235.63197,240.80846,240.80846,1205235951
2020-06-24,241.05222,245.06566,231.19075,233.15579,233.15579,1318424526
2020-06-25,233.09848,234.56378,228.54062,232.41362,232.41362,1119333309
2020-06-26,233.01144,234.32472,229.17909,230.1077,230.1077,1354186233
2020-06-27,229.80449,232.44974,214.19371,218.40892,218.40892,1254377553
2020-06-28,219.01123,225.66278,214.87408,222.71222,222.71222,1103240861
2020-06-29,222.71796,226.42142,219.17078,225.19702,225.19702,1220387625
2020-06-30,224.92194,226.31082,220.74374,221.99168,221.99168,1035300969
2020-07-01,222.56673,226.89752,221.29184,223.68643,223.68643,1116192161
2020-07-02,223.77762,225.4071,219.46165,222.30377,222.30377,1091433602
2020-07-03,222.28348,223.98686,220.15469,221.56253,221.56253,945457250
2020-07-04,221.39778,226.1443,220.44806,225.32768,225.32768,990572133
2020-07-05,224.64536,225.35519,217.69273,221.84328,221.84328,1008979533
2020-07-06,221.84328,242.63103,221.50175,241.6321,241.6321,1611378435
2020-07-07,240.20581,242.72711,235.45517,237.14673,237.14673,1177038173
2020-07-08,237.1904,245.21362,236.19487,243.23021,243.23021,1394567310
2020-07-09,243.07727,244.33261,234.93568,238.85585,238.85585,1232428952
2020-07-10,238.73232,239.33635,233.03745,237.92024,237.92024,1123218900
2020-07-11,237.96048,238.85432,235.54996,236.66222,236.66222,839280887
2020-07-12,236.69943,238.80756,234.27151,236.76906,236.76906,896740451
2020-07-13,236.76906,237.22206,228.56387,232.42865,232.42865,1208729132
2020-07-14,232.29405,232.37999,227.80884,230.00789,230.00789,1138634120
2020-07-15,229.97679,230.64174,226.32632,227.27151,227.27151,997085718
2020-07-16,227.29221,228.00563,220.22783,224.01584,224.01584,1147931868
2020-07-17,224.03291,224.87875,222.24876,222.80775,222.80775,941024161
2020-07-18,222.78749,226.65468,222.3723,224.2529,224.2529,869975905
2020-07-19,224.19664,227.72809,221.4727,227.09644,227.09644,955372849
2020-07-20,227.11836,227.61665,221.55641,222.75432,222.75432,952296138
2020-07-21,222.70784,231.23132,222.20117,229.56206,229.56206,1159452662
2020-07-22,229.57446,238.69504,227.90617,238.69504,238.69504,1234729239
2020-07-23,238.78821,241.71127,236.31566,237.55405,237.55405,1350739708
2020-07-24,237.76096,238.70007,233.48207,235.51646,235.51646,1193524031
2020-07-25,235.44193,251.90167,235.17813,249.5101,249.5101,1648365419
2020-07-26,249.82767,255.46834,244.80859,246.82443,246.82443,1674308833
2020-07-27,246.81956,273.40146,246.81291,267.42761,267.42761,2488636345
2020-07-28,268.3876,295.44693,265.74292,288.55209,288.55209,2732696107
2020-07-29,288.80304,293.69498,286.04745,288.37415,288.37415,1920329028
2020-07-30,288.46954,298.86951,282.51099,292.19418,292.19418,1910379360
2020-07-31,291.98553,304.59787,287.65103,300.50452,300.50452,1905797789
2020-08-01,300.50452,319.18033,298.13977,317.99646,317.99646,2447916240
2020-08-02,318.41907,334.7836,278.13052,283.78198,283.78198,3364496979
2020-08-03,283.91141,303.12244,282.25729,296.53525,296.53525,2060352679
2020-08-04,296.53122,301.59824,284.04504,288.38586,288.38586,1888924124
2020-08-05,288.38406,298.36807,285.80267,294.48663,294.48663,1871748593
2020-08-06,294.40631,318.46756,289.17093,308.76031,308.76031,2448845324
2020-08-07,308.62912,324.7739,291.00479,303.45859,303.45859,3075582968
2020-08-08,303.44049,309.72409,300.08044,304.47888,304.47888,1778961459
2020-08-09,305.25894,309.34109,295.30951,300.40085,300.40085,1629018370
2020-08-10,300.3801,309.0936,298.5119,302.58554,302.58554,1900620718
2020-08-11,302.63565,305.49472,274.53903,282.94626,282.94626,2096741327
2020-08-12,283.05975,292.51193,274.4346,287.60678,287.60678,1888602267
2020-08-13,287.6543,300.09018,276.35629,299.51639,299.51639,1979906897
2020-08-14,299.46924,301.28622,291.10602,293.39804,293.39804,1873594486
2020-08-15,293.26053,306.79504,293.26053,303.00421,303.00421,1976925925
2020-08-16,303.01373,312.12448,297.85178,307.8653,307.8653,2025998808
2020-08-17,307.8653,323.12216,303.18854,317.29877,317.29877,2314759458
2020-08-18,317.34943,323.09845,304.17499,304.17499,304.17499,1935254637
2020-08-19,304.28741,308.5545,283.90643,292.69858,292.69858,1892818478
2020-08-20,292.69711,295.81076,290.22366,294.79163,294.79163,1275491257
2020-08-21,294.73233,304.51898,283.99869,284.29825,284.29825,1676078293
2020-08-22,284.24969,287.45871,278.77148,287.36243,287.36243,1270186095
2020-08-23,286.91068,287.38538,280.30362,284.95706,284.95706,1031635458
2020-08-24,285.06934,293.77277,283.37674,291.32596,291.32596,1211774706
2020-08-25,291.36636,291.62704,271.80814,276.79919,276.79919,1464994914
2020-08-26,276.62161,278.71738,271.97476,275.57101,275.57101,1147215569
2020-08-27,275.42285,277.05328,260.73373,264.58432,264.58432,1372140072
2020-08-28,264.67563,271.6694,262.42444,268.9147,268.9147,1147885582
2020-08-29,269.11298,272.61304,267.19385,268.95428,268.95428,1116848741
2020-08-30,268.84286,279.06955,268.56845,279.06955,279.06955,1161105104
2020-08-31,279.28043,280.95947,273.81744,274.54318,274.54318,1163683245
2020-09-01,274.48087,295.44843,270.77942,292.71979,292.71979,1755312158
2020-09-02,292.42862,294.54257,258.74081,264.11862,264.11862,2049397876
2020-09-03,264.09149,265.94131,214.00333,216.06241,216.06241,1891347861
2020-09-04,215.617,239.18982,215.01746,231.8746,231.8746,2130928347
2020-09-05,231.64317,234.96884,216.57567,225.30081,225.30081,3128814772
2020-09-06,225.30081,232.96266,220.77548,228.45328,228.45328,2533324540
2020-09-07,228.3512,230.07121,216.8788,228.60895,228.60895,2767464423
2020-09-08,228.67038,230.37776,217.58351,222.53699,222.53699,2444380275
2020-09-09,222.55824,228.60133,219.34433,224.67696,224.67696,1619487057
2020-09-10,224.68634,230.2562,224.6163,227.71349,227.71349,2007978798
2020-09-11,227.71349,228.33276,221.3168,225.53772,225.53772,1769308088
2020-09-12,225.56093,230.29384,223.10014,230.29384,230.29384,1588108882
2020-09-13,230.29384,234.18915,219.78116,221.826,221.826,2008902148
2020-09-14,221.83327,230.89464,220.12108,226.26424,226.26424,2125300854
2020-09-15,226.40097,241.22853,225.68788,235.62938,235.62938,3148522136
2020-09-16,235.74246,235.99716,227.79823,231.77151,231.77151,2513150071
2020-09-17,231.58597,239.27663,230.60036,233.16747,233.16747,2356975266
2020-09-18,233.16747,238.98553,231.53352,234.20863,234.20863,1967062407
2020-09-19,234.09282,237.23325,232.28789,233.62827,233.62827,1761438254
2020-09-20,233.64366,233.75581,223.32777,226.41571,226.41571,1665443818
2020-09-21,226.64983,228.89825,211.02873,213.51566,213.51566,1708443759
2020-09-22,213.49847,220.08867,211.98528,220.03423,220.03423,987166460
2020-09-23,220.17662,220.23296,205.58046,207.9171,207.9171,1301444746
2020-09-24,208.08954,217.72266,206.91896,216.38759,216.38759,1324408643
2020-09-25,216.42972,218.06926,211.3696,216.63528,216.63528,1288116068
2020-09-26,216.66359,223.72211,213.8212,222.05339,222.05339,1313240851
2020-09-27,221.80685,229.95181,217.77132,228.81473,228.81473,1523786887
2020-09-28,229.54048,233.74164,225.99023,226.15434,226.15434,1822226481
2020-09-29,225.95799,229.93126,225.15857,228.978,228.978,1410092783
2020-09-30,229.11659,230.21529,225.57365,228.00575,228.00575,1434832333
2020-10-01,228.2233,233.30373,222.42621,227.4192,227.4192,1721068341
2020-10-02,228.1398,228.36607,214.28665,220.0218,220.0218,1789037001
2020-10-03,220.00821,221.41068,218.66977,218.86378,218.86378,1095787428
2020-10-04,219.13289,222.879,217.81902,221.3924,221.3924,1205298877
2020-10-05,221.40659,222.98491,219.46089,222.05032,222.05032,1224383391
2020-10-06,222.13239,229.01294,217.50212,220.03297,220.03297,1780121739
2020-10-07,220.01663,223.75673,217.23117,223.27339,223.27339,1352439343
2020-10-08,223.22018,235.65889,221.69682,233.62193,233.62193,1899945427
2020-10-09,234.00313,240.02925,232.33615,237.36568,237.36568,1835550892
2020-10-10,237.29987,245.21477,236.49693,237.32352,237.32352,1900960677
2020-10-11,237.50731,243.07312,236.82442,239.66985,239.66985,1819533632
2020-10-12,239.43864,243.68353,234.67183,239.81496,239.81496,1789792727
2020-10-13,239.86617,254.80954,238.2571,253.53024,253.53024,2334880624
2020-10-14,253.63147,259.50491,251.13379,259.13348,259.13348,2389412354
2020-10-15,259.17905,265.23279,255.79504,261.38474,261.38474,2590009260
2020-10-16,262.16507,265.96964,247.45552,250.32541,250.32541,3025371472
2020-10-17,250.79402,252.43715,243.51291,246.31993,246.31993,2077377477
2020-10-18,246.10243,250.6862,245.34387,249.81216,249.81216,1693057793
2020-10-19,249.83508,252.4223,246.82642,250.70979,250.70979,1823030809
2020-10-20,250.73289,250.73289,240.88808,242.84555,242.84555,2230433445
2020-10-21,242.81403,262.81042,242.48053,258.51459,258.51459,3164562404
2020-10-22,258.22906,272.09576,258.11795,266.47263,266.47263,3250753926
2020-10-23,266.62668,274.68954,263.55966,270.31467,270.31467,2740574138
2020-10-24,270.31479,276.45117,267.76831,275.12201,275.12201,2049345141
2020-10-25,275.12201,275.25565,268.16299,271.07944,271.07944,2158858954
2020-10-26,271.07947,272.6366,254.489,259.78259,259.78259,2851175628
2020-10-27,259.78253,267.63348,257.4866,264.53943,264.53943,2718701859
2020-10-28,264.53958,279.13388,259.75055,268.48972,268.48972,3670734190
2020-10-29,268.4902,271.24292,258.67462,267.05606,267.05606,2670911240
2020-10-30,267.05679,269.54214,256.43039,261.82812,261.82812,3032354182
2020-10-31,261.82812,265.49268,259.80603,261.75824,261.75824,2021384093
2020-11-01,261.75824,269.49597,260.10596,267.55582,267.55582,1785981045
2020-11-02,267.55441,270.82632,255.18848,257.19971,257.19971,2473366490
2020-11-03,257.19901,258.70404,236.86676,244.14684,244.14684,2902353056
2020-11-04,244.1465,244.5359,232.35547,241.1301,241.1301,2602972773
2020-11-05,241.14204,251.6297,241.14204,249.54732,249.54732,2296534780
2020-11-06,249.54649,259.03778,248.19325,257.72018,257.72018,2307792598
2020-11-07,257.72037,276.04855,246.75784,253.59041,253.59041,3306975309
2020-11-08,253.59041,276.94492,251.56641,270.69778,270.69778,1964488513
2020-11-09,270.69788,273.35919,258.45868,263.98132,263.98132,1926205001
2020-11-10,263.98676,265.95282,255.22041,257.35181,257.35181,1590780216
2020-11-11,257.3515,262.29947,256.62817,257.12149,257.12149,1483145652
2020-11-12,257.11951,264.35434,252.63058,259.82153,259.82153,1691361924
2020-11-13,259.82089,262.10431,249.88341,259.17178,259.17178,2159730843
2020-11-14,259.17178,261.59555,254.18033,255.76904,255.76904,2131937376
2020-11-15,255.76904,259.91086,239.39487,241.36803,241.36803,2400160029
2020-11-16,241.36803,252.93831,234.32347,250.1393,250.1393,2443954097
2020-11-17,252.35394,257.56976,249.54962,255.28853,255.28853,1738784593
2020-11-18,255.28708,257.71603,242.98325,247.12605,247.12605,2327656295
2020-11-19,247.12482,250.45689,241.68938,246.27008,246.27008,1254227175
2020-11-20,246.26843,259.01221,245.71344,258.85489,258.85489,1873696045
2020-11-21,258.85489,304.78616,256.65781,301.9248,301.9248,5765585961
2020-11-22,301.9248,309.36209,274.70895,286.99341,286.99341,4952111958
2020-11-23,286.9935,323.26819,282.4046,323.02582,323.02582,5309099342
2020-11-24,323.01337,367.95148,321.17471,345.60513,345.60513,7685446495
2020-11-25,345.61246,359.43634,303.40836,312.77756,312.77756,5131050362
2020-11-26,312.63947,319.14041,253.28302,270.51074,270.51074,4922338888
2020-11-27,270.58505,278.24786,258.03494,264.95532,264.95532,2947138216
2020-11-28,264.98926,282.55978,261.72296,275.57129,275.57129,2623903532
2020-11-29,275.57889,287.10526,272.07269,283.93149,283.93149,2155292211
2020-11-30,283.922,320.97189,280.34436,316.4202,316.4202,3892204636
2020-12-01,316.4772,319.77066,280.10397,288.13583,288.13583,4197968842
2020-12-02,288.16644,297.04596,282.09985,294.25107,294.25107,2654055892
2020-12-03,294.27432,296.53006,286.10101,292.29535,292.29535,1932456432
2020-12-04,292.29413,305.74753,278.55246,280.70807,280.70807,2806192319
2020-12-05,280.66812,289.30859,275.80246,289.30859,289.30859,1781606883
2020-12-06,289.31796,292.52121,279.88181,286.35611,286.35611,1662530478
2020-12-07,286.33954,290.14847,281.46808,283.89471,283.89471,1571228768
2020-12-08,283.91013,284.88608,264.46521,267.54846,267.54846,1804265825
2020-12-09,267.53943,270.9798,255.86984,268.70996,268.70996,2258287289
2020-12-10,268.69717,269.13422,261.66925,265.98068,265.98068,1528530540
2020-12-11,265.99863,265.99863,256.43604,259.33102,259.33102,1988724958
2020-12-12,259.3075,269.46387,258.62863,267.71457,267.71457,1470417816
2020-12-13,267.72867,281.92435,266.07217,275.34851,275.34851,1616017414
2020-12-14,275.37802,279.2934,266.53268,276.5531,276.5531,1523697597
2020-12-15,276.5661,298.46121,271.69763,288.39438,288.39438,2965318993
2020-12-16,288.43256,311.54318,282.74832,311.41904,311.41904,3505656634
2020-12-17,311.44644,329.88416,303.94559,310.30157,310.30157,5145542717
2020-12-18,310.34427,322.07297,305.3356,312.77945,312.77945,3694943234
2020-12-19,312.77856,324.75903,309.77719,318.24792,318.24792,3474653628
2020-12-20,318.23383,366.97366,311.72852,348.16055,348.16055,6066519346
2020-12-21,348.31982,378.17407,311.17148,314.48892,314.48892,7569828152
2020-12-22,314.39493,323.88651,301.19211,323.88651,323.88651,5764317548
2020-12-23,323.77188,325.45285,267.8606,274.14841,274.14841,6488304103
2020-12-24,274.23874,298.06067,272.32623,296.28296,296.28296,5354778111
2020-12-25,296.29245,323.94418,293.63721,318.34232,318.34232,5540322692
2020-12-26,318.384,329.18768,310.95581,322.8299,322.8299,5382110131
2020-12-27,322.85773,362.26794,313.54968,338.17996,338.17996,7057534742
2020-12-28,338.30698,374.88568,337.17221,362.09204,362.09204,6323801331
2020-12-29,362.0867,365.52496,331.90723,353.09064,353.09064,5332139475
2020-12-30,353.1102,365.05762,342.96136,358.80801,358.80801,4985121425
2020-12-31,358.76849,361.00323,336.80621,343.05264,343.05264,3783477587
2021-01-01,342.97977,354.82642,334.56064,341.98566,341.98566,3490086847
2021-01-02,342.02667,365.39056,334.56918,354.59995,354.59995,4608719269
2021-01-03,354.65091,433.01907,354.65091,421.78986,421.78986,7273123207
2021-01-04,422.06625,462.20456,387.9118,407.93692,407.93692,8597472426
2021-01-05,407.96451,426.37701,393.80997,419.76813,419.76813,6465746424
2021-01-06,419.81134,456.97095,413.55533,454.48413,454.48413,6501368134
2021-01-07,454.47131,482.84396,432.84067,449.56873,449.56873,8115564128
2021-01-08,449.59491,453.63049,409.35126,441.05823,441.05823,8384177380
2021-01-09,440.98608,587.88953,420.35339,573.91138,573.91138,11980066195
2021-01-10,574.37335,629.80121,557.83594,603.59625,603.59625,18670984544
2021-01-11,603.72705,603.72705,407.03018,479.58734,479.58734,15256193289
2021-01-12,479.2793,510.6044,446.11401,450.27966,450.27966,8994820907
2021-01-13,450.38739,499.65689,438.04568,495.78476,495.78476,6997508555
2021-01-14,495.80618,537.53125,485.84399,526.32953,526.32953,7008145988
2021-01-15,526.47565,533.64655,457.60266,492.58984,492.58984,7258747674
2021-01-16,492.50226,513.43176,475.65811,490.98163,490.98163,6303545655
2021-01-17,490.96817,495.13449,463.63855,478.76981,478.76981,4635690838
2021-01-18,478.81085,513.73108,470.64212,510.41531,510.41531,4495156814
2021-01-19,510.40173,547.08704,503.82294,511.07227,511.07227,6415459721
2021-01-20,510.81375,517.61121,474.03531,499.32449,499.32449,6103579197
2021-01-21,499.28244,499.28244,407.82895,419.58514,419.58514,6318951662
2021-01-22,419.46704,450.02701,396.02332,441.52649,441.52649,5739209371
2021-01-23,441.27423,443.83011,420.10767,431.50473,431.50473,4073070097
2021-01-24,431.46332,448.73251,424.00153,440.10333,440.10333,3869930797
2021-01-25,440.04593,464.22281,432.68011,433.80249,433.80249,5168935996
2021-01-26,433.72897,437.96207,415.11795,428.04434,428.04434,5549601374
2021-01-27,428.02551,428.34384,371.10242,378.03015,378.03015,6484712952
2021-01-28,378.05051,413.47495,372.31458,405.37448,405.37448,4670394866
2021-01-29,414.43787,432.31702,392.32404,407.5033,407.5033,7763515865
2021-01-30,407.46463,417.1929,392.94131,414.94211,414.94211,5032998555
2021-01-31,415.04669,416.16986,391.73895,399.76993,399.76993,3699019612
2021-02-01,399.76007,442.40625,390.40967,414.02045,414.02045,5447738736
2021-02-02,414.03265,434.13171,411.07849,430.15143,430.15143,4782082014
2021-02-03,430.15045,448.13608,430.15045,444.84607,444.84607,4916862940
2021-02-04,444.89777,453.88919,414.03116,420.81964,420.81964,4820122971
2021-02-05,420.79507,447.77518,419.26035,446.45889,446.45889,4151940175
2021-02-06,446.5007,488.39944,445.19183,457.63559,457.63559,7376227692
2021-02-07,457.59393,462.7829,430.31528,445.16968,445.16968,5588458731
2021-02-08,445.07828,485.83075,437.0636,483.70413,483.70413,6169936503
2021-02-09,483.68509,516.54742,475.28552,513.53271,513.53271,7367014754
2021-02-10,513.44696,532.65863,471.52213,494.96777,494.96777,7763853779
2021-02-11,494.867,538.84119,491.18732,529.73737,529.73737,6776342962
2021-02-12,529.59741,578.09967,514.34631,577.60431,577.60431,7486531853
2021-02-13,577.55298,664.97449,546.24115,663.67938,663.67938,10843656790
2021-02-14,663.94904,744.55835,652.93683,724.01569,724.01569,14673194771
2021-02-15,723.89246,767.51001,622.75159,712.43054,712.43054,15323317081
2021-02-16,712.14099,743.40588,672.88104,707.2915,707.2915,10739148111
2021-02-17,707.30273,726.06653,678.71869,716.69824,716.69824,8767701437
2021-02-18,716.66473,727.39941,692.5199,705.98846,705.98846,4289327501
2021-02-19,706.00592,740.16034,684.86401,720.8219,720.8219,5251329016
2021-02-20,720.70593,748.77167,637.59998,682.18243,682.18243,6495825727
2021-02-21,681.87,735.33344,668.63739,707.59241,707.59241,5369155548
2021-02-22,707.52814,708.53442,545.1496,630.34985,630.34985,7444078951
2021-02-23,630.23639,630.45166,417.31638,513.18738,513.18738,8300802305
2021-02-24,513.56012,555.81586,498.77731,527.04138,527.04138,5749984570
2021-02-25,527.03412,555.28729,496.91266,496.91266,496.91266,4752439090
2021-02-26,497.30746,506.29916,460.48434,484.51224,484.51224,5217285976
2021-02-27,484.58249,501.27451,475.10773,483.74533,483.74533,3648759169
2021-02-28,483.71921,485.22083,436.74295,459.91449,459.91449,4580690977
2021-03-01,459.95587,506.00742,458.76419,500.95139,500.95139,3643964253
2021-03-02,500.84326,548.09119,494.74872,517.01416,517.01416,4725184970
2021-03-03,517.03705,554.68488,512.71594,523.57867,523.57867,3715621944
2021-03-04,523.49023,537.86334,495.01764,506.87326,506.87326,3715844937
2021-03-05,506.81577,506.81577,474.87048,498.98981,498.98981,3088964788
2021-03-06,498.91357,505.06454,484.01962,501.21271,501.21271,2326475343
2021-03-07,501.22882,517.914,500.79767,516.17352,516.17352,2256359240
2021-03-08,516.18182,528.99689,502.26276,528.99689,528.99689,2792447504
2021-03-09,529.01349,546.52618,524.48798,545.026,545.026,2777424542
2021-03-10,545.02997,566.94159,519.5401,546.8396,546.8396,3942104355
2021-03-11,546.69678,562.5152,532.01556,549.7832,549.7832,4102967092
2021-03-12,549.81586,562.4541,515.49316,539.21649,539.21649,4017236783
2021-03-13,539.24445,607.07239,522.94244,596.2348,596.2348,4596011006
2021-03-14,596.08014,601.43097,557.75708,557.75708,557.75708,3841351549
2021-03-15,557.57544,567.66669,519.75336,523.93475,523.93475,3867342609
2021-03-16,523.89478,537.97504,505.47363,528.164,528.164,3487143846
2021-03-17,528.19202,540.84552,513.7536,540.84552,540.84552,2658649338
2021-03-18,540.87427,546.60522,525.3866,529.75739,529.75739,2482168468
2021-03-19,529.70514,550.22687,519.7749,535.14124,535.14124,2257159270
2021-03-20,535.08197,553.53461,532.94061,539.13757,539.13757,2007491933
2021-03-21,539.12201,546.20892,518.13049,526.5611,526.5611,1943933987
2021-03-22,526.60303,540.37018,512.01953,513.33923,513.33923,2541092748
2021-03-23,513.40778,536.69965,511.60336,516.25317,516.25317,2812731005
2021-03-24,516.1734,532.38416,461.57922,480.12332,480.12332,2544422048
2021-03-25,480.02423,485.10788,460.6235,478.29221,478.29221,2428634157
2021-03-26,478.21069,510.24792,475.36966,509.01529,509.01529,2244829965
2021-03-27,509.01767,512.13037,490.59137,503.65878,503.65878,1806636009
2021-03-28,503.65918,508.33032,494.22003,501.0036,501.0036,1929011914
2021-03-29,500.9343,525.89288,496.18301,520.6358,520.6358,2112034391
2021-03-30,520.62036,537.11133,514.7312,527.69824,527.69824,2059097801
2021-03-31,527.76575,546.30078,509.53271,543.23785,543.23785,3098623015
2021-04-01,543.2572,563.75317,533.9469,561.65826,561.65826,3271470706
2021-04-02,561.59021,602.21655,551.83289,585.70746,585.70746,3469842740
2021-04-03,585.65613,598.50739,536.67609,536.67883,536.67883,3188458792
2021-04-04,536.57379,568.29095,532.04834,566.51306,566.51306,2212661584
2021-04-05,566.64026,648.56097,562.16223,648.56097,648.56097,4920959551
2021-04-06,649.07886,677.27026,626.13159,667.7486,667.7486,5604369783
2021-04-07,667.35675,697.18842,601.89069,618.59753,618.59753,6575528211
2021-04-08,619.05402,647.64716,613.77234,647.56409,647.56409,3400288881
2021-04-09,647.59247,651.72003,630.77301,635.70673,635.70673,2599328081
2021-04-10,635.4577,685.5094,630.32697,673.95758,673.95758,3288833580
2021-04-11,676.87842,718.59271,675.52344,696.60846,696.60846,3830293616
2021-04-12,694.90533,698.58484,657.99005,674.78625,674.78625,2934933652
2021-04-13,674.6181,752.53076,670.95667,746.86536,746.86536,4536646606
2021-04-14,746.97278,846.23859,746.97278,818.70343,818.70343,7265770869
2021-04-15,816.70166,878.17657,801.1557,868.15552,868.15552,5161090414
2021-04-16,866.65131,1170.7347,827.97772,1110.6543,1110.6543,13562048894
2021-04-17,1107.8419,1208.5862,1005.7357,1006.3242,1006.3242,11342338922
2021-04-18,1003.9637,1024.7834,833.98273,965.68262,965.68262,11408448671
2021-04-19,971.87769,1038.072,877.40131,894.12872,894.12872,8210144054
2021-04-20,891.27472,967.58771,833.97894,940.98694,940.98694,8030877946
2021-04-21,942.34894,996.22369,902.41864,913.90576,913.90576,6416416471
2021-04-22,910.75421,969.87787,845.33069,854.07794,854.07794,6610919178
2021-04-23,854.87433,872.47125,697.46283,838.84723,838.84723,7204033430
2021-04-24,840.37671,840.37671,752.10089,769.17584,769.17584,3509395352
2021-04-25,770.97998,804.55896,720.98621,757.70874,757.70874,3257040348
2021-04-26,759.28101,850.16956,753.53809,849.47009,849.47009,3760438246
2021-04-27,849.84778,891.01196,833.59399,887.86255,887.86255,3620498787
2021-04-28,889.7207,928.21643,853.89764,909.84583,909.84583,3864350281
2021-04-29,910.48407,913.14825,861.10669,880.66534,880.66534,2631715599
2021-04-30,880.7796,999.56537,870.9353,993.42566,993.42566,3816064836
2021-05-01,995.35944,1030.1069,977.56976,1005.0801,1005.0801,3302890217
2021-05-02,1004.1727,1009.0421,955.54327,974.65546,974.65546,2712905992
2021-05-03,974.30084,1046.2449,973.1134,1017.3,1017.3,3514913500
2021-05-04,1016.9843,1053.0669,935.92767,955.18243,955.18243,5581505479
2021-05-05,951.86938,1474.2881,942.02478,1454.9351,1454.9351,14081332554
2021-05-06,1454.4904,1597.6549,1275.9573,1505.7657,1505.7657,14871286058
2021-05-07,1509.111,1509.111,1279.0208,1343.2474,1343.2474,9450311296
2021-05-08,1342.4368,1444.7284,1325.171,1402.368,1402.368,7091316071
2021-05-09,1398.5516,1428.5288,1289.4679,1428.5288,1428.5288,5982135477
2021-05-10,1427.7679,1565.9844,1239.0935,1321.4011,1321.4011,9778335896
2021-05-11,1321.576,1547.425,1305.3014,1542.425,1542.425,8507115276
2021-05-12,1549.2321,1635.1495,1209.8069,1209.8069,1209.8069,8940812629
2021-05-13,1237.958,1342.406,1138.8362,1251.6921,1251.6921,9987052496
2021-05-14,1255.0583,1358.9661,1227.9563,1298.6648,1298.6648,5514988209
2021-05-15,1298.5604,1331.106,1166.7167,1170.3484,1170.3484,5304828008
2021-05-16,1171.1682,1279.6731,1101.8213,1168.729,1168.729,5122033903
2021-05-17,1166.7611,1169.2037,992.31158,1068.6569,1068.6569,6580396012
2021-05-18,1068.7489,1167.2267,1057.4221,1091.5502,1091.5502,4635705785
2021-05-19,1093.3573,1110.5256,507.72983,706.79584,706.79584,10094456486
2021-05-20,698.48169,862.99341,622.54553,821.60052,821.60052,8035772953
2021-05-21,819.83716,852.10974,608.1994,687.95715,687.95715,7998797485
2021-05-22,689.67078,720.32196,604.66919,631.78223,631.78223,5302068385
2021-05-23,631.41461,660.43011,469.72705,556.13977,556.13977,6340421631
2021-05-24,554.34406,758.53717,540.70569,748.42169,748.42169,5693828648
2021-05-25,752.50342,788.46906,673.54712,719.94781,719.94781,5635417781
2021-05-26,720.52081,787.77679,709.17072,765.04883,765.04883,3804200045
2021-05-27,764.83636,806.70642,702.63306,745.95508,745.95508,3539930955
2021-05-28,749.49176,761.52655,655.04352,689.94788,689.94788,4381620234
2021-05-29,689.55341,721.31,619.9812,651.57996,651.57996,3431855859
2021-05-30,651.90985,687.34192,619.01801,663.51202,663.51202,2530933937
2021-05-31,662.73383,710.57104,637.13062,703.88257,703.88257,2736460092
2021-06-01,703.40186,720.84924,670.50653,691.40387,691.40387,2680399959
2021-06-02,691.18103,715.10974,675.87628,697.91296,697.91296,2085428216
2021-06-03,698.24365,734.9953,689.20581,718.44818,718.44818,2286280619
2021-06-04,719.24561,719.53741,645.65826,671.13916,671.13916,2533308529
2021-06-05,671.63123,688.89026,636.73206,649.43835,649.43835,2116275969
2021-06-06,649.76184,669.59424,646.39954,657.49573,657.49573,1506122550
2021-06-07,656.87097,670.22449,594.23602,596.07788,596.07788,1905638841
2021-06-08,596.83942,604.39886,545.18085,597.09229,597.09229,2877121838
2021-06-09,596.09021,634.63452,567.78021,633.14349,633.14349,2424388228
2021-06-10,633.94714,638.72394,591.91016,602.84613,602.84613,1940156625
2021-06-11,602.61163,611.40503,571.81,578.27155,578.27155,1715350886
2021-06-12,578.75031,589.9787,549.89569,580.53314,580.53314,1786736797
2021-06-13,580.48962,615.1344,560.09985,614.35492,614.35492,1578903640
2021-06-14,613.84943,640.24634,600.44965,625.36951,625.36951,1552154786
2021-06-15,637.44891,649.89948,617.98242,639.20459,639.20459,1736113953
2021-06-16,628.06317,628.06317,591.17932,593.04663,593.04663,1629936616
2021-06-17,593.29114,620.49164,585.65424,599.35791,599.35791,1426459812
2021-06-18,599.70355,599.70355,546.91919,563.2868,563.2868,1642573263
2021-06-19,563.97638,581.62775,553.48077,554.89673,554.89673,1287962730
2021-06-20,553.90192,561.10504,516.16034,557.5296,557.5296,1468001206
2021-06-21,556.51312,559.4353,455.37518,456.29346,456.29346,2170476053
2021-06-22,455.7374,476.14639,390.00235,443.78326,443.78326,2651277002
2021-06-23,444.24335,485.89264,430.0448,469.37564,469.37564,1925034930
2021-06-24,473.37747,495.95801,457.01166,486.20789,486.20789,1423583436
2021-06-25,487.1156,496.77686,450.06427,451.91815,451.91815,1625824115
2021-06-26,450.74457,463.96429,429.42554,458.77618,458.77618,1549850152
2021-06-27,459.33743,477.91693,447.8674,476.8873,476.8873,1445433765
2021-06-28,477.54819,516.45074,473.3681,500.67056,500.67056,1466070100
2021-06-29,501.24277,546.61511,500.38763,522.27136,522.27136,1747410969
2021-06-30,523.69812,533.68231,499.34262,526.29584,526.29584,1693524407
2021-07-01,526.42023,526.42023,487.29611,498.19357,498.19357,1766801086
2021-07-02,496.73279,503.97015,476.85284,496.34976,496.34976,1204691392
2021-07-03,496.15616,514.31995,489.52856,505.31998,505.31998,1158357445
2021-07-04,505.22379,539.77496,495.92542,526.42969,526.42969,1413797953
2021-07-05,526.76758,526.86487,490.62424,505.05545,505.05545,1522255823
2021-07-06,504.81833,525.48535,500.91818,511.66711,511.66711,1393837450
2021-07-07,511.52667,537.08307,505.75699,508.86453,508.86453,1584424878
2021-07-08,509.71506,510.51196,481.03232,490.99106,490.99106,1592605743
2021-07-09,490.35138,509.75446,472.18756,504.06299,504.06299,1339952027
2021-07-10,504.26834,510.88428,485.47238,497.49997,497.49997,1170722352
2021-07-11,497.21933,503.63876,490.32861,498.21371,498.21371,1157460252
2021-07-12,498.37976,508.20682,472.2923,480.84476,480.84476,1336050112
2021-07-13,480.56738,484.79721,460.94415,465.41492,465.41492,1075661865
2021-07-14,465.61328,477.84692,445.82159,467.72684,467.72684,1264474725
2021-07-15,467.75894,473.82358,445.17783,454.63361,454.63361,1424146487
2021-07-16,455.22244,464.46558,438.40134,439.78278,439.78278,1359916782
2021-07-17,439.21497,446.89954,432.39444,437.0376,437.0376,1235721953
2021-07-18,437.08481,453.04922,434.54211,439.6506,439.6506,1210002751
2021-07-19,439.10855,442.2355,414.67786,415.69141,415.69141,1131995857
2021-07-20,415.88678,422.00522,386.14474,399.57098,399.57098,1262285193
2021-07-21,399.27716,435.89401,393.37589,430.43552,430.43552,1201512019
2021-07-22,430.94781,445.67203,425.51782,442.82257,442.82257,1052930154
2021-07-23,442.96991,456.42862,432.89862,455.78317,455.78317,1029413293
2021-07-24,455.61731,464.91928,451.86801,460.14728,460.14728,999410253
2021-07-25,460.07785,460.63681,442.86472,456.02466,456.02466,1073715842
2021-07-26,456.14844,517.58142,454.79431,482.8833,482.8833,2193059616
2021-07-27,482.1846,504.26904,468.75476,502.29517,502.29517,2011970102
2021-07-28,502.95685,518.85303,492.15097,510.1445,510.1445,2185235852
2021-07-29,511.28903,546.47113,500.83002,538.30316,538.30316,2034974540
2021-07-30,538.49182,553.02673,519.20691,552.73871,552.73871,1984238398
2021-07-31,552.5954,556.78802,537.7514,547.80328,547.80328,1666655419
2021-08-01,546.72406,562.94281,520.36639,527.84161,527.84161,1984049270
2021-08-02,526.8714,564.80438,521.31335,543.98846,543.98846,2135592385
2021-08-03,543.64905,551.33777,523.52777,536.99371,536.99371,1987312144
2021-08-04,537.42609,550.7243,525.52435,545.966,545.966,1831281602
2021-08-05,545.66577,550.51038,524.00073,548.59814,548.59814,2062386765
2021-08-06,548.54242,560.55554,537.66217,556.44293,556.44293,2137867461
2021-08-07,557.09479,589.75037,554.25653,583.12573,583.12573,2381262602
2021-08-08,583.76068,589.00525,555.29181,556.09631,556.09631,2176765949
2021-08-09,556.17328,600.41962,544.18604,592.48883,592.48883,2159473227
2021-08-10,592.03156,606.20679,574.52985,592.38385,592.38385,2207047184
2021-08-11,592.40839,632.22906,591.0542,621.18512,621.18512,2506001502
2021-08-12,621.04779,648.22412,593.17236,605.00751,605.00751,2504663932
2021-08-13,606.10614,654.26239,602.12042,653.9585,653.9585,2308779003
2021-08-14,654.29901,689.59607,644.81671,689.11487,689.11487,2487216105
2021-08-15,691.15601,707.39801,673.83691,703.18634,703.18634,2770993903
2021-08-16,703.2467,713.66528,673.82611,675.85455,675.85455,2672034530
2021-08-17,673.81024,689.80939,638.12579,638.80127,638.80127,2753953258
2021-08-18,638.64648,653.60425,622.05035,634.43286,634.43286,2747890861
2021-08-19,633.21893,658.88831,620.06891,658.88831,658.88831,2852343347
2021-08-20,658.78943,699.12781,652.89301,693.68164,693.68164,3133794878
2021-08-21,693.82507,699.63062,671.62445,676.06342,676.06342,2947054369
2021-08-22,676.21429,688.95312,654.29889,672.61829,672.61829,2480660732
2021-08-23,672.67236,693.47809,664.51953,677.71033,677.71033,3007106551
2021-08-24,678.65228,682.63739,635.87927,637.40527,637.40527,2690364538
2021-08-25,637.76031,657.54529,628.35803,649.31451,649.31451,3075170891
2021-08-26,650.5968,655.3075,607.1626,607.39948,607.39948,3163076919
2021-08-27,607.42993,635.45203,598.52118,635.26575,635.26575,3101930692
2021-08-28,635.48633,647.2998,623.55933,647.2998,647.2998,3068367305
2021-08-29,647.43378,690.86908,647.43378,660.17249,660.17249,3005005852
2021-08-30,660.06024,664.50897,631.62885,631.65802,631.65802,3031651589
2021-08-31,631.85077,651.25269,625.06635,636.76599,636.76599,3166346774
2021-09-01,637.14984,656.81708,626.51178,656.81708,656.81708,3115775778
2021-09-02,656.8678,673.73236,654.91888,664.83887,664.83887,3308862260
2021-09-03,664.77069,720.81458,652.6405,712.81836,712.81836,3868119875
2021-09-04,712.6756,732.42358,698.14642,709.57245,709.57245,2791338601
2021-09-05,709.18225,765.43677,699.85577,764.19757,764.19757,3208380108
2021-09-06,764.66077,801.49475,742.315,784.36646,784.36646,3580462743
2021-09-07,784.22681,787.0788,596.74847,672.25055,672.25055,4539086316
2021-09-08,672.53967,679.62115,645.43439,662.19299,662.19299,4477362994
2021-09-09,659.66003,672.89514,657.00989,661.22675,661.22675,4413138790
2021-09-10,661.1391,673.41742,620.48956,629.42004,629.42004,4593607596
2021-09-11,629.44666,647.36902,627.19769,635.88007,635.88007,5450251190
2021-09-12,635.82111,654.80615,624.74054,647.32947,647.32947,5486288261
2021-09-13,647.3291,657.11285,596.70776,615.13165,615.13165,6132533806
2021-09-14,615.18781,642.18823,610.42792,639.96521,639.96521,5643937431
2021-09-15,640.01611,656.12036,633.63055,652.47766,652.47766,5267523341
2021-09-16,652.21619,654.26678,630.11212,639.57135,639.57135,5327212613
2021-09-17,639.63068,647.06433,614.64496,620.55786,620.55786,5654219771
2021-09-18,620.54688,637.31543,615.91443,630.21527,630.21527,5596309163
2021-09-19,630.30444,646.68097,604.97852,609.28351,609.28351,5805970653
2021-09-20,609.23755,609.25665,534.12048,540.8761,540.8761,6259395359
2021-09-21,542.61401,551.83429,499.40417,504.01895,504.01895,5960134012
2021-09-22,503.8219,547.64508,497.69073,547.64508,547.64508,5552515723
2021-09-23,547.56573,553.26447,534.03754,552.30377,552.30377,5454592394
2021-09-24,552.42151,555.38147,483.00156,513.60577,513.60577,5724596256
2021-09-25,513.73743,522.48041,503.32458,517.89655,517.89655,5083616990
2021-09-26,517.89673,518.56116,482.24561,503.66742,503.66742,5773227295
2021-09-27,503.92953,515.19263,488.82471,489.01193,489.01193,5464519283
2021-09-28,488.828,499.21738,473.27078,474.522,474.522,1295622291
2021-09-29,474.83331,497.26331,472.26562,485.41998,485.41998,1087541063
2021-09-30,485.28201,505.75452,482.56219,502.50363,502.50363,1168391225
2021-10-01,502.85208,544.81403,501.2204,543.30273,543.30273,1204656913
2021-10-02,543.63959,560.00995,537.21265,552.62836,552.62836,1052899621
2021-10-03,552.5329,578.45636,545.62207,570.49933,570.49933,1336434935
2021-10-04,571.0426,571.0426,534.05609,551.59705,551.59705,1278357308
2021-10-05,551.02295,599.60449,549.75317,594.04254,594.04254,1197469914
2021-10-06,594.71252,624.79352,563.38892,618.74084,618.74084,1778433548
2021-10-07,617.44562,634.21802,599.41693,612.15674,612.15674,1512650547
2021-10-08,611.39319,617.01166,590.09998,595.77264,595.77264,1241653777
2021-10-09,595.98834,623.48901,592.91711,614.48346,614.48346,1160530389
2021-10-10,614.89447,622.33374,584.30579,586.64264,586.64264,1215424338
2021-10-11,586.13391,617.57587,581.10663,601.81116,601.81116,1285140009
2021-10-12,602.10046,602.10046,569.35944,587.44946,587.44946,1295493392
2021-10-13,587.73761,594.50848,572.58514,594.50848,594.50848,1224286953
2021-10-14,593.70154,607.25812,591.84467,597.61682,597.61682,1128243790
2021-10-15,598.71991,636.52368,586.29236,624.50385,624.50385,1754209051
2021-10-16,625.41461,646.34888,624.50238,626.3205,626.3205,1345916541
2021-10-17,625.26282,628.5509,593.07458,611.69153,611.69153,1101439670
2021-10-18,612.85449,619.48676,600.28503,611.16583,611.16583,1179982882
2021-10-19,611.52179,624.52765,601.87299,619.0849,619.0849,1180856013
2021-10-20,618.87714,648.31042,606.3158,644.39606,644.39606,1138643163
2021-10-21,644.68842,655.62335,621.74371,623.74054,623.74054,1408405297
2021-10-22,623.47205,636.94257,613.95526,623.59308,623.59308,1042106876
2021-10-23,623.60059,636.7453,616.65863,629.45538,629.45538,1064456581
2021-10-24,629.59436,633.15533,606.61377,617.85675,617.85675,1008042453
2021-10-25,617.66565,628.91718,615.4834,621.69434,621.69434,1140962239
2021-10-26,621.53522,631.39197,602.4032,611.63849,611.63849,1319150850
2021-10-27,611.92163,618.87177,542.35413,549.09436,549.09436,1579662843
2021-10-28,549.14508,591.32837,545.94299,579.46887,579.46887,1361300962
2021-10-29,579.07434,595.69409,575.57434,593.51929,593.51929,1238115116
2021-10-30,593.87128,599.81354,578.38745,584.84637,584.84637,1454401650
2021-10-31,584.87933,601.96698,575.40002,596.23865,596.23865,1330055653
2021-11-01,596.66492,599.21265,580.09283,587.67285,587.67285,1208247148
2021-11-02,587.28381,608.02087,583.5462,598.34137,598.34137,1047259623
2021-11-03,598.70953,618.85876,592.36591,611.10632,611.10632,1450315021
2021-11-04,611.41779,613.28192,588.43884,596.40948,596.40948,1284134827
2021-11-05,596.41528,629.86139,592.78107,598.85602,598.85602,1563407178
2021-11-06,598.85449,602.77448,578.33215,589.24902,589.24902,1003134302
2021-11-07,588.74615,600.98981,587.56018,600.88129,600.88129,915486512
2021-11-08,601.43512,642.28259,600.76129,638.94196,638.94196,1557616519
2021-11-09,638.92407,729.97565,637.77826,716.3186,716.3186,2451835311
2021-11-10,717.28326,729.13422,651.13153,666.69403,666.69403,2306524746
2021-11-11,665.57349,681.44696,659.83679,676.99359,676.99359,1166042995
2021-11-12,676.93341,683.98303,647.46753,668.28217,668.28217,1390603001
2021-11-13,668.63696,670.50916,655.61255,666.95581,666.95581,875576329
2021-11-14,666.46228,678.75946,657.84564,678.74286,678.74286,1109798292
2021-11-15,679.3584,685.63794,665.64081,665.64081,665.64081,1036539475
2021-11-16,666.68744,667.81726,578.45703,599.50397,599.50397,1665351794
2021-11-17,599.13855,603.48401,579.08398,595.56677,595.56677,1196598256
2021-11-18,595.9007,601.11829,545.38702,554.80603,554.80603,1352238674
2021-11-19,554.63116,577.79236,549.56702,575.60101,575.60101,993087267
2021-11-20,575.46301,587.47705,567.15137,584.36945,584.36945,975250027
2021-11-21,584.67285,585.29578,570.24957,575.92719,575.92719,1079459640
2021-11-22,575.55652,577.08429,550.31964,557.31726,557.31726,1195242517
2021-11-23,557.57489,575.45526,548.18243,571.20398,571.20398,1202306823
2021-11-24,571.35138,619.0752,558.71686,559.12097,559.12097,1209312711
2021-11-25,618.961,634.36951,608.23132,612.67682,612.67682,1346653274
2021-11-26,617.15588,618.69104,546.13385,555.82904,555.82904,1679369323
2021-11-27,556.60468,573.62915,555.83832,563.33844,563.33844,857274434
2021-11-28,563.37097,568.4931,537.42255,568.33618,568.33618,1185816551
2021-11-29,568.92035,581.18817,558.35052,576.12177,576.12177,1091029159
2021-11-30,575.65118,586.89801,557.52826,570.52966,570.52966,1170851665
2021-12-01,569.95477,587.03937,565.71954,571.05688,571.05688,876219332
2021-12-02,571.0332,572.09729,559.17743,561.45062,561.45062,921618457
2021-12-03,562.03583,567.53711,526.2934,532.35504,532.35504,1248790208
2021-12-04,533.38318,533.97852,354.55853,473.8508,473.8508,2018999582
2021-12-05,473.47391,478.35223,436.66034,453.49026,453.49026,1128258510
2021-12-06,453.6459,480.61478,421.89587,475.75677,475.75677,1394987155
2021-12-07,476.11765,500.09622,465.25974,475.16028,475.16028,1065693574
2021-12-08,474.89764,487.09543,464.22269,480.85071,480.85071,1269638323
2021-12-09,480.06827,483.14862,449.47644,449.47644,449.47644,1100303590
2021-12-10,449.52896,468.20499,438.09366,439.2785,439.2785,1230197772
2021-12-11,439.3555,461.3396,433.71497,459.78177,459.78177,943322036
2021-12-12,459.31931,462.77521,443.0593,458.71158,458.71158,677639381
2021-12-13,458.77228,461.13507,415.57727,421.66385,421.66385,884428423
2021-12-14,421.83362,441.66925,419.62869,424.44296,424.44296,966794262
2021-12-15,437.14389,449.31201,417.52826,447.72025,447.72025,5073381977
2021-12-16,447.71475,453.08633,437.8775,438.58566,438.58566,5015506262
2021-12-17,438.59396,441.00845,418.86456,425.82773,425.82773,4963631443
2021-12-18,425.84546,438.76016,419.87115,436.05896,436.05896,4875992191
2021-12-19,436.01617,444.72058,432.72922,433.0191,433.0191,4907156810
2021-12-20,433.03705,439.01736,419.6311,430.44449,430.44449,5029758358
2021-12-21,430.34567,440.47845,427.53946,438.4151,438.4151,4936279709
2021-12-22,438.41544,446.36209,435.38477,438.366,438.366,4952883975
2021-12-23,438.3779,457.70572,435.33801,455.40152,455.40152,5049111595
2021-12-24,455.47137,460.98425,449.89041,451.69589,451.69589,5472891368
2021-12-25,451.6535,460.56323,448.20627,456.43384,456.43384,4946110310
2021-12-26,456.43945,456.43945,445.47986,452.2211,452.2211,5297110458
2021-12-27,452.18448,475.59085,448.52432,465.26852,465.26852,5566545308
2021-12-28,465.31406,465.31406,438.93713,439.57153,439.57153,5492150458
2021-12-29,439.47894,445.11148,428.68604,430.0831,430.0831,5325244055
2021-12-30,430.10599,436.79495,425.08557,431.53674,431.53674,5140380417
2021-12-31,431.56781,436.74213,421.29886,430.63956,430.63956,5228424321
2022-01-01,430.69897,445.12042,430.49362,444.45618,444.45618,5200720289
2022-01-02,444.42242,451.70734,443.31738,447.83264,447.83264,5266233006
2022-01-03,447.81778,447.81778,432.5278,434.94385,434.94385,5175856851
2022-01-04,434.97928,438.98593,427.22998,427.52432,427.52432,5170910046
2022-01-05,427.53134,432.09109,394.79825,401.57251,401.57251,5222363057
2022-01-06,401.52893,401.98904,389.13306,400.63925,400.63925,4606482593
2022-01-07,400.59641,400.72293,378.25787,386.05832,386.05832,5495287581
2022-01-08,386.05478,390.98889,365.27646,374.25797,374.25797,4940762099
2022-01-09,374.26135,380.77795,369.9473,377.10284,377.10284,4998528088
2022-01-10,377.11044,378.14142,350.5098,364.06921,364.06921,5091316579
2022-01-11,364.0647,374.38617,362.89078,369.83075,369.83075,4883845879
2022-01-12,369.85776,385.31512,368.94324,383.91364,383.91364,4878392863
2022-01-13,383.90884,391.26657,377.58505,377.58505,377.58505,4820513787
2022-01-14,377.60809,392.74084,377.00519,386.17276,386.17276,4865794221
2022-01-15,386.18988,392.84882,384.40701,391.15408,391.15408,4761528715
2022-01-16,391.14362,393.0112,384.29501,388.71161,388.71161,4738253300
2022-01-17,388.724,389.28409,374.03531,381.10382,381.10382,4688459028
2022-01-18,381.08548,394.53928,376.2998,382.04703,382.04703,4921110719
2022-01-19,382.05756,384.13708,367.43893,370.58118,370.58118,4722885424
2022-01-20,370.5032,383.70673,358.03394,358.10834,358.10834,4652760962
2022-01-21,358.22141,359.88275,311.09955,315.20865,315.20865,4998844753
2022-01-22,315.2901,318.034,271.45688,291.4415,291.4415,5502585985
2022-01-23,291.51532,302.60416,285.64249,301.80795,301.80795,5029208794
2022-01-24,301.85538,302.08179,262.50168,292.22913,292.22913,5138719653
2022-01-25,292.20898,294.09274,285.4054,292.23383,292.23383,4865661412
2022-01-26,292.1973,312.75806,286.21948,289.95135,289.95135,4789506698
2022-01-27,289.85672,293.70868,279.46741,289.51028,289.51028,4450566226
2022-01-28,289.4671,296.80139,282.97165,296.79611,296.79611,4402414050
2022-01-29,296.79401,301.15805,292.7876,298.8714,298.8714,4549035847
2022-01-30,298.92307,301.17923,288.59143,290.50073,290.50073,4393440670
2022-01-31,290.50903,290.51416,279.07098,285.53928,285.53928,4272814799
2022-02-01,285.51389,290.81207,283.48605,288.14844,288.14844,4243564723
2022-02-02,288.16306,296.18622,278.21664,278.59036,278.59036,4304273528
2022-02-03,278.53418,279.97592,271.92331,279.97592,279.97592,4185575167
2022-02-04,279.95139,306.1651,277.07162,305.98312,305.98312,4426537277
2022-02-05,306.00537,327.2886,303.47772,320.87854,320.87854,4737535933
2022-02-06,320.83951,327.67352,315.55164,325.00937,325.00937,4528068784
2022-02-07,325.00732,343.30524,319.20767,342.79691,342.79691,4714385327
2022-02-08,342.86829,355.26422,326.70709,336.25403,336.25403,4364847778
2022-02-09,336.09091,347.28772,329.99286,345.83365,345.83365,4141759132
2022-02-10,345.85379,361.3587,337.94122,341.83203,341.83203,4400654964
2022-02-11,341.80838,341.80838,318.65417,320.5527,320.5527,4306158732
2022-02-12,320.55829,329.49594,314.33694,329.23688,329.23688,4371772668
2022-02-13,329.22903,339.29785,325.98898,334.87149,334.87149,4651844844
2022-02-14,334.70789,336.77295,319.77872,331.33441,331.33441,4680229530
2022-02-15,331.30295,344.24432,329.66867,343.13092,343.13092,4570027807
2022-02-16,343.13461,343.23129,330.24792,335.3616,335.3616,4573029120
2022-02-17,335.24551,336.13278,310.81018,312.81619,312.81619,4504176872
2022-02-18,312.89587,318.59439,307.97397,310.97794,310.97794,4360014643
2022-02-19,310.95917,315.8446,306.62708,312.02393,312.02393,4031413655
2022-02-20,312.02515,312.17661,298.14008,303.13562,303.13562,3986038360
2022-02-21,303.11456,309.89359,284.14236,284.34567,284.34567,4150595974
2022-02-22,284.2998,294.45236,278.59921,293.67535,293.67535,4210903986
2022-02-23,293.67157,304.37714,288.72983,289.30835,289.30835,4235446247
2022-02-24,289.24725,308.02927,261.34311,300.81052,300.81052,4611840938
2022-02-25,300.81595,311.16171,291.63925,308.45905,308.45905,4214133332
2022-02-26,308.45404,322.14294,308.36694,314.53085,314.53085,4208615883
2022-02-27,314.50986,320.58847,301.48712,304.10361,304.10361,4162542039
2022-02-28,304.10284,337.12201,301.50031,337.12201,337.12201,4333237969
2022-03-01,337.14734,342.29681,322.31296,328.23138,328.23138,4406526635
2022-03-02,328.24188,330.65909,318.85745,320.40515,320.40515,4160551460
2022-03-03,320.4064,321.24191,307.0062,315.12631,315.12631,3961075276
2022-03-04,315.17606,315.17606,287.50745,289.91745,289.91745,3826939389
2022-03-05,290.004,294.9567,285.64032,293.97986,293.97986,3571444342
2022-03-06,294.01608,295.85324,283.08279,283.08279,283.08279,3599409412
2022-03-07,283.10367,290.43188,272.11783,274.93509,274.93509,3644280854
2022-03-08,274.9068,288.90674,273.8938,284.36963,284.36963,3565673322
2022-03-09,284.40161,316.0993,284.38153,308.34891,308.34891,3604288416
2022-03-10,308.27185,308.75009,285.6387,289.86835,289.86835,3301827584
2022-03-11,289.90356,293.63101,282.26913,288.1973,288.1973,3384249280
2022-03-12,288.19919,293.79645,288.03537,291.2016,291.2016,3163131831
2022-03-13,291.11292,295.27158,280.03708,280.41223,280.41223,3102894940
2022-03-14,280.39389,289.54648,278.72458,289.54648,289.54648,3391951619
2022-03-15,289.52759,292.13303,282.52344,289.69553,289.69553,3416509695
2022-03-16,289.68591,300.99136,287.83893,299.72177,299.72177,3493261441
2022-03-17,299.715,300.35724,294.95386,296.45874,296.45874,3089185447
2022-03-18,296.43469,306.26459,291.43921,305.86389,305.86389,3141982108
2022-03-19,305.82767,327.62009,305.66714,327.62009,327.62009,3336760438
2022-03-20,327.63763,331.24832,317.39233,326.96335,326.96335,3504099063
2022-03-21,326.93958,339.66934,321.46246,335.2316,335.2316,3775570531
2022-03-22,335.19684,384.02219,334.72415,376.73682,376.73682,4592700939
2022-03-23,376.73785,382.51132,355.13864,364.30548,364.30548,3753713812
2022-03-24,364.20682,366.94424,352.90253,366.10629,366.10629,4086604251
2022-03-25,366.11987,372.99597,354.19464,364.74017,364.74017,4801830925
2022-03-26,364.73743,365.92862,358.01157,361.89346,361.89346,4447203979
2022-03-27,361.91296,376.54538,356.14401,376.53745,376.53745,4528242763
2022-03-28,376.53729,384.64163,367.88214,368.13928,368.13928,4895152714
2022-03-29,368.00217,382.99368,368.00217,373.52997,373.52997,4628947859
2022-03-30,373.49661,385.49487,364.67407,379.63782,379.63782,4659262272
2022-03-31,379.61829,389.41425,364.43579,384.04434,384.04434,5207447297
2022-04-01,384.13306,388.40826,365.19324,376.88898,376.88898,5038480562
2022-04-02,376.9184,382.11185,372.20807,373.29343,373.29343,4929841413
2022-04-03,373.20059,380.6925,369.97284,378.77795,378.77795,4788326043
2022-04-04,378.73212,379.05905,364.43381,375.81772,375.81772,4842131038
2022-04-05,375.87601,380.66483,365.9848,365.9848,365.9848,4831755832
2022-04-06,366.11813,366.58121,331.06793,331.06793,331.06793,4693817841
2022-04-07,331.13913,339.69672,328.9538,336.77451,336.77451,4313693588
2022-04-08,336.73941,337.96957,322.45645,323.3429,323.3429,4279423040
2022-04-09,323.45151,327.16129,323.03766,326.07849,326.07849,4086027568
2022-04-10,326.07349,331.98465,320.94028,320.94028,320.94028,4161265791
2022-04-11,320.96814,320.96814,292.24829,294.76297,294.76297,4116764653
2022-04-12,294.84259,306.86734,294.30072,304.58627,304.58627,3232224320
2022-04-13,304.57855,347.15173,302.09192,341.97601,341.97601,4640086854
2022-04-14,341.91946,352.00177,333.37927,337.56082,337.56082,4518928223
2022-04-15,337.54776,344.15762,334.48291,340.61292,340.61292,4255742550
2022-04-16,340.61862,346.59546,340.18762,343.19815,343.19815,4186735944
2022-04-17,343.15903,348.17117,328.29636,328.70331,328.70331,4209933062
2022-04-18,328.71542,340.13873,314.01715,340.01913,340.01913,4178084902
2022-04-19,340.01691,342.07428,333.73032,340.3952,340.3952,4216376808
2022-04-20,340.36707,344.3812,329.88965,330.72421,330.72421,4290468661
2022-04-21,330.74451,344.46545,314.17606,315.88071,315.88071,4253223441
2022-04-22,315.92068,333.26892,315.13742,320.96747,320.96747,4230621505
2022-04-23,320.95676,322.35635,313.44714,313.44714,313.44714,3981089499
2022-04-24,313.4375,314.45169,308.12292,308.1384,308.1384,3915756766
2022-04-25,308.16135,315.27621,301.04416,314.77448,314.77448,4339854924
2022-04-26,314.71802,321.27362,293.75903,295.9104,295.9104,4623962165
2022-04-27,295.92706,308.77313,294.97321,307.3338,307.3338,4530909054
2022-04-28,307.30328,311.85989,303.90295,306.73441,306.73441,4529814365
2022-04-29,306.73645,308.48972,292.50171,294.70923,294.70923,4493805037
2022-04-30,294.6821,297.39786,273.40305,278.66888,278.66888,4327964629
2022-05-01,278.58762,287.12378,275.18466,284.41199,284.41199,4136305101
2022-05-02,284.38937,288.77411,280.5033,285.09094,285.09094,4223541712
2022-05-03,285.10556,288.95782,277.09857,279.48282,279.48282,4189270453
2022-05-04,279.47617,299.85614,279.02771,299.85614,299.85614,4249843095
2022-05-05,299.77383,302.2406,273.90277,277.2933,277.2933,4043872451
2022-05-06,277.27267,277.50961,267.24741,274.98154,274.98154,4076255396
2022-05-07,274.95816,277.13953,265.42188,268.71164,268.71164,3969336859
2022-05-08,268.69022,269.18005,260.55923,261.76981,261.76981,3914963030
2022-05-09,261.77988,265.97363,221.99843,221.99843,221.99843,3936060796
2022-05-10,221.72112,243.73402,213.58459,231.91481,231.91481,3859737063
2022-05-11,231.8102,248.03352,187.35266,194.36674,194.36674,3953210175
2022-05-12,194.38614,223.5563,160.06703,194.17256,194.17256,3584276078
2022-05-13,194.09319,219.50783,192.38258,202.28743,202.28743,3636972858
2022-05-14,202.2756,235.14346,188.09189,211.21719,211.21719,3521420797
2022-05-15,211.08658,215.27968,204.22403,214.53973,214.53973,3413965388
2022-05-16,214.52536,214.56583,197.09595,197.29504,197.29504,3256557517
2022-05-17,197.2946,212.22922,196.87778,206.6815,206.6815,3449664523
2022-05-18,206.67381,208.4884,188.02528,188.02528,188.02528,3060637904
2022-05-19,188.00986,197.90283,182.75726,196.50908,196.50908,2923280282
2022-05-20,196.46939,199.69109,186.73711,190.89603,190.89603,2828424951
2022-05-21,190.87637,195.16112,187.8427,192.25818,192.25818,2643841413
2022-05-22,192.26967,201.8933,191.06013,198.93323,198.93323,2711327936
2022-05-23,198.84584,206.62639,190.73555,191.71288,191.71288,2902268797
2022-05-24,191.72716,196.72629,185.27638,195.79901,195.79901,2488202440
2022-05-25,195.77049,199.90344,190.30054,190.59967,190.59967,2749192229
2022-05-26,190.60742,192.41977,174.75114,181.01047,181.01047,2687101363
2022-05-27,180.82005,183.50697,172.58235,174.08545,174.08545,2403823662
2022-05-28,176.13522,179.71567,173.69064,179.0249,179.0249,2443184415
2022-05-29,178.98466,185.54791,176.2802,185.31155,185.31155,2372355059
2022-05-30,185.28696,197.12766,184.98474,196.80284,196.80284,2126028710
2022-05-31,196.79187,206.28139,192.97882,203.65671,203.65671,2833067479
2022-06-01,203.71672,208.0984,185.76642,186.33226,186.33226,2770365463
2022-06-02,186.33031,189.46985,183.72757,189.00333,189.00333,2404656966
2022-06-03,189.01146,191.07616,181.04112,183.2596,183.2596,2215340158
2022-06-04,183.28903,189.28114,180.76062,188.62694,188.62694,2154747013
2022-06-05,188.64342,189.80963,179.81442,180.02788,180.02788,2226194881
2022-06-06,179.99588,188.6124,179.88455,185.79117,185.79117,2251990334
2022-06-07,185.78821,187.66914,173.82684,182.37486,182.37486,2206363272
2022-06-08,182.37097,182.73901,176.06308,177.03899,177.03899,2155743341
2022-06-09,177.03232,180.25996,173.78867,175.60437,175.60437,2090813873
2022-06-10,175.60449,176.49841,167.17175,167.9102,167.9102,2142235323
2022-06-11,167.90063,169.53612,155.89709,156.95407,156.95407,2035539813
2022-06-12,157.01157,157.94072,147.11421,147.11421,147.11421,1935626592
2022-06-13,147.03474,148.12445,125.15804,126.70681,126.70681,2044007399
2022-06-14,126.72553,132.99695,118.69066,126.29086,126.29086,1681543805
2022-06-15,126.27769,129.9563,112.1567,127.57239,127.57239,1699975336
2022-06-16,127.54726,129.6333,108.11224,109.38005,109.38005,1601917679
2022-06-17,109.37103,121.19572,108.08807,120.93613,120.93613,1860195195
2022-06-18,120.94042,123.31109,110.71099,116.51904,116.51904,1955594257
2022-06-19,116.48397,122.2615,111.78329,120.19225,120.19225,1578105198
2022-06-20,120.18874,124.16808,116.47064,118.97758,118.97758,1569058756
2022-06-21,118.96553,122.57839,116.02307,118.88476,118.88476,1562491556
2022-06-22,118.93859,119.24261,113.02761,113.30839,113.30839,1422857193
2022-06-23,113.30932,117.71651,112.54876,116.16727,116.16727,1253332573
2022-06-24,116.15639,120.70429,114.53983,114.53983,114.53983,1542360255
2022-06-25,114.57484,115.93777,111.84401,115.27177,115.27177,1522627566
2022-06-26,115.25562,118.95384,113.0697,113.0798,113.0798,1484787303
2022-06-27,113.10126,116.63211,110.82582,111.42685,111.42685,1386986480
2022-06-28,111.42487,112.52493,102.85765,103.17232,103.17232,1207384600
2022-06-29,103.17366,107.16562,102.0785,104.4049,104.4049,726870704
2022-06-30,104.41624,104.67221,98.288017,102.73478,102.73478,1053256061
2022-07-01,102.81454,105.55637,98.771782,101.41802,101.41802,760197665
2022-07-02,101.44421,106.81432,100.92027,106.48082,106.48082,1199030331
2022-07-03,106.45531,107.24631,102.15668,105.58006,105.58006,1187978767
2022-07-04,105.58286,108.14682,102.8643,108.13239,108.13239,1249269541
2022-07-05,108.12164,108.2805,102.18712,104.31561,104.31561,1291077986
2022-07-06,104.32519,106.87326,103.23579,106.16501,106.16501,1266533088
2022-07-07,106.16228,112.03265,105.2395,111.64203,111.64203,1101358631
2022-07-08,111.65906,112.8329,107.41201,109.00742,109.00742,632161393
2022-07-09,108.97973,112.79811,108.81467,111.57935,111.57935,1334656388
2022-07-10,111.55611,111.55611,105.80447,107.04318,107.04318,1259130239
2022-07-11,107.02953,107.1058,99.128738,99.303749,99.303749,1223361760
2022-07-12,99.310303,100.62296,97.496346,97.541748,97.541748,1179157071
2022-07-13,97.529556,102.34386,96.004768,102.34386,102.34386,1209984234
2022-07-14,102.32205,103.80166,99.390312,103.00497,103.00497,1243950769
2022-07-15,103.00578,106.52957,102.3735,106.08636,106.08636,547465009
2022-07-16,106.06725,110.36827,104.13456,109.59833,109.59833,615055280
2022-07-17,109.60568,115.11505,108.12824,110.6347,110.6347,355265041
2022-07-18,110.641,121.63291,110.641,121.63291,121.63291,412280051
2022-07-19,121.58494,129.11841,116.5599,128.44296,128.44296,541861862
2022-07-20,128.45107,130.63556,120.82202,121.82436,121.82436,367420156
2022-07-21,121.81651,123.77479,118.48025,122.98218,122.98218,305920034
2022-07-22,122.98788,128.55946,120.7906,123.50938,123.50938,413046002
2022-07-23,123.453,126.58251,119.01913,122.71156,122.71156,246810479
2022-07-24,122.69571,134.43793,122.67338,132.38541,132.38541,329204445
2022-07-25,132.29659,132.61696,119.2999,119.32748,119.32748,310699338
2022-07-26,119.27522,119.27522,114.53999,118.63275,118.63275,220203623
2022-07-27,118.6493,127.097,116.49454,127.09396,127.09396,282460841
2022-07-28,127.10558,157.46539,127.10558,154.74413,154.74413,918307842
2022-07-29,155.32123,163.60162,148.79129,152.30159,152.30159,944041659
2022-07-30,152.3033,153.79617,144.2271,145.04585,145.04585,512282965
2022-07-31,145.05141,149.79663,139.52313,139.98598,139.98598,417358573
2022-08-01,139.9682,141.98625,134.69731,138.21359,138.21359,282082392
2022-08-02,138.18358,138.50748,129.60542,134.04918,134.04918,316355200
2022-08-03,134.06137,141.9908,131.18468,134.50467,134.50467,276340987
2022-08-04,134.47383,138.29277,133.14003,134.64825,134.64825,332987332
2022-08-05,134.61597,141.22798,134.27649,141.22798,141.22798,247420453
2022-08-06,141.26251,143.03078,139.53932,141.84369,141.84369,214963349
2022-08-07,141.79539,143.64679,139.26118,141.35703,141.35703,206578300
2022-08-08,141.37398,147.62363,140.68411,143.53554,143.53554,264673057
2022-08-09,143.52654,144.24506,133.99973,134.74031,134.74031,254120085
2022-08-10,134.7444,143.08646,132.34967,142.0719,142.0719,285265503
2022-08-11,142.07986,148.02745,142.03253,142.97476,142.97476,304100155
2022-08-12,142.95132,143.33905,139.31058,143.09822,143.09822,222980965
2022-08-13,143.09918,146.78906,142.93187,144.31006,144.31006,224051962
2022-08-14,144.32907,147.02922,138.87662,139.59868,139.59868,242271081
2022-08-15,139.61958,143.22704,134.49477,137.51512,137.51512,260272051
2022-08-16,137.48665,138.19511,135.39655,136.57184,136.57184,218356838
2022-08-17,136.55663,144.33549,133.2652,133.74916,133.74916,326069878
2022-08-18,133.7532,136.10188,129.2438,129.26273,129.26273,245877210
2022-08-19,129.27705,129.27705,114.32446,114.59533,114.59533,357560698
2022-08-20,114.59722,118.07478,112.31815,114.68007,114.68007,237502981
2022-08-21,114.67022,120.40933,114.67022,119.31036,119.31036,231205419
2022-08-22,119.30383,122.91042,114.23363,122.85778,122.85778,296849422
2022-08-23,122.84442,135.31659,120.60338,133.49492,133.49492,446011678
2022-08-24,133.4812,138.11528,131.2123,131.2123,131.2123,382734219
2022-08-25,131.20245,132.39479,129.40222,130.68069,130.68069,265805093
2022-08-26,130.6673,130.6673,115.853,116.28634,116.28634,335487137
2022-08-27,116.29462,118.13255,113.89435,115.35123,115.35123,268806259
2022-08-28,115.35917,119.71598,113.46883,113.46883,113.46883,235232305
2022-08-29,113.40617,119.71881,112.33865,119.61378,119.61378,264119990
2022-08-30,119.63059,120.51405,112.83711,114.65458,114.65458,242607410
2022-08-31,114.66875,117.7282,114.66875,115.34241,115.34241,206762052
2022-09-01,115.34303,117.07291,113.548,116.70772,116.70772,227533596
2022-09-02,116.70933,119.71156,115.27747,116.36718,116.36718,271983506
2022-09-03,116.37312,118.58086,116.07842,117.70432,117.70432,231099662
2022-09-04,117.71191,118.13735,116.45393,118.13735,118.13735,175273025
2022-09-05,118.12857,125.90436,117.30264,125.6686,125.6686,251185197
2022-09-06,125.6889,127.4774,112.48842,112.50065,112.50065,295404896
2022-09-07,112.43467,119.15929,111.36617,118.6458,118.6458,263199586
2022-09-08,118.64782,129.37602,116.55584,127.14407,127.14407,487324244
2022-09-09,127.10441,138.00159,126.39091,132.77562,132.77562,460606403
2022-09-10,132.72679,134.45515,130.9458,132.80632,132.80632,298635594
2022-09-11,132.79507,133.11958,128.43457,130.25624,130.25624,244950894
2022-09-12,130.25352,132.45801,127.21323,128.76111,128.76111,297325655
2022-09-13,128.76904,133.2225,117.19823,119.03831,119.03831,347352925
2022-09-14,117.58162,120.53306,117.16215,120.23064,120.23064,218964930
2022-09-15,120.22851,122.60118,116.85349,117.83324,117.83324,264217879
2022-09-16,117.84431,120.59055,116.79675,119.55599,119.55599,226130263
2022-09-17,119.56734,123.08463,119.55625,122.25166,122.25166,197971193
2022-09-18,122.23072,122.25378,111.80295,111.87237,111.87237,223851169
2022-09-19,111.86649,113.08498,107.20182,112.22877,112.22877,259524012
2022-09-20,112.24339,114.5467,111.45398,112.89227,112.89227,234825794
2022-09-21,112.8823,118.52194,109.16826,109.46313,109.46313,288706877
2022-09-22,109.51185,116.62836,109.10491,116.53922,116.53922,224536083
2022-09-23,116.53593,120.22713,113.30078,120.06119,120.06119,284423405
2022-09-24,120.05921,121.75325,117.92077,117.92077,117.92077,246871367
2022-09-25,117.92256,118.33419,112.71568,113.50005,113.50005,231914637
2022-09-26,113.49516,117.0771,112.9051,116.2026,116.2026,262464085
2022-09-27,116.21047,120.1524,112.85289,114.40728,114.40728,287910263
2022-09-28,114.37966,115.55818,110.72813,114.26228,114.26228,257950036
2022-09-29,114.25148,117.56374,114.03397,116.74012,116.74012,271450641
2022-09-30,116.74518,124.2699,115.76255,120.0403,120.0403,363557308
2022-10-01,120.02217,120.72687,116.18154,117.18319,117.18319,202425471
2022-10-02,117.17178,118.35503,114.30954,114.40397,114.40397,207890715
2022-10-03,114.411,116.36985,114.10417,116.26019,116.26019,197753341
2022-10-04,116.25692,121.8606,115.75716,121.2456,121.2456,214269001
2022-10-05,121.24245,123.32848,119.32729,122.21883,122.21883,188639642
2022-10-06,122.2278,123.50678,118.21462,118.43883,118.43883,181434060
2022-10-07,118.43876,120.09689,115.85426,116.79872,116.79872,178326597
2022-10-08,116.7876,118.26996,115.82603,116.97751,116.97751,149502325
2022-10-09,116.96252,118.26921,116.74351,117.22794,117.22794,158347102
2022-10-10,117.2326,117.9172,111.73036,111.73036,111.73036,185761107
2022-10-11,111.71949,112.20203,109.89741,111.11307,111.11307,186705924
2022-10-12,111.11829,112.31439,110.90469,111.90184,111.90184,181789992
2022-10-13,111.89546,112.67305,103.09095,108.97754,108.97754,322998475
2022-10-14,108.96894,111.62824,106.99947,107.54891,107.54891,211846099
2022-10-15,107.54192,109.21322,107.05347,108.06718,108.06718,167106067
2022-10-16,108.06999,110.83838,108.05398,110.3335,110.3335,177467027
2022-10-17,110.3273,111.34133,109.40903,110.58451,110.58451,185301371
2022-10-18,110.57403,111.34131,107.51144,108.72208,108.72208,216478780
2022-10-19,108.72765,108.86794,106.04267,106.15585,106.15585,161389501
2022-10-20,106.13892,108.72137,105.47393,106.39017,106.39017,170432867
2022-10-21,106.39216,107.24496,103.54674,107.00562,107.00562,204900553
2022-10-22,107.0149,110.21696,106.41199,108.70037,108.70037,181042453
2022-10-23,108.70199,110.90238,108.03187,110.88642,110.88642,185071846
2022-10-24,110.88728,111.04735,107.65223,107.93133,107.93133,206923841
2022-10-25,107.93102,113.90665,107.8662,112.79578,112.79578,215642849
2022-10-26,112.7738,116.09903,112.30211,114.58955,114.58955,397995808
2022-10-27,114.59052,116.72189,112.15926,112.55515,112.55515,443888620
2022-10-28,112.55474,116.00935,111.34011,115.57781,115.57781,487781698
2022-10-29,115.56564,120.25391,115.50811,118.45817,118.45817,533574676
2022-10-30,118.45798,119.95219,114.97639,116.28988,116.28988,471100285
2022-10-31,116.27052,117.61258,113.86984,115.10995,115.10995,444780235
2022-11-01,115.11144,116.37054,114.20448,115.00502,115.00502,456423614
2022-11-02,115.00047,121.17544,112.5084,113.50633,113.50633,648808851
2022-11-03,113.52195,119.70239,113.41776,115.75763,115.75763,548999513
2022-11-04,115.73128,124.08401,115.33518,123.98335,123.98335,657069486
2022-11-05,124.03108,125.38791,122.96342,123.74204,123.74204,430694834
2022-11-06,123.74715,123.99833,116.66321,116.68386,116.68386,342636984
2022-11-07,116.69001,119.26685,115.67746,117.71344,117.71344,340585029
2022-11-08,117.70524,118.59906,98.842384,103.18102,103.18102,735395027
2022-11-09,103.17924,103.76368,88.286385,89.351791,89.351791,677592889
2022-11-10,89.36911,105.60554,88.536499,102.82766,102.82766,451189311
2022-11-11,102.81923,106.03107,100.10421,102.73116,102.73116,291046683
2022-11-12,102.74869,102.86994,98.551872,102.31828,102.31828,197959492
2022-11-13,102.31815,103.22385,98.831062,99.646507,99.646507,209882318
2022-11-14,99.624443,104.37652,97.202499,103.64168,103.64168,275594444
2022-11-15,103.63751,105.89314,102.71375,103.859,103.859,205752751
2022-11-16,103.83894,109.08802,103.15139,104.47737,104.47737,239230175
2022-11-17,104.47183,105.08018,101.84808,103.75927,103.75927,206654312
2022-11-18,103.75898,105.45715,103.74244,104.72099,104.72099,173437211
2022-11-19,104.72037,105.96793,104.20748,104.81979,104.81979,168724308
2022-11-20,104.82983,107.28529,103.56488,104.89091,104.89091,248473934
2022-11-21,104.89754,106.9865,101.27699,103.24916,103.24916,315062965
2022-11-22,103.23087,109.03255,103.20322,108.96452,108.96452,277512212
2022-11-23,108.97443,118.60111,108.64449,114.89169,114.89169,364874328
2022-11-24,114.89716,118.03814,113.34031,115.91899,115.91899,289855568
2022-11-25,115.90703,116.01783,113.31499,113.8233,113.8233,206165000
2022-11-26,113.81431,115.538,111.8637,112.44128,112.44128,192168490
2022-11-27,112.44276,113.37995,111.15542,111.24123,111.24123,154665479
2022-11-28,111.22572,111.90184,106.73122,110.0809,110.0809,194956339
2022-11-29,110.07629,112.78677,109.59091,111.1119,111.1119,175021732
2022-11-30,111.1224,114.20293,110.86799,113.39072,113.39072,188335842
2022-12-01,113.39046,113.59994,110.07878,110.30767,110.30767,170949348
2022-12-02,110.31117,112.01112,108.92418,111.93448,111.93448,153274799
2022-12-03,111.95266,111.98855,109.82219,109.89175,109.89175,127942793
2022-12-04,109.87963,111.70802,109.8167,111.15482,111.15482,145041966
2022-12-05,111.15162,116.6405,110.12029,110.39721,110.39721,203082882
2022-12-06,110.4009,112.03835,110.4009,112.02993,112.02993,159142305
2022-12-07,112.02081,112.52519,108.26465,109.19988,109.19988,156533462
2022-12-08,109.20305,112.17126,108.69202,111.84788,111.84788,148391126
2022-12-09,111.84179,112.14393,109.2454,109.74802,109.74802,131120607
2022-12-10,109.75948,110.43723,109.05239,109.07251,109.07251,96665780
2022-12-11,109.08783,109.90103,106.26459,106.33975,106.33975,239688863
2022-12-12,106.3314,106.69381,104.06453,106.24568,106.24568,136423089
2022-12-13,106.2627,110.93665,104.2585,110.03935,110.03935,202881888
2022-12-14,110.0351,110.90147,108.26531,109.1085,109.1085,144048921
2022-12-15,109.08772,109.81887,107.02134,107.25274,107.25274,135525935
2022-12-16,107.25457,107.76816,99.825249,100.1945,100.1945,164515036
2022-12-17,100.18517,103.14741,99.314857,103.08945,103.08945,141948275
2022-12-18,103.09065,103.25365,101.79449,102.10165,102.10165,82518306
2022-12-19,102.09603,102.84908,98.559998,98.559998,98.559998,134472213
2022-12-20,98.567757,102.25902,98.560928,101.79223,101.79223,124604132
2022-12-21,101.77904,102.1784,100.09611,100.34044,100.34044,102295161
2022-12-22,100.34863,101.36163,99.586548,101.35969,101.35969,101874609
2022-12-23,101.36235,102.57078,101.28588,101.9492,101.9492,95474710
2022-12-24,101.95374,102.63886,101.73106,101.80642,101.80642,68743900
2022-12-25,101.80877,102.00586,99.953728,101.35172,101.35172,89486065
2022-12-26,101.35448,103.42464,100.9994,103.38439,103.38439,94382578
2022-12-27,103.38257,103.5905,101.52076,101.69138,101.69138,99717575
2022-12-28,101.70287,102.42744,98.95903,99.176765,99.176765,121739372
2022-12-29,99.168228,100.16042,97.71019,98.400665,98.400665,117365942
2022-12-30,98.40699,98.450287,95.729805,96.646339,96.646339,147217395
2022-12-31,96.649406,98.28891,96.527817,97.072144,97.072144,99844577
2023-01-01,97.074486,97.477776,96.472054,96.95507,96.95507,77861035
2023-01-02,96.952942,100.17461,95.87278,99.310051,99.310051,114241757
2023-01-03,99.301437,100.32742,98.94809,99.649353,99.649353,110701275
2023-01-04,99.648148,102.29463,99.584465,101.48273,101.48273,147986336
2023-01-05,101.48712,103.26127,100.993,101.08455,101.08455,139283849
2023-01-06,101.08406,101.76496,98.445663,101.62651,101.62651,147863090
2023-01-07,101.6245,102.09277,101.41241,101.5183,101.5183,106519970
2023-01-08,101.5085,103.42368,101.06769,103.42368,103.42368,115698170
2023-01-09,103.44238,107.60821,103.44238,107.11087,107.11087,196600228
2023-01-10,107.09615,108.61374,106.0298,107.45953,107.45953,162339916
2023-01-11,107.45477,109.75764,105.69138,109.75181,109.75181,151126033
2023-01-12,110.87029,123.86819,108.15976,119.71046,119.71046,335419197
2023-01-13,119.71164,126.68569,118.21669,124.3508,124.3508,267055371
2023-01-14,124.34816,130.49806,122.83958,125.94872,125.94872,301481038
2023-01-15,125.94405,126.73343,121.97691,124.90913,124.90913,223512411
2023-01-16,124.90597,126.85258,120.82077,123.95055,123.95055,229264592
2023-01-17,123.96053,125.16627,122.33356,122.80447,122.80447,182486972
2023-01-18,122.80783,126.68327,117.69267,119.09418,119.09418,239576877
2023-01-19,119.08183,122.22209,118.95786,121.66796,121.66796,173405717
2023-01-20,121.66154,127.90761,120.56047,127.90761,127.90761,183173886
2023-01-21,127.92733,133.28767,126.76421,128.22267,128.22267,251243207
2023-01-22,128.22057,132.22734,127.64258,128.63443,128.63443,205987418
2023-01-23,128.6273,137.05025,128.55968,133.39807,133.39807,248410473
2023-01-24,133.37172,136.70041,127.37959,128.29625,128.29625,216925422
2023-01-25,128.31671,133.8815,126.00745,131.89365,131.89365,197388003
2023-01-26,131.86412,134.57909,130.28142,134.01921,134.01921,226363781
2023-01-27,134.01463,136.073,132.42374,134.91512,134.91512,191933573
2023-01-28,134.92383,135.56981,131.821,132.63184,132.63184,168595111
2023-01-29,132.63017,137.99318,132.16911,136.71968,136.71968,208860844
2023-01-30,136.71643,136.71643,128.47176,130.90599,130.90599,203674676
2023-01-31,130.90956,135.48857,130.83202,133.39673,133.39673,186997808
2023-02-01,133.37122,136.63409,130.31268,136.29178,136.29178,182482657
2023-02-02,136.28333,142.75673,136.10419,136.68628,136.68628,224622869
2023-02-03,136.64467,139.35355,136.64467,137.8999,137.8999,172264478
2023-02-04,137.88586,139.81398,136.66418,138.27225,138.27225,151670335
2023-02-05,138.27313,138.2944,133.27553,134.46292,134.46292,160929294
2023-02-06,134.45418,134.93733,131.00124,131.60269,131.60269,117258317
2023-02-07,131.59773,136.35413,131.4975,135.96921,135.96921,199061198
2023-02-08,135.95703,136.50963,130.41743,131.49544,131.49544,207253748
2023-02-09,131.51379,132.32309,124.3736,126.42709,126.42709,289805877
2023-02-10,126.43304,129.66205,124.5535,124.68172,124.68172,224126509
2023-02-11,124.69285,125.28033,123.62129,124.76458,124.76458,189062240
2023-02-12,124.76785,126.45135,122.46365,122.90043,122.90043,174302815
2023-02-13,122.89068,124.55798,120.56654,123.85805,123.85805,225101293
2023-02-14,123.86533,126.95184,123.61555,126.73186,126.73186,192113583
2023-02-15,126.71822,134.80882,125.2974,134.57416,134.57416,226653099
2023-02-16,134.56592,135.59737,127.94307,128.01425,128.01425,231794695
2023-02-17,128.02815,134.20435,127.86673,133.47932,133.47932,225368493
2023-02-18,133.47075,137.98511,133.44791,136.16028,136.16028,206167566
2023-02-19,136.16525,140.15591,135.05249,135.96565,135.96565,240426539
2023-02-20,136.01704,148.12613,134.55328,144.54143,144.54143,327748035
2023-02-21,144.63736,152.71278,143.77142,145.24306,145.24306,398335317
2023-02-22,145.22684,145.44473,137.59404,141.88301,141.88301,250108636
2023-02-23,141.88669,143.56863,138.13699,138.91109,138.91109,222393001
2023-02-24,138.90097,139.43423,131.14381,132.81247,132.81247,228991182
2023-02-25,132.82619,134.92598,130.35974,133.21333,133.21333,214694693
2023-02-26,133.22058,137.22972,132.50618,136.25645,136.25645,200257985
2023-02-27,136.25705,137.9585,133.92288,135.12851,135.12851,204642631
2023-02-28,135.13832,135.17558,131.12204,131.9375,131.9375,190165456
2023-03-01,131.94238,135.51456,131.84999,134.23985,134.23985,183285053
2023-03-02,134.23286,134.60173,130.39127,131.71733,131.71733,188615409
2023-03-03,131.7361,131.80669,122.92596,126.12359,126.12359,209408774
2023-03-04,126.10915,126.89268,122.96395,124.41452,124.41452,155554695
2023-03-05,124.40022,126.19231,123.68211,124.03861,124.03861,154233890
2023-03-06,124.0417,124.70518,122.55392,124.19682,124.19682,168642334
2023-03-07,124.18941,125.57075,120.77808,122.15844,122.15844,157880549
2023-03-08,122.15851,122.50511,116.05659,116.58035,116.58035,179237916
2023-03-09,116.59324,118.17167,107.98392,110.1606,110.1606,188052799
2023-03-10,110.16297,111.90625,105.84867,111.69473,111.69473,214896350
2023-03-11,111.68986,115.27055,109.0772,114.32967,114.32967,221368661
2023-03-12,114.30207,121.3482,113.07484,121.01817,121.01817,189202752
2023-03-13,121.01079,128.40295,120.09756,127.04195,127.04195,240270537
2023-03-14,127.02956,135.98083,126.32329,131.3788,131.3788,261083217
2023-03-15,131.39955,133.86591,122.70621,123.47959,123.47959,217563688
2023-03-16,123.52212,126.84266,122.98089,126.14076,126.14076,189331326
2023-03-17,126.14304,135.72415,125.45475,135.60182,135.60182,204223180
2023-03-18,135.59964,137.94009,131.1678,131.30954,131.30954,192852739
2023-03-19,131.29185,137.09496,131.29185,136.12599,136.12599,198906416
2023-03-20,136.10905,138.40077,130.37515,130.60391,130.60391,213053042
2023-03-21,130.61467,134.47369,126.687,134.46175,134.46175,211002763
2023-03-22,134.4566,134.4566,124.20779,126.23603,126.23603,216060192
2023-03-23,126.23396,131.03955,125.12388,128.81271,128.81271,195367902
2023-03-24,128.80969,131.52863,122.70757,123.89299,123.89299,206632553
2023-03-25,123.90517,127.41072,123.64758,125.15268,125.15268,154714176
2023-03-26,125.14631,126.98898,123.92925,124.87346,124.87346,143248028
2023-03-27,124.88169,124.97806,117.6334,120.26807,120.26807,171497739
2023-03-28,120.27672,122.07815,119.355,121.07654,121.07654,155374918
2023-03-29,121.05786,124.57281,120.77441,123.31119,123.31119,177348230
2023-03-30,123.30099,125.03609,119.40419,121.12211,121.12211,160162686
2023-03-31,121.13058,124.45124,120.62571,124.00879,124.00879,115946660
2023-04-01,123.99666,127.22975,123.76514,125.57304,125.57304,115075829
2023-04-02,126.27365,126.44453,121.718,123.03599,123.03599,111112400
2023-04-03,123.03255,129.15068,120.54288,127.8363,127.8363,185604852
2023-04-04,127.82356,128.19637,126.11028,127.13725,127.13725,120449269
2023-04-05,127.13911,129.70375,125.85992,127.24829,127.24829,120721406
2023-04-06,127.26791,127.4156,125.367,126.07366,126.07366,99703664
2023-04-07,126.0523,126.43967,123.52352,124.68407,124.68407,96333613
2023-04-08,124.66112,125.18494,123.18677,123.81998,123.81998,78481532
2023-04-09,123.83234,126.25459,123.63602,125.55251,125.55251,80526038
2023-04-10,125.54426,128.42662,124.35852,127.98754,127.98754,104181884
2023-04-11,127.99317,130.25861,127.65845,129.14046,129.14046,112965138
2023-04-12,129.14481,129.75008,126.03642,128.86749,128.86749,106621583
2023-04-13,128.84647,131.74498,128.26514,131.23566,131.23566,116155822
2023-04-14,131.23465,134.26689,129.31474,132.4949,132.4949,133266699
2023-04-15,132.498,133.4213,131.06041,132.80579,132.80579,108023622
2023-04-16,132.79678,135.97411,131.73904,134.45375,134.45375,114434126
2023-04-17,134.45958,134.5218,130.90411,131.61575,131.61575,117754450
2023-04-18,131.62268,134.13431,130.82799,133.60168,133.60168,112024509
2023-04-19,133.58774,133.78383,123.94285,125.09292,125.09292,157215946
2023-04-20,125.08244,126.64337,121.83166,123.11057,123.11057,134532218
2023-04-21,123.11222,124.77409,118.71555,119.75077,119.75077,110461167
2023-04-22,119.7768,122.72952,119.31962,122.2389,122.2389,94924148
2023-04-23,122.22672,122.68909,118.71318,119.92919,119.92919,91823882
2023-04-24,119.93232,121.47905,118.94688,119.32847,119.32847,98481284
2023-04-25,119.32412,120.27502,116.95551,120.1991,120.1991,104909569
2023-04-26,120.19685,123.26006,113.56391,117.64835,117.64835,143569349
2023-04-27,117.63963,120.18691,116.81466,117.19755,117.19755,136186814
2023-04-28,117.19675,119.50256,116.3345,118.12795,118.12795,117268285
2023-04-29,118.13496,120.17665,117.84404,119.74381,119.74381,86265849
2023-04-30,119.75088,120.86781,118.13014,118.21658,118.21658,92003173
2023-05-01,118.20102,118.34701,115.56807,116.97728,116.97728,97056942
2023-05-02,116.97622,119.61269,116.57661,119.24887,119.24887,101423192
2023-05-03,119.24289,120.66403,116.28374,120.18179,120.18179,102663343
2023-05-04,120.19018,120.2089,116.80662,117.41166,117.41166,83667384
2023-05-05,117.41212,120.78536,117.38033,120.19356,120.19356,93400228
2023-05-06,120.18639,120.59375,116.11337,117.20551,117.20551,90952873
2023-05-07,117.19335,117.79627,116.38962,116.38962,116.38962,71934748
2023-05-08,116.37497,116.88147,109.02898,111.40475,111.40475,119230714
2023-05-09,111.39716,123.12948,110.50509,121.97784,121.97784,276567847
2023-05-10,121.98238,123.03403,113.63189,116.04965,116.04965,206713571
2023-05-11,116.03923,116.03923,111.41512,113.51127,113.51127,139247989
2023-05-12,113.50745,115.36587,113.03427,114.97211,114.97211,108355859
2023-05-13,114.97622,114.97622,112.79267,113.11613,113.11613,77921601
2023-05-14,113.10902,115.77915,113.08321,115.34385,115.34385,84333105
2023-05-15,115.34206,120.51784,114.79012,116.27071,116.27071,143879936
2023-05-16,116.2812,117.41981,114.4302,116.86369,116.86369,88554667
2023-05-17,116.85654,118.49752,115.56668,118.00822,118.00822,97673648
2023-05-18,118.01113,118.01113,113.23074,115.4285,115.4285,86139584
2023-05-19,115.42104,115.98818,114.83466,115.52148,115.52148,64504684
2023-05-20,115.52026,116.91335,114.72564,116.54175,116.54175,61950575
2023-05-21,116.54124,117.02964,114.11856,114.65477,114.65477,67675864
2023-05-22,114.65549,115.1422,113.29195,114.77025,114.77025,80933304
2023-05-23,114.77699,117.16721,114.74904,115.65068,115.65068,71203726
2023-05-24,115.65227,115.69325,111.44462,112.18871,112.18871,80839475
2023-05-25,112.18096,112.25404,110.38586,111.94452,111.94452,75859761
2023-05-26,111.94077,113.6945,111.67444,113.27009,113.27009,69641876
2023-05-27,113.26865,114.05895,112.5828,113.96072,113.96072,55854303
2023-05-28,113.95692,116.68239,113.84386,116.52264,116.52264,73381272
2023-05-29,116.53468,117.12192,114.82229,114.98091,114.98091,82696686
2023-05-30,114.98673,115.66508,114.13396,114.1356,114.1356,69575018
2023-05-31,114.12879,114.2789,112.24972,113.26572,113.26572,71106387
2023-06-01,113.26418,113.53516,111.89897,113.36608,113.36608,64956487
2023-06-02,113.36264,115.18627,113.05077,114.82804,114.82804,72689135
2023-06-03,114.83376,115.26109,114.40544,114.92384,114.92384,53934925
2023-06-04,114.92295,116.89873,114.31422,115.72878,115.72878,68360725
2023-06-05,115.73092,115.73092,107.72534,108.79646,108.79646,99469541
2023-06-06,108.79668,114.78555,107.83458,114.78555,114.78555,112721019
2023-06-07,114.78786,116.51855,110.32063,111.18529,111.18529,94236952
2023-06-08,111.17952,112.37897,110.57411,111.77751,111.77751,65358199
2023-06-09,111.77901,111.91804,109.85966,110.77734,110.77734,64126457
2023-06-10,110.77982,110.89964,95.775475,103.61754,103.61754,161603092
2023-06-11,103.61819,103.62836,101.95979,102.82832,102.82832,71123670
2023-06-12,102.82253,103.96629,101.33891,102.72839,102.72839,65344006
2023-06-13,102.73148,106.32384,102.32184,105.27337,105.27337,77407090
2023-06-14,105.27321,106.15538,100.99096,101.79301,101.79301,70788287
2023-06-15,101.7954,104.9529,101.77647,104.71801,104.71801,77778724
2023-06-16,104.71918,108.71411,103.08828,108.06197,108.06197,69319354
2023-06-17,108.06573,108.23836,106.27552,106.69099,106.69099,64072141
2023-06-18,106.68592,108.54192,106.03642,107.03558,107.03558,68252712
2023-06-19,107.04409,107.19146,105.04447,106.70969,106.70969,63266436
2023-06-20,106.7108,110.29857,105.38334,109.89055,109.89055,77606253
2023-06-21,109.89236,138.78076,109.88082,136.00562,136.00562,555415604
2023-06-22,135.98718,146.69943,130.2785,133.96362,133.96362,382972945
2023-06-23,133.96011,190.91835,133.73112,181.77446,181.77446,1124083040
2023-06-24,181.7718,215.22507,180.18533,213.72575,213.72575,1519570120
2023-06-25,213.62866,216.93996,187.70251,195.39999,195.39999,1050435537
2023-06-26,195.31451,228.25342,189.32143,223.48145,223.48145,1431075211
2023-06-27,223.4964,236.63524,217.84918,230.18225,230.18225,1194486314
2023-06-28,230.12523,235.04385,222.49576,225.38499,225.38499,1022829188
2023-06-29,225.36386,253.50723,224.67761,253.44722,253.44722,1081990101
2023-06-30,253.45268,326.12192,253.1387,305.00696,305.00696,3266168960
2023-07-01,305.00531,307.96863,283.6843,290.78027,290.78027,1228271488
2023-07-02,290.80765,304.46243,270.15237,298.81412,298.81412,1444350172
2023-07-03,298.80417,300.99841,281.6044,288.72183,288.72183,779631399
2023-07-04,289.14444,291.17163,272.10703,272.42758,272.42758,576532823
2023-07-05,272.49115,277.73001,250.2269,271.9447,271.9447,968548029
2023-07-06,271.88657,300.85269,268.82327,277.29874,277.29874,1458427854
2023-07-07,277.35367,287.87692,274.88885,278.42181,278.42181,737064205
2023-07-08,278.3891,282.11368,262.94415,271.91849,271.91849,470898805
2023-07-09,271.92633,277.91199,263.99622,265.54898,265.54898,400133279
2023-07-10,265.56784,286.04413,261.56915,274.58551,274.58551,756800670
2023-07-11,274.59705,276.85864,271.44122,274.03055,274.03055,334511106
2023-07-12,274.03,289.49213,273.26611,282.50116,282.50116,644274214
2023-07-13,282.49426,287.49933,270.32828,274.30502,274.30502,872446208
2023-07-14,274.28876,277.32547,257.5531,264.39551,264.39551,579193830
2023-07-15,264.36029,264.36029,248.28938,253.33292,253.33292,365742268
2023-07-16,253.38188,260.34378,249.87523,249.92123,249.92123,379661094
2023-07-17,249.93835,254.01299,236.71751,242.36971,242.36971,353367690
2023-07-18,242.36572,247.23979,232.76161,244.37628,244.37628,409074431
2023-07-19,244.32321,250.96925,241.81462,244.36934,244.36934,303356781
2023-07-20,244.35428,247.33539,241.18425,244.0638,244.0638,310023091
2023-07-21,244.06116,247.98087,242.16704,246.22057,246.22057,193465961
2023-07-22,246.22208,247.59059,238.67252,239.24568,239.24568,162239993
2023-07-23,239.2805,254.08522,238.89082,249.65775,249.65775,294423444
2023-07-24,249.64494,252.70453,236.57999,238.61562,238.61562,270198822
2023-07-25,238.61777,238.61777,233.00253,237.52089,237.52089,201128778
2023-07-26,237.51894,243.79614,234.39827,241.86311,241.86311,241690654
2023-07-27,241.86816,249.28084,241.31076,244.65964,244.65964,223970540
2023-07-28,244.70027,245.08109,241.7198,241.77762,241.77762,133161572
2023-07-29,241.71455,242.22478,239.24667,242.05879,242.05879,134092120
2023-07-30,242.05583,254.76645,241.3308,252.83513,252.83513,399871336
2023-07-31,252.83694,258.30255,247.89816,248.18546,248.18546,343798443
2023-08-01,248.18596,248.42914,239.87544,244.76631,244.76631,255860410
2023-08-02,244.75461,245.91753,226.36978,228.94781,228.94781,310823027
2023-08-03,228.97879,231.13544,224.845,225.41032,225.41032,225984833
2023-08-04,225.39233,229.17935,222.11176,227.1848,227.1848,218453673
2023-08-05,227.17276,228.0387,223.52193,226.71159,226.71159,155052135
2023-08-06,226.71045,227.89476,221.9619,222.56349,222.56349,136600537
2023-08-07,222.56114,242.28508,219.27318,237.73924,237.73924,716073059
2023-08-08,237.7291,248.29404,235.09973,239.69844,239.69844,452286436
2023-08-09,239.44286,239.44286,234.91661,238.32643,238.32643,578838605
2023-08-10,238.33295,239.74339,230.94571,231.9976,231.9976,267558366
2023-08-11,232.00348,232.64938,227.55057,228.98911,228.98911,182824624
2023-08-12,228.99548,230.5686,227.74358,228.57605,228.57605,111690005
2023-08-13,228.57846,230.76727,226.15167,228.34807,228.34807,130752324
2023-08-14,228.34415,230.72902,226.29128,230.12991,230.12991,146707563
2023-08-15,230.12492,236.58247,228.49118,228.54771,228.54771,311130308
2023-08-16,228.55585,230.66397,204.43947,207.95087,207.95087,310736141
2023-08-17,207.94644,210.67709,173.42865,184.45398,184.45398,397195864
2023-08-18,184.42023,189.01379,179.5564,187.28445,187.28445,270514217
2023-08-19,187.29414,191.25552,185.34973,186.96715,186.96715,186899193
2023-08-20,186.96738,190.46135,186.91212,188.91728,188.91728,147977614
2023-08-21,188.90274,193.61259,183.70645,186.07739,186.07739,181788058
2023-08-22,186.05504,187.07491,180.67996,184.73859,184.73859,150252025
2023-08-23,184.74323,195.92386,184.71364,193.66153,193.66153,173286459
2023-08-24,193.67213,194.5179,189.06572,194.46147,194.46147,137341529
2023-08-25,194.44362,194.44362,188.98114,192.05203,192.05203,139896933
2023-08-26,192.05159,192.05159,189.12868,190.15111,190.15111,89396996
2023-08-27,190.14862,200.03195,190.07079,198.01083,198.01083,133931468
2023-08-28,198.00615,198.00615,188.47211,190.4127,190.4127,154008890
2023-08-29,190.41628,227.03465,189.10976,224.17674,224.17674,473894980
2023-08-30,224.32742,225.1225,212.38287,215.93649,215.93649,281864292
2023-08-31,215.95064,222.15816,204.27933,207.48778,207.48778,358274720
2023-09-01,207.49237,210.39299,198.59943,199.63319,199.63319,208560401
2023-09-02,199.6371,201.04425,191.97984,195.10542,195.10542,162289264
2023-09-03,195.14717,197.59012,192.00108,196.30443,196.30443,136468819
2023-09-04,196.28789,198.63704,190.90852,193.56865,193.56865,157433175
2023-09-05,193.55811,194.38229,189.67772,192.02205,192.02205,129307973
2023-09-06,192.035,194.93846,190.7524,193.05598,193.05598,119644090
2023-09-07,193.05989,194.13768,190.34921,193.34331,193.34331,120002022
2023-09-08,193.36191,196.59518,191.21843,193.10623,193.10623,155951873
2023-09-09,193.10559,195.44728,191.25298,193.10831,193.10831,93793587
2023-09-10,193.11244,193.11244,187.24574,190.58035,190.58035,132343527
2023-09-11,190.57437,191.25513,181.37894,183.90967,183.90967,165103031
2023-09-12,183.91373,208.52692,183.91373,198.82443,198.82443,342890549
2023-09-13,198.81822,203.04437,196.74948,199.87488,199.87488,240819278
2023-09-14,199.87617,209.80739,199.26585,207.90627,207.90627,243097950
2023-09-15,207.89563,219.92732,206.87683,217.23647,217.23647,322686773
2023-09-16,217.22995,222.79199,213.53293,215.16745,215.16745,192483371
2023-09-17,215.14592,215.14592,206.61595,209.76337,209.76337,157999942
2023-09-18,209.8154,224.27946,208.83199,217.42383,217.42383,269553563
2023-09-19,217.43472,221.96332,215.4852,219.08658,219.08658,191290308
2023-09-20,219.09213,220.76424,212.28439,215.49689,215.49689,219665668
2023-09-21,215.49313,215.5144,206.59001,208.6684,208.6684,170527081
2023-09-22,208.65587,209.80554,205.77757,207.82501,207.82501,132959007
2023-09-23,207.82935,209.31934,207.04195,208.16177,208.16177,94613506
2023-09-24,208.16638,209.81346,204.58905,204.77071,204.77071,104588724
2023-09-25,204.75984,213.20062,203.34912,210.32069,210.32069,143589850
2023-09-26,210.31277,215.13829,209.98639,214.23219,214.23219,169779812
2023-09-27,214.2439,234.94336,213.76588,228.83693,228.83693,402387282
2023-09-28,228.85025,244.4619,228.34142,239.1877,239.1877,423897095
2023-09-29,239.14198,240.05589,230.41086,235.29723,235.29723,239398024
2023-09-30,235.29526,237.89594,232.47737,234.35104,234.35104,153627677
2023-10-01,234.32906,244.58162,233.74014,242.19153,242.19153,206197082
2023-10-02,242.18221,255.12184,241.09402,246.63403,246.63403,446812722
2023-10-03,246.60222,250.71748,228.78375,230.07504,230.07504,302066948
2023-10-04,230.0918,233.77846,226.2657,233.37852,233.37852,180040550
2023-10-05,233.38756,234.44089,226.4675,231.29092,231.29092,160136435
2023-10-06,231.29733,233.48422,227.13223,230.99559,230.99559,130776610
2023-10-07,230.99615,236.02629,229.17451,230.31725,230.31725,119032840
2023-10-08,230.32529,232.91985,227.44379,228.0856,228.0856,106051163
2023-10-09,228.0827,228.97092,213.69276,218.43971,218.43971,183099157
2023-10-10,218.43884,219.81903,210.99202,212.49974,212.49974,148956797
2023-10-11,212.49312,215.55232,209.36644,214.02792,214.02792,150057573
2023-10-12,214.0262,216.66779,210.40619,213.98366,213.98366,119489032
2023-10-13,213.97679,218.61877,212.16441,217.25415,217.25415,135722427
2023-10-14,217.2524,218.1107,214.59741,214.63487,214.63487,74662095
2023-10-15,214.63979,216.36258,213.10315,215.15822,215.15822,83522313
2023-10-16,215.16754,242.76767,215.16754,231.42636,231.42636,397121135
2023-10-17,231.41159,231.74442,225.17433,226.79425,226.79425,175844414
2023-10-18,226.79285,231.1866,225.44957,227.14825,227.14825,174678715
2023-10-19,227.12601,233.32793,225.56328,227.46773,227.46773,147505814
2023-10-20,227.4669,247.56345,226.74202,240.60283,240.60283,293140536
2023-10-21,240.60442,245.59459,238.50247,243.60321,243.60321,169457976
2023-10-22,243.68594,253.17993,237.8987,243.4895,243.4895,231961899
2023-10-23,243.53252,262.53244,241.05211,260.61008,260.61008,373641365
2023-10-24,260.60492,267.49484,248.68112,251.65483,251.65483,371213677
2023-10-25,251.67648,259.36166,249.21538,254.08762,254.08762,215801794
2023-10-26,254.08673,256.17419,242.34468,247.45998,247.45998,203108208
2023-10-27,247.45566,247.45595,235.2943,239.43643,239.43643,164496329
2023-10-28,239.43507,247.53322,239.22453,244.94923,244.94923,169505406
2023-10-29,244.95723,249.17543,243.25024,246.32803,246.32803,135591529
2023-10-30,246.31158,250.21368,242.50015,246.09274,246.09274,155625496
2023-10-31,246.08382,248.43803,238.71536,244.86426,244.86426,187983060
2023-11-01,244.87729,247.09189,237.70703,245.07037,245.07037,186486135
2023-11-02,245.06815,248.63185,233.14871,235.52211,235.52211,227857558
2023-11-03,235.52165,240.46112,232.49689,237.71606,237.71606,174408959
2023-11-04,237.71817,240.33096,236.42079,240.33096,240.33096,95444150
2023-11-05,240.33682,242.97141,235.64334,238.23456,238.23456,152062842
2023-11-06,238.22946,244.5451,236.32866,242.87181,242.87181,140253235
2023-11-07,242.87634,250.72849,238.68855,244.02559,244.02559,247212999
2023-11-08,244.01257,246.95645,242.08623,245.68944,245.68944,138118349
2023-11-09,245.67783,256.87589,229.57416,239.76347,239.76347,386966813
2023-11-10,239.7845,242.40131,236.06268,239.92775,239.92775,214502445
2023-11-11,239.93019,241.23306,234.33752,236.48897,236.48897,163830006
2023-11-12,236.49968,239.24741,232.27596,236.50603,236.50603,129707085
2023-11-13,236.53383,239.75531,233.67906,234.71098,234.71098,205987752
2023-11-14,234.69341,238.74281,226.31558,231.65616,231.65616,180833069
2023-11-15,231.65552,238.10585,230.50986,238.07025,238.07025,146261819
2023-11-16,238.08125,244.09695,231.94194,234.13692,234.13692,217433523
2023-11-17,234.14214,234.67519,222.66179,229.26285,229.26285,181426910
2023-11-18,229.26778,229.54411,222.4147,227.48514,227.48514,127556133
2023-11-19,227.47977,230.88103,225.14996,230.48041,230.48041,120262627
2023-11-20,230.47212,230.53897,226.01125,226.49826,226.49826,132208553
2023-11-21,226.51949,234.43491,214.95734,217.10417,217.10417,283335681
2023-11-22,217.10292,224.62164,216.43358,224.07985,224.07985,176249941
2023-11-23,224.06143,227.22382,222.43518,225.28275,225.28275,134136473
2023-11-24,225.2831,228.77657,224.91154,226.50844,226.50844,140230461
2023-11-25,226.50356,228.15225,226.04715,227.51413,227.51413,111650919
2023-11-26,227.53267,229.61964,223.94966,226.91014,226.91014,128228138
2023-11-27,226.90158,228.84694,220.52014,223.39043,223.39043,183614197
2023-11-28,223.38976,224.70746,220.2103,223.45953,223.45953,156921548
2023-11-29,223.45541,226.60648,221.67468,223.29359,223.29359,141670438
2023-11-30,223.29443,223.51077,220.77362,221.58191,221.58191,110706490
2023-12-01,221.57455,226.07353,221.11185,225.21686,225.21686,117943685
2023-12-02,225.21561,228.51178,225.04413,228.18513,228.18513,137656262
2023-12-03,228.19044,232.32549,225.681,230.08058,230.08058,199699086
2023-12-04,230.07465,255.35446,229.30806,251.29048,251.29048,640822664
2023-12-05,251.34261,252.01314,238.8988,251.51114,251.51114,312672388
2023-12-06,251.39767,262.81659,244.02974,244.54631,244.54631,409184986
2023-12-07,244.57057,248.85353,240.57713,246.98427,246.98427,216175162
2023-12-08,246.98558,254.38008,246.34348,253.61101,253.61101,194865623
2023-12-09,253.60291,261.17105,251.6646,252.76546,252.76546,235925661
2023-12-10,252.76111,255.09262,246.04787,250.95264,250.95264,157830189
2023-12-11,250.95709,251.2843,225.91896,230.49123,230.49123,279165986
2023-12-12,230.48293,234.68292,227.28947,232.04643,232.04643,184029167
2023-12-13,232.04022,236.68735,224.91678,235.46318,235.46318,197906215
2023-12-14,235.45224,237.77565,230.67572,237.32397,237.32397,211489888
2023-12-15,237.32187,237.3636,226.7332,226.94537,226.94537,178289292
2023-12-16,226.95476,231.78137,225.97218,229.61287,229.61287,146876427
2023-12-17,229.6136,230.35413,225.38498,225.9417,225.9417,154297340
2023-12-18,225.92616,228.13385,218.43547,227.93329,227.93329,188493869
2023-12-19,227.93973,230.3306,223.27031,225.19531,225.19531,165200963
2023-12-20,225.18448,234.22302,224.2986,229.55635,229.55635,227716086
2023-12-21,229.55705,234.29161,228.88962,233.18608,233.18608,162612095
2023-12-22,233.17058,243.50137,232.18166,238.72719,238.72719,248327711
2023-12-23,238.72488,238.78093,230.74706,233.23106,233.23106,187359813
2023-12-24,233.23125,233.79178,227.37073,229.19574,229.19574,184178169
2023-12-25,229.20863,236.94934,228.53082,234.97746,234.97746,191923180
2023-12-26,234.98663,235.09073,223.2829,229.17732,229.17732,236094205
2023-12-27,229.17302,264.50571,227.21902,264.08685,264.08685,596803711
2023-12-28,264.10596,276.70779,258.134,262.49664,262.49664,696442353
2023-12-29,262.453,268.80826,251.21419,254.51273,254.51273,459219918
2023-12-30,254.49791,286.23224,254.39496,271.10434,271.10434,660308285
2023-12-31,271.07217,271.70764,256.46939,259.26294,259.26294,315116101
2024-01-01,259.40106,268.52609,256.38309,266.61594,266.61594,273011073
2024-01-02,266.67978,270.4892,255.38931,256.9635,256.9635,300655768
2024-01-03,256.98047,266.45602,224.33746,233.96025,233.96025,415537419
2024-01-04,233.97296,240.02312,233.66624,239.56757,239.56757,221787623
2024-01-05,239.56575,240.82629,231.33975,239.58287,239.58287,253547290
2024-01-06,239.57552,242.78836,232.03853,236.08174,236.08174,212617756
2024-01-07,236.08463,239.55666,230.74323,232.1685,232.1685,194108741
2024-01-08,232.19165,255.4924,223.1666,253.89999,253.89999,375612797
2024-01-09,253.92975,256.57288,240.56819,245.18945,245.18945,351740119
2024-01-10,245.13513,259.73758,235.00278,254.23911,254.23911,326715011
2024-01-11,254.29691,286.9382,251.28079,276.52811,276.52811,618582477
2024-01-12,276.56006,296.81415,253.05009,259.45551,259.45551,715701199
2024-01-13,259.45862,262.13306,252.0791,254.22322,254.22322,290470802
2024-01-14,254.23726,258.63666,245.66286,246.00578,246.00578,238067684
2024-01-15,245.96754,257.30557,245.71162,250.4189,250.4189,227614648
2024-01-16,250.37689,256.19647,249.27171,251.1593,251.1593,216494444
2024-01-17,251.15532,251.28369,241.49326,244.05238,244.05238,225618926
2024-01-18,244.05339,244.61694,233.84592,237.42599,237.42599,203425435
2024-01-19,237.4286,237.76143,227.33447,236.4317,236.4317,206989711
2024-01-20,236.4375,239.76888,235.08008,238.89087,238.89087,143029544
2024-01-21,238.90581,242.44319,236.91264,236.92485,236.92485,147163319
2024-01-22,236.9601,240.37239,231.2019,235.01434,235.01434,270560061
2024-01-23,235.01387,237.41272,219.32024,229.54352,229.54352,260253542
2024-01-24,229.54283,237.94707,228.56419,236.37936,236.37936,195225843
2024-01-25,236.36118,237.93898,234.70415,236.78633,236.78633,177660138
2024-01-26,236.7596,242.7002,234.67467,242.01111,242.01111,164559325
2024-01-27,241.97084,244.51434,239.5329,243.79121,243.79121,176692375
2024-01-28,243.79703,245.461,235.4863,236.90118,236.90118,166929403
2024-01-29,236.88702,241.7879,234.69006,241.29785,241.29785,164159496
2024-01-30,241.29785,243.58453,236.86705,237.38525,237.38525,170467048
2024-01-31,237.39456,238.8311,232.93962,234.25438,234.25438,186941232
2024-02-01,234.24936,237.17072,230.66518,236.61528,236.61528,158977457
2024-02-02,236.61775,237.76976,234.57895,236.20691,236.20691,131568380
2024-02-03,236.2159,241.78218,236.1774,240.65779,240.65779,153085026
2024-02-04,240.62819,243.69119,233.8163,235.22705,235.22705,184417282
2024-02-05,235.23788,237.661,234.3064,235.43985,235.43985,148993672
2024-02-06,235.44156,237.16547,234.52692,235.18617,235.18617,163839292
2024-02-07,235.19759,240.81297,234.68945,240.50647,240.50647,148607995
2024-02-08,240.50377,244.84863,240.41695,244.48894,244.48894,171364551
2024-02-09,244.50473,253.41975,244.50473,250.30353,250.30353,216806589
2024-02-10,250.31329,251.47096,243.70612,247.73221,247.73221,150933342
2024-02-11,247.73434,282.78677,246.98689,276.50192,276.50192,730387312
2024-02-12,276.68497,288.11154,267.40976,280.85794,280.85794,534826120
2024-02-13,280.85196,285.87933,268.03885,270.85208,270.85208,328586647
2024-02-14,270.77393,291.96146,265.71298,281.26166,281.26166,469160002
2024-02-15,281.22864,282.28592,267.23404,270.66592,270.66592,421814453
2024-02-16,270.66464,274.96762,265.89438,274.81998,274.81998,378009847
2024-02-17,274.81219,274.81219,260.25806,267.41995,267.41995,233218469
2024-02-18,267.41144,271.55927,265.51297,270.41644,270.41644,170527092
2024-02-19,270.43835,273.32852,267.50623,273.10345,273.10345,210590890
2024-02-20,273.10223,273.40054,258.30627,265.46518,265.46518,312167987
2024-02-21,265.45416,266.13544,255.97208,263.12509,263.12509,231191873
2024-02-22,263.12442,265.52338,259.59952,260.16876,260.16876,192047055
2024-02-23,260.14987,266.66663,259.6178,264.54486,264.54486,189044000
2024-02-24,264.55737,270.09991,263.35733,267.66214,267.66214,159597826
2024-02-25,267.6666,270.4249,265.84073,267.82559,267.82559,161409575
2024-02-26,267.82611,276.46866,262.6243,274.89813,274.89813,230049730
2024-02-27,274.89734,311.00491,274.80078,292.51938,292.51938,824513989
2024-02-28,292.52985,312.61411,284.6575,296.79379,296.79379,670196449
2024-02-29,296.7847,322.67355,292.133,298.56238,298.56238,694427673
2024-03-01,298.44232,318.65933,297.40649,316.12503,316.12503,422717646
2024-03-02,316.1778,502.62079,316.11124,500.80606,500.80606,2934086433
2024-03-03,501.09271,525.25085,459.26163,469.36279,469.36279,2172425729
2024-03-04,469.63986,476.06168,438.16302,470.42316,470.42316,1502795369
2024-03-05,471.42374,479.21463,371.24423,401.49084,401.49084,1415399701
2024-03-06,401.49484,420.70477,385.10541,415.12845,415.12845,799980731
2024-03-07,415.12845,438.80963,398.82312,432.40063,432.40063,747708408
2024-03-08,432.39841,445.8515,420.20425,437.76837,437.76837,725669296
2024-03-09,437.76837,456.42651,427.34476,433.64819,433.64819,591969159
2024-03-10,433.64832,446.21893,414.02939,423.97543,423.97543,557238332
2024-03-11,423.97699,455.57773,408.08563,448.73834,448.73834,826784007
2024-03-12,448.73834,448.73834,413.2446,434.32095,434.32095,705846784
2024-03-13,434.28476,451.89236,424.74014,442.52341,442.52341,690137309
2024-03-14,442.52338,471.4809,420.27023,441.22769,441.22769,1011438433
2024-03-15,441.22858,444.31241,388.78467,416.30325,416.30325,763061215
2024-03-16,416.30325,420.6546,382.58987,388.68478,388.68478,515159877
2024-03-17,388.685,407.2948,370.97723,402.65952,402.65952,481342541
2024-03-18,402.65952,410.57156,384.40448,401.57449,401.57449,452506764
2024-03-19,401.5755,411.22049,351.50815,359.23969,359.23969,731923248
2024-03-20,359.23969,410.20825,348.95193,409.98074,409.98074,668448924
2024-03-21,409.97928,435.21512,404.57797,414.4288,414.4288,648916371
2024-03-22,414.41592,432.57843,393.63715,431.53635,431.53635,605142312
2024-03-23,431.53635,475.36905,421.51361,456.81665,456.81665,969866091
2024-03-24,456.81665,497.80911,446.24472,484.75363,484.75363,905012893
2024-03-25,484.75363,505.81424,474.10083,488.04596,488.04596,1012118329
2024-03-26,488.04596,494.46646,469.08405,480.10736,480.10736,600500877
2024-03-27,480.10736,551.3454,479.42123,539.79333,539.79333,1460761937
2024-03-28,539.79535,585.36804,528.4859,569.15698,569.15698,1200994117
2024-03-29,569.15698,637.70605,556.41425,621.78271,621.78271,1535887261
2024-03-30,621.78271,622.93414,591.58264,597.11011,597.11011,648865139
2024-03-31,597.11676,691.4436,590.62421,680.42133,680.42133,1008114145
2024-04-01,680.39606,700.29626,620.21259,649.05841,649.05841,1501793106
2024-04-02,649.05035,649.0509,589.89099,639.13953,639.13953,1297935218
2024-04-03,639.13953,642.85345,563.0863,594.6308,594.6308,1154343285
2024-04-04,594.55859,681.66949,592.2934,668.49835,668.49835,1966188490
2024-04-05,668.49835,713.0036,648.87366,657.81287,657.81287,1899990157
2024-04-06,657.84888,714.06244,657.74268,695.1604,695.1604,1612294144
2024-04-07,695.1604,708.32098,675.72455,684.90784,684.90784,715347978
2024-04-08,684.90759,709.49323,680.19043,680.66101,680.66101,884595693
2024-04-09,680.71417,694.4516,659.24023,672.5899,672.5899,942180380
2024-04-10,672.58813,672.78961,603.30487,629.48242,629.48242,1161061008
2024-04-11,629.46753,629.46753,601.06244,614.31726,614.31726,531145133
2024-04-12,614.32007,617.89136,505.7551,534.76605,534.76605,986769076
2024-04-13,534.75934,551.14423,446.98257,481.48376,481.48376,1241330163
2024-04-14,481.48376,529.77637,457.45917,527.90088,527.90088,982260976
2024-04-15,527.90088,566.68689,493.0062,507.91721,507.91721,890446926
2024-04-16,507.91721,510.04602,465.90057,487.41257,487.41257,757483532
2024-04-17,487.41211,489.65887,449.13934,463.61481,463.61481,557879247
2024-04-18,463.61957,488.13367,454.80569,483.31033,483.31033,492755084
2024-04-19,483.31033,489.69183,446.04086,477.11276,477.11276,592472882
2024-04-20,477.11581,522.01849,471.71884,515.57373,515.57373,481997719
2024-04-21,515.57361,518.10413,495.49313,502.52094,502.52094,333859362
2024-04-22,502.52094,528.05847,497.28912,522.23456,522.23456,350700875
2024-04-23,522.23456,522.81604,502.98111,505.43613,505.43613,317009725
2024-04-24,505.44064,511.36945,474.44815,479.01965,479.01965,365292368
2024-04-25,479.01523,485.63263,467.79919,478.72446,478.72446,337139336
2024-04-26,478.72446,492.73099,467.88583,482.4371,482.4371,300240918
2024-04-27,482.4371,484.7652,466.75565,477.41983,477.41983,309938819
2024-04-28,477.41983,486.84702,468.83408,470.62128,470.62128,236288399
2024-04-29,470.62128,473.79242,448.3017,465.61002,465.61002,330553401
2024-04-30,465.61127,469.61572,421.2178,434.15717,434.15717,462026012
2024-05-01,434.15717,435.30145,399.70041,424.03864,424.03864,534977086
2024-05-02,424.03864,434.04501,411.8739,429.96985,429.96985,308029753
2024-05-03,429.96985,457.9335,426.60162,453.34555,453.34555,349672737
2024-05-04,453.34555,478.90643,453.06665,463.50882,463.50882,358128520
2024-05-05,463.50882,472.18851,456.50058,469.26428,469.26428,231293769
2024-05-06,469.26416,483.94928,463.87341,473.35886,473.35886,337432461
2024-05-07,473.35928,493.64774,467.40466,471.10458,471.10458,387695587
2024-05-08,471.10458,472.55801,445.28665,448.20367,448.20367,348316667
2024-05-09,448.20367,456.85107,443.47662,454.96069,454.96069,267752419
2024-05-10,454.98709,456.20499,422.87805,426.73087,426.73087,285659678
2024-05-11,426.73087,433.90588,426.05078,429.46518,429.46518,194706217
2024-05-12,429.46494,437.8313,428.52612,433.15793,433.15793,164145761
2024-05-13,433.15793,447.65585,421.99182,437.34094,437.34094,266985849
2024-05-14,437.33948,438.65503,426.63693,428.79111,428.79111,257117254
2024-05-15,428.79111,466.22702,424.37512,464.11572,464.11572,371656141
2024-05-16,464.12137,465.35056,442.72253,444.84912,444.84912,265379271
2024-05-17,444.84964,476.85397,442.59534,466.26413,466.26413,451040195
2024-05-18,466.26413,490.94675,465.22095,475.79291,475.79291,400393285
2024-05-19,475.79291,496.27417,473.83817,484.9183,484.9183,475853440
2024-05-20,484.9183,516.75073,477.38434,516.75073,516.75073,603764607
2024-05-21,516.74701,527.98102,510.03653,515.11505,515.11505,653802741
2024-05-22,515.11499,515.30206,496.43472,498.79437,498.79437,402178200
2024-05-23,498.79437,514.55225,474.5372,490.90421,490.90421,531630155
2024-05-24,490.9028,499.67252,480.94189,494.86691,494.86691,376270122
2024-05-25,494.86749,498.68829,491.34024,493.41541,493.41541,278239148
2024-05-26,493.41541,493.68768,481.50085,483.97144,483.97144,280188399
2024-05-27,483.97144,502.51556,481.78955,489.16492,489.16492,309836261
2024-05-28,489.16492,489.19373,461.76569,470.17017,470.17017,436966181
2024-05-29,470.17017,474.37143,463.33649,465.50427,465.50427,310986837
2024-05-30,465.50424,474.39111,459.90063,465.2305,465.2305,254871814
2024-05-31,465.2305,468.53845,448.34497,454.90137,454.90137,257453971
2024-06-01,454.9014,464.93039,454.37759,463.0712,463.0712,184767899
2024-06-02,463.07193,464.56458,453.8783,458.34457,458.34457,204501658
2024-06-03,458.34497,471.29117,455.04874,464.84628,464.84628,251105225
2024-06-04,464.84628,479.19193,460.18478,477.09332,477.09332,287270755
2024-06-05,477.09332,497.57782,476.91199,495.13135,495.13135,285638569
2024-06-06,495.13135,501.90445,487.73029,495.82346,495.82346,308007650
2024-06-07,495.82236,519.48962,469.07098,478.02515,478.02515,536658669
2024-06-08,477.98093,484.48526,465.99524,469.89322,469.89322,298913751
2024-06-09,469.86108,475.47192,465.64621,474.45193,474.45193,248749607
2024-06-10,474.44745,474.6489,462.06732,468.92255,468.92255,282512743
2024-06-11,468.93683,468.97696,434.80585,446.39679,446.39679,372317398
2024-06-12,446.39618,466.16714,439.87546,454.10944,454.10944,309627044
2024-06-13,454.11066,455.70462,430.72406,431.52866,431.52866,295548514
2024-06-14,431.49472,439.87106,411.82217,422.88406,422.88406,290871259
2024-06-15,422.84479,432.14697,422.57132,429.71066,429.71066,195278489
2024-06-16,429.71921,433.48251,426.69785,428.15298,428.15298,172946681
2024-06-17,428.14359,428.94839,405.64166,420.22849,420.22849,275760280
2024-06-18,420.18362,420.69098,373.45007,389.31488,389.31488,413991010
2024-06-19,389.29779,397.89539,385.55612,388.66028,388.66028,212059873
2024-06-20,388.66028,400.22748,385.93976,389.86194,389.86194,227242865
2024-06-21,389.82755,393.75125,377.3739,382.87534,382.87534,241770183
2024-06-22,382.86874,396.14493,380.33505,392.16104,392.16104,177606883
2024-06-23,392.15317,396.16534,381.16696,381.16696,381.16696,169313535
2024-06-24,381.17053,383.53323,345.67477,363.94827,363.94827,367138327
2024-06-25,363.93362,393.57434,363.72018,388.64417,388.64417,324782473
2024-06-26,388.63998,396.85059,373.41995,373.61099,373.61099,231622959
2024-06-27,373.58978,391.54294,370.20911,388.74249,388.74249,249899601
2024-06-28,388.73514,405.87164,384.0181,385.39941,385.39941,279403507
2024-06-29,385.40817,388.50919,379.16656,380.44272,380.44272,161900666
2024-06-30,380.4473,396.45291,379.11023,393.64542,393.64542,172000441
2024-07-01,393.57941,397.51837,382.98849,384.1969,384.1969,195655265
2024-07-02,384.18039,391.12296,378.36697,381.7934,381.7934,184758001
2024-07-03,381.7962,381.96707,369.60367,373.12454,373.12454,309827762
2024-07-04,373.09109,373.83203,330.89288,331.47321,331.47321,320890173
2024-07-05,331.39886,331.39886,289.6138,325.87381,325.87381,468690544
2024-07-06,325.86746,343.56332,320.27963,343.05389,343.05389,230791690
2024-07-07,343.03049,343.03049,311.1214,312.77347,312.77347,203765363
2024-07-08,312.89969,336.56213,299.70615,333.3306,333.3306,294005484
2024-07-09,333.32803,340.04642,328.82135,331.05734,331.05734,205966843
2024-07-10,331.05573,345.69748,327.52936,340.74744,340.74744,218127618
2024-07-11,340.73816,366.68509,336.68637,347.4631,347.4631,277960465
2024-07-12,347.43179,369.20035,341.51859,368.70786,368.70786,233104741
2024-07-13,368.71384,379.56332,368.71384,375.97797,375.97797,261496545
2024-07-14,375.94299,387.70352,365.28549,376.96008,376.96008,269171844
2024-07-15,376.95712,400.73172,376.02603,400.7193,400.7193,312071188
2024-07-16,400.66821,404.2182,371.18863,387.09424,387.09424,396734235
2024-07-17,387.13113,397.79312,372.62997,375.72531,375.72531,322763583
2024-07-18,375.73273,386.02863,371.17535,382.84525,382.84525,267578836
2024-07-19,382.8476,400.01828,370.3345,391.82654,391.82654,296593090
2024-07-20,391.82654,398.72165,386.33755,395.61816,395.61816,208701674
2024-07-21,395.61816,401.12357,380.28796,400.77054,400.77054,238719310
2024-07-22,400.77054,404.28735,383.75003,385.78149,385.78149,374688068
2024-07-23,385.78149,392.39453,361.25137,366.49762,366.49762,317545733
2024-07-24,366.505,374.42776,360.37711,362.42087,362.42087,211913383
2024-07-25,362.42087,364.97668,347.36578,361.6026,361.6026,267412875
2024-07-26,361.6026,378.38348,361.45493,377.47763,377.47763,218018021
2024-07-27,377.47763,397.69977,377.09332,392.10495,392.10495,287635434
2024-07-28,392.10495,422.87854,389.71912,416.67303,416.67303,379230665
2024-07-29,416.67303,457.97192,414.9165,439.75827,439.75827,552096539
2024-07-30,439.75827,445.677,428.87372,432.61121,432.61121,385439890
2024-07-31,432.61136,440.72342,412.31796,414.81812,414.81812,309358049
2024-08-01,414.81763,423.12067,390.13773,413.14722,413.14722,330265168
2024-08-02,413.14722,416.32825,379.54599,381.5531,381.5531,344448094
2024-08-03,381.5531,385.37692,355.98206,364.38461,364.38461,300350654
2024-08-04,364.38461,366.61835,331.58627,331.85767,331.85767,338173942
2024-08-05,331.84164,333.95587,277.62033,309.95575,309.95575,733413582
2024-08-06,309.95575,330.00595,308.6315,314.62625,314.62625,343921171
2024-08-07,314.62625,327.38895,309.99176,312.33429,312.33429,277606567
2024-08-08,312.31305,369.53317,309.63464,354.32162,354.32162,352545131
2024-08-09,354.32162,357.19101,337.29193,347.96014,347.96014,314111073
2024-08-10,347.96014,358.22385,346.61224,354.66501,354.66501,189822367
2024-08-11,354.67929,357.99905,328.50626,330.29025,330.29025,177657496
2024-08-12,330.29886,358.91843,330.29633,354.60178,354.60178,290779742
2024-08-13,354.60236,364.71317,344.32895,351.95996,351.95996,261042950
2024-08-14,351.95996,352.39093,336.00101,338.18594,338.18594,218272409
2024-08-15,338.18491,344.16202,328.8085,334.61472,334.61472,219997424
2024-08-16,334.61472,346.10342,329.41119,338.47925,338.47925,277503253
2024-08-17,338.47925,347.58429,336.28241,341.05542,341.05542,176731429
2024-08-18,341.05542,345.20364,333.39035,333.39035,333.39035,164347920
2024-08-19,333.38501,339.51584,331.09821,338.10126,338.10126,167998447
2024-08-20,338.10153,346.6777,332.12323,335.45029,335.45029,206346038
2024-08-21,335.44907,354.85837,334.45807,349.23221,349.23221,240728482
2024-08-22,349.23187,351.62921,343.13541,346.55823,346.55823,166587949
2024-08-23,346.55823,368.24258,346.5567,365.19339,365.19339,218734147
2024-08-24,365.19498,368.88681,358.33612,363.68024,363.68024,191318746
2024-08-25,363.68024,364.21185,351.10666,356.38016,356.38016,228595165
2024-08-26,356.38016,358.03503,340.3446,342.53821,342.53821,239610229
2024-08-27,342.5401,347.08658,318.04837,324.7034,324.7034,226143494
2024-08-28,324.7034,329.47458,315.30206,322.39395,322.39395,223905263
2024-08-29,322.39395,330.71365,318.25916,322.44995,322.44995,166814961
2024-08-30,322.44995,326.77283,316.11087,325.16351,325.16351,163701066
2024-08-31,325.16351,326.62735,320.53915,322.24942,322.24942,102613536
2024-09-01,322.24942,322.6196,311.63684,312.74997,312.74997,139653679
2024-09-02,312.74997,325.18402,311.17877,323.72977,323.72977,167884718
2024-09-03,323.72888,325.87012,309.19681,309.19681,309.19681,193357056
2024-09-04,309.18576,319.06186,299.45401,315.29083,315.29083,178174932
2024-09-05,315.29083,316.81601,304.02658,307.46841,307.46841,144472397
2024-09-06,307.46814,312.48712,287.6149,294.86487,294.86487,213371563
2024-09-07,294.86487,308.07199,293.64908,299.45737,299.45737,148417531
2024-09-08,299.44632,307.80066,298.98978,305.21609,305.21609,135436999
2024-09-09,305.21609,325.31369,305.21609,322.4527,322.4527,172859472
2024-09-10,322.4523,331.50946,318.52469,329.64005,329.64005,170652733
2024-09-11,329.64005,343.40491,320.19675,337.61597,337.61597,205137277
2024-09-12,337.61597,340.52954,330.46616,333.01947,333.01947,171190530
2024-09-13,333.01947,337.08224,327.52435,335.8511,335.8511,166901824
2024-09-14,335.85126,337.85172,326.79144,327.1543,327.1543,245227524
2024-09-15,327.1543,329.08566,315.28513,316.63773,316.63773,182881544
2024-09-16,316.63773,316.96176,309.37015,311.91547,311.91547,198920950
2024-09-17,311.91547,321.28253,309.65451,314.19302,314.19302,184848630
2024-09-18,314.19302,325.89417,307.0741,325.80963,325.80963,194653140
2024-09-19,325.80963,348.95157,325.80963,340.22922,340.22922,365393921
2024-09-20,340.22922,345.07648,332.84644,335.65775,335.65775,221485678
2024-09-21,335.65775,346.68076,331.63696,345.77524,345.77524,152676406
2024-09-22,345.77524,346.82465,334.85141,342.98187,342.98187,160097412
2024-09-23,342.98187,348.9223,337.64313,342.4292,342.4292,192148182
2024-09-24,342.4292,350.77856,337.47986,348.1521,348.1521,203850391
2024-09-25,348.14981,355.45084,342.14285,343.22101,343.22101,212850621
2024-09-26,343.22101,357.66873,339.57172,351.99915,351.99915,235151901
2024-09-27,351.99915,364.25916,351.88684,359.03967,359.03967,264022346
2024-09-28,359.03967,360.81589,346.85126,353.09991,353.09991,195300825
2024-09-29,353.082,357.73492,346.62289,352.86124,352.86124,196199677
2024-09-30,352.86157,353.32794,335.61237,337.37799,337.37799,222103505
2024-10-01,337.37799,346.90561,314.17825,318.28699,318.28699,304853275
2024-10-02,318.28326,323.96667,310.50616,316.2981,316.2981,226461466
2024-10-03,316.29599,322.23828,309.1225,320.23019,320.23019,240219460
2024-10-04,320.23019,325.51181,318.61533,324.7106,324.7106,188846591
2024-10-05,324.7106,325.46353,318.50119,321.66061,321.66061,130406755
2024-10-06,321.66028,325.24545,321.07904,324.48734,324.48734,124485113
2024-10-07,324.48676,332.41412,321.11307,324.45773,324.45773,232662830
2024-10-08,324.45825,333.21997,322.40753,328.75403,328.75403,200392818
2024-10-09,328.75461,330.07431,318.58936,320.57251,320.57251,167522875
2024-10-10,320.57288,325.11511,317.53604,322.57516,322.57516,175685487
2024-10-11,322.57516,328.83786,322.01801,326.80423,326.80423,151465097
2024-10-12,326.80423,332.92383,325.17426,329.45908,329.45908,146537217
2024-10-13,329.45908,329.52682,318.11984,321.17865,321.17865,149198960
2024-10-14,321.17865,368.08414,319.46671,368.0123,368.0123,410845988
2024-10-15,368.0123,383.91809,346.77707,354.66757,354.66757,612331359
2024-10-16,354.66757,370.23376,351.90927,365.42892,365.42892,447274937
2024-10-17,365.43008,374.46072,360.95764,369.36234,369.36234,323021012
2024-10-18,369.36816,376.33932,363.84915,367.14182,367.14182,303447320
2024-10-19,367.14182,368.45969,361.70078,363.72308,363.72308,175417450
2024-10-20,363.73392,369.89417,357.77762,369.3559,369.3559,233339219
2024-10-21,369.3559,378.18591,359.06723,363.77756,363.77756,265056162
2024-10-22,363.77756,365.98459,354.53586,357.16132,357.16132,214889463
2024-10-23,357.16132,357.27313,339.53342,347.05072,347.05072,212510742
2024-10-24,347.94104,370.3707,346.9079,367.38959,367.38959,295183980
2024-10-25,367.39557,373.44098,344.45322,348.06436,348.06436,370369875
2024-10-26,348.06693,356.41333,346.52365,347.78024,347.78024,189752488
2024-10-27,347.78281,353.38339,347.03452,352.15927,352.15927,162404003
2024-10-28,352.15762,367.47043,344.49658,365.25522,365.25522,280381234
2024-10-29,365.25412,388.49231,363.98624,385.38452,385.38452,442798064
2024-10-30,385.38464,386.5311,367.37073,369.83041,369.83041,359629190
2024-10-31,369.83041,377.25739,349.89807,358.21997,358.21997,376030299
2024-11-01,358.21997,359.23941,344.44571,349.59903,349.59903,273732546
2024-11-02,349.5994,356.51907,342.22452,353.37717,353.37717,217277347
2024-11-03,353.37717,353.80615,335.0463,340.29089,340.29089,277290045
2024-11-04,340.29089,341.56699,322.61163,329.08945,329.08945,265898977
2024-11-05,329.08945,344.95837,327.0946,343.36505,343.36505,249764943
2024-11-06,343.36505,383.03314,343.22784,378.50137,378.50137,693259435
2024-11-07,378.50137,386.39456,371.44937,377.69095,377.69095,359758040
2024-11-08,377.69095,383.02512,365.60272,377.42822,377.42822,390020359
2024-11-09,377.42822,406.61432,370.43146,406.35089,406.35089,435832514
2024-11-10,406.34344,453.08115,396.31168,442.13803,442.13803,1090610989
2024-11-11,442.13702,477.26471,423.96719,473.32672,473.32672,1002017140
2024-11-12,473.32672,473.32898,420.81528,434.30502,434.30502,1046905545
2024-11-13,434.2894,449.64301,404.33734,439.27328,439.27328,924206089
2024-11-14,439.27328,445.02036,411.17212,414.58176,414.58176,675972965
2024-11-15,414.57596,435.42822,410.93854,433.19116,433.19116,520649465
2024-11-16,431.4166,481.81528,429.30292,462.04224,462.04224,802471705
2024-11-17,462.04224,485.68707,425.93665,432.03131,432.03131,801735981
2024-11-18,432.03131,469.26175,432.03076,451.98639,451.98639,605139453
2024-11-19,451.98639,459.74515,440.74423,447.0618,447.0618,506264726
2024-11-20,447.0618,453.91739,430.14853,440.32779,440.32779,454972041
2024-11-21,440.32767,533.67889,429.90262,486.06485,486.06485,2198657781
2024-11-22,486.04858,501.33017,474.62344,490.28348,490.28348,906194077
2024-11-23,490.28287,564.14948,487.82837,509.94406,509.94406,1773571615
2024-11-24,509.94406,525.1842,482.78033,514.70544,514.70544,956982722
2024-11-25,514.70538,529.56079,484.72736,491.65717,491.65717,965075712
2024-11-26,491.65036,504.53906,473.80353,492.55154,492.55154,669553524
2024-11-27,492.55154,523.07941,486.71759,519.69794,519.69794,796745568
2024-11-28,519.45905,522.27209,498.76059,511.92438,511.92438,716434291
2024-11-29,511.92453,522.34686,500.72269,518.32837,518.32837,521915378
2024-11-30,518.32898,535.35059,507.36838,525.2652,525.2652,787619820
2024-12-01,525.26398,535.98218,511.37762,532.62946,532.62946,639650950
2024-12-02,532.62946,558.8645,496.18683,538.03131,538.03131,1611257901
2024-12-03,538.03442,587.80365,519.83368,583.96588,583.96588,1796306978
2024-12-04,583.9021,595.90051,545.91675,584.17926,584.17926,1524904836
2024-12-05,584.21014,630.7699,554.16205,590.05103,590.05103,1896615331
2024-12-06,589.1842,639.68524,581.84833,619.45319,619.45319,1095984082
2024-12-07,619.45319,626.16003,605.43695,608.51312,608.51312,690068241
2024-12-08,611.37335,624.5871,604.16901,623.33801,623.33801,687043318
2024-12-09,623.34216,623.34216,528.13818,553.74292,553.74292,1239636044
2024-12-10,553.73767,563.96924,486.86441,516.67505,516.67505,1030856705
2024-12-11,516.68768,550.31671,504.41718,547.31122,547.31122,637935609
2024-12-12,547.31287,563.51288,538.21313,539.80975,539.80975,561758706
2024-12-13,539.80975,543.16638,527.14404,542.17377,542.17377,459700503
2024-12-14,542.17377,550.58673,520.75665,534.19501,534.19501,428124631
2024-12-15,534.19147,549.4436,525.34021,546.85339,546.85339,430168201
2024-12-16,546.86108,555.57684,523.14783,537.91089,537.91089,548587535
2024-12-17,537.91089,546.48175,524.93964,529.75964,529.75964,511984306
2024-12-18,529.75726,542.95215,479.81589,480.65012,480.65012,697284590
2024-12-19,480.65826,488.32166,424.05206,440.06027,440.06027,740380640
2024-12-20,440.0611,450.44327,391.4194,448.87546,448.87546,725668445
2024-12-21,448.8804,471.95407,444.8201,456.04846,456.04846,488020092
2024-12-22,456.04846,460.42606,435.772,445.06976,445.06976,386167743
2024-12-23,445.07565,464.95569,432.54892,460.29398,460.29398,431340213
2024-12-24,460.29398,477.73682,451.26358,470.26794,470.26794,347113797
2024-12-25,470.27405,470.67926,456.00067,465.33188,465.33188,304299463
2024-12-26,465.29333,467.16922,433.58899,437.10104,437.10104,305992681
2024-12-27,437.09995,460.19485,435.34152,440.27225,440.27225,328412674
2024-12-28,440.27744,452.17194,438.39941,451.03806,451.03806,216070856
2024-12-29,451.03568,452.76791,435.24362,438.50543,438.50543,231286471
2024-12-30,438.50543,451.99844,428.72641,443.34244,443.34244,338824201
2024-12-31,443.34735,453.38907,433.02585,433.81799,433.81799,287771055
2025-01-01,433.81799,451.30521,430.11133,449.35986,449.35986,292109398
2025-01-02,449.37524,464.36633,449.35489,461.3688,461.3688,321312293
2025-01-03,461.36444,476.6015,455.99792,473.06836,473.06836,308314941
2025-01-04,473.06549,482.34265,469.29987,478.97787,478.97787,345856160
2025-01-05,478.95868,478.9993,463.4584,470.91135,470.91135,256046099
2025-01-06,470.91092,485.58902,465.15781,482.68588,482.68588,346240277
2025-01-07,482.68582,485.9147,436.3887,437.47501,437.47501,433839864
2025-01-08,437.47446,441.30795,420.61996,434.28339,434.28339,373567190
2025-01-09,434.28339,436.68222,412.52585,421.61908,421.61908,308922428
2025-01-10,421.60397,450.01205,421.19833,449.95914,449.95914,431880574
2025-01-11,449.97394,450.168,436.53265,440.88513,440.88513,234257749
2025-01-12,440.88513,463.24054,436.96774,447.83673,447.83673,357837351
2025-01-13,447.84201,452.80142,405.08585,428.07971,428.07971,383375947
2025-01-14,428.08011,440.43378,426.48322,438.07516,438.07516,245246168
2025-01-15,438.07416,462.87021,431.25183,461.01855,461.01855,313541748
2025-01-16,461.01559,470.82178,448.31104,461.88522,461.88522,427794865
2025-01-17,461.87668,499.62454,461.72479,489.72073,489.72073,583682548
2025-01-18,489.72073,494.12152,459.28168,466.13434,466.13434,544203117
2025-01-19,466.13657,470.20316,422.79016,426.28171,426.28171,605577025
2025-01-20,426.29376,472.09155,417.63895,431.2215,431.2215,634836087
2025-01-21,431.21893,453.63779,420.64117,446.2887,446.2887,321862327
2025-01-22,446.2887,450.62589,434.51605,434.7674,434.7674,243291373
2025-01-23,434.75369,446.41821,425.86392,437.46042,437.46042,333292464
2025-01-24,437.43753,442.02997,426.9292,431.72354,431.72354,274041524
2025-01-25,431.71979,453.86838,431.27921,445.28036,445.28036,279385877
2025-01-26,445.28891,447.66769,425.56183,425.59595,425.59595,221197470
2025-01-27,425.5961,428.25723,398.04626,426.97766,426.97766,419819358
2025-01-28,426.97766,430.61539,407.45151,410.58621,410.58621,239574617
2025-01-29,410.59033,420.95728,405.20874,414.92584,414.92584,261734295
2025-01-30,414.93475,438.83109,413.33881,434.87332,434.87332,273589657
2025-01-31,434.85123,444.53989,420.57599,424.24341,424.24341,291331116
2025-02-01,424.24197,430.90762,401.12381,404.39166,404.39166,279447559
2025-02-02,404.39166,410.11234,347.91272,359.77878,359.77878,514459348
2025-02-03,359.7796,360.31735,289.74371,353.20789,353.20789,875556667
2025-02-04,353.21106,355.33536,322.07147,330.6803,330.6803,359848862
2025-02-05,330.67755,337.98703,323.86246,327.99399,327.99399,261078049
2025-02-06,327.99399,334.92151,314.77811,315.98398,315.98398,254750213
2025-02-07,315.9845,334.96692,309.41971,318.45786,318.45786,276800126
2025-02-08,318.45923,324.28946,315.69388,323.50653,323.50653,188643537
2025-02-09,323.50479,328.87903,313.35895,324.89212,324.89212,215414667
2025-02-10,324.88388,334.14801,316.88635,329.02762,329.02762,239642715
2025-02-11,329.03058,343.88031,326.25955,331.39703,331.39703,233949040
2025-02-12,331.39709,346.40836,323.61188,343.04556,343.04556,280974652
2025-02-13,343.05963,345.32324,328.35016,335.34824,335.34824,258121099
2025-02-14,335.34567,350.43491,334.87161,341.62628,341.62628,246694060
2025-02-15,341.62628,345.60962,331.45456,332.80942,332.80942,194011933
2025-02-16,332.80936,334.72736,326.35971,326.46829,326.46829,188181161
2025-02-17,326.46667,336.37814,317.98694,323.63843,323.63843,271156083
2025-02-18,323.63788,324.89319,308.24762,315.83685,315.83685,257561898
2025-02-19,315.83704,324.05197,312.16245,322.58984,322.58984,217394652
2025-02-20,322.58984,326.79279,320.78662,326.00894,326.00894,216685266
2025-02-21,326.00153,333.29489,310.45538,313.64914,313.64914,286852656
2025-02-22,313.64914,322.44861,312.90872,320.99405,320.99405,235127955
2025-02-23,320.99429,332.19263,320.8866,327.88425,327.88425,266935800
2025-02-24,327.88425,329.01877,291.33829,291.61493,291.61493,400106307
2025-02-25,291.61493,296.29108,277.31198,291.60812,291.60812,559716985
2025-02-26,291.6091,300.45505,284.60968,293.37747,293.37747,390767787
2025-02-27,293.3851,302.91516,290.60522,296.68796,296.68796,282014979
2025-02-28,296.69019,319.46216,270.59174,315.86533,315.86533,542714254
2025-03-01,315.86517,323.89493,307.9903,311.2276,311.2276,269438185
2025-03-02,311.2276,340.64178,310.0177,333.97296,333.97296,446948008
2025-03-03,333.95709,350.95822,311.95615,320.45117,320.45117,647665016
2025-03-04,320.44919,328.75903,292.452,320.15097,320.15097,460959785
2025-03-05,320.14996,395.10797,320.14996,392.21338,392.21338,1087265580
2025-03-06,392.2168,418.26062,385.31052,395.4353,395.4353,686078740
2025-03-07,395.44742,408.45294,384.34152,388.58801,388.58801,672899922
2025-03-08,388.58823,395.16913,377.53586,385.40155,385.40155,360054808
2025-03-09,385.40155,386.47101,356.6463,357.22852,357.22852,353389842
2025-03-10,357.23123,369.62509,331.64532,331.64532,331.64532,447773807
2025-03-11,331.659,349.22409,318.97269,339.49188,339.49188,379042726
2025-03-12,339.4935,360.14404,331.2912,353.95801,353.95801,391371601
2025-03-13,353.95801,355.05426,324.73047,326.12943,326.12943,291085257
2025-03-14,326.12973,334.2023,325.67783,330.35773,330.35773,294948840
2025-03-15,330.35657,351.34943,328.53433,342.82184,342.82184,491892978
2025-03-16,342.82089,342.82205,325.58893,332.95718,332.95718,260268495
2025-03-17,332.95645,341.89124,331.59738,337.76959,337.76959,273412665
2025-03-18,337.76797,343.12039,330.01099,335.14865,335.14865,248691822
2025-03-19,335.14865,346.5509,332.67371,345.62857,345.62857,332817765
2025-03-20,345.62137,349.59537,330.49033,333.59229,333.59229,262410447
2025-03-21,333.58578,335.02975,321.79407,322.62158,322.62158,220548444
2025-03-22,322.62186,325.82635,321.30176,322.06021,322.06021,185224689
2025-03-23,322.06021,325.71841,320.88959,325.27698,325.27698,204811893
2025-03-24,325.27576,336.55466,321.77841,332.19446,332.19446,230935543
2025-03-25,332.19952,338.89731,327.08777,335.66672,335.66672,221709790
2025-03-26,335.66672,340.3493,328.99948,334.57269,334.57269,338155329
2025-03-27,334.56836,339.23837,321.67123,324.70166,324.70166,263541169
2025-03-28,324.70081,326.48279,305.02563,307.46036,307.46036,236547305
2025-03-29,307.45987,308.67276,299.44131,303.10739,303.10739,127181460
2025-03-30,303.10739,307.82318,294.54114,298.84769,298.84769,119451420
2025-03-31,298.84763,305.4837,290.22522,303.31647,303.31647,235148617
2025-04-01,303.3233,315.98862,302.69598,308.483,308.483,198248523
2025-04-02,308.47815,315.8262,291.07898,293.89352,293.89352,290225176
2025-04-03,293.84781,307.26324,292.34015,300.48804,300.48804,274708947
2025-04-04,300.50934,309.72702,295.237,301.25586,301.25586,226666431
2025-04-05,301.25586,303.98453,297.19156,303.83167,303.83167,143154117
2025-04-06,303.83005,307.02032,266.00082,271.90848,271.90848,244203906
2025-04-07,271.90848,280.00107,250.79257,275.4509,275.4509,344774605
2025-04-08,275.45569,284.16956,267.38281,268.96674,268.96674,209257907
2025-04-09,268.96674,310.91577,259.43268,301.19016,301.19016,348038068
2025-04-10,301.19244,303.61084,283.23984,290.26321,290.26321,199533114
2025-04-11,290.26135,315.55573,289.6644,312.83667,312.83667,255219920
2025-04-12,312.83429,352.267,311.54037,344.92499,344.92499,305977008
2025-04-13,344.92868,352.77463,336.35922,342.37061,342.37061,235231633
2025-04-14,342.37259,372.05524,323.52505,323.52878,323.52878,359026415
2025-04-15,323.52841,336.99472,317.63556,319.14542,319.14542,247986818
2025-04-16,319.14542,325.30722,315.53983,321.89044,321.89044,193855393
2025-04-17,321.89462,339.97736,321.49268,333.22815,333.22815,239998275
2025-04-18,333.25351,344.60889,327.79047,335.34393,335.34393,201608726
2025-04-19,335.34393,339.81479,332.9827,335.33096,335.33096,140595989
2025-04-20,335.33096,341.69449,331.9968,335.93887,335.93887,173751765
2025-04-21,335.93887,347.86795,335.93222,344.80695,344.80695,229779711
2025-04-22,344.80911,364.10486,337.4234,362.78174,362.78174,344762513
2025-04-23,362.78174,363.73035,354.24792,358.21707,358.21707,295609566
2025-04-24,358.21729,366.55557,344.70963,356.46335,356.46335,354380198
2025-04-25,356.46643,383.82153,349.12869,373.32938,373.32938,432211377
2025-04-26,373.33203,376.71124,355.72665,355.95917,355.95917,266233899
2025-04-27,355.95917,359.64789,345.60031,345.98303,345.98303,238642089
2025-04-28,345.98459,368.11877,342.68427,364.21921,364.21921,291452282
2025-04-29,364.21249,376.84424,361.11868,363.63638,363.63638,382374602
2025-04-30,363.63638,369.51913,356.13641,366.22748,366.22748,243001680
2025-05-01,366.22934,373.58121,360.41653,361.12561,361.12561,228995000
2025-05-02,361.12979,385.89114,359.66605,382.87524,382.87524,330355046
2025-05-03,382.87512,383.36722,363.11203,363.12048,363.12048,236203523
2025-05-04,363.11969,368.48697,353.46643,356.13007,356.13007,213163761
2025-05-05,356.13263,360.75345,349.96344,353.48715,353.48715,185202344
2025-05-06,353.48715,373.41901,350.63733,373.05444,373.05444,304975554
2025-05-07,373.10425,386.0777,355.72754,383.29358,383.29358,391867796
2025-05-08,383.26349,425.8501,382.38846,421.63098,421.63098,687502658
2025-05-09,421.63098,428.35107,404.46674,412.38174,412.38174,472493370
2025-05-10,412.38187,431.9119,410.73697,430.88147,430.88147,339256975
2025-05-11,430.87573,431.31284,403.46588,408.04544,408.04544,313898580
2025-05-12,408.04617,418.35275,399.61856,410.66824,410.66824,368334322
2025-05-13,410.66824,415.59732,392.21558,411.29535,411.29535,278987880
2025-05-14,411.30624,413.18195,399.60626,402.68567,402.68567,250914523
2025-05-15,402.68124,404.71808,383.82498,395.69183,395.69183,288151652
2025-05-16,395.70084,403.45895,393.80978,395.88541,395.88541,235045682
2025-05-17,395.8812,401.29922,386.7215,391.98062,391.98062,243531787
2025-05-18,391.98062,407.89954,391.52866,406.81808,406.81808,271577964
2025-05-19,406.80447,408.26401,376.31079,392.8945,392.8945,274592762
2025-05-20,392.8945,397.95242,384.6618,394.08704,394.08704,218700549
2025-05-21,394.08704,411.59027,391.17426,407.56866,407.56866,305925011
2025-05-22,407.54993,445.24542,407.45547,443.922,443.922,559337290
2025-05-23,443.922,454.7948,425.31812,425.5871,425.5871,519314459
2025-05-24,425.5871,431.62079,420.0253,421.89621,421.89621,240255954
2025-05-25,421.89621,426.93204,408.3558,422.85953,422.85953,247777621
2025-05-26,422.85953,427.08453,413.61328,415.63901,415.63901,244174068
2025-05-27,415.63901,423.97266,409.48355,414.82446,414.82446,261406309
2025-05-28,414.82217,423.84045,404.99136,419.52341,419.52341,246566682
2025-05-29,419.68503,427.72299,405.77625,409.21942,409.21942,280548439
2025-05-30,409.22583,414.13437,397.03198,399.13416,399.13416,287455853
2025-05-31,399.1391,422.47617,391.69919,414.50787,414.50787,321386312
2025-06-01,414.53302,415.0939,397.51456,403.70175,403.70175,214987576
2025-06-02,403.69989,406.84085,397.64246,403.91656,403.91656,208545824
2025-06-03,403.90802,408.80753,400.35074,400.92712,400.92712,236080352
2025-06-04,400.9281,410.46133,398.31085,401.02628,401.02628,219056231
2025-06-05,401.0256,404.79999,379.16565,385.58673,385.58673,306343127
2025-06-06,385.58704,399.08127,381.13849,396.12689,396.12689,297322966
2025-06-07,396.13046,411.37366,394.48334,409.36636,409.36636,304914177
2025-06-08,409.37122,419.04556,406.78302,411.23108,411.23108,263273582
2025-06-09,411.23108,429.48181,411.21613,425.53552,425.53552,324486989
2025-06-10,425.53552,442.69205,418.62219,437.98932,437.98932,457677172
2025-06-11,437.9772,445.68555,423.09164,428.98236,428.98236,544053809
2025-06-12,428.98236,441.12775,424.19907,425.63089,425.63089,329563543
2025-06-13,425.62231,453.34338,398.74023,448.69003,448.69003,534510139
2025-06-14,448.71283,449.10242,421.7742,430.80789,430.80789,318902456
2025-06-15,430.80759,467.17212,430.80759,460.86569,460.86569,483029475
2025-06-16,460.86569,475.44339,452.04407,466.32758,466.32758,518993408
2025-06-17,466.32758,480.46887,458.46454,463.83649,463.83649,565650223
2025-06-18,463.83633,478.65591,457.56635,459.44928,459.44928,425013872
2025-06-19,459.44928,500.10437,454.10522,498.56549,498.56549,717984472
2025-06-20,498.56699,500.10767,473.14722,473.85876,473.85876,529414408
2025-06-21,473.85876,477.05774,459.40903,466.20364,466.20364,375029616
2025-06-22,466.20364,469.58038,437.98557,455.07819,455.07819,692961160
2025-06-23,455.07812,469.27573,438.82523,463.45383,463.45383,474786271
2025-06-24,463.45383,466.1973,449.64993,453.83301,453.83301,386206996
2025-06-25,453.83301,494.4191,453.82602,482.22125,482.22125,690654788
2025-06-26,482.22125,505.32047,482.21863,489.63266,489.63266,529349910
2025-06-27,489.63235,508.1554,485.62268,505.18344,505.18344,516249957
2025-06-28,505.18784,505.18784,487.51852,491.98819,491.98819,329535051
2025-06-29,491.98819,506.12454,488.86014,503.78513,503.78513,368787760
2025-06-30,503.78513,520.10876,488.92865,506.02905,506.02905,488449544
2025-07-01,506.03094,526.71912,499.46655,500.69351,500.69351,582309412
2025-07-02,500.6908,511.93893,499.49707,510.33371,510.33371,405960321
2025-07-03,510.34219,514.45923,492.5596,496.70963,496.70963,442561351
2025-07-04,496.70865,496.70865,472.53745,484.23898,484.23898,406151257
2025-07-05,484.24146,489.71072,481.30704,489.4082,489.4082,257663061
2025-07-06,489.4082,499.32486,483.24515,491.95978,491.95978,284802640
2025-07-07,491.95978,499.67236,489.87222,496.1972,496.1972,313746593
2025-07-08,496.1972,505.24982,494.46689,501.39255,501.39255,351578231
2025-07-09,501.39255,516.21637,500.25925,514.93921,514.93921,441973390
2025-07-10,514.93921,520.13324,503.13116,518.32269,518.32269,488833459
2025-07-11,518.32043,537.97253,514.77124,531.66248,531.66248,573257647
2025-07-12,531.66248,533.93787,502.84036,506.40536,506.40536,443181913
2025-07-13,506.40536,512.52612,501.81552,507.88892,507.88892,383360325
2025-07-14,507.8847,524.48688,499.0112,504.85153,504.85153,443891301
2025-07-15,504.85153,505.25104,483.23163,497.86502,497.86502,400487202
2025-07-16,497.86502,508.59845,492.86417,499.2821,499.2821,419602529
2025-07-17,499.2821,504.49158,488.86307,500.06421,500.06421,444869784
2025-07-18,500.05905,539.76123,500.02429,514.42841,514.42841,807225450
2025-07-19,514.44165,521.06348,502.66708,513.42316,513.42316,429562488
2025-07-20,513.42157,552.83838,511.06952,547.87628,547.87628,713360776
2025-07-21,547.87628,548.26093,518.02527,523.55463,523.55463,821323203
2025-07-22,523.55518,529.78967,512.64813,525.91083,525.91083,555595995
2025-07-23,525.90765,529.50549,501.85913,512.27356,512.27356,532105351
2025-07-24,512.28033,526.98273,491.54474,512.12915,512.12915,716060573
2025-07-25,512.12915,562.03778,510.71555,556.82092,556.82092,954270883
2025-07-26,556.83228,562.72504,552.18127,559.56793,559.56793,386968270
2025-07-27,559.56805,605.49164,556.27716,590.12891,590.12891,874093389
2025-07-28,590.12891,603.46167,569.63733,571.11615,571.11615,722777681
2025-07-29,571.12036,586.01978,560.48151,563.81415,563.81415,498857311
2025-07-30,563.81415,593.04181,556.56696,590.12555,590.12555,533364882
2025-07-31,590.12714,596.60822,561.45264,562.23877,562.23877,521765046
2025-08-01,562.24768,571.2417,530.83954,535.57623,535.57623,560426904
2025-08-02,535.57495,543.40796,518.4657,520.47321,520.47321,349688653
2025-08-03,520.4787,547.57269,516.45581,544.46014,544.46014,311771833
2025-08-04,544.45917,578.81195,544.4057,574.10529,574.10529,507557710
2025-08-05,574.10498,582.76239,542.38959,551.38708,551.38708,594892199
2025-08-06,551.38953,572.91858,549.01086,571.06329,571.06329,426357931
2025-08-07,571.06262,583.85645,568.56976,582.27887,582.27887,952705537
2025-08-08,582.27844,588.77148,573.66968,586.44818,586.44818,464041675
2025-08-09,586.42712,591.41772,567.5014,567.5014,567.5014,408771803
2025-08-10,567.49689,580.38055,561.18951,570.74579,570.74579,463752534
2025-08-11,570.74579,594.67651,569.98328,579.31384,579.31384,642023774
2025-08-12,579.31433,625.04425,579.28149,618.72235,618.72235,733343503
2025-08-13,618.72235,629.15613,602.35242,616.69641,616.69641,698338792
2025-08-14,616.69641,626.23633,583.92645,593.77698,593.77698,594001439
2025-08-15,593.77698,601.64868,581.03772,592.56659,592.56659,344054956
2025-08-16,592.56659,597.534,577.92865,587.98676,587.98676,270413314
2025-08-17,587.98157,592.07971,582.47089,582.49957,582.49957,290609014
2025-08-18,582.49957,582.50043,561.69012,569.27612,569.27612,333083989
2025-08-19,569.27612,573.63947,547.99988,548.07062,548.07062,309888843
2025-08-20,548.07892,562.56567,544.87091,560.58673,560.58673,305696457
2025-08-21,560.58673,564.27081,551.02417,553.98364,553.98364,274445580
2025-08-22,553.98242,607.52728,551.38599,599.32489,599.32489,513876610
2025-08-23,599.32812,600.77399,584.50891,591.0036,591.0036,318991529
2025-08-24,591.0061,599.39313,583.85077,583.86523,583.86523,318837090
2025-08-25,583.8656,586.86389,538.02002,544.43958,544.43958,393223697
2025-08-26,544.43744,554.07819,532.86267,550.57483,550.57483,421075257
2025-08-27,550.59448,562.11731,544.64893,550.07703,550.07703,410100247
2025-08-28,550.08228,565.08484,548.75916,557.60101,557.60101,280402200
2025-08-29,557.59503,559.29681,529.09528,531.12195,531.12195,527578258
2025-08-30,531.12134,554.09576,525.43677,553.56342,553.56342,317294001
2025-08-31,553.52997,554.0567,542.7287,544.55511,544.55511,260203888
2025-09-01,544.55554,551.04395,530.57727,544.5686,544.5686,365940268
2025-09-02,544.56964,585.81671,544.08234,585.28784,585.28784,589869802
2025-09-03,585.28784,604.8559,579.22424,603.49988,603.49988,735284538
2025-09-04,603.49988,604.08838,584.56128,586.77191,586.77191,407599911
2025-09-05,586.77191,618.56232,585.36102,606.77185,606.77185,817645654
2025-09-06,606.77185,616.16467,585.2757,595.31366,595.31366,599677544
2025-09-07,595.31512,606.68286,593.8172,603.4046,603.4046,311967593
2025-09-08,603.4046,605.87274,585.86987,588.29761,588.29761,584953952
2025-09-09,588.32971,590.41541,575.97516,581.17096,581.17096,391270417
2025-09-10,581.15881,589.45978,577.73834,580.60126,580.60126,417427915
2025-09-11,580.60126,602.39795,576.74475,596.38654,596.38654,793975677
2025-09-12,596.38196,601.39508,587.84375,598.61298,598.61298,465340294
2025-09-13,598.61212,605.362,594.57849,598.54041,598.54041,432912858
2025-09-14,598.54041,603.23431,589.07397,601.46619,601.46619,612145989
2025-09-15,601.45905,604.77972,588.70978,593.87823,593.87823,654786898
2025-09-16,593.87781,601.69983,590.48486,598.86511,598.86511,428838130
2025-09-17,598.86511,624.81189,591.29169,616.88611,616.88611,822736383
2025-09-18,616.88611,650.36066,612.9776,624.39594,624.39594,1304984363
2025-09-19,624.39575,631.89392,598.68066,600.84821,600.84821,623480321
2025-09-20,600.84821,606.55554,594.4563,595.08295,595.08295,355273479
2025-09-21,595.08453,602.17493,594.1095,594.32056,594.32056,267177207
2025-09-22,594.31818,594.78131,561.94788,567.72778,567.72778,533884120
2025-09-23,567.72778,569.7746,554.40912,557.03583,557.03583,511617224
2025-09-24,557.03162,563.66034,551.8634,556.48633,556.48633,351089397
2025-09-25,556.48749,557.52679,535.11725,536.11517,536.11517,539205043
2025-09-26,536.12024,550.29468,535.14899,548.50037,548.50037,414681524
2025-09-27,548.50037,548.50226,540.77802,544.2049,544.2049,223029363
2025-09-28,544.20355,558.01044,536.41595,556.20563,556.20563,342052822
2025-09-29,556.20538,563.20605,550.98969,561.4267,561.4267,376423264
2025-09-30,561.42645,562.79987,549.86841,560.04187,560.04187,404325821
2025-10-01,560.04279,597.02954,559.72144,593.06537,593.06537,555056991
2025-10-02,593.08246,596.69873,582.92444,595.02228,595.02228,517575999
2025-10-03,595.02228,615.22913,591.64703,609.25128,609.25128,441355850
2025-10-04,609.23334,609.24487,584.92999,590.41473,590.41473,313671709
2025-10-05,590.4126,611.07825,588.36475,594.29407,594.29407,375572874
2025-10-06,594.29553,606.43805,592.8822,599.43073,599.43073,310828922
2025-10-07,599.43073,599.72241,575.07062,576.84344,576.84344,382423336
2025-10-08,576.84344,587.73578,574.57776,583.46307,583.46307,286669148
2025-10-09,583.46307,592.62036,569.82355,580.16064,580.16064,337786367
2025-10-10,580.15973,597.14984,484.97961,513.39105,513.39105,925216944
2025-10-11,513.38324,539.95007,480.00818,500.38885,500.38885,579560115
2025-10-12,500.39484,545.13892,496.85345,541.63702,541.63702,457468716
2025-10-13,541.64178,549.70813,535.34058,546.71722,546.71722,390044712
2025-10-14,546.71613,546.99921,509.24841,538.92108,538.92108,733655484
2025-10-15,538.92108,544.77496,519.64948,522.30304,522.30304,350007473
2025-10-16,522.30304,528.96295,501.98526,504.81363,504.81363,381079860
2025-10-17,504.81363,509.63031,454.59064,469.94748,469.94748,642250305
2025-10-18,469.94748,479.31094,463.84433,468.37009,468.37009,318606442
2025-10-19,468.37009,478.52274,457.32199,472.87347,472.87347,363322774
2025-10-20,472.87152,486.32764,467.78506,479.08044,479.08044,415474887
2025-10-21,479.08786,514.15479,464.50653,481.76114,481.76114,659711067
2025-10-22,481.75595,484.54422,464.24683,473.42728,473.42728,355610006
2025-10-23,473.42728,491.36166,473.14539,480.93515,480.93515,741446707
2025-10-24,480.93515,506.58643,479.16656,502.61792,502.61792,403057486
2025-10-25,502.6192,511.09775,497.14481,508.51257,508.51257,398125645
2025-10-26,508.5137,563.81946,508.38303,558.70276,558.70276,689666603
2025-10-27,558.70703,571.37152,554.24951,555.93872,555.93872,674062650
2025-10-28,555.93842,570.3653,551.4577,557.83624,557.83624,784132942
2025-10-29,557.83545,566.31232,549.57806,556.59375,556.59375,569007521
2025-10-30,556.5957,574.05609,528.72375,541.53778,541.53778,609455219
2025-10-31,541.54303,563.20862,535.10645,536.19409,536.19409,550029509
2025-11-01,536.18433,559.83093,532.11487,554.50165,554.50165,408534892
2025-11-02,554.50165,555.10663,525.33875,537.27991,537.27991,416673515
2025-11-03,537.26379,537.26379,502.53253,505.53046,505.53046,468518058
2025-11-04,505.53033,512.24963,462.54541,481.15298,481.15298,473763872
2025-11-05,481.14706,493.82785,462.56198,489.80682,489.80682,303803109
2025-11-06,489.80072,489.83118,465.76965,472.37671,472.37671,275627079
2025-11-07,472.37039,519.98956,472.36844,511.13547,511.13547,809035614
2025-11-08,511.14423,514.79791,486.49576,495.83597,495.83597,274523232
2025-11-09,495.83664,505.03366,489.3652,503.32281,503.32281,289590084
2025-11-10,503.32141,523.323,502.11197,517.17316,517.17316,349519334
2025-11-11,517.17218,530.56604,504.66937,505.4093,505.4093,480848970
2025-11-12,505.40555,531.59442,499.43497,507.09689,507.09689,388130618
2025-11-13,507.09634,530.52112,494.75385,509.64954,509.64954,543104748
2025-11-14,509.64954,516.01001,477.93558,479.81357,479.81357,435619431
2025-11-15,479.81357,516.97784,479.76172,502.39401,502.39401,355284220
2025-11-16,502.3927,503.46539,474.08124,483.67389,483.67389,278777967
2025-11-17,483.67328,514.26471,482.09799,490.41736,490.41736,378967181
2025-11-18,490.41736,535.68311,476.5802,523.06348,523.06348,597668795
2025-11-19,523.06348,523.10236,471.31342,486.01492,486.01492,412222154
2025-11-20,486.00455,511.30362,473.80774,480.16406,480.16406,496518784
2025-11-21,480.15454,545.0647,449.54248,533.10577,533.10577,908027251
2025-11-22,533.10474,566.33258,522.09869,556.49707,556.49707,886601314
2025-11-23,556.49628,556.9505,537.82843,539.26691,539.26691,505148426
2025-11-24,539.27026,562.44763,538.47986,548.74078,548.74078,480968305
2025-11-25,548.72168,548.987,516.78326,527.08582,527.08582,385810724
2025-11-26,527.08582,547.8299,526.40613,544.1485,544.1485,553618586
2025-11-27,544.15594,549.19965,532.04364,532.45831,532.45831,338818403
2025-11-28,532.46222,554.31445,531.74048,549.38995,549.38995,635412763
2025-11-29,549.38263,549.39868,518.14258,521.7121,521.7121,457127022
2025-11-30,521.71106,561.25555,519.2207,541.78894,541.78894,511253535
2025-12-01,541.78894,542.11749,509.9967,522.86523,522.86523,572835027
2025-12-02,522.86969,555.75281,520.71594,546.0415,546.0415,506411625
2025-12-03,546.04242,604.9505,544.18359,591.43457,591.43457,805072559
2025-12-04,591.44202,596.28967,567.78729,574.71356,574.71356,419578192
2025-12-05,574.71606,581.96344,558.73407,560.513,560.513,372950285
2025-12-06,560.50732,595.56067,558.99823,583.82629,583.82629,377143590
2025-12-07,583.83075,603.69653,571.76801,598.68433,598.68433,384880361
2025-12-08,598.68573,604.55029,576.71167,579.88147,579.88147,343154879
2025-12-09,579.88019,590.67279,570.95105,585.3844,585.3844,454957972
2025-12-10,585.35052,587.97119,560.66571,573.55267,573.55267,501078112
2025-12-11,573.5495,576.08997,552.44452,575.14398,575.14398,367698610
2025-12-12,575.14264,585.35663,569.25391,581.15887,581.15887,382716483
2025-12-13,581.15887,586.50409,569.63928,580.55328,580.55328,206191549
2025-12-14,580.55328,584.86145,556.18878,558.47711,558.47711,270374711
2025-12-15,558.48724,571.82147,520.34503,535.72168,535.72168,356975087
2025-12-16,535.71765,555.36926,529.00537,546.16772,546.16772,304579900
2025-12-17,546.16931,567.4837,542.33539,546.0899,546.0899,360239945
2025-12-18,546.09723,577.32318,528.90808,565.48883,565.48883,603048870
2025-12-19,565.48883,630.1272,557.64594,624.41675,624.41675,673679486
2025-12-20,624.41754,624.62042,589.62061,592.24347,592.24347,446014823
2025-12-21,592.24762,601.87323,577.7149,590.05817,590.05817,285515749
2025-12-22,590.05817,596.25085,577.53137,589.53845,589.53845,472502809
2025-12-23,589.53857,592.97473,571.37836,572.14386,572.14386,371786932
2025-12-24,572.1463,578.77814,563.30328,568.0907,568.0907,332717910
2025-12-25,568.09137,599.01953,566.45508,589.36896,589.36896,363338125
2025-12-26,589.36652,610.59827,587.35394,593.65924,593.65924,407726235
2025-12-27,593.65997,624.21387,593.2818,622.97107,622.97107,337483157
2025-12-28,622.96606,632.63129,612.71246,621.39136,621.39136,383578300
2025-12-29,621.39008,624.66089,592.9469,598.32587,598.32587,618555240
2025-12-30,598.3454,606.54907,592.26422,595.14624,595.14624,430688431
2025-12-31,595.14624,601.81311,593.79059,598.95709,598.95709,266490838
2026-01-01,598.95953,603.43951,586.38141,592.32703,592.32703,277799901
2026-01-02,592.33789,615.42609,585.7467,608.39514,608.39514,439466348
2026-01-03,608.39661,661.61963,608.38971,654.7691,654.7691,658302981
2026-01-04,654.76276,659.29895,637.09918,639.07635,639.07635,571624506
2026-01-05,639.08783,668.06329,638.84473,645.68121,645.68121,623003656
2026-01-06,645.67975,653.72858,627.05341,639.3103,639.3103,490226880
2026-01-07,639.28284,639.30396,623.45276,629.065,629.065,239713422
2026-01-08,629.065,650.61353,621.30804,631.59973,631.59973,428460078
2026-01-09,631.60455,640.93536,626.22296,633.74359,633.74359,297201840
2026-01-10,633.7442,648.77863,631.08246,642.93524,642.93524,226622309
2026-01-11,642.93524,663.80212,640.69867,647.77936,647.77936,671165994
2026-01-12,647.77948,659.44446,614.45831,621.34253,621.34253,738104883
2026-01-13,621.34198,624.94531,605.76733,615.98792,615.98792,721401472
2026-01-14,615.98529,618.39447,596.25354,597.93311,597.93311,783050567
2026-01-15,597.93402,627.73651,576.15338,592.21014,592.21014,1108745529
2026-01-16,592.07697,605.48578,590.04614,599.5318,599.5318,628044195
2026-01-17,599.52997,601.43433,589.13019,593.82239,593.82239,407785698
2026-01-18,593.82867,600.72809,588.47253,591.77747,591.77747,258929028
2026-01-19,591.75391,593.95911,575.9433,583.82404,583.82404,453519668
2026-01-20,583.82343,586.62988,567.9552,572.51611,572.51611,487891611
2026-01-21,572.51489,596.63684,572.01007,584.40271,584.40271,553418932
2026-01-22,584.42688,602.92139,584.22906,598.74976,598.74976,323311881
2026-01-23,598.74658,600.36951,586.32208,594.85876,594.85876,338373798
2026-01-24,594.86298,597.8725,590.11542,593.44965,593.44965,184468912
2026-01-25,593.44928,594.38794,565.39545,571.172,571.172,339345117
2026-01-26,571.17126,582.15662,571.12402,578.64294,578.64294,302757668
2026-01-27,578.63446,602.48694,577.09998,599.88641,599.88641,384163919
2026-01-28,599.88812,600.73389,589.37408,590.41278,590.41278,291566558
2026-01-29,590.41779,590.42993,548.91705,553.74957,553.74957,438043719
2026-01-30,553.7489,558.6059,533.50128,552.33392,552.33392,497518913
2026-01-31,552.33545,552.85297,481.08813,506.09167,506.09167,591708914
2026-02-01,506.08829,536.86267,505.98648,515.90729,515.90729,600568410
2026-02-02,515.88446,541.88141,498.54379,540.11926,540.11926,675765046
2026-02-03,540.10693,540.10693,509.89871,525.08563,525.08563,592750639
2026-02-04,525.08521,537.81622,515.69629,531.85455,531.85455,585655239
2026-02-05,531.85455,539.81995,454.13953,454.13953,454.13953,953217462
2026-02-06,454.13953,538.4826,429.34088,523.77802,523.77802,1084927799
2026-02-07,523.77417,539.34235,515.29242,524.91284,524.91284,703322074
2026-02-08,524.91138,538.45056,517.6676,527.00061,527.00061,440691289
2026-02-09,526.99341,537.35956,511.61865,532.79913,532.79913,464593569
2026-02-10,532.80286,533.49158,513.6864,524.24304,524.24304,409655461
2026-02-11,524.25201,527.13049,508.70996,514.63751,514.63751,487038038
2026-02-12,514.63812,519.79248,494.79187,502.63129,502.63129,414251208
2026-02-13,502.62927,566.47498,500.35519,564.24005,564.24005,559876279
2026-02-14,564.23737,571.09937,558.75153,562.84247,562.84247,407116552
2026-02-15,562.84283,565.47644,551.01385,554.0849,554.0849,328614312
2026-02-16,554.08014,579.70081,552.29242,568.64148,568.64148,380643662
2026-02-17,568.66492,576.86572,553.77362,562.98065,562.98065,342727219
2026-02-18,562.98267,568.97125,551.44214,557.20197,557.20197,313691906
2026-02-19,557.20221,564.14423,540.3952,560.08411,560.08411,349317517
2026-02-20,560.08325,568.22223,542.46307,562.54279,562.54279,500795004
2026-02-21,562.54321,574.51453,558.79889,564.19836,564.19836,273463867
2026-02-22,564.19836,584.76056,559.80298,570.29968,570.29968,397249706
2026-02-23,570.28857,570.43506,489.06247,494.85574,494.85574,577208132
2026-02-24,494.85574,497.70609,471.41968,484.91147,484.91147,501838879
2026-02-25,484.91202,519.03149,484.6774,492.84753,492.84753,522187460
2026-02-26,492.82062,505.14297,477.81726,478.70111,478.70111,368688789
2026-02-27,478.70343,489.21637,457.95633,461.53461,461.53461,370738270
2026-02-28,461.53259,464.77603,441.23035,457.35657,457.35657,389769800
2026-03-01,457.36404,466.2662,432.62659,441.91742,441.91742,329149762
2026-03-02,441.91742,453.01355,436.59695,444.9606,444.9606,405573436
2026-03-03,444.94537,449.38458,433.36438,444.35388,444.35388,319446168
2026-03-04,444.35388,475.19653,439.71307,467.64972,467.64972,473415664
2026-03-05,467.64972,467.64972,455.54144,461.91782,461.91782,346805692
2026-03-06,461.90118,462.78284,442.83051,449.85254,449.85254,279712698
2026-03-07,449.84952,452.9064,446.47647,449.93301,449.93301,197861720
2026-03-08,449.95532,454.96375,441.853,442.72333,442.72333,223872039
2026-03-09,442.7262,456.22348,442.71909,444.51395,444.51395,305795293
2026-03-10,444.51486,453.49515,443.67151,446.87415,446.87415,322402997
2026-03-11,446.87863,459.48404,446.00345,455.53,455.53,281287438
2026-03-12,455.53,460.03674,452.21906,455.21194,455.21194,239585704
2026-03-13,455.20398,472.76492,455.13666,460.70517,460.70517,418719765
2026-03-14,460.71548,468.03522,454.79047,467.64694,467.64694,216146911
2026-03-15,467.64633,469.87411,461.00601,469.60526,469.60526,239432807
2026-03-16,469.6048,483.33344,465.8439,478.77817,478.77817,355351198
2026-03-17,478.77817,480.21045,470.67551,470.68958,470.68958,270872961
2026-03-18,470.68793,472.3938,447.49658,456.80624,456.80624,298363818
2026-03-19,456.80844,460.06616,450.60406,455.4082,455.4082,271740220
2026-03-20,455.40891,474.74081,455.40567,474.4971,474.4971,283077316
2026-03-21,474.49985,476.65518,461.89618,461.90854,461.90854,192852687
2026-03-22,461.91754,470.27365,458.48712,468.15512,468.15512,250457287
2026-03-23,468.15482,483.22998,463.54306,477.80884,477.80884,322549173
2026-03-24,477.80884,479.59995,469.7937,477.64929,477.64929,299038729
2026-03-25,477.64929,479.6409,471.53503,473.34946,473.34946,260086022
2026-03-26,473.34946,473.48727,458.93909,461.90448,461.90448,273459835
2026-03-27,461.90424,472.45398,459.07544,472.40604,472.40604,434320524
2026-03-28,472.40701,483.54279,471.62015,480.6684,480.6684,273453631
2026-03-29,480.66714,483.8941,448.51614,452.05484,452.05484,458224985
2026-03-30,452.05695,466.66876,451.0571,459.70432,459.70432,308421232
2026-03-31,459.70496,476.02832,459.7038,466.33456,466.33456,332265708
2026-04-01,466.33606,466.33606,454.01053,454.31155,454.31155,313937825
2026-04-02,454.315,455.47519,440.20676,444.05621,444.05621,262070567
2026-04-03,444.05963,446.1561,439.85214,443.20685,443.20685,156644027
2026-04-04,443.20511,444.16193,441.01794,441.31851,441.31851,131951301
2026-04-05,441.3172,441.54614,421.11023,427.59949,427.59949,206020988
2026-04-06,427.60437,440.10513,427.60437,435.14832,435.14832,222836909
2026-04-07,435.14651,447.38361,430.32013,446.13599,446.13599,250122824
2026-04-08,446.13504,449.44565,440.47653,441.4317,441.4317,245927578
2026-04-09,441.43198,445.84195,434.35419,443.24673,443.24673,221813879
2026-04-10,443.24673,446.37924,434.93988,443.92453,443.92453,201157855
2026-04-11,443.92609,445.08884,437.13297,437.61203,437.61203,160793232
2026-04-12,437.61203,437.88864,420.34921,421.12531,421.12531,226803459
2026-04-13,421.12561,440.02573,421.11884,438.56509,438.56509,235527204
2026-04-14,438.56622,443.77707,434.49139,436.27484,436.27484,263243717
2026-04-15,436.27484,443.13498,428.13199,440.57657,440.57657,242789611
2026-04-16,440.57864,456.41592,434.58133,455.03525,455.03525,281870913
2026-04-17,455.03665,461.17273,447.2283,453.84869,453.84869,301780051
2026-04-18,453.8421,455.86386,443.76569,444.24283,444.24283,190141001
2026-04-19,444.24643,445.8436,434.50305,435.47409,435.47409,205134917
2026-04-20,435.47382,445.6582,435.44321,443.75092,443.75092,202510061
2026-04-21,443.75092,449.25742,440.84473,448.56317,448.56317,219531371
2026-04-22,448.56253,473.52774,448.18332,460.83148,460.83148,309009756
2026-04-23,460.83148,460.8638,453.44968,460.61011,460.61011,226076701
2026-04-24,460.61026,461.45782,454.77747,456.36746,456.36746,185417480
2026-04-25,456.36899,456.43646,452.39285,453.08716,453.08716,127455375
2026-04-26,453.08691,455.24063,450.608,455.03467,455.03467,151335036
2026-04-27,455.03549,457.5253,446.505,449.69247,449.69247,219654365
2026-04-28,449.69052,453.59491,442.98645,453.3844,453.3844,176059335
2026-04-29,453.3851,455.17004,442.99039,447.6954,447.6954,206202825
2026-04-30,447.6954,448.82526,440.46851,441.12671,441.12671,169985942
2026-05-01,441.12317,456.8175,441.00522,450.33035,450.33035,191347570
2026-05-02,450.33136,452.82065,444.73343,445.41806,445.41806,125502166
2026-05-03,445.41736,447.29541,442.57928,443.23221,443.23221,137724827
2026-05-04,443.23221,450.02576,437.44781,443.70703,443.70703,277365299
2026-05-05,443.70715,463.91611,443.10031,461.29919,461.29919,297613015
2026-05-06,461.29407,486.95941,458.98972,465.63239,465.63239,436884924
2026-05-07,465.63431,465.72992,448.737,450.06027,450.06027,251909733
2026-05-08,450.06027,453.57614,448.02698,450.38132,450.38132,227284950
2026-05-09,450.38132,453.40973,448.7901,449.92761,449.92761,178754387
2026-05-10,449.92709,464.48975,449.40417,463.61017,463.61017,225182888
2026-05-11,463.61017,464.16934,448.4603,450.17715,450.17715,234020422
2026-05-12,450.17691,450.17868,436.63113,439.38431,439.38431,246139791
2026-05-13,439.38431,444.32736,430.48557,433.96582,433.96582,288124107
2026-05-14,433.96582,438.56937,431.62671,434.67532,434.67532,246630743
2026-05-15,434.67627,437.13116,424.49603,426.51596,426.51596,295477174
2026-05-16,426.51578,427.47571,410.77939,415.7338,415.7338,314473187
2026-05-17,415.7338,416.26395,401.33243,404.51138,404.51138,229034918
2026-05-18,404.53711,404.62021,353.69867,378.50412,378.50412,712939527
2026-05-19,378.5108,385.86322,363.79248,369.65274,369.65274,503406744
2026-05-20,369.65881,374.51294,364.57947,372.68045,372.68045,411090978
2026-05-21,372.67966,382.8429,372.66968,380.53485,380.53485,414889220
2026-05-22,380.53284,381.12701,359.44031,360.1637,360.1637,398888212
2026-05-23,360.1698,364.07111,343.75827,355.5014,355.5014,459806263
2026-05-24,355.49133,357.2493,338.43143,346.84869,346.84869,381951756
2026-05-25,346.84705,351.72064,343.9754,351.33771,351.33771,118416632
2026-05-26,351.33731,354.30609,342.66425,343.15485,343.15485,149100100
2026-05-27,343.15417,346.05597,332.93134,333.92191,333.92191,144501923
2026-05-28,333.92197,335.43253,293.56519,299.86353,299.86353,423198661
2026-05-29,299.86368,308.48831,296.71042,301.89838,301.89838,301937227
2026-05-30,301.89832,307.38879,296.83551,302.94534,302.94534,135445255
2026-05-31,302.94574,307.1228,297.78452,302.38211,302.38211,172643386
2026-06-01,302.38913,304.09061,279.66754,293.14618,293.14618,245709526
2026-06-02,293.14618,293.25198,265.70667,268.97314,268.97314,242678400
2026-06-03,268.96915,270.68384,240.17165,242.77086,242.77086,754507604
2026-06-04,242.77048,251.31572,231.76228,245.17122,245.17122,308737520
2026-06-05,245.17183,245.41264,208.55397,209.42024,209.42024,296366574
2026-06-06,209.41785,225.81371,202.49541,217.37767,217.37767,219148202
2026-06-07,217.37778,232.98747,216.11911,229.83473,229.83473,155673342
2026-06-08,229.83412,230.88437,200.02229,209.17276,209.17276,666020853
2026-06-09,209.17276,210.48347,201.2097,203.52954,203.52954,194046857
2026-06-10,203.52753,203.92996,191.75992,194.64462,194.64462,171896980
2026-06-11,194.64462,208.36949,193.60358,205.24632,205.24632,207150401
2026-06-12,205.24632,208.3241,201.21333,202.00735,202.00735,134855176
2026-06-13,202.00777,209.3503,201.86983,208.73076,208.73076,110368922
2026-06-14,208.73103,210.04799,197.86749,210.01982,210.01982,149471450
2026-06-15,210.02,230.69965,209.74988,224.55376,224.55376,230374882
2026-06-16,224.55403,227.4691,213.68839,215.51715,215.51715,259809058
2026-06-17,215.51715,217.19724,209.07365,212.25204,212.25204,162617017
2026-06-18,212.25368,214.86546,194.61902,199.32773,199.32773,175936712
2026-06-19,199.32646,199.5502,193.15314,198.42282,198.42282,119512145
2026-06-20,198.42296,200.39687,195.69052,199.79868,199.79868,82354996
2026-06-21,199.79758,199.85162,194.67001,194.80994,194.80994,70474650
2026-06-22,194.80922,204.68344,194.80389,197.2625,197.2625,110698118
2026-06-23,197.26204,197.8335,186.99722,194.54028,194.54028,216365370
2026-06-24,194.54022,196.08266,181.24191,190.06064,190.06064,161866610
2026-06-25,190.06149,196.4297,183.55424,192.61922,192.61922,153600014
2026-06-26,192.61922,201.46426,185.16411,196.77823,196.77823,155098858
2026-06-27,196.7802,199.5083,194.37596,195.37201,195.37201,76949634
2026-06-28,195.37161,197.37634,188.57349,190.8494,190.8494,79258609
2026-06-29,190.849,202.60564,188.68187,200.4957,200.4957,111698070
2026-06-30,200.49234,201.81989,194.30299,199.49152,199.49152,130273391
2026-07-01,199.4906,218.06818,197.01222,210.23494,210.23494,186435496
2026-07-02,210.23502,222.50438,209.94464,220.19205,220.19205,179181882
2026-07-03,220.19205,230.10913,219.51688,229.23688,229.23688,150915115
2026-07-04,229.23718,236.57765,224.28447,236.18819,236.18819,132188124
2026-07-05,236.18819,248.87268,234.22142,243.87552,243.87552,192489548
2026-07-06,243.87717,249.33426,234.81079,241.78738,241.78738,181126309
2026-07-07,241.7883,244.42526,235.48361,239.47246,239.47246,124311502
2026-07-08,239.47169,241.29221,230.3291,235.15884,235.15884,132189217
2026-07-09,235.15948,240.2697,231.9024,237.77243,237.77243,107073376
2026-07-10,237.76489,254.33607,237.25838,245.26262,245.26262,139610565
2026-07-11,245.2618,249.68176,243.66682,244.40656,244.40656,97385685
2026-07-12,244.4053,247.20004,239.42027,239.96251,239.96251,98203936
2026-07-13,239.96169,244.12671,233.52773,236.23447,236.23447,111102893
2026-07-14,236.2343,241.58159,231.83163,236.49059,236.49059,117585131
2026-07-15,236.49319,237.72217,223.14458,223.15224,223.15224,141382662
2026-07-16,223.14886,225.01138,220.08354,221.61343,221.61343,179666365
2026-07-17,221.61337,223.71539,214.71375,219.73044,219.73044,159391426
2026-07-18,219.72064,221.00111,217.17317,220.10399,220.10399,72549624
2026-07-19,220.10399,220.10556,214.19208,214.87779,214.87779,77429764
2026-07-20,214.87778,220.91042,210.39398,219.90477,219.90477,115003185
2026-07-21,219.90331,226.55336,219.70847,223.69859,223.69859,104334413
2026-07-22,223.69937,225.26622,218.85794,219.96808,219.96808,86026487
2026-07-23,219.96712,220.2059,209.06355,212.09035,212.09035,97324002
2026-07-24,212.08925,212.78349,208.04042,210.57784,210.57784,86399264
2026-07-25,210.57988,212.48352,209.09427,209.616,209.616,75925670
2026-07-26,209.61604,218.41713,209.10732,216.81288,216.81288,80711479
2026-07-27,216.81288,219.55066,211.21877,211.72054,211.72054,123613192
2026-07-28,211.72227,214.69627,209.42998,214.05267,214.05267,95600056
2026-07-29,214.05371,215.69394,204.86406,211.13991,211.13991,93183600
2026-07-30,211.14055,221.13423,208.44217,217.02301,217.02301,98805695
2026-07-31,217.02393,217.59322,205.71628,210.0143,210.0143,101199828
2026-08-01,210.0143,212.15942,205.95341,207.91972,207.91972,60646209
2026-08-02,207.91972,214.42018,207.20914,212.52003,212.52003,63960095
2026-08-03,212.52324,214.76762,208.56535,213.11984,213.11984,76277913
2026-08-04,213.11984,214.44296,211.38474,213.21117,213.21117,74077160
2026-08-05,213.21388,216.71855,210.01759,214.32253,214.32253,98231293
2026-08-06,214.32233,215.29495,210.87769,212.49831,212.49831,69671659
2026-08-07,212.49858,217.81775,212.49727,214.74973,214.74973,66328695
2026-08-08,214.75009,218.32988,214.43703,215.96703,215.96703,44793716
2026-08-09,215.96713,218.20833,214.1319,214.52531,214.52531,48980896
2026-08-10,214.52531,217.20813,212.4257,213.11365,213.11365,144236039
2026-08-11,213.11421,215.71082,211.10974,213.63878,213.63878,147883763
2026-08-12,213.63908,216.04367,211.43326,212.3873,212.3873,139232665
2026-08-13,212.38646,215.8409,205.34717,206.52271,206.52271,174276857
2026-08-14,206.52155,206.97324,199.81929,204.61227,204.61227,160429697
2026-08-15,204.61243,206.68587,202.89653,203.46915,203.46915,250364063
2026-08-16,203.46927,204.72145,202.54932,203.67105,203.67105,133892694
2026-08-17,203.67134,205.51419,203.14882,205.12129,205.12129,147811583
2026-08-18,205.12158,205.19321,202.43196,203.46159,203.46159,133352147
2026-08-19,203.46272,213.73289,202.07196,213.38432,213.38432,457636077
2026-08-20,213.37975,226.04153,209.14896,222.98856,222.98856,373505347
2026-08-21,222.98953,299.4903,222.97145,287.43973,287.43973,868882190
2026-08-22,287.46387,302.9292,271.69522,276.81113,276.81113,437432724
2026-08-23,276.80872,279.79745,264.08139,274.23566,274.23566,227856384
2026-08-24,274.23572,284.40817,263.98776,270.69934,270.69934,317608532
2026-08-25,270.70203,281.14203,261.85333,265.5986,265.5986,195330152
2026-08-26,265.59488,270.55298,258.93002,268.78503,268.78503,119566697
2026-08-27,268.78238,273.55759,264.9707,269.70825,269.70825,151618222
2026-08-28,269.70874,271.64099,244.65088,247.95778,247.95778,196353437
2026-08-29,247.95786,248.62849,242.79703,247.13841,247.13841,79745492
2026-08-30,247.13858,254.97639,241.19081,243.19304,243.19304,109948746
2026-08-31,243.1924,249.00929,242.25467,246.91254,246.91254,112179855
2026-09-01,246.91203,251.44173,243.57005,246.00984,246.00984,114633009
2026-09-02,246.00999,249.60332,241.42377,244.19069,244.19069,97267422
2026-09-03,244.19069,261.07391,242.76814,256.81262,256.81262,177652816
2026-09-04,256.81174,261.00256,247.43999,248.18053,248.18053,156792776
2026-09-05,248.1841,259.60211,245.43871,257.24121,257.24121,154193742
2026-09-06,257.24121,263.7464,254.59454,260.68979,260.68979,145502124
2026-09-07,260.69162,267.72607,253.02731,259.02368,259.02368,187351791
2026-09-08,259.02597,262.34341,252.3145,258.34152,258.34152,173503713
2026-09-09,258.33813,260.83276,248.75555,251.82434,251.82434,147287797
2026-09-10,251.8243,252.22903,223.27299,223.66837,223.66837,364173307
2026-09-11,223.66852,237.55757,222.55647,228.01328,228.01328,259780260
2026-09-12,228.01363,231.95361,225.08018,226.42438,226.42438,108219600
2026-09-13,226.42441,226.71117,220.27124,220.87701,220.87701,125223538
2026-09-14,220.88043,229.9446,220.11571,223.32086,223.32086,167136264
2026-09-15,223.3206,224.58461,214.10242,216.96718,216.96718,173899419
2026-09-16,216.96718,221.27725,214.16121,220.99358,220.99358,142235846
2026-09-17,220.99236,240.01277,219.56569,233.90289,233.90289,204827528
2026-09-18,233.90349,264.40482,233.35181,255.10686,255.10686,340009717
2026-09-19,255.11166,257.86929,245.4561,255.22598,255.22598,206769533
2026-09-20,255.21368,255.21368,243.64265,252.7114,252.7114,173394609
2026-09-21,252.7114,272.07028,251.65202,267.01285,267.01285,374452870
2026-09-22,267.01797,346.54913,262.07217,345.19894,345.19894,1307464700
2026-09-23,345.19556,363.75388,330.27286,337.46286,337.46286,1296876465
