Date,Open,High,Low,Close,Adj Close,Volume
2017-11-09,2.0531399,2.1742301,1.89394,1.99077,1.99077,19192200
2017-11-10,2.00773,2.0694699,1.64478,1.79684,1.79684,11155000
2017-11-11,1.78628,1.91775,1.61429,1.67047,1.67047,8178150
2017-11-12,1.66889,1.6727999,1.4625601,1.51969,1.51969,15298700
2017-11-13,1.52601,1.73502,1.5176001,1.68662,1.68662,12238800
2017-11-14,1.68928,1.73537,1.56827,1.59258,1.59258,7829600
2017-11-15,1.58777,1.62498,1.4955,1.53045,1.53045,7615500
2017-11-16,1.55619,1.68222,1.53689,1.57792,1.57792,8928640
2017-11-17,1.58005,1.58266,1.4953001,1.51036,1.51036,8508840
2017-11-18,1.51136,1.67678,1.49823,1.67433,1.67433,32167300
2017-11-19,1.67336,1.70123,1.5678,1.61377,1.61377,38081700
2017-11-20,1.62559,1.66065,1.5556099,1.62445,1.62445,12994500
2017-11-21,1.65817,1.65967,1.54984,1.57406,1.57406,5440790
2017-11-22,1.59049,1.62137,1.55823,1.61175,1.61175,7177000
2017-11-23,1.6106,1.61668,1.53759,1.5487,1.5487,8392640
2017-11-24,1.56953,1.8201801,1.55558,1.71771,1.71771,12155400
2017-11-25,1.71697,1.9576401,1.69397,1.87387,1.87387,12839900
2017-11-26,1.89474,1.93531,1.82674,1.85313,1.85313,9056850
2017-11-27,1.8708301,1.94727,1.7896301,1.9429801,1.9429801,22826600
2017-11-28,1.95885,1.95885,1.86804,1.91711,1.91711,36377700
2017-11-29,1.92434,2.05159,1.68317,1.7515301,1.7515301,43765500
2017-11-30,1.76144,2.0529101,1.76144,1.9969701,1.9969701,31559500
2017-12-01,1.99695,2.1370101,1.9229701,2.07023,2.07023,28867200
2017-12-02,2.07706,2.11566,1.9968899,2.0841601,2.0841601,24332700
2017-12-03,2.0854101,2.38115,2.0541899,2.2272501,2.2272501,35163500
2017-12-04,2.25809,2.5770299,2.25809,2.4916799,2.4916799,41226200
2017-12-05,2.5018101,2.7317901,2.5018101,2.5953,2.5953,49190000
2017-12-06,2.58043,2.77881,2.34588,2.5876901,2.5876901,41731500
2017-12-07,2.5494001,2.9144299,2.48943,2.7799499,2.7799499,28297900
2017-12-08,2.7660999,2.8689899,2.2595699,2.8306701,2.8306701,38648500
2017-12-09,2.82602,2.8673401,2.3303499,2.61043,2.61043,27217000
2017-12-10,2.66134,2.6954401,2.2117,2.4833701,2.4833701,19258500
2017-12-11,2.51302,2.8244801,2.50335,2.70665,2.70665,19427000
2017-12-12,2.72645,2.7783,2.61343,2.6847501,2.6847501,24523200
2017-12-13,2.6870799,2.8750501,2.57144,2.7781,2.7781,28429500
2017-12-14,2.7734399,3.15874,2.77266,3.15874,3.15874,40335300
2017-12-15,3.1566999,4.4112501,3.1428199,3.99615,3.99615,52745900
2017-12-16,4.1684699,4.72541,3.9184,4.66465,4.66465,54002400
2017-12-17,4.6693401,6.7504301,4.6693401,5.7567201,5.7567201,98159600
2017-12-18,5.7923999,6.2213202,5.2809701,5.61585,5.61585,66623700
2017-12-19,5.6469998,6.54532,5.5797601,5.7923298,5.7923298,66695200
2017-12-20,5.78863,5.78863,4.9331698,5.1762099,5.1762099,47866900
2017-12-21,5.1849098,5.6981602,4.8141499,5.1800098,5.1800098,46905500
2017-12-22,5.2054601,5.2127399,3.51331,4.3361502,4.3361502,36672600
2017-12-23,4.3949599,5.13451,4.30761,4.8392601,4.8392601,32930300
2017-12-24,4.7418399,5.2856798,4.1986499,5.2856798,5.2856798,43676900
2017-12-25,5.3085799,6.9552202,5.2505398,6.56001,6.56001,66374400
2017-12-26,6.5592799,10.6221,6.4963799,9.0294199,9.0294199,167812992
2017-12-27,9.2542601,11.3022,8.4865904,10.107,10.107,167808000
2017-12-28,10.1263,10.1964,8.1492796,9.3214102,9.3214102,109298000
2017-12-29,9.3186197,9.5348501,8.5368204,8.8076,8.8076,70849400
2017-12-30,8.7137699,8.7610998,7.1879401,7.8410101,7.8410101,72933904
2017-12-31,7.76331,8.8391199,7.7089901,8.6355801,8.6355801,74927904
2018-01-01,8.62953,8.7005701,7.9592199,8.4146099,8.4146099,66422800
2018-01-02,8.4576998,9.1225901,8.2171803,8.8377705,8.8377705,104789000
2018-01-03,8.7701397,9.58078,8.5291796,9.5358801,9.5358801,108852000
2018-01-04,9.4458399,9.5384903,8.8541298,9.2139902,9.2139902,158819008
2018-01-05,9.1456804,16.717699,9.0946798,14.9172,14.9172,341504992
2018-01-06,14.8689,23.5082,14.8212,22.7598,22.7598,637020992
2018-01-07,22.7691,22.7691,18.2425,18.656799,18.656799,258050000
2018-01-08,18.6465,19.2167,15.3471,18.2609,18.2609,296617984
2018-01-09,18.174,20.320299,16.801399,17.4118,17.4118,194750000
2018-01-10,17.707899,17.707899,15.1708,17.3908,17.3908,146582000
2018-01-11,17.566601,23.1525,15.2863,21.0427,21.0427,389228000
2018-01-12,21.4758,24.9121,19.930401,22.316299,22.316299,387537984
2018-01-13,22.345301,23.666901,21.3734,22.1744,22.1744,181676000
2018-01-14,22.2535,22.2535,19.138,20.7773,20.7773,129239000
2018-01-15,20.8004,23.604799,19.3309,19.564699,19.564699,244154000
2018-01-16,19.634001,19.634001,10.435,13.8919,13.8919,399951008
2018-01-17,13.623,15.5378,9.6553402,14.2032,14.2032,299411008
2018-01-18,14.2506,15.9596,13.5127,14.2804,14.2804,204899008
2018-01-19,14.3106,15.6351,13.989,14.9406,14.9406,139882000
2018-01-20,15.0342,16.652399,15.0342,16.1903,16.1903,156744992
2018-01-21,16.248899,16.248899,13.3591,14.0683,14.0683,141562000
2018-01-22,14.1987,14.4503,11.9146,13.0146,13.0146,138026000
2018-01-23,13.0015,13.9627,11.785,13.0935,13.0935,91706200
2018-01-24,13.1906,14.1906,12.7892,13.6287,13.6287,105736000
2018-01-25,13.7605,14.1374,13.065,13.2284,13.2284,105648000
2018-01-26,13.2109,13.5905,12.2947,13.2182,13.2182,113429000
2018-01-27,13.2332,13.4414,12.8942,13.253,13.253,84009400
2018-01-28,13.3017,13.8125,13.2038,13.5402,13.5402,93871104
2018-01-29,13.5454,13.6727,12.677,12.7645,12.7645,71294304
2018-01-30,12.7736,12.7736,11.0571,11.2507,11.2507,59389600
2018-01-31,11.2683,11.4132,10.5684,11.145,11.145,50435000
2018-02-01,11.1783,11.3944,8.7074203,9.5158396,9.5158396,82984200
2018-02-02,9.4079599,10.4585,7.2181301,9.6522903,9.6522903,91468200
2018-02-03,9.69666,10.2724,8.61168,9.7496796,9.7496796,56556200
2018-02-04,9.7456398,9.7456398,8.1027498,8.4586401,8.4586401,49990000
2018-02-05,8.4275303,8.5517197,6.1296101,6.70503,6.70503,55276900
2018-02-06,6.8062701,8.5555401,5.5900698,8.2888498,8.2888498,97189904
2018-02-07,8.31528,9.2249699,7.3510299,8.0950098,8.0950098,77970304
2018-02-08,8.0937204,8.72122,8.0937204,8.5955,8.5955,82496000
2018-02-09,8.6066599,9.8892698,8.3431501,9.7304602,9.7304602,9284
2018-02-10,9.7327299,10.3632,8.8485203,9.25597,9.25597,80123200
2018-02-11,9.2008696,9.34548,8.1444502,8.7049103,8.7049103,68554600
2018-02-12,8.7114496,9.4037504,8.7114496,9.3224697,9.3224697,50792600
2018-02-13,9.3176699,9.3479404,8.7733698,8.9867802,8.9867802,41593400
2018-02-14,9.0159101,10.6498,8.9902401,10.4006,10.4006,68781600
2018-02-15,10.3907,11.2839,10.1012,10.9311,10.9311,108962000
2018-02-16,10.9149,11.2016,10.4295,11.2016,11.2016,71131800
2018-02-17,11.0765,11.8707,10.9528,11.6893,11.6893,76093504
2018-02-18,11.6926,11.7003,10.6801,10.7024,10.7024,62044700
2018-02-19,10.6668,11.1949,10.6515,11.0757,11.0757,54898800
2018-02-20,11.0913,11.1927,9.7933998,9.9045095,9.9045095,66512400
2018-02-21,9.8776703,10.1942,9.1472502,9.3807898,9.3807898,55087600
2018-02-22,9.4047403,9.8087502,8.7129698,8.9040298,8.9040298,47216100
2018-02-23,8.8733997,9.7330303,8.6605701,9.6921101,9.6921101,53626800
2018-02-24,9.68752,9.8353701,8.7779703,9.1419096,9.1419096,48709200
2018-02-25,9.1532402,9.4944096,8.9425802,9.3465996,9.3465996,43814500
2018-02-26,9.3692598,10.065,9.1301498,9.9023199,9.9023199,53540300
2018-02-27,9.9655304,11.0962,9.8185902,10.6599,10.6599,97184400
2018-02-28,10.6949,11.1828,10.3926,10.4382,10.4382,69036400
2018-03-01,10.4482,10.6714,10.3296,10.5097,10.5097,72474200
2018-03-02,10.4569,10.5404,10.142,10.2248,10.2248,46449100
2018-03-03,10.2857,10.4455,10.1251,10.2179,10.2179,40001900
2018-03-04,10.2072,10.3898,9.9011602,10.3481,10.3481,37886900
2018-03-05,10.4038,10.4355,10.101,10.1105,10.1105,38605100
2018-03-06,10.1548,10.1548,9.1512804,9.3843803,9.3843803,38182600
2018-03-07,9.3952904,10.1268,8.2369099,9.0348797,9.0348797,79740800
2018-03-08,9.0356798,9.1374903,8.1183901,8.3104401,8.3104401,48535100
2018-03-09,8.2613697,8.3324203,7.1742301,8.3130703,8.3130703,46893300
2018-03-10,8.2671204,8.3545103,7.6335402,7.6716599,7.6716599,41645000
2018-03-11,7.6487498,8.4194498,7.3807602,8.2723799,8.2723799,45451700
2018-03-12,8.2991104,8.5476198,7.74369,8.0392704,8.0392704,51188100
2018-03-13,7.99896,11.0016,7.9024401,10.1152,10.1152,216111008
2018-03-14,10.13,10.6719,8.5507698,8.9592104,8.9592104,124112000
2018-03-15,8.9445601,9.4013205,8.4195299,9.0990801,9.0990801,104531000
2018-03-16,9.1325102,9.39258,8.6396103,9.1113195,9.1113195,97626000
2018-03-17,9.1989603,9.5024405,8.6649799,8.9877396,8.9877396,94679904
2018-03-18,8.9574203,8.9629498,7.85848,8.9518499,8.9518499,94840304
2018-03-19,9.0900002,9.2613697,8.4960604,8.9927397,8.9927397,97938896
2018-03-20,8.9871798,9.2413502,8.6552696,9.1609297,9.1609297,96919504
2018-03-21,9.1665401,10.2933,9.0808296,9.9820004,9.9820004,131761000
2018-03-22,10.0285,10.9059,9.5725203,10.0663,10.0663,112305000
2018-03-23,10.0498,11.9768,9.53545,11.7376,11.7376,157246000
2018-03-24,11.7061,14.8387,11.6027,13.0891,13.0891,255358000
2018-03-25,13.1352,14.2326,12.5686,12.7831,12.7831,189518000
2018-03-26,12.9135,12.9135,10.9571,12.0614,12.0614,132353000
2018-03-27,12.1189,12.2337,10.8771,11.5083,11.5083,102579000
2018-03-28,11.5192,12.246,11.3898,11.6404,11.6404,92931200
2018-03-29,11.6961,11.7291,10.1727,10.1961,10.1961,81352096
2018-03-30,10.1692,10.7481,9.7442904,10.3504,10.3504,75551600
2018-03-31,10.3929,11.39,10.2868,11.0559,11.0559,89256304
2018-04-01,11.1519,11.2971,10.3783,11.0662,11.0662,87918096
2018-04-02,11.0651,12.6488,11.0152,12.6207,12.6207,116071000
2018-04-03,12.6446,13.9532,12.3336,13.3607,13.3607,141287008
2018-04-04,13.2926,13.4408,12.0019,12.1904,12.1904,119600000
2018-04-05,12.1985,12.6235,12.136,12.4536,12.4536,103864000
2018-04-06,12.4927,12.6431,12.0389,12.2584,12.2584,81989696
2018-04-07,12.2668,12.6306,12.2668,12.4557,12.4557,87924896
2018-04-08,12.5125,12.5125,12.1159,12.1176,12.1176,79045000
2018-04-09,12.1208,12.5545,11.6104,11.8683,11.8683,80643696
2018-04-10,11.9055,12.4015,11.8491,12.0362,12.0362,87608200
2018-04-11,12.0416,12.2309,11.7789,12.2309,12.2309,92759696
2018-04-12,12.4234,12.9525,11.9088,12.9525,12.9525,133239000
2018-04-13,13.1525,13.7621,12.7534,13.5368,13.5368,148215008
2018-04-14,13.4547,13.8401,12.99,13.2444,13.2444,94980800
2018-04-15,13.2978,13.5801,12.9225,13.0588,13.0588,115373000
2018-04-16,13.0473,13.0557,12.0845,12.21,12.21,75965504
2018-04-17,12.2264,12.4589,11.6739,11.7694,11.7694,77537400
2018-04-18,11.7939,12.3947,11.5253,12.2757,12.2757,90015104
2018-04-19,12.2629,12.4339,12.0404,12.3526,12.3526,78661696
2018-04-20,12.353,12.718,11.9293,12.5752,12.5752,86036096
2018-04-21,12.5694,13.6732,12.4373,13.3784,13.3784,141582000
2018-04-22,13.3543,13.3543,12.862,12.8759,12.8759,84873000
2018-04-23,12.8777,13.8252,12.8455,13.6253,13.6253,132041000
2018-04-24,13.6482,15.6246,13.6482,15.266,15.266,165599008
2018-04-25,15.212,15.9259,13.0464,13.2909,13.2909,144820992
2018-04-26,13.3472,14.7088,13.2471,14.6536,14.6536,127788000
2018-04-27,14.6469,14.7717,14.1838,14.3291,14.3291,101995000
2018-04-28,14.2831,15.3286,14.2255,15.2001,15.2001,122360000
2018-04-29,15.1642,15.3975,14.5557,15.0562,15.0562,105495000
2018-04-30,15.0627,15.1567,14.1093,14.3121,14.3121,83765800
2018-05-01,14.3146,14.3146,13.6148,14.1643,14.1643,75433904
2018-05-02,14.1702,14.4092,13.9404,14.4092,14.4092,80730304
2018-05-03,14.4416,14.7787,14.2114,14.6526,14.6526,104726000
2018-05-04,14.628,14.6846,14.2445,14.3295,14.3295,79940496
2018-05-05,14.3193,14.5032,14.2119,14.3687,14.3687,71502096
2018-05-06,14.3623,14.7992,13.6763,13.9426,13.9426,74731600
2018-05-07,13.939,13.97,12.9945,13.7025,13.7025,59800200
2018-05-08,13.7046,13.9228,13.1482,13.529,13.529,57865500
2018-05-09,13.5245,14.8129,13.0799,14.6602,14.6602,99046304
2018-05-10,14.675,15.0456,13.8184,13.8184,13.8184,68250000
2018-05-11,13.8805,14.0941,12.5895,12.9939,12.9939,57027500
2018-05-12,12.9727,13.1472,12.2539,12.9439,12.9439,44001000
2018-05-13,13.008,13.554,12.743,13.1187,13.1187,70816496
2018-05-14,13.1583,13.1653,12.3564,12.8707,12.8707,49317700
2018-05-15,12.8539,13.2723,12.5144,12.5678,12.5678,45696200
2018-05-16,12.5581,12.5674,11.9511,12.2605,12.2605,35233200
2018-05-17,12.3156,12.971,12.2736,12.465,12.465,54251500
2018-05-18,12.3614,16.220501,12.0531,15.1354,15.1354,243260992
2018-05-19,15.1346,15.621,13.9932,14.2457,14.2457,138320992
2018-05-20,14.3502,14.3689,13.6853,14.1178,14.1178,95390200
2018-05-21,14.1254,14.7879,13.8167,14.7223,14.7223,97367296
2018-05-22,14.5709,14.8351,13.7492,13.9255,13.9255,86545104
2018-05-23,13.8529,13.9252,12.3343,12.6262,12.6262,68215200
2018-05-24,12.61,13.1909,12.2015,13.0003,13.0003,54410900
2018-05-25,13.0326,13.3706,12.6353,13.008,13.008,49173800
2018-05-26,12.963,13.1964,12.6959,12.7591,12.7591,43258400
2018-05-27,12.7857,12.7923,12.3291,12.6058,12.6058,36691600
2018-05-28,12.5996,12.7528,11.7031,11.8943,11.8943,33398400
2018-05-29,11.9555,12.6752,11.7671,12.5717,12.5717,48807700
2018-05-30,12.6084,12.7969,12.2739,12.5709,12.5709,43146300
2018-05-31,12.5618,14.2194,12.4138,14.1902,14.1902,93931696
2018-06-01,14.2517,14.4114,13.7893,14.2408,14.2408,80342200
2018-06-02,14.3192,14.846,14.0087,14.6797,14.6797,87983000
2018-06-03,14.6819,14.9508,14.3283,14.566,14.566,82182304
2018-06-04,14.6756,14.6756,13.6655,14.2611,14.2611,58219100
2018-06-05,14.2539,15.6748,14.2102,15.5993,15.5993,101474000
2018-06-06,15.599,17.360701,15.3499,17.247499,17.247499,157806000
2018-06-07,17.2665,17.438101,16.1754,16.2631,16.2631,131031000
2018-06-08,16.349501,16.625099,15.8307,16.2738,16.2738,94394600
2018-06-09,16.311899,16.890301,15.9632,15.9632,15.9632,85299904
2018-06-10,15.9286,15.9286,13.5923,14.1842,14.1842,79288200
2018-06-11,14.1355,15.3835,13.7859,15.3835,15.3835,83039696
2018-06-12,15.5247,16.158701,14.9922,15.2262,15.2262,116016000
2018-06-13,15.2969,15.7184,14.0262,14.5891,14.5891,97415904
2018-06-14,14.6403,15.0259,14.14,14.8953,14.8953,80329504
2018-06-15,14.882,15.6469,14.6911,15.0481,15.0481,79159296
2018-06-16,14.9363,15.9814,14.9363,15.8092,15.8092,81354704
2018-06-17,15.779,17.232599,15.7641,16.5788,16.5788,107346000
2018-06-18,16.6217,17.1863,16.221201,16.8797,16.8797,106776000
2018-06-19,16.7801,16.9368,16.208,16.6996,16.6996,80738096
2018-06-20,16.760799,16.863199,15.7411,16.061899,16.061899,65190300
2018-06-21,16.072201,17.268299,15.9165,17.053301,17.053301,122980000
2018-06-22,17.0714,17.2437,15.2608,15.5939,15.5939,113751000
2018-06-23,15.6017,16.0592,15.3647,15.5512,15.5512,70431104
2018-06-24,15.5709,15.5946,13.5444,14.4476,14.4476,96256304
2018-06-25,14.457,15.0659,13.8339,14.9209,14.9209,60358000
2018-06-26,14.9329,14.9852,13.8678,14.12,14.12,37503400
2018-06-27,14.0672,14.3056,13.8941,14.0501,14.0501,44136600
2018-06-28,14.0309,14.7498,13.8608,14.1246,14.1246,67290496
2018-06-29,14.1743,14.6469,13.7797,14.5086,14.5086,52784600
2018-06-30,14.5491,15.1824,14.2915,14.6573,14.6573,59676900
2018-07-01,14.6762,14.6869,14.1442,14.4041,14.4041,38434400
2018-07-02,14.3977,14.823,14.057,14.5706,14.5706,55614000
2018-07-03,14.5634,14.7847,14.0759,14.1715,14.1715,60657300
2018-07-04,14.2262,14.3288,13.908,14.0055,14.0055,37043700
2018-07-05,14.0396,14.1391,13.652,13.8505,13.8505,41185300
2018-07-06,13.9761,13.9864,13.2766,13.5296,13.5296,33466000
2018-07-07,13.5409,14.4048,13.4259,14.4048,14.4048,79974896
2018-07-08,14.3979,14.4223,13.9345,13.9919,13.9919,60275400
2018-07-09,14.0384,14.0883,13.6341,13.6645,13.6645,36874000
2018-07-10,13.6144,13.6607,12.6719,12.7613,12.7613,36507100
2018-07-11,12.8249,12.8866,12.2516,12.7049,12.7049,38867700
2018-07-12,12.6919,12.7735,11.9016,12.0706,12.0706,26008100
2018-07-13,12.0935,12.4332,12.0434,12.1801,12.1801,29709900
2018-07-14,12.193,12.2735,11.9691,12.0965,12.0965,21534200
2018-07-15,12.0883,12.3967,12.0185,12.2891,12.2891,26346900
2018-07-16,12.3099,13.3857,12.2029,13.2373,13.2373,47198600
2018-07-17,13.3579,13.8934,12.8698,13.7128,13.7128,74443200
2018-07-18,13.7399,13.8572,12.7239,12.8648,12.8648,75446304
2018-07-19,12.8251,13.3511,12.7696,12.918,12.918,49364800
2018-07-20,12.9185,12.971,11.8856,12.0709,12.0709,40466000
2018-07-21,12.0747,12.4556,11.9021,12.1853,12.1853,28726700
2018-07-22,12.1888,12.274,11.9627,12.1199,12.1199,20692400
2018-07-23,12.1368,12.3381,11.9129,12.0199,12.0199,28137700
2018-07-24,12.0222,12.2462,11.6484,12.1451,12.1451,46762700
2018-07-25,12.087,13.4667,12.0793,12.9394,12.9394,72083200
2018-07-26,12.9215,13.5521,12.9115,13.3973,13.3973,61881400
2018-07-27,13.3925,14.0335,13.0581,13.9227,13.9227,66040700
2018-07-28,14.0256,14.8694,13.7223,14.6017,14.6017,75159904
2018-07-29,14.5981,14.6984,13.66,14.0212,14.0212,56547100
2018-07-30,13.9477,13.9477,13.0665,13.2169,13.2169,35991600
2018-07-31,13.2111,14.0643,13.0368,13.7754,13.7754,66537000
2018-08-01,13.7696,14.062,13.2341,13.5739,13.5739,53833700
2018-08-02,13.6308,14.184,13.4064,14.1769,14.1769,50481200
2018-08-03,14.088,14.2059,13.6405,14.1346,14.1346,70449300
2018-08-04,14.1127,14.4551,13.5691,13.8424,13.8424,60865200
2018-08-05,13.8587,13.8978,13.2875,13.6232,13.6232,43000300
2018-08-06,13.6876,13.9757,13.4964,13.6991,13.6991,46799600
2018-08-07,13.6585,13.9088,13.1286,13.1461,13.1461,45119500
2018-08-08,13.1289,13.1392,11.9807,12.1437,12.1437,44898500
2018-08-09,12.1616,12.8719,12.1001,12.858,12.858,41389000
2018-08-10,12.7681,12.8211,11.8073,12.1308,12.1308,37026400
2018-08-11,12.1106,12.1588,11.3686,11.7366,11.7366,29253100
2018-08-12,11.6876,11.8647,11.5047,11.7418,11.7418,23290300
2018-08-13,11.7712,11.9467,10.1841,10.2282,10.2282,34827100
2018-08-14,10.3045,10.3045,8.6626596,9.4201097,9.4201097,39515200
2018-08-15,9.4079599,10.5918,9.4032097,9.4630098,9.4630098,42994900
2018-08-16,9.5305204,9.9849501,9.3938198,9.80233,9.80233,24709700
2018-08-17,9.7823,10.8678,9.7249498,10.8678,10.8678,37502400
2018-08-18,10.7849,10.9651,9.5402699,9.9075804,9.9075804,27803700
2018-08-19,9.9214201,10.3006,9.7540102,10.1562,10.1562,21218500
2018-08-20,10.1417,10.2038,9.6436195,9.7009296,9.7009296,17617700
2018-08-21,9.6803398,9.8481503,9.4248304,9.7146301,9.7146301,13228100
2018-08-22,9.73594,10.1964,9.2572803,9.5397301,9.5397301,23929500
2018-08-23,9.49895,9.7150402,9.4026203,9.7150402,9.7150402,17327500
2018-08-24,9.7635202,10.2347,9.5622902,10.2347,10.2347,22814900
2018-08-25,10.1933,10.2488,9.9828701,10.1358,10.1358,19561400
2018-08-26,10.1142,10.2742,9.80865,10.1856,10.1856,22551200
2018-08-27,10.219,11.3356,10.1278,11.2128,11.2128,44953500
2018-08-28,11.1607,11.4996,10.8415,11.4861,11.4861,43860800
2018-08-29,11.471,11.471,10.9075,11.1735,11.1735,33530600
2018-08-30,11.1692,11.1867,10.3848,10.7626,10.7626,23247800
2018-08-31,10.7602,11.0225,10.5958,11.0138,11.0138,22638200
2018-09-01,11.0266,11.5423,11.0266,11.3794,11.3794,29776300
2018-09-02,11.4334,11.4638,11.1361,11.2994,11.2994,21757400
2018-09-03,11.3459,11.4092,11.1103,11.2611,11.2611,18644300
2018-09-04,11.3104,11.4232,11.2624,11.3592,11.3592,18878700
2018-09-05,11.4098,11.5365,10.0866,10.0866,10.0866,29308300
2018-09-06,10.0535,10.3016,9.6219101,10.2842,10.2842,23466000
2018-09-07,10.2648,10.2697,9.8694401,10.0373,10.0373,16640400
2018-09-08,10.0328,10.1943,9.4137001,9.5200796,9.5200796,15053100
2018-09-09,9.5487204,9.7273703,9.2724304,9.5126305,9.5126305,13947300
2018-09-10,9.5760098,9.7080603,9.3730602,9.5248699,9.5248699,12427900
2018-09-11,9.5219898,9.6054201,9.2273302,9.3739595,9.3739595,18572100
2018-09-12,9.3855495,9.4801903,9.0373096,9.2144299,9.2144299,21323500
2018-09-13,9.2245502,9.6940403,9.2176504,9.6040602,9.6040602,24817100
2018-09-14,9.6368198,10.086,9.5463305,9.9300499,9.9300499,26124800
2018-09-15,9.9046402,10.196,9.9046402,10.1103,10.1103,27281100
2018-09-16,10.1164,10.1274,9.7763796,9.9360199,9.9360199,20623100
2018-09-17,9.9497299,10.0118,9.3166399,9.4052601,9.4052601,22370800
2018-09-18,9.3905697,9.6350298,9.2765703,9.5440598,9.5440598,23016100
2018-09-19,9.5567102,9.7760496,9.31497,9.6190901,9.6190901,22684800
2018-09-20,9.6337004,10.0976,9.6024904,10.0745,10.0745,27983700
2018-09-21,10.0604,10.4354,9.9627895,10.4108,10.4108,35228200
2018-09-22,10.4196,10.5281,9.9664202,10.245,10.245,21731800
2018-09-23,10.2729,10.3656,10.1575,10.2806,10.2806,22673000
2018-09-24,10.2914,10.3174,9.9391203,10.0359,10.0359,19223700
2018-09-25,10.0342,10.0342,9.5062103,9.7831602,9.7831602,19256100
2018-09-26,9.7810097,9.9033003,9.5887699,9.7366304,9.7366304,18370400
2018-09-27,9.7362404,10.0769,9.6722603,10.0312,10.0312,26966900
2018-09-28,10.0429,10.2272,9.8913202,9.9693403,9.9693403,25097900
2018-09-29,9.9566898,10.0324,9.7570801,9.9991398,9.9991398,26072400
2018-09-30,10.0034,10.0356,9.8533602,10.0178,10.0178,26954000
2018-10-01,10.0097,10.05,9.8815498,9.9436598,9.9436598,25138500
2018-10-02,9.9361401,10.6069,9.8801603,10.3568,10.3568,41386000
2018-10-03,10.3286,10.444,10.0644,10.2712,10.2712,38371900
2018-10-04,10.2866,10.3936,10.2214,10.2556,10.2556,32534900
2018-10-05,10.2513,10.7151,10.2399,10.6362,10.6362,40756200
2018-10-06,10.6451,10.7457,10.2988,10.3721,10.3721,30941000
2018-10-07,10.3992,10.5317,10.2966,10.519,10.519,32205000
2018-10-08,10.5321,10.6321,10.4589,10.5066,10.5066,31932700
2018-10-09,10.5359,10.5735,10.227,10.3849,10.3849,27881100
2018-10-10,10.359,10.4012,10.2059,10.328,10.328,26141100
2018-10-11,10.3097,10.3097,9.2536201,9.3013201,9.3013201,26084400
2018-10-12,9.2807398,9.6618099,9.2365103,9.5289402,9.5289402,26099400
2018-10-13,9.4920597,9.62708,9.4777899,9.5403605,9.5403605,24253100
2018-10-14,9.54636,9.6415997,9.4658003,9.4967403,9.4967403,22974000
2018-10-15,9.4812298,10.4415,9.4180899,10.3161,10.3161,52331400
2018-10-16,10.3213,10.3267,9.9163904,10.0109,10.0109,30719200
2018-10-17,10.0256,10.0281,9.81882,9.9044704,9.9044704,35325400
2018-10-18,9.9250402,9.9590502,9.6374502,9.7165804,9.7165804,29790800
2018-10-19,9.7176704,9.7901402,9.6314402,9.7667503,9.7667503,24658400
2018-10-20,9.7572803,9.7896795,9.6812696,9.7546301,9.7546301,23972200
2018-10-21,9.7577295,9.8674297,9.6844101,9.7433004,9.7433004,25790200
2018-10-22,9.7214098,9.8432703,9.6509895,9.7268496,9.7268496,27599800
2018-10-23,9.7027597,9.86236,9.6760302,9.8030796,9.8030796,30852200
2018-10-24,9.7823095,9.82127,9.7122402,9.7453203,9.7453203,26652600
2018-10-25,9.7336903,9.7521601,9.64398,9.6922798,9.6922798,25207400
2018-10-26,9.67556,9.7318697,9.6211596,9.7026796,9.7026796,24495800
2018-10-27,9.7015696,9.7332401,9.63451,9.6544504,9.6544504,22943000
2018-10-28,9.6743898,9.7141504,9.5944901,9.66679,9.66679,24760500
2018-10-29,9.6398897,9.6814404,9.3443403,9.4026203,9.4026203,24583200
2018-10-30,9.4046202,9.4688797,9.35219,9.3870401,9.3870401,24305700
2018-10-31,9.4007196,9.4189196,9.3076897,9.3649597,9.3649597,21398200
2018-11-01,9.3713102,9.6254597,9.3402004,9.5492201,9.5492201,19690100
2018-11-02,9.5307102,9.6063995,9.4767199,9.5730801,9.5730801,21304800
2018-11-03,9.5852404,9.6281404,9.4903698,9.5302095,9.5302095,19663500
2018-11-04,9.5319204,9.7359896,9.4925404,9.6275396,9.6275396,24079700
2018-11-05,9.5892801,9.7666702,9.5794201,9.6725101,9.6725101,21103300
2018-11-06,9.7086697,9.7817898,9.6163702,9.7808104,9.7808104,24810200
2018-11-07,9.8022203,9.8838797,9.7730103,9.8169298,9.8169298,23433700
2018-11-08,9.8122301,9.8344803,9.6166601,9.6509504,9.6509504,21877100
2018-11-09,9.6413002,9.6668797,9.4884901,9.5542002,9.5542002,18859800
2018-11-10,9.5468998,9.6367998,9.5128603,9.5575199,9.5575199,18550600
2018-11-11,9.5663996,9.57967,9.3524904,9.4659996,9.4659996,18889600
2018-11-12,9.4859695,9.5181704,9.2743702,9.3612204,9.3612204,19452700
2018-11-13,9.3708401,9.4683599,9.1852503,9.2484102,9.2484102,17068400
2018-11-14,9.2191696,9.2274704,8.1401596,8.4070101,8.4070101,19518100
2018-11-15,8.4146299,8.4608202,7.74579,8.1848602,8.1848602,19131700
2018-11-16,8.1830797,8.2144203,7.7986302,7.88448,7.88448,18869500
2018-11-17,7.89744,7.9028001,7.60671,7.7182002,7.7182002,16973900
2018-11-18,7.7385001,8.0266504,7.7281499,7.9997602,7.9997602,13784000
2018-11-19,7.9994602,8.0060797,6.6045599,6.6320901,6.6320901,21567100
2018-11-20,6.6124201,6.76336,5.5528998,5.76021,5.76021,25989200
2018-11-21,5.7983298,6.2044802,5.5650501,6.1990499,6.1990499,14208800
2018-11-22,6.20713,6.2349401,5.7555499,5.7555499,5.7555499,9885300
2018-11-23,5.7357302,5.7722902,5.4184899,5.5574298,5.5574298,9943370
2018-11-24,5.55686,5.6656799,4.7191801,5.1152802,5.1152802,11938900
2018-11-25,5.0850101,5.2814898,4.4422302,5.1805801,5.1805801,12236300
2018-11-26,5.1792998,5.2558098,4.6714101,4.9264498,4.9264498,10132300
2018-11-27,4.9059,4.94555,4.6803198,4.9130502,4.9130502,9050190
2018-11-28,4.8991899,5.4740701,4.8991899,5.3369598,5.3369598,15392800
2018-11-29,5.3535738,5.6000171,5.1454921,5.346633,5.346633,13027940
2018-11-30,5.3681569,5.43155,4.9507198,5.0785718,5.0785718,10699024
2018-12-01,5.0866952,5.4203658,5.010767,5.288723,5.288723,12291155
2018-12-02,5.2731528,5.4250889,5.1966639,5.2504172,5.2504172,11848313
2018-12-03,5.2535892,5.280643,5.0031362,5.109251,5.109251,12193045
2018-12-04,5.1113791,6.287437,5.1113791,5.8807912,5.8807912,39059359
2018-12-05,5.9208641,6.5852008,5.7816162,5.9842782,5.9842782,61589926
2018-12-06,6.0099931,6.0593352,4.9516869,4.9516869,4.9516869,38404207
2018-12-07,4.921514,4.9644518,4.189971,4.5286498,4.5286498,24895395
2018-12-08,4.5329509,4.8124008,4.3838658,4.700418,4.700418,16534323
2018-12-09,4.7144361,5.0544362,4.619206,4.8591042,4.8591042,17862646
2018-12-10,4.852922,4.9956832,4.593338,4.7122631,4.7122631,13851408
2018-12-11,4.7052279,4.9694319,4.5879688,4.9406981,4.9406981,19625570
2018-12-12,4.9352279,5.182591,4.825037,5.0231371,5.0231371,17783397
2018-12-13,5.0269532,5.0274658,4.590775,4.6507039,4.6507039,14503435
2018-12-14,4.6532178,4.7509718,4.462606,4.5333571,4.5333571,13544913
2018-12-15,4.5345802,4.6350098,4.483253,4.5630121,4.5630121,12572161
2018-12-16,4.5701861,4.725925,4.5409369,4.6452579,4.6452579,14565932
2018-12-17,4.6502042,5.1616478,4.636384,5.1100168,5.1100168,17799305
2018-12-18,5.1130128,5.6002698,4.9844332,5.6002698,5.6002698,26195539
2018-12-19,5.605103,5.8906841,5.4009209,5.4919009,5.4919009,25173916
2018-12-20,5.4665141,5.9218111,5.373549,5.7922568,5.7922568,27976597
2018-12-21,5.7908039,5.8719392,5.4465518,5.5671439,5.5671439,24440098
2018-12-22,5.5625882,5.9532938,5.5048661,5.9305782,5.9305782,28188479
2018-12-23,5.9314122,6.2084799,5.8999519,6.0590081,6.0590081,29722800
2018-12-24,6.0638852,6.5751791,6.0601449,6.1449242,6.1449242,30471526
2018-12-25,6.1923752,6.1923752,5.4579968,5.547575,5.547575,19913983
2018-12-26,5.5526719,5.7681618,5.5265789,5.7131052,5.7131052,19526927
2018-12-27,5.7172122,5.7507968,5.2466512,5.2754502,5.2754502,16073455
2018-12-28,5.2891879,6.020247,5.245348,6.0118279,6.0118279,23929897
2018-12-29,6.0279398,6.0956402,5.8323398,5.8323398,5.8323398,20325768
2018-12-30,5.842567,6.0135422,5.773901,5.9957108,5.9957108,21109984
2018-12-31,6.0005908,6.3292389,5.9743991,6.164732,6.164732,38216014
2019-01-01,6.191432,6.1919289,5.8851218,6.075273,6.075273,23891162
2019-01-02,6.091465,6.2078729,5.9490061,6.1886129,6.1886129,30308610
2019-01-03,6.1719069,6.1751161,5.9015589,5.9035349,5.9035349,22821639
2019-01-04,5.895052,6.0658979,5.8637142,6.0651379,6.0651379,29311136
2019-01-05,6.0556612,6.2043762,6.034071,6.0655432,6.0655432,30340637
2019-01-06,6.0681529,6.5027342,6.03409,6.3959789,6.3959789,41574183
2019-01-07,6.4293571,6.4294872,6.2319341,6.2914109,6.2914109,37914513
2019-01-08,6.2958651,6.9110289,6.235755,6.6400542,6.6400542,65660517
2019-01-09,6.6596789,6.9650779,6.4738879,6.6415501,6.6415501,74676974
2019-01-10,6.6109381,6.683948,5.800487,5.9159188,5.9159188,75844882
2019-01-11,5.9650331,6.237288,5.8425999,6.0753422,6.0753422,50239804
2019-01-12,6.0867329,6.087327,5.9292531,5.976965,5.976965,32654874
2019-01-13,5.9749222,6.0007582,5.4934211,5.5687571,5.5687571,26590183
2019-01-14,5.5776691,6.1592822,5.5744181,6.1592822,6.1592822,43109288
2019-01-15,6.1636758,6.1636758,5.8174858,5.9190478,5.9190478,25427436
2019-01-16,5.9161782,6.2493281,5.900547,6.1860142,6.1860142,35059223
2019-01-17,6.1718349,6.4178319,6.0818329,6.4178319,6.4178319,36306127
2019-01-18,6.405715,6.6877999,6.3366399,6.5630398,6.5630398,43105423
2019-01-19,6.5700979,6.728054,6.356164,6.6354489,6.6354489,46981638
2019-01-20,6.6468239,6.7301631,6.3759308,6.4938688,6.4938688,49479090
2019-01-21,6.5052161,6.5792398,6.4221201,6.5530248,6.5530248,36321046
2019-01-22,6.5432329,6.5680981,6.3847609,6.5231991,6.5231991,31986617
2019-01-23,6.5305262,6.5739989,6.436419,6.5414019,6.5414019,33083575
2019-01-24,6.5343552,6.5417628,6.4659939,6.5057921,6.5057921,26614401
2019-01-25,6.5147548,6.7990069,6.5055089,6.7373252,6.7373252,43731936
2019-01-26,6.7503142,7.0396409,6.6906829,7.0065651,7.0065651,48498979
2019-01-27,7.0030599,7.2467699,6.8609042,7.0881991,7.0881991,52872347
2019-01-28,7.0914969,7.1894321,6.1068192,6.206182,6.206182,82427200
2019-01-29,6.220346,6.3146629,6.0596852,6.1816702,6.1816702,49291811
2019-01-30,6.1747351,6.2194409,6.056818,6.1745291,6.1745291,41310644
2019-01-31,6.1731591,6.3332129,6.0287309,6.268436,6.268436,52240451
2019-02-01,6.264142,6.6480269,6.1722951,6.5626168,6.5626168,56050947
2019-02-02,6.5543461,6.891695,6.5250211,6.891695,6.891695,56627089
2019-02-03,6.885941,6.9206572,6.621789,6.7381649,6.7381649,59942158
2019-02-04,6.7658262,7.173779,6.7039089,7.1005001,7.1005001,71959989
2019-02-05,7.0606198,7.9143362,6.9551592,7.8198099,7.8198099,96588397
2019-02-06,7.8631492,8.4665174,7.405838,8.086174,8.086174,118867601
2019-02-07,8.103447,8.4282656,7.702507,7.7303252,7.7303252,86056681
2019-02-08,7.7807212,8.8289843,7.6522121,8.5755672,8.5755672,103694036
2019-02-09,8.6017189,8.9316483,8.4678726,8.871357,8.871357,106420119
2019-02-10,8.8561602,9.3372917,8.8561602,9.2115402,9.2115402,125419865
2019-02-11,9.1923809,9.8247776,9.151557,9.5518093,9.5518093,136029624
2019-02-12,9.5335226,9.7487144,8.9806871,9.3417807,9.3417807,123194872
2019-02-13,9.3282299,9.3282299,8.7892609,8.9410734,8.9410734,95068052
2019-02-14,8.9296198,9.0677919,8.4600048,8.7820482,8.7820482,72389547
2019-02-15,8.8216047,9.5086288,8.7773533,9.2738323,9.2738323,83961438
2019-02-16,9.3175259,9.3372221,9.0781469,9.1292505,9.1292505,65705040
2019-02-17,9.1343098,9.2191668,8.9201403,9.2160463,9.2160463,66977126
2019-02-18,9.2150288,9.744648,9.1791925,9.6344357,9.6344357,79003060
2019-02-19,9.6547174,11.109812,9.5809584,10.563078,10.563078,128091178
2019-02-20,10.522627,11.323774,10.522627,10.966056,10.966056,118033473
2019-02-21,10.985795,10.985795,10.234242,10.492892,10.492892,85754656
2019-02-22,10.447696,10.989879,10.433596,10.837115,10.837115,82256314
2019-02-23,10.823094,10.865765,10.458562,10.781801,10.781801,81628102
2019-02-24,10.797889,11.085546,9.6238842,10.113093,10.113093,113588899
2019-02-25,10.065574,10.29017,9.5445747,9.8420124,9.8420124,146043498
2019-02-26,9.8224974,9.8746767,9.4508905,9.521595,9.521595,88437694
2019-02-27,9.5208607,10.115608,9.4358711,9.8991318,9.8991318,93800328
2019-02-28,9.9146624,10.549581,9.8945332,10.365178,10.365178,100626963
2019-03-01,10.356931,11.607489,10.325634,11.393217,11.393217,117838677
2019-03-02,11.384693,11.915753,10.960816,11.869744,11.869744,120807894
2019-03-03,11.845305,11.964979,11.352064,11.537903,11.537903,89868246
2019-03-04,11.538013,11.599405,11.070543,11.545945,11.545945,89421231
2019-03-05,11.520388,13.841443,11.520388,13.811967,13.811967,237026335
2019-03-06,13.750288,14.555457,13.112671,14.517946,14.517946,191016822
2019-03-07,14.525312,15.645143,14.444202,15.145886,15.145886,236520320
2019-03-08,15.226148,15.322368,13.761346,14.366936,14.366936,227303083
2019-03-09,14.284603,14.948982,14.105336,14.565879,14.565879,160640089
2019-03-10,14.566903,14.602171,14.07329,14.494439,14.494439,140866074
2019-03-11,14.498401,14.967264,14.217393,14.514414,14.514414,152327295
2019-03-12,14.495936,15.507338,14.324997,15.406131,15.406131,169525508
2019-03-13,15.427578,15.44846,15.097646,15.115124,15.115124,145402739
2019-03-14,15.119261,15.231841,14.748009,15.051104,15.051104,137039682
2019-03-15,15.033138,15.298235,15.009156,15.077102,15.077102,124146334
2019-03-16,15.052109,16.160261,15.021489,16.119011,16.119011,143423670
2019-03-17,16.089241,16.097116,15.682742,15.761146,15.761146,131687083
2019-03-18,15.754995,15.94178,15.404627,15.682012,15.682012,132882167
2019-03-19,15.675785,16.010118,15.413415,15.693595,15.693595,216950178
2019-03-20,15.692178,15.723441,15.178736,15.280023,15.280023,136054765
2019-03-21,15.281807,15.454046,14.338748,14.517393,14.517393,152779939
2019-03-22,14.495111,15.318473,14.392446,15.266424,15.266424,149753510
2019-03-23,15.24981,15.54673,15.103736,15.235995,15.235995,143128548
2019-03-24,15.241132,17.377954,14.91545,17.285357,17.285357,314554203
2019-03-25,17.249006,17.416224,16.216286,16.841007,16.841007,199413830
2019-03-26,16.75865,16.827078,15.778379,16.335665,16.335665,186112032
2019-03-27,16.288694,16.95521,16.04911,16.781343,16.781343,202275822
2019-03-28,16.777079,16.912256,16.610222,16.80533,16.80533,189454288
2019-03-29,16.802631,16.895767,16.453279,16.510141,16.510141,172002338
2019-03-30,16.492199,17.243795,16.066578,16.932213,16.932213,182021376
2019-03-31,16.932213,17.56834,16.772444,17.40167,17.40167,199990283
2019-04-01,17.410639,18.058975,17.291075,17.950502,17.950502,202977286
2019-04-02,17.960625,19.921143,17.691793,19.789783,19.789783,264406306
2019-04-03,19.799784,20.071714,18.429638,18.753063,18.753063,254862222
2019-04-04,18.743467,19.545368,18.447649,19.142689,19.142689,214630296
2019-04-05,19.139215,19.530912,18.941456,19.453466,19.453466,181774781
2019-04-06,19.460411,19.474812,18.892471,19.115629,19.115629,155317547
2019-04-07,19.10643,19.269764,18.908728,19.110271,19.110271,149525473
2019-04-08,19.079069,19.090576,18.07328,18.113703,18.113703,178255322
2019-04-09,18.113703,18.644468,17.320002,18.435053,18.435053,203380139
2019-04-10,18.425514,18.687946,18.117266,18.248579,18.248579,180291307
2019-04-11,18.278069,18.286966,16.589216,17.70048,17.70048,159364357
2019-04-12,17.68915,18.633879,16.809151,18.434271,18.434271,171773154
2019-04-13,18.436537,18.719797,18.150991,18.719797,18.719797,167393154
2019-04-14,18.713379,20.007793,18.532438,19.49202,19.49202,189084742
2019-04-15,19.49202,19.895941,18.888897,19.402426,19.402426,176699111
2019-04-16,19.387169,19.855835,18.793818,19.827456,19.827456,174830782
2019-04-17,19.825439,19.889503,19.425251,19.60335,19.60335,186563033
2019-04-18,19.588575,22.075722,19.536499,22.038479,22.038479,376729341
2019-04-19,22.026449,24.801462,21.31613,24.475281,24.475281,397681147
2019-04-20,24.517479,25.533409,23.959887,25.007528,25.007528,311312466
2019-04-21,24.991802,24.991802,22.78933,24.193829,24.193829,281288778
2019-04-22,24.186974,24.701054,23.398413,23.90811,23.90811,254544860
2019-04-23,23.909674,24.745443,22.689814,22.876261,22.876261,264898474
2019-04-24,22.848101,23.165354,21.407845,23.129068,23.129068,259839247
2019-04-25,23.102085,23.530529,21.540197,22.243107,22.243107,244068802
2019-04-26,22.285395,23.463964,21.64414,22.869429,22.869429,253113255
2019-04-27,22.867357,22.951124,22.258814,22.341587,22.341587,205615716
2019-04-28,22.352484,23.035332,22.301577,22.89934,22.89934,222693167
2019-04-29,22.904093,22.93445,21.319277,21.705067,21.705067,201243334
2019-04-30,21.702774,22.349962,21.428402,22.127836,22.127836,190326179
2019-05-01,22.13475,22.216763,21.636343,21.953621,21.953621,180070221
2019-05-02,21.954395,23.963108,21.834435,23.59193,23.59193,228233321
2019-05-03,23.582506,23.93055,23.130514,23.749628,23.749628,218859579
2019-05-04,23.749628,23.766676,22.54578,22.884832,22.884832,193177736
2019-05-05,22.893597,23.09173,22.643623,23.019953,23.019953,171107466
2019-05-06,23.017311,23.017311,21.619482,22.206635,22.206635,175856220
2019-05-07,22.185858,22.471712,20.661934,20.86418,20.86418,171922295
2019-05-08,20.779163,21.351166,19.797798,20.752676,20.752676,247852849
2019-05-09,20.752676,20.893394,18.660295,18.828356,18.828356,204395709
2019-05-10,18.79928,20.010855,18.467089,19.598108,19.598108,209097573
2019-05-11,19.598108,21.935244,19.084505,21.049442,21.049442,298063616
2019-05-12,21.079224,21.465311,20.330961,20.830297,20.830297,239206084
2019-05-13,20.830297,24.525524,20.752537,23.811028,23.811028,404049210
2019-05-14,23.885628,24.484398,22.935579,23.626419,23.626419,328207185
2019-05-15,23.646799,27.14053,23.607109,26.894939,26.894939,357899657
2019-05-16,26.788618,27.648455,25.449808,26.325806,26.325806,368906500
2019-05-17,26.318087,26.605473,23.489433,25.682571,25.682571,398169924
2019-05-18,25.682571,28.41995,25.277443,28.396793,28.396793,470683583
2019-05-19,28.371433,29.917761,27.15608,29.412844,29.412844,494423260
2019-05-20,29.399864,29.433695,28.040089,29.305387,29.305387,457260435
2019-05-21,29.30958,32.428185,28.351641,32.007378,32.007378,742382920
2019-05-22,32.028797,32.217621,30.978563,31.422043,31.422043,534057314
2019-05-23,31.364128,32.202095,30.44655,31.515736,31.515736,536619660
2019-05-24,31.533712,34.348232,31.287281,33.841393,33.841393,648459287
2019-05-25,33.841393,35.326099,33.558582,35.053101,35.053101,637380073
2019-05-26,35.046131,35.082748,33.227749,34.104851,34.104851,611208604
2019-05-27,34.059341,35.292072,33.27457,33.680679,33.680679,598117911
2019-05-28,33.71299,34.639824,32.891926,33.360947,33.360947,516116377
2019-05-29,33.346935,33.882469,31.908852,33.744354,33.744354,564894524
2019-05-30,33.780003,35.504501,31.484688,32.291065,32.291065,517229671
2019-05-31,32.291065,32.752518,31.383709,32.748165,32.748165,503989734
2019-06-01,32.747639,33.761368,32.53577,33.013649,33.013649,572703757
2019-06-02,33.013649,33.763313,32.626389,33.174049,33.174049,461362658
2019-06-03,33.187714,33.197384,31.196793,31.391956,31.391956,417996141
2019-06-04,31.376373,31.418369,29.183624,29.380625,29.380625,421064886
2019-06-05,29.415113,31.184685,29.259869,31.006264,31.006264,464095694
2019-06-06,30.992432,32.120739,30.220802,31.480104,31.480104,416584078
2019-06-07,31.472219,32.184448,31.336231,31.587482,31.587482,342881981
2019-06-08,31.606207,32.286797,31.431738,32.066322,32.066322,428041268
2019-06-09,32.063076,32.149796,30.492479,30.558287,30.558287,336574887
2019-06-10,30.546289,32.131367,30.18664,32.064728,32.064728,459590416
2019-06-11,32.072163,32.323784,31.395395,32.262657,32.262657,393897651
2019-06-12,32.289455,34.765511,32.186485,34.686386,34.686386,547786335
2019-06-13,34.601311,35.999355,34.349529,35.143143,35.143143,512885462
2019-06-14,35.130955,35.267231,30.942671,33.076382,33.076382,737850145
2019-06-15,33.059006,33.962418,32.367481,32.825863,32.825863,489033316
2019-06-16,32.825863,33.375111,32.11668,32.402725,32.402725,389404410
2019-06-17,32.389389,34.197742,32.381485,33.917877,33.917877,439337220
2019-06-18,33.927719,35.106651,33.878078,34.339508,34.339508,484975596
2019-06-19,34.362247,35.676552,34.362247,35.287197,35.287197,509791358
2019-06-20,35.303825,36.985744,34.512856,36.726063,36.726063,636578809
2019-06-21,36.693123,38.894684,36.335102,38.815918,38.815918,438604247
2019-06-22,38.812336,39.566536,37.544617,37.799755,37.799755,428828573
2019-06-23,37.832153,38.338207,37.028694,37.134727,37.134727,369969675
2019-06-24,37.134727,37.628246,35.944275,37.43364,37.43364,329001838
2019-06-25,37.393047,37.393047,35.768604,36.008289,36.008289,293163090
2019-06-26,36.008289,37.732262,34.347664,35.698311,35.698311,444226052
2019-06-27,35.726513,35.827217,32.763252,33.823589,33.823589,375392572
2019-06-28,33.865391,34.774651,33.375317,34.54974,34.54974,337534352
2019-06-29,34.586788,35.528324,33.284142,35.360107,35.360107,369705514
2019-06-30,35.398891,35.398891,32.442482,32.442482,32.442482,286632252
2019-07-01,32.442482,33.934074,31.689184,32.922298,32.922298,290190904
2019-07-02,32.924438,33.4608,30.877823,32.009235,32.009235,348029977
2019-07-03,32.034126,33.087204,31.798889,32.6675,32.6675,248895676
2019-07-04,32.691105,34.313126,32.3759,32.893326,32.893326,348186707
2019-07-05,32.999283,33.640659,32.445293,32.713165,32.713165,232575484
2019-07-06,32.711334,33.319241,32.479439,32.530941,32.530941,187247411
2019-07-07,32.521633,33.492958,32.450661,33.241062,33.241062,198859381
2019-07-08,33.2635,34.250313,33.09766,33.469681,33.469681,257698795
2019-07-09,33.471279,33.951302,32.533199,32.707649,32.707649,210904382
2019-07-10,32.703178,32.974998,30.956919,31.477377,31.477377,270511687
2019-07-11,31.503983,31.799553,28.913054,29.641972,29.641972,251161946
2019-07-12,29.653322,32.213291,29.340874,31.69433,31.69433,417842730
2019-07-13,31.710497,32.393665,30.508289,31.506933,31.506933,273938894
2019-07-14,31.546743,31.648867,28.8517,28.924282,28.924282,299523499
2019-07-15,28.931217,29.007208,27.248016,28.393448,28.393448,384045964
2019-07-16,28.377279,29.296755,25.49795,25.525009,25.525009,439515318
2019-07-17,25.51922,27.948088,24.903645,27.219601,27.219601,572389805
2019-07-18,27.257734,29.159201,26.937096,28.922812,28.922812,711895799
2019-07-19,28.922812,29.779114,28.424982,29.078394,29.078394,483963124
2019-07-20,29.085665,31.185453,29.065611,30.872244,30.872244,367891866
2019-07-21,30.923164,31.312019,29.640697,30.519543,30.519543,285097790
2019-07-22,30.537548,32.105835,29.811928,30.634586,30.634586,416965642
2019-07-23,30.642389,30.762943,29.25984,29.585196,29.585196,324109274
2019-07-24,29.575377,29.632328,28.211214,29.163717,29.163717,265315497
2019-07-25,29.130066,29.547565,28.697226,29.002432,29.002432,248126220
2019-07-26,28.993568,29.153437,28.5441,28.979189,28.979189,231263489
2019-07-27,28.979189,29.35854,27.57947,27.885626,27.885626,191655093
2019-07-28,27.89959,27.930962,26.969505,27.835171,27.835171,163990878
2019-07-29,27.812122,27.875608,27.03717,27.203272,27.203272,146207597
2019-07-30,27.224409,27.231943,26.592562,26.942305,26.942305,148410035
2019-07-31,26.96241,27.758245,26.93767,27.644558,27.644558,202950576
2019-08-01,27.622198,28.824184,27.574347,28.773273,28.773273,287326494
2019-08-02,28.781208,28.781208,27.817263,28.038483,28.038483,197026849
2019-08-03,28.084473,28.425188,27.740437,27.88986,27.88986,153702445
2019-08-04,27.88274,28.072529,27.359789,27.556162,27.556162,136844756
2019-08-05,27.542446,28.334511,27.49544,28.011879,28.011879,183750146
2019-08-06,28.042664,28.42919,27.349714,27.638088,27.638088,192614971
2019-08-07,27.639204,29.605841,27.439505,29.354368,29.354368,314659493
2019-08-08,29.368263,31.301611,29.034807,30.832846,30.832846,404379079
2019-08-09,30.86742,31.178043,29.9126,29.961473,29.961473,222912268
2019-08-10,29.943947,30.048101,29.166979,29.681858,29.681858,248736115
2019-08-11,29.683729,30.294462,29.511614,30.057255,30.057255,263951565
2019-08-12,30.082451,30.476917,29.847008,30.166882,30.166882,278357603
2019-08-13,30.168036,30.356314,29.273386,29.466278,29.466278,241841209
2019-08-14,29.461535,29.471531,27.100716,27.105581,27.105581,227534067
2019-08-15,27.096399,28.175163,26.697918,28.043447,28.043447,248072109
2019-08-16,28.058994,28.082714,26.897261,27.644571,27.644571,203654965
2019-08-17,27.652128,27.939247,27.137726,27.480522,27.480522,196083314
2019-08-18,27.494616,28.100086,27.180698,27.932446,27.932446,229491438
2019-08-19,27.945265,29.056501,27.818151,28.809004,28.809004,259250527
2019-08-20,28.814861,28.814861,28.057156,28.16749,28.16749,209875661
2019-08-21,28.166189,28.166189,26.593287,26.993715,26.993715,198468093
2019-08-22,26.993715,27.445282,26.429415,27.089191,27.089191,193368566
2019-08-23,27.089191,27.39028,26.852848,27.17053,27.17053,195437616
2019-08-24,27.16345,27.16345,26.234667,26.495663,26.495663,164452279
2019-08-25,26.486662,26.531397,25.874632,26.131847,26.131847,165296408
2019-08-26,26.141945,27.075457,25.858334,26.10833,26.10833,277691463
2019-08-27,26.123911,26.146265,25.095142,25.688978,25.688978,196715449
2019-08-28,25.69751,26.017611,23.688963,23.702868,23.702868,206092745
2019-08-29,23.687647,23.687647,21.823618,21.889606,21.889606,200824073
2019-08-30,21.889606,22.620028,21.642433,22.218857,22.218857,196253457
2019-08-31,22.211996,22.440653,21.190308,21.265915,21.265915,167589166
2019-09-01,21.258728,21.783531,21.171324,21.56867,21.56867,173772205
2019-09-02,21.56867,22.885141,21.20372,22.767134,22.767134,237417710
2019-09-03,22.760757,22.929132,22.365454,22.51454,22.51454,181166381
2019-09-04,22.527363,22.672157,21.672556,21.796309,21.796309,148909991
2019-09-05,21.815975,23.535213,21.573095,22.761099,22.761099,259054353
2019-09-06,22.761099,23.422079,21.819485,22.153149,22.153149,240129733
2019-09-07,22.144773,22.670441,22.073927,22.548977,22.548977,203280778
2019-09-08,22.569153,22.825674,22.377657,22.561689,22.561689,175027324
2019-09-09,22.569023,22.650728,21.980152,22.28739,22.28739,155543678
2019-09-10,22.285955,22.412298,21.631626,21.911144,21.911144,139754246
2019-09-11,21.913788,22.039095,20.765682,20.899321,20.899321,147044919
2019-09-12,20.892231,21.034546,19.961847,20.922277,20.922277,202313591
2019-09-13,20.934685,21.31023,20.640512,20.887466,20.887466,171327680
2019-09-14,20.897963,21.200245,20.883282,21.071585,21.071585,163028906
2019-09-15,21.07321,21.133564,20.59894,20.59894,20.59894,151856190
2019-09-16,20.599483,20.972734,20.204674,20.398512,20.398512,143466438
2019-09-17,20.403664,21.357431,20.276211,21.005367,21.005367,209209108
2019-09-18,21.006315,22.901838,21.005375,22.255444,22.255444,369440814
2019-09-19,22.242105,22.488718,20.633652,21.614601,21.614601,249524458
2019-09-20,21.632219,21.639814,21.094284,21.371471,21.371471,198988737
2019-09-21,21.380461,21.54067,20.990204,21.08218,21.08218,175114438
2019-09-22,21.092932,21.094391,20.255091,20.525558,20.525558,153747684
2019-09-23,20.526655,20.526655,19.473898,19.485477,19.485477,146934616
2019-09-24,19.477552,19.627262,15.983081,16.06769,16.06769,229488109
2019-09-25,16.059175,16.597141,15.204413,16.258373,16.258373,179697117
2019-09-26,16.258678,16.587088,14.841279,15.459808,15.459808,157594803
2019-09-27,15.457432,15.824426,14.932237,15.790263,15.790263,139548410
2019-09-28,15.791577,15.955493,15.563171,15.851419,15.851419,123900187
2019-09-29,15.854201,15.9189,15.142386,15.3051,15.3051,109712932
2019-09-30,15.312654,15.873624,14.866081,15.862675,15.862675,124329060
2019-10-01,15.882751,16.293995,15.782406,15.903211,15.903211,125165661
2019-10-02,15.909658,15.971188,15.67164,15.950048,15.950048,106103588
2019-10-03,15.946712,16.00584,15.431717,15.72676,15.72676,117720712
2019-10-04,15.724738,15.904014,15.500567,15.755114,15.755114,121510968
2019-10-05,15.74993,15.80357,15.469995,15.72358,15.72358,123665932
2019-10-06,15.722038,15.750016,15.262351,15.34898,15.34898,116659103
2019-10-07,15.339182,16.193829,15.191024,16.134346,16.134346,147393768
2019-10-08,16.139175,16.346056,15.88909,16.108192,16.108192,135346905
2019-10-09,16.110806,17.965736,16.009398,17.80658,17.80658,295619363
2019-10-10,17.804054,17.945953,17.125574,17.571154,17.571154,236960467
2019-10-11,17.569082,17.626045,16.709532,16.709532,16.709532,194750430
2019-10-12,16.714169,17.512115,16.690691,17.277906,17.277906,228500831
2019-10-13,17.256668,18.764862,17.18005,18.308025,18.308025,275090600
2019-10-14,18.308025,18.621948,17.953085,18.459478,18.459478,246674814
2019-10-15,18.425875,19.149546,18.201193,18.544653,18.544653,325479444
2019-10-16,18.516953,18.602861,17.523808,17.84005,17.84005,229668087
2019-10-17,17.840694,18.764177,17.706579,18.570269,18.570269,250474298
2019-10-18,18.575981,18.749443,17.812212,18.254192,18.254192,208244557
2019-10-19,18.253242,18.514,17.972124,18.288546,18.288546,211728668
2019-10-20,18.294844,18.568338,17.882141,18.437923,18.437923,225458859
2019-10-21,18.4629,18.514597,18.057167,18.30555,18.30555,188130463
2019-10-22,18.297865,18.801294,18.172075,18.195602,18.195602,234929207
2019-10-23,18.198627,18.300701,16.424189,16.711174,16.711174,201092098
2019-10-24,16.712074,17.163677,16.490038,16.891573,16.891573,200253301
2019-10-25,17.072279,18.908854,16.479548,18.616058,18.616058,344418868
2019-10-26,18.629129,19.7822,18.181387,18.889704,18.889704,292124012
2019-10-27,18.889336,19.586168,18.573759,19.345646,19.345646,292948855
2019-10-28,19.338453,20.903744,19.311893,19.75832,19.75832,337867337
2019-10-29,19.813639,20.917786,19.700254,20.477106,20.477106,317609149
2019-10-30,20.493002,20.582466,19.229925,20.08695,20.08695,250293832
2019-10-31,20.099312,20.39628,19.53607,20.000233,20.000233,250225840
2019-11-01,19.994114,20.062315,19.779503,20.021502,20.021502,198377285
2019-11-02,20.019491,20.398685,19.860493,20.266994,20.266994,273890078
2019-11-03,20.269741,20.432634,19.88883,20.206045,20.206045,257571666
2019-11-04,20.226446,20.915594,20.18413,20.737982,20.737982,296502530
2019-11-05,20.741459,20.922068,20.447971,20.724674,20.724674,263685442
2019-11-06,20.716938,20.915331,20.28019,20.817923,20.817923,241489968
2019-11-07,20.814981,20.95944,20.247614,20.646936,20.646936,222003636
2019-11-08,20.693029,20.693029,19.474821,19.690773,19.690773,184596047
2019-11-09,19.678764,19.984583,19.60043,19.735447,19.735447,176812608
2019-11-10,19.732647,20.631216,19.727482,20.481758,20.481758,239714468
2019-11-11,20.479851,20.644917,19.915712,20.133141,20.133141,209454454
2019-11-12,20.140926,20.862392,20.094767,20.857447,20.857447,227650068
2019-11-13,20.868423,21.635714,20.706499,21.250431,21.250431,252296146
2019-11-14,21.281357,21.512638,20.973976,21.2647,21.2647,237992230
2019-11-15,21.24172,21.294973,20.177896,20.316225,20.316225,225530775
2019-11-16,20.317408,20.634136,20.092073,20.282654,20.282654,211016746
2019-11-17,20.276932,20.620121,20.030483,20.260794,20.260794,224982344
2019-11-18,20.343597,20.432167,18.936802,19.31687,19.31687,224380017
2019-11-19,19.311863,19.633316,18.37516,18.703299,18.703299,206923366
2019-11-20,18.707344,18.927099,17.851746,18.172274,18.172274,210091849
2019-11-21,18.162695,18.187632,16.620432,16.840218,16.840218,228429806
2019-11-22,16.840914,17.27018,14.68926,15.581703,15.581703,341456274
2019-11-23,15.581233,16.466188,15.151496,16.4195,16.4195,255961052
2019-11-24,16.398693,16.49132,15.278765,15.278765,15.278765,232363837
2019-11-25,15.285519,15.735272,14.195353,15.267364,15.267364,242510343
2019-11-26,15.272529,15.861213,15.225184,15.527255,15.527255,205893351
2019-11-27,15.49125,16.195232,14.94318,16.098288,16.098288,255021618
2019-11-28,16.095964,16.22864,15.64867,15.683207,15.683207,194516396
2019-11-29,15.678064,16.340714,15.645951,16.273304,16.273304,250074235
2019-11-30,16.263498,16.370699,15.539147,15.715951,15.715951,213428131
2019-12-01,15.743181,15.743181,15.054234,15.496336,15.496336,203268417
2019-12-02,15.509364,15.707174,15.152545,15.191858,15.191858,200809249
2019-12-03,15.191858,15.553175,15.048669,15.309556,15.309556,219927266
2019-12-04,15.34843,15.690587,15.009685,15.279978,15.279978,237605471
2019-12-05,15.260217,16.07777,14.949402,15.762839,15.762839,255410908
2019-12-06,15.767198,15.856934,15.454587,15.711299,15.711299,236694082
2019-12-07,15.70438,15.848582,15.632491,15.667086,15.667086,242693199
2019-12-08,15.662826,15.85143,15.509327,15.674523,15.674523,223721643
2019-12-09,15.66612,15.852706,15.350243,15.448539,15.448539,209955476
2019-12-10,15.438838,15.470151,14.780955,14.95887,14.95887,192615787
2019-12-11,14.947534,15.121334,14.710326,14.824551,14.824551,170909631
2019-12-12,14.819622,14.895612,14.557363,14.818167,14.818167,165964330
2019-12-13,14.817257,14.995106,14.740262,14.878744,14.878744,177476227
2019-12-14,14.883237,15.01233,14.371337,14.505015,14.505015,173092733
2019-12-15,14.512482,14.569659,14.188992,14.490446,14.490446,167670329
2019-12-16,14.488743,14.525597,13.458653,13.558786,13.558786,178952097
2019-12-17,13.555481,13.577941,12.183731,12.386941,12.386941,186995962
2019-12-18,12.381698,13.606532,12.286786,13.53526,13.53526,234697405
2019-12-19,13.568222,13.784852,12.966154,13.445779,13.445779,174965245
2019-12-20,13.459491,13.593329,13.231406,13.570779,13.570779,203861105
2019-12-21,13.568091,13.583239,13.329004,13.380659,13.380659,192827533
2019-12-22,13.390246,13.851878,13.368338,13.835881,13.835881,204111890
2019-12-23,13.810485,13.999125,13.305709,13.369034,13.369034,159105887
2019-12-24,13.381392,13.7683,13.326156,13.444571,13.444571,177372409
2019-12-25,13.459056,13.476138,13.065144,13.174839,13.174839,152718120
2019-12-26,13.176804,13.523954,13.156742,13.208636,13.208636,157660620
2019-12-27,13.208636,13.439774,13.123028,13.36272,13.36272,164413385
2019-12-28,13.35341,13.793531,13.334934,13.705417,13.705417,197525901
2019-12-29,13.696836,14.225638,13.646328,14.150045,14.150045,225354585
2019-12-30,14.155132,14.470634,13.924362,13.947442,13.947442,187275635
2019-12-31,13.952087,14.095331,13.648682,13.727642,13.727642,166278254
2020-01-01,13.730962,13.873946,13.654942,13.689083,13.689083,172980718
2020-01-02,13.698126,13.715548,12.989974,13.027011,13.027011,156376427
2020-01-03,13.035329,13.763709,13.012638,13.660452,13.660452,173683857
2020-01-04,13.667442,13.921914,13.560008,13.891512,13.891512,182230374
2020-01-05,13.88834,14.410801,13.886547,14.111019,14.111019,202552703
2020-01-06,14.11124,15.003565,14.11124,14.957808,14.957808,224800409
2020-01-07,14.966209,15.135275,14.568403,15.00925,15.00925,191948560
2020-01-08,15.022264,15.242219,14.337952,14.602934,14.602934,183632222
2020-01-09,14.589202,14.611089,14.305363,14.498314,14.498314,169699829
2020-01-10,14.478409,15.027689,14.182085,15.025826,15.025826,200173072
2020-01-11,15.020985,15.250237,14.779474,14.946328,14.946328,201663503
2020-01-12,14.946201,15.472109,14.869891,15.322083,15.322083,231150158
2020-01-13,15.322261,15.355387,14.991216,15.227272,15.227272,211785744
2020-01-14,15.215287,16.790661,15.194401,16.626122,16.626122,299316969
2020-01-15,16.603867,18.09627,16.394423,17.654812,17.654812,380806616
2020-01-16,17.646402,17.660793,16.439848,17.076946,17.076946,260423404
2020-01-17,17.112799,18.361832,17.08893,18.135199,18.135199,347229168
2020-01-18,18.129646,18.31448,17.555157,17.823919,17.823919,257317647
2020-01-19,17.83099,18.437756,16.841072,17.369253,17.369253,266285621
2020-01-20,17.392525,17.553738,16.864424,17.325275,17.325275,245125919
2020-01-21,17.327684,18.146685,17.169216,18.127666,18.127666,295922233
2020-01-22,18.124231,18.353712,17.598785,17.798361,17.798361,237634401
2020-01-23,17.811354,17.817013,16.787476,17.021404,17.021404,221009513
2020-01-24,17.031307,17.395035,16.489698,17.047409,17.047409,213341615
2020-01-25,17.049412,17.109013,16.603247,16.976107,16.976107,208315919
2020-01-26,16.973331,17.494526,16.873783,17.438633,17.438633,248646036
2020-01-27,17.443195,17.895115,17.279787,17.691341,17.691341,227584506
2020-01-28,17.683529,18.115135,17.499954,18.115135,18.115135,257579475
2020-01-29,18.066244,18.433632,17.883757,17.912777,17.912777,221674739
2020-01-30,17.920179,18.703236,17.730593,18.590408,18.590408,264686498
2020-01-31,18.590302,18.840961,17.854555,18.210979,18.210979,245035922
2020-02-01,18.202803,18.570148,18.067001,18.218321,18.218321,238461925
2020-02-02,18.202562,18.769257,17.897087,18.448185,18.448185,256209045
2020-02-03,18.45068,18.78767,18.227545,18.462755,18.462755,227749150
2020-02-04,18.466125,18.595591,17.904842,18.177366,18.177366,213533737
2020-02-05,18.195305,19.407156,18.170576,19.21505,19.21505,301486499
2020-02-06,19.229057,20.79269,19.077112,20.595263,20.595263,394704716
2020-02-07,20.583084,22.479801,20.467651,22.062258,22.062258,485529457
2020-02-08,22.057981,22.165306,20.977909,21.782419,21.782419,376067881
2020-02-09,21.757261,24.308561,21.748989,24.308561,24.308561,523664695
2020-02-10,24.342674,25.8132,23.548456,25.218315,25.218315,730144278
2020-02-11,25.261606,25.702721,24.195768,25.637403,25.637403,567226060
2020-02-12,25.657011,26.88055,25.41926,26.466763,26.466763,492328618
2020-02-13,26.463499,27.117456,24.755182,25.4401,25.4401,463998187
2020-02-14,25.434448,26.470024,25.154997,26.296959,26.296959,471534694
2020-02-15,26.300472,26.438311,23.706329,24.149651,24.149651,454859713
2020-02-16,24.22805,25.212297,22.11713,23.466389,23.466389,471225913
2020-02-17,23.421888,23.551378,21.69039,23.551378,23.551378,418783808
2020-02-18,23.521591,24.298689,22.898273,24.058178,24.058178,392689678
2020-02-19,24.074766,24.331917,22.21513,22.333511,22.333511,298250332
2020-02-20,22.35,22.665361,21.320684,22.229147,22.229147,358656850
2020-02-21,22.193645,22.755096,21.87401,22.184877,22.184877,396181352
2020-02-22,22.192751,22.318687,21.673792,21.968481,21.968481,328794302
2020-02-23,21.977989,22.969416,21.977989,22.828871,22.828871,439036993
2020-02-24,22.824919,23.245483,21.607086,22.044127,22.044127,357640680
2020-02-25,22.144562,22.144562,20.201307,20.34247,20.34247,356163893
2020-02-26,20.359814,20.519814,18.137678,18.799131,18.799131,443909390
2020-02-27,18.788363,19.615055,17.824158,19.122568,19.122568,406092296
2020-02-28,19.072939,19.719519,18.09516,18.854837,18.854837,461435237
2020-02-29,18.947647,20.182829,18.875795,19.584091,19.584091,584219366
2020-03-01,19.574615,20.054516,18.503836,18.963232,18.963232,380913102
2020-03-02,19.037861,20.053976,18.781809,19.814064,19.814064,428747453
2020-03-03,19.787628,20.359587,19.344061,19.63719,19.63719,355662760
2020-03-04,19.663486,20.228956,19.592461,19.959188,19.959188,363898093
2020-03-05,19.962469,21.46718,19.955732,20.802031,20.802031,424802925
2020-03-06,20.827026,21.701672,20.783857,21.288389,21.288389,449180749
2020-03-07,21.282133,21.42745,19.853567,20.179567,20.179567,337204407
2020-03-08,20.212061,20.286341,16.955931,16.974066,16.974066,365362955
2020-03-09,16.978222,17.45793,15.717181,16.570744,16.570744,417649798
2020-03-10,16.581482,17.441717,16.438751,16.875654,16.875654,360300206
2020-03-11,16.884089,17.099089,15.569993,16.524834,16.524834,288383091
2020-03-12,16.526304,16.558285,9.5195837,9.6001663,9.6001663,444641540
2020-03-13,9.5209198,11.349137,6.9633908,10.833057,10.833057,681143272
2020-03-14,10.835003,11.286776,9.9667492,10.140449,10.140449,301943026
2020-03-15,10.132663,11.174386,10.017006,10.436018,10.436018,336142093
2020-03-16,10.425869,10.425869,8.6766996,9.3860502,9.3860502,314940366
2020-03-17,9.3654203,10.447901,9.3654203,10.077175,10.077175,288591005
2020-03-18,10.036181,10.23606,9.7602243,10.119137,10.119137,264539835
2020-03-19,10.118399,12.601567,10.118399,12.27964,12.27964,407534104
2020-03-20,12.280426,13.623344,10.738794,11.875867,11.875867,433929425
2020-03-21,11.901004,12.312918,11.348414,12.057991,12.057991,386174572
2020-03-22,12.080737,12.39244,11.138777,11.158228,11.158228,308670064
2020-03-23,11.158228,12.125857,10.925769,12.117715,12.117715,359015601
2020-03-24,12.116398,12.571411,11.850914,12.40122,12.40122,333522129
2020-03-25,12.403792,12.630493,12.119498,12.3243,12.3243,288895593
2020-03-26,12.325833,13.217611,12.261119,13.217611,13.217611,299218749
2020-03-27,13.221527,13.279883,12.5075,12.523257,12.523257,263730266
2020-03-28,12.533824,12.533892,11.815067,12.193113,12.193113,256061862
2020-03-29,12.188286,12.280672,11.387922,11.441221,11.441221,218854042
2020-03-30,11.422389,12.37635,11.344166,12.286843,12.286843,305631180
2020-03-31,12.282616,12.740154,12.231622,12.581606,12.581606,372566080
2020-04-01,12.581606,12.741603,12.057843,12.741603,12.741603,332222983
2020-04-02,12.725065,13.545909,12.607051,13.066639,13.066639,398592822
2020-04-03,13.048226,13.565355,13.002647,13.373008,13.373008,406426751
2020-04-04,13.373008,14.010611,13.222752,13.824528,13.824528,416644565
2020-04-05,13.815948,13.967373,13.470547,13.734116,13.734116,398954313
2020-04-06,13.731032,15.117117,13.693695,15.084521,15.084521,491814166
2020-04-07,15.070906,15.450988,14.373001,14.681547,14.681547,452816635
2020-04-08,14.694789,15.262303,14.562204,15.056076,15.056076,434986928
2020-04-09,15.067224,15.184843,14.764309,15.062604,15.062604,444821353
2020-04-10,15.060228,15.108041,13.59267,13.737724,13.737724,394331907
2020-04-11,13.737724,14.067329,13.613005,13.804288,13.804288,364313702
2020-04-12,13.812086,14.745192,13.729534,14.375111,14.375111,414752932
2020-04-13,14.404006,15.048384,13.723426,15.034427,15.034427,459561236
2020-04-14,15.012063,15.916357,14.836449,15.525076,15.525076,515331620
2020-04-15,15.542678,15.840276,14.542898,14.593927,14.593927,425648054
2020-04-16,14.581246,15.70273,14.236704,15.70273,15.70273,478820058
2020-04-17,15.700993,15.941592,15.352086,15.735083,15.735083,396448352
2020-04-18,15.746321,16.717245,15.730496,16.593172,16.593172,479760692
2020-04-19,16.607388,16.707396,16.098928,16.139933,16.139933,402957217
2020-04-20,16.140429,16.455177,15.013521,15.085403,15.085403,398870343
2020-04-21,15.06384,15.490221,14.883614,15.205772,15.205772,390367736
2020-04-22,15.20113,15.845876,15.017928,15.69316,15.69316,395820106
2020-04-23,15.702654,16.146147,15.526531,16.006208,16.006208,446947832
2020-04-24,15.992483,16.316772,15.889086,16.016418,16.016418,375266800
2020-04-25,16.013018,16.423733,15.958486,16.305418,16.305418,362345240
2020-04-26,16.30323,16.483435,16.199301,16.383768,16.383768,400076436
2020-04-27,16.429043,16.66411,16.209511,16.463215,16.463215,389838383
2020-04-28,16.447828,16.566999,16.278233,16.444286,16.444286,361059754
2020-04-29,16.447243,17.546227,16.373192,17.493774,17.493774,463165164
2020-04-30,17.447788,18.129528,16.780251,17.033976,17.033976,498015944
2020-05-01,17.046522,17.8927,17.026531,17.564993,17.564993,453439052
2020-05-02,17.551817,17.628757,17.406445,17.584904,17.584904,393955300
2020-05-03,17.581791,17.798849,17.027967,17.126299,17.126299,381109061
2020-05-04,17.135752,17.355347,16.462002,17.100756,17.100756,390548947
2020-05-05,17.088411,17.322493,16.727106,16.919775,16.919775,358987881
2020-05-06,16.906801,17.157682,16.657045,16.657045,16.657045,364717662
2020-05-07,16.657959,17.28824,16.351461,17.013199,17.013199,414976837
2020-05-08,17.019211,17.441483,16.912069,17.241476,17.241476,382131707
2020-05-09,17.219955,17.484697,16.889967,16.935961,16.935961,365221789
2020-05-10,16.937109,16.937109,14.720081,15.295669,15.295669,436166815
2020-05-11,15.339985,15.48983,14.28438,15.097545,15.097545,404659513
2020-05-12,15.121073,16.16119,14.992521,15.741054,15.741054,394508013
2020-05-13,15.742569,16.247789,15.724004,16.138878,16.138878,359517914
2020-05-14,16.135855,16.539185,15.921748,16.3578,16.3578,388231861
2020-05-15,16.347731,16.454601,15.65214,15.754374,15.754374,340889408
2020-05-16,15.75389,16.231842,15.649658,16.051781,16.051781,339913391
2020-05-17,16.033072,16.480417,16.028538,16.314646,16.314646,329675187
2020-05-18,16.318237,16.839167,16.278637,16.636265,16.636265,337613743
2020-05-19,16.639122,17.154663,16.368177,17.154663,17.154663,351679092
2020-05-20,17.142651,17.323343,16.655924,16.888025,16.888025,305581860
2020-05-21,16.887243,17.037516,15.791041,16.122381,16.122381,283593221
2020-05-22,16.126387,16.848112,15.980751,16.639593,16.639593,308017283
2020-05-23,16.631491,16.831505,16.358562,16.588194,16.588194,281071630
2020-05-24,16.579742,16.793018,16.081476,16.083439,16.083439,250849075
2020-05-25,16.074583,16.419571,15.958841,16.400908,16.400908,295250983
2020-05-26,16.408297,16.486422,16.048832,16.212547,16.212547,264787793
2020-05-27,16.212671,16.556841,16.179876,16.493284,16.493284,289787288
2020-05-28,16.497992,17.120119,16.47002,17.05934,17.05934,307231707
2020-05-29,17.07679,17.229921,16.722227,17.04163,17.04163,302410995
2020-05-30,17.037237,17.757654,16.963362,17.743418,17.743418,330991078
2020-05-31,17.742472,18.108484,16.917494,17.040472,17.040472,306613468
2020-06-01,17.06953,18.001842,17.012215,17.914942,17.914942,343444957
2020-06-02,17.918852,18.156345,16.903849,17.239304,17.239304,285916007
2020-06-03,17.234621,17.622936,17.104294,17.545404,17.545404,278598569
2020-06-04,17.54722,17.648666,17.136164,17.565874,17.565874,251564500
2020-06-05,17.568724,17.896044,17.487778,17.688786,17.688786,264892611
2020-06-06,17.688786,17.907988,17.53105,17.535934,17.535934,247410758
2020-06-07,17.537628,17.646267,16.964676,17.447035,17.447035,229571456
2020-06-08,17.446314,17.557604,17.28858,17.39303,17.39303,201873195
2020-06-09,17.4007,17.479162,17.250162,17.435377,17.435377,203076335
2020-06-10,17.436457,17.497927,17.264446,17.410467,17.410467,218805704
2020-06-11,17.413944,17.524494,16.208923,16.308926,16.308926,214293278
2020-06-12,16.292456,16.775976,16.157188,16.66914,16.66914,220884223
2020-06-13,16.675598,16.844383,16.542574,16.823734,16.823734,217773557
2020-06-14,16.831116,16.86883,16.551168,16.656242,16.656242,197988813
2020-06-15,16.656242,16.676376,15.625612,16.384802,16.384802,205913863
2020-06-16,16.386614,16.62472,16.23514,16.421957,16.421957,197512179
2020-06-17,16.422012,16.605782,16.109554,16.402542,16.402542,190623459
2020-06-18,16.402542,16.534527,15.980467,16.20859,16.20859,176409002
2020-06-19,16.207985,16.292774,15.895735,15.907086,15.907086,160670035
2020-06-20,15.907086,16.135077,15.80971,16.04756,16.04756,158722069
2020-06-21,16.038355,16.252193,15.980892,16.001226,16.001226,151504787
2020-06-22,15.99852,16.475288,15.99852,16.475288,16.475288,181943736
2020-06-23,16.468678,16.49774,16.262882,16.422567,16.422567,165960947
2020-06-24,16.434666,16.659418,16.006577,16.026758,16.026758,168239834
2020-06-25,16.022675,16.045135,15.630583,15.922709,15.922709,143049947
2020-06-26,15.916716,16.0107,15.641558,15.749224,15.749224,136599245
2020-06-27,15.750969,15.902859,15.075929,15.185254,15.185254,152435707
2020-06-28,15.185254,15.511128,15.020651,15.420089,15.420089,159817886
2020-06-29,15.41221,15.597876,15.234789,15.505232,15.505232,167963469
2020-06-30,15.494698,15.585555,15.316403,15.413582,15.413582,151582461
2020-07-01,15.409456,15.878247,15.351642,15.82946,15.82946,159837869
2020-07-02,15.820766,15.95667,15.250993,15.53849,15.53849,151839908
2020-07-03,15.534174,15.587006,15.273691,15.291962,15.291962,138591561
2020-07-04,15.287059,15.60477,15.261632,15.552981,15.552981,146316736
2020-07-05,15.552996,15.633954,15.245029,15.480226,15.480226,138494209
2020-07-06,15.480226,16.333698,15.448798,16.29677,16.29677,172232440
2020-07-07,16.275965,16.862385,16.023573,16.770226,16.770226,196296818
2020-07-08,16.774088,17.409712,16.664206,17.227657,17.227657,212383912
2020-07-09,17.238857,17.443867,16.572454,16.884869,16.884869,179705380
2020-07-10,16.878132,17.294348,16.410248,17.261251,17.261251,174222029
2020-07-11,17.279306,17.664621,17.075333,17.622179,17.622179,186743534
2020-07-12,17.628357,18.581551,17.613266,18.236546,18.236546,224015851
2020-07-13,18.236546,18.890717,17.772169,18.409563,18.409563,261690866
2020-07-14,18.392452,18.714333,17.933647,18.082909,18.082909,203397123
2020-07-15,18.072044,18.133156,17.445818,17.591215,17.591215,169152686
2020-07-16,17.59165,17.697281,16.733892,17.143843,17.143843,191191483
2020-07-17,17.144192,17.476337,17.022568,17.084974,17.084974,153498441
2020-07-18,17.086912,17.266495,16.86067,17.126711,17.126711,149402466
2020-07-19,17.126871,18.049501,16.909889,17.955778,17.955778,213342724
2020-07-20,17.961239,18.267269,17.333931,17.484709,17.484709,203143854
2020-07-21,17.467257,17.948503,17.407375,17.715408,17.715408,187854335
2020-07-22,17.705444,18.091908,17.513439,18.091908,18.091908,191909868
2020-07-23,18.087339,18.686419,18.073708,18.673296,18.673296,220207323
2020-07-24,18.676613,19.523331,18.274481,19.152901,19.152901,248008823
2020-07-25,19.157789,19.977818,19.142469,19.776423,19.776423,257057785
2020-07-26,19.752638,20.234777,19.357723,19.521025,19.521025,248581857
2020-07-27,19.515312,20.139387,18.55102,19.620329,19.620329,325386899
2020-07-28,19.700594,20.613214,19.499792,20.173548,20.173548,284409544
2020-07-29,20.191669,20.374126,19.864685,19.89559,19.89559,204440432
2020-07-30,19.897251,20.069492,19.572208,20.012735,20.012735,200436410
2020-07-31,19.990093,20.838476,19.934847,20.668146,20.668146,229781080
2020-08-01,20.668146,21.618992,20.595196,21.530432,21.530432,264604008
2020-08-02,21.546732,22.015156,19.972687,20.944887,20.944887,299350525
2020-08-03,20.94066,22.382042,20.771103,22.055012,22.055012,265708949
2020-08-04,22.054789,22.404959,21.623692,22.282585,22.282585,241931958
2020-08-05,22.28727,23.55714,22.139977,23.336218,23.336218,344072749
2020-08-06,23.324579,23.330397,22.569674,22.707661,22.707661,246554661
2020-08-07,22.721392,23.004377,21.628693,22.311546,22.311546,326409994
2020-08-08,22.312599,22.939974,21.940449,22.878119,22.878119,236392685
2020-08-09,22.893887,22.942057,22.161161,22.475536,22.475536,216694610
2020-08-10,22.4802,22.843824,22.275042,22.613796,22.613796,239664308
2020-08-11,22.628412,22.76442,20.836731,21.256945,21.256945,310846749
2020-08-12,21.309778,22.187132,20.615295,21.75145,21.75145,256078366
2020-08-13,21.773226,22.152693,20.75383,22.075544,22.075544,299981376
2020-08-14,22.080112,23.36224,21.696718,23.069792,23.069792,357386067
2020-08-15,23.08856,23.879387,22.901737,23.021751,23.021751,269746412
2020-08-16,23.050289,23.770334,22.828972,23.497103,23.497103,271264839
2020-08-17,23.497103,23.856014,23.085705,23.510103,23.510103,264606385
2020-08-18,23.491961,23.680347,22.575132,23.067181,23.067181,259152684
2020-08-19,23.05559,23.253649,22.011152,22.310396,22.310396,224754805
2020-08-20,22.371693,23.27177,22.130148,23.092575,23.092575,240389084
2020-08-21,23.104414,23.353607,21.856546,22.128994,22.128994,245533836
2020-08-22,22.115171,22.23982,21.461287,22.23982,22.23982,208053381
2020-08-23,22.219055,22.219055,21.607685,21.870842,21.870842,181970641
2020-08-24,21.865778,22.895718,21.77286,22.605852,22.605852,192633739
2020-08-25,22.608212,22.634571,21.15494,21.475367,21.475367,234877041
2020-08-26,21.474306,22.48498,21.335356,22.277306,22.277306,255812854
2020-08-27,22.258066,23.139763,21.921072,23.080753,23.080753,296206828
2020-08-28,23.077656,23.53282,22.709061,23.133812,23.133812,260086579
2020-08-29,23.134024,23.513096,22.829552,23.011272,23.011272,213897145
2020-08-30,23.00906,23.837446,22.964417,23.644915,23.644915,228141192
2020-08-31,23.647858,23.914165,23.054951,23.19305,23.19305,215511200
2020-09-01,23.185047,25.405396,22.988291,24.822096,24.822096,450200844
2020-09-02,24.814375,25.789923,23.611662,24.690363,24.690363,577817197
2020-09-03,24.697609,25.514719,20.517675,20.619886,20.619886,574956638
2020-09-04,20.596815,21.82766,19.980856,21.056107,21.056107,489923568
2020-09-05,21.044121,21.55168,18.183708,19.478767,19.478767,399969033
2020-09-06,19.478767,23.412586,18.684034,23.190662,23.190662,740680573
2020-09-07,23.193592,23.505577,20.270761,22.393307,22.393307,555588378
2020-09-08,22.425636,23.422289,21.363268,23.190248,23.190248,555422363
2020-09-09,23.221849,24.561518,22.540348,24.530291,24.530291,456284484
2020-09-10,24.537354,25.614058,24.21431,24.559889,24.559889,456365135
2020-09-11,24.559889,25.729475,23.075153,25.451414,25.451414,420689466
2020-09-12,25.452366,28.529848,25.446907,28.529848,28.529848,688007352
2020-09-13,28.529848,32.325027,28.215891,31.05863,31.05863,1144638251
2020-09-14,31.102446,33.48782,29.172146,31.178642,31.178642,1009392260
2020-09-15,31.158981,31.269815,26.861984,27.202391,27.202391,861821910
2020-09-16,27.196297,28.520342,26.08143,27.964594,27.964594,664539530
2020-09-17,27.925499,28.835432,26.13821,26.99313,26.99313,512578971
2020-09-18,26.99313,28.77667,26.709606,27.399481,27.399481,482149967
2020-09-19,27.617344,27.878654,26.763134,27.251112,27.251112,331216806
2020-09-20,27.249884,27.326118,25.255623,26.392134,26.392134,343197520
2020-09-21,26.429634,26.695835,22.549656,23.267879,23.267879,462503299
2020-09-22,23.188206,24.518158,22.847141,24.10074,24.10074,340023558
2020-09-23,24.046329,24.24795,22.702387,22.856977,22.856977,446713264
2020-09-24,22.852991,24.684103,22.699762,24.613825,24.613825,475917196
2020-09-25,24.585325,25.074488,23.879345,24.663387,24.663387,442583904
2020-09-26,24.68215,26.449139,24.544752,26.221182,26.221182,490827676
2020-09-27,26.212593,26.88765,25.743671,26.199217,26.199217,435755666
2020-09-28,26.235971,27.728317,25.920048,26.979607,26.979607,530311672
2020-09-29,26.990191,29.003166,26.976038,28.842979,28.842979,612454595
2020-09-30,28.877155,29.559437,28.041544,29.290876,29.290876,566560144
2020-10-01,29.321781,29.382223,26.363203,27.431973,27.431973,630087805
2020-10-02,27.450184,28.182659,25.89403,27.285681,27.285681,638940976
2020-10-03,27.346474,28.285843,27.139931,28.202311,28.202311,495908650
2020-10-04,28.21291,29.136103,28.069294,28.943853,28.943853,514574736
2020-10-05,29.009138,29.303858,28.173002,28.659103,28.659103,425642119
2020-10-06,28.666071,28.969851,27.300177,27.714527,27.714527,505088690
2020-10-07,27.697977,27.871325,26.943636,27.704836,27.704836,394557518
2020-10-08,27.713493,27.812651,26.600594,27.705311,27.705311,431553686
2020-10-09,27.738211,28.541677,27.527679,28.44503,28.44503,465984452
2020-10-10,28.435131,29.224106,28.15773,28.312487,28.312487,426434526
2020-10-11,28.382029,28.742476,27.961283,28.55558,28.55558,408482939
2020-10-12,28.549908,31.082113,28.491446,30.714682,30.714682,718406691
2020-10-13,30.670006,31.7651,30.269403,30.706745,30.706745,600050050
2020-10-14,30.738811,31.297539,30.461908,30.912119,30.912119,460297911
2020-10-15,30.889919,31.569292,30.50012,31.295864,31.295864,504135680
2020-10-16,31.314039,31.917166,29.666964,29.9949,29.9949,546849696
2020-10-17,30.043756,30.555607,29.719992,30.248236,30.248236,377026508
2020-10-18,30.240988,30.996552,30.22171,30.659523,30.659523,440840685
2020-10-19,30.656214,30.656214,29.857061,29.925068,29.925068,385913101
2020-10-20,29.930313,30.080072,28.543447,28.803444,28.803444,493774162
2020-10-21,28.81385,30.383383,28.709417,29.772354,29.772354,510855830
2020-10-22,29.765539,31.300007,29.764416,30.658192,30.658192,530907796
2020-10-23,30.655258,31.164146,30.102983,30.633961,30.633961,514504830
2020-10-24,30.633961,30.841915,30.460138,30.588821,30.588821,407454460
2020-10-25,30.588821,30.96611,29.961666,30.10754,30.10754,391997739
2020-10-26,30.107542,31.311104,29.992476,31.15456,31.15456,624224136
2020-10-27,31.154684,32.34507,30.999552,31.638721,31.638721,715978374
2020-10-28,31.638784,31.927164,29.868393,30.363506,30.363506,477279858
2020-10-29,30.363554,30.421204,29.51284,29.842478,29.842478,426303252
2020-10-30,29.842684,30.194157,27.585997,28.508411,28.508411,531974962
2020-10-31,28.508411,28.892672,28.169598,28.431215,28.431215,360596998
2020-11-01,28.431215,28.665218,28.101332,28.461565,28.461565,338657898
2020-11-02,28.46147,29.278025,27.833025,27.88393,27.88393,390864652
2020-11-03,27.883926,27.883926,25.897152,26.85705,26.85705,457901613
2020-11-04,26.857388,26.956516,25.966852,26.931515,26.931515,383972480
2020-11-05,26.931576,27.899427,26.718618,27.675859,27.675859,299236756
2020-11-06,27.675808,29.417892,27.675808,29.018,29.018,343104562
2020-11-07,29.018,29.844576,26.986038,27.738094,27.738094,362934993
2020-11-08,27.738094,28.685337,27.514776,28.305117,28.305117,321186882
2020-11-09,28.305136,28.923386,27.408661,28.018021,28.018021,335957338
2020-11-10,28.0186,28.468075,27.705009,28.193342,28.193342,310738349
2020-11-11,28.193321,28.620056,27.871515,27.956179,27.956179,279645463
2020-11-12,27.955782,28.157188,27.349792,27.614807,27.614807,266092376
2020-11-13,27.614275,28.481514,27.562483,28.182173,28.182173,292737428
2020-11-14,28.182173,28.182173,27.409859,27.936201,27.936201,254114574
2020-11-15,27.936201,28.172455,27.114182,27.621031,27.621031,254946427
2020-11-16,27.621031,28.180292,27.500866,28.06411,28.06411,275039274
2020-11-17,28.171278,28.750811,28.171278,28.530581,28.530581,320321793
2020-11-18,28.530521,28.781078,27.543642,28.076162,28.076162,327690836
2020-11-19,28.07605,28.338261,27.654972,28.094105,28.094105,282317319
2020-11-20,28.092194,29.271536,28.092194,28.891996,28.891996,321436881
2020-11-21,28.891996,30.732031,28.35033,30.391291,30.391291,419204706
2020-11-22,30.391291,31.073448,29.089586,29.925072,29.925072,426289161
2020-11-23,29.925093,31.04421,29.818842,30.965368,30.965368,433686948
2020-11-24,30.971752,35.113663,30.851288,33.80315,33.80315,840230024
2020-11-25,33.857773,35.282307,30.774401,31.34296,31.34296,599500600
2020-11-26,31.31773,31.731268,26.53739,28.204916,28.204916,659590250
2020-11-27,28.230486,28.708818,27.301119,28.475187,28.475187,361093513
2020-11-28,28.474955,29.620146,27.985647,29.143911,29.143911,338275296
2020-11-29,29.164108,30.451855,28.959318,30.117603,30.117603,347773041
2020-11-30,30.12431,31.533785,29.785835,31.392786,31.392786,389608481
2020-12-01,31.411509,31.871908,29.484135,30.108303,30.108303,467818960
2020-12-02,30.147505,30.910141,29.748901,30.297361,30.297361,371441750
2020-12-03,30.303986,30.769117,29.97831,30.70443,30.70443,324897560
2020-12-04,30.716002,31.116619,28.925531,29.072208,29.072208,362626786
2020-12-05,29.075138,30.002951,28.757483,29.729488,29.729488,307895991
2020-12-06,29.728706,30.133648,29.096031,29.540804,29.540804,249993855
2020-12-07,29.530382,29.656601,29.090275,29.378136,29.378136,238972454
2020-12-08,29.380875,29.48814,27.511665,27.636307,27.636307,323672206
2020-12-09,27.636606,28.378838,26.996044,28.129305,28.129305,323390504
2020-12-10,28.131521,28.23805,27.432507,27.69619,27.69619,263890750
2020-12-11,27.697121,27.741119,26.765226,27.361004,27.361004,278060132
2020-12-12,27.358271,28.241863,27.328489,28.164452,28.164452,238973887
2020-12-13,28.165478,29.251371,28.061974,29.101692,29.101692,265728020
2020-12-14,29.106859,30.174337,28.693623,30.029577,30.029577,335453986
2020-12-15,30.026991,30.296968,29.380985,29.547283,29.547283,294288115
2020-12-16,29.549948,30.596298,29.064762,30.490194,30.490194,347039607
2020-12-17,30.493614,31.452747,29.8337,30.184134,30.184134,479985920
2020-12-18,30.183979,31.179211,29.700169,30.93836,30.93836,359055461
2020-12-19,30.942635,34.165428,30.940622,33.296356,33.296356,534843839
2020-12-20,33.293518,35.543812,32.671528,34.160297,34.160297,583559932
2020-12-21,34.201237,35.563412,31.643732,32.269527,32.269527,583000547
2020-12-22,32.204792,33.756245,30.592924,33.482948,33.482948,563925549
2020-12-23,33.477707,34.381519,30.074295,31.097898,31.097898,582613805
2020-12-24,31.114107,32.705215,30.455809,32.500591,32.500591,488263504
2020-12-25,32.488903,33.435284,31.864254,33.164974,33.164974,421026462
2020-12-26,33.1702,33.945316,32.601746,33.477139,33.477139,434464851
2020-12-27,33.479843,34.852478,32.087864,33.511848,33.511848,567285548
2020-12-28,33.532055,35.976673,33.401264,35.844559,35.844559,611476292
2020-12-29,35.85218,39.484234,35.342632,38.952831,38.952831,938849532
2020-12-30,38.94735,39.156597,36.904491,38.136299,38.136299,501223201
2020-12-31,38.122288,38.163254,36.744083,37.376034,37.376034,404140896
2021-01-01,37.374573,38.928177,37.046307,37.90501,37.90501,459165743
2021-01-02,37.917107,38.836254,36.925602,38.241592,38.241592,521965394
2021-01-03,38.253727,41.606323,37.818104,41.148979,41.148979,758008613
2021-01-04,41.19828,43.132122,38.143982,40.926353,40.926353,807877171
2021-01-05,40.937279,41.7346,38.978954,41.7346,41.7346,644270927
2021-01-06,41.775536,42.192703,40.592529,42.165955,42.165955,641021601
2021-01-07,42.196625,44.470036,41.495869,43.44949,43.44949,829964770
2021-01-08,43.568687,43.590466,40.534481,42.395317,42.395317,650561500
2021-01-09,42.373695,44.119743,41.590103,43.932854,43.932854,590039660
2021-01-10,43.944122,45.155418,40.594864,42.448475,42.448475,701488832
2021-01-11,42.472622,42.477501,35.170883,38.371361,38.371361,890728694
2021-01-12,38.279518,39.930908,37.185501,38.11161,38.11161,567249584
2021-01-13,38.109425,40.401543,37.143784,40.135933,40.135933,542384725
2021-01-14,40.118828,41.8731,39.656357,41.793682,41.793682,534108764
2021-01-15,41.794952,42.41106,39.095463,40.91898,40.91898,562019413
2021-01-16,40.919434,43.917919,40.733822,43.171825,43.171825,604218252
2021-01-17,43.156139,46.654545,41.091473,45.684612,45.684612,664875513
2021-01-18,45.767532,46.803802,44.156464,45.353172,45.353172,586905636
2021-01-19,45.33564,47.098103,41.94389,42.785534,42.785534,750638729
2021-01-20,42.662949,42.754562,40.306404,42.606899,42.606899,684094133
2021-01-21,42.606026,42.635189,38.44939,38.64584,38.64584,621983627
2021-01-22,38.635311,41.409695,36.953415,40.857571,40.857571,561072899
2021-01-23,40.865093,41.850292,39.586529,40.815479,40.815479,468609053
2021-01-24,40.862473,42.191525,40.504063,41.881607,41.881607,450486066
2021-01-25,41.876053,43.353527,40.633656,41.623703,41.623703,507172505
2021-01-26,41.655128,42.477215,40.007832,41.694736,41.694736,546536514
2021-01-27,41.756172,42.047836,39.730801,40.994877,40.994877,519618043
2021-01-28,40.98642,43.076508,40.507519,42.529106,42.529106,533847527
2021-01-29,42.386181,44.009453,41.907001,42.852348,42.852348,651771603
2021-01-30,42.853512,44.988255,42.680065,44.772278,44.772278,533768579
2021-01-31,44.798698,45.70771,43.429073,44.275993,44.275993,512545443
2021-02-01,44.309074,52.138683,43.524193,51.607697,51.607697,1256933735
2021-02-02,51.551884,52.911865,49.387074,51.056404,51.056404,1006694242
2021-02-03,51.050102,52.677433,49.955585,52.242638,52.242638,714000888
2021-02-04,52.24221,57.070911,51.602642,55.925125,55.925125,940905214
2021-02-05,56.010803,68.463959,56.010803,67.845566,67.845566,1431595319
2021-02-06,67.854637,75.401878,62.208126,72.733597,72.733597,2114553792
2021-02-07,72.868217,74.612549,64.497894,68.590523,68.590523,1493688265
2021-02-08,68.525558,79.831543,67.859238,79.831543,79.831543,2133574291
2021-02-09,79.807022,115.13184,78.446327,107.89928,107.89928,4425849540
2021-02-10,107.70856,148.07477,107.70856,129.73715,129.73715,7000323240
2021-02-11,129.30524,131.53569,119.09626,124.43426,124.43426,2809765027
2021-02-12,124.15943,140.24316,121.72707,136.94839,136.94839,2981627650
2021-02-13,136.92799,138.47054,125.7286,133.45268,133.45268,2116751635
2021-02-14,133.47377,138.75676,128.73172,136.42651,136.42651,2312597445
2021-02-15,136.27678,139.21976,119.73499,129.56789,129.56789,2414986848
2021-02-16,129.73979,133.28061,126.79664,130.05666,130.05666,1925775294
2021-02-17,130.08014,175.11615,127.09212,164.6701,164.6701,5236224271
2021-02-18,165.01883,199.45563,163.27489,195.93263,195.93263,6110987389
2021-02-19,195.98785,342.87961,195.38574,332.61603,332.61603,17982945189
2021-02-20,332.91846,334.45505,227.91376,255.95374,255.95374,9680520706
2021-02-21,254.53928,307.5881,250.54082,293.92358,293.92358,8505963719
2021-02-22,294.61237,295.47858,223.01936,267.5098,267.5098,7885768925
2021-02-23,267.36441,268.53683,190.41246,230.99425,230.99425,8280752930
2021-02-24,231.1216,280.0882,214.52472,254.35913,254.35913,7154121651
2021-02-25,254.46761,264.70514,233.88596,233.88596,233.88596,4059853073
2021-02-26,235.27029,238.755,210.31076,221.68044,221.68044,4167145958
2021-02-27,221.98091,237.17943,220.0994,225.24944,225.24944,2755271254
2021-02-28,225.44594,228.17305,195.85268,209.5744,209.5744,3129699003
2021-03-01,209.95131,259.49106,209.95131,254.62993,254.62993,5008256561
2021-03-02,254.95335,264.16931,228.64165,239.52254,239.52254,5882262804
2021-03-03,239.68898,254.25363,236.90875,241.09137,241.09137,5827707431
2021-03-04,241.04549,249.46561,226.08495,229.94507,229.94507,5580339595
2021-03-05,229.8353,230.36664,216.27261,226.37256,226.37256,4969642573
2021-03-06,226.19777,232.09889,220.07507,226.66685,226.66685,4489684331
2021-03-07,226.67274,243.34312,225.54637,240.17921,240.17921,5081569247
2021-03-08,240.17958,242.68826,229.44112,240.31866,240.31866,5016770824
2021-03-09,240.39548,296.65863,236.05025,293.46323,293.46323,8676266998
2021-03-10,293.42389,295.07062,268.57849,279.35803,279.35803,4544623650
2021-03-11,278.50909,313.11014,273.37793,289.7908,289.7908,4676132222
2021-03-12,289.99911,290.03476,253.94666,263.68582,263.68582,3960814749
2021-03-13,263.59201,283.01361,256.18896,276.10471,276.10471,2903774859
2021-03-14,276.18573,276.37125,264.63675,264.63675,264.63675,2044273970
2021-03-15,264.06351,267.23373,250.61298,254.66083,254.66083,2488528410
2021-03-16,254.45044,258.87613,242.18153,258.10068,258.10068,2425543830
2021-03-17,258.38586,270.96289,249.92892,269.85486,269.85486,2271426252
2021-03-18,269.63785,277.77225,258.72641,261.7048,261.7048,2445995134
2021-03-19,261.63043,269.23471,256.27328,264.05743,264.05743,1873443830
2021-03-20,264.09219,274.87317,262.9725,264.74167,264.74167,2004752539
2021-03-21,264.95694,268.87817,257.51828,264.88617,264.88617,1718563711
2021-03-22,265.07028,276.96869,255.21086,255.90019,255.90019,2323911466
2021-03-23,255.9451,263.14929,253.01164,255.68967,255.68967,2010488139
2021-03-24,255.8943,268.62085,243.22813,249.85138,249.85138,2385752951
2021-03-25,249.46591,250.13924,227.29407,234.88544,234.88544,2314734091
2021-03-26,234.79094,255.10457,234.79094,255.10457,255.10457,2099285452
2021-03-27,255.11649,275.59338,250.4948,269.10233,269.10233,2457659540
2021-03-28,269.31073,280.9924,262.28867,269.19128,269.19128,2527142069
2021-03-29,268.96939,277.479,265.36783,275.21463,275.21463,2067448661
2021-03-30,275.23865,311.42648,271.57855,311.42648,311.42648,4039620710
2021-03-31,311.55142,316.48654,289.00928,302.06345,302.06345,3545493416
2021-04-01,302.24548,339.20911,301.58865,335.21289,335.21289,3718677616
2021-04-02,335.08597,356.78351,329.75137,339.00772,339.00772,3950524039
2021-04-03,338.90918,349.62991,319.19379,323.13351,323.13351,2953164849
2021-04-04,323.35486,353.4342,319.84903,351.62439,351.62439,3200674446
2021-04-05,351.24106,381.0293,339.46164,367.77249,367.77249,4073047973
2021-04-06,368.09903,412.25674,364.12967,403.59076,403.59076,5277448222
2021-04-07,403.69928,414.35767,358.7438,374.65881,374.65881,5976362849
2021-04-08,376.26901,422.46658,372.51517,418.03839,418.03839,4550316562
2021-04-09,418.05472,453.69781,405.4436,453.17847,453.17847,4701175013
2021-04-10,454.34317,487.27521,451.35516,472.56033,472.56033,6160670397
2021-04-11,471.64642,529.64502,459.59042,525.38556,525.38556,5697422904
2021-04-12,526.70178,637.44232,516.27924,598.72266,598.72266,14436315725
2021-04-13,596.98859,602.29645,532.95587,549.58655,549.58655,9433830832
2021-04-14,550.40149,590.41742,526.5343,549.59186,549.59186,7452346448
2021-04-15,550.41333,556.8338,536.07843,542.63208,542.63208,4608061831
2021-04-16,542.57367,548.88501,493.00949,510.22018,510.22018,6886285728
2021-04-17,509.5813,548.60236,509.04855,520.41675,520.41675,5195399091
2021-04-18,520.59027,526.05878,429.05289,481.03424,481.03424,6711806048
2021-04-19,481.3967,539.71124,469.15216,505.09293,505.09293,7141301320
2021-04-20,503.79517,588.06482,475.59039,587.02911,587.02911,9330924061
2021-04-21,586.90118,612.68707,537.34937,546.02356,546.02356,8456300946
2021-04-22,544.00549,582.03772,481.26022,506.013,506.013,8342960849
2021-04-23,505.85889,530.07495,452.43552,526.56525,526.56525,8893557870
2021-04-24,526.75836,527.44092,483.95914,496.41507,496.41507,4070234640
2021-04-25,496.25684,517.08301,478.88943,505.07706,505.07706,3419309603
2021-04-26,504.74875,549.96674,502.31146,534.5777,534.5777,4072866875
2021-04-27,535.42847,578.62347,525.76776,568.47052,568.47052,4050720272
2021-04-28,568.74567,578.88812,539.07251,562.63257,562.63257,3648784689
2021-04-29,562.8736,614.82416,554.28467,599.70654,599.70654,6585918998
2021-04-30,599.98846,627.77747,586.20581,624.08057,624.08057,5741358048
2021-05-01,622.4693,641.86084,611.302,619.34723,619.34723,4065705136
2021-05-02,619.97211,628.62097,595.85876,622.10101,622.10101,3765184551
2021-05-03,621.90271,679.815,621.90271,675.68408,675.68408,5274868721
2021-05-04,676.31592,676.91687,606.2677,611.20032,611.20032,5728175230
2021-05-05,609.33105,656.237,605.1662,651.66272,651.66272,4248449283
2021-05-06,651.0495,653.41284,621.0661,633.2804,633.2804,3975000211
2021-05-07,634.0069,644.12451,612.16248,624.56329,624.56329,3658116306
2021-05-08,624.39441,657.54462,618.8407,646.10083,646.10083,3910931715
2021-05-09,646.31213,678.22839,631.46527,662.22858,662.22858,4321052943
2021-05-10,661.45001,690.93195,596.16589,631.35199,631.35199,5157435389
2021-05-11,631.2406,672.45941,623.24982,672.33392,672.33392,4865455319
2021-05-12,671.77887,684.1377,588.18518,588.18518,588.18518,4311561442
2021-05-13,592.95459,632.9707,530.23822,571.43451,571.43451,7417114170
2021-05-14,570.96051,614.48541,567.03473,603.1283,603.1283,3735474448
2021-05-15,602.55438,610.51416,561.1684,563.04169,563.04169,3480395174
2021-05-16,562.64893,606.00342,535.05737,562.82983,562.82983,4047395255
2021-05-17,564.44556,564.44556,485.99707,511.96439,511.96439,5123430659
2021-05-18,511.392,534.17786,496.97855,508.02231,508.02231,3548216902
2021-05-19,508.86273,515.71655,283.4537,339.02548,339.02548,8779943654
2021-05-20,335.55673,424.29425,286.08945,393.61276,393.61276,7093839295
2021-05-21,391.54156,415.70673,275.39267,326.29633,326.29633,6291181865
2021-05-22,326.79779,335.73474,285.35342,299.50409,299.50409,3871242832
2021-05-23,300.03543,313.52515,213.51646,262.94568,262.94568,5336233746
2021-05-24,261.11954,350.2731,258.62271,345.30963,345.30963,6066277282
2021-05-25,345.48984,374.5972,307.72946,344.11398,344.11398,5656677341
2021-05-26,343.53198,387.7652,337.05698,379.85431,379.85431,4502557689
2021-05-27,379.69348,387.49008,340.89084,367.65579,367.65579,3965850350
2021-05-28,369.83569,373.31323,313.72302,329.87991,329.87991,4482824807
2021-05-29,328.98685,346.92395,296.57074,305.05215,305.05215,3070017878
2021-05-30,305.04257,337.74237,292.85236,325.78403,325.78403,3246314973
2021-05-31,325.80814,355.97714,307.94403,354.32935,354.32935,3865691845
2021-06-01,353.78253,364.32013,340.47424,362.79465,362.79465,3425775257
2021-06-02,362.36087,418.66513,350.95679,401.26233,401.26233,4486850584
2021-06-03,401.76083,432.30811,392.03317,427.80792,427.80792,4370188399
2021-06-04,428.18738,428.44315,366.27484,391.39532,391.39532,4951450795
2021-06-05,390.9588,425.90274,375.0675,390.43185,390.43185,3956143113
2021-06-06,390.23672,400.04117,382.34497,393.82022,393.82022,2101917655
2021-06-07,393.65466,407.37567,355.97546,357.31021,357.31021,2927240962
2021-06-08,358.16544,365.92319,320.23801,354.00137,354.00137,4491122307
2021-06-09,352.76593,378.74136,334.4191,375.73468,375.73468,3543408536
2021-06-10,375.66901,376.9502,345.51767,352.1832,352.1832,2505012942
2021-06-11,352.08484,365.30399,341.47736,345.93369,345.93369,2269923678
2021-06-12,345.9017,348.87857,325.81772,343.74103,343.74103,2146761411
2021-06-13,344.04285,369.05804,331.11194,366.64896,366.64896,2171880359
2021-06-14,365.7547,377.01865,355.31094,368.79276,368.79276,2271215183
2021-06-15,372.73685,379.65985,363.935,373.56616,373.56616,2246535807
2021-06-16,366.81662,366.81662,343.64856,347.03345,347.03345,1626149384
2021-06-17,347.21237,362.2594,346.03754,352.73853,352.73853,1379161855
2021-06-18,353.01337,357.07428,328.04733,336.80969,336.80969,1613940591
2021-06-19,337.55228,345.45959,332.0965,335.71283,335.71283,1140833816
2021-06-20,334.65094,340.78952,310.77588,340.0672,340.0672,1756674565
2021-06-21,339.32663,341.79935,269.43369,270.98444,270.98444,2911962314
2021-06-22,270.7934,291.02258,226.29784,261.81808,261.81808,4089344405
2021-06-23,262.0582,309.12643,252.20314,294.4903,294.4903,3170293549
2021-06-24,296.26395,316.19077,281.98471,308.39703,308.39703,2323626593
2021-06-25,308.58203,313.97708,275.8382,281.62091,281.62091,2317971593
2021-06-26,281.13394,289.9498,264.60101,279.43805,279.43805,1921847994
2021-06-27,279.8653,291.14893,270.28992,290.56702,290.56702,1521388056
2021-06-28,290.8187,298.72061,283.95184,289.53412,289.53412,1722578691
2021-06-29,289.91913,315.43933,289.22116,300.21155,300.21155,1946428384
2021-06-30,300.9588,304.80136,281.77802,303.29587,303.29587,1903538448
2021-07-01,303.52737,303.52737,281.57913,288.21841,288.21841,1357794786
2021-07-02,287.75446,290.62167,277.35031,287.4231,287.4231,1133632645
2021-07-03,287.21561,302.60587,283.43402,298.23712,298.23712,1113777297
2021-07-04,298.11356,314.71301,292.78738,307.73209,307.73209,1387395766
2021-07-05,307.68484,307.68484,293.52347,302.37799,302.37799,1504869977
2021-07-06,302.19559,321.52097,302.19559,320.93481,320.93481,2203265498
2021-07-07,320.19177,339.16766,318.52997,327.52246,327.52246,2067233169
2021-07-08,327.95786,327.95786,305.07544,310.42712,310.42712,1883785090
2021-07-09,310.01028,319.44391,301.82822,316.48453,316.48453,1358583891
2021-07-10,316.99631,320.93927,310.8869,316.14014,316.14014,1179686219
2021-07-11,316.05637,326.7518,312.63901,322.03165,322.03165,1189805384
2021-07-12,322.03491,334.28207,309.14206,316.32819,316.32819,1614469810
2021-07-13,316.26889,318.29514,305.48941,308.81116,308.81116,1231759805
2021-07-14,308.95261,313.21579,290.66238,309.40637,309.40637,1646743038
2021-07-15,309.50064,323.88589,301.65668,315.24402,315.24402,2242114046
2021-07-16,315.6911,322.99777,301.9325,302.9856,302.9856,1688212208
2021-07-17,302.93484,306.53085,295.38748,300.49792,300.49792,1298507379
2021-07-18,300.59598,309.11426,299.97226,302.4805,302.4805,1254819647
2021-07-19,302.26822,303.82919,279.70853,280.01862,280.01862,1514754521
2021-07-20,280.56497,283.20615,255.85075,264.78238,264.78238,1819454491
2021-07-21,264.49475,298.79175,261.22638,292.53137,292.53137,1957623339
2021-07-22,293.14267,298.4039,287.73337,293.64114,293.64114,1495118544
2021-07-23,293.60132,300.99377,281.69611,299.28299,299.28299,1849700307
2021-07-24,299.04785,307.84052,296.11151,302.07187,302.07187,1644709273
2021-07-25,301.84662,304.05789,292.89062,302.43616,302.43616,1351522797
2021-07-26,302.73288,327.63528,301.09741,304.47824,304.47824,2572081528
2021-07-27,304.12427,318.37183,298.48181,313.6026,313.6026,1870220991
2021-07-28,314.05511,318.44229,308.22345,313.42865,313.42865,1626648048
2021-07-29,313.61923,319.759,309.14453,316.74945,316.74945,1384576144
2021-07-30,317.06409,325.25012,307.00977,322.90936,322.90936,1588918308
2021-07-31,322.53888,338.02515,317.68591,333.54959,333.54959,1717984015
2021-08-01,332.29269,347.4176,329.34174,333.48401,333.48401,1788390755
2021-08-02,332.92322,338.04233,326.41528,331.10312,331.10312,1348495243
2021-08-03,330.87204,334.63498,318.06284,322.74774,322.74774,1365471563
2021-08-04,323.50607,336.96747,320.04126,334.91879,334.91879,1279262186
2021-08-05,334.91272,340.04843,323.89709,337.87387,337.87387,1551187442
2021-08-06,337.94797,347.04297,331.65967,342.13699,342.13699,1623970506
2021-08-07,342.37643,359.75021,340.59384,355.74136,355.74136,1903003766
2021-08-08,356.26654,359.73862,337.25272,342.06476,342.06476,1547133821
2021-08-09,341.91629,357.39932,333.67145,354.96683,354.96683,1648422571
2021-08-10,354.44962,375.72293,349.31332,371.95438,371.95438,2150475826
2021-08-11,372.09372,408.58902,371.21622,391.75705,391.75705,2542670896
2021-08-12,391.40527,406.09155,372.22021,385.81897,385.81897,2217067872
2021-08-13,386.04407,411.17053,383.21677,410.94489,410.94489,1724229835
2021-08-14,410.78354,418.92126,400.75204,409.03448,409.03448,2023364348
2021-08-15,408.98221,414.931,396.8652,414.59503,414.59503,1826134192
2021-08-16,414.35767,436.61841,411.12326,417.47086,417.47086,2620571467
2021-08-17,416.06912,435.72321,399.74591,401.90891,401.90891,2572609791
2021-08-18,401.88205,412.30624,387.81589,398.25146,398.25146,2288117050
2021-08-19,396.49438,431.26022,391.49506,430.98886,430.98886,2549215331
2021-08-20,430.97504,457.60373,422.08017,454.93631,454.93631,2451578694
2021-08-21,455.13339,460.25571,444.97766,448.92026,448.92026,2120660728
2021-08-22,449.22562,458.40289,439.16821,449.0535,449.0535,1826865701
2021-08-23,449.10547,509.34271,447.66638,499.89059,499.89059,3857489743
2021-08-24,500.21771,504.10233,461.75598,471.59546,471.59546,2978438301
2021-08-25,472.20203,506.29517,470.63922,502.78625,502.78625,3289398273
2021-08-26,503.55249,518.75635,472.03177,479.0061,479.0061,3277913533
2021-08-27,478.63016,495.01233,467.90118,494.49869,494.49869,2563319587
2021-08-28,494.67062,496.88541,483.32425,486.19693,486.19693,1676741698
2021-08-29,486.20859,495.6763,477.20081,480.28302,480.28302,1763538464
2021-08-30,480.28995,481.13165,458.15329,459.49075,459.49075,2007036766
2021-08-31,460.62399,477.28223,452.48517,464.41873,464.41873,2378049328
2021-09-01,464.27292,490.06873,455.75809,490.06873,490.06873,2303587593
2021-09-02,489.85989,504.54126,480.0369,483.92105,483.92105,2324361979
2021-09-03,483.75659,494.3952,475.22589,488.60471,488.60471,2051522050
2021-09-04,488.40701,510.05765,485.85611,498.07843,498.07843,2310249697
2021-09-05,497.70486,505.1167,489.47491,504.61987,504.61987,1899639214
2021-09-06,504.69809,508.82224,488.67896,495.92502,495.92502,2206397359
2021-09-07,496.03635,504.60315,372.30295,417.50879,417.50879,4471687569
2021-09-08,417.91888,425.49356,384.23145,415.11316,415.11316,2940929033
2021-09-09,405.5806,435.71741,404.52115,421.27002,421.27002,2392139922
2021-09-10,421.26889,438.92218,394.06284,401.6218,401.6218,2306735739
2021-09-11,401.26349,415.35703,400.29926,405.52737,405.52737,1567255682
2021-09-12,405.39917,421.20758,398.03214,416.68323,416.68323,1671909230
2021-09-13,416.7966,419.28201,385.37604,399.06345,399.06345,2194763765
2021-09-14,399.20679,414.31955,396.41608,414.23624,414.23624,1598465255
2021-09-15,414.4935,436.41635,410.45395,431.42303,431.42303,1838828414
2021-09-16,431.29059,433.19278,416.17624,424.64923,424.64923,1720989872
2021-09-17,424.40356,425.76624,401.84204,406.63281,406.63281,1516642578
2021-09-18,406.46243,420.00198,401.77844,410.8093,410.8093,1310349981
2021-09-19,410.60312,419.18259,403.71863,408.47165,408.47165,1243314915
2021-09-20,408.51355,409.64331,357.27332,361.96591,361.96591,2344102082
2021-09-21,364.05353,375.66611,339.01434,344.53461,344.53461,2045164899
2021-09-22,343.66541,380.00845,342.68005,379.44034,379.44034,1678913732
2021-09-23,379.15567,384.77722,369.65201,383.8204,383.8204,1576382603
2021-09-24,383.8063,385.31927,335.5062,355.31628,355.31628,2081157733
2021-09-25,355.40738,360.63007,344.19092,349.8801,349.8801,1388464569
2021-09-26,349.88068,352.69815,320.36874,344.18176,344.18176,1958526741
2021-09-27,344.6517,357.293,335.79047,336.19122,336.19122,1507056912
2021-09-28,335.80756,344.27557,330.07385,333.03259,333.03259,1294330921
2021-09-29,333.39792,375.00687,331.44852,367.98959,367.98959,2385693434
2021-09-30,367.78601,388.26877,366.64426,387.05734,387.05734,1796235646
2021-10-01,387.63599,423.34427,382.13138,421.64319,421.64319,2162493378
2021-10-02,421.47708,438.10703,411.03833,428.09833,428.09833,1740937420
2021-10-03,427.3511,437.10037,421.93887,430.50882,430.50882,1470899248
2021-10-04,430.5845,430.72559,411.95215,425.7489,425.7489,1647171955
2021-10-05,426.2142,443.91425,424.11435,442.70615,442.70615,1526827785
2021-10-06,442.40625,442.47931,415.66772,435.40137,435.40137,2006344571
2021-10-07,434.96191,449.93588,424.30917,438.76175,438.76175,1962989705
2021-10-08,438.47525,441.51379,416.70602,419.10205,419.10205,2678048368
2021-10-09,418.75598,425.97482,416.82385,421.54947,421.54947,1404867667
2021-10-10,421.79568,422.05042,402.82925,405.06931,405.06931,1437068558
2021-10-11,404.52747,423.55011,401.22125,413.45621,413.45621,1473121389
2021-10-12,413.48676,443.86752,392.57077,443.86752,443.86752,3142304145
2021-10-13,444.40564,471.65692,434.44662,470.74969,470.74969,5149146903
2021-10-14,470.53867,482.64487,461.85535,472.0224,472.0224,2486819344
2021-10-15,472.6004,476.75595,453.90009,473.70264,473.70264,2804538828
2021-10-16,473.99469,483.5578,463.51147,465.64246,465.64246,1904086807
2021-10-17,465.72211,472.298,455.40518,470.62555,470.62555,1646437501
2021-10-18,470.91443,487.49969,467.58478,485.11102,485.11102,1999805026
2021-10-19,485.09943,497.25833,481.97363,488.14886,488.14886,1844483840
2021-10-20,488.05383,505.26794,482.24603,501.02032,501.02032,1890415594
2021-10-21,501.34784,504.64862,467.42236,471.25693,471.25693,3081793454
2021-10-22,470.95938,498.01419,470.95938,478.64316,478.64316,1962748496
2021-10-23,478.94226,485.90643,473.11258,485.90643,485.90643,1170864603
2021-10-24,485.99014,486.8027,468.19821,476.63312,476.63312,1246191889
2021-10-25,475.92426,488.89432,474.87216,484.64508,484.64508,1337787876
2021-10-26,484.70688,489.77417,475.28629,478.02505,478.02505,1486193826
2021-10-27,478.12106,486.16751,440.44501,449.008,449.008,2340091135
2021-10-28,448.88583,494.91489,447.61972,492.01553,492.01553,2626956133
2021-10-29,492.43256,533.4754,488.87216,529.62213,529.62213,2667451365
2021-10-30,529.82269,539.93884,511.9313,527.9212,527.9212,2194893915
2021-10-31,528.5473,534.77094,510.56546,524.36444,524.36444,2076289915
2021-11-01,524.73822,552.07367,512.17627,551.25592,551.25592,2535579529
2021-11-02,551.74756,564.02271,538.39996,554.44763,554.44763,2401108112
2021-11-03,554.55737,570.25934,538.53101,568.5788,568.5788,2567651316
2021-11-04,568.57812,569.12128,544.87683,559.7373,559.7373,2260479871
2021-11-05,559.3905,615.58087,555.05609,608.64807,608.64807,3675930507
2021-11-06,608.26349,636.11395,596.76447,636.11395,636.11395,2779927044
2021-11-07,638.18604,669.34583,632.07928,650.45404,650.45404,3017167868
2021-11-08,650.46741,655.71368,632.68707,654.315,654.315,2828112534
2021-11-09,654.00037,657.04059,632.33167,635.19061,635.19061,2198989754
2021-11-10,635.03839,662.30652,578.07428,615.27808,615.27808,3653998344
2021-11-11,615.4552,634.84442,606.40918,629.89233,629.89233,2341652507
2021-11-12,629.14423,634.52057,604.16272,626.64252,626.64252,2209163398
2021-11-13,627.07959,655.32086,620.58783,650.10413,650.10413,2106170805
2021-11-14,650.06226,659.99268,634.5495,650.91809,650.91809,2101401990
2021-11-15,650.94312,660.04419,631.94226,633.04865,633.04865,2146877925
2021-11-16,634.94763,635.26038,574.18011,589.82288,589.82288,3772957260
2021-11-17,589.32806,593.10809,554.32141,578.09277,578.09277,2704847734
2021-11-18,578.03485,587.91272,518.4231,532.23761,532.23761,2917116815
2021-11-19,531.50513,585.89948,525.24152,581.53082,581.53082,2481119529
2021-11-20,581.47852,604.88422,574.02277,603.84003,603.84003,2336197759
2021-11-21,604.409,605.17712,580.5871,585.29425,585.29425,2055539646
2021-11-22,584.8158,585.1485,554.27026,559.12701,559.12701,2251971535
2021-11-23,559.57019,605.09045,559.04163,591.43958,591.43958,2927434189
2021-11-24,591.19556,594.83099,577.50836,581.39532,581.39532,2917418688
2021-11-25,590.35699,646.9588,587.8598,603.73022,603.73022,2537227998
2021-11-26,639.0036,657.51294,566.53314,585.14734,585.14734,4254504824
2021-11-27,587.10333,621.38666,584.79431,600.33679,600.33679,2485529516
2021-11-28,601.00641,612.73755,574.55127,611.36682,611.36682,2731676788
2021-11-29,611.76263,628.49689,602.44293,624.31006,624.31006,2425803182
2021-11-30,623.95697,635.12952,604.86761,622.66986,622.66986,2781531694
2021-12-01,621.81287,650.25317,619.1972,627.97156,627.97156,2806563703
2021-12-02,627.57184,629.88495,606.64783,619.47015,619.47015,2378758113
2021-12-03,620.29901,628.31635,579.84521,594.63599,594.63599,2483348354
2021-12-04,596.14868,596.14868,495.13226,569.07727,569.07727,4458419873
2021-12-05,568.65143,581.80658,543.63556,557.78308,557.78308,2394235567
2021-12-06,557.94977,593.38373,534.26367,589.25616,589.25616,3567503629
2021-12-07,589.11078,593.79926,573.3385,579.68988,579.68988,2112954675
2021-12-08,579.18268,607.78088,567.61621,607.59277,607.59277,2245501623
2021-12-09,606.63593,616.64734,568.03955,571.64899,571.64899,2132955304
2021-12-10,570.98102,594.59723,551.73584,552.96686,552.96686,2089946472
2021-12-11,553.67108,572.19153,542.56567,564.32251,564.32251,1824951693
2021-12-12,564.14142,574.18506,559.51526,570.82397,570.82397,1307635490
2021-12-13,571.17743,572.88239,511.99847,521.0116,521.0116,1900967743
2021-12-14,520.63171,536.29767,510.42078,511.22937,511.22937,2232411089
2021-12-15,528.42804,546.57812,503.03748,541.02698,541.02698,2079796859
2021-12-16,541.40381,545.15198,525.12164,526.24652,526.24652,1500825557
2021-12-17,526.1488,535.42828,511.7005,525.7063,525.7063,1804795681
2021-12-18,526.17236,537.81842,517.32385,533.89136,533.89136,1294574825
2021-12-19,534.01849,543.75079,527.77271,529.97205,529.97205,1199582659
2021-12-20,529.72803,534.78021,506.37036,523.16248,523.16248,1467380399
2021-12-21,523.38843,535.10614,517.76025,528.711,528.711,1461697111
2021-12-22,528.77277,544.64709,527.63885,533.64496,533.64496,1597323976
2021-12-23,533.71832,552.52869,524.78107,548.72583,548.72583,1867124970
2021-12-24,549.00226,554.12506,538.2337,541.90204,541.90204,1677259160
2021-12-25,542.4671,550.86597,540.54541,547.32623,547.32623,1305388019
2021-12-26,547.32416,549.41003,537.46173,546.995,546.995,1576727325
2021-12-27,546.50787,571.54889,543.50635,562.64148,562.64148,2180356553
2021-12-28,563.59033,563.59033,530.05994,534.92804,534.92804,2791585162
2021-12-29,534.85004,540.61578,511.74533,514.00079,514.00079,2159325741
2021-12-30,514.57025,527.5683,509.00348,518.90973,518.90973,1950603827
2021-12-31,519.12305,527.69733,507.88571,511.70831,511.70831,2020489898
2022-01-01,511.91037,527.35272,511.90353,527.35272,527.35272,1622547014
2022-01-02,527.29163,533.37103,518.75354,531.39667,531.39667,1462276185
2022-01-03,531.38885,532.09558,510.65216,512.13599,512.13599,1949153130
2022-01-04,512.13031,519.70166,503.21536,507.5061,507.5061,2200879165
2022-01-05,507.59781,515.2392,462.05756,475.05695,475.05695,2870757788
2022-01-06,475.07907,481.06284,460.2485,473.2756,473.2756,4400228627
2022-01-07,473.00006,474.2962,439.26001,447.78848,447.78848,4613172287
2022-01-08,447.85681,458.4838,419.19547,430.24615,430.24615,4068139021
2022-01-09,430.25311,444.49326,428.2395,438.80307,438.80307,3347862691
2022-01-10,438.78564,445.03616,408.69879,424.93378,424.93378,4156063326
2022-01-11,424.8912,467.28107,422.00092,463.51831,463.51831,4600615710
2022-01-12,463.56274,489.3273,457.11612,487.00742,487.00742,4131335431
2022-01-13,487.04257,488.21124,467.87561,475.02911,475.02911,4151007744
2022-01-14,475.1272,491.66064,468.93961,489.86743,489.86743,3112235914
2022-01-15,489.918,501.31113,486.30591,494.98807,494.98807,1766015929
2022-01-16,494.9241,505.30096,489.50214,498.42792,498.42792,1771927950
2022-01-17,498.50616,498.94391,468.57651,475.70987,475.70987,2134608006
2022-01-18,475.73642,479.66211,458.15247,472.00507,472.00507,2106859289
2022-01-19,471.91721,472.77429,454.75861,462.82208,462.82208,1780063381
2022-01-20,462.85696,478.35394,439.97806,440.00543,440.00543,1881741995
2022-01-21,440.06714,444.18024,376.77017,383.07391,383.07391,3647221590
2022-01-22,383.47455,388.91199,340.05481,358.09616,358.09616,4226932408
2022-01-23,358.3266,388.5939,357.17065,383.93396,383.93396,2786834863
2022-01-24,384.04062,384.04062,337.85394,371.36896,371.36896,3210871602
2022-01-25,371.38684,387.17685,358.08356,384.61935,384.61935,2325661159
2022-01-26,384.58624,400.15207,367.5751,375.75546,375.75546,2226973227
2022-01-27,375.54218,391.80438,360.3317,390.08829,390.08829,1952844398
2022-01-28,390.00067,393.37558,376.75217,386.08438,386.08438,1592850476
2022-01-29,386.06573,396.77228,381.68378,389.13278,389.13278,1330610935
2022-01-30,389.20221,389.24719,373.03629,377.61292,377.61292,1289330238
2022-01-31,377.64899,384.97739,366.11203,375.27731,375.27731,1386778184
2022-02-01,375.09918,387.76755,374.32684,385.46381,385.46381,1392647608
2022-02-02,385.48877,386.11472,366.89539,367.47168,367.47168,1290849744
2022-02-03,367.37085,370.87775,360.49133,370.87775,370.87775,1202744039
2022-02-04,370.71085,399.21652,369.81763,399.0296,399.0296,1711084752
2022-02-05,399.14886,430.34778,396.93372,414.20001,414.20001,2039010962
2022-02-06,414.21725,421.11343,408.61307,419.54556,419.54556,1427593921
2022-02-07,419.66644,438.64157,414.24973,433.22928,433.22928,1755674427
2022-02-08,433.45911,444.2886,407.16431,408.77676,408.77676,2247004672
2022-02-09,408.51691,427.39352,407.9498,422.46555,422.46555,1601745132
2022-02-10,422.51404,434.17145,411.24548,415.11923,415.11923,2037888603
2022-02-11,415.18719,419.28601,393.97733,400.42239,400.42239,1714654174
2022-02-12,400.49902,407.13974,394.7995,403.38974,403.38974,1372516416
2022-02-13,403.27158,406.71277,395.65533,398.88678,398.88678,1151509777
2022-02-14,398.64313,403.93448,391.38367,403.6608,403.6608,1269083662
2022-02-15,403.66422,436.24811,403.09494,432.40939,432.40939,2538883559
2022-02-16,432.49194,433.42874,423.07825,427.91812,427.91812,1670788158
2022-02-17,427.54993,431.01837,400.80667,402.45004,402.45004,1644013199
2022-02-18,402.64984,410.94293,393.81628,399.56918,399.56918,1554511893
2022-02-19,399.52142,406.38095,393.93365,400.04358,400.04358,1192395484
2022-02-20,400.00339,400.13144,376.00797,380.82593,380.82593,1431745519
2022-02-21,380.73654,393.62408,356.18497,356.66125,356.66125,2164511484
2022-02-22,356.72546,374.85934,350.14758,374.30746,374.30746,2037210077
2022-02-23,374.29929,383.24762,366.53949,366.53949,366.53949,1644707704
2022-02-24,366.34918,368.16852,324.48367,361.23465,361.23465,2972951900
2022-02-25,361.216,376.80261,357.36655,374.91495,374.91495,1839035023
2022-02-26,374.88858,385.21033,371.47504,373.63876,373.63876,1319208551
2022-02-27,373.59998,380.95908,359.62552,360.53104,360.53104,1600855952
2022-02-28,360.38217,396.45734,356.61758,395.61243,395.61243,1868349380
2022-03-01,395.62411,418.48996,391.32922,408.4823,408.4823,2885318336
2022-03-02,408.51852,414.91284,404.53479,409.00031,409.00031,2045870796
2022-03-03,409.03275,412.8006,397.90634,402.55069,402.55069,1598018507
2022-03-04,402.5752,402.91672,372.86841,374.28088,374.28088,1740563403
2022-03-05,374.44165,386.84406,368.17572,384.87335,384.87335,1321262776
2022-03-06,384.9118,387.16409,373.01794,375.0112,375.0112,1305295273
2022-03-07,375.07159,384.41757,364.43137,381.34464,381.34464,2058321705
2022-03-08,381.25476,387.62979,377.70557,381.95856,381.95856,1684540144
2022-03-09,382.04263,402.02808,381.84055,393.55576,393.55576,2425559108
2022-03-10,393.48038,394.40411,364.08789,372.15903,372.15903,2105808203
2022-03-11,372.19614,379.57172,365.60828,372.18405,372.18405,1550840418
2022-03-12,372.18619,379.19565,372.12686,372.73038,372.73038,1211417865
2022-03-13,372.60889,376.92841,361.15088,361.84982,361.84982,1242011950
2022-03-14,361.83453,373.60953,360.30185,373.46616,373.46616,1455465550
2022-03-15,373.47241,374.33328,362.68475,371.62885,371.62885,1360640456
2022-03-16,371.54279,386.36325,368.48166,385.52823,385.52823,1788844135
2022-03-17,385.45956,392.87042,382.16147,391.82474,391.82474,1635657390
2022-03-18,391.77878,399.92352,384.24832,397.64551,397.64551,1666543771
2022-03-19,397.56165,406.00372,395.41479,399.85355,399.85355,1532550954
2022-03-20,399.91974,400.61072,386.76672,390.76837,390.76837,1334193471
2022-03-21,390.73895,398.96173,386.56137,396.44781,396.44781,1657341491
2022-03-22,396.35559,409.64255,395.57574,404.31494,404.31494,1795119554
2022-03-23,404.32727,411.02957,398.85587,408.60977,408.60977,1645651129
2022-03-24,408.55426,416.5054,406.01157,414.12698,414.12698,1831451218
2022-03-25,414.14825,421.15372,406.29605,410.81116,410.81116,1678265707
2022-03-26,410.81625,416.31754,407.98126,415.9198,415.9198,1082240527
2022-03-27,415.93137,431.02557,412.3829,430.50327,430.50327,1499505093
2022-03-28,430.54681,440.72839,428.56522,430.39087,430.39087,2128699500
2022-03-29,430.07489,441.50754,430.07489,434.50568,434.50568,1987696098
2022-03-30,434.42972,448.94717,427.69208,442.68484,442.68484,2181737151
2022-03-31,442.65887,451.96109,424.95029,428.91611,428.91611,2632534284
2022-04-01,429.12402,446.79654,414.74939,446.60428,446.60428,2718206274
2022-04-02,446.84421,453.55847,436.7767,436.95535,436.95535,2272901729
2022-04-03,436.86581,455.22845,432.82172,450.34888,450.34888,2128734028
2022-04-04,450.26456,450.43262,434.17801,447.52493,447.52493,2248856403
2022-04-05,447.63004,459.80557,445.0386,445.17261,445.17261,2268650039
2022-04-06,445.00113,445.02765,418.88113,420.14636,420.14636,2323241738
2022-04-07,420.18265,438.2937,417.60104,436.79678,436.79678,2125042415
2022-04-08,436.93451,440.64297,419.43329,421.67725,421.67725,1951923760
2022-04-09,421.66534,428.02078,420.27255,427.15305,427.15305,1399108286
2022-04-10,427.14975,429.36411,418.59067,418.59067,418.59067,1410282903
2022-04-11,418.65845,419.49078,392.10992,394.08688,394.08688,2192782724
2022-04-12,394.28879,416.6358,393.16681,413.87393,413.87393,2140526232
2022-04-13,413.81265,424.33594,411.05927,423.13016,423.13016,1932053164
2022-04-14,423.06702,426.80722,412.04712,414.66373,414.66373,1615484732
2022-04-15,414.66711,419.79697,413.27261,417.29373,417.29373,1242920077
2022-04-16,417.29388,418.6586,411.9129,417.47845,417.47845,1022481382
2022-04-17,417.41153,417.88068,406.1683,407.37772,407.37772,1088306780
2022-04-18,407.43292,417.94696,397.14966,416.96841,416.96841,1925668122
2022-04-19,417.00766,424.27402,415.0994,422.38705,422.38705,1854452731
2022-04-20,422.36429,430.97516,415.72839,418.35425,418.35425,2035166767
2022-04-21,418.31686,425.47412,402.07968,405.02145,405.02145,2190281843
2022-04-22,404.96698,413.28125,404.10904,406.98752,406.98752,1895749713
2022-04-23,406.99335,407.89706,399.27841,401.65247,401.65247,1354484386
2022-04-24,401.52502,405.43057,398.34662,399.10538,399.10538,1222468479
2022-04-25,399.12991,404.8739,383.19067,404.35028,404.35028,1910707893
2022-04-26,404.26886,407.0845,382.08099,385.48306,385.48306,1671963898
2022-04-27,385.56216,394.45853,384.0777,391.44583,391.44583,1512587369
2022-04-28,391.43866,408.23245,388.87766,406.7182,406.7182,2116381172
2022-04-29,406.64172,410.17578,390.53998,393.06216,393.06216,1928209754
2022-04-30,392.99854,399.59308,377.76782,377.76782,377.76782,1467605770
2022-05-01,377.76566,391.077,377.28995,390.28198,390.28198,1553846706
2022-05-02,390.26126,392.21671,382.77441,389.67065,389.67065,1388077917
2022-05-03,389.63416,391.75476,380.34622,383.4758,383.4758,1295877765
2022-05-04,383.48355,402.8627,383.42804,402.50266,402.50266,1714496792
2022-05-05,402.46521,412.40036,372.55276,378.77362,378.77362,2389487319
2022-05-06,378.75674,382.68109,371.97333,379.30429,379.30429,1834770716
2022-05-07,379.28818,380.38742,361.19559,365.68411,365.68411,1527960119
2022-05-08,365.733,366.50958,351.14377,355.39874,355.39874,1875845651
2022-05-09,355.37741,358.95071,299.34894,299.34894,299.34894,2943374129
2022-05-10,298.82071,332.43884,290.58679,319.32697,319.32697,3210603809
2022-05-11,319.12277,322.76682,262.62045,269.96277,269.96277,3870618668
2022-05-12,269.888,283.47513,216.3615,269.40726,269.40726,4739990237
2022-05-13,269.14273,312.68878,265.70959,290.5842,290.5842,2774121165
2022-05-14,290.61807,298.80286,272.65115,297.3876,297.3876,1884570404
2022-05-15,297.39737,312.17654,286.64377,312.00772,312.00772,1611088257
2022-05-16,312.08414,312.14426,290.46182,297.71011,297.71011,1754184298
2022-05-17,297.69931,310.19446,296.96179,305.96344,305.96344,1584497815
2022-05-18,305.98987,307.71146,287.43878,287.43878,287.43878,1520090732
2022-05-19,287.45047,307.95981,287.2146,306.79156,306.79156,1646882950
2022-05-20,306.78107,315.27386,294.7608,302.35922,302.35922,1756670714
2022-05-21,302.36594,313.66016,300.13007,312.46603,312.46603,1318736979
2022-05-22,312.48804,322.85703,311.82733,319.60901,319.60901,1604297406
2022-05-23,319.51712,336.30753,316.34973,316.76056,316.76056,2228144099
2022-05-24,316.85083,329.81866,313.5509,328.18933,328.18933,2002782969
2022-05-25,328.19568,336.66605,324.54855,325.7348,325.7348,2008481372
2022-05-26,325.75528,330.89233,298.78659,304.96393,304.96393,2686414043
2022-05-27,304.79083,308.86493,292.14188,300.97205,300.97205,2593113824
2022-05-28,302.43503,309.20905,297.71692,307.81543,307.81543,1471633413
2022-05-29,307.75253,307.9444,299.30618,305.97507,305.97507,1208835000
2022-05-30,305.94409,323.25778,304.33658,321.7529,321.7529,2064357375
2022-05-31,321.72031,323.70135,314.27551,320.48511,320.48511,1711532960
2022-06-01,320.47202,323.88507,297.9686,300.50406,300.50406,1763624947
2022-06-02,300.46646,309.04089,298.6712,308.10178,308.10178,1228180850
2022-06-03,308.19418,309.85672,293.86307,298.39789,298.39789,1115211127
2022-06-04,298.50284,302.63779,295.28391,301.63113,301.63113,805954970
2022-06-05,301.5979,301.94077,295.42526,298.93472,298.93472,779603321
2022-06-06,298.98459,311.69971,289.42828,295.39603,295.39603,1470941103
2022-06-07,295.37341,295.37341,274.42776,290.34113,290.34113,1752763456
2022-06-08,290.29883,294.03995,284.37332,288.61609,288.61609,1136631692
2022-06-09,288.61755,292.98065,286.47928,289.91965,289.91965,800984464
2022-06-10,289.88858,297.23129,283.47855,286.04669,286.04669,1362797648
2022-06-11,286.10538,290.3718,265.62979,269.487,269.487,1220361307
2022-06-12,269.66257,271.37988,251.99144,255.95088,255.95088,1380200465
2022-06-13,255.66772,256.85431,214.6053,222.50578,222.50578,2471570710
2022-06-14,222.5522,230.36563,205.39317,223.22125,223.22125,2027226914
2022-06-15,223.18944,234.01709,199.29222,233.39671,233.39671,2244407305
2022-06-16,233.46786,236.32854,208.0656,209.53874,209.53874,1483212957
2022-06-17,209.70868,221.64134,208.10292,215.8918,215.8918,1108538874
2022-06-18,215.81561,218.5502,184.54005,197.043,197.043,1579731402
2022-06-19,196.9558,216.08247,190.12149,214.92053,214.92053,1333254615
2022-06-20,214.87975,218.07971,205.16682,216.93427,216.93427,1235838900
2022-06-21,216.90111,227.64221,213.55081,219.49863,219.49863,1165714518
2022-06-22,219.6734,220.52693,211.59193,214.26192,214.26192,1050984086
2022-06-23,214.23103,229.77142,214.23103,228.95375,228.95375,1148541185
2022-06-24,228.92287,242.81625,228.63004,240.23831,240.23831,1127877901
2022-06-25,240.26218,241.49773,230.44621,239.69066,239.69066,915553554
2022-06-26,239.61258,244.66547,233.63219,233.85875,233.85875,823875890
2022-06-27,233.83366,240.61821,230.50708,233.65402,233.65402,841135242
2022-06-28,233.57285,241.42325,226.1501,226.92734,226.92734,1082126615
2022-06-29,226.9046,229.43471,215.94781,219.28447,219.28447,1062609997
2022-06-30,219.38757,219.88707,205.92667,219.30009,219.30009,1088852065
2022-07-01,219.52899,226.37962,213.66563,216.01546,216.01546,1234215934
2022-07-02,216.23198,219.42201,214.21045,218.03523,218.03523,767361243
2022-07-03,218.04758,219.78871,214.46449,218.98032,218.98032,724525676
2022-07-04,218.97861,231.7682,215.21373,231.57413,231.57413,1039372640
2022-07-05,231.48412,235.75916,223.22838,230.84636,230.84636,1310031377
2022-07-06,230.91109,239.4906,229.29793,238.49994,238.49994,1266715664
2022-07-07,238.50296,243.30289,235.4366,241.54451,241.54451,1108137930
2022-07-08,241.54443,246.68301,237.1404,240.75072,240.75072,1341618380
2022-07-09,240.75658,244.69347,240.66882,243.24107,243.24107,851653424
2022-07-10,243.25093,243.32713,232.10197,234.65558,234.65558,881096013
2022-07-11,234.59937,234.64993,225.50142,225.85851,225.85851,1021066311
2022-07-12,225.86839,228.19084,220.46455,220.46455,220.46455,1140033692
2022-07-13,220.49242,230.53871,216.8168,230.52477,230.52477,1431776142
2022-07-14,230.51233,239.66016,227.57991,238.16447,238.16447,1609361574
2022-07-15,238.22662,241.83342,235.68315,238.57399,238.57399,1151260376
2022-07-16,238.55907,250.75876,234.11768,249.59387,249.59387,1030985968
2022-07-17,249.64081,255.29649,246.95081,247.84848,247.84848,1050861669
2022-07-18,247.83447,264.88605,247.82182,264.88605,264.88605,1632324536
2022-07-19,264.49493,274.24365,256.69919,268.81732,268.81732,1925805446
2022-07-20,268.77271,271.79025,256.99649,258.33881,258.33881,1675018362
2022-07-21,258.34012,265.90753,251.54565,265.46255,265.46255,1220055525
2022-07-22,265.47702,271.15198,261.61246,262.87744,262.87744,1173778496
2022-07-23,262.72015,271.61386,253.22386,259.46301,259.46301,1108172504
2022-07-24,259.47388,265.88669,257.43295,261.86487,261.86487,913146574
2022-07-25,261.841,262.43613,245.1485,245.1485,245.1485,1005244476
2022-07-26,245.12367,248.95837,240.1133,248.95837,248.95837,926779355
2022-07-27,249.01581,271.50436,247.80411,271.50436,271.50436,1405510237
2022-07-28,271.51535,280.12738,264.73911,277.29391,277.29391,1648592412
2022-07-29,277.31412,301.20969,275.30435,293.95334,293.95334,2562325488
2022-07-30,293.9151,299.72397,285.40881,287.53613,287.53613,1578905327
2022-07-31,287.57724,296.21021,282.60931,283.57947,283.57947,1313531523
2022-08-01,283.62949,290.08478,278.34354,283.53949,283.53949,1314157614
2022-08-02,283.47635,290.53677,274.82047,283.82098,283.82098,1768344106
2022-08-03,283.87384,305.18686,278.81183,298.35678,298.35678,2133584480
2022-08-04,298.37012,312.74811,297.43204,310.70605,310.70605,1926587001
2022-08-05,310.6936,320.9566,308.60681,315.18555,315.18555,1585061398
2022-08-06,315.19699,321.83969,313.73364,315.06891,315.06891,1151509385
2022-08-07,315.12311,325.17166,309.02487,322.92114,322.92114,1012978419
2022-08-08,322.9548,332.8811,322.53937,324.80042,324.80042,1318773332
2022-08-09,324.83636,327.82547,313.49692,324.91232,324.91232,1139003043
2022-08-10,324.85904,336.28369,314.4126,328.47116,328.47116,1738218767
2022-08-11,328.46021,334.09723,322.30756,323.80023,323.80023,1511577808
2022-08-12,323.77213,327.51468,318.26517,327.51468,327.51468,980643843
2022-08-13,327.57416,332.51675,323.47888,323.87015,323.87015,991712327
2022-08-14,323.97409,330.8053,316.65927,317.98663,317.98663,936178150
2022-08-15,318.03247,326.83365,314.85809,319.8873,319.8873,1141553086
2022-08-16,319.71277,322.15829,312.80606,316.42368,316.42368,963072351
2022-08-17,316.40161,323.23599,305.3349,306.63641,306.63641,1111784114
2022-08-18,306.79648,310.18796,297.02643,298.14124,298.14124,1041814513
2022-08-19,298.15277,298.1907,278.57944,279.71872,279.71872,1598319492
2022-08-20,279.62012,288.90552,278.33206,283.69315,283.69315,1315367730
2022-08-21,283.6391,303.65793,283.6391,302.05627,302.05627,1249205607
2022-08-22,302.03418,303.82379,289.3067,300.55911,300.55911,1463703478
2022-08-23,300.57092,301.19501,294.31967,299.02994,299.02994,1034959891
2022-08-24,299.01511,299.95868,294.71204,296.44968,296.44968,935405757
2022-08-25,296.4873,306.13815,296.20209,301.58365,301.58365,973529233
2022-08-26,301.556,301.556,277.85165,279.59818,279.59818,1210077085
2022-08-27,279.57184,283.8501,274.54437,277.80157,277.80157,962669292
2022-08-28,277.80344,283.62833,276.25089,276.25089,276.25089,758285305
2022-08-29,276.28061,286.33102,272.80597,286.22141,286.22141,1009161525
2022-08-30,286.21527,291.66309,277.07446,281.42535,281.42535,979620743
2022-08-31,281.45648,289.77112,278.0788,279.2381,279.2381,952486877
2022-09-01,279.25134,280.22131,271.47281,278.41724,278.41724,954919263
2022-09-02,278.38797,282.90591,274.48792,277.41611,277.41611,807053745
2022-09-03,277.43112,278.43228,274.77545,277.77557,277.77557,490102253
2022-09-04,277.78192,279.81314,275.45322,278.84186,278.84186,512014471
2022-09-05,278.85449,280.61264,273.71951,276.68591,276.68591,665273781
2022-09-06,276.75186,285.75418,262.59756,262.6684,262.6684,1173656468
2022-09-07,262.61264,279.76385,259.99396,278.76132,278.76132,963734560
2022-09-08,278.76022,282.06332,276.04892,280.57748,280.57748,870477242
2022-09-09,280.53702,294.95593,280.22083,293.40714,293.40714,1139680146
2022-09-10,293.39508,298.44186,291.2475,296.96906,296.96906,851195253
2022-09-11,296.91974,297.87521,291.3035,295.16187,295.16187,700835025
2022-09-12,295.1741,299.1763,291.1507,293.65872,293.65872,998624528
2022-09-13,293.64923,297.68771,275.96896,277.57693,277.57693,1136956066
2022-09-14,277.4133,282.15027,274.83057,279.38586,279.38586,956413768
2022-09-15,279.38306,280.2468,268.01022,270.80688,270.80688,1080164338
2022-09-16,270.81226,276.26324,269.12952,274.65457,274.65457,803452434
2022-09-17,274.73001,279.53171,274.73001,279.24933,279.24933,560951664
2022-09-18,279.22073,279.62076,264.74365,266.31317,266.31317,789437105
2022-09-19,266.25192,272.61911,257.18683,272.06982,272.06982,1074224923
2022-09-20,272.13055,273.20312,265.69321,266.3696,266.3696,845702947
2022-09-21,266.39474,275.83356,261.27518,264.79208,264.79208,1057177278
2022-09-22,264.60776,275.90765,264.02811,275.50027,275.50027,843345381
2022-09-23,275.4935,277.38171,269.66946,276.62625,276.62625,869618433
2022-09-24,276.62704,284.63245,275.13538,275.13538,275.13538,818302597
2022-09-25,275.10434,279.20169,271.67313,274.06125,274.06125,640533920
2022-09-26,274.14178,276.44699,271.18832,275.92786,275.92786,716989161
2022-09-27,275.92596,286.06799,270.82208,272.40155,272.40155,927431127
2022-09-28,272.33444,283.34244,266.97656,281.78122,281.78122,857467325
2022-09-29,281.76666,285.23376,277.50064,283.78903,283.78903,800888080
2022-09-30,283.83429,289.53711,280.89301,284.19229,284.19229,905481572
2022-10-01,284.27341,285.19287,278.3609,282.87192,282.87192,593375648
2022-10-02,282.89505,287.37952,279.95444,284.43311,284.43311,556343468
2022-10-03,284.41489,288.6329,283.89865,287.03198,287.03198,700566674
2022-10-04,287.02417,297.99466,286.52896,296.29846,296.29846,794566055
2022-10-05,296.28946,296.33307,289.90375,294.13766,294.13766,656837388
2022-10-06,294.15527,297.69937,279.80356,286.63416,286.63416,1010110227
2022-10-07,286.77194,286.95862,280.19147,283.18268,283.18268,952606066
2022-10-08,282.9942,282.9942,276.04987,276.46957,276.46957,604706997
2022-10-09,276.44955,279.28003,275.46304,278.23807,278.23807,570350814
2022-10-10,278.24457,279.0643,271.80606,271.80606,271.80606,655201928
2022-10-11,271.73154,273.66284,268.44684,271.3714,271.3714,584301468
2022-10-12,271.40662,272.73523,269.66016,270.97101,270.97101,546926291
2022-10-13,270.95871,273.49265,257.97452,271.85141,271.85141,1124480167
2022-10-14,271.84592,276.52887,268.34302,269.56717,269.56717,809144930
2022-10-15,269.55902,271.3645,267.88483,268.40408,268.40408,491674298
2022-10-16,268.41159,273.74304,268.3623,272.51996,272.51996,563344666
2022-10-17,272.50192,275.84152,270.42734,275.51257,275.51257,594844795
2022-10-18,275.53452,275.81525,270.5332,273.21457,273.21457,599934776
2022-10-19,273.22345,273.64771,270.68436,271.98135,271.98135,497761035
2022-10-20,271.95374,273.28516,267.86047,269.27127,269.27127,539795617
2022-10-21,269.2449,271.04791,264.52298,270.03842,270.03842,593811687
2022-10-22,270.03308,271.00742,268.56689,270.47949,270.47949,391459296
2022-10-23,270.47998,276.56979,269.10254,276.00818,276.00818,483765500
2022-10-24,276.00076,276.87546,271.88489,273.97742,273.97742,535946814
2022-10-25,273.95135,289.60181,272.36652,284.43253,284.43253,940035659
2022-10-26,284.3562,291.70239,284.16382,290.37698,290.37698,1017326051
2022-10-27,290.392,293.06946,285.22531,286.84412,286.84412,874526054
2022-10-28,286.84116,300.7218,286.13669,298.01419,298.01419,1072756219
2022-10-29,298.00378,307.91498,295.94525,304.21796,304.21796,1397370727
2022-10-30,304.22992,318.06927,302.53436,313.75479,313.75479,1451550019
2022-10-31,313.67136,336.79532,307.62534,326.36072,326.36072,2168405759
2022-11-01,326.27786,334.20624,317.93552,324.57944,324.57944,1329110451
2022-11-02,324.46799,329.03946,316.28091,320.15054,320.15054,1411029750
2022-11-03,320.17444,338.64258,318.49557,329.71698,329.71698,1514834239
2022-11-04,329.67096,358.18201,328.73984,354.40637,354.40637,1938879952
2022-11-05,354.41946,360.30933,347.01962,349.25372,349.25372,1231594445
2022-11-06,349.28815,354.4881,339.19241,339.38937,339.38937,1143505730
2022-11-07,338.89716,344.0419,327.68378,337.01456,337.01456,1811518274
2022-11-08,336.98764,388.71552,302.75189,327.69028,327.69028,5390603525
2022-11-09,327.81967,332.061,261.73026,266.85312,266.85312,3191459132
2022-11-10,266.88577,311.07401,264.46774,304.08005,304.08005,2461275687
2022-11-11,303.98688,304.91278,280.62686,289.82056,289.82056,1625174426
2022-11-12,289.85764,290.36917,272.04611,282.34128,282.34128,1189401392
2022-11-13,282.36526,286.08447,274.0527,276.57944,276.57944,956106804
2022-11-14,276.62225,290.71964,268.23303,278.57843,278.57843,1541330420
2022-11-15,278.62802,281.88254,274.09311,276.87402,276.87402,1116291060
2022-11-16,276.86301,279.79199,269.65018,272.0816,272.0816,908816092
2022-11-17,272.08832,273.22247,264.3985,267.91132,267.91132,854777255
2022-11-18,267.91412,274.50595,267.91354,273.91998,273.91998,685307608
2022-11-19,273.88721,274.26245,269.64954,272.39767,272.39767,551451228
2022-11-20,272.4303,273.65048,262.5553,264.23514,264.23514,720361905
2022-11-21,264.23578,264.74255,250.65694,254.16826,254.16826,1094850661
2022-11-22,254.01909,266.89215,252.38995,266.32434,266.32434,800429058
2022-11-23,266.42035,300.0202,265.03497,297.84744,297.84744,1920236928
2022-11-24,297.94586,303.06464,294.53156,300.42783,300.42783,1219177799
2022-11-25,300.33383,304.16327,294.91232,300.5777,300.5777,949045515
2022-11-26,300.57175,316.96213,300.38947,311.38846,311.38846,1221554861
2022-11-27,311.37204,316.21988,307.15637,307.42929,307.42929,793779029
2022-11-28,307.39957,309.0961,289.49368,293.52725,293.52725,1154829072
2022-11-29,293.49182,304.82281,289.76364,295.49817,295.49817,986451640
2022-11-30,295.54822,304.65097,294.38226,300.79434,300.79434,1009620336
2022-12-01,300.75436,301.47968,290.55371,292.0162,292.0162,1433086340
2022-12-02,292.02856,293.5275,286.14069,293.5275,293.5275,854253818
2022-12-03,293.50037,294.04303,289.70447,290.56314,290.56314,634607105
2022-12-04,290.5531,292.33762,288.50406,292.2883,292.2883,633441009
2022-12-05,292.20889,296.91217,286.5387,288.47427,288.47427,705616866
2022-12-06,288.46176,290.60162,287.10788,290.35446,290.35446,610280514
2022-12-07,290.38461,290.48569,282.02081,284.28442,284.28442,759320494
2022-12-08,284.29517,291.51172,282.8092,290.53717,290.53717,646645162
2022-12-09,290.522,291.57059,285.57562,286.09042,286.09042,644239750
2022-12-10,286.10651,289.49261,286.10651,288.12521,288.12521,439735200
2022-12-11,288.14426,290.93643,284.18829,284.39041,284.39041,496833486
2022-12-12,284.43439,285.53745,273.53085,276.2782,276.2782,974762447
2022-12-13,276.28448,280.68735,257.44037,271.95169,271.95169,1925504273
2022-12-14,271.95807,277.85709,266.14624,268.23154,268.23154,1026628081
2022-12-15,268.15036,268.15036,257.08121,258.27371,258.27371,709349174
2022-12-16,258.26877,264.24759,227.34523,231.23244,231.23244,1264053277
2022-12-17,231.22075,243.58195,221.00319,242.52928,242.52928,1196953526
2022-12-18,242.51691,253.33969,240.03653,251.15639,251.15639,925487110
2022-12-19,251.24268,252.93301,238.65079,240.65781,240.65781,751196285
2022-12-20,240.66823,252.62866,239.80144,251.74454,251.74454,667866377
2022-12-21,251.69432,251.69432,245.75725,246.04698,246.04698,479296549
2022-12-22,246.06833,248.03203,240.4832,245.89062,245.89062,543367184
2022-12-23,245.89413,248.27472,244.45294,246.14818,246.14818,388929772
2022-12-24,246.15164,246.18172,243.95305,244.63553,244.63553,280627376
2022-12-25,244.6364,245.73099,241.7005,243.14149,243.14149,298063868
2022-12-26,243.14793,244.59595,242.22443,244.19829,244.19829,276115280
2022-12-27,244.20265,247.67969,242.56218,246.59668,246.59668,391342277
2022-12-28,246.60712,246.84004,242.10928,244.14192,244.14192,414698978
2022-12-29,244.17142,246.601,243.57991,246.47972,246.47972,345312528
2022-12-30,246.45801,246.49724,243.12747,245.77922,245.77922,342300809
2022-12-31,245.78868,247.58362,245.10825,246.3492,246.3492,307551853
2023-01-01,246.3329,246.48581,243.57529,244.13698,244.13698,278651737
2023-01-02,244.15222,247.71527,241.69249,245.5359,245.5359,357733262
2023-01-03,245.55214,246.83145,244.78404,246.13336,246.13336,377452410
2023-01-04,246.1409,260.51605,245.70497,259.11969,259.11969,632924961
2023-01-05,259.07648,259.07648,255.59656,256.42285,256.42285,342934041
2023-01-06,256.4502,260.22174,255.0677,259.86716,259.86716,417893264
2023-01-07,259.85489,262.96365,259.59329,261.28284,261.28284,327712514
2023-01-08,261.25293,274.38507,260.51691,274.38507,274.38507,491734030
2023-01-09,274.44244,283.02542,271.89938,272.70154,272.70154,783671054
2023-01-10,272.65518,278.26767,271.14984,277.28964,277.28964,470259383
2023-01-11,277.29352,285.17239,274.5264,285.04651,285.04651,466458216
2023-01-12,286.90067,287.95139,279.74103,287.81235,287.81235,655903255
2023-01-13,287.81149,295.27478,285.19122,293.733,293.733,561853825
2023-01-14,293.71967,314.00336,293.60062,305.24112,305.24112,1087358891
2023-01-15,305.32874,305.76385,292.92459,302.07065,302.07065,562889882
2023-01-16,302.07999,307.59738,294.18195,298.99924,298.99924,602126315
2023-01-17,299.05911,304.78815,296.97479,299.82452,299.82452,529752305
2023-01-18,299.83145,304.88977,282.63104,286.99106,286.99106,844268123
2023-01-19,286.8855,295.11853,286.87045,294.8522,294.8522,431382130
2023-01-20,294.84552,305.02094,287.22644,304.97318,304.97318,669836014
2023-01-21,305.02048,309.61658,299.06424,299.26117,299.26117,755028964
2023-01-22,299.23911,310.60242,299.10358,303.04645,303.04645,571771274
2023-01-23,303.02032,307.42926,302.3317,305.50409,305.50409,520678637
2023-01-24,305.3909,322.74622,299.69962,300.61234,300.61234,887528741
2023-01-25,300.63815,313.20074,294.71466,307.30765,307.30765,667706772
2023-01-26,307.09641,309.26309,302.39267,304.86655,304.86655,540954388
2023-01-27,304.87445,309.89447,300.32059,308.12311,308.12311,484897937
2023-01-28,308.15714,313.07736,304.09332,306.24432,306.24432,434715822
2023-01-29,306.2363,320.11856,305.19809,317.33621,317.33621,664644693
2023-01-30,317.3754,320.25482,303.58075,307.06888,307.06888,630938594
2023-01-31,307.09656,313.8248,305.68137,312.36105,312.36105,487472184
2023-02-01,312.27713,319.20767,306.14828,317.4726,317.4726,616638893
2023-02-02,317.34619,333.49554,316.71106,323.34979,323.34979,909077028
2023-02-03,323.29135,334.54517,318.90323,332.26868,332.26868,861598551
2023-02-04,332.24969,333.87094,327.74142,330.6171,330.6171,440935963
2023-02-05,330.55826,337.32053,324.87949,327.86935,327.86935,662969265
2023-02-06,327.86185,330.95743,321.94614,324.62717,324.62717,521894604
2023-02-07,324.5574,333.52673,324.20547,333.22787,333.22787,521804212
2023-02-08,333.21732,334.72839,324.49054,328.08865,328.08865,515127902
2023-02-09,328.17221,329.0126,303.35855,305.96042,305.96042,778492045
2023-02-10,306.00726,309.05692,303.01657,305.95413,305.95413,492880078
2023-02-11,305.97992,311.14688,305.4541,310.61603,310.61603,348569462
2023-02-12,310.60562,320.23486,306.51749,312.92966,312.92966,520994815
2023-02-13,312.90182,315.12305,283.69638,294.47534,294.47534,1322505522
2023-02-14,294.4704,301.13327,290.17349,296.12036,296.12036,662196432
2023-02-15,296.14493,317.38733,294.38327,317.16922,317.16922,667519216
2023-02-16,317.15039,326.63489,304.50275,304.7637,304.7637,1036335164
2023-02-17,304.74274,316.41354,303.55191,313.37799,313.37799,701575686
2023-02-18,313.38586,318.6785,313.30054,316.68271,316.68271,467884011
2023-02-19,316.61966,318.42645,311.30984,311.93585,311.93585,522437732
2023-02-20,312.02792,319.30078,309.42825,315.37744,315.37744,676396150
2023-02-21,315.39935,316.99728,309.95526,311.47202,311.47202,579359973
2023-02-22,311.48264,312.80939,304.22122,312.78113,312.78113,549179249
2023-02-23,312.80533,314.8949,306.18021,308.53394,308.53394,472852406
2023-02-24,308.45972,311.79944,300.05814,302.05371,302.05371,479926281
2023-02-25,302.10025,303.02924,297.22412,302.38461,302.38461,310503640
2023-02-26,302.36902,309.58755,300.96625,308.99707,308.99707,312320211
2023-02-27,308.9852,309.32544,300.9361,304.8558,304.8558,404806423
2023-02-28,304.85498,305.63272,300.56927,301.47482,301.47482,337673265
2023-03-01,301.51035,306.18515,301.09802,302.90747,302.90747,377974810
2023-03-02,302.91611,303.55417,296.51917,299.94617,299.94617,370516889
2023-03-03,299.97757,300.08765,287.97925,290.28284,290.28284,450262903
2023-03-04,290.28989,291.32755,286.61908,289.50388,289.50388,289197235
2023-03-05,289.52063,292.45908,287.87592,288.69971,288.69971,287599378
2023-03-06,288.7045,289.71838,283.95316,288.05496,288.05496,374160712
2023-03-07,287.99554,290.21674,284.37408,289.34369,289.34369,373176525
2023-03-08,289.32745,293.64163,285.58548,286.867,286.867,436665040
2023-03-09,286.94577,291.36649,272.72836,277.29611,277.29611,505668979
2023-03-10,277.32352,278.10074,265.71243,277.41959,277.41959,558776711
2023-03-11,277.43466,281.6441,272.28308,277.96143,277.96143,523623578
2023-03-12,277.94403,289.71341,276.63861,289.67578,289.67578,483074620
2023-03-13,289.74081,313.75372,287.55618,308.9122,308.9122,1122664621
2023-03-14,308.93799,319.83896,304.01312,309.37079,309.37079,866173920
2023-03-15,309.44614,313.92416,301.69415,307.12494,307.12494,596861029
2023-03-16,307.21344,333.00717,304.42953,329.86087,329.86087,1337194824
2023-03-17,329.88632,340.27005,327.13559,339.08115,339.08115,934568148
2023-03-18,339.04074,346.44513,330.79123,331.52429,331.52429,828471428
2023-03-19,331.53018,341.81659,331.53018,336.97824,336.97824,705888292
2023-03-20,337.00095,339.79803,332.8541,332.923,332.923,682276624
2023-03-21,333.01581,339.5477,328.99399,335.30923,335.30923,638610697
2023-03-22,335.29413,339.68579,317.60025,321.88773,321.88773,1280612242
2023-03-23,321.86353,331.96851,319.89221,329.83701,329.83701,547390925
2023-03-24,329.80807,330.17398,317.77679,322.35934,322.35934,468651735
2023-03-25,322.31985,325.00284,319.91092,322.67307,322.67307,439062620
2023-03-26,322.63651,329.56754,322.09665,328.888,328.888,363216136
2023-03-27,328.90448,329.33051,306.45444,310.94913,310.94913,656817420
2023-03-28,310.94656,314.98615,307.37128,313.26062,313.26062,478328374
2023-03-29,313.22754,319.5325,312.79041,313.84177,313.84177,482942200
2023-03-30,313.86261,317.79572,311.00363,316.56757,316.56757,594180917
2023-03-31,316.63242,319.63358,313.7865,317.04001,317.04001,419430009
2023-04-01,317.05978,318.43063,313.56131,315.21732,315.21732,463135728
2023-04-02,314.94208,316.18842,311.53656,313.92862,313.92862,442429679
2023-04-03,313.93765,314.03323,300.50876,308.56238,308.56238,701865645
2023-04-04,308.58984,312.08749,308.46497,310.99484,310.99484,575672802
2023-04-05,311.00092,316.31082,310.5144,314.06317,314.06317,592856922
2023-04-06,314.08395,314.59122,311.06174,312.45465,312.45465,530706217
2023-04-07,312.45395,312.86526,309.98343,310.69949,310.69949,478098163
2023-04-08,310.66531,312.68326,310.38803,310.63474,310.63474,461767801
2023-04-09,310.65906,313.61316,309.88458,312.87225,312.87225,465627007
2023-04-10,312.86813,318.37906,311.8118,318.37906,318.37906,565754261
2023-04-11,318.41153,332.87778,318.14307,322.75827,322.75827,896643000
2023-04-12,322.76523,323.48981,317.34103,318.95377,318.95377,639928192
2023-04-13,320.02347,325.2355,318.16263,324.94809,324.94809,684442464
2023-04-14,324.97571,335.52277,324.03711,329.17386,329.17386,941862415
2023-04-15,329.1727,335.97052,327.57202,333.40729,333.40729,730957108
2023-04-16,333.3902,349.95663,331.28983,348.22092,348.22092,936315454
2023-04-17,348.17575,350.0723,338.26062,339.99411,339.99411,856381072
2023-04-18,340.04477,346.49304,337.85931,343.19345,343.19345,741280408
2023-04-19,343.16962,343.52991,321.05203,322.70752,322.70752,826810466
2023-04-20,322.58774,326.55252,315.90219,317.88992,317.88992,663981561
2023-04-21,317.92111,331.41718,316.11694,321.67499,321.67499,1057530805
2023-04-22,321.65674,332.991,320.31046,331.99509,331.99509,670641138
2023-04-23,332.01334,332.2207,327.77954,330.61884,330.61884,639990072
2023-04-24,330.62131,333.44812,328.14487,331.24588,331.24588,662758378
2023-04-25,331.2005,339.70117,328.80679,338.32556,338.32556,682400159
2023-04-26,338.3248,344.81683,325.43854,330.82178,330.82178,910334786
2023-04-27,330.84637,336.44528,329.10217,331.1951,331.1951,750494420
2023-04-28,331.19931,331.19931,319.59085,324.50024,324.50024,1069178743
2023-04-29,324.48947,324.74344,321.87061,322.13474,322.13474,536818146
2023-04-30,322.10663,337.94492,320.72305,337.64554,337.64554,865228956
2023-05-01,337.60522,339.39166,326.67004,328.72421,328.72421,912601797
2023-05-02,328.73804,328.75897,321.9527,321.9527,321.9527,686766524
2023-05-03,321.97571,327.43692,320.98849,326.21289,326.21289,822037855
2023-05-04,326.20374,327.44412,323.52322,323.91714,323.91714,467074893
2023-05-05,323.92618,328.90457,323.92618,326.94031,326.94031,519090054
2023-05-06,326.94537,328.73691,320.5791,322.77402,322.77402,494274153
2023-05-07,322.75797,325.81415,321.51294,321.61105,321.61105,437921018
2023-05-08,321.42575,322.42502,311.88535,313.97122,313.97122,636404503
2023-05-09,314.00208,315.73404,311.59946,312.5137,312.5137,461175016
2023-05-10,312.49844,316.67789,308.81528,314.57745,314.57745,545212280
2023-05-11,314.58963,314.58963,304.96152,307.69583,307.69583,484941644
2023-05-12,307.68903,308.8201,301.5824,308.60312,308.60312,509746023
2023-05-13,308.63431,311.89795,307.83954,311.08688,311.08688,385073781
2023-05-14,311.08945,314.63773,310.00586,312.13589,312.13589,404468149
2023-05-15,312.13361,316.36581,311.01413,313.52942,313.52942,432273711
2023-05-16,313.54291,314.03793,309.69275,311.38004,311.38004,402988974
2023-05-17,311.36981,314.26999,307.6412,314.08353,314.08353,437721579
2023-05-18,314.09122,314.66629,306.64963,309.4567,309.4567,383049498
2023-05-19,309.44678,311.1976,307.93005,308.96429,308.96429,334636708
2023-05-20,308.98242,311.84232,308.08798,310.71997,310.71997,277393160
2023-05-21,310.70963,311.5177,306.47852,306.50671,306.50671,302803530
2023-05-22,306.52347,310.83539,305.04764,309.24564,309.24564,355156561
2023-05-23,309.24918,315.21268,309.23889,313.50623,313.50623,361568579
2023-05-24,313.51913,313.55042,304.16553,305.93277,305.93277,418835791
2023-05-25,305.9227,306.67587,302.94235,304.73364,304.73364,401117895
2023-05-26,304.72571,308.41437,301.89355,306.88632,306.88632,475658791
2023-05-27,306.8949,307.59845,304.40213,307.59177,307.59177,331579600
2023-05-28,307.58072,314.45099,306.99799,314.27005,314.27005,405623337
2023-05-29,314.28464,316.79559,310.79294,311.80719,311.80719,543284868
2023-05-30,311.81033,314.27661,311.31351,311.68451,311.68451,392038878
2023-05-31,311.69571,311.84665,305.3764,306.8667,306.8667,474410245
2023-06-01,306.88281,307.61377,303.64456,304.95328,304.95328,354897855
2023-06-02,304.95068,308.39615,303.74014,307.4238,307.4238,382256220
2023-06-03,307.4339,308.19766,305.64899,306.72012,306.72012,260995871
2023-06-04,306.71844,307.58392,305.01212,305.1568,305.1568,273449324
2023-06-05,305.16727,305.16727,272.88956,276.88925,276.88925,928515688
2023-06-06,276.93362,285.59671,273.72394,281.49557,281.49557,691784529
2023-06-07,281.48145,281.48145,256.0957,259.39145,259.39145,958739195
2023-06-08,259.40091,266.80722,257.76453,262.1485,262.1485,562863852
2023-06-09,262.15079,263.92142,256.5094,260.71609,260.71609,491429998
2023-06-10,260.69867,260.71609,233.16919,239.08908,239.08908,1068424942
2023-06-11,239.08742,239.34827,234.43069,235.4388,235.4388,376213808
2023-06-12,235.40392,238.47322,222.07133,231.05144,231.05144,1014433334
2023-06-13,231.07504,245.6422,229.31169,243.89053,243.89053,864407068
2023-06-14,243.89053,251.63016,234.04256,237.57426,237.57426,738634212
2023-06-15,237.6097,240.15533,231.06581,236.28069,236.28069,502420772
2023-06-16,236.27345,242.80199,232.82852,239.11467,239.11467,488582672
2023-06-17,239.12903,249.13011,237.41791,244.61058,244.61058,451849200
2023-06-18,244.59581,248.27257,242.76915,244.08727,244.08727,372246652
2023-06-19,244.09004,244.412,239.14566,242.90337,242.90337,359118142
2023-06-20,242.88185,247.82269,239.01874,247.67444,247.67444,477391843
2023-06-21,247.68294,253.54193,245.54825,249.28635,249.28635,717670519
2023-06-22,249.27647,256.22003,240.0522,240.79243,240.79243,709030407
2023-06-23,240.79205,248.80978,240.09482,244.56494,244.56494,493157882
2023-06-24,244.55351,248.42862,231.99475,236.65965,236.65965,558809140
2023-06-25,236.63676,241.87276,235.63614,238.89299,238.89299,414941211
2023-06-26,238.87912,241.17384,234.29634,236.13426,236.13426,427457532
2023-06-27,236.13107,240.82285,234.99007,237.49268,237.49268,348181738
2023-06-28,237.50264,237.58015,226.9771,230.65036,230.65036,480872336
2023-06-29,230.6324,236.42101,230.58769,233.23245,233.23245,332343168
2023-06-30,233.19444,241.31294,232.20052,240.36978,240.36978,626872820
2023-07-01,240.3869,248.47026,240.3869,247.75943,247.75943,603755323
2023-07-02,247.78603,248.0564,243.24127,246.25792,246.25792,519491311
2023-07-03,246.25464,251.37985,245.88483,246.38222,246.38222,669962148
2023-07-04,246.34529,246.83879,241.22853,242.49292,242.49292,439591635
2023-07-05,242.49948,243.86111,237.12012,239.08109,239.08109,455501209
2023-07-06,239.06853,244.10268,232.17181,232.31943,232.31943,536134671
2023-07-07,232.33342,236.07912,231.64574,235.62115,235.62115,418416864
2023-07-08,235.61026,237.41191,234.63715,236.28738,236.28738,319300746
2023-07-09,236.29456,237.01952,233.47604,234.22836,234.22836,289327973
2023-07-10,234.23296,246.2997,232.00757,245.87427,245.87427,834091613
2023-07-11,245.89627,249.2054,244.93901,248.53833,248.53833,536228377
2023-07-12,248.53809,250.34065,242.80336,244.01988,244.01988,505389150
2023-07-13,244.00223,257.26562,243.04973,256.48969,256.48969,761150982
2023-07-14,256.4642,261.1026,244.27567,248.19162,248.19162,799468588
2023-07-15,248.17552,252.53726,247.50807,251.0997,251.0997,422767368
2023-07-16,251.09824,251.88242,242.58014,242.65683,242.65683,441487283
2023-07-17,242.6581,244.68204,240.5976,244.353,244.353,671028354
2023-07-18,244.33458,246.53085,238.70422,240.26494,240.26494,751858394
2023-07-19,240.27419,243.9277,239.99359,241.16081,241.16081,499664149
2023-07-20,241.13889,243.14259,240.38774,242.73314,242.73314,485038743
2023-07-21,242.75429,245.16335,242.36748,243.78899,243.78899,413015398
2023-07-22,243.80908,244.85873,240.51262,241.03075,241.03075,310128851
2023-07-23,241.05466,243.97649,240.76122,242.45596,242.45596,279600847
2023-07-24,242.44943,242.89188,236.29239,238.94621,238.94621,451906472
2023-07-25,238.9641,239.63721,236.9994,237.80856,237.80856,366519529
2023-07-26,237.81908,240.23772,236.64113,238.96236,238.96236,417581395
2023-07-27,238.96011,243.16351,238.63844,240.49879,240.49879,433186880
2023-07-28,240.50513,242.797,239.98787,241.97704,241.97704,388148322
2023-07-29,241.97134,242.72627,241.32314,242.57637,242.57637,317500344
2023-07-30,242.58221,243.78572,240.92519,242.52599,242.52599,425584373
2023-07-31,242.51959,244.20258,240.76445,241.12065,241.12065,1092564922
2023-08-01,241.12805,247.50502,238.53024,247.50502,247.50502,830645013
2023-08-02,247.49031,248.51155,236.89177,240.49464,240.49464,650256385
2023-08-03,240.50998,241.58325,238.50964,241.06152,241.06152,400525696
2023-08-04,241.04286,243.15547,240.45229,241.47601,241.47601,370373499
2023-08-05,241.48967,243.02773,240.09039,242.95935,242.95935,300760369
2023-08-06,242.9603,245.17902,242.61473,242.7986,242.7986,417704185
2023-08-07,242.79169,244.32425,239.93536,241.7975,241.7975,425652309
2023-08-08,241.79187,247.64737,241.3302,245.1499,245.1499,504987528
2023-08-09,245.13631,245.34027,242.76649,243.89365,243.89365,399576464
2023-08-10,243.88554,243.9261,240.39459,241.26247,241.26247,365863690
2023-08-11,241.26073,241.91391,238.3598,239.70689,239.70689,386856576
2023-08-12,239.70357,241.00261,239.40378,240.27362,240.27362,284512149
2023-08-13,240.26968,241.62959,239.90259,240.03334,240.03334,296580783
2023-08-14,240.04128,241.02493,239.74736,240.33925,240.33925,381157536
2023-08-15,240.35046,240.41031,235.36053,236.67958,236.67958,482870297
2023-08-16,236.6897,237.01422,231.20517,231.86874,231.86874,461572144
2023-08-17,231.87257,232.10506,214.54744,218.53584,218.53584,786294218
2023-08-18,218.56573,220.13701,214.02225,216.11255,216.11255,567051050
2023-08-19,216.14449,218.99759,214.32884,216.99945,216.99945,477267428
2023-08-20,217.01585,217.88243,215.68086,216.6358,216.6358,297744717
2023-08-21,216.6308,216.74118,207.56877,210.63895,210.63895,582113967
2023-08-22,210.57996,211.87425,204.39914,210.83435,210.83435,637832641
2023-08-23,210.8187,218.31671,210.8187,216.39929,216.39929,566160608
2023-08-24,216.44484,220.38551,215.89973,218.64639,218.64639,394620698
2023-08-25,218.68109,219.25499,214.26517,218.33105,218.33105,423891092
2023-08-26,218.3318,218.78644,216.21404,216.36424,216.36424,273738258
2023-08-27,216.36995,219.53918,216.0804,218.358,218.358,325410553
2023-08-28,218.35825,218.97002,215.85019,218.71857,218.71857,332786869
2023-08-29,218.72151,233.06001,217.04787,226.86288,226.86288,593296661
2023-08-30,226.87015,227.04901,221.97815,223.79944,223.79944,359750612
2023-08-31,223.81857,225.58888,215.44843,216.59779,216.59779,428616639
2023-09-01,216.59848,217.96574,211.59172,213.63055,213.63055,438229562
2023-09-02,213.62692,215.5995,213.29054,214.44855,214.44855,291979876
2023-09-03,214.45482,215.1149,213.41196,214.39995,214.39995,264565518
2023-09-04,214.39311,216.26752,213.28238,215.19751,215.19751,364530693
2023-09-05,215.21101,215.722,213.67244,214.47813,214.47813,298056096
2023-09-06,214.48904,217.18083,212.31671,215.13466,215.13466,367874698
2023-09-07,215.13947,217.60396,213.57312,216.88718,216.88718,414939879
2023-09-08,216.88374,218.22282,213.61948,214.56203,214.56203,350437594
2023-09-09,214.56703,215.33014,214.22295,214.22295,214.22295,218159197
2023-09-10,214.22057,214.22784,211.53862,212.31802,212.31802,334977578
2023-09-11,212.32262,212.61009,204.35674,206.03421,206.03421,466832593
2023-09-12,206.04315,213.48744,205.26248,210.99437,210.99437,435525863
2023-09-13,211.02386,213.15785,209.49744,212.64259,212.64259,329580406
2023-09-14,212.64058,214.88356,211.38293,212.28284,212.28284,370840987
2023-09-15,212.30435,214.94475,211.19467,214.17552,214.17552,477731080
2023-09-16,214.16838,215.70355,213.5629,214.96054,214.96054,483436741
2023-09-17,214.94897,216.63503,213.70975,216.46577,216.46577,432102186
2023-09-18,216.47092,221.00986,215.31731,216.00392,216.00392,572231452
2023-09-19,216.00177,219.74902,215.64177,217.21095,217.21095,385547582
2023-09-20,217.2106,217.7567,213.76047,214.36333,214.36333,372917826
2023-09-21,214.35374,215.10938,209.58688,210.79395,210.79395,384479845
2023-09-22,210.78938,212.02658,209.94168,211.15086,211.15086,274805031
2023-09-23,211.13806,211.58322,210.14201,210.56061,210.56061,215040995
2023-09-24,210.57478,211.23727,207.93294,208.2829,208.2829,287192497
2023-09-25,208.26013,210.51839,207.47809,210.07381,210.07381,294180845
2023-09-26,210.05017,213.18782,209.86691,212.37845,212.37845,615780140
2023-09-27,212.3714,215.72874,210.886,211.98541,211.98541,753741988
2023-09-28,211.99095,216.77533,211.65132,215.07599,215.07599,358321830
2023-09-29,215.09398,217.25771,214.50638,215.27942,215.27942,335321479
2023-09-30,215.27779,216.31216,214.48369,214.8213,214.8213,243788424
2023-10-01,214.80032,219.13383,213.50652,218.04713,218.04713,387408083
2023-10-02,218.04935,221.18829,213.54633,214.75793,214.75793,466879383
2023-10-03,214.73491,215.72119,212.77057,213.43594,213.43594,305437646
2023-10-04,213.44147,213.76241,210.9364,213.41309,213.41309,357560724
2023-10-05,213.42274,213.7836,210.47124,210.67967,210.67967,351872670
2023-10-06,210.66527,214.39296,210.55725,213.55553,213.55553,271152975
2023-10-07,213.54396,213.85986,211.7608,212.36447,212.36447,211771782
2023-10-08,212.38101,212.84677,209.70178,211.51999,211.51999,267193041
2023-10-09,211.52261,212.10286,203.65544,205.75096,205.75096,416312027
2023-10-10,205.75009,210.45428,205.75009,208.57687,208.57687,441959353
2023-10-11,208.58229,208.73055,204.80925,206.53342,206.53342,323117665
2023-10-12,206.53587,206.6591,203.65845,205.22942,205.22942,302337006
2023-10-13,205.2258,207.94254,204.61761,206.03612,206.03612,296977151
2023-10-14,206.04028,207.02554,205.82729,206.6019,206.6019,203846460
2023-10-15,206.60028,210.23161,206.47858,209.74251,209.74251,352524312
2023-10-16,209.74881,217.12123,209.74881,214.82396,214.82396,521099239
2023-10-17,214.81212,215.01222,210.38235,211.64323,211.64323,352621995
2023-10-18,211.6362,213.57628,210.09669,210.50104,210.50104,275336939
2023-10-19,210.49162,211.41202,208.53712,211.14417,211.14417,281310969
2023-10-20,211.14505,216.10242,210.74655,212.30084,212.30084,335590168
2023-10-21,212.29852,215.61278,211.62251,214.30566,214.30566,267943731
2023-10-22,214.32173,218.00485,213.83429,217.74738,217.74738,286771903
2023-10-23,218.45592,229.98146,218.30498,228.35277,228.35277,611625206
2023-10-24,228.3383,236.75008,223.11714,225.14296,225.14296,658304834
2023-10-25,225.16864,228.81482,222.03418,222.17993,222.17993,414309192
2023-10-26,222.18552,227.85788,219.92673,223.23604,223.23604,438534864
2023-10-27,223.21909,229.85179,220.20351,224.47591,224.47591,554008090
2023-10-28,224.47151,227.97061,224.35762,225.77408,225.77408,244363054
2023-10-29,225.78799,228.14613,224.25832,227.14845,227.14845,207847188
2023-10-30,227.13492,229.1915,225.02121,228.28743,228.28743,282899321
2023-10-31,228.28236,229.2413,224.33131,226.43994,226.43994,319329197
2023-11-01,226.41817,229.14108,222.8604,228.00011,228.00011,384772000
2023-11-02,228.01665,233.33607,227.90749,231.72302,231.72302,487639810
2023-11-03,231.70326,232.21132,226.34674,230.60597,230.60597,332547803
2023-11-04,230.59749,238.50996,229.65533,237.45461,237.45461,267965564
2023-11-05,237.44223,245.59402,236.78618,244.32248,244.32248,419858434
2023-11-06,244.32045,255.3423,242.1801,254.6348,254.6348,524115628
2023-11-07,254.65329,255.5461,242.69498,246.39529,246.39529,549207441
2023-11-08,246.39012,247.80907,244.58038,247.12329,247.12329,369346518
2023-11-09,247.05217,255.45465,243.32954,251.51085,251.51085,1116630429
2023-11-10,251.52682,257.78802,248.94331,251.08237,251.08237,873515280
2023-11-11,251.09848,255.0784,246.72113,251.42162,251.42162,872206327
2023-11-12,251.43442,251.64693,245.83246,247.64001,247.64001,758715918
2023-11-13,247.64047,250.12431,241.12714,241.33507,241.33507,888039233
2023-11-14,241.36984,248.66522,236.28574,242.26367,242.26367,917236070
2023-11-15,242.28101,254.18178,242.26117,253.75534,253.75534,921052035
2023-11-16,253.74478,255.58504,240.67567,242.75888,242.75888,950453378
2023-11-17,242.83995,245.98759,238.99965,244.74536,244.74536,788884171
2023-11-18,244.74626,245.35306,239.28082,244.95076,244.95076,679630905
2023-11-19,244.96768,246.93626,242.42351,246.58778,246.58778,618053586
2023-11-20,246.58455,263.87003,243.14175,253.63509,253.63509,1289010990
2023-11-21,253.64386,269.91757,224.9817,226.4864,226.4864,2480554399
2023-11-22,226.46132,238.1767,225.65825,236.1366,236.1366,1338117919
2023-11-23,236.09602,238.79134,230.75224,233.76581,233.76581,766695224
2023-11-24,233.7527,236.3793,232.19286,232.90096,232.90096,709881299
2023-11-25,232.91743,235.7813,232.68335,234.43994,234.43994,553022191
2023-11-26,234.42821,234.49466,229.38506,232.0472,232.0472,606332049
2023-11-27,231.98389,232.80939,223.48683,227.42148,227.42148,795547656
2023-11-28,227.42799,231.75552,224.67863,229.69296,229.69296,674267936
2023-11-29,229.69324,231.19745,226.51944,227.34276,227.34276,602240832
2023-11-30,227.34303,229.14397,226.22655,227.68381,227.68381,572448874
2023-12-01,227.68881,229.89107,227.23267,228.54564,228.54564,611750028
2023-12-02,228.53856,230.0343,226.68961,229.30084,229.30084,628871423
2023-12-03,229.28954,231.63904,226.49602,228.09821,228.09821,719496781
2023-12-04,228.07547,236.83495,227.15532,233.2953,233.2953,2139028703
2023-12-05,233.30865,234.48468,228.40753,231.26135,231.26135,851959167
2023-12-06,231.26344,234.58611,229.42441,229.42441,229.42441,850327297
2023-12-07,229.53221,234.53844,229.20097,232.97743,232.97743,813730268
2023-12-08,232.96049,239.8387,232.64861,238.91599,238.91599,828993280
2023-12-09,238.91325,245.00528,237.0799,237.7686,237.7686,856746249
2023-12-10,237.79372,241.25058,237.55775,239.73315,239.73315,640133489
2023-12-11,239.76891,246.75586,230.53104,246.42087,246.42087,1442275453
2023-12-12,246.36578,256.7092,245.99194,254.49498,254.49498,1394681963
2023-12-13,254.40396,255.56297,244.81398,252.42332,252.42332,1052163656
2023-12-14,252.40561,254.08792,248.72571,253.54121,253.54121,876150236
2023-12-15,253.51744,253.54971,243.86737,244.89844,244.89844,769388533
2023-12-16,244.89642,248.08638,243.45065,244.35097,244.35097,651447427
2023-12-17,244.35071,244.43217,239.23064,239.30829,239.30829,650163942
2023-12-18,239.24715,241.34843,232.75281,241.34843,241.34843,871708609
2023-12-19,241.34769,254.57458,241.34769,252.63719,252.63719,1254351945
2023-12-20,252.62976,261.5574,250.76505,260.10736,260.10736,1053279744
2023-12-21,260.14862,274.44061,256.59848,271.24658,271.24658,1183480386
2023-12-22,271.27652,276.15979,265.41949,271.3765,271.3765,1014769310
2023-12-23,271.38129,272.16708,266.16846,271.39096,271.39096,695725248
2023-12-24,271.37753,272.59015,262.77563,264.7171,264.7171,803502105
2023-12-25,264.73529,267.9342,262.48712,267.07336,267.07336,738674209
2023-12-26,267.07217,302.70758,265.09006,297.69324,297.69324,1941843757
2023-12-27,297.74832,323.76941,286.40338,323.67734,323.67734,1893987416
2023-12-28,323.80371,337.42581,321.3273,323.599,323.599,1987714005
2023-12-29,323.51303,325.50143,309.19144,313.87875,313.87875,1415732360
2023-12-30,313.84195,320.11157,313.56006,317.1662,317.1662,901159404
2023-12-31,317.06815,325.00653,310.69785,312.4357,312.4357,953254184
2024-01-01,312.38593,315.74567,308.09674,314.40829,314.40829,910568057
2024-01-02,314.26755,320.93323,308.35065,312.10382,312.10382,1133024158
2024-01-03,312.15161,332.74921,301.41919,316.66129,316.66129,1927148986
2024-01-04,316.62445,323.82248,312.14545,323.60001,323.60001,1285291962
2024-01-05,323.62024,327.04233,310.65067,317.45029,317.45029,1257230413
2024-01-06,317.49518,317.82727,301.39597,307.79449,307.79449,1051283820
2024-01-07,307.79407,309.88239,301.08621,302.89053,302.89053,817795075
2024-01-08,302.9035,308.28348,290.8804,304.5004,304.5004,1141697708
2024-01-09,304.47525,306.67081,296.51999,300.9761,300.9761,1374376391
2024-01-10,300.9826,309.60287,290.12204,305.09683,305.09683,1199728038
2024-01-11,305.22379,316.72006,302.64752,308.70151,308.70151,1326827289
2024-01-12,308.62833,312.68658,290.73727,296.63046,296.63046,1198386629
2024-01-13,296.62543,302.92404,291.51974,302.22729,302.22729,816347256
2024-01-14,302.22711,306.50232,299.01425,299.05133,299.05133,787643004
2024-01-15,299.02582,319.59006,299.02582,317.56726,317.56726,1667214322
2024-01-16,317.54678,318.74594,313.54285,315.22626,315.22626,1143877764
2024-01-17,315.16122,315.92755,307.35876,309.08539,309.08539,1206464161
2024-01-18,309.09311,315.14319,305.71716,313.29288,313.29288,1105813150
2024-01-19,313.29288,315.64008,306.37784,314.30045,314.30045,1036123822
2024-01-20,314.30023,316.96039,312.30362,316.96039,316.96039,694855739
2024-01-21,316.96176,321.28381,316.2226,318.3187,318.3187,723174009
2024-01-22,318.37909,319.74008,304.57822,305.43701,305.43701,948987847
2024-01-23,305.4375,311.17386,291.05728,298.4039,298.4039,1065495592
2024-01-24,298.40723,300.34097,290.85434,293.09143,293.09143,960725208
2024-01-25,293.09299,296.05249,287.72815,291.91928,291.91928,1086918042
2024-01-26,291.93906,303.79184,290.87738,302.31799,302.31799,964268733
2024-01-27,302.31717,307.41144,302.06143,305.82483,305.82483,691653061
2024-01-28,305.77438,308.76865,303.29236,304.97562,304.97562,782354766
2024-01-29,305.02145,310.71301,304.60358,310.70801,310.70801,824640185
2024-01-30,310.70801,312.96222,306.91794,307.46274,307.46274,777667889
2024-01-31,307.47238,307.86499,298.96063,300.35107,300.35107,814318731
2024-02-01,300.35107,301.88318,296.56213,300.1759,300.1759,754502530
2024-02-02,300.16391,304.28506,299.94278,301.15497,301.15497,699579739
2024-02-03,301.1814,303.50916,299.62506,299.73672,299.73672,606345017
2024-02-04,299.71567,307.40933,298.21262,304.73416,304.73416,818836774
2024-02-05,304.71844,306.52313,299.54913,300.85403,300.85403,826414727
2024-02-06,300.85837,303.57236,300.63947,302.71014,302.71014,680038428
2024-02-07,302.71161,308.47809,300.84955,307.63458,307.63458,776516914
2024-02-08,307.57355,320.40735,307.50623,318.87189,318.87189,1206142745
2024-02-09,318.92337,325.64459,318.20239,323.84229,323.84229,1094700959
2024-02-10,323.87161,325.4267,319.57996,323.13388,323.13388,737748174
2024-02-11,323.10352,324.76831,320.30939,320.78754,320.78754,706320478
2024-02-12,320.80402,331.43985,315.93243,327.94461,327.94461,982444950
2024-02-13,327.9324,329.20578,319.48441,324.86823,324.86823,886487720
2024-02-14,324.86557,334.36914,323.87659,334.24597,334.24597,887463520
2024-02-15,334.21088,365.13312,333.853,354.71082,354.71082,1744161787
2024-02-16,354.68756,365.56207,351.7016,360.89038,360.89038,1461675119
2024-02-17,360.87296,363.2818,349.04321,352.90811,352.90811,1101515839
2024-02-18,352.91299,358.00885,349.67996,349.67996,349.67996,959954204
2024-02-19,349.67828,355.69812,349.62378,351.8071,351.8071,1290009052
2024-02-20,351.80795,360.37363,346.07401,354.86392,354.86392,1489888631
2024-02-21,354.86386,379.06552,351.40125,378.53732,378.53732,2264483250
2024-02-22,378.71396,386.59409,374.3027,382.00977,382.00977,2002118598
2024-02-23,381.98312,385.45795,369.40009,375.31909,375.31909,1755398357
2024-02-24,375.32382,383.0737,371.99915,381.7428,381.7428,1088410661
2024-02-25,381.74261,390.4501,378.12857,388.55173,388.55173,1324081579
2024-02-26,388.535,404.44009,382.25687,401.64389,401.64389,2011146388
2024-02-27,401.64389,403.74005,390.91788,394.99564,394.99564,1750697179
2024-02-28,394.95172,427.04681,394.66107,415.77161,415.77161,2323818531
2024-02-29,415.58362,419.77902,392.37988,399.77872,399.77872,2058367303
2024-03-01,399.67242,408.5528,399.4783,407.81076,407.81076,1527194519
2024-03-02,407.80484,414.84515,406.54166,410.98587,410.98587,1520439801
2024-03-03,410.97781,416.6257,405.08533,414.38107,414.38107,1810575392
2024-03-04,414.41403,423.80057,411.47653,419.03543,419.03543,2111212949
2024-03-05,419.01645,427.08289,363.22064,394.66174,394.66174,3319029162
2024-03-06,394.66495,433.42551,386.22952,429.01196,429.01196,3281109608
2024-03-07,429.01196,477.20718,423.78702,475.29065,475.29065,3328990543
2024-03-08,475.27771,489.57855,464.83386,488.09418,488.09418,3644157779
2024-03-09,488.09271,494.07596,482.64062,489.56183,489.56183,2314944823
2024-03-10,489.54092,537.41528,486.83554,529.37476,529.37476,4507153439
2024-03-11,529.44745,532.78967,509.98392,522.71802,522.71802,3950105375
2024-03-12,522.71899,547.01831,521.91394,537.86572,537.86572,4381078189
2024-03-13,537.86572,631.1684,532.0459,630.56134,630.56134,5717769152
2024-03-14,630.56134,630.95624,569.20691,602.98871,602.98871,4918366892
2024-03-15,602.96759,634.20081,547.70398,632.8028,632.8028,5849156503
2024-03-16,632.8028,641.48114,571.28687,576.77521,576.77521,3952760767
2024-03-17,576.77521,589.63568,550.14325,571.08557,571.08557,3512190982
2024-03-18,571.08557,586.51495,540.84631,554.55713,554.55713,3982384372
2024-03-19,554.55713,559.86041,498.56235,507.07657,507.07657,4346763421
2024-03-20,507.08646,558.94647,501.11685,556.7005,556.7005,3177352364
2024-03-21,556.7005,570.05322,541.65509,553.24823,553.24823,2595135487
2024-03-22,553.24823,587.73145,535.97266,551.77856,551.77856,2949959002
2024-03-23,551.77856,567.54468,544.92126,551.87952,551.87952,1962524597
2024-03-24,551.87952,572.48822,549.52631,567.99481,567.99481,1745465728
2024-03-25,567.99481,597.66217,565.13788,587.42761,587.42761,2490221265
2024-03-26,587.42761,597.013,572.8078,580.15051,580.15051,2086911757
2024-03-27,580.1593,584.98676,565.51166,574.5116,574.5116,1983797879
2024-03-28,574.5116,591.31464,574.20178,583.27087,583.27087,1986567688
2024-03-29,583.28674,619.9726,582.46936,612.65796,612.65796,2788931743
2024-03-30,612.66016,612.99493,597.62982,601.01636,601.01636,1750650703
2024-03-31,601.00513,608.66425,600.87927,606.90863,606.90863,1456592924
2024-04-01,606.90869,607.64557,570.05316,576.39667,576.39667,2020241864
2024-04-02,576.37659,578.133,546.86816,550.68146,550.68146,2480273065
2024-04-03,550.68146,567.99799,540.24683,562.01965,562.01965,2096610785
2024-04-04,562.01965,597.83533,561.34912,585.44153,585.44153,2340488273
2024-04-05,585.48322,591.3327,565.75098,578.96692,578.96692,1983792648
2024-04-06,578.96692,590.60223,575.91754,585.9668,585.9668,1328988130
2024-04-07,585.9668,590.88593,578.71912,584.10217,584.10217,1374676397
2024-04-08,584.10217,600.89288,577.98334,586.90094,586.90094,1739232272
2024-04-09,586.90094,589.66675,574.14032,580.83032,580.83032,1988165022
2024-04-10,580.83032,610.48297,574.46143,610.08392,610.08392,1654268255
2024-04-11,610.08392,617.46863,592.60217,604.8938,604.8938,1299527568
2024-04-12,604.8938,626.98407,575.58087,596.38013,596.38013,2619549858
2024-04-13,596.37494,599.89197,517.27008,554.2998,554.2998,2660310655
2024-04-14,554.2998,570.25757,537.18054,567.21844,567.21844,1724305772
2024-04-15,567.21844,585.48596,546.86536,552.87451,552.87451,1488692418
2024-04-16,552.87469,554.10486,524.22186,537.82935,537.82935,1299731119
2024-04-17,537.83136,548.04285,514.11285,534.41602,534.41602,1411927485
2024-04-18,534.41498,555.04004,527.43005,552.17212,552.17212,1439312699
2024-04-19,552.17212,564.54486,525.02863,554.88928,554.88928,1320094794
2024-04-20,554.88812,574.09869,549.80005,570.96051,570.96051,697007137
2024-04-21,570.96051,582.27203,567.17108,579.61993,579.61993,782061076
2024-04-22,579.61469,608.51703,579.14166,605.5755,605.5755,1300340623
2024-04-23,605.5755,613.54333,599.93756,606.84064,606.84064,1380221181
2024-04-24,606.84064,617.30511,592.94409,608.08612,608.08612,1518718475
2024-04-25,608.09064,617.80621,601.77747,614.005,614.005,1161642323
2024-04-26,614.005,614.83423,597.17963,597.70544,597.70544,817787521
2024-04-27,597.70544,599.28278,586.15271,595.72052,595.72052,781864034
2024-04-28,595.72052,607.82428,595.71655,600.07117,600.07117,681109845
2024-04-29,600.07117,602.59894,583.3385,592.83124,592.83124,868114786
2024-04-30,592.83179,603.32281,556.1709,578.48804,578.48804,1727881192
2024-05-01,578.48749,579.33295,538.04645,561.4082,561.4082,1502825527
2024-05-02,561.4082,565.4574,543.52234,560.52673,560.52673,877449354
2024-05-03,560.52673,590.24481,559.44672,587.01044,587.01044,854728192
2024-05-04,587.01843,593.19342,583.29938,585.84656,585.84656,582273374
2024-05-05,585.84656,594.9953,580.24628,592.14038,592.14038,531182053
2024-05-06,592.13989,601.88672,583.37341,588.47595,588.47595,1522319999
2024-05-07,588.47595,599.93549,576.72455,577.48621,577.48621,1535678414
2024-05-08,577.48621,589.57257,575.14801,588.19745,588.19745,1603241013
2024-05-09,588.19745,602.58972,586.73035,596.03198,596.03198,1897318659
2024-05-10,596.02765,596.58337,582.04578,585.62219,585.62219,1521708160
2024-05-11,585.62219,594.20654,581.89667,592.02789,592.02789,1333662111
2024-05-12,592.02917,599.18414,587.80432,594.42456,594.42456,1276671115
2024-05-13,594.42456,597.76801,585.52075,591.60693,591.60693,1636169234
2024-05-14,591.60693,592.83698,563.42023,566.70703,566.70703,1944063031
2024-05-15,566.70703,587.42151,561.12726,582.07434,582.07434,1895100260
2024-05-16,582.10016,586.43634,565.76233,569.19025,569.19025,1911862000
2024-05-17,569.19025,584.66602,568.83673,581.17834,581.17834,1557134929
2024-05-18,581.17834,581.98718,575.01855,580.48114,580.48114,1358737176
2024-05-19,580.48157,581.87671,572.36963,574.63165,574.63165,1298887094
2024-05-20,574.63165,601.56384,569.52356,600.61633,600.61633,2145457267
2024-05-21,600.60107,629.86108,593.93274,618.42047,618.42047,3564986916
2024-05-22,618.42047,625.56628,610.54602,614.67188,614.67188,2138536549
2024-05-23,614.67188,616.52448,581.9541,598.67084,598.67084,2631566566
2024-05-24,598.67084,604.31488,588.89398,600.22589,600.22589,1778282198
2024-05-25,600.22662,606.36731,599.60724,602.19446,602.19446,1392399167
2024-05-26,602.19446,604.83008,598.69586,599.82593,599.82593,1372657185
2024-05-27,599.82593,613.38818,599.70074,603.52643,603.52643,1691663828
2024-05-28,603.52643,604.98511,593.71619,601.21326,601.21326,1852329404
2024-05-29,601.21326,602.93152,592.96661,594.97205,594.97205,1642696946
2024-05-30,594.97253,601.66504,586.55768,595.02679,595.02679,1737524745
2024-05-31,595.02679,598.42365,589.77484,593.52234,593.52234,1590349553
2024-06-01,593.52234,607.58289,592.6806,601.3042,601.3042,1520074486
2024-06-02,601.30414,604.97809,596.16479,603.02661,603.02661,1667233984
2024-06-03,603.05096,637.24713,601.18317,626.43298,626.43298,2952110605
2024-06-04,626.43298,687.40381,625.26495,686.20142,686.20142,3416994948
2024-06-05,686.20142,712.58838,685.7771,698.8894,698.8894,3501231414
2024-06-06,698.8894,720.67261,692.99475,710.46405,710.46405,2997888288
2024-06-07,710.46039,710.8385,665.18018,683.36096,683.36096,2987033806
2024-06-08,683.36859,694.31281,678.64581,682.66516,682.66516,1966216051
2024-06-09,682.66388,684.75989,670.81354,673.31531,673.31531,1856183346
2024-06-10,673.33545,674.31348,615.77295,624.38684,624.38684,3184376694
2024-06-11,624.39679,628.26337,597.04187,602.55811,602.55811,2604834485
2024-06-12,602.6026,634.67584,592.29327,619.19482,619.19482,2221546160
2024-06-13,619.22516,619.29858,596.30878,599.51508,599.51508,1879189691
2024-06-14,599.4787,611.62872,590.49634,603.18054,603.18054,1848914113
2024-06-15,603.1142,609.05048,601.58594,607.80292,607.80292,1471028668
2024-06-16,607.80847,611.19751,601.47693,610.05402,610.05402,1428836675
2024-06-17,610.07367,611.94403,592.42615,604.46735,604.46735,1797626078
2024-06-18,604.33289,604.65283,575.76172,588.70209,588.70209,2265505402
2024-06-19,588.58472,605.73169,587.01416,598.77173,598.77173,1788904109
2024-06-20,598.77173,607.40076,584.75995,587.10718,587.10718,1817442036
2024-06-21,587.11261,588.70544,578.01587,585.91193,585.91193,1672110625
2024-06-22,585.90094,590.93933,581.13763,590.76337,590.76337,1387634576
2024-06-23,590.67157,592.77264,576.05817,577.21088,577.21088,1444372224
2024-06-24,577.2229,581.23676,552.93652,567.57812,567.57812,2033721646
2024-06-25,567.65308,579.10077,566.89911,578.10345,578.10345,1581413208
2024-06-26,578.11371,584.19885,567.87885,572.40179,572.40179,1537826836
2024-06-27,572.35852,583.73151,566.42975,580.79828,580.79828,1659378248
2024-06-28,580.86597,584.34998,565.00537,566.46448,566.46448,1618598501
2024-06-29,566.49164,572.94257,566.06592,569.12769,569.12769,1375085097
2024-06-30,569.16785,584.07867,567.78503,581.77112,581.77112,1564676508
2024-07-01,581.67456,587.28119,576.13647,576.68695,576.68695,1613874196
2024-07-02,576.60468,581.03473,573.82697,578.98108,578.98108,1528045271
2024-07-03,579.01038,579.93536,550.41669,556.57776,556.57776,1736158280
2024-07-04,556.48621,556.89276,512.42236,513.99451,513.99451,2056945763
2024-07-05,513.6145,515.22076,456.9234,497.99582,497.99582,2865780557
2024-07-06,497.96552,530.4472,496.65732,527.67438,527.67438,1604647597
2024-07-07,527.44049,527.44049,488.96494,490.61313,490.61313,1660301909
2024-07-08,490.7128,523.15564,472.16141,510.61426,510.61426,2305009896
2024-07-09,510.54477,520.6463,507.27478,516.56812,516.56812,1586240513
2024-07-10,516.6347,529.19214,511.83517,524.51654,524.51654,1592646761
2024-07-11,524.57672,540.07922,521.03796,525.13806,525.13806,1685684515
2024-07-12,525.11713,537.31616,517.99329,533.75732,533.75732,1600204226
2024-07-13,533.76141,539.19965,527.76483,532.34882,532.34882,1436156860
2024-07-14,532.37854,547.35858,532.11023,544.81873,544.81873,1486806663
2024-07-15,544.9209,586.54358,544.70081,586.14105,586.14105,2019082961
2024-07-16,586.0094,587.39551,556.67053,576.58398,576.58398,2082707183
2024-07-17,576.56073,584.00946,565.41766,568.91272,568.91272,1739938322
2024-07-18,568.96826,579.34332,562.93274,571.95154,571.95154,1636814280
2024-07-19,571.92712,598.05292,565.97388,593.70215,593.70215,2052978808
2024-07-20,593.70935,598.30127,587.284,593.5722,593.5722,1585229672
2024-07-21,593.57263,603.66425,583.54077,601.8512,601.8512,1815088659
2024-07-22,601.8512,605.19116,587.77197,587.91779,587.91779,1985538902
2024-07-23,587.91779,593.1073,578.28729,582.09955,582.09955,1839296067
2024-07-24,582.10498,588.8692,570.95361,574.57849,574.57849,1601708271
2024-07-25,574.57849,575.83881,554.75598,570.71338,570.71338,1995371028
2024-07-26,570.71338,582.77362,570.45038,581.07794,581.07794,1665724792
2024-07-27,581.07794,592.85254,574.89313,581.58881,581.58881,1760015335
2024-07-28,581.58881,584.68994,575.04376,584.09961,584.09961,1464043630
2024-07-29,584.09961,596.64911,573.98608,574.64258,574.64258,1825858615
2024-07-30,574.64258,587.6651,567.99023,587.6651,587.6651,1811656040
2024-07-31,587.6651,592.52356,575.25195,576.36816,576.36816,1798590737
2024-08-01,576.36816,577.29132,553.75165,575.14673,575.14673,2045220020
2024-08-02,575.14673,577.00116,540.11865,542.91516,542.91516,2062337930
2024-08-03,542.91516,544.66669,522.19574,529.48132,529.48132,1826715291
2024-08-04,529.48132,531.61578,488.24881,497.03909,497.03909,1980159444
2024-08-05,497.03909,499.38943,407.5246,464.62692,464.62692,4703145244
2024-08-06,464.62692,492.89551,464.28714,484.32382,484.32382,2087680023
2024-08-07,484.32382,497.62408,468.99768,474.22476,474.22476,1883200228
2024-08-08,474.19971,521.04047,469.19067,517.33752,517.33752,1790085695
2024-08-09,517.33752,517.72314,500.17612,509.18271,509.18271,1565495419
2024-08-10,509.18271,524.95905,507.85031,523.31763,523.31763,1394699693
2024-08-11,523.31781,535.54004,503.23386,503.80453,503.80453,1563057068
2024-08-12,503.80417,523.54462,500.2337,518.53613,518.53613,1786263873
2024-08-13,518.53613,525.68652,514.54755,524.12854,524.12854,1757981177
2024-08-14,524.12854,531.50519,516.50635,524.01532,524.01532,1604400640
2024-08-15,524.01532,533.64368,511.60825,519.87036,519.87036,1645936961
2024-08-16,519.87036,524.37402,511.04028,519.96863,519.96863,1538941515
2024-08-17,519.96863,547.16138,518.94067,542.23425,542.23425,1554176167
2024-08-18,542.23425,542.39545,531.23669,531.60852,531.60852,1458218557
2024-08-19,531.60852,560.65814,529.61163,559.81885,559.81885,1721716619
2024-08-20,559.81885,574.55688,559.11035,569.26697,569.26697,2062353969
2024-08-21,569.26697,575.08783,547.61108,570.01971,570.01971,1887431524
2024-08-22,570.01971,589.41656,561.2243,583.05188,583.05188,1998394415
2024-08-23,583.05188,597.54376,575.76904,591.80603,591.80603,2037288685
2024-08-24,591.80676,592.77325,575.8374,580.76221,580.76221,1954023736
2024-08-25,580.76221,583.93634,569.9007,574.24994,574.24994,1681089758
2024-08-26,574.24994,575.9812,547.22772,548.828,548.828,1818728257
2024-08-27,548.828,558.21405,523.43854,533.97589,533.97589,1853530701
2024-08-28,533.97589,546.10938,523.77441,536.81616,536.81616,1861040561
2024-08-29,536.81616,545.46149,532.30341,536.62567,536.62567,1577402536
2024-08-30,536.62567,542.8147,523.05884,535.3158,535.3158,1598876190
2024-08-31,535.3158,541.17499,531.62836,532.89697,532.89697,1284869085
2024-09-01,532.89697,532.97906,508.72061,512.59521,512.59521,1498350087
2024-09-02,512.59521,529.02264,502.17227,526.43872,526.43872,1653356892
2024-09-03,526.43872,537.95667,518.66895,518.66895,518.66895,1559458476
2024-09-04,518.63794,523.46942,496.43851,507.8205,507.8205,1898187560
2024-09-05,507.8205,512.62579,497.34918,502.06937,502.06937,1468645986
2024-09-06,502.06937,508.82013,473.16891,486.90274,486.90274,1860035342
2024-09-07,486.90274,499.10577,483.2616,493.22614,493.22614,1358748616
2024-09-08,493.22614,506.42511,491.02933,503.00015,503.00015,1378399660
2024-09-09,503.00015,524.61127,501.98221,518.54535,518.54535,1602303180
2024-09-10,518.54535,523.91382,514.01654,517.48383,517.48383,1461007853
2024-09-11,517.48383,534.51355,507.24252,530.19403,530.19403,1629703281
2024-09-12,530.19403,547.79175,530.14935,544.30377,544.30377,1725751181
2024-09-13,544.30377,559.50989,539.05658,557.01807,557.01807,1745545933
2024-09-14,557.01807,559.38953,548.8692,553.56506,553.56506,1412065214
2024-09-15,553.56506,561.57709,552.36371,553.97229,553.97229,1565883242
2024-09-16,553.97229,554.70087,527.44012,533.80908,533.80908,1805132571
2024-09-17,533.80872,552.50061,529.42413,546.01355,546.01355,1617928146
2024-09-18,546.01355,559.04456,537.50842,559.04456,559.04456,1657679444
2024-09-19,559.04456,571.71899,553.51434,566.22351,566.22351,1859308230
2024-09-20,566.22351,576.90527,559.64362,568.58508,568.58508,1821452417
2024-09-21,568.57642,590.02527,566.81116,589.03796,589.03796,1694887390
2024-09-22,589.03796,593.95453,577.45264,588.08691,588.08691,1680179600
2024-09-23,588.08691,615.72064,585.50763,604.36603,604.36603,2189508231
2024-09-24,604.36603,612.6076,600.26764,606.52307,606.52307,1904808937
2024-09-25,606.52307,607.76294,584.85883,587.35254,587.35254,1744393946
2024-09-26,587.35138,608.85419,581.22833,596.77692,596.77692,2081857126
2024-09-27,596.77692,614.47351,596.50098,607.867,607.867,2144197609
2024-09-28,607.867,617.3324,595.20776,601.5672,601.5672,1858159482
2024-09-29,601.5672,602.6604,593.04926,596.41119,596.41119,1649655134
2024-09-30,596.41119,596.44147,564.65332,567.26007,567.26007,1978021598
2024-10-01,567.26007,582.43475,538.47961,547.99713,547.99713,2124076272
2024-10-02,547.99713,557.99866,536.15332,542.71234,542.71234,1821113448
2024-10-03,542.71234,550.50757,535.38062,544.42499,544.42499,1611934612
2024-10-04,544.42499,557.41217,542.28015,555.38422,555.38422,1518084330
2024-10-05,555.38422,564.81512,552.34094,563.20917,563.20917,1426434745
2024-10-06,563.20917,571.43042,561.58777,570.54272,570.54272,1416593714
2024-10-07,570.54272,580.98346,564.12042,564.14972,564.14972,1703177011
2024-10-08,564.14972,585.97424,560.29285,580.40387,580.40387,2143563900
2024-10-09,580.40387,585.07367,567.1438,570.27716,570.27716,1913652029
2024-10-10,570.27686,572.06073,551.7832,562.72577,562.72577,1559089785
2024-10-11,562.72577,577.13483,560.0672,572.85724,572.85724,1622508791
2024-10-12,572.85724,578.71082,572.85724,576.44977,576.44977,1482994534
2024-10-13,576.44977,578.06403,565.13049,571.82172,571.82172,1472484694
2024-10-14,571.82172,591.41083,569.97076,588.90045,588.90045,1825783992
2024-10-15,588.90045,598.88928,578.48956,594.18921,594.18921,2040945899
2024-10-16,594.18921,605.10419,589.93378,600.81781,600.81781,1918592073
2024-10-17,600.81781,605.82898,585.71503,592.03961,592.03961,1739191571
2024-10-18,592.03961,602.17072,591.69983,599.36499,599.36499,1638190792
2024-10-19,599.36499,600.99933,595.72705,597.97491,597.97491,1432675869
2024-10-20,597.97491,606.31537,593.73932,605.51782,605.51782,1608355248
2024-10-21,605.51782,610.92035,591.69647,598.81757,598.81757,1917193200
2024-10-22,598.81757,599.52325,587.20172,593.36066,593.36066,1739710555
2024-10-23,593.36066,593.81079,573.08832,582.47339,582.47339,1719055847
2024-10-24,584.64856,597.52533,583.02838,594.15479,594.15479,1595144217
2024-10-25,594.15479,596.95398,567.05688,574.2536,574.2536,1712373877
2024-10-26,574.2536,586.17023,571.32501,582.80609,582.80609,1433826425
2024-10-27,582.80609,590.11926,581.25714,588.71582,588.71582,1402058513
2024-10-28,588.71582,603.72174,585.12079,600.59607,600.59607,1671332663
2024-10-29,600.59607,611.78149,599.94568,605.66827,605.66827,1886358424
2024-10-30,605.66827,606.06519,594.44751,595.72784,595.72784,1662620787
2024-10-31,595.72784,596.06885,571.42566,576.03448,576.03448,1810695051
2024-11-01,576.03448,584.79718,568.16425,572.76227,572.76227,1708220753
2024-11-02,572.76227,576.42047,562.94513,568.0368,568.0368,1427236241
2024-11-03,568.0368,569.04846,547.81665,557.6416,557.6416,1584005358
2024-11-04,557.6416,564.19861,543.90833,552.07111,552.07111,1580672363
2024-11-05,552.07111,571.97052,551.25226,563.61206,563.61206,1513727150
2024-11-06,563.61206,594.85846,563.28491,591.99524,591.99524,2342544855
2024-11-07,591.99524,610.31671,588.65662,598.43591,598.43591,1970633102
2024-11-08,598.43591,605.92413,589.54865,597.94843,597.94843,1878681588
2024-11-09,597.94843,637.83698,597.8457,624.37469,624.37469,2739276599
2024-11-10,624.37469,643.66431,613.56714,628.30249,628.30249,2965668641
2024-11-11,628.30249,664.14349,614.02118,661.88721,661.88721,3375111971
2024-11-12,661.88715,666.9176,613.62274,627.00385,627.00385,3603680244
2024-11-13,627.00385,638.89246,600.52435,621.00031,621.00031,3294001434
2024-11-14,621,659.53198,612.53406,621.68011,621.68011,3392713356
2024-11-15,621.68011,628.16888,604.22516,618.86646,618.86646,2547491086
2024-11-16,618.98779,633.48749,617.86517,622.37317,622.37317,2115528251
2024-11-17,622.37317,646.44977,606.18652,618.40009,618.40009,2452647630
2024-11-18,618.40009,629.09717,613.05548,619.43549,619.43549,2284855769
2024-11-19,619.43549,621.58478,606.56158,615.98743,615.98743,2075194269
2024-11-20,615.98743,620.466,600.76624,606.11749,606.11749,2115915285
2024-11-21,606.11713,629.36365,594.5481,622.82635,622.82635,2698689844
2024-11-22,622.82635,639.73193,617.45178,633.51343,633.51343,2447537777
2024-11-23,633.51349,679.41888,632.24774,651.19727,651.19727,3306614137
2024-11-24,651.19727,687.34174,638.92303,660.31757,660.31757,3110188599
2024-11-25,660.31671,675.96112,627.2688,636.63971,636.63971,2787672069
2024-11-26,636.63971,645.29297,600.99127,613.58728,613.58728,2637257322
2024-11-27,613.58728,646.85181,608.62146,644.94849,644.94849,2393610865
2024-11-28,644.94849,663.02197,641.61707,654.36163,654.36163,2597378212
2024-11-29,654.36176,663.32471,649.16321,654.80975,654.80975,2098059690
2024-11-30,654.80975,676.92444,648.8924,654.32916,654.32916,2273610461
2024-12-01,654.32916,664.28729,646.59528,655.9325,655.9325,2055110342
2024-12-02,655.9325,667.42371,629.90601,647.59448,647.59448,2641248821
2024-12-03,647.6991,744.7793,625.97498,737.69659,737.69659,4177512806
2024-12-04,737.69659,793.35052,723.54333,739.25275,739.25275,5614818578
2024-12-05,739.25366,739.94751,695.93884,714.32196,714.32196,3771629643
2024-12-06,717.9585,746.12555,708.43835,732.00629,732.00629,2870854029
2024-12-07,732.00629,761.09143,730.87396,750.27264,750.27264,2326982728
2024-12-08,751.73193,757.5943,729.05151,743.29565,743.29565,2035017685
2024-12-09,743.29565,743.29565,662.24408,689.92438,689.92438,3267965774
2024-12-10,689.92438,704.56,650.59729,676.98291,676.98291,3102408468
2024-12-11,676.98291,712.87714,660.15405,711.8114,711.8114,2276828057
2024-12-12,711.8114,725.22168,700.10675,705.94421,705.94421,2393129125
2024-12-13,705.94434,729.62689,698.50208,726.25482,726.25482,2449855057
2024-12-14,726.25482,731.66132,705.539,715.69568,715.69568,1957844883
2024-12-15,715.69568,723.0733,703.1803,719.13428,719.13428,1831103596
2024-12-16,719.13428,730.00116,704.34131,720.32635,720.32635,2276490785
2024-12-17,720.32635,735.7572,713.729,716.6825,716.6825,2363860623
2024-12-18,716.72491,721.75891,686.66193,687.62378,687.62378,2702479586
2024-12-19,687.62439,704.48773,651.03656,666.56934,666.56934,2806454484
2024-12-20,666.56934,679.44366,619.50037,678.08661,678.08661,3064285256
2024-12-21,678.08661,692.63641,652.60748,663.27948,663.27948,2185739949
2024-12-22,663.26605,668.82751,639.60864,648.70471,648.70471,1091595586
2024-12-23,648.70471,697.3999,637.96527,693.00073,693.00073,1738271695
2024-12-24,693.00073,698.44244,681.99805,696.74115,696.74115,1145844254
2024-12-25,696.74115,711.98663,695.96271,702.32697,702.32697,893387310
2024-12-26,702.32697,718.16241,683.26245,688.36011,688.36011,1253518341
2024-12-27,688.35089,709.64642,685.19916,690.42938,690.42938,1884726979
2024-12-28,690.42938,729.31586,690.42938,720.95905,720.95905,1890880986
2024-12-29,720.95905,722.76697,689.47522,693.75452,693.75452,1647228348
2024-12-30,693.75427,711.03564,686.90704,704.1463,704.1463,1790325219
2024-12-31,704.1463,713.59833,698.02576,700.98688,700.98688,2372886701
2025-01-01,700.98688,709.19897,699.75861,706.51294,706.51294,1420234997
2025-01-02,706.51245,714.43866,697.70471,705.67859,705.67859,1880664942
2025-01-03,705.67859,715.09686,697.54608,713.64355,713.64355,1822243906
2025-01-04,713.64355,721.15625,708.85132,713.84119,713.84119,1524500208
2025-01-05,713.84119,713.84119,703.00226,709.2583,709.2583,1411808759
2025-01-06,709.2583,745.15356,706.18658,729.40009,729.40009,2056633884
2025-01-07,729.39325,733.09143,691.55194,697.3689,697.3689,2200352831
2025-01-08,697.3689,706.76111,677.12262,695.83716,695.83716,2189465209
2025-01-09,695.83716,700.97302,675.73425,685.12073,685.12073,1931492677
2025-01-10,685.12036,700.47064,683.68658,693.62445,693.62445,1680784122
2025-01-11,693.62445,700.76654,690.45734,696.65784,696.65784,1290072226
2025-01-12,696.65784,697.9986,689.8891,693.04828,693.04828,1291862069
2025-01-13,693.0481,699.48138,659.7594,688.26752,688.26752,2127442444
2025-01-14,688.26752,699.80792,686.43274,698.61969,698.61969,1566844744
2025-01-15,698.61969,714.66101,688.75653,714.02844,714.02844,1856118408
2025-01-16,714.07166,717.03333,701.20294,708.29803,708.29803,1899114340
2025-01-17,708.29803,729.85352,708.18622,721.75049,721.75049,1946000436
2025-01-18,721.75049,723.0932,695.21643,709.42499,709.42499,2200623289
2025-01-19,709.4248,713.46893,676.84729,682.20398,682.20398,2841079952
2025-01-20,682.2049,707.57635,672.18939,681.80334,681.80334,2865652878
2025-01-21,681.80334,696.91754,675.44568,691.81659,691.81659,2008007873
2025-01-22,691.81659,703.27026,690.27454,694.98322,694.98322,1762077789
2025-01-23,694.96484,697.00146,681.05768,690.20374,690.20374,2277458782
2025-01-24,690.20374,690.83801,679.08673,680.2132,680.2132,1730218663
2025-01-25,680.21417,689.45972,678.11163,686.26849,686.26849,1457363671
2025-01-26,686.26917,690.315,665.04102,666.76379,666.76379,1529267261
2025-01-27,666.76379,679.91333,639.95599,679.79333,679.79333,2295184879
2025-01-28,679.79333,682.85669,659.58215,661.42456,661.42456,1659082131
2025-01-29,661.42603,678.99207,660.23199,667.68573,667.68573,1716776649
2025-01-30,667.72986,682.32471,666.64917,677.55359,677.55359,1506319921
2025-01-31,677.55725,689.21515,673.79346,677.37537,677.37537,1589542506
2025-02-01,677.3399,681.2196,651.12622,653.43292,653.43292,1544346912
2025-02-02,653.43256,662.63373,602.76117,617.60065,617.60065,2282982721
2025-02-03,617.60065,619.10797,519.19226,617.12079,617.12079,3960962742
2025-02-04,617.12079,619.34436,559.26349,573.32782,573.32782,2336864401
2025-02-05,573.32782,578.9624,562.06927,569.74689,569.74689,1494467850
2025-02-06,569.74689,589.00635,569.59741,572.27405,572.27405,1722558011
2025-02-07,572.27472,589.62433,571.27753,578.06683,578.06683,1583843573
2025-02-08,578.06683,633.05524,574.04187,613.32422,613.32422,2087349099
2025-02-09,613.32422,647.78766,603.40387,616.64209,616.64209,2630256614
2025-02-10,616.64209,621.42035,597.06482,618.31451,618.31451,1860480297
2025-02-11,618.31451,646.0993,615.69165,642.58728,642.58728,2162944541
2025-02-12,642.58728,704.70203,627.57135,698.03735,698.03735,3007130370
2025-02-13,698.03735,730.83472,660.64673,668.27753,668.27753,5139846836
2025-02-14,668.27753,683.99994,652.46759,658.04364,658.04364,2581045409
2025-02-15,658.04364,670.76233,654.47028,662.3277,662.3277,1794465917
2025-02-16,662.32758,685.08588,654.38104,674.10083,674.10083,2009553142
2025-02-17,674.10083,681.62555,659.29309,667.22906,667.22906,1942930816
2025-02-18,667.23621,667.75952,630.65527,647.44336,647.44336,1985512627
2025-02-19,647.4436,659.98859,638.14087,653.51471,653.51471,1916599180
2025-02-20,653.51471,658.92914,646.67035,657.20099,657.20099,1709065792
2025-02-21,657.20099,668.0033,635.3399,646.89954,646.89954,1926193637
2025-02-22,646.89954,679.12329,645.65338,668.57477,668.57477,1899367077
2025-02-23,668.57446,671.07196,648.97992,657.90369,657.90369,1502735946
2025-02-24,657.90369,659.14832,612.82123,613.96301,613.96301,1901201673
2025-02-25,613.96301,627.24402,589.26984,622.9408,622.9408,2591258749
2025-02-26,622.9408,630.81976,595.26501,610.69305,610.69305,1996066325
2025-02-27,610.69305,618.62823,595.80029,605.12366,605.12366,1866447677
2025-02-28,605.12366,605.40125,559.97046,587.4516,587.4516,2166029990
2025-03-01,587.4458,608.89594,586.59283,607.51154,607.51154,1694454521
2025-03-02,607.51093,634.54266,602.633,622.9361,622.9361,2130538305
2025-03-03,622.9361,623.29956,568.54071,575.16998,575.16998,2161303026
2025-03-04,575.16998,587.87018,551.6925,583.58685,583.58685,1969539538
2025-03-05,583.586,604.53717,581.32153,597.97583,597.97583,1534770591
2025-03-06,597.97583,612.03131,589.89136,596.72375,596.72375,1621101888
2025-03-07,596.72369,609.43115,579.3678,593.96338,593.96338,1866542048
2025-03-08,593.96375,601.64789,591.71021,593.08087,593.08087,1147671365
2025-03-09,593.0824,593.09973,551.14813,554.58044,554.58044,1540503120
2025-03-10,554.58044,572.05035,524.99609,532.12189,532.12189,1896805158
2025-03-11,532.1062,565.1582,509.83569,551.47455,551.47455,2438043846
2025-03-12,551.47455,574.42157,545.26685,569.89484,569.89484,1792696031
2025-03-13,569.89484,603.40503,568.12604,579.21881,579.21881,2402408414
2025-03-14,579.21881,589.16321,577.24652,587.13629,587.13629,1535548122
2025-03-15,587.11407,619.49951,587.08398,619.48608,619.48608,1403335470
2025-03-16,619.49274,621.36151,593.95709,602.21661,602.21661,1437680152
2025-03-17,602.20966,643.04034,602.20966,631.36261,631.36261,2488514984
2025-03-18,631.3465,642.88885,622.40015,628.13446,628.13446,2175151767
2025-03-19,628.13446,628.13763,605.61792,619.25751,619.25751,2006233746
2025-03-20,619.25098,637.21637,616.96375,629.94244,629.94244,2327219768
2025-03-21,629.94244,637.19006,625.85706,634.60779,634.60779,1472201311
2025-03-22,634.59698,635.7655,624.19672,626.5744,626.5744,1182741851
2025-03-23,626.5744,628.96564,619.85846,623.34949,623.34949,1222239081
2025-03-24,623.34949,639.02258,619.05017,636.64453,636.64453,1788439257
2025-03-25,636.64496,644.87427,627.44409,629.94287,629.94287,2238118522
2025-03-26,629.94238,634.04767,615.84552,617.81677,617.81677,1600178624
2025-03-27,617.81677,641.48962,617.6778,637.20697,637.20697,2441273622
2025-03-28,637.20642,637.24188,615.92511,619.47491,619.47491,1608298526
2025-03-29,619.47461,623.2124,598.21881,603.23785,603.23785,1367332800
2025-03-30,603.19135,612.78937,594.21436,601.8302,601.8302,1204098085
2025-03-31,601.8302,608.5011,588.08618,605.07281,605.07281,1538796118
2025-04-01,605.07281,618.12378,604.75476,611.29712,611.29712,2091803391
2025-04-02,611.29712,611.51819,585.12189,590.63757,590.63757,1835749587
2025-04-03,590.63757,609.34467,579.44409,592.12445,592.12445,2067033502
2025-04-04,592.12372,599.47986,585.35394,597.57941,597.57941,1520730677
2025-04-05,597.57928,598.54633,589.93298,593.11487,593.11487,1008300251
2025-04-06,593.13879,593.46149,545.32269,554.59491,554.59491,1679604717
2025-04-07,554.59491,564.79242,522.71576,554.4834,554.4834,2852045942
2025-04-08,554.4859,564.93823,548.14124,553.46741,553.46741,1676208165
2025-04-09,553.46741,585.6037,534.88055,582.36932,582.36932,1963610005
2025-04-10,582.37817,582.39075,567.22009,577.40594,577.40594,1731740429
2025-04-11,577.40594,589.85852,575.75726,586.08899,586.08899,1369541748
2025-04-12,586.08899,600.05591,583.97949,597.12305,597.12305,1331878416
2025-04-13,597.12323,597.50995,580.82446,584.04248,584.04248,1318461096
2025-04-14,584.04248,592.56439,583.39703,584.33521,584.33521,1359554984
2025-04-15,584.33466,590.51569,579.64008,579.68604,579.68604,1329270099
2025-04-16,579.6861,585.41083,576.45923,582.80621,582.80621,1435912484
2025-04-17,582.80621,592.85931,581.20386,590.16217,590.16217,1401643770
2025-04-18,590.16217,595.76636,587.26611,591.76385,591.76385,1418376835
2025-04-19,591.76385,594.14215,587.97638,591.77679,591.77679,1227124904
2025-04-20,591.77679,595.15411,587.76538,592.97241,592.97241,1307477245
2025-04-21,592.97241,607.82025,592.67615,597.41418,597.41418,1430343137
2025-04-22,597.41718,618.99005,595.88098,618.82697,618.82697,1734142941
2025-04-23,618.82697,619.86249,601.95416,605.815,605.815,1834047719
2025-04-24,605.815,606.74432,594.39508,601.71582,601.71582,1573943361
2025-04-25,601.71527,610.17963,597.77032,600.18103,600.18103,1735398071
2025-04-26,600.19189,609.13611,600.0882,607.7041,607.7041,1507509250
2025-04-27,607.7041,608.58295,597.935,603.61847,603.61847,1452152303
2025-04-28,603.62463,608.15118,598.99371,606.36499,606.36499,1478956158
2025-04-29,606.36499,610.64044,598.66028,601.02899,601.02899,1587553456
2025-04-30,601.01898,604.47784,592.41779,599.6817,599.6817,1504095222
2025-05-01,599.68719,605.13727,598.48859,599.91821,599.91821,1406049035
2025-05-02,599.92902,603.50507,595.82965,601.16418,601.16418,1444818831
2025-05-03,601.16437,601.29443,595.5932,599.33136,599.33136,1221915136
2025-05-04,599.33136,600.44348,585.30811,585.99506,585.99506,1306600030
2025-05-05,585.99506,599.85223,584.60968,597.68976,597.68976,1465943685
2025-05-06,597.68976,602.96863,593.599,602.47388,602.47388,1594251780
2025-05-07,602.47388,608.98584,598.29724,603.27966,603.27966,1537003234
2025-05-08,603.27942,628.67175,601.00787,628.66345,628.66345,2061341461
2025-05-09,628.65289,667.80035,623.88348,666.87848,666.87848,2418287835
2025-05-10,666.88928,677.35339,649.3595,663.61725,663.61725,2282413256
2025-05-11,663.61652,667.6355,648.84808,650.62543,650.62543,1906600802
2025-05-12,650.62543,690.37823,648.96228,660.48431,660.48431,2609669556
2025-05-13,660.48431,670.89551,641.68286,665.57056,665.57056,2108811440
2025-05-14,665.612,665.65295,648.12048,652.57104,652.57104,1876674692
2025-05-15,652.57117,660.28046,643.45941,651.26422,651.26422,1888457576
2025-05-16,651.26233,659.6886,644.38605,646.32135,646.32135,1634445685
2025-05-17,646.32135,646.72205,635.48486,639.6189,639.6189,1449713512
2025-05-18,639.6189,654.71497,635.41168,652.16431,652.16431,1592388678
2025-05-19,652.11639,652.98859,634.18268,649.85291,649.85291,1595233688
2025-05-20,649.84637,653.4021,641.16443,650.33081,650.33081,1512635652
2025-05-21,650.33081,677.02899,649.13452,673.14862,673.14862,2377493291
2025-05-22,673.15051,688.05841,673.13141,686.23566,686.23566,2248278627
2025-05-23,686.2514,690.92004,654.88104,656.23169,656.23169,1996132529
2025-05-24,656.23041,676.86432,656.12781,668.30652,668.30652,1475660792
2025-05-25,668.30652,671.45795,658.15265,669.91687,669.91687,1591152958
2025-05-26,669.91748,677.67908,668.8999,674.39264,674.39264,1568627598
2025-05-27,674.39264,695.86841,667.23096,687.15948,687.15948,2019130226
2025-05-28,687.16022,688.9776,680.66528,687.40552,687.40552,1759924602
2025-05-29,687.40582,690.84369,673.92743,675.17218,675.17218,1938258667
2025-05-30,675.2002,678.15558,654.65063,655.48218,655.48218,1904377880
2025-05-31,655.51086,661.30865,646.96295,658.50128,658.50128,1478599983
2025-06-01,658.49957,662.34833,648.25983,660.99176,660.99176,1468711165
2025-06-02,660.98547,666.99493,650.44971,666.59076,666.59076,1782539875
2025-06-03,666.59076,672.70422,658.54956,661.69891,661.69891,1696519631
2025-06-04,661.69897,671.93036,661.37445,663.7063,663.7063,1561308740
2025-06-05,663.70789,670.58057,626.68042,634.05359,634.05359,1987901562
2025-06-06,634.052,651.37964,631.10675,643.4342,643.4342,1728825229
2025-06-07,643.44244,653.89117,640.94904,651.15045,651.15045,1468009270
2025-06-08,651.15045,656.27771,646.93127,652.14783,652.14783,1385072458
2025-06-09,652.14783,667.7135,648.58331,665.95404,665.95404,1629752670
2025-06-10,665.95459,673.63074,657.62585,673.61047,673.61047,1849736872
2025-06-11,673.61047,673.95062,663.13641,667.66907,667.66907,1778663531
2025-06-12,667.66907,669.51569,652.78973,656.24384,656.24384,1695465665
2025-06-13,656.25201,659.31177,641.31232,655.25574,655.25574,1964558213
2025-06-14,655.26239,655.47839,639.63275,645.91278,645.91278,1337524307
2025-06-15,645.91235,651.70221,642.99799,648.28076,648.28076,1352632285
2025-06-16,648.2818,659.24341,646.81329,650.96173,650.96173,1588063609
2025-06-17,650.96619,659.03882,640.85455,648.5108,648.5108,1784039065
2025-06-18,648.5108,653.42969,637.94257,644.80676,644.80676,1667361898
2025-06-19,644.80676,646.4259,639.02295,644.68073,644.68073,1374982734
2025-06-20,644.68469,649.59674,638.65686,641.78442,641.78442,1614121225
2025-06-21,641.78442,644.90344,624.71008,628.74786,628.74786,1486820788
2025-06-22,628.74774,635.16992,602.70508,615.99463,615.99463,1895564160
2025-06-23,615.99457,642.79578,615.58838,641.2962,641.2962,1783710380
2025-06-24,641.2962,644.28174,636.9046,643.73718,643.73718,1498769929
2025-06-25,643.73718,650.26819,642.56458,645.92316,645.92316,1653677161
2025-06-26,645.92316,649.98413,641.81891,642.41425,642.41425,1439442979
2025-06-27,642.41388,647.41113,640.54803,646.15363,646.15363,1358247058
2025-06-28,646.15363,649.16614,644.57422,648.75043,648.75043,1185616315
2025-06-29,648.75043,655.60266,647.27332,655.03619,655.03619,1284469590
2025-06-30,655.03619,659.89124,651.87384,657.02533,657.02533,1487336817
2025-07-01,657.02582,658.98596,644.67249,646.39795,646.39795,1382771755
2025-07-02,646.39795,664.78778,644.8728,660.05725,660.05725,1576434816
2025-07-03,660.05725,664.3877,657.20258,663.32312,663.32312,1512518612
2025-07-04,663.32312,664.06195,650.71185,653.7395,653.7395,1379813703
2025-07-05,653.7395,656.66187,652.34015,656.14288,656.14288,1193229342
2025-07-06,656.14294,664.62738,653.87366,663.08899,663.08899,1387600565
2025-07-07,663.08899,663.22833,657.10608,661.01819,661.01819,1524912345
2025-07-08,661.01807,662.49744,657.56506,660.76288,660.76288,1517607542
2025-07-09,660.76288,670.7851,659.59924,669.15253,669.15253,1667011677
2025-07-10,669.15253,687.35425,668.03107,685.66071,685.66071,2023565748
2025-07-11,685.66071,696.86951,683.85272,689.87335,689.87335,2327541748
2025-07-12,689.87335,696.9549,680.40161,685.77789,685.77789,1715321874
2025-07-13,685.77789,694.01233,685.46722,692.23041,692.23041,1631603869
2025-07-14,692.23041,706.71332,686.82886,689.41675,689.41675,2362276526
2025-07-15,689.41675,692.94318,675.87671,689.92114,689.92114,2167202399
2025-07-16,689.92114,714.79089,685.67615,708.1261,708.1261,2298649454
2025-07-17,708.1261,726.66064,707.88977,721.21198,721.21198,2877681453
2025-07-18,721.21198,763.05481,720.2356,730.21637,730.21637,3407382999
2025-07-19,730.2608,742.33179,721.08704,733.52905,733.52905,2067691091
2025-07-20,733.52905,760.44049,732.34485,757.73993,757.73993,2353254456
2025-07-21,757.73993,780.96539,747.55707,766.78394,766.78394,2776231461
2025-07-22,766.78394,787.24823,746.10883,786.14117,786.14117,3009453883
2025-07-23,786.14117,809.3136,753.77887,776.64044,776.64044,3987433985
2025-07-24,776.6745,785.41754,745.3941,771.23999,771.23999,2833667773
2025-07-25,771.23999,785.6441,753.6062,785.60645,785.60645,2536046506
2025-07-26,785.60645,797.19672,778.93982,793.28259,793.28259,1760509145
2025-07-27,793.28259,846.22107,792.66333,843.26196,843.26196,2914460887
2025-07-28,843.26196,859.56287,821.68158,822.01855,822.01855,3448410233
2025-07-29,822.07916,834.46143,800.64282,804.89893,804.89893,3097306022
2025-07-30,804.89893,810.44196,771.18127,793.14484,793.14484,2836541071
2025-07-31,793.14484,813.00891,782.82587,783.66681,783.66681,2581137230
2025-08-01,783.66467,794.89954,746.34534,757.18658,757.18658,3061372565
2025-08-02,757.22125,769.56104,732.53174,736.64642,736.64642,2181365266
2025-08-03,736.64642,755.12506,732.38849,751.56097,751.56097,1761506433
2025-08-04,751.55981,769.55853,750.83771,769.05908,769.05908,1940596416
2025-08-05,769.05829,769.16339,746.69519,754.85101,754.85101,1951120762
2025-08-06,754.85101,774.80286,747.72638,769.84784,769.84784,1969112524
2025-08-07,769.84784,788.19635,765.34308,788.19635,788.19635,2162190917
2025-08-08,788.19653,797.89423,781.46661,793.43958,793.43958,2429517922
2025-08-09,793.43958,818.51208,793.19733,799.08673,799.08673,2215143664
2025-08-10,799.08673,815.07251,796.26819,805.87347,805.87347,2090904941
2025-08-11,805.87347,826.50983,793.37866,806.73022,806.73022,2805693912
2025-08-12,806.74359,838.86151,798.66205,832.92657,832.92657,2889217820
2025-08-13,832.92657,857.76239,829.07648,849.00549,849.00549,3364649534
2025-08-14,849.00549,868.67981,826.0022,840.93097,840.93097,4687490471
2025-08-15,840.93097,853.49835,813.85126,827.28918,827.28918,3843113557
2025-08-16,827.28918,839.51648,826.61469,839.39807,839.39807,1960223183
2025-08-17,839.39679,863.34308,839.18158,856.40295,856.40295,2286889646
2025-08-18,856.40332,858.30743,826.53503,847.41791,847.41791,2765082388
2025-08-19,847.41791,851.94159,823.35669,823.56592,823.56592,2718797059
2025-08-20,823.56592,880.33148,819.3299,869.10388,869.10388,3612563758
2025-08-21,869.10388,882.58954,834.07959,839.04083,839.04083,2848998239
2025-08-22,839.04083,899.70013,839.04083,898.77454,898.77454,3534039226
2025-08-23,898.77454,899.35944,876.51215,880.04614,880.04614,2470653598
2025-08-24,880.05334,885.55603,860.03522,876.0802,876.0802,2909070734
2025-08-25,876.0802,879.94073,835.25598,840.17194,840.17194,3300479072
2025-08-26,840.17102,867.71283,832.71942,863.63049,863.63049,2609863400
2025-08-27,863.63049,866.98474,853.86566,855.6463,855.6463,2391188252
2025-08-28,855.6463,878.80859,851.89862,874.36603,874.36603,2744315947
2025-08-29,874.35455,876.84772,851.31415,863.27655,863.27655,2614507748
2025-08-30,863.28217,863.64478,852.81873,862.40399,862.40399,2030968355
2025-08-31,862.40399,867.59668,857.31781,857.81677,857.81677,1741117798
2025-09-01,857.81262,866.97388,840.89752,845.82629,845.82629,2756614903
2025-09-02,845.82629,856.46442,841.61261,851.77722,851.77722,2385434736
2025-09-03,851.77722,863.47253,849.15796,855.25879,855.25879,1915348780
2025-09-04,855.25885,856.93683,841.8808,843.80298,843.80298,1915009280
2025-09-05,843.80298,857.22461,843.74652,849.97925,849.97925,2025139739
2025-09-06,849.97925,864.49915,849.57458,861.77209,861.77209,1992250771
2025-09-07,861.77209,882.8858,861.27454,880.61304,880.61304,1996378716
2025-09-08,880.61304,885.23181,872.03864,878.27594,878.27594,2289021738
2025-09-09,878.27594,884.2359,871.86023,880.01501,880.01501,1795168603
2025-09-10,880.01501,906.12262,877.51202,893.56659,893.56659,2868650920
2025-09-11,893.56659,903.33295,889.37073,902.98334,902.98334,2250551806
2025-09-12,902.98334,928.617,901.97412,925.0307,925.0307,2648100391
2025-09-13,925.0307,942.52844,923.86719,933.89966,933.89966,2744192106
2025-09-14,933.89966,944.05817,923.76404,927.2417,927.2417,2338327311
2025-09-15,927.24323,935.21771,911.55243,919.97021,919.97021,2475846477
2025-09-16,919.97021,958.6554,917.23834,955.71259,955.71259,3101245055
2025-09-17,955.68787,993.12903,947.771,990.30975,990.30975,3641636248
2025-09-18,990.31903,1005.2922,980.37982,981.83521,981.83521,3741252935
2025-09-19,981.83521,1002.0829,975.81177,984.12408,984.12408,3293771895
2025-09-20,984.13452,1043.2439,984.11975,1042.6501,1042.6501,3759046572
2025-09-21,1042.6627,1080.4777,1041.0262,1048.6724,1048.6724,4306431415
2025-09-22,1048.6711,1050.3184,978.5733,993.01404,993.01404,4892903256
2025-09-23,993.01404,1026.2456,964.55322,1017.0199,1017.0199,4038510425
2025-09-24,1017.0293,1034.0548,995.29291,1018.8478,1018.8478,3603925585
2025-09-25,1018.8719,1019.8428,943.32483,945.71362,945.71362,4693762081
2025-09-26,945.71362,964.72839,933.50525,960.92395,960.92395,3789703570
2025-09-27,960.92395,983.92688,957.4021,968.78955,968.78955,2777184185
2025-09-28,968.78955,993.38568,964.28754,993.31555,993.31555,2519459113
2025-09-29,993.3158,1035.7255,992.64154,1030.7412,1030.7412,3359320684
2025-09-30,1030.7412,1032.796,994.48401,1008.4835,1008.4835,3076619211
2025-10-01,1008.4835,1034.8297,1003.8837,1026.1667,1026.1667,3100184262
2025-10-02,1026.1667,1097.2118,1023.9827,1090.6556,1090.6556,3813163059
2025-10-03,1090.6556,1190.3542,1085.5955,1189.9191,1189.9191,6097241167
2025-10-04,1189.9288,1190.0084,1138.2661,1150.5476,1150.5476,3775482131
2025-10-05,1150.5453,1186.8544,1145.5288,1165.5276,1165.5276,3611451465
2025-10-06,1165.5276,1237.8119,1164.0168,1223.5811,1223.5811,5653272930
2025-10-07,1223.5801,1336.5656,1209.2815,1310.2144,1310.2144,11163171147
2025-10-08,1310.2277,1332.8315,1270.3103,1306.5994,1306.5994,7916662087
2025-10-09,1306.5974,1318.0574,1228.082,1255.8906,1255.8906,8172167891
2025-10-10,1255.8876,1276.3582,962.46814,1106.8986,1106.8986,10329526518
2025-10-11,1106.8986,1180.5259,1080.7184,1137.1993,1137.1993,8101403820
2025-10-12,1137.1993,1319.772,1110.1974,1303.1173,1303.1173,10201040572
2025-10-13,1303.1473,1370.546,1257.1102,1293.4733,1293.4733,11820387271
2025-10-14,1293.4733,1316.4071,1147.75,1211.0511,1211.0511,10106588255
2025-10-15,1211.0511,1221.7075,1151.8352,1162.6918,1162.6918,5853929585
2025-10-16,1162.6937,1193.7739,1125.3333,1145.8253,1145.8253,5605348340
2025-10-17,1145.818,1154.8912,1024.0833,1071.963,1071.963,6656427568
2025-10-18,1071.9656,1129.1925,1071.4739,1093.1525,1093.1525,3767783165
2025-10-19,1093.1525,1132.3473,1069.3075,1109.6801,1109.6801,3690436753
2025-10-20,1109.6821,1142.7445,1090.0068,1101.0616,1101.0616,4209252745
2025-10-21,1101.1649,1114.3132,1054.3049,1057.4404,1057.4404,4398689427
2025-10-22,1057.4404,1082.9291,1054.0702,1072.048,1072.048,3625757780
2025-10-23,1072.0509,1150.9993,1071.9395,1127.573,1127.573,5661131703
2025-10-24,1127.5726,1141.6394,1098.931,1109.1487,1109.1487,3451758493
2025-10-25,1109.1499,1120.0707,1102.4951,1116.7412,1116.7412,2230311136
2025-10-26,1116.7419,1141.9557,1115.5336,1137.5869,1137.5869,2746697366
2025-10-27,1137.5876,1180.0149,1134.291,1139.746,1139.746,4501355092
2025-10-28,1139.7509,1148.5583,1088.8816,1103.1448,1103.1448,4178047763
2025-10-29,1103.1492,1120.73,1089.7682,1107.1633,1107.1633,4169218996
2025-10-30,1107.162,1123.6969,1050.1283,1078.6115,1078.6115,4153774666
2025-10-31,1078.6125,1104.2476,1073.454,1088.9554,1088.9554,4399392720
2025-11-01,1088.9443,1097.1382,1082.4669,1094.6423,1094.6423,2138185589
2025-11-02,1094.6415,1094.6445,1073.6531,1084.3599,1084.3599,2049912244
2025-11-03,1084.3364,1086.5945,975.79614,992.5354,992.5354,4849653054
2025-11-04,992.55188,1000.1986,886.38544,937.89325,937.89325,5824529918
2025-11-05,937.88232,966.80396,903.86926,959.95105,959.95105,3816276917
2025-11-06,959.95343,964.33124,927.44525,949.18048,949.18048,2798073439
2025-11-07,949.20721,994.41284,927.10986,990.55237,990.55237,3614944089
2025-11-08,990.58191,1005.8636,981.11176,990.22272,990.22272,2913804232
2025-11-09,990.23108,1005.9385,977.64404,996.57983,996.57983,2642212274
2025-11-10,996.58887,1017.6829,977.10767,991.91968,991.91968,2844075057
2025-11-11,991.92029,1005.9725,956.83624,958.26575,958.26575,2696896367
2025-11-12,958.23206,976.95776,940.86169,953.0105,953.0105,2405972144
2025-11-13,953.01984,969.8465,907.61975,928.04663,928.04663,3034452281
2025-11-14,928.03973,932.64502,889.4032,915.30927,915.30927,3778463496
2025-11-15,915.19385,944.08173,915.19385,932.2019,932.2019,1963778260
2025-11-16,932.18518,948.51202,910.9035,927.25787,927.25787,2497118342
2025-11-17,927.25787,936.99066,893.00409,906.48242,906.48242,3757441490
2025-11-18,906.47058,937.38416,888.51471,932.48236,932.48236,3623344375
2025-11-19,932.48468,939.28613,872.94318,895.61969,895.61969,3254464199
2025-11-20,895.664,912.65802,866.34387,866.34387,866.34387,3038816761
2025-11-21,866.33466,874.2616,793.82092,830.07874,830.07874,4772315493
2025-11-22,830.07953,841.49249,815.20929,833.35107,833.35107,2015396840
2025-11-23,833.3476,854.40369,833.28748,843.22479,843.22479,1754920246
2025-11-24,843.22363,875.26129,832.04803,864.42114,864.42114,2485800089
2025-11-25,864.461,866.90955,838.97864,862.10803,862.10803,2007620452
2025-11-26,862.10339,896.62878,852.4906,891.75336,891.75336,2040255309
2025-11-27,891.7746,902.58691,885.22882,895.55981,895.55981,1780660164
2025-11-28,895.56439,904.37909,877.31354,887.64679,887.64679,2009647841
2025-11-29,887.64655,888.85303,869.83575,873.68988,873.68988,1357539865
2025-11-30,873.68848,899.57477,871.07373,877.57678,877.57678,1452982911
2025-12-01,877.56158,877.70483,803.45825,827.4054,827.4054,2778473663
2025-12-02,827.40924,884.05988,821.30096,877.03467,877.03467,2264885312
2025-12-03,877.0285,922.12994,874.41223,921.75372,921.75372,2754777581
2025-12-04,921.73212,927.45496,889.61743,900.0661,900.0661,2052379059
2025-12-05,900.06372,906.85236,873.40637,884.21808,884.21808,1968850986
2025-12-06,884.21277,896.65582,878.98383,890.54504,890.54504,1418385761
2025-12-07,890.52667,905.1145,872.89459,894.02228,894.02228,1779976227
2025-12-08,894.02734,911.53864,891.77899,897.60406,897.60406,1906067258
2025-12-09,897.59064,926.51709,882.40723,898.81042,898.81042,2357057936
2025-12-10,898.78058,914.1864,884.94751,894.65063,894.65063,2429639422
2025-12-11,894.659,894.659,861.25366,886.16663,886.16663,2524483059
2025-12-12,886.16608,895.46887,873.60815,881.86761,881.86761,1807202490
2025-12-13,881.86243,903.75824,880.7807,897.42957,897.42957,1472368344
2025-12-14,897.43579,899.21765,874.12964,877.80688,877.80688,1640570319
2025-12-15,877.78925,894.20526,843.76788,858.5451,858.5451,2222157806
2025-12-16,858.5459,877.6131,851.36761,874.89905,874.89905,2379705373
2025-12-17,874.90552,875.11084,834.85168,842.93018,842.93018,2968394043
2025-12-18,842.93127,850.89838,819.98383,829.30115,829.30115,3195634004
2025-12-19,829.30389,861.08771,823.17181,855.9433,855.9433,5429911683
2025-12-20,855.94299,858.74121,850.89087,853.58618,853.58618,1374684930
2025-12-21,853.59698,858.92914,846.0993,857.88922,857.88922,1501917010
2025-12-22,857.88666,869.09924,852.63733,857.85742,857.85742,1959463444
2025-12-23,857.85992,860.77716,839.58746,843.77142,843.77142,1696809904
2025-12-24,843.76935,849.32776,835.27039,846.25964,846.25964,1535799969
2025-12-25,846.2431,847.07916,827.65857,829.42444,829.42444,1415229398
2025-12-26,829.42639,845.71747,823.37292,834.15155,834.15155,1730790904
2025-12-27,834.15137,844.59436,834.14587,844.5545,844.5545,1496575663
2025-12-28,844.55756,864.94305,839.5921,858.8288,858.8288,1855190489
2025-12-29,858.83521,869.98584,846.64532,851.18756,851.18756,2271142660
2025-12-30,851.19073,862.01984,848.4505,860.55371,860.55371,2042633098
2025-12-31,860.55554,873.83691,856.8808,863.25739,863.25739,2539874072
2026-01-01,863.25818,872.2594,855.60748,863.05463,863.05463,1623168589
2026-01-02,863.05518,890.16974,858.87561,880.84418,880.84418,2274583336
2026-01-03,880.8559,883.44812,869.5321,878.63947,878.63947,1660447864
2026-01-04,878.64343,902.04504,878.43073,894.38367,894.38367,1869811425
2026-01-05,894.39545,915.74176,891.7757,910.78839,910.78839,2191450063
2026-01-06,910.78235,921.54779,892.92285,917.50726,917.50726,2396005647
2026-01-07,917.50757,918.79749,892.78076,899.41431,899.41431,2328531769
2026-01-08,899.42059,903.24371,875.69061,891.75372,891.75372,2150672078
2026-01-09,891.74268,899.33832,885.88055,895.46924,895.46924,1729373289
2026-01-10,895.47662,913.9032,895.47662,906.11249,906.11249,1917030206
2026-01-11,906.10815,915.60083,898.78937,902.75079,902.75079,1753041961
2026-01-12,902.74982,909.09393,894.86566,905.41766,905.41766,2073080994
2026-01-13,905.41455,949.02277,901.73352,942.46008,942.46008,3312675690
2026-01-14,942.46136,951.89398,928.55762,949.10889,949.10889,2898477115
2026-01-15,949.08881,949.08881,924.73743,930.87836,930.87836,2344675895
2026-01-16,930.88062,938.57001,924.55139,937.53186,937.53186,1873697028
2026-01-17,937.53497,954.85834,935.40637,947.04456,947.04456,1840297630
2026-01-18,947.04315,952.69623,932.49683,932.59137,932.59137,1896106924
2026-01-19,932.58459,932.58514,910.62622,922.49506,922.49506,3099807569
2026-01-20,922.50409,931.80219,884.22858,884.67548,884.67548,2987548371
2026-01-21,884.66254,892.53882,864.41132,882.55829,882.55829,3827882862
2026-01-22,882.5603,896.49005,878.45093,886.97235,886.97235,1870632923
2026-01-23,886.97168,902.13989,883.27673,890.76642,890.76642,2043693107
2026-01-24,890.78143,892.81726,885.54633,886.17963,886.17963,1290044834
2026-01-25,886.18439,886.18439,855.91461,864.72675,864.72675,2065395074
2026-01-26,864.72742,880.02728,864.72742,878.74451,878.74451,2107947407
2026-01-27,878.73895,899.8396,875.37341,897.66553,897.66553,2080464235
2026-01-28,897.6615,907.36584,893.47321,901.34888,901.34888,1929255921
2026-01-29,901.39069,904.43909,853.18787,867.09814,867.09814,3967708737
2026-01-30,867.09338,867.91815,832.56366,857.25873,857.25873,3063940340
2026-01-31,857.25269,858.86444,765.69232,780.48456,780.48456,3250985432
2026-02-01,780.46405,788.15533,742.95966,758.4574,758.4574,2530207621
2026-02-02,758.43219,779.3194,730.06732,774.57928,774.57928,3129876950
2026-02-03,774.5658,782.1355,736.81079,753.57819,753.57819,2673231321
2026-02-04,753.56732,763.90295,687.34155,697.86176,697.86176,3263769381
2026-02-05,697.82318,699.7533,603.38702,606.54285,606.54285,4896219244
2026-02-06,606.54761,668.39856,576.71906,657.42151,657.42151,4201603681
2026-02-07,657.4198,662.00165,631.95343,647.35028,647.35028,2237248068
2026-02-08,647.34924,650.41028,633.62,640.25366,640.25366,1623329068
2026-02-09,640.21063,644.57733,616.70331,635.95447,635.95447,1879500739
2026-02-10,635.95636,640.961,614.69788,619.57031,619.57031,1623315797
2026-02-11,619.57068,623.18439,587.81293,607.18713,607.18713,2137150889
2026-02-12,607.18945,619.1156,601.82745,613.71094,613.71094,1596683425
2026-02-13,613.7088,621.90741,592.60028,619.08386,619.08386,1865657141
2026-02-14,619.08618,636.55627,616.19287,633.34521,633.34521,1422078768
2026-02-15,633.33026,640.56451,609.22089,614.638,614.638,1572726908
2026-02-16,614.65656,629.66803,605.36884,626.57068,626.57068,1384918308
2026-02-17,626.58386,630.45349,610.81885,617.56207,617.56207,1273885332
2026-02-18,617.56403,624.69318,602.27338,604.5238,604.5238,1407996950
2026-02-19,604.5213,613.74921,597.50385,607.15985,607.15985,1468442931
2026-02-20,607.17517,628.98578,601.86621,625.66351,625.66351,1709915616
2026-02-21,625.66779,633.59259,624.10284,625.89807,625.89807,1183913259
2026-02-22,625.89221,626.53412,610.29181,614.40668,614.40668,1089029749
2026-02-23,614.40625,614.85791,586.02045,595.86511,595.86511,2110764624
2026-02-24,595.87531,602.22522,578.34052,584.1098,584.1098,1777417541
2026-02-25,584.10541,636.51013,582.20496,629.07263,629.07263,2691687940
2026-02-26,629.07721,633.1001,615.25446,625.91321,625.91321,2766164029
2026-02-27,625.9151,633.18719,607.45428,613.96954,613.96954,1782727960
2026-02-28,613.97284,620.11383,589.54755,617.2464,617.2464,1819918584
2026-03-01,617.24445,631.62177,611.67499,618.10718,618.10718,1918919287
2026-03-02,618.09467,651.09467,613.54114,637.23956,637.23956,1947915391
2026-03-03,637.24597,641.43842,621.84113,633.83093,633.83093,1802590269
2026-03-04,633.82819,665.10327,627.15649,657.81677,657.81677,2127945160
2026-03-05,657.81677,664.64386,646.89319,647.62585,647.62585,1672800685
2026-03-06,647.6228,651.22705,626.00183,627.27344,627.27344,1385900394
2026-03-07,627.28339,629.95758,619.03729,620.06628,620.06628,1082294510
2026-03-08,620.06647,623.79773,609.4043,612.03888,612.03888,1289759347
2026-03-09,612.03815,642.10577,611.76862,634.50037,634.50037,1626567950
2026-03-10,634.50629,651.53479,634.50427,641.87921,641.87921,1580638205
2026-03-11,641.88123,655.04437,636.72809,651.47833,651.47833,1616600713
2026-03-12,651.47186,656.02289,642.47937,652.13501,652.13501,1564250832
2026-03-13,652.12659,677.74866,651.4624,655.88196,655.88196,2275392491
2026-03-14,655.87354,657.86932,650.61816,657.8316,657.8316,1300376753
2026-03-15,657.82483,678.32556,654.69958,673.70117,673.70117,1570006668
2026-03-16,673.71277,685.40314,670.88922,679.3548,679.3548,2399816312
2026-03-17,679.35803,685.62726,664.71558,668.78094,668.78094,1875359590
2026-03-18,668.77606,676.30078,645.59674,652.05908,652.05908,1920423223
2026-03-19,652.06134,655.26453,634.04315,639.26617,639.26617,1763650441
2026-03-20,639.26923,646.85913,637.07611,642.18335,642.18335,1633691311
2026-03-21,642.18689,645.59467,629.89203,630.13379,630.13379,1236470411
2026-03-22,629.87683,636.67114,622.86847,626.60132,626.60132,1616327413
2026-03-23,626.59705,648.42145,621.02612,638.5368,638.5368,2371029968
2026-03-24,638.55438,639.35144,627.39703,638.25281,638.25281,1645704845
2026-03-25,638.24963,651.96405,638.23352,647.32812,647.32812,1700935601
2026-03-26,647.32977,647.84766,623.06342,628.99469,628.99469,1566197398
2026-03-27,628.99438,631.23218,606.00519,613.29242,613.29242,1674423686
2026-03-28,613.30713,617.54773,610.19757,610.70123,610.70123,875286131
2026-03-29,610.70013,614.47968,598.72748,605.67621,605.67621,1340354447
2026-03-30,605.68536,620.23029,605.19958,608.55353,608.55353,1691424092
2026-03-31,608.56061,618.49164,599.74994,617.04919,617.04919,1789909133
2026-04-01,617.04877,620.95471,610.30408,610.62299,610.62299,1708753116
2026-04-02,610.62219,612.97455,570.68396,583.13684,583.13684,2253593411
2026-04-03,583.13885,589.08582,582.39185,588.10004,588.10004,1249381771
2026-04-04,588.09833,595.69934,587.40228,593.28369,593.28369,730361887
2026-04-05,593.28369,603.00159,587.62231,601.53558,601.53558,869628725
2026-04-06,601.53717,608.57092,597.86389,600.38574,600.38574,1559391237
2026-04-07,600.37878,623.72119,593.14148,620.89868,620.89868,1954715522
2026-04-08,620.85736,621.14313,600.33588,601.17224,601.17224,2031695469
2026-04-09,601.17175,610.08215,597.37244,602.82751,602.82751,1836620252
2026-04-10,602.8266,610.138,598.0321,605.99152,605.99152,1779562868
2026-04-11,605.98663,613.90649,603.79462,607.39142,607.39142,1673930281
2026-04-12,607.39038,607.41028,589.60858,592.21405,592.21405,1835478450
2026-04-13,592.21783,617.29547,592.09857,615.05127,615.05127,1956433843
2026-04-14,615.05225,624.87604,611.77423,614.03723,614.03723,2008088284
2026-04-15,614.04413,626.79303,610.94519,622.66534,622.66534,1644633857
2026-04-16,622.66852,636.81165,616.11761,635.58337,635.58337,1856483537
2026-04-17,635.58368,645.67627,627.15643,643.45013,643.45013,1994808217
2026-04-18,643.4588,648.50391,628.56757,630.32245,630.32245,1585391318
2026-04-19,630.31842,630.4657,615.60626,616.52448,616.52448,1507732097
2026-04-20,616.51697,631.80389,616.45764,629.25519,629.25519,1537738592
2026-04-21,629.25555,640.5401,625.44965,631.79218,631.79218,1638232350
2026-04-22,631.79224,651.98322,631.40533,637.93176,637.93176,1843147330
2026-04-23,637.93176,640.25916,631.40289,638.72626,638.72626,1592966390
2026-04-24,638.72906,640.23224,632.47723,636.40295,636.40295,1358812029
2026-04-25,636.39954,638.44012,627.65198,628.65729,628.65729,758377286
2026-04-26,628.65515,637.39819,627.74799,636.11145,636.11145,1164927198
2026-04-27,636.11322,639.68817,619.83063,626.96423,626.96423,1637610223
2026-04-28,626.9632,627.41992,619.69189,624.31104,624.31104,1232472114
2026-04-29,624.31677,629.28497,611.43097,617.32977,617.32977,1599657620
2026-04-30,617.33099,620.08667,613.92413,615.06671,615.06671,1271759829
2026-05-01,615.06348,622.49072,614.27191,615.33105,615.33105,1373446549
2026-05-02,615.33441,620.3761,614.18494,617.82764,617.82764,712563317
2026-05-03,617.82733,621.73712,615.112,617.48236,617.48236,834198484
2026-05-04,617.48236,637.51428,615.69409,622.65906,622.65906,2279940194
2026-05-05,622.65924,634.39362,622.57288,630.39124,630.39124,1737844496
2026-05-06,630.39142,662.10132,629.64062,647.57373,647.57373,2481476834
2026-05-07,647.57684,652.89136,634.20477,637.02197,637.02197,1667366871
2026-05-08,637.02197,651.15045,635.10712,649.00934,649.00934,1438423521
2026-05-09,649.01526,655.58777,646.34766,649.73737,649.73737,1278930889
2026-05-10,649.73706,666.17944,645.05194,663.66345,663.66345,1412124607
2026-05-11,663.66345,672.29297,649.78058,669.97363,669.97363,1803928124
2026-05-12,669.98029,670.7262,650.74249,664.54114,664.54114,1642513243
2026-05-13,664.54218,685.10406,664.40576,671.38281,671.38281,1960838590
2026-05-14,671.38232,685.02661,665.52728,677.93976,677.93976,1656801797
2026-05-15,677.94672,689.1156,670.19745,672.11133,672.11133,1703187702
2026-05-16,672.10083,674.15424,650.85925,656.21606,656.21606,1379762213
2026-05-17,656.2135,657.04169,643.22473,648.79413,648.79413,783703455
2026-05-18,648.7821,649.01141,634.86908,643.05621,643.05621,1418244426
2026-05-19,643.05731,646.08527,636.67267,639.45001,639.45001,1113171362
2026-05-20,639.43445,650.74097,637.5531,648.81927,648.81927,1126919622
2026-05-21,648.82086,658.84833,646.05084,657.34985,657.34985,1228340767
2026-05-22,657.33691,662.88202,648.66565,649.46893,649.46893,1327486028
2026-05-23,649.47583,661.49915,635.646,655.70966,655.70966,1294474331
2026-05-24,655.711,660.99622,649.51392,656.09827,656.09827,1104832926
2026-05-25,656.09167,672.23328,655.44012,662.30383,662.30383,1309145054
2026-05-26,662.30701,667.13794,653.284,655.59637,655.59637,1618469382
2026-05-27,655.60199,657.92926,646.18854,648.15924,648.15924,1299270396
2026-05-28,648.1615,648.1615,628.17236,637.49377,637.49377,1387114881
2026-05-29,637.50281,643.69446,631.30835,642.28729,642.28729,1229212667
2026-05-30,642.30103,726.17517,642.08783,717.93378,717.93378,3590363740
2026-05-31,717.9303,743.35809,704.96722,708.58423,708.58423,3011261654
2026-06-01,708.54901,725.18927,674.92542,692.1308,692.1308,3603890086
2026-06-02,692.12634,694.25104,645.61505,650.42999,650.42999,2212967555
2026-06-03,650.42261,655.14703,617.63153,620.09943,620.09943,2023083015
2026-06-04,620.09943,623.08911,588.54077,603.53473,603.53473,2306830558
2026-06-05,603.53015,606.19562,558.38977,572.10687,572.10687,2607132303
2026-06-06,572.13336,583.11627,561.02405,574.5108,574.5108,1418745727
2026-06-07,574.5047,606.80908,573.81451,603.62897,603.62897,1355939748
2026-06-08,603.64825,609.70459,592.06195,601.62775,601.62775,1157549571
2026-06-09,601.63336,604.85468,584.65039,592.85065,592.85065,1187053835
2026-06-10,592.85217,596.51099,581.29102,586.17383,586.17383,1017565363
2026-06-11,586.17444,605.40564,586.09344,605.04156,605.04156,1095074108
2026-06-12,605.04529,611.73578,596.28796,603.50659,603.50659,994015378
2026-06-13,603.50623,610.42303,599.48102,609.54376,609.54376,821135662
2026-06-14,609.54224,616.37872,602.63818,616.08594,616.08594,1036522794
2026-06-15,616.08679,631.11096,612.65265,617.42188,617.42188,1343292765
2026-06-16,617.4209,618.86517,602.81964,604.34613,604.34613,1347367138
2026-06-17,604.34741,611.2124,596.45233,600.95868,600.95868,1281028503
2026-06-18,600.94495,603.17328,573.3678,578.01471,578.01471,1125978611
2026-06-19,578.01471,581.93506,571.0119,581.16376,581.16376,869522115
2026-06-20,581.26239,588.56104,579.69495,587.61389,587.61389,828038134
2026-06-21,587.61359,591.33093,583.7309,583.75165,583.75165,758751631
2026-06-22,583.74908,601.44702,583.71906,589.9187,589.9187,989771505
2026-06-23,589.89575,591.84485,570.82257,577.59967,577.59967,966075609
2026-06-24,577.60156,580.52362,548.58704,563.77081,563.77081,1326402841
2026-06-25,563.77197,571.31732,543.18384,559.79895,559.79895,1359821571
2026-06-26,559.79895,568.98401,550.24994,566.85846,566.85846,1485816125
2026-06-27,566.8609,567.64948,555.28986,556.39087,556.39087,908411267
2026-06-28,556.37854,557.96881,545.80731,550.69971,550.69971,900129154
2026-06-29,550.65961,561.36371,546.30597,558.66821,558.66821,1115281924
2026-06-30,558.6676,559.31134,543.3457,545.68616,545.68616,1113363069
2026-07-01,545.6792,557.32727,538.59924,550.1095,550.1095,1369626811
2026-07-02,550.11139,566.00031,546.34943,558.01453,558.01453,1333013092
2026-07-03,558.01447,574.17627,556.93427,573.4422,573.4422,1081508938
2026-07-04,573.44446,578.05566,568.42889,574.97296,574.97296,1084811368
2026-07-05,574.97247,592.12616,568.53741,588.93512,588.93512,1328089383
2026-07-06,588.93805,592.16003,570.18793,585.43353,585.43353,1405839910
2026-07-07,585.43646,587.1637,576.18445,576.79657,576.79657,1091645141
2026-07-08,576.79449,578.33557,560.27588,568.30609,568.30609,1104808263
2026-07-09,568.30725,575.02429,565.5415,568.46844,568.46844,1020956200
2026-07-10,568.46698,577.58112,568.12109,575.03198,575.03198,1039954030
2026-07-11,575.03522,582.07324,573.10992,574.88947,574.88947,869866045
2026-07-12,574.89191,582.97217,570.06091,573.9483,573.9483,968436788
2026-07-13,573.94598,578.95233,562.29211,566.63367,566.63367,991239692
2026-07-14,566.63098,583.36426,566.21136,581.75568,581.75568,1188215639
2026-07-15,581.75873,584.13092,575.73944,580.10406,580.10406,1170264202
2026-07-16,580.10742,584.1413,571.59259,572.19324,572.19324,1034278765
2026-07-17,572.1828,574.26093,555.67297,567.76483,567.76483,1233596492
2026-07-18,567.76813,571.93909,566.15613,570.28552,570.28552,834755411
2026-07-19,570.28625,571.65845,566.75439,570.40417,570.40417,824772602
2026-07-20,570.40979,574.46198,563.27484,570.73328,570.73328,1103435923
2026-07-21,570.74213,579.14819,570.59357,573.59686,573.59686,1115064597
2026-07-22,573.60229,575.08148,567.26117,570.75397,570.75397,991239577
2026-07-23,570.75549,571.73932,564.10327,566.9455,566.9455,914774204
2026-07-24,566.94293,570.59216,556.7088,564.33746,564.33746,1011337723
2026-07-25,564.33246,569.34784,563.61304,568.46875,568.46875,785530621
2026-07-26,568.4668,575.6427,568.43835,574.50385,574.50385,818584128
2026-07-27,574.5033,576.20105,565.31238,565.73047,565.73047,961806343
2026-07-28,565.74615,574.61432,562.90656,570.48718,570.48718,987867906
2026-07-29,570.49536,572.66742,565.08282,571.40204,571.40204,939729864
2026-07-30,571.40033,595.22925,570.45953,592.01282,592.01282,1326666570
2026-07-31,592.02136,594.39856,583.52094,586.427,586.427,1212212216
2026-08-01,586.43011,591.57812,573.72845,574.95966,574.95966,1092981314
2026-08-02,574.96423,590.12964,573.70093,587.5683,587.5683,941393721
2026-08-03,587.57111,593.32208,580.86633,588.79517,588.79517,1006505117
2026-08-04,588.79535,594.46698,587.57977,592.80792,592.80792,949346459
2026-08-05,592.7851,603.94812,591.8446,593.22131,593.22131,1306888800
2026-08-06,593.22278,597.49792,589.62433,591.65289,591.65289,953743093
2026-08-07,591.65253,593.77264,585.13055,592.19714,592.19714,1370866961
2026-08-08,592.19312,609.51141,590.51202,600.42206,600.42206,1072496627
2026-08-09,600.42102,610.09741,599.94708,601.7663,601.7663,1032011852
2026-08-10,601.78375,605.95361,597.34515,598.68732,598.68732,1054595862
2026-08-11,598.68469,616.81744,598.11676,616.49866,616.49866,1311056319
2026-08-12,616.49829,619.39203,608.58978,609.67981,609.67981,1179194321
2026-08-13,609.66553,614.026,605.6969,610.03668,610.03668,991318908
2026-08-14,610.03613,611.79175,602.64191,607.57977,607.57977,904964325
2026-08-15,607.57831,611.77911,606.84814,607.10425,607.10425,555761984
2026-08-16,607.10529,607.66089,601.13269,602.47937,602.47937,635151199
2026-08-17,602.48114,607.15112,600.98267,605.17236,605.17236,1022798732
2026-08-18,605.16461,605.30963,599.52783,603.5282,603.5282,972520123
2026-08-19,603.52881,635.45056,600.86353,626.4718,626.4718,1864254281
2026-08-20,626.46667,657.67853,622.24994,654.90753,654.90753,2301724571
2026-08-21,654.91144,691.36542,653.5401,686.9668,686.9668,2932629797
2026-08-22,686.97144,725.32825,683.45135,695.70172,695.70172,3166031052
2026-08-23,695.71313,706.63434,678.85657,701.84674,701.84674,1748341826
2026-08-24,701.86066,715.38733,693.61829,703.63812,703.63812,1930945903
2026-08-25,703.66077,718.57452,690.64307,694.02576,694.02576,1797771745
2026-08-26,694.02155,707.93079,692.28003,707.88049,707.88049,1542801679
2026-08-27,707.87854,714.86902,701.30853,712.17059,712.17059,1468797908
2026-08-28,712.16754,718.12128,685.76562,691.117,691.117,1489232317
2026-08-29,691.11761,693.98059,687.24951,692.60394,692.60394,947152139
2026-08-30,692.60168,703.46436,681.37994,684.80914,684.80914,1186105163
2026-08-31,684.80286,693.89844,682.59949,691.02527,691.02527,1234273448
2026-09-01,691.02979,694.1861,675.17419,682.74915,682.74915,1197910613
2026-09-02,682.74896,689.1416,679.89697,687.96326,687.96326,1263823790
2026-09-03,687.9613,726.75757,686.76813,724.99622,724.99622,1769490260
2026-09-04,724.99829,728.65649,710.26843,721.26044,721.26044,1630848206
2026-09-05,721.26654,778.81049,719.75269,766.91174,766.91174,2911517322
2026-09-06,766.92792,768.55646,741.74725,752.50073,752.50073,1809733130
2026-09-07,752.50574,755.58502,734.63208,740.02728,740.02728,1542958780
2026-09-08,740.03174,760.21802,737.57898,752.4292,752.4292,1930669841
2026-09-09,752.4292,757.16589,718.87451,722.73523,722.73523,1763558699
2026-09-10,722.73438,725.48926,704.97504,709.13336,709.13336,1670884807
2026-09-11,709.13074,739.383,708.71478,726.96844,726.96844,1722788676
2026-09-12,726.96826,738.82629,725.2287,727.45312,727.45312,1157881596
2026-09-13,727.45288,729.43976,713.49725,716.33051,716.33051,1067973135
2026-09-14,716.33783,732.59668,714.58374,720.2359,720.2359,1616186488
2026-09-15,720.23492,723.86584,709.25354,712.16064,712.16064,1525574555
2026-09-16,712.16284,725.80457,704.41614,725.57593,725.57593,1491110810
2026-09-17,725.59381,738.18591,720.44275,738.00195,738.00195,1487195591
2026-09-18,738.00604,767.42401,735.07251,761.01642,761.01642,2183916470
2026-09-19,761.01312,772.63452,758.09875,762.04437,762.04437,1537324950
2026-09-20,762.04181,775.29602,747.25824,772.34814,772.34814,1590467764
2026-09-21,772.34161,806.52509,766.9624,798.89014,798.89014,2695025332
2026-09-22,798.93536,799.5274,782.15637,788.1557,788.1557,1966297251
2026-09-23,788.15997,797.98743,758.6582,767.25421,767.25421,1971303455
