Date,Open,High,Low,Close,Adj Close,Volume
2014-09-17,465.86401,468.17401,452.422,457.33402,457.33402,21056800
2014-09-18,456.85998,456.85998,413.104,424.44,424.44,34483200
2014-09-19,424.103,427.83499,384.53201,394.79599,394.79599,37919700
2014-09-20,394.673,423.29599,389.883,408.90399,408.90399,36863600
2014-09-21,408.08499,412.426,393.181,398.82101,398.82101,26580100
2014-09-22,399.10001,406.91598,397.13,402.15201,402.15201,24127600
2014-09-23,402.09201,441.55701,396.19699,435.79098,435.79098,45099500
2014-09-24,435.75101,436.112,421.13199,423.20499,423.20499,30627700
2014-09-25,423.15601,423.51999,409.46799,411.574,411.574,26814400
2014-09-26,411.42899,414.93799,400.009,404.42499,404.42499,21460800
2014-09-27,403.556,406.62299,397.37201,399.51999,399.51999,15029300
2014-09-28,399.47101,401.017,374.332,377.181,377.181,23613300
2014-09-29,376.92801,385.211,372.23999,375.46701,375.46701,32497700
2014-09-30,376.08801,390.97699,373.44299,386.944,386.944,34707300
2014-10-01,387.427,391.379,380.78,383.61499,383.61499,26229400
2014-10-02,383.98801,385.49701,372.94601,375.07199,375.07199,21777700
2014-10-03,375.181,377.69501,357.85901,359.51199,359.51199,30901200
2014-10-04,359.892,364.487,325.88599,328.866,328.866,47236500
2014-10-05,328.91598,341.801,289.29599,320.51001,320.51001,83308096
2014-10-06,320.38901,345.134,302.56,330.07901,330.07901,79011800
2014-10-07,330.58402,339.24701,320.48199,336.18701,336.18701,49199900
2014-10-08,336.116,354.36401,327.18799,352.94,352.94,54736300
2014-10-09,352.74799,382.72601,347.68701,365.026,365.026,83641104
2014-10-10,364.68701,375.06699,352.96301,361.56201,361.56201,43665700
2014-10-11,361.362,367.19101,355.95099,362.29901,362.29901,13345200
2014-10-12,362.60599,379.43301,356.14401,378.54901,378.54901,17552800
2014-10-13,377.92099,397.22601,368.897,390.414,390.414,35221400
2014-10-14,391.69199,411.698,391.324,400.87,400.87,38491500
2014-10-15,400.95499,402.22699,388.76599,394.77301,394.77301,25267100
2014-10-16,394.51801,398.80701,373.07001,382.556,382.556,26990000
2014-10-17,382.75601,385.478,375.38901,383.758,383.758,13600700
2014-10-18,383.97601,395.15799,378.97101,391.44199,391.44199,11416800
2014-10-19,391.254,393.93899,386.457,389.54599,389.54599,5914570
2014-10-20,389.23099,390.08402,378.25201,382.845,382.845,16419000
2014-10-21,382.42099,392.646,380.83402,386.47501,386.47501,14188900
2014-10-22,386.11801,388.57599,382.24899,383.15799,383.15799,11641300
2014-10-23,382.96201,385.048,356.44699,358.41699,358.41699,26456900
2014-10-24,358.591,364.345,353.30499,358.345,358.345,15585700
2014-10-25,358.61099,359.86099,342.87701,347.271,347.271,18127500
2014-10-26,347.487,359.22101,343.931,354.70401,354.70401,11272500
2014-10-27,354.77701,358.63199,349.80899,352.98901,352.98901,13033000
2014-10-28,353.215,359.98401,352.67899,357.61801,357.61801,7845880
2014-10-29,357.08899,357.83301,335.34299,335.591,335.591,18192700
2014-10-30,335.70902,350.91299,335.07199,345.30499,345.30499,30177900
2014-10-31,345.009,348.04501,337.142,338.32101,338.32101,12545400
2014-11-01,338.64999,340.52899,321.05499,325.74899,325.74899,16677200
2014-11-02,326.07501,329.04999,320.62601,325.892,325.892,8603620
2014-11-03,325.569,334.00201,325.48099,327.55399,327.55399,12948500
2014-11-04,327.16101,331.767,325.077,330.492,330.492,15655500
2014-11-05,330.68301,343.36899,330.68301,339.48599,339.48599,19817200
2014-11-06,339.45801,352.966,338.42401,349.29001,349.29001,18797000
2014-11-07,349.81799,352.73199,341.776,342.41501,342.41501,16834200
2014-11-08,342.15399,347.03201,342.15399,345.48801,345.48801,8535470
2014-11-09,345.37601,363.62601,344.255,363.26401,363.26401,24205600
2014-11-10,362.26502,374.81601,357.56101,366.92401,366.92401,30450100
2014-11-11,365.85699,371.31,363.73498,367.69501,367.69501,15838900
2014-11-12,367.98498,429.71799,367.98498,423.56101,423.56101,45783200
2014-11-13,427.27301,457.09299,401.12299,420.73498,420.73498,58945000
2014-11-14,418.41699,419.25201,384.789,397.81799,397.81799,29589200
2014-11-15,399.64999,405.52801,371.008,376.133,376.133,15727500
2014-11-16,374.73001,390.79901,374.60199,387.88199,387.88199,11905600
2014-11-17,388.349,410.199,377.50201,387.40799,387.40799,41518800
2014-11-18,387.785,392.40201,371.117,375.198,375.198,32222500
2014-11-19,373.896,386.48099,373.896,380.55499,380.55499,18931800
2014-11-20,380.30701,382.02499,356.78101,357.84,357.84,25233200
2014-11-21,357.879,357.879,344.112,350.84799,350.84799,29850100
2014-11-22,351.604,364.841,350.87799,352.92001,352.92001,15273000
2014-11-23,353.17499,370.845,353.17499,367.573,367.573,15151600
2014-11-24,366.948,387.20902,366.66901,376.901,376.901,30930100
2014-11-25,376.88599,394.70099,374.784,375.34799,375.34799,25442200
2014-11-26,376.01901,377.698,365.81601,368.37,368.37,18601700
2014-11-27,370.50201,373.992,368.28201,369.67001,369.67001,8748030
2014-11-28,369.37399,382.83801,358.45499,376.44699,376.44699,22946500
2014-11-29,376.15201,387.60101,372.14499,375.491,375.491,15375600
2014-11-30,375.51001,382.52701,373.30899,378.047,378.047,9194440
2014-12-01,378.24899,383.66199,376.66901,379.245,379.245,11763000
2014-12-02,379.25,384.03799,377.86301,381.315,381.315,12364100
2014-12-03,381.72199,383.026,374.34601,375.01001,375.01001,13340100
2014-12-04,375.71799,378.655,367.759,369.604,369.604,14529600
2014-12-05,369.44199,379.19199,365.75601,376.854,376.854,15181800
2014-12-06,376.75699,378.448,370.94501,374.785,374.785,7009320
2014-12-07,374.836,376.29199,373.27499,375.095,375.095,6491650
2014-12-08,374.965,376.02899,361.88599,361.909,361.909,18898700
2014-12-09,361.89499,363.06699,344.95099,352.21899,352.21899,32915500
2014-12-10,352.20499,352.384,346.36499,346.36499,346.36499,16427700
2014-12-11,344.34,361.35699,338.763,350.50601,350.50601,32431300
2014-12-12,350.83301,352.983,349.29098,352.54199,352.54199,16989800
2014-12-13,352.38101,352.38101,346.58801,347.37601,347.37601,11675900
2014-12-14,346.72699,353.31601,345.418,351.63199,351.63199,12415200
2014-12-15,351.36099,351.815,344.93399,345.345,345.345,17264200
2014-12-16,345.673,345.85901,327.06201,327.06201,327.06201,30864900
2014-12-17,326.85501,333.95401,315.15201,319.776,319.776,37567900
2014-12-18,319.785,323.70902,304.23199,311.396,311.396,39173000
2014-12-19,311.17899,318.53299,306.76901,317.84299,317.84299,23823100
2014-12-20,317.61899,330.32501,316.04401,329.95599,329.95599,20856700
2014-12-21,329.543,329.629,318.90301,320.84299,320.84299,15207600
2014-12-22,321.06799,334.117,320.42499,331.88599,331.88599,22315100
2014-12-23,332.017,336.28699,329.60199,334.57199,334.57199,16574200
2014-12-24,334.38501,334.741,321.35699,322.534,322.534,15092300
2014-12-25,322.28601,322.67001,316.95801,319.008,319.008,9883640
2014-12-26,319.15201,331.42401,316.62701,327.92401,327.92401,16410500
2014-12-27,327.58301,328.91101,312.63,315.86301,315.86301,15185200
2014-12-28,316.16,320.02801,311.078,317.23901,317.23901,11676600
2014-12-29,317.70099,320.267,312.30701,312.67001,312.67001,12302500
2014-12-30,312.71899,314.80899,309.37299,310.737,310.737,12528300
2014-12-31,310.914,320.19299,310.211,320.19299,320.19299,13942900
2015-01-01,320.435,320.435,314.00299,314.24899,314.24899,8036550
2015-01-02,314.07901,315.83899,313.565,315.03201,315.03201,7860650
2015-01-03,314.84601,315.14999,281.082,281.082,281.082,33054400
2015-01-04,281.146,287.23001,257.612,264.19501,264.19501,55629100
2015-01-05,265.08402,278.341,265.08402,274.474,274.474,43962800
2015-01-06,274.61099,287.55301,272.69601,286.18899,286.18899,23245700
2015-01-07,286.077,298.754,283.07901,294.33701,294.33701,24866800
2015-01-08,294.13501,294.13501,282.17499,283.349,283.349,19982500
2015-01-09,282.383,291.11401,280.53299,290.40799,290.40799,18718600
2015-01-10,287.30301,288.12701,273.966,274.79599,274.79599,15264300
2015-01-11,274.608,279.638,265.039,265.66,265.66,18200800
2015-01-12,266.146,272.203,265.20001,267.79599,267.79599,18880300
2015-01-13,267.39401,268.27701,219.90601,225.86099,225.86099,72843904
2015-01-14,223.894,223.894,171.51,178.103,178.103,97638704
2015-01-15,176.897,229.067,176.897,209.84399,209.84399,81773504
2015-01-16,209.07001,221.591,199.771,208.097,208.097,38421000
2015-01-17,207.834,211.731,194.875,199.26,199.26,23469700
2015-01-18,200.05,218.69501,194.506,210.339,210.339,30085100
2015-01-19,211.47099,216.728,207.31799,214.86099,214.86099,18658300
2015-01-20,212.907,215.241,205.153,211.315,211.315,24051100
2015-01-21,211.37801,227.78799,211.21201,226.897,226.897,29924600
2015-01-22,227.32201,237.019,226.43401,233.40601,233.40601,33544600
2015-01-23,233.517,234.845,225.196,232.879,232.879,24621700
2015-01-24,232.7,248.21001,230.022,247.847,247.847,24782500
2015-01-25,247.352,255.074,243.89,253.718,253.718,33582700
2015-01-26,254.07899,309.384,254.07899,273.47299,273.47299,106794000
2015-01-27,273.16699,275.48001,250.653,263.47501,263.47501,44399000
2015-01-28,263.35101,266.535,227.04601,233.91499,233.91499,44352200
2015-01-29,233.34801,238.70599,220.71201,233.513,233.513,32213400
2015-01-30,232.772,242.851,225.839,226.425,226.425,26605200
2015-01-31,226.44099,233.504,216.30901,217.464,217.464,23348200
2015-02-01,216.867,231.574,212.015,226.972,226.972,29128500
2015-02-02,226.491,242.175,222.659,238.229,238.229,30612100
2015-02-03,237.45399,245.957,224.483,227.268,227.268,40783700
2015-02-04,227.511,230.058,221.11301,226.853,226.853,26594300
2015-02-05,227.66499,239.405,214.72501,217.11099,217.11099,22516400
2015-02-06,216.923,230.51,216.232,222.26601,222.26601,24435300
2015-02-07,222.633,230.299,222.607,227.754,227.754,21604200
2015-02-08,227.69299,229.438,221.077,223.412,223.412,17145200
2015-02-09,223.38901,223.977,217.019,220.11,220.11,27791300
2015-02-10,220.282,221.80701,215.332,219.839,219.839,21115100
2015-02-11,219.732,223.40601,218.074,219.185,219.185,17201900
2015-02-12,219.20799,222.199,217.614,221.76401,221.76401,15206200
2015-02-13,221.96899,240.259,221.26199,235.427,235.427,42744400
2015-02-14,235.528,259.80801,235.528,257.32101,257.32101,49732500
2015-02-15,257.50699,265.61099,227.68401,234.825,234.825,56552400
2015-02-16,234.825,239.521,229.022,233.843,233.843,28153700
2015-02-17,233.422,245.77499,232.314,243.61,243.61,27363100
2015-02-18,243.78,244.25101,232.34,236.326,236.326,25200800
2015-02-19,236.41,242.672,235.59199,240.28301,240.28301,18270500
2015-02-20,240.25101,247.101,239.299,243.77901,243.77901,23876700
2015-02-21,243.752,255.32001,243.18401,244.534,244.534,12284200
2015-02-22,244.54401,246.392,233.851,235.977,235.977,19527000
2015-02-23,235.99499,240.10899,232.42101,238.892,238.892,16400000
2015-02-24,238.998,239.901,236.40199,238.735,238.735,14200400
2015-02-25,238.89,239.34,235.53,237.47,237.47,11496200
2015-02-26,237.33701,237.71001,234.257,236.426,236.426,13619400
2015-02-27,236.436,256.65301,236.436,253.828,253.828,44013900
2015-02-28,253.52,254.692,249.479,254.263,254.263,13949300
2015-03-01,254.28301,261.66,245.933,260.202,260.202,25213700
2015-03-02,260.35699,276.301,258.31299,275.67001,275.67001,40465700
2015-03-03,275.04599,285.79599,268.16101,281.702,281.702,50461300
2015-03-04,281.98999,284.22501,268.12601,273.09201,273.09201,41383000
2015-03-05,272.73901,281.66699,264.76901,276.17801,276.17801,41302400
2015-03-06,275.60001,277.608,270.01502,272.72299,272.72299,28918900
2015-03-07,272.29401,277.854,270.133,276.26099,276.26099,17825900
2015-03-08,276.43301,277.858,272.565,274.354,274.354,22067900
2015-03-09,274.81201,292.70099,273.89301,289.60699,289.60699,59178200
2015-03-10,289.862,300.04401,289.74301,291.76001,291.76001,67770800
2015-03-11,291.52499,297.39099,290.508,296.379,296.379,33963900
2015-03-12,296.12701,297.08801,292.41299,294.354,294.354,32585200
2015-03-13,294.11801,294.49799,285.33701,285.33701,285.33701,31421500
2015-03-14,284.44199,286.34201,280.97601,281.88501,281.88501,22612300
2015-03-15,281.42499,286.52899,280.996,286.39301,286.39301,11970100
2015-03-16,285.685,294.112,285.685,290.59299,290.59299,21516100
2015-03-17,290.595,292.36499,284.37399,285.505,285.505,21497200
2015-03-18,285.06699,285.336,249.86999,256.29901,256.29901,57008000
2015-03-19,255.88001,264.24399,248.636,260.92801,260.92801,52732000
2015-03-20,260.95599,264.84799,259.16199,261.74899,261.74899,18456700
2015-03-21,261.64401,262.19601,255.64999,260.02499,260.02499,17130100
2015-03-22,259.91699,269.74701,259.59,267.95999,267.95999,18438100
2015-03-23,267.89499,277.297,261.745,266.73999,266.73999,22811900
2015-03-24,266.577,267.00299,244.155,245.595,245.595,40073700
2015-03-25,247.472,249.19,236.515,246.19701,246.19701,35866900
2015-03-26,246.276,254.354,244.905,248.532,248.532,25730000
2015-03-27,248.56599,256.81101,245.213,247.02901,247.02901,17274900
2015-03-28,246.97501,254.205,246.97501,252.798,252.798,16040900
2015-03-29,252.74,253.13901,240.85001,242.713,242.713,21699400
2015-03-30,242.879,249.242,239.214,247.526,247.526,23009600
2015-03-31,247.45399,248.73,242.739,244.224,244.224,22672000
2015-04-01,244.22301,247.541,241.16,247.272,247.272,22877200
2015-04-02,247.089,254.461,245.416,253.00501,253.00501,26272600
2015-04-03,253.074,256.043,251.879,254.32201,254.32201,23146600
2015-04-04,254.291,255.258,251.10001,253.69701,253.69701,12493500
2015-04-05,253.761,260.67499,251.942,260.59799,260.59799,19649200
2015-04-06,260.72101,261.798,254.575,255.492,255.492,20034200
2015-04-07,255.274,255.80499,252.205,253.17999,253.17999,18467400
2015-04-08,253.064,253.847,244.215,245.022,245.022,30086400
2015-04-09,244.75101,246.118,239.39999,243.676,243.676,21643500
2015-04-10,243.694,243.694,232.771,236.07201,236.07201,28882000
2015-04-11,236.01601,239.537,234.175,236.552,236.552,16365200
2015-04-12,236.535,237.728,233.49499,236.153,236.153,12387900
2015-04-13,235.95,236.935,221.996,224.58701,224.58701,31181800
2015-04-14,224.759,224.976,216.323,219.159,219.159,31719000
2015-04-15,219.073,223.83299,218.649,223.83299,223.83299,22562000
2015-04-16,223.91701,229.672,223.91701,228.573,228.573,24805400
2015-04-17,228.575,228.90601,221.942,222.882,222.882,20429800
2015-04-18,222.853,224.31599,220.87601,223.356,223.356,12939000
2015-04-19,223.45599,226.353,222.373,222.60001,222.60001,15021500
2015-04-20,222.612,226.351,221.977,224.62601,224.62601,18364700
2015-04-21,224.61999,235.269,224.301,235.269,235.269,24978000
2015-04-22,235.602,237.909,233.476,234.176,234.176,23847900
2015-04-23,234.05299,236.47501,233.199,236.46201,236.46201,17036000
2015-04-24,235.97,236.30499,229.933,231.268,231.268,21448700
2015-04-25,231.235,232.561,226.33701,226.39,226.39,13957200
2015-04-26,226.41,226.944,214.87399,219.42999,219.42999,28943700
2015-04-27,219.429,233.30499,218.023,229.286,229.286,38574000
2015-04-28,228.96899,229.49499,223.069,225.855,225.855,21469200
2015-04-29,225.591,227.03999,223.42999,225.808,225.808,18936500
2015-04-30,225.69299,239.563,224.993,236.145,236.145,33818600
2015-05-01,235.939,238.966,232.07899,232.07899,232.07899,18815300
2015-05-02,232.341,235.727,232.341,234.92999,234.92999,12535500
2015-05-03,234.88001,243.24,234.08299,240.358,240.358,18494100
2015-05-04,240.356,242.638,237.81,239.018,239.018,21223400
2015-05-05,238.852,239.20399,232.054,236.121,236.121,23929100
2015-05-06,236.24899,236.45399,229.231,229.782,229.782,29587200
2015-05-07,229.662,239.105,228.573,237.334,237.334,29064400
2015-05-08,237.20399,246.27499,236.274,243.86301,243.86301,27445500
2015-05-09,243.769,247.804,239.63901,241.832,241.832,19790500
2015-05-10,241.729,244.06799,238.849,240.29601,240.29601,15019100
2015-05-11,240.299,244.27,239.37601,242.15801,242.15801,20892300
2015-05-12,242.145,242.881,240.099,241.112,241.112,19282600
2015-05-13,241.398,243.70399,235.045,236.377,236.377,27180100
2015-05-14,236.214,237.799,234.05701,236.929,236.929,24413700
2015-05-15,236.955,238.75301,236.795,237.605,237.605,16329400
2015-05-16,237.644,237.69701,235.295,236.153,236.153,11089700
2015-05-17,236.01,238.02499,236.01,236.802,236.802,11134300
2015-05-18,236.88699,237.21001,232.46001,233.12801,233.12801,16780300
2015-05-19,233.037,234.151,231.817,231.94701,231.94701,14241900
2015-05-20,231.89,234.683,231.84199,234.018,234.018,15499400
2015-05-21,234.01601,236.242,233.83501,235.34399,235.34399,15108900
2015-05-22,235.321,240.96899,235.06,240.34801,240.34801,27003000
2015-05-23,240.286,241.02499,238.69099,238.87199,238.87199,14605000
2015-05-24,238.976,241.978,238.811,240.953,240.953,11508000
2015-05-25,240.927,241.021,236.63699,237.11,237.11,14423900
2015-05-26,237.104,238.242,235.692,237.116,237.116,16425000
2015-05-27,237.065,238.636,236.69501,237.28301,237.28301,18837000
2015-05-28,237.257,237.824,236.65199,237.40801,237.40801,13829600
2015-05-29,237.377,237.522,235.731,237.09599,237.09599,14805000
2015-05-30,237.09199,237.093,232.04601,233.345,233.345,14098600
2015-05-31,233.135,233.252,229.54201,230.19,230.19,14730800
2015-06-01,230.233,231.713,221.29601,222.926,222.926,26090500
2015-06-02,222.894,226.416,222.41901,225.80299,225.80299,20459000
2015-06-03,225.73599,227.40401,223.92999,225.87399,225.87399,17752400
2015-06-04,225.772,226.58099,224.054,224.324,224.324,14728100
2015-06-05,224.15401,225.968,223.179,224.952,224.952,18056500
2015-06-06,225.00501,225.71899,224.379,225.619,225.619,11131500
2015-06-07,225.59599,226.194,222.65199,222.881,222.881,13318400
2015-06-08,222.879,229.464,222.839,228.489,228.489,23378400
2015-06-09,228.53799,230.95399,227.929,229.048,229.048,28353100
2015-06-10,228.99499,229.782,228.01,228.80299,228.80299,15904800
2015-06-11,228.855,230.287,228.767,229.705,229.705,14416000
2015-06-12,229.705,231.05701,229.313,229.982,229.982,14017700
2015-06-13,229.92,232.65199,229.21001,232.40199,232.40199,13305300
2015-06-14,232.442,234.858,232.004,233.543,233.543,12165900
2015-06-15,233.422,237.836,233.422,236.823,236.823,19912100
2015-06-16,236.765,251.742,236.12199,250.895,250.895,41612000
2015-06-17,250.823,256.853,246.476,249.284,249.284,43858400
2015-06-18,249.42799,252.108,244.127,249.007,249.007,30980200
2015-06-19,249.043,250.977,243.787,244.606,244.606,23965300
2015-06-20,244.53,245.828,240.627,245.21201,245.21201,20608100
2015-06-21,245.10001,245.224,241.882,243.944,243.944,10600900
2015-06-22,243.96899,247.91701,243.77901,246.99,246.99,17692500
2015-06-23,246.927,247.304,243.133,244.29601,244.29601,15108700
2015-06-24,244.282,244.341,240.515,240.515,240.515,17344900
2015-06-25,240.365,243.332,240.365,242.799,242.799,16133100
2015-06-26,242.604,243.74899,241.55299,243.59399,243.59399,13983500
2015-06-27,243.549,251.339,243.117,250.99,250.99,20488600
2015-06-28,250.955,251.172,247.43401,249.011,249.011,15137600
2015-06-29,248.72099,257.173,248.58099,257.06399,257.06399,34742900
2015-06-30,257.03601,267.867,255.946,263.07199,263.07199,44533800
2015-07-01,263.345,265.172,255.774,258.621,258.621,27029800
2015-07-02,258.552,261.63101,254.116,255.412,255.412,21551900
2015-07-03,255.459,257.077,253.50501,256.336,256.336,19033800
2015-07-04,256.491,261.457,254.2,260.88599,260.88599,15620400
2015-07-05,260.80499,274.50601,258.70099,271.91299,271.91299,44156100
2015-07-06,271.108,277.422,267.60001,269.03,269.03,49154800
2015-07-07,269.96301,271.341,264.832,266.207,266.207,28857600
2015-07-08,265.98199,272.97101,264.38599,270.785,270.785,36980200
2015-07-09,270.827,272.33499,267.086,269.228,269.228,40301200
2015-07-10,269.15601,294.591,268.802,284.89401,284.89401,100390000
2015-07-11,284.88,298.50601,283.53,293.11499,293.11499,41109900
2015-07-12,293.14002,314.39401,292.505,310.867,310.867,56405000
2015-07-13,310.827,310.948,281.01099,292.05399,292.05399,62053900
2015-07-14,292.034,296.147,286.638,287.46399,287.46399,28727200
2015-07-15,288.04501,293.24799,285.367,285.82901,285.82901,27486600
2015-07-16,286.04199,291.18301,275.23999,278.08899,278.08899,49482600
2015-07-17,278.091,280.28,272.043,279.47199,279.47199,27591400
2015-07-18,279.33099,282.52701,274.07501,274.901,274.901,25187100
2015-07-19,274.767,275.67001,272.513,273.61401,273.61401,15332500
2015-07-20,273.49899,278.98099,272.95999,278.98099,278.98099,22711400
2015-07-21,278.88199,280.547,275.41901,275.83301,275.83301,22930700
2015-07-22,275.65701,277.66598,274.38101,277.22199,277.22199,19389800
2015-07-23,277.341,278.11099,275.716,276.04901,276.04901,18531300
2015-07-24,276.005,289.25299,275.254,288.27801,288.27801,37199400
2015-07-25,288.164,290.733,286.00201,288.69699,288.69699,20662200
2015-07-26,288.64002,293.052,287.70599,292.68601,292.68601,16032300
2015-07-27,292.63901,297.77399,287.45001,293.62399,293.62399,30592000
2015-07-28,293.633,296.64899,293.423,294.427,294.427,25453600
2015-07-29,294.48401,294.53601,288.77701,289.59,289.59,24672600
2015-07-30,289.103,290.12601,286.56799,287.72199,287.72199,21635800
2015-07-31,287.69601,288.95902,282.34399,284.64999,284.64999,23629100
2015-08-01,284.68601,284.93201,278.112,281.60101,281.60101,18995000
2015-08-02,280.449,283.03201,277.52899,282.61401,282.61401,17722200
2015-08-03,282.806,285.47101,280.233,281.22699,281.22699,21474100
2015-08-04,281.22501,285.715,281.22501,285.21799,285.21799,21908700
2015-08-05,284.84699,285.50101,281.48801,281.88199,281.88199,20128000
2015-08-06,281.90601,281.90601,278.40301,278.577,278.577,18792100
2015-08-07,278.741,280.392,276.366,279.58499,279.58499,42484800
2015-08-08,279.742,279.92801,260.70999,260.99701,260.99701,58533000
2015-08-09,261.116,267.00299,260.46799,265.08301,265.08301,23789600
2015-08-10,265.478,267.03201,262.59601,264.47,264.47,20979400
2015-08-11,264.34201,270.38599,264.09399,270.38599,270.38599,25433900
2015-08-12,270.59799,270.673,265.46899,266.37601,266.37601,26815400
2015-08-13,266.18301,266.23199,262.841,264.07999,264.07999,27685500
2015-08-14,264.13199,267.466,261.478,265.67999,265.67999,27091200
2015-08-15,265.52899,266.66699,261.29599,261.551,261.551,19321100
2015-08-16,261.866,262.44,257.04098,258.50699,258.50699,29717000
2015-08-17,258.48999,260.505,257.117,257.97601,257.97601,21617900
2015-08-18,257.926,257.99301,211.07899,211.07899,211.07899,42147200
2015-08-19,225.67101,237.409,222.76601,226.68401,226.68401,60869200
2015-08-20,226.899,237.365,226.899,235.35001,235.35001,32275000
2015-08-21,235.355,236.43201,231.724,232.569,232.569,23173800
2015-08-22,232.662,234.957,222.70399,230.39,230.39,23205900
2015-08-23,230.37601,232.705,225.58,228.16901,228.16901,18406600
2015-08-24,228.112,228.13901,210.44299,210.49499,210.49499,59220700
2015-08-25,210.06799,226.321,199.567,221.60899,221.60899,61089200
2015-08-26,222.076,231.183,220.20399,225.83099,225.83099,31808000
2015-08-27,226.05,228.643,223.68401,224.769,224.769,21905400
2015-08-28,224.701,235.21899,220.926,231.396,231.396,31336600
2015-08-29,231.549,233.222,227.33,229.78,229.78,17142500
2015-08-30,229.895,232.06799,226.24699,228.761,228.761,19412600
2015-08-31,229.114,231.95599,225.91499,230.056,230.056,20710700
2015-09-01,230.256,231.216,226.86,228.121,228.121,20575200
2015-09-02,228.02699,230.577,226.47501,229.284,229.284,18760400
2015-09-03,229.324,229.605,226.66701,227.183,227.183,17482000
2015-09-04,227.215,230.89999,227.051,230.298,230.298,20962400
2015-09-05,230.199,236.143,229.44299,235.019,235.019,20671400
2015-09-06,234.86999,242.912,234.681,239.84,239.84,25473700
2015-09-07,239.93401,242.106,238.722,239.847,239.847,21192200
2015-09-08,239.84599,245.78101,239.67799,243.607,243.607,26879200
2015-09-09,243.41499,244.416,237.821,238.168,238.168,23635700
2015-09-10,238.336,241.293,235.791,238.477,238.477,21215500
2015-09-11,238.32899,241.16901,238.32899,240.107,240.107,19224700
2015-09-12,239.855,240.12399,234.754,235.229,235.229,17962600
2015-09-13,235.242,235.935,229.332,230.51199,230.51199,18478800
2015-09-14,230.60899,232.44,227.961,230.644,230.644,20997800
2015-09-15,230.492,259.18201,229.82201,230.304,230.304,19177800
2015-09-16,230.25,231.215,227.40199,229.091,229.091,20144200
2015-09-17,229.076,230.285,228.926,229.81,229.81,18935400
2015-09-18,233.521,234.353,232.185,232.97501,232.97501,20242200
2015-09-19,232.858,233.205,231.089,231.493,231.493,12712600
2015-09-20,231.399,232.365,230.91,231.21201,231.21201,14444700
2015-09-21,231.21699,231.21699,226.521,227.08501,227.08501,19678800
2015-09-22,226.96899,232.386,225.117,230.618,230.618,25009300
2015-09-23,230.936,231.83501,229.591,230.28301,230.28301,17254100
2015-09-24,230.358,235.649,230.295,234.52901,234.52901,25097800
2015-09-25,234.362,237.427,233.68401,235.144,235.144,22363600
2015-09-26,235.076,235.403,233.358,234.34,234.34,13724100
2015-09-27,234.13901,234.526,232.476,232.757,232.757,14179900
2015-09-28,232.836,239.339,232.46699,239.142,239.142,24713000
2015-09-29,239.01601,239.802,235.92799,236.687,236.687,22691300
2015-09-30,236.64,237.73399,235.629,236.06,236.06,19743500
2015-10-01,236.004,238.44501,235.616,237.549,237.549,20488800
2015-10-02,237.26401,238.541,236.603,237.293,237.293,19677900
2015-10-03,237.202,239.315,236.944,238.73,238.73,16482700
2015-10-04,238.53101,238.968,237.94,238.259,238.259,12999000
2015-10-05,238.147,240.383,237.035,240.383,240.383,23335900
2015-10-06,240.364,246.935,240.136,246.063,246.063,27535100
2015-10-07,246.17,246.681,242.58501,242.96899,242.96899,22999200
2015-10-08,243.075,244.25101,242.179,242.304,242.304,18515300
2015-10-09,242.498,244.228,242.12199,243.931,243.931,17353100
2015-10-10,243.74,245.319,243.074,244.94099,244.94099,15912700
2015-10-11,244.742,247.243,244.15199,247.05,247.05,16827300
2015-10-12,246.875,247.45399,245.179,245.308,245.308,17388300
2015-10-13,245.2,250.23599,243.757,249.508,249.508,28198500
2015-10-14,249.493,254.27499,248.903,251.989,251.989,27462600
2015-10-15,252.107,255.96201,252.04601,254.32001,254.32001,25223500
2015-10-16,254.29601,266.13501,253.926,262.86899,262.86899,35901500
2015-10-17,262.74701,273.578,262.367,270.64002,270.64002,43199600
2015-10-18,270.90701,271.668,260.77701,261.64301,261.64301,22434300
2015-10-19,261.86099,264.82001,260.95099,263.43701,263.43701,25258800
2015-10-20,263.57199,270.83499,263.22699,269.46301,269.46301,30889800
2015-10-21,269.306,270.76999,263.83899,266.272,266.272,25637300
2015-10-22,266.496,276.51001,266.13501,274.02301,274.02301,37808600
2015-10-23,273.64899,278.68399,273.543,276.496,276.496,29442500
2015-10-24,276.504,281.70599,276.504,281.65399,281.65399,25942400
2015-10-25,281.44501,294.05899,281.44501,283.67999,283.67999,45717100
2015-10-26,283.62799,285.29999,280.51001,285.29999,285.29999,32108800
2015-10-27,285.181,296.21201,285.008,293.78799,293.78799,46331800
2015-10-28,293.703,306.33099,293.703,304.61801,304.61801,50808100
2015-10-29,304.324,318.17001,301.823,313.85501,313.85501,64495900
2015-10-30,313.94299,334.16901,313.94,328.01502,328.01502,78305000
2015-10-31,328.51199,332.77701,309.25101,314.16598,314.16598,48598100
2015-11-01,315.005,327.47199,311.88101,325.431,325.431,37001100
2015-11-02,325.94199,365.35998,323.20902,361.18899,361.18899,101918000
2015-11-03,361.87299,417.89999,357.647,403.41699,403.41699,206162000
2015-11-04,403.664,495.56201,380.548,411.56299,411.56299,263900000
2015-11-05,408.077,447.56101,374.58099,386.354,386.354,151824992
2015-11-06,388.047,395.836,354.02499,374.47,374.47,122687000
2015-11-07,374.26901,390.586,372.43301,386.48199,386.48199,56625100
2015-11-08,384.27801,389.89499,368.70001,373.36801,373.36801,51817600
2015-11-09,374.324,385.27801,362.89499,380.25699,380.25699,68224400
2015-11-10,379.98401,381.38699,329.108,336.819,336.819,95797904
2015-11-11,339.82001,340.58499,300.99701,311.08402,311.08402,107070000
2015-11-12,314.07901,345.08099,313.35599,338.15201,338.15201,78477800
2015-11-13,338.49799,340.914,326.07501,336.75299,336.75299,52003000
2015-11-14,336.62399,338.181,329.97,332.90601,332.90601,38612000
2015-11-15,333.051,334.66199,317.48999,320.16598,320.16598,44213100
2015-11-16,319.73498,331.62601,315.905,330.75101,330.75101,47980100
2015-11-17,330.362,338.35001,329.61401,335.09399,335.09399,51001600
2015-11-18,334.59299,336.53101,330.64002,334.59,334.59,43783800
2015-11-19,334.67899,335.33402,325.27301,326.14899,326.14899,45011100
2015-11-20,326.41101,326.47299,312.21701,322.022,322.022,53152900
2015-11-21,322.09201,328.159,319.595,326.927,326.927,28200500
2015-11-22,326.97501,327.01001,321.259,324.53601,324.53601,23439400
2015-11-23,324.35001,325.11801,321.29001,323.04599,323.04599,27478900
2015-11-24,323.01401,323.05801,318.11801,320.04599,320.04599,29362600
2015-11-25,320.04501,329.134,316.76999,328.20599,328.20599,41666900
2015-11-26,328.30301,366.75699,328.229,352.68399,352.68399,106105000
2015-11-27,351.86099,363.58899,347.87,358.04199,358.04199,55179100
2015-11-28,357.14099,359.53601,352.172,357.38101,357.38101,36816600
2015-11-29,357.47199,371.93899,355.66598,371.29401,371.29401,40409300
2015-11-30,371.43701,382.36301,370.383,377.32101,377.32101,71701600
2015-12-01,377.414,378.931,356.56299,362.48801,362.48801,60452200
2015-12-02,361.845,362.23199,349.465,359.18701,359.18701,54160500
2015-12-03,359.33099,370.27499,357.41199,361.04599,361.04599,50714900
2015-12-04,361.26199,363.51599,355.75699,363.18301,363.18301,35784100
2015-12-05,363.72101,389.785,363.229,388.949,388.949,66282200
2015-12-06,389.55499,402.80899,387.08899,388.78299,388.78299,77762000
2015-12-07,389.978,399.96899,385.41101,395.53601,395.53601,63455800
2015-12-08,395.754,415.56299,389.95001,415.56299,415.56299,57801400
2015-12-09,414.44101,423.12,406.29098,417.56299,417.56299,90917200
2015-12-10,417.98801,419.509,411.548,415.479,415.479,52138900
2015-12-11,415.28101,451.93799,415.28101,451.93799,451.93799,110944000
2015-12-12,452.33499,469.103,410.741,434.99701,434.99701,131969000
2015-12-13,431.66,441.67999,426.26801,433.755,433.755,55050600
2015-12-14,433.272,447.142,430.45599,444.18201,444.18201,130496000
2015-12-15,443.87799,465.32101,443.87799,465.32101,465.32101,83121104
2015-12-16,465.20801,465.20801,443.85101,454.93399,454.93399,107944000
2015-12-17,454.77701,457.85998,448.858,456.078,456.078,47978400
2015-12-18,455.84699,465.177,454.94,463.616,463.616,60220100
2015-12-19,463.552,465.58099,456.76502,462.32199,462.32199,47892700
2015-12-20,462.23401,462.64499,434.33801,442.685,442.685,75409400
2015-12-21,442.83801,444.729,427.31201,438.63901,438.63901,77639696
2015-12-22,437.43601,443.68799,435.51599,436.57199,436.57199,50840400
2015-12-23,436.72,444.52899,436.61899,442.401,442.401,47161400
2015-12-24,443.091,458.45599,443.077,454.98498,454.98498,57157200
2015-12-25,454.85501,458.30499,452.07501,455.65301,455.65301,39078500
2015-12-26,455.75601,457.48901,405.76001,417.27399,417.27399,116166000
2015-12-27,416.51401,424.00699,408.883,422.823,422.823,53591200
2015-12-28,423.34299,429.76901,418.48099,422.27899,422.27899,49638600
2015-12-29,422.09799,432.983,420.62701,432.983,432.983,51596500
2015-12-30,433.29999,434.38699,422.08402,426.62,426.62,46889400
2015-12-31,425.875,432.92099,418.73498,430.56699,430.56699,45996600
2016-01-01,430.72101,436.246,427.51502,434.33402,434.33402,36278900
2016-01-02,434.62201,436.06201,431.87,433.43799,433.43799,30096600
2016-01-03,433.578,433.74301,424.70599,430.01099,430.01099,39633800
2016-01-04,430.06101,434.517,429.08402,433.091,433.091,38477500
2016-01-05,433.069,434.18201,429.676,431.95999,431.95999,34522600
2016-01-06,431.85599,431.85599,426.341,429.10501,429.10501,34042500
2016-01-07,430.01099,458.76599,429.077,458.048,458.048,87562200
2016-01-08,457.53799,462.93399,447.93799,453.23001,453.23001,56993000
2016-01-09,453.383,454.64002,446.88901,447.61099,447.61099,32278000
2016-01-10,448.23801,448.30899,440.35101,447.991,447.991,35995900
2016-01-11,448.698,450.66199,443.85501,448.42801,448.42801,40450000
2016-01-12,448.18201,448.18201,435.69,435.69,435.69,115607000
2016-01-13,434.66501,435.18601,424.44299,432.371,432.371,173888000
2016-01-14,432.28799,433.324,427.845,430.306,430.306,43945500
2016-01-15,430.255,430.255,364.33099,364.33099,364.33099,153351008
2016-01-16,365.073,390.55701,354.914,387.53601,387.53601,120352000
2016-01-17,387.15201,390.965,380.09201,382.29901,382.29901,45319600
2016-01-18,381.733,388.104,376.66501,387.168,387.168,54403900
2016-01-19,387.026,387.73001,378.97199,380.14899,380.14899,46819800
2016-01-20,379.73999,425.267,376.599,420.23001,420.23001,121720000
2016-01-21,419.63199,422.87701,406.29999,410.26199,410.26199,68338000
2016-01-22,409.75101,410.41,375.28201,382.492,382.492,91546600
2016-01-23,382.43399,394.543,381.98099,387.491,387.491,56247400
2016-01-24,388.10199,405.48498,387.51001,402.97101,402.97101,54824800
2016-01-25,402.31699,402.31699,388.55399,391.72601,391.72601,59062400
2016-01-26,392.00201,397.76599,390.57501,392.15301,392.15301,58147000
2016-01-27,392.444,396.84299,391.78201,394.97199,394.97199,47424400
2016-01-28,395.146,395.50201,379.73498,380.289,380.289,59247900
2016-01-29,380.108,384.379,365.452,379.474,379.474,86125296
2016-01-30,378.86499,380.91699,376.491,378.255,378.255,30284400
2016-01-31,378.293,380.34699,367.83499,368.767,368.767,37894300
2016-02-01,369.35001,378.07199,367.957,373.056,373.056,51656700
2016-02-02,372.92001,375.883,372.92001,374.448,374.448,40378700
2016-02-03,374.646,374.95001,368.04501,369.949,369.949,45933400
2016-02-04,370.17401,391.608,369.99301,389.59399,389.59399,69285504
2016-02-05,388.89801,391.09399,385.57199,386.54901,386.54901,43825000
2016-02-06,386.58899,386.63101,372.38699,376.522,376.522,49249300
2016-02-07,376.51401,380.871,374.90301,376.62,376.62,37076300
2016-02-08,376.75699,379.879,373.33402,373.44699,373.44699,47671100
2016-02-09,373.423,377.246,372.89801,376.02899,376.02899,55318500
2016-02-10,376.146,385.483,375.78299,381.64899,381.64899,85130896
2016-02-11,382.11401,383.13,376.39899,379.65399,379.65399,74375600
2016-02-12,379.68601,384.95401,379.60001,384.263,384.263,67042800
2016-02-13,384.64099,391.85998,384.64099,391.85998,391.85998,61911700
2016-02-14,392.93201,407.23001,392.93201,407.23001,407.23001,74469800
2016-02-15,407.56799,410.38101,397.74899,400.185,400.185,74070496
2016-02-16,401.43201,408.94501,401.43201,407.48801,407.48801,73093104
2016-02-17,407.65601,421.16699,406.784,416.32199,416.32199,83193600
2016-02-18,416.57199,425.996,415.638,422.37299,422.37299,76752600
2016-02-19,422.73001,423.104,417.604,420.785,420.785,55711300
2016-02-20,421.60101,441.98401,421.60101,437.164,437.164,93992096
2016-02-21,437.77301,448.04599,429.077,438.798,438.798,89820704
2016-02-22,438.98901,439.04501,432.91699,437.74799,437.74799,85385200
2016-02-23,438.255,439.858,417.82101,420.73599,420.73599,85244896
2016-02-24,420.95599,425.54999,413.90701,424.95499,424.95499,67743696
2016-02-25,425.03699,427.71899,420.41501,424.54401,424.54401,70798000
2016-02-26,424.629,432.15201,421.62,432.15201,432.15201,61486000
2016-02-27,432.83899,434.23099,428.103,432.51901,432.51901,41893600
2016-02-28,432.57101,435.68301,423.82001,433.504,433.504,53033400
2016-02-29,433.43799,441.50699,431.69299,437.69699,437.69699,60694700
2016-03-01,437.91699,439.65301,432.319,435.12299,435.12299,74895800
2016-03-02,435.13101,435.91699,423.98901,423.98901,423.98901,74955296
2016-03-03,423.91199,425.37299,419.41101,421.651,421.651,100484000
2016-03-04,421.836,425.17801,410.93899,410.93899,410.93899,90856096
2016-03-05,410.78101,411.25699,394.035,400.57001,400.57001,135384992
2016-03-06,400.52499,411.90701,395.77801,407.707,407.707,91212496
2016-03-07,407.75699,415.91699,406.30899,414.32101,414.32101,85762400
2016-03-08,414.465,416.24301,411.09399,413.97199,413.97199,70311696
2016-03-09,413.89401,416.03201,411.60599,414.85998,414.85998,70012304
2016-03-10,414.74399,417.51199,413.25101,417.13101,417.13101,81022896
2016-03-11,417.23801,423.926,417.013,421.69,421.69,73969696
2016-03-12,421.60501,421.79501,410.09399,411.62399,411.62399,92712896
2016-03-13,411.64801,416.604,411.642,414.065,414.065,74322800
2016-03-14,414.20099,416.68399,414.20099,416.43799,416.43799,95259400
2016-03-15,416.388,418.13101,414.98498,416.82999,416.82999,66781700
2016-03-16,416.888,417.68601,415.91199,417.01099,417.01099,65185800
2016-03-17,417.88901,420.99701,417.88901,420.621,420.621,83528600
2016-03-18,420.547,420.547,406.13699,409.548,409.548,104940000
2016-03-19,409.26502,410.98401,407.23001,410.444,410.444,58423000
2016-03-20,410.401,414.625,410.401,413.755,413.755,45947900
2016-03-21,413.418,413.418,410.38101,413.30701,413.30701,61655400
2016-03-22,413.13199,418.375,412.53101,418.08899,418.08899,66813300
2016-03-23,418.16101,419.26801,417.36401,418.04098,418.04098,61444200
2016-03-24,418.42401,418.67999,415.48599,416.39401,416.39401,68346704
2016-03-25,416.508,418.07999,415.55801,417.177,417.177,52560000
2016-03-26,417.36499,418.987,416.259,417.94501,417.94501,44650400
2016-03-27,418.14002,428.797,417.711,426.76502,426.76502,71229400
2016-03-28,426.548,426.85699,423.293,424.23099,424.23099,68522800
2016-03-29,424.30399,426.203,412.681,416.51599,416.51599,75411504
2016-03-30,416.83402,416.83402,412.496,414.81601,414.81601,66034100
2016-03-31,415.25699,418.36899,415.25699,416.729,416.729,60215200
2016-04-01,416.76001,418.173,415.83099,417.95999,417.95999,51235700
2016-04-02,418.422,422.08099,418.422,420.87299,420.87299,45681200
2016-04-03,421.173,421.57999,419.69699,420.90399,420.90399,38053700
2016-04-04,421.29901,422.34299,419.60101,421.444,421.444,50634300
2016-04-05,421.017,424.25699,420.61401,424.03,424.03,60718000
2016-04-06,424.284,424.52701,422.729,423.41299,423.41299,59091000
2016-04-07,423.62,423.65701,420.51801,422.745,422.745,57858600
2016-04-08,422.90701,425.36099,419.63501,420.349,420.349,63454700
2016-04-09,420.81101,420.89099,416.51502,419.41101,419.41101,49792700
2016-04-10,419.59201,422.435,419.25699,421.56399,421.56399,73478600
2016-04-11,421.87201,422.73901,420.53299,422.483,422.483,50747500
2016-04-12,422.84299,427.27701,422.84299,425.19,425.19,70728800
2016-04-13,425.63199,426.65799,422.91598,423.73401,423.73401,69060400
2016-04-14,423.935,425.371,423.013,424.28201,424.28201,45281000
2016-04-15,424.427,429.92801,424.427,429.71301,429.71301,54801500
2016-04-16,429.57501,432.625,428.98401,430.57199,430.57199,39392800
2016-04-17,430.63599,431.371,426.07901,427.39899,427.39899,52125900
2016-04-18,427.61099,429.27399,427.086,428.591,428.591,55670900
2016-04-19,428.703,436.01999,428.104,435.509,435.509,52810500
2016-04-20,435.324,443.05399,434.40601,441.38901,441.38901,72890096
2016-04-21,441.41598,450.548,440.952,449.42499,449.42499,68204704
2016-04-22,449.68799,449.81,444.14999,445.737,445.737,58804400
2016-04-23,445.86099,450.28201,444.33099,450.28201,450.28201,50485400
2016-04-24,450.56,460.146,448.92801,458.55499,458.55499,68198400
2016-04-25,459.121,466.62,453.59201,461.426,461.426,87091800
2016-04-26,461.64801,467.965,461.621,466.08899,466.08899,78971904
2016-04-27,466.26199,467.07901,444.134,444.68701,444.68701,93564896
2016-04-28,445.03799,449.551,436.64999,449.01099,449.01099,74064704
2016-04-29,449.40799,455.384,446.017,455.09699,455.09699,49258500
2016-04-30,455.17801,455.58701,447.69699,448.31799,448.31799,69322600
2016-05-01,448.48401,452.479,447.927,451.875,451.875,40660100
2016-05-02,451.93301,452.44501,441.776,444.66901,444.66901,92127000
2016-05-03,444.72699,451.09699,442.617,450.30399,450.30399,59366400
2016-05-04,450.18301,450.37799,445.63,446.72199,446.72199,50407300
2016-05-05,446.711,448.50601,445.883,447.97601,447.97601,50440800
2016-05-06,447.94199,461.375,447.06799,459.603,459.603,72796800
2016-05-07,459.63901,460.67499,457.324,458.53601,458.53601,38364500
2016-05-08,458.42899,459.41699,455.983,458.548,458.548,40315000
2016-05-09,458.20599,462.48099,456.53101,460.483,460.483,55493100
2016-05-10,460.51801,461.92899,448.95401,450.89499,450.89499,58956100
2016-05-11,450.86401,454.57599,450.86401,452.728,452.728,50605200
2016-05-12,452.44699,454.949,449.25,454.76599,454.76599,59849300
2016-05-13,454.85001,457.05499,453.453,455.67001,455.67001,60845000
2016-05-14,455.823,456.836,454.78601,455.67099,455.67099,37209000
2016-05-15,455.759,458.69199,455.45902,457.56799,457.56799,28514000
2016-05-16,457.586,458.20001,452.94501,454.16299,454.16299,59171500
2016-05-17,454.009,455.07199,453.60501,453.78299,453.78299,64100300
2016-05-18,453.69101,455.99799,453.29901,454.61899,454.61899,86850096
2016-05-19,454.52399,454.633,438.715,438.715,438.715,96027400
2016-05-20,437.793,444.05399,437.38901,442.676,442.676,81987904
2016-05-21,442.966,443.77801,441.70599,443.18799,443.18799,42762300
2016-05-22,443.21799,443.427,439.035,439.323,439.323,39657600
2016-05-23,439.34799,444.345,438.823,444.155,444.155,50582500
2016-05-24,444.29098,447.10001,443.92999,445.98099,445.98099,65783100
2016-05-25,446.06201,450.298,446.06201,449.599,449.599,65231000
2016-05-26,449.672,453.64401,447.896,453.384,453.384,65203800
2016-05-27,453.521,478.14899,453.521,473.46399,473.46399,164780992
2016-05-28,473.02899,533.47302,472.699,530.03998,530.03998,181199008
2016-05-29,527.47699,553.96002,512.17902,526.23297,526.23297,148736992
2016-05-30,528.47101,544.349,522.96301,533.86401,533.86401,87958704
2016-05-31,534.19098,546.61798,520.66199,531.38599,531.38599,138450000
2016-06-01,531.10699,543.08002,525.63599,536.91998,536.91998,86061800
2016-06-02,536.51501,540.35199,533.078,537.97199,537.97199,60378200
2016-06-03,537.68201,574.638,536.91998,569.19397,569.19397,122020000
2016-06-04,569.70502,590.13202,564.23798,572.72699,572.72699,94925296
2016-06-05,573.30798,582.80798,569.17798,574.97699,574.97699,68874096
2016-06-06,574.60199,586.46997,574.60199,585.53699,585.53699,72138896
2016-06-07,585.44501,590.25897,567.51398,576.59699,576.59699,107770000
2016-06-08,577.16699,582.83899,573.13,581.64502,581.64502,80265800
2016-06-09,582.203,582.203,570.95099,574.63,574.63,71301000
2016-06-10,575.83698,579.12701,573.32501,577.46997,577.46997,66991900
2016-06-11,578.67401,607.11603,578.67401,606.72699,606.72699,82357000
2016-06-12,609.68402,684.84399,607.039,672.784,672.784,277084992
2016-06-13,671.65399,716.00403,664.487,704.37598,704.37598,243295008
2016-06-14,704.50403,704.50403,662.80402,685.55902,685.55902,186694000
2016-06-15,685.685,696.30298,672.56097,694.46899,694.46899,99223800
2016-06-16,696.52301,773.72199,696.52301,766.30798,766.30798,271633984
2016-06-17,768.487,775.35602,716.55603,748.909,748.909,363320992
2016-06-18,748.75598,777.98999,733.92902,756.22699,756.22699,252718000
2016-06-19,756.68799,766.62097,745.62799,763.78101,763.78101,136184992
2016-06-20,763.927,764.08398,732.72699,737.22601,737.22601,174511008
2016-06-21,735.883,735.883,639.07001,666.65198,666.65198,309944000
2016-06-22,665.91498,678.66998,587.48297,596.11603,596.11603,266392992
2016-06-23,597.44299,629.32703,558.13898,623.97699,623.97699,253462000
2016-06-24,625.57501,681.72699,625.27197,665.29901,665.29901,224316992
2016-06-25,665.28101,691.73102,646.55902,665.12299,665.12299,126656000
2016-06-26,665.93103,665.97998,616.93402,629.367,629.367,109225000
2016-06-27,629.349,655.27502,620.52399,655.27502,655.27502,122134000
2016-06-28,658.10199,659.24799,637.77301,647.00098,647.00098,138384992
2016-06-29,644.12201,644.68201,628.284,639.89001,639.89001,142456000
2016-06-30,640.591,675.40301,636.60797,673.33698,673.33698,138980000
2016-07-01,672.51501,686.15399,669.59399,676.29602,676.29602,134431008
2016-07-02,676.73401,703.70203,676.39899,703.70203,703.70203,112354000
2016-07-03,704.96802,704.96802,649.00897,658.664,658.664,129512000
2016-07-04,658.80402,683.66199,650.508,683.66199,683.66199,92008400
2016-07-05,683.20898,683.49103,665.06598,670.62701,670.62701,130476000
2016-07-06,670.41803,681.89801,670.41803,677.33099,677.33099,134960992
2016-07-07,678.09003,682.43201,611.83398,640.56201,640.56201,258091008
2016-07-08,640.68799,666.70697,636.46698,666.52301,666.52301,141970000
2016-07-09,666.38397,666.38397,633.39899,650.96002,650.96002,180536000
2016-07-10,650.599,652.29401,641.26398,649.35999,649.35999,102532000
2016-07-11,648.48401,659.62903,644.97998,647.659,647.659,107910000
2016-07-12,648.28302,675.25897,646.77899,664.55102,664.55102,138172992
2016-07-13,664.797,668.70001,654.46802,654.46802,654.46802,131449000
2016-07-14,652.92297,662.90198,652.92297,658.078,658.078,98511400
2016-07-15,659.17102,667.07703,659.03998,663.255,663.255,81673104
2016-07-16,663.78101,666.46002,659.33398,660.76703,660.76703,50330200
2016-07-17,661.99298,682.36499,661.99298,679.45898,679.45898,74407904
2016-07-18,679.80902,681.55499,668.625,673.10602,673.10602,69465000
2016-07-19,672.73798,673.27698,667.63202,672.86401,672.86401,61203300
2016-07-20,672.80603,672.92902,663.35999,665.685,665.685,94636400
2016-07-21,665.22803,666.21899,660.41498,665.01202,665.01202,60491800
2016-07-22,664.922,666.58301,646.72199,650.61902,650.61902,134169000
2016-07-23,650.72601,656.36603,648.52399,655.55603,655.55603,69532200
2016-07-24,655.40997,663.10999,652.79303,661.28497,661.28497,118184000
2016-07-25,661.263,661.828,653.39502,654.09699,654.09699,78176496
2016-07-26,654.22601,656.22498,645.87903,651.784,651.784,225135008
2016-07-27,651.62701,657.45599,648.44702,654.35199,654.35199,147460992
2016-07-28,654.492,657.59497,654.492,655.03497,655.03497,86428400
2016-07-29,655.11102,657.79602,654.78601,656.992,656.992,60703500
2016-07-30,657.01202,658.22302,654.20898,655.047,655.047,38456100
2016-07-31,655.09998,655.28497,624.36499,624.68103,624.68103,110818000
2016-08-01,624.60199,626.11902,605.88397,606.27197,606.27197,121887000
2016-08-02,606.39697,612.84802,531.33398,547.46503,547.46503,330932992
2016-08-03,548.65601,573.35999,541.547,566.35498,566.35498,207982000
2016-08-04,566.32898,579.49597,565.77698,578.289,578.289,125292000
2016-08-05,578.28101,578.28101,569.98199,575.04303,575.04303,66127900
2016-08-06,575.03003,588.396,569.46899,587.77801,587.77801,80797296
2016-08-07,587.771,597.513,586.81598,592.69,592.69,82398400
2016-08-08,592.73602,592.99402,588.047,591.05402,591.05402,61194100
2016-08-09,591.03802,591.091,584.79303,587.80102,587.80102,92228096
2016-08-10,587.64801,599.98401,586.37097,592.10303,592.10303,102905000
2016-08-11,592.12402,597.54199,589.12,589.12,589.12,74514400
2016-08-12,588.79797,589.90997,583.81097,587.55902,587.55902,69218000
2016-08-13,587.35699,589.77399,584.979,585.58801,585.58801,43563000
2016-08-14,585.58899,585.66602,564.78101,570.47302,570.47302,60851100
2016-08-15,570.49402,573.58002,563.23999,567.23999,567.23999,57262300
2016-08-16,567.24298,581.73798,566.716,577.43903,577.43903,58405200
2016-08-17,577.76099,580.89398,571.42999,573.216,573.216,54443000
2016-08-18,573.70697,577.79199,573.42999,574.31799,574.31799,59896600
2016-08-19,574.33899,578.23798,574.18201,575.63,575.63,50631600
2016-08-20,576.08398,582.81799,575.45697,581.69702,581.69702,45301400
2016-08-21,581.93903,584.15802,580.21802,581.30798,581.30798,38299400
2016-08-22,581.31097,588.448,580.59399,586.75299,586.75299,72844000
2016-08-23,586.771,589.474,581.63397,583.41498,583.41498,85349200
2016-08-24,583.41199,583.59003,579.85498,580.18201,580.18201,56328200
2016-08-25,580.17999,580.45099,575.16699,577.76099,577.76099,136130000
2016-08-26,577.75299,580.62299,576.85797,579.651,579.651,48856800
2016-08-27,579.45203,579.84497,568.63,569.94702,569.94702,59698300
2016-08-28,569.83002,574.03802,569.73999,573.91199,573.91199,86301600
2016-08-29,574.07098,576.27801,573.46503,574.10699,574.10699,110398000
2016-08-30,574.11401,578.35699,574.11401,577.50299,577.50299,70342400
2016-08-31,577.591,577.86102,573.64203,575.47199,575.47199,75840896
2016-09-01,575.54602,576.31097,571.81403,572.30298,572.30298,76923400
2016-09-02,572.40997,575.64301,570.81097,575.53699,575.53699,79910800
2016-09-03,575.55499,599.5,574.05603,598.21198,598.21198,159014000
2016-09-04,598.59003,611.83698,596.84802,608.63397,608.63397,97942896
2016-09-05,608.98999,609.05499,602.242,606.59003,606.59003,82446800
2016-09-06,606.50598,610.83002,605.091,610.43597,610.43597,78529104
2016-09-07,610.573,614.54498,608.513,614.54401,614.54401,75032400
2016-09-08,614.63501,628.77002,613.84399,626.31598,626.31598,86713000
2016-09-09,626.35199,626.83002,620.263,622.86102,622.86102,64550200
2016-09-10,622.927,625.09497,622.39502,623.50897,623.50897,45016800
2016-09-11,623.42401,628.81799,600.50598,606.71899,606.71899,73610800
2016-09-12,607.005,608.45898,605.41101,608.24298,608.24298,72812304
2016-09-13,608.02502,611.19299,606.92499,609.24103,609.24103,86920600
2016-09-14,608.841,611.95203,608.40997,610.68402,610.68402,47877700
2016-09-15,610.58801,611.086,607.15503,607.15503,607.15503,59464600
2016-09-16,607.24597,609.26099,606.73499,606.97302,606.97302,64963400
2016-09-17,607.21802,607.85999,605.19202,605.98401,605.98401,37140300
2016-09-18,606.28302,610.15802,605.85602,609.87402,609.87402,48679400
2016-09-19,609.87097,610.93201,608.27002,609.22699,609.22699,54796400
2016-09-20,609.25403,609.52502,607.93799,608.31201,608.31201,72710896
2016-09-21,603.58801,603.58801,595.883,597.14899,597.14899,82776200
2016-09-22,597.27899,598.487,596.21301,596.29797,596.29797,67085300
2016-09-23,596.19898,603.20502,595.78601,602.84198,602.84198,51067000
2016-09-24,602.961,604.58002,602.04498,602.625,602.625,35359500
2016-09-25,602.74902,603.38098,599.711,600.82599,600.82599,33977800
2016-09-26,600.80701,608.14301,600.349,608.04303,608.04303,59153800
2016-09-27,608.02197,608.24799,604.10999,606.16602,606.16602,49422400
2016-09-28,606.24298,606.59003,604.60699,604.72803,604.72803,48722600
2016-09-29,605.01898,606.82398,604.84802,605.69299,605.69299,55658600
2016-09-30,605.71503,609.73499,604.14203,609.73499,609.73499,56122400
2016-10-01,609.92902,615.237,609.92902,613.98297,613.98297,56357000
2016-10-02,613.948,614.005,609.68201,610.89203,610.89203,39249800
2016-10-03,610.96802,612.56799,610.45502,612.133,612.133,46798300
2016-10-04,612.052,612.05402,609.479,610.20398,610.20398,49801600
2016-10-05,610.21802,613.81403,609.617,612.51099,612.51099,68077504
2016-10-06,612.46997,613.81897,611.46899,613.021,613.021,56812100
2016-10-07,612.60797,617.91199,611.82098,617.12097,617.12097,64071400
2016-10-08,617.341,619.849,617.341,619.10797,619.10797,42345900
2016-10-09,619.172,619.198,616.60699,616.75201,616.75201,39243400
2016-10-10,616.82202,621.31799,616.19702,618.99402,618.99402,67481104
2016-10-11,619.23798,642.08002,618.5,641.07202,641.07202,103590000
2016-10-12,640.87097,641.33698,635.96503,636.19202,636.19202,92370200
2016-10-13,636.03003,638.83301,635.02899,636.78601,636.78601,61620700
2016-10-14,637.008,641.28497,637.008,640.37799,640.37799,58144600
2016-10-15,640.31097,642.10199,637.39001,638.646,638.646,39035400
2016-10-16,639.08301,642.89801,638.901,641.63098,641.63098,40298100
2016-10-17,641.81799,642.328,638.66302,639.19299,639.19299,58063600
2016-10-18,639.41101,640.73602,635.99597,637.96002,637.96002,65546700
2016-10-19,638.13397,638.87402,628.013,630.52002,630.52002,69381696
2016-10-20,630.66302,631.91699,628.258,630.85699,630.85699,56957300
2016-10-21,630.82501,634.09399,630.69397,632.828,632.828,55951000
2016-10-22,633.13599,658.19702,632.84998,657.29401,657.29401,78556496
2016-10-23,657.62097,661.12903,653.88599,657.07098,657.07098,54474600
2016-10-24,657.16101,657.25201,652.59497,653.76099,653.76099,62218200
2016-10-25,654.00201,664.42401,653.698,657.58801,657.58801,90378800
2016-10-26,657.67798,679.72803,657.67798,678.30402,678.30402,88877104
2016-10-27,678.21399,688.59399,678.03998,688.31299,688.31299,96105296
2016-10-28,688,690.44397,684.16199,689.651,689.651,81145504
2016-10-29,690.289,720.40198,690.052,714.479,714.479,134760992
2016-10-30,714.11798,714.11798,696.47498,701.86401,701.86401,100665000
2016-10-31,702.64001,709.289,691.68201,700.97199,700.97199,97064400
2016-11-01,701.33698,736.45203,701.33698,729.79303,729.79303,130527000
2016-11-02,730.06598,740.82898,722.349,740.82898,740.82898,84865200
2016-11-03,742.34601,745.77301,678.15601,688.70001,688.70001,172808000
2016-11-04,689.12402,706.92999,685.56299,703.23499,703.23499,99907696
2016-11-05,703.52502,707.51001,697.73901,703.41803,703.41803,53752300
2016-11-06,703.81201,714.258,699.56,711.52197,711.52197,59902200
2016-11-07,710.73602,710.73602,699.90301,703.13098,703.13098,65047100
2016-11-08,703.08899,712.987,702.39001,709.84802,709.84802,79660800
2016-11-09,709.82501,740.04602,708.60999,723.27301,723.27301,132429000
2016-11-10,722.84399,723.01801,711.21002,715.534,715.534,68807800
2016-11-11,715.55499,718.31799,714.40997,716.41101,716.41101,63119700
2016-11-12,716.75201,717.14801,704.03497,705.05402,705.05402,64622500
2016-11-13,705.19598,705.25702,687.315,702.03101,702.03101,80318096
2016-11-14,701.99701,706.284,699.80798,705.021,705.021,62993000
2016-11-15,705.79401,715.71802,705.26001,711.61902,711.61902,72038496
2016-11-16,711.16699,747.61499,709.039,744.198,744.198,141294000
2016-11-17,744.87598,755.64502,739.51099,740.97699,740.97699,108579000
2016-11-18,740.70502,752.88202,736.89001,751.58502,751.58502,87363104
2016-11-19,751.83301,756.237,744.46698,751.61603,751.61603,110608000
2016-11-20,751.87903,755.47998,717.94397,731.026,731.026,154116000
2016-11-21,731.26501,741.72199,730.51001,739.24799,739.24799,60802400
2016-11-22,739.64301,753.87,736.52698,751.34699,751.34699,129906000
2016-11-23,751.74103,752.25,738.92401,744.59399,744.59399,76543800
2016-11-24,744.62,746.83197,733.48999,740.289,740.289,85919296
2016-11-25,740.44202,741.64899,734.591,741.64899,741.64899,67807600
2016-11-26,741.51099,742.21399,729.625,735.38202,735.38202,54962700
2016-11-27,735.43701,739.01801,731.08502,732.03497,732.03497,52601800
2016-11-28,732.48401,738.00598,732.48401,735.81299,735.81299,61888600
2016-11-29,736.32898,737.47101,734.55902,735.604,735.604,68511104
2016-11-30,736.284,747.92902,736.26501,745.69098,745.69098,84070800
2016-12-01,746.04602,758.27502,746.04602,756.77399,756.77399,80461904
2016-12-02,757.54498,781.29602,757.54498,777.94397,777.94397,127605000
2016-12-03,778.24799,778.24799,764.85602,771.15503,771.15503,69547296
2016-12-04,771.638,773.87201,768.16101,773.87201,773.87201,60557900
2016-12-05,773.39398,773.46802,751.71301,758.70001,758.70001,106363000
2016-12-06,758.71997,765.62201,758.71997,764.224,764.224,116218000
2016-12-07,764.211,771.54303,759.75,768.13202,768.13202,96426096
2016-12-08,768.07599,774.698,765.94598,770.81,770.81,80111904
2016-12-09,769.94397,774.52801,769.64899,772.79401,772.79401,68705296
2016-12-10,773.02301,777.09198,772.90997,774.65002,774.65002,53843100
2016-12-11,774.75201,774.79797,765.41199,769.73102,769.73102,57313400
2016-12-12,770.03998,781.922,770.03998,780.08698,780.08698,76571000
2016-12-13,780.64697,788.46002,777.96198,780.55603,780.55603,81645600
2016-12-14,780.005,782.034,776.83899,781.48102,781.48102,75979000
2016-12-15,780.07001,781.435,777.802,778.08801,778.08801,81580096
2016-12-16,778.96301,785.03198,778.96301,784.90698,784.90698,83608200
2016-12-17,785.16602,792.50897,784.86401,790.82898,790.82898,78989800
2016-12-18,791.008,794.737,788.026,790.53003,790.53003,60524400
2016-12-19,790.69202,793.61102,790.32001,792.71399,792.71399,74886400
2016-12-20,792.24701,801.33698,791.49701,800.87598,800.87598,99629296
2016-12-21,800.64398,834.28101,799.40503,834.28101,834.28101,155576000
2016-12-22,834.17999,875.78198,834.14899,864.53998,864.53998,200027008
2016-12-23,864.888,925.117,864.677,921.98401,921.98401,275564000
2016-12-24,922.17999,923.479,886.33502,898.82202,898.82202,137727008
2016-12-25,899.65198,899.65198,862.42401,896.18298,896.18298,143664992
2016-12-26,896.90503,913.18402,896.89801,907.60999,907.60999,123771000
2016-12-27,908.354,940.04797,904.255,933.198,933.198,167308000
2016-12-28,934.83099,975.92102,934.83099,975.92102,975.92102,236630000
2016-12-29,975.125,979.39697,954.50299,973.49701,973.49701,199320000
2016-12-30,972.53497,972.53497,934.83301,961.23798,961.23798,187474000
2016-12-31,960.62701,963.74298,947.23602,963.74298,963.74298,99135104
2017-01-01,963.65802,1003.08,958.69898,998.32501,998.32501,147775008
2017-01-02,998.617,1031.39,996.70203,1021.75,1021.75,222184992
2017-01-03,1021.6,1044.08,1021.6,1043.84,1043.84,185168000
2017-01-04,1044.4,1159.42,1044.4,1154.73,1154.73,344945984
2017-01-05,1156.73,1191.1,910.41699,1013.38,1013.38,510199008
2017-01-06,1014.24,1046.8101,883.94397,902.20099,902.20099,351876000
2017-01-07,903.487,908.58502,823.55603,908.58502,908.58502,279550016
2017-01-08,908.17499,942.724,887.24902,911.19898,911.19898,158715008
2017-01-09,913.24402,913.68597,879.80701,902.828,902.828,141876992
2017-01-10,902.44,914.87299,901.06,907.67902,907.67902,115808000
2017-01-11,908.11499,919.448,762.76501,777.75702,777.75702,310928992
2017-01-12,775.17798,826.24597,755.75598,804.83398,804.83398,222326000
2017-01-13,803.737,829.00098,780.00299,823.98401,823.98401,168968000
2017-01-14,825.14203,835.08502,812.45599,818.41199,818.41199,93063296
2017-01-15,818.14203,823.30701,812.87097,821.79797,821.79797,71013600
2017-01-16,821.78302,834.53003,820.271,831.534,831.534,82755200
2017-01-17,830.94598,910.56097,830.79602,907.93799,907.93799,155095008
2017-01-18,909.37299,917.49902,858.30402,886.61798,886.61798,225676992
2017-01-19,888.33502,904.61401,884.33801,899.073,899.073,105625000
2017-01-20,898.172,899.39801,887.008,895.026,895.026,86728400
2017-01-21,895.54901,927.367,895.53497,921.789,921.789,111158000
2017-01-22,922.20502,937.52502,897.56403,924.67297,924.67297,116573000
2017-01-23,925.49902,928.26599,916.73798,921.01202,921.01202,73588600
2017-01-24,910.677,924.14502,892.28601,892.68701,892.68701,111349000
2017-01-25,891.92401,903.25201,891.68701,901.54199,901.54199,120831000
2017-01-26,902.39502,919.32599,902.224,917.586,917.586,131958000
2017-01-27,918.35901,923.22302,915.84601,919.75,919.75,125594000
2017-01-28,919.81097,923.91101,919.81097,921.59003,921.59003,68979600
2017-01-29,922.06702,923.41803,919.14801,919.49597,919.49597,60851700
2017-01-30,920.151,923.04797,919.474,920.38202,920.38202,78227296
2017-01-31,920.95898,972.01898,920.95898,970.40301,970.40301,164582000
2017-02-01,970.94098,989.11401,970.742,989.02301,989.02301,150110000
2017-02-02,990.00098,1013.52,983.22101,1011.8,1011.8,145820992
2017-02-03,1011.46,1033.87,1008.79,1029.91,1029.91,201278000
2017-02-04,1031.33,1045.9,1015.16,1042.9,1042.9,155064000
2017-02-05,1043.52,1043.63,1022.37,1027.34,1027.34,114208000
2017-02-06,1028.4,1044.64,1028.16,1038.15,1038.15,111762000
2017-02-07,1040.14,1061.9301,1040.14,1061.35,1061.35,146007008
2017-02-08,1062.3199,1078.97,1037.49,1063.0699,1063.0699,201855008
2017-02-09,1064.7,1088.99,953.34399,994.383,994.383,407220000
2017-02-10,995.63202,998.90503,946.69098,988.67401,988.67401,190452000
2017-02-11,988.89801,1009.29,982.83002,1004.45,1004.45,102261000
2017-02-12,1003.52,1004.76,996.92102,999.18103,999.18103,67530000
2017-02-13,998.88501,1002.1,976.00201,990.64203,990.64203,100607000
2017-02-14,991.73499,1011.51,986.47101,1004.55,1004.55,137946000
2017-02-15,1006.21,1008.84,1001.58,1007.48,1007.48,89759400
2017-02-16,1007.65,1033.37,1007.65,1027.4399,1027.4399,122277000
2017-02-17,1026.12,1053.17,1025.64,1046.21,1046.21,136474000
2017-02-18,1049.21,1061.1,1046.96,1054.42,1054.42,99073504
2017-02-19,1054.76,1056.8101,1043.46,1047.87,1047.87,77423296
2017-02-20,1048.6899,1080.49,1041.6899,1079.98,1079.98,109478000
2017-02-21,1079.28,1117.25,1076.9301,1115.3,1115.3,186868992
2017-02-22,1114.8,1125.39,1100.55,1117.4399,1117.4399,136100000
2017-02-23,1117.27,1176.62,1116.96,1166.72,1166.72,189454000
2017-02-24,1172.71,1200.39,1131.96,1173.6801,1173.6801,330759008
2017-02-25,1170.41,1174.85,1124.59,1143.84,1143.84,139960992
2017-02-26,1144.27,1167.47,1130.2,1165.2,1165.2,116486000
2017-02-27,1163.78,1181.98,1163.38,1179.97,1179.97,131570000
2017-02-28,1180.72,1193.25,1171.8199,1179.97,1179.97,184956000
2017-03-01,1180.04,1222.5,1179.6899,1222.5,1222.5,229056992
2017-03-02,1224.6801,1262.13,1215.62,1251.01,1251.01,368275008
2017-03-03,1250.71,1280.3101,1250.71,1274.99,1274.99,315739008
2017-03-04,1277.4301,1279.4,1230.51,1255.15,1255.15,183270000
2017-03-05,1254.29,1267.29,1238.0601,1267.12,1267.12,134127000
2017-03-06,1267.47,1276,1264.6,1272.83,1272.83,153656992
2017-03-07,1273.21,1275.55,1204.8,1223.54,1223.54,291256000
2017-03-08,1223.23,1232.16,1148.08,1150,1150,332603008
2017-03-09,1150.35,1197.46,1141.23,1188.49,1188.49,212283008
2017-03-10,1189.36,1270.47,1077.25,1116.72,1116.72,563795968
2017-03-11,1116.3199,1193.83,1116.3199,1175.83,1175.83,283320000
2017-03-12,1176.62,1226.98,1175.36,1221.38,1221.38,227176000
2017-03-13,1221.78,1237.37,1217.03,1231.92,1231.92,380276992
2017-03-14,1232.16,1244.8101,1220.72,1240,1240,245306000
2017-03-15,1240.16,1251.61,1239.75,1249.61,1249.61,297804992
2017-03-16,1251.33,1257.98,1152.4399,1187.8101,1187.8101,638568000
2017-03-17,1180.16,1180.16,1099.5699,1100.23,1100.23,706598976
2017-03-18,1099.6899,1114.0699,957.65503,973.81799,973.81799,621302016
2017-03-19,976.72998,1069.91,976.72998,1036.74,1036.74,406648000
2017-03-20,1037.24,1063.03,1036.6801,1054.23,1054.23,286529984
2017-03-21,1055.36,1122.4301,1055.36,1120.54,1120.54,337391008
2017-03-22,1120.65,1120.65,1014.21,1049.14,1049.14,380840992
2017-03-23,1050.05,1058.01,1028.9301,1038.59,1038.59,248540000
2017-03-24,1038.45,1040.47,934.35797,937.52002,937.52002,491038016
2017-03-25,936.53998,975.76099,903.71301,972.77899,972.77899,435803008
2017-03-26,974.01501,1007.96,954.18597,966.72498,966.72498,303668000
2017-03-27,972.05499,1046.4,971.98401,1045.77,1045.77,372535008
2017-03-28,1044.58,1064.65,1027.73,1047.15,1047.15,326332000
2017-03-29,1046.08,1055.13,1015.88,1039.97,1039.97,298457984
2017-03-30,1042.21,1049.29,1020.04,1026.4301,1026.4301,352968992
2017-03-31,1026.64,1074.92,1026.64,1071.79,1071.79,447287008
2017-04-01,1071.71,1091.72,1061.09,1080.5,1080.5,289633984
2017-04-02,1080.61,1107.59,1075.45,1102.17,1102.17,514187008
2017-04-03,1102.95,1151.74,1102.95,1143.8101,1143.8101,580444032
2017-04-04,1145.52,1156.4399,1120.52,1133.25,1133.25,436310016
2017-04-05,1134.14,1135.09,1113.63,1124.78,1124.78,414784000
2017-04-06,1125.8101,1188.37,1125.8101,1182.6801,1182.6801,511222016
2017-04-07,1178.9399,1186.58,1163.39,1176.9,1176.9,317022016
2017-04-08,1172.65,1184.98,1162.58,1175.95,1175.95,209312000
2017-04-09,1176.5699,1197.21,1171.86,1187.87,1187.87,242343008
2017-04-10,1187.3,1190.34,1179.04,1187.13,1187.13,215883008
2017-04-11,1187.46,1208.0699,1187.46,1205.01,1205.01,216182000
2017-04-12,1204.8101,1207.14,1196.76,1200.37,1200.37,288702016
2017-04-13,1201.02,1205.89,1156.4399,1169.28,1169.28,351968992
2017-04-14,1170.33,1190.8,1159.79,1167.54,1167.54,254827008
2017-04-15,1167.3,1188,1164.96,1172.52,1172.52,203559008
2017-04-16,1172.61,1187.22,1172.61,1182.9399,1182.9399,183231008
2017-04-17,1183.25,1194.9,1172.65,1193.91,1193.91,253206000
2017-04-18,1193.77,1217.5699,1193.77,1211.67,1211.67,270524000
2017-04-19,1212.13,1215.51,1205.08,1210.29,1210.29,288060992
2017-04-20,1211.08,1240.79,1208.41,1229.08,1229.08,315108000
2017-04-21,1229.42,1235.9399,1215.5601,1222.05,1222.05,272167008
2017-04-22,1222.71,1235.5601,1208.47,1231.71,1231.71,249320000
2017-04-23,1231.92,1232.2,1203.9399,1207.21,1207.21,258951008
2017-04-24,1209.63,1250.9399,1209.63,1250.15,1250.15,235806000
2017-04-25,1250.45,1267.58,1249.97,1265.49,1265.49,242556000
2017-04-26,1265.99,1294.83,1265.9301,1281.08,1281.08,329631008
2017-04-27,1281.88,1319.7,1281.3,1317.73,1317.73,449196992
2017-04-28,1317.74,1331.28,1292.37,1316.48,1316.48,527488992
2017-04-29,1317.84,1327.2,1315.21,1321.79,1321.79,422705984
2017-04-30,1321.87,1347.91,1314.92,1347.89,1347.89,413115008
2017-05-01,1348.3,1434.3199,1348.3,1421.6,1421.6,713624000
2017-05-02,1421.03,1473.9,1415.6899,1452.8199,1452.8199,477337984
2017-05-03,1453.78,1492.77,1447.49,1490.09,1490.09,583795968
2017-05-04,1490.72,1608.91,1490.72,1537.67,1537.67,933548992
2017-05-05,1540.87,1618.03,1530.3101,1555.45,1555.45,946035968
2017-05-06,1556.8101,1578.8,1542.5,1578.8,1578.8,582529984
2017-05-07,1579.47,1596.72,1559.76,1596.71,1596.71,1080029952
2017-05-08,1596.92,1723.35,1596.92,1723.35,1723.35,1340320000
2017-05-09,1723.89,1833.49,1716.3,1755.36,1755.36,1167920000
2017-05-10,1756.52,1788.4399,1719.1,1787.13,1787.13,915723008
2017-05-11,1780.37,1873.9301,1755.35,1848.5699,1848.5699,799489984
2017-05-12,1845.76,1856.15,1694.01,1724.24,1724.24,740984000
2017-05-13,1723.12,1812.99,1651.08,1804.91,1804.91,579635008
2017-05-14,1800.86,1831.42,1776.62,1808.91,1808.91,437196000
2017-05-15,1808.4399,1812.8,1708.54,1738.4301,1738.4301,731529024
2017-05-16,1741.7,1785.9399,1686.54,1734.45,1734.45,959044992
2017-05-17,1726.73,1864.05,1661.91,1839.09,1839.09,1064729984
2017-05-18,1818.7,1904.48,1807.12,1888.65,1888.65,894321024
2017-05-19,1897.37,2004.52,1890.25,1987.71,1987.71,1157289984
2017-05-20,1984.24,2084.73,1974.92,2084.73,2084.73,961336000
2017-05-21,2067.03,2119.0801,2037.5,2041.2,2041.2,1147859968
2017-05-22,2043.1899,2303.8999,2017.87,2173.3999,2173.3999,1942220032
2017-05-23,2191.5601,2320.8201,2178.5,2320.4199,2320.4199,1378749952
2017-05-24,2321.3701,2523.72,2321.3701,2443.6399,2443.6399,1725379968
2017-05-25,2446.24,2763.71,2285.3,2304.98,2304.98,2406700032
2017-05-26,2320.8899,2573.79,2071.99,2202.4199,2202.4199,1763480064
2017-05-27,2196.27,2260.2,1855.83,2038.87,2038.87,1700480000
2017-05-28,2054.0801,2267.3401,2054.0801,2155.8,2155.8,1147139968
2017-05-29,2159.4299,2307.05,2107.1699,2255.6101,2255.6101,994625024
2017-05-30,2255.3601,2301.96,2124.5701,2175.47,2175.47,1443970048
2017-05-31,2187.1899,2311.0801,2145.5701,2286.4099,2286.4099,1544829952
2017-06-01,2288.3301,2448.3899,2288.3301,2407.8799,2407.8799,1653180032
2017-06-02,2404.03,2488.55,2373.3201,2488.55,2488.55,1317030016
2017-06-03,2493.72,2581.9099,2423.5701,2515.3501,2515.3501,1514950016
2017-06-04,2547.79,2585.8899,2452.54,2511.8101,2511.8101,1355120000
2017-06-05,2512.3999,2686.8101,2510.22,2686.8101,2686.8101,1369309952
2017-06-06,2690.8401,2999.9099,2690.8401,2863.2,2863.2,2089609984
2017-06-07,2869.3799,2869.3799,2700.5601,2732.1599,2732.1599,1517709952
2017-06-08,2720.49,2815.3,2670.95,2805.6201,2805.6201,1281170048
2017-06-09,2807.4399,2901.71,2795.6201,2823.8101,2823.8101,1348950016
2017-06-10,2828.1399,2950.99,2746.55,2947.71,2947.71,2018889984
2017-06-11,2942.4099,2996.6001,2840.53,2958.1101,2958.1101,1752400000
2017-06-12,2953.22,2997.26,2518.5601,2659.6299,2659.6299,2569530112
2017-06-13,2680.9099,2789.04,2650.3799,2717.02,2717.02,1781200000
2017-06-14,2716.8799,2786.8301,2412.9399,2506.3701,2506.3701,1696560000
2017-06-15,2499.5801,2534.71,2212.96,2464.5801,2464.5801,2026259968
2017-06-16,2469.5701,2539.9199,2385.1499,2518.5601,2518.5601,1195190016
2017-06-17,2514.01,2685.1899,2484.96,2655.8799,2655.8799,1534509952
2017-06-18,2655.3501,2662.1001,2516.3301,2548.29,2548.29,1178659968
2017-06-19,2549.03,2662.8501,2549.03,2589.6001,2589.6001,1446840064
2017-06-20,2591.26,2763.45,2589.8201,2721.79,2721.79,1854189952
2017-06-21,2709.4299,2772.01,2660.3999,2689.1001,2689.1001,1626579968
2017-06-22,2691.03,2723.74,2642.3601,2705.4099,2705.4099,1097939968
2017-06-23,2707.3401,2765.1699,2706.3701,2744.9099,2744.9099,961318976
2017-06-24,2738.52,2757.9399,2583.1899,2608.72,2608.72,982750016
2017-06-25,2607.25,2682.26,2552.1201,2589.4099,2589.4099,1161100032
2017-06-26,2590.5701,2615.25,2376.29,2478.45,2478.45,1663280000
2017-06-27,2478.45,2552.45,2332.99,2552.45,2552.45,1489789952
2017-06-28,2553.03,2603.98,2484.4199,2574.79,2574.79,1183869952
2017-06-29,2567.5601,2588.8301,2510.48,2539.3201,2539.3201,949979008
2017-06-30,2539.24,2559.25,2478.4299,2480.8401,2480.8401,860273024
2017-07-01,2492.6001,2515.27,2419.23,2434.55,2434.55,779913984
2017-07-02,2436.3999,2514.28,2394.8401,2506.47,2506.47,803747008
2017-07-03,2498.5601,2595,2480.47,2564.0601,2564.0601,964112000
2017-07-04,2561,2631.5901,2559.3501,2601.6399,2601.6399,985516032
2017-07-05,2602.8701,2622.6499,2538.55,2601.99,2601.99,941566016
2017-07-06,2608.1001,2616.72,2581.6899,2608.5601,2608.5601,761956992
2017-07-07,2608.5901,2916.1399,2498.8701,2518.6599,2518.6599,917411968
2017-07-08,2520.27,2571.3401,2492.3101,2571.3401,2571.3401,733329984
2017-07-09,2572.6101,2635.49,2517.5901,2518.4399,2518.4399,527856000
2017-07-10,2525.25,2537.1599,2321.1299,2372.5601,2372.5601,1111200000
2017-07-11,2385.8899,2413.47,2296.8101,2337.79,2337.79,1329760000
2017-07-12,2332.77,2423.71,2275.1399,2398.8401,2398.8401,1117410048
2017-07-13,2402.7,2425.22,2340.8301,2357.8999,2357.8999,835769984
2017-07-14,2360.5901,2363.25,2183.22,2233.3401,2233.3401,882502976
2017-07-15,2230.1201,2231.1399,1990.41,1998.86,1998.86,993608000
2017-07-16,1991.98,2058.77,1843.03,1929.8199,1929.8199,1182870016
2017-07-17,1932.62,2230.49,1932.62,2228.4099,2228.4099,1201760000
2017-07-18,2233.52,2387.6101,2164.77,2318.8799,2318.8799,1512450048
2017-07-19,2323.0801,2397.1699,2260.23,2273.4299,2273.4299,1245100032
2017-07-20,2269.8899,2900.7,2269.8899,2817.6001,2817.6001,2249260032
2017-07-21,2838.4099,2838.4099,2621.8501,2667.76,2667.76,1489449984
2017-07-22,2668.6299,2862.4199,2657.71,2810.1201,2810.1201,1177129984
2017-07-23,2808.1001,2832.1799,2653.9399,2730.3999,2730.3999,1072840000
2017-07-24,2732.7,2777.26,2699.1899,2754.8601,2754.8601,866473984
2017-07-25,2757.5,2768.0801,2480.96,2576.48,2576.48,1460089984
2017-07-26,2577.77,2610.76,2450.8,2529.45,2529.45,937404032
2017-07-27,2538.71,2693.3201,2529.3401,2671.78,2671.78,789104000
2017-07-28,2679.73,2897.45,2679.73,2809.01,2809.01,1380099968
2017-07-29,2807.02,2808.76,2692.8,2726.45,2726.45,803745984
2017-07-30,2724.3899,2758.53,2644.8501,2757.1799,2757.1799,705942976
2017-07-31,2763.24,2889.6201,2720.6101,2875.3401,2875.3401,860574976
2017-08-01,2871.3,2921.3501,2685.6101,2718.26,2718.26,1324669952
2017-08-02,2727.1299,2762.53,2668.5901,2710.6699,2710.6699,1094950016
2017-08-03,2709.5601,2813.3101,2685.1399,2804.73,2804.73,804796992
2017-08-04,2806.9299,2899.3301,2743.72,2895.8899,2895.8899,1002120000
2017-08-05,2897.6299,3290.01,2874.8301,3252.9099,3252.9099,1945699968
2017-08-06,3257.6101,3293.29,3155.6001,3213.9399,3213.9399,1105030016
2017-08-07,3212.78,3397.6799,3180.8899,3378.9399,3378.9399,1482279936
2017-08-08,3370.22,3484.8501,3345.8301,3419.9399,3419.9399,1752760064
2017-08-09,3420.3999,3422.76,3247.6699,3342.47,3342.47,1468960000
2017-08-10,3341.8401,3453.45,3319.47,3381.28,3381.28,1515110016
2017-08-11,3373.8201,3679.72,3372.1201,3650.6201,3650.6201,2021190016
2017-08-12,3650.6299,3949.9199,3613.7,3884.71,3884.71,2219589888
2017-08-13,3880.04,4208.3901,3857.8,4073.26,4073.26,3159089920
2017-08-14,4066.1001,4325.1299,3989.1599,4325.1299,4325.1299,2463089920
2017-08-15,4326.9902,4455.9702,3906.1799,4181.9302,4181.9302,3258050048
2017-08-16,4200.3398,4381.23,3994.4199,4376.6299,4376.6299,2272039936
2017-08-17,4384.4399,4484.7002,4243.71,4331.6899,4331.6899,2553359872
2017-08-18,4324.3398,4370.1299,4015.3999,4160.6201,4160.6201,2941710080
2017-08-19,4137.75,4243.2598,3970.55,4193.7002,4193.7002,2975820032
2017-08-20,4189.3101,4196.29,4069.8799,4087.6599,4087.6599,2109769984
2017-08-21,4090.48,4109.1401,3988.6001,4001.74,4001.74,2800890112
2017-08-22,3998.3501,4128.7598,3674.5801,4100.52,4100.52,3764239872
2017-08-23,4089.01,4255.7798,4078.4099,4151.52,4151.52,2369819904
2017-08-24,4137.6001,4376.3901,4130.2598,4334.6802,4334.6802,2037750016
2017-08-25,4332.8198,4455.7002,4307.3501,4371.6001,4371.6001,1727970048
2017-08-26,4372.0601,4379.2798,4269.52,4352.3999,4352.3999,1511609984
2017-08-27,4345.1001,4416.5898,4317.29,4382.8799,4382.8799,1537459968
2017-08-28,4384.4502,4403.9302,4224.6401,4382.6602,4382.6602,1959330048
2017-08-29,4389.21,4625.6802,4352.1299,4579.02,4579.02,2486080000
2017-08-30,4570.3599,4626.52,4471.4102,4565.2998,4565.2998,1937849984
2017-08-31,4555.5898,4736.0498,4549.3999,4703.3901,4703.3901,1944930048
2017-09-01,4701.7598,4892.0098,4678.5298,4892.0098,4892.0098,2599079936
2017-09-02,4901.4199,4975.04,4469.2402,4578.77,4578.77,2722139904
2017-09-03,4585.27,4714.0801,4417.5898,4582.96,4582.96,1933190016
2017-09-04,4591.6299,4591.6299,4108.3999,4236.3101,4236.3101,2987330048
2017-09-05,4228.29,4427.8398,3998.1101,4376.5298,4376.5298,2697969920
2017-09-06,4376.5898,4617.25,4376.5898,4597.1201,4597.1201,2172100096
2017-09-07,4589.1401,4655.04,4491.3301,4599.8799,4599.8799,1844620032
2017-09-08,4605.1602,4661,4075.1799,4228.75,4228.75,2700890112
2017-09-09,4229.8101,4308.8198,4114.1099,4226.0601,4226.0601,1386230016
2017-09-10,4229.3398,4245.4399,3951.04,4122.9399,4122.9399,1679090048
2017-09-11,4122.4702,4261.6699,4099.3999,4161.27,4161.27,1557330048
2017-09-12,4168.8799,4344.6499,4085.22,4130.8101,4130.8101,1864530048
2017-09-13,4131.98,4131.98,3789.9199,3882.5901,3882.5901,2219409920
2017-09-14,3875.3701,3920.6001,3153.8601,3154.95,3154.95,2716310016
2017-09-15,3166.3,3733.45,2946.6201,3637.52,3637.52,4148069888
2017-09-16,3637.75,3808.8401,3487.79,3625.04,3625.04,1818400000
2017-09-17,3606.28,3664.8101,3445.6399,3582.8799,3582.8799,1239149952
2017-09-18,3591.0901,4079.23,3591.0901,4065.2,4065.2,1943209984
2017-09-19,4073.79,4094.0701,3868.8701,3924.97,3924.97,1563980032
2017-09-20,3916.3601,4031.3899,3857.73,3905.95,3905.95,1213830016
2017-09-21,3901.47,3916.4199,3613.6299,3631.04,3631.04,1411480064
2017-09-22,3628.02,3758.27,3553.53,3630.7,3630.7,1194829952
2017-09-23,3629.9199,3819.21,3594.5801,3792.3999,3792.3999,928113984
2017-09-24,3796.1499,3796.1499,3666.8999,3682.8401,3682.8401,768014976
2017-09-25,3681.5801,3950.25,3681.5801,3926.0701,3926.0701,1374210048
2017-09-26,3928.4099,3969.8899,3869.8999,3892.3501,3892.3501,1043740032
2017-09-27,3892.9399,4210.0498,3884.8201,4200.6699,4200.6699,1686880000
2017-09-28,4197.1299,4279.3101,4109.7002,4174.73,4174.73,1712320000
2017-09-29,4171.6201,4214.6299,4039.29,4163.0698,4163.0698,1367049984
2017-09-30,4166.1099,4358.4302,4160.8599,4338.71,4338.71,1207449984
2017-10-01,4341.0498,4403.7402,4269.8101,4403.7402,4403.7402,1208210048
2017-10-02,4395.8101,4470.23,4377.46,4409.3198,4409.3198,1431730048
2017-10-03,4408.46,4432.4702,4258.8901,4317.48,4317.48,1288019968
2017-10-04,4319.3701,4352.3101,4210.4199,4229.3599,4229.3599,1116770048
2017-10-05,4229.8799,4362.6401,4164.0498,4328.4102,4328.4102,1161769984
2017-10-06,4324.46,4413.27,4320.5298,4370.8101,4370.8101,1069939968
2017-10-07,4369.3501,4443.8799,4321.0498,4426.8901,4426.8901,906928000
2017-10-08,4429.6699,4624.1401,4405.6401,4610.48,4610.48,1313869952
2017-10-09,4614.52,4878.71,4564.25,4772.02,4772.02,1968739968
2017-10-10,4776.21,4922.1699,4765.1001,4781.9902,4781.9902,1597139968
2017-10-11,4789.25,4873.73,4751.6299,4826.48,4826.48,1222279936
2017-10-12,4829.5801,5446.9102,4822,5446.9102,5446.9102,2791610112
2017-10-13,5464.1602,5840.2998,5436.8501,5647.21,5647.21,3615480064
2017-10-14,5643.5298,5837.7002,5591.6401,5831.79,5831.79,1669030016
2017-10-15,5835.96,5852.48,5478.6099,5678.1899,5678.1899,1976039936
2017-10-16,5687.5698,5776.23,5544.21,5725.5898,5725.5898,2008070016
2017-10-17,5741.5801,5800.3501,5472.7202,5605.5098,5605.5098,1821570048
2017-10-18,5603.8198,5603.8198,5151.4399,5590.6899,5590.6899,2399269888
2017-10-19,5583.7402,5744.3501,5531.0601,5708.52,5708.52,1780540032
2017-10-20,5708.1099,6060.1099,5627.23,6011.4502,6011.4502,2354429952
2017-10-21,5996.79,6194.8799,5965.0698,6031.6001,6031.6001,2207099904
2017-10-22,6036.6602,6076.2598,5792.3398,6008.4199,6008.4199,2034630016
2017-10-23,6006,6075.5898,5732.4702,5930.3198,5930.3198,2401840128
2017-10-24,5935.52,5935.52,5504.1802,5526.6401,5526.6401,2735699968
2017-10-25,5524.6001,5754.3301,5397.8799,5750.7998,5750.7998,1966989952
2017-10-26,5747.9502,5976.7998,5721.2202,5904.8301,5904.8301,1905040000
2017-10-27,5899.7402,5988.3901,5728.8198,5780.8999,5780.8999,1710130048
2017-10-28,5787.8198,5876.7202,5689.1899,5753.0898,5753.0898,1403920000
2017-10-29,5754.4399,6255.71,5724.5801,6153.8501,6153.8501,2859040000
2017-10-30,6114.8501,6214.9902,6040.8501,6130.5298,6130.5298,1772150016
2017-10-31,6132.02,6470.4302,6103.3301,6468.3999,6468.3999,2311379968
2017-11-01,6440.9702,6767.3101,6377.8799,6767.3101,6767.3101,2870320128
2017-11-02,6777.77,7367.3301,6758.7202,7078.5,7078.5,4653770240
2017-11-03,7087.5298,7461.29,7002.9399,7207.7598,7207.7598,3369860096
2017-11-04,7164.48,7492.8599,7031.2798,7379.9502,7379.9502,2483800064
2017-11-05,7404.52,7617.48,7333.1899,7407.4102,7407.4102,2380410112
2017-11-06,7403.2202,7445.77,7007.3101,7022.7598,7022.7598,3111899904
2017-11-07,7023.1001,7253.3198,7023.1001,7144.3799,7144.3799,2326340096
2017-11-08,7141.3799,7776.4199,7114.02,7459.6899,7459.6899,4602200064
2017-11-09,7446.8301,7446.8301,7101.52,7143.5801,7143.5801,3226249984
2017-11-10,7173.73,7312,6436.8701,6618.1401,6618.1401,5208249856
2017-11-11,6618.6099,6873.1499,6204.2202,6357.6001,6357.6001,4908680192
2017-11-12,6295.4502,6625.0498,5519.0098,5950.0698,5950.0698,8957349888
2017-11-13,5938.25,6811.1899,5844.29,6559.4902,6559.4902,6263249920
2017-11-14,6561.48,6764.98,6461.75,6635.75,6635.75,3197110016
2017-11-15,6634.7598,7342.25,6634.7598,7315.54,7315.54,4200880128
2017-11-16,7323.2402,7967.3799,7176.5801,7871.6899,7871.6899,5123809792
2017-11-17,7853.5698,8004.5898,7561.0898,7708.9902,7708.9902,4651670016
2017-11-18,7697.21,7884.9902,7463.4399,7790.1499,7790.1499,3667190016
2017-11-19,7766.0298,8101.9102,7694.1001,8036.4902,8036.4902,3149319936
2017-11-20,8039.0698,8336.8604,7949.3599,8200.6396,8200.6396,3488450048
2017-11-21,8205.7402,8348.6602,7762.71,8071.2598,8071.2598,4277609984
2017-11-22,8077.9502,8302.2598,8075.4702,8253.5498,8253.5498,3633530112
2017-11-23,8232.3799,8267.4004,8038.77,8038.77,8038.77,4225179904
2017-11-24,8074.02,8374.1602,7940.9302,8253.6904,8253.6904,5058610176
2017-11-25,8241.71,8790.9199,8191.1499,8790.9199,8790.9199,4342060032
2017-11-26,8789.04,9522.9297,8775.5898,9330.5498,9330.5498,5475579904
2017-11-27,9352.7197,9818.3496,9352.7197,9818.3496,9818.3496,5653320192
2017-11-28,9823.4297,10125.7,9736.2998,10058.8,10058.8,6348819968
2017-11-29,10077.4,11517.4,9601.0303,9888.6104,9888.6104,11568799744
2017-11-30,9906.79,10801,9202.0498,10233.6,10233.6,8310689792
2017-12-01,10198.6,11046.7,9694.6504,10975.6,10975.6,6783119872
2017-12-02,10978.3,11320.2,10905.1,11074.6,11074.6,5138500096
2017-12-03,11082.7,11858.7,10862,11323.2,11323.2,6608309760
2017-12-04,11315.4,11657.2,11081.8,11657.2,11657.2,6132409856
2017-12-05,11685.7,12032,11604.6,11916.7,11916.7,6895260160
2017-12-06,11923.4,14369.1,11923.4,14291.5,14291.5,12656300032
2017-12-07,14266.1,17899.699,14057.3,17899.699,17899.699,17950699520
2017-12-08,17802.9,18353.4,14336.9,16569.4,16569.4,21135998976
2017-12-09,16523.301,16783,13674.9,15178.2,15178.2,13911300096
2017-12-10,15168.4,15850.6,13226.6,15455.4,15455.4,13433299968
2017-12-11,15427.4,17513.9,15404.8,16936.801,16936.801,12153900032
2017-12-12,16919.801,17781.801,16571.6,17415.4,17415.4,14603799552
2017-12-13,17500,17653.1,16039.7,16408.199,16408.199,12976900096
2017-12-14,16384.6,17085.801,16185.9,16564,16564,13777399808
2017-12-15,16601.301,18154.1,16601.301,17706.9,17706.9,14309999616
2017-12-16,17760.301,19716.699,17515.301,19497.4,19497.4,12740599808
2017-12-17,19475.801,20089,18974.1,19140.801,19140.801,13314599936
2017-12-18,19106.4,19371,18355.9,19114.199,19114.199,14839499776
2017-12-19,19118.301,19177.801,17275.4,17776.699,17776.699,16894499840
2017-12-20,17760.301,17934.699,16077.7,16624.6,16624.6,22149699584
2017-12-21,16642.4,17567.699,15342.7,15802.9,15802.9,16516599808
2017-12-22,15898,15943.4,11833,13831.8,13831.8,22197999616
2017-12-23,13948.7,15603.2,13828.8,14699.2,14699.2,13086000128
2017-12-24,14608.2,14626,12747.7,13925.8,13925.8,11572299776
2017-12-25,13995.9,14593,13448.9,14026.6,14026.6,10664699904
2017-12-26,14036.6,16461.199,14028.9,16099.8,16099.8,13454300160
2017-12-27,16163.5,16930.9,15114.3,15838.5,15838.5,12487600128
2017-12-28,15864.1,15888.4,13937.3,14606.5,14606.5,12336499712
2017-12-29,14695.8,15279,14307,14656.2,14656.2,13025500160
2017-12-30,14681.9,14681.9,12350.1,12952.2,12952.2,14452599808
2017-12-31,12897.7,14377.4,12755.6,14156.4,14156.4,12136299520
2018-01-01,14112.2,14112.2,13154.7,13657.2,13657.2,10291200000
2018-01-02,13625,15444.6,13163.6,14982.1,14982.1,16846600192
2018-01-03,14978.2,15572.8,14844.5,15201,15201,16871900160
2018-01-04,15270.7,15739.7,14522.2,15599.2,15599.2,21783199744
2018-01-05,15477.2,17705.199,15202.8,17429.5,17429.5,23840899072
2018-01-06,17462.1,17712.4,16764.6,17527,17527,18314600448
2018-01-07,17527.301,17579.6,16087.7,16477.6,16477.6,15866000384
2018-01-08,16476.199,16537.9,14208.2,15170.1,15170.1,18413899776
2018-01-09,15123.7,15497.5,14424,14595.4,14595.4,16659999744
2018-01-10,14588.5,14973.3,13691.2,14973.3,14973.3,18500800512
2018-01-11,14968.2,15018.8,13105.9,13405.8,13405.8,16534099968
2018-01-12,13453.9,14229.9,13158.1,13980.6,13980.6,12065699840
2018-01-13,13952.4,14659.5,13952.4,14360.2,14360.2,12763599872
2018-01-14,14370.8,14511.8,13268,13772,13772,11084099584
2018-01-15,13767.3,14445.5,13641.7,13819.8,13819.8,12750799872
2018-01-16,13836.1,13843.1,10194.9,11490.5,11490.5,18853799936
2018-01-17,11431.1,11678,9402.29,11188.6,11188.6,18830600192
2018-01-18,11198.8,12107.3,10942.5,11474.9,11474.9,15020399616
2018-01-19,11429.8,11992.8,11172.1,11607.4,11607.4,10740400128
2018-01-20,11656.2,13103,11656.2,12899.2,12899.2,11801700352
2018-01-21,12889.2,12895.9,11288.2,11600.1,11600.1,9935179776
2018-01-22,11633.1,11966.4,10240.2,10931.4,10931.4,10537400320
2018-01-23,10944.5,11377.6,10129.7,10868.4,10868.4,9660609536
2018-01-24,10903.4,11501.4,10639.8,11359.4,11359.4,9940989952
2018-01-25,11421.7,11785.7,11057.4,11259.4,11259.4,8873169920
2018-01-26,11256,11656.7,10470.3,11171.4,11171.4,9746199552
2018-01-27,11174.9,11614.9,10989.2,11440.7,11440.7,7583269888
2018-01-28,11475.3,12040.3,11475.3,11786.3,11786.3,8350360064
2018-01-29,11755.5,11875.6,11179.2,11296.4,11296.4,7107359744
2018-01-30,11306.8,11307.2,10036.2,10106.3,10106.3,8637859840
2018-01-31,10108.2,10381.6,9777.4199,10221.1,10221.1,8041160192
2018-02-01,10237.3,10288.8,8812.2803,9170.54,9170.54,9959400448
2018-02-02,9142.2803,9142.2803,7796.4902,8830.75,8830.75,12726899712
2018-02-03,8852.1201,9430.75,8251.6299,9174.9102,9174.9102,7263790080
2018-02-04,9175.7002,9334.8701,8031.2202,8277.0098,8277.0098,7073549824
2018-02-05,8270.54,8364.8398,6756.6802,6955.27,6955.27,9285289984
2018-02-06,7051.75,7850.7002,6048.2598,7754,7754,13999800320
2018-02-07,7755.4902,8509.1104,7236.79,7621.2998,7621.2998,9169280000
2018-02-08,7637.8599,8558.7695,7637.8599,8265.5898,8265.5898,9346750464
2018-02-09,8271.8398,8736.9805,7884.71,8736.9805,8736.9805,6784820224
2018-02-10,8720.0801,9122.5498,8295.4697,8621.9004,8621.9004,7780960256
2018-02-11,8616.1299,8616.1299,7931.1001,8129.9702,8129.9702,6122189824
2018-02-12,8141.4302,8985.9199,8141.4302,8926.5703,8926.5703,6256439808
2018-02-13,8926.7197,8958.4697,8455.4102,8598.3096,8598.3096,5696719872
2018-02-14,8599.9199,9518.54,8599.9199,9494.6299,9494.6299,7909819904
2018-02-15,9488.3203,10234.8,9395.5801,10166.4,10166.4,9062540288
2018-02-16,10135.7,10324.1,9824.8203,10233.9,10233.9,7296159744
2018-02-17,10207.5,11139.5,10149.4,11112.7,11112.7,8660880384
2018-02-18,11123.4,11349.8,10326,10551.8,10551.8,8744009728
2018-02-19,10552.6,11273.8,10513.2,11225.3,11225.3,7652089856
2018-02-20,11231.8,11958.5,11231.8,11403.7,11403.7,9926540288
2018-02-21,11372.2,11418.5,10479.1,10690.4,10690.4,9405339648
2018-02-22,10660.4,11039.1,9939.0898,10005,10005,8040079872
2018-02-23,9937.0703,10487.3,9734.5596,10301.1,10301.1,7739500032
2018-02-24,10287.7,10597.2,9546.9697,9813.0703,9813.0703,6917929984
2018-02-25,9796.4199,9923.2197,9407.0596,9664.7305,9664.7305,5706939904
2018-02-26,9669.4297,10475,9501.7305,10366.7,10366.7,7287690240
2018-02-27,10393.9,10878.5,10246.1,10725.6,10725.6,6966179840
2018-02-28,10687.2,11089.8,10393.1,10397.9,10397.9,6936189952
2018-03-01,10385,11052.3,10352.7,10951,10951,7317279744
2018-03-02,10977.4,11189,10850.1,11086.4,11086.4,7620590080
2018-03-03,11101.9,11528.2,11002.4,11489.7,11489.7,6690570240
2018-03-04,11497.4,11512.6,11136.1,11512.6,11512.6,6084149760
2018-03-05,11532.4,11704.1,11443.9,11573.3,11573.3,6468539904
2018-03-06,11500.1,11500.1,10694.3,10779.9,10779.9,6832169984
2018-03-07,10803.9,10929.5,9692.1201,9965.5703,9965.5703,8797910016
2018-03-08,9951.4404,10147.4,9335.8701,9395.0098,9395.0098,7186089984
2018-03-09,9414.6904,9466.3496,8513.0303,9337.5498,9337.5498,8704190464
2018-03-10,9350.5898,9531.3203,8828.4697,8866,8866,5386319872
2018-03-11,8852.7803,9711.8896,8607.1201,9578.6299,9578.6299,6296370176
2018-03-12,9602.9297,9937.5,8956.4297,9205.1201,9205.1201,6457399808
2018-03-13,9173.04,9470.3799,8958.1904,9194.8496,9194.8496,5991139840
2018-03-14,9214.6504,9355.8496,8068.5898,8269.8096,8269.8096,6438230016
2018-03-15,8290.7598,8428.3496,7783.0498,8300.8604,8300.8604,6834429952
2018-03-16,8322.9102,8585.1504,8005.3101,8338.3496,8338.3496,5289379840
2018-03-17,8321.9102,8346.5303,7812.8198,7916.8799,7916.8799,4426149888
2018-03-18,7890.52,8245.5098,7397.9902,8223.6797,8223.6797,6639190016
2018-03-19,8344.1201,8675.8701,8182.3999,8630.6504,8630.6504,6729110016
2018-03-20,8619.6699,9051.0195,8389.8896,8913.4697,8913.4697,6361789952
2018-03-21,8937.4805,9177.3701,8846.3301,8929.2803,8929.2803,6043129856
2018-03-22,8939.4404,9100.71,8564.9004,8728.4697,8728.4697,5530390016
2018-03-23,8736.25,8879.6201,8360.6201,8879.6201,8879.6201,5954120192
2018-03-24,8901.9502,8996.1797,8665.7002,8668.1201,8668.1201,5664600064
2018-03-25,8612.8096,8682.0098,8449.0996,8495.7803,8495.7803,4569880064
2018-03-26,8498.4697,8530.0801,7921.4302,8209.4004,8209.4004,5921039872
2018-03-27,8200,8232.7803,7797.2798,7833.04,7833.04,5378250240
2018-03-28,7836.8301,8122.8901,7809.1699,7954.48,7954.48,4935289856
2018-03-29,7979.0698,7994.3301,7081.3799,7165.7002,7165.7002,6361229824
2018-03-30,7171.4502,7276.6602,6683.9302,6890.52,6890.52,6289509888
2018-03-31,6892.48,7207.8501,6863.52,6973.5298,6973.5298,4553269760
2018-04-01,7003.0601,7060.9502,6526.8701,6844.23,6844.23,4532100096
2018-04-02,6844.8599,7135.4702,6816.5801,7083.7998,7083.7998,4333440000
2018-04-03,7102.2598,7530.9399,7072.4902,7456.1099,7456.1099,5499700224
2018-04-04,7456.4102,7469.8799,6803.8799,6853.8398,6853.8398,4936000000
2018-04-05,6848.6499,6933.8198,6644.7998,6811.4702,6811.4702,5639320064
2018-04-06,6815.96,6857.4902,6575,6636.3198,6636.3198,3766810112
2018-04-07,6630.5098,7050.54,6630.5098,6911.0898,6911.0898,3976610048
2018-04-08,6919.98,7111.5601,6919.98,7023.52,7023.52,3652499968
2018-04-09,7044.3198,7178.1099,6661.9902,6770.73,6770.73,4894060032
2018-04-10,6795.4399,6872.4102,6704.1499,6834.7598,6834.7598,4272750080
2018-04-11,6843.4702,6968.3198,6817.5898,6968.3198,6968.3198,4641889792
2018-04-12,6955.3799,7899.23,6806.5098,7889.25,7889.25,8906250240
2018-04-13,7901.0898,8183.96,7758.9302,7895.96,7895.96,7764460032
2018-04-14,7874.6699,8140.71,7846,7986.2402,7986.2402,5191430144
2018-04-15,7999.3301,8338.4199,7999.3301,8329.1104,8329.1104,5244480000
2018-04-16,8337.5703,8371.1504,7925.73,8058.6699,8058.6699,5631309824
2018-04-17,8071.6602,8285.96,7881.7202,7902.0898,7902.0898,6900879872
2018-04-18,7944.4302,8197.7998,7886.0098,8163.4199,8163.4199,6529909760
2018-04-19,8159.27,8298.6904,8138.7798,8294.3096,8294.3096,7063209984
2018-04-20,8286.8799,8880.2305,8244.54,8845.8301,8845.8301,8438110208
2018-04-21,8848.79,8997.5703,8652.1504,8895.5801,8895.5801,7548550144
2018-04-22,8925.0596,9001.6396,8779.6104,8802.46,8802.46,6629899776
2018-04-23,8794.3896,8958.5498,8788.8096,8930.8799,8930.8799,6925190144
2018-04-24,8934.3398,9732.6104,8927.8301,9697.5,9697.5,10678800384
2018-04-25,9701.0303,9745.3203,8799.8398,8845.7402,8845.7402,11083100160
2018-04-26,8867.3203,9281.5098,8727.0898,9281.5098,9281.5098,8970559488
2018-04-27,9290.6299,9375.4697,8987.0498,8987.0498,8987.0498,7566289920
2018-04-28,8939.2695,9412.0898,8931.9902,9348.4805,9348.4805,7805479936
2018-04-29,9346.4102,9531.4902,9193.71,9419.0801,9419.0801,8853000192
2018-04-30,9426.1104,9477.1396,9166.8096,9240.5498,9240.5498,8673920000
2018-05-01,9251.4697,9255.8799,8891.0498,9119.0098,9119.0098,7713019904
2018-05-02,9104.5996,9256.5195,9015.1396,9235.9199,9235.9199,7558159872
2018-05-03,9233.9697,9798.3301,9188.1504,9743.8604,9743.8604,10207299584
2018-05-04,9695.5,9779.2002,9585.96,9700.7598,9700.7598,8217829888
2018-05-05,9700.2803,9964.5,9695.1201,9858.1504,9858.1504,7651939840
2018-05-06,9845.3096,9940.1396,9465.25,9654.7998,9654.7998,7222280192
2018-05-07,9645.6699,9665.8496,9231.5303,9373.0098,9373.0098,7394019840
2018-05-08,9380.8701,9462.75,9127.7695,9234.8203,9234.8203,7415869952
2018-05-09,9223.7305,9374.7598,9031.6201,9325.1797,9325.1797,7226890240
2018-05-10,9325.96,9396.04,9040.5195,9043.9404,9043.9404,6906699776
2018-05-11,9052.96,9052.96,8394.46,8441.4902,8441.4902,8488520192
2018-05-12,8441.4404,8664.8604,8223.5,8504.8896,8504.8896,6821380096
2018-05-13,8515.4902,8773.5498,8395.1201,8723.9404,8723.9404,5866379776
2018-05-14,8713.0996,8881.1201,8367.9697,8716.79,8716.79,7364149760
2018-05-15,8705.1904,8836.1904,8456.4502,8510.3799,8510.3799,6705710080
2018-05-16,8504.4102,8508.4297,8175.4902,8368.8301,8368.8301,6760220160
2018-05-17,8370.0498,8445.54,8054.1201,8094.3198,8094.3198,5862530048
2018-05-18,8091.8301,8274.1201,7974.8198,8250.9697,8250.9697,5764190208
2018-05-19,8255.7305,8372.0596,8183.3501,8247.1797,8247.1797,4712399872
2018-05-20,8246.9902,8562.4102,8205.2402,8513.25,8513.25,5191059968
2018-05-21,8522.3301,8557.5195,8365.1201,8418.9902,8418.9902,5154990080
2018-05-22,8419.8701,8423.25,8004.5801,8041.7798,8041.7798,5137010176
2018-05-23,8037.0801,8054.6602,7507.8799,7557.8198,7557.8198,6491120128
2018-05-24,7561.1201,7738.6001,7331.1401,7587.3398,7587.3398,6049220096
2018-05-25,7592.2998,7659.1401,7392.6499,7480.1401,7480.1401,4867829760
2018-05-26,7486.48,7595.1602,7349.1201,7355.8799,7355.8799,4051539968
2018-05-27,7362.0801,7381.7402,7270.96,7368.2202,7368.2202,4056519936
2018-05-28,7371.3101,7419.0498,7100.8901,7135.9902,7135.9902,5040600064
2018-05-29,7129.46,7526.4199,7090.6802,7472.5898,7472.5898,5662660096
2018-05-30,7469.73,7573.77,7313.6001,7406.52,7406.52,4922540032
2018-05-31,7406.1499,7608.8999,7361.1299,7494.1699,7494.1699,5127130112
2018-06-01,7500.7002,7604.73,7407.3398,7541.4502,7541.4502,4921460224
2018-06-02,7536.7202,7695.8301,7497.2598,7643.4502,7643.4502,4939299840
2018-06-03,7632.0898,7754.8901,7613.04,7720.25,7720.25,4851760128
2018-06-04,7722.5298,7753.8198,7474.04,7514.4702,7514.4702,4993169920
2018-06-05,7500.8999,7643.23,7397,7633.7598,7633.7598,4961739776
2018-06-06,7625.9702,7680.4302,7502.0098,7653.98,7653.98,4692259840
2018-06-07,7650.8198,7741.27,7650.8198,7678.2402,7678.2402,4485799936
2018-06-08,7685.1401,7698.1899,7558.3999,7624.9199,7624.9199,4227579904
2018-06-09,7632.52,7683.5801,7531.98,7531.98,7531.98,3845220096
2018-06-10,7499.5498,7499.5498,6709.0698,6786.02,6786.02,5804839936
2018-06-11,6799.29,6910.1802,6706.6299,6906.9199,6906.9199,4745269760
2018-06-12,6905.8198,6907.96,6542.0801,6582.3599,6582.3599,4654380032
2018-06-13,6596.8799,6631.6602,6285.6299,6349.8999,6349.8999,5052349952
2018-06-14,6342.75,6707.1401,6334.46,6675.3501,6675.3501,5138710016
2018-06-15,6674.0801,6681.0801,6433.8701,6456.5801,6456.5801,3955389952
2018-06-16,6455.4502,6592.4902,6402.29,6550.1602,6550.1602,3194170112
2018-06-17,6545.5298,6589.1099,6499.27,6499.27,6499.27,3104019968
2018-06-18,6510.0698,6781.1401,6446.6802,6734.8198,6734.8198,4039200000
2018-06-19,6742.3901,6822.5,6709.9199,6769.9399,6769.9399,4057029888
2018-06-20,6770.7598,6821.5601,6611.8799,6776.5498,6776.5498,3888640000
2018-06-21,6780.0898,6810.9399,6715.1699,6729.7402,6729.7402,3529129984
2018-06-22,6737.8799,6747.0801,6006.6001,6083.6899,6083.6899,5079810048
2018-06-23,6090.1001,6224.8198,6071.8101,6162.48,6162.48,3431360000
2018-06-24,6164.2798,6223.7798,5826.4102,6173.23,6173.23,4566909952
2018-06-25,6171.9702,6327.3701,6119.6802,6249.1802,6249.1802,5500810240
2018-06-26,6253.5498,6290.1602,6093.6699,6093.6699,6093.6699,3279759872
2018-06-27,6084.3999,6180,6052.8501,6157.1299,6157.1299,3296219904
2018-06-28,6153.1602,6170.4102,5873.0498,5903.4399,5903.4399,3467800064
2018-06-29,5898.1299,6261.6602,5835.75,6218.2998,6218.2998,3966230016
2018-06-30,6214.2202,6465.5098,6214.2202,6404,6404,4543860224
2018-07-01,6411.6802,6432.8501,6289.29,6385.8198,6385.8198,4788259840
2018-07-02,6380.3799,6683.8599,6305.7002,6614.1802,6614.1802,4396930048
2018-07-03,6596.6602,6671.3701,6447.75,6529.5898,6529.5898,4672309760
2018-07-04,6550.8701,6771.9199,6450.46,6597.5498,6597.5498,4176689920
2018-07-05,6599.71,6749.54,6546.6499,6639.1401,6639.1401,4999240192
2018-07-06,6638.6899,6700.9399,6533.5498,6673.5,6673.5,4313959936
2018-07-07,6668.71,6863.9902,6579.2402,6856.9302,6856.9302,3961080064
2018-07-08,6857.7998,6885.9102,6747.98,6773.8799,6773.8799,3386210048
2018-07-09,6775.0801,6838.6802,6724.3398,6741.75,6741.75,3718129920
2018-07-10,6739.21,6767.7402,6320.7202,6329.9502,6329.9502,4052430080
2018-07-11,6330.77,6444.96,6330.4702,6394.71,6394.71,3644859904
2018-07-12,6396.7798,6397.1001,6136.4199,6228.8101,6228.8101,3770170112
2018-07-13,6235.0298,6310.5498,6192.2402,6238.0498,6238.0498,3805400064
2018-07-14,6247.5,6298.1899,6212.2202,6276.1201,6276.1201,2923670016
2018-07-15,6272.7002,6403.46,6256.5098,6359.6401,6359.6401,3285459968
2018-07-16,6357.0098,6741.75,6357.0098,6741.75,6741.75,4725799936
2018-07-17,6739.6499,7387.2402,6684.1699,7321.04,7321.04,5961950208
2018-07-18,7315.3198,7534.9902,7280.4702,7370.7798,7370.7798,6103410176
2018-07-19,7378.2002,7494.46,7295.46,7466.8599,7466.8599,5111629824
2018-07-20,7467.3999,7594.6699,7323.2598,7354.1299,7354.1299,4936869888
2018-07-21,7352.7202,7437.6401,7262.4102,7419.29,7419.29,3726609920
2018-07-22,7417.7998,7537.9502,7383.8198,7418.4902,7418.4902,3695460096
2018-07-23,7414.71,7771.5,7409.1001,7711.1099,7711.1099,5132480000
2018-07-24,7716.5098,8424.2695,7705.5,8424.2695,8424.2695,7277689856
2018-07-25,8379.6602,8416.8701,8086.3599,8181.3901,8181.3901,5845400064
2018-07-26,8176.8501,8290.3301,7878.71,7951.5801,7951.5801,4899089920
2018-07-27,7950.3999,8262.6602,7839.7598,8165.0098,8165.0098,5195879936
2018-07-28,8169.0601,8222.8496,8110.77,8192.1504,8192.1504,3988750080
2018-07-29,8205.8203,8272.2598,8141.1802,8218.46,8218.46,4107190016
2018-07-30,8221.5801,8235.5,7917.5,8180.48,8180.48,5551400000
2018-07-31,8181.2002,8181.5298,7696.9302,7780.4399,7780.4399,5287530000
2018-08-01,7769.04,7769.04,7504.9502,7624.9102,7624.9102,4797620000
2018-08-02,7634.1899,7712.77,7523.4399,7567.1499,7567.1499,4214110000
2018-08-03,7562.1401,7562.1401,7328.6499,7434.3901,7434.3901,4627150000
2018-08-04,7438.6699,7497.4902,6984.0698,7032.8501,7032.8501,4268390000
2018-08-05,7031.0801,7102.77,6940.7002,7068.48,7068.48,3679110000
2018-08-06,7062.9399,7166.5498,6890.54,6951.7998,6951.7998,3925900000
2018-08-07,6958.3198,7146.5601,6748.2402,6753.1201,6753.1201,4682800000
2018-08-08,6746.8501,6746.8501,6226.2202,6305.7998,6305.7998,5064430000
2018-08-09,6305.5601,6625.73,6249.0698,6568.23,6568.23,4267040000
2018-08-10,6571.4199,6591.2598,6124.52,6184.71,6184.71,4528680000
2018-08-11,6185.79,6455.7402,6109.0298,6295.73,6295.73,4047850000
2018-08-12,6283.6499,6409.8501,6237.5,6322.6899,6322.6899,5665250000
2018-08-13,6341.3599,6537.0498,6225.7202,6297.5698,6297.5698,4083980000
2018-08-14,6287.6602,6287.9399,5971.0498,6199.71,6199.71,5301700000
2018-08-15,6221.4199,6588.4902,6221.4199,6308.52,6308.52,4895450000
2018-08-16,6294.23,6473.5,6276.4102,6334.73,6334.73,4328420000
2018-08-17,6340.9102,6582.5,6324.9702,6580.6299,6580.6299,4992990000
2018-08-18,6583.4302,6617.3501,6353.73,6423.7598,6423.7598,3984520000
2018-08-19,6422.5698,6537.98,6361.5498,6506.0698,6506.0698,3311170000
2018-08-20,6500.5098,6536.9199,6297.9302,6308.5298,6308.5298,3665100000
2018-08-21,6301.0698,6500.8701,6298.2402,6488.7598,6488.7598,3377180000
2018-08-22,6486.25,6816.79,6310.1099,6376.71,6376.71,4668110000
2018-08-23,6371.3398,6546.54,6371.3398,6534.8799,6534.8799,3426180000
2018-08-24,6551.52,6719.96,6498.6401,6719.96,6719.96,4097820000
2018-08-25,6719.9502,6789.6299,6700.96,6763.1899,6763.1899,3312600000
2018-08-26,6754.6401,6774.75,6620.75,6707.2598,6707.2598,3295500000
2018-08-27,6710.7998,6884.6401,6689.71,6884.6401,6884.6401,4019000000
2018-08-28,6891.0801,7109.5601,6882.3398,7096.2798,7096.2798,4659940000
2018-08-29,7091.71,7113.2998,6970.8198,7047.1602,7047.1602,4145880000
2018-08-30,7043.7598,7072.6899,6834.6899,6978.23,6978.23,4463250000
2018-08-31,6973.9702,7057.1699,6920.1602,7037.5801,7037.5801,4495650000
2018-09-01,7044.8101,7242.29,7038.0498,7193.25,7193.25,4116050000
2018-09-02,7189.5801,7306.3101,7132.1602,7272.7202,7272.7202,4329540000
2018-09-03,7279.0298,7317.9399,7208.1499,7260.0601,7260.0601,4087760000
2018-09-04,7263,7388.2598,7255.4399,7361.6602,7361.6602,4273640000
2018-09-05,7361.46,7388.4302,6792.8301,6792.8301,6792.8301,5800460000
2018-09-06,6755.1401,6755.1401,6404.7202,6529.1699,6529.1699,5523470000
2018-09-07,6528.9199,6555.29,6396.8701,6467.0698,6467.0698,4264680000
2018-09-08,6460.1699,6534.25,6197.52,6225.98,6225.98,3835060000
2018-09-09,6223.3799,6446.2598,6201.2202,6300.8599,6300.8599,3671890000
2018-09-10,6301.5698,6374.98,6292.7598,6329.7002,6329.7002,3714100000
2018-09-11,6331.8799,6398.9199,6260.21,6321.2002,6321.2002,3849910000
2018-09-12,6317.0098,6363.8701,6265.0898,6351.7998,6351.7998,4064230000
2018-09-13,6354.2402,6535.4102,6354.2402,6517.3101,6517.3101,4210910000
2018-09-14,6515.4102,6596.1001,6456.1699,6512.71,6512.71,4076220000
2018-09-15,6509.3999,6561.7202,6493.5498,6543.2002,6543.2002,3216300000
2018-09-16,6536.6802,6544.3301,6460.1001,6517.1802,6517.1802,3273730000
2018-09-17,6514.0601,6540.21,6257.52,6281.2002,6281.2002,3910780000
2018-09-18,6280.9102,6384.1802,6265.71,6371.2998,6371.2998,4180090000
2018-09-19,6371.8501,6448.46,6208.3398,6398.54,6398.54,4431340000
2018-09-20,6398.8501,6529.2598,6395.9502,6519.6699,6519.6699,4348110000
2018-09-21,6513.8701,6794.3301,6496.3599,6734.9502,6734.9502,6531940000
2018-09-22,6735.0498,6814.5601,6616.7998,6721.98,6721.98,4509660000
2018-09-23,6715.3198,6766.1499,6679.4199,6710.6299,6710.6299,4197500000
2018-09-24,6704.77,6713.5601,6580.8999,6595.4102,6595.4102,4177310000
2018-09-25,6603.6401,6603.6401,6381.8599,6446.4702,6446.4702,4726180000
2018-09-26,6452.79,6585.9102,6397.8901,6495,6495,4437300000
2018-09-27,6495.29,6712.1001,6464.9502,6676.75,6676.75,4606810000
2018-09-28,6678.75,6785.0298,6598.3198,6644.1299,6644.1299,5014430000
2018-09-29,6643.1001,6643.1001,6511.6499,6601.96,6601.96,4363690000
2018-09-30,6604.71,6643.7798,6566.54,6625.5601,6625.5601,4002280000
2018-10-01,6619.8501,6653.2998,6549.0801,6589.6201,6589.6201,4000970000
2018-10-02,6593.2402,6611.8398,6537.8999,6556.1001,6556.1001,3979260000
2018-10-03,6553.8599,6571.46,6454.0298,6502.5898,6502.5898,3887310000
2018-10-04,6497.9102,6603.3101,6497.9102,6576.6899,6576.6899,3838410000
2018-10-05,6574.1499,6623.6201,6557.4102,6622.48,6622.48,3671500000
2018-10-06,6622.4502,6628.54,6577.7998,6588.3101,6588.3101,3259740000
2018-10-07,6590.6802,6641.4902,6557.04,6602.9502,6602.9502,3306630000
2018-10-08,6600.1899,6675.0601,6576.04,6652.23,6652.23,3979460000
2018-10-09,6653.0801,6661.4102,6606.9399,6642.6401,6642.6401,3580810000
2018-10-10,6640.29,6640.29,6538.96,6585.5298,6585.5298,3787650000
2018-10-11,6586.7402,6586.7402,6243.7402,6256.2402,6256.2402,5181640000
2018-10-12,6239.25,6328.5,6236.4702,6274.5801,6274.5801,3783500000
2018-10-13,6278.0801,6308.5098,6259.8101,6285.9902,6285.9902,3064030000
2018-10-14,6288.4902,6363.21,6280.1499,6290.9302,6290.9302,3085320000
2018-10-15,6292.6401,6965.0601,6258.6802,6596.54,6596.54,7370770000
2018-10-16,6601.4102,6673.5898,6571.3701,6596.1099,6596.1099,4074800000
2018-10-17,6590.52,6601.21,6517.4502,6544.4302,6544.4302,4088420000
2018-10-18,6542.3301,6567.54,6450.04,6476.71,6476.71,3924080000
2018-10-19,6478.0698,6493.6802,6445.3101,6465.4102,6465.4102,3578870000
2018-10-20,6460.9199,6497.7202,6449,6489.1899,6489.1899,3379130000
2018-10-21,6490.0898,6556.3799,6476,6482.3501,6482.3501,3253610000
2018-10-22,6486.0498,6543.7998,6462.98,6487.1602,6487.1602,3672860000
2018-10-23,6472.3599,6506.0098,6451.27,6475.7402,6475.7402,3716150000
2018-10-24,6478.8901,6521.9902,6468.8599,6495.8398,6495.8398,3424670000
2018-10-25,6484.6499,6504.6499,6447.0298,6476.29,6476.29,3230550000
2018-10-26,6468.4399,6498.29,6449.6099,6474.75,6474.75,3306050000
2018-10-27,6480.8398,6507.4102,6453.5298,6480.3799,6480.3799,3393250000
2018-10-28,6482.6602,6502.2798,6447.9102,6486.3901,6486.3901,3445190000
2018-10-29,6492.3501,6503.6001,6306.9902,6332.6299,6332.6299,4199910000
2018-10-30,6337.04,6364.9902,6310.1401,6334.27,6334.27,3781100000
2018-10-31,6336.9902,6349.1602,6316.8799,6317.6099,6317.6099,4191240000
2018-11-01,6318.1401,6547.1401,6311.8301,6377.7798,6377.7798,3789400000
2018-11-02,6378.9199,6396.8599,6327.3799,6388.4399,6388.4399,4234870000
2018-11-03,6387.2402,6400.0698,6342.3701,6361.2598,6361.2598,3658640000
2018-11-04,6365.4702,6388.6299,6294.5698,6376.1299,6376.1299,4390020000
2018-11-05,6363.6201,6480.5898,6363.6201,6419.6602,6419.6602,4174800000
2018-11-06,6433.3799,6463.5498,6408.1602,6461.0098,6461.0098,4700040000
2018-11-07,6468.5,6552.1602,6468.3101,6530.1401,6530.1401,4941260000
2018-11-08,6522.27,6536.9199,6438.5298,6453.7202,6453.7202,4665260000
2018-11-09,6442.6001,6456.46,6373.3701,6385.6201,6385.6201,4346820000
2018-11-10,6386.1299,6437.2798,6385.3101,6409.2202,6409.2202,3705320000
2018-11-11,6413.6299,6423.25,6350.1699,6411.27,6411.27,3939060000
2018-11-12,6411.7598,6434.21,6360.4702,6371.27,6371.27,4295770000
2018-11-13,6373.1899,6395.27,6342.6699,6359.4902,6359.4902,4503800000
2018-11-14,6351.2402,6371.5498,5544.0898,5738.3501,5738.3501,7398940000
2018-11-15,5736.1499,5774.8198,5358.3799,5648.0298,5648.0298,7032140000
2018-11-16,5645.3198,5657.02,5498.9399,5575.5498,5575.5498,5279320000
2018-11-17,5578.5801,5578.5801,5519.5601,5554.3301,5554.3301,4303150000
2018-11-18,5559.7402,5653.6099,5559.7402,5623.54,5623.54,4159680000
2018-11-19,5620.7798,5620.7798,4842.9102,4871.4902,4871.4902,7039560000
2018-11-20,4863.9302,4951.6099,4272.1099,4451.8701,4451.8701,8428290000
2018-11-21,4465.54,4675.73,4343.98,4602.1699,4602.1699,6120120000
2018-11-22,4611.5698,4629.6401,4365.6401,4365.9399,4365.9399,4569370000
2018-11-23,4360.7002,4396.4199,4195.6802,4347.1099,4347.1099,4871490000
2018-11-24,4347.6899,4413.0898,3795.1599,3880.76,3880.76,4679500000
2018-11-25,3880.78,4120.8701,3585.0601,4009.97,4009.97,6825640000
2018-11-26,4015.0701,4107.1401,3643.9199,3779.1299,3779.1299,6476900000
2018-11-27,3765.95,3862.96,3661.01,3820.72,3820.72,5998720000
2018-11-28,3822.47,4385.8999,3822.47,4257.4199,4257.4199,7280280000
2018-11-29,4269.0044,4413.0205,4145.7651,4278.8467,4278.8467,6503347767
2018-11-30,4289.0889,4322.9766,3942.822,4017.2686,4017.2686,6048016717
2018-12-01,4024.4644,4309.3774,3969.7107,4214.6719,4214.6719,5375314093
2018-12-02,4200.7334,4301.5195,4110.9785,4139.8779,4139.8779,5262697895
2018-12-03,4147.3237,4155.9795,3840.4463,3894.1309,3894.1309,5089570994
2018-12-04,3886.2949,4075.6277,3832.75,3956.8938,3956.8938,5028069239
2018-12-05,3958.8948,3969.5359,3753.9949,3753.9949,3753.9949,5302481574
2018-12-06,3754.0745,3874.9661,3521.1018,3521.1018,3521.1018,5878333109
2018-12-07,3512.5903,3512.5903,3280.2288,3419.9373,3419.9373,6835615448
2018-12-08,3421.9104,3506.0435,3350.6506,3476.1147,3476.1147,5305024497
2018-12-09,3473.2275,3685.3057,3469.0942,3614.2344,3614.2344,4947372847
2018-12-10,3612.0464,3647.3325,3470.1445,3502.656,3502.656,5020968740
2018-12-11,3497.5547,3513.1851,3392.25,3424.5881,3424.5881,4696765188
2018-12-12,3421.4583,3534.2285,3413.4814,3486.9502,3486.9502,4139364829
2018-12-13,3487.8794,3489.7395,3298.1321,3313.6772,3313.6772,4343372456
2018-12-14,3311.752,3329.5559,3206.5422,3242.4849,3242.4849,4372763663
2018-12-15,3243.9976,3275.3779,3191.3035,3236.7617,3236.7617,3551763561
2018-12-16,3236.2747,3305.7532,3233.8198,3252.8391,3252.8391,3744248994
2018-12-17,3253.123,3597.918,3253.123,3545.8647,3545.8647,5409247918
2018-12-18,3544.7615,3701.3494,3487.1692,3696.0591,3696.0591,5911325473
2018-12-19,3706.825,3949.323,3687.23,3745.9507,3745.9507,6810689119
2018-12-20,3742.1951,4191.2285,3728.9746,4134.4414,4134.4414,8927129279
2018-12-21,4133.7036,4198.4297,3850.9463,3896.5437,3896.5437,7206015706
2018-12-22,3898.0837,4014.1826,3855.739,4014.1826,4014.1826,5605823233
2018-12-23,4020.9946,4085.7236,3976.4058,3998.9802,3998.9802,6151275490
2018-12-24,4000.3318,4271.7925,4000.3318,4078.5991,4078.5991,7240968501
2018-12-25,4081.0305,4089.5615,3760.0205,3815.4907,3815.4907,6158207293
2018-12-26,3819.6667,3893.3596,3769.8638,3857.2976,3857.2976,5326547918
2018-12-27,3854.6885,3874.417,3645.4485,3654.8335,3654.8335,5130222366
2018-12-28,3653.1318,3956.136,3642.6321,3923.9187,3923.9187,5631554348
2018-12-29,3932.4917,3963.7588,3820.4087,3820.4087,3820.4087,4991655917
2018-12-30,3822.3848,3901.9089,3797.2192,3865.9526,3865.9526,4770578575
2018-12-31,3866.8391,3868.7429,3725.8674,3742.7004,3742.7004,4661840806
2019-01-01,3746.7134,3850.9138,3707.2312,3843.52,3843.52,4324200990
2019-01-02,3849.2163,3947.9812,3817.4094,3943.4094,3943.4094,5244856836
2019-01-03,3931.0486,3935.6851,3826.2229,3836.7412,3836.7412,4530215219
2019-01-04,3832.04,3865.9346,3783.8538,3857.7175,3857.7175,4847965467
2019-01-05,3851.9739,3904.9031,3836.9001,3845.1946,3845.1946,5137609824
2019-01-06,3836.519,4093.2974,3826.5132,4076.6326,4076.6326,5597027440
2019-01-07,4078.585,4092.6135,4020.894,4025.2483,4025.2483,5228625637
2019-01-08,4028.4722,4109.021,3996.9553,4030.8479,4030.8479,5306593305
2019-01-09,4031.552,4068.4036,4022.6628,4035.2964,4035.2964,5115905225
2019-01-10,4034.4114,4064.0667,3659.1746,3678.9246,3678.9246,6874143796
2019-01-11,3674.0154,3713.8818,3653.0698,3687.3655,3687.3655,5538712865
2019-01-12,3686.9731,3698.9783,3653.8108,3661.301,3661.301,4778170883
2019-01-13,3658.8682,3674.76,3544.9272,3552.9531,3552.9531,4681302466
2019-01-14,3557.311,3727.8362,3552.2852,3706.0522,3706.0522,5651384490
2019-01-15,3704.2163,3720.1533,3619.9492,3630.6753,3630.6753,5537192302
2019-01-16,3631.5098,3685.7771,3624.6733,3655.0068,3655.0068,5394457145
2019-01-17,3651.8711,3680.136,3621.9609,3678.564,3678.564,5464420383
2019-01-18,3677.9905,3682.52,3637.0808,3657.8394,3657.8394,5002961727
2019-01-19,3652.3779,3758.5334,3652.3779,3728.5684,3728.5684,5955691380
2019-01-20,3725.446,3743.3879,3583.0195,3601.0137,3601.0137,5582489560
2019-01-21,3600.3728,3608.8408,3558.5371,3576.0325,3576.0325,5004347059
2019-01-22,3575.0813,3620.7466,3539.7214,3604.5771,3604.5771,5313623556
2019-01-23,3605.5571,3623.0679,3565.314,3585.123,3585.123,5433755649
2019-01-24,3584.5002,3616.0874,3569.0928,3600.8655,3600.8655,5262869046
2019-01-25,3607.3904,3612.9277,3575.5974,3599.7659,3599.7659,5265847539
2019-01-26,3599.7153,3654.9331,3593.3459,3602.4604,3602.4604,5098183235
2019-01-27,3604.6873,3612.6714,3567.2458,3583.9658,3583.9658,5570752966
2019-01-28,3584.2832,3586.751,3439.2329,3470.4504,3470.4504,6908930483
2019-01-29,3468.8701,3476.0654,3400.8198,3448.1169,3448.1169,5897159493
2019-01-30,3443.897,3495.1748,3429.3879,3486.1816,3486.1816,5955112627
2019-01-31,3485.4092,3504.8049,3447.9158,3457.7927,3457.7927,5831198271
2019-02-01,3460.5471,3501.9541,3431.5916,3487.9453,3487.9453,5422926707
2019-02-02,3484.626,3523.2874,3467.5747,3521.0608,3521.0608,5071623601
2019-02-03,3516.1396,3521.3882,3447.9243,3464.0134,3464.0134,5043937584
2019-02-04,3467.2117,3476.2239,3442.5869,3459.1541,3459.1541,5332718886
2019-02-05,3454.9509,3478.1482,3451.937,3466.3574,3466.3574,5227549545
2019-02-06,3469.0918,3469.0918,3398.5654,3413.7678,3413.7678,5482196038
2019-02-07,3414.9294,3427.9456,3394.2185,3399.4717,3399.4717,5004962683
2019-02-08,3401.3765,3695.614,3391.0237,3666.7803,3666.7803,7735623101
2019-02-09,3671.5859,3679.9414,3646.5593,3671.2036,3671.2036,6158833645
2019-02-10,3673.2014,3695.0361,3640.98,3690.1882,3690.1882,6282256903
2019-02-11,3695.613,3695.613,3642.2878,3648.4307,3648.4307,6277056434
2019-02-12,3642.752,3668.5869,3618.5569,3653.5286,3653.5286,6480384532
2019-02-13,3653.604,3669.7466,3617.2463,3632.0706,3632.0706,6438903823
2019-02-14,3631.1702,3646.2566,3607.6978,3616.8809,3616.8809,6271044418
2019-02-15,3617.3684,3647.7952,3608.2065,3620.8108,3620.8108,6091952231
2019-02-16,3615.2703,3652.8413,3615.2703,3629.7876,3629.7876,5934744052
2019-02-17,3633.3594,3680.5374,3619.1821,3673.8362,3673.8362,7039512503
2019-02-18,3671.3699,3936.665,3669.9824,3915.7144,3915.7144,9908216640
2019-02-19,3911.6616,4010.8794,3908.1531,3947.0945,3947.0945,9933626655
2019-02-20,3946.6851,4000.4863,3926.2468,3999.8206,3999.8206,8693373948
2019-02-21,4000.2568,4010.0095,3940.1082,3954.1182,3954.1182,7775128102
2019-02-22,3952.4065,4006.5383,3950.8164,4005.5266,4005.5266,7826525254
2019-02-23,3998.9163,4166.2861,3968.7268,4142.5269,4142.5269,8922258316
2019-02-24,4145.458,4210.6416,3793.709,3810.4275,3810.4275,10794227451
2019-02-25,3807.0024,3913.7073,3807.0024,3882.6963,3882.6963,9318796067
2019-02-26,3878.6973,3891.5789,3837.9863,3854.3579,3854.3579,7931218996
2019-02-27,3857.4797,3888.8025,3787.0588,3851.0474,3851.0474,8301309684
2019-02-28,3848.262,3906.0583,3845.8213,3854.7854,3854.7854,8399767798
2019-03-01,3853.7571,3907.7954,3851.6924,3859.5837,3859.5837,7661247975
2019-03-02,3855.3181,3874.6074,3832.1279,3864.415,3864.415,7578786076
2019-03-03,3862.2661,3875.4836,3836.9058,3847.1758,3847.1758,7253558152
2019-03-04,3845.0916,3867.3818,3733.7498,3761.5571,3761.5571,9029175788
2019-03-05,3759.8325,3903.9167,3745.1831,3896.375,3896.375,10174126415
2019-03-06,3897.0811,3919.5105,3871.4607,3903.9426,3903.9426,9175291529
2019-03-07,3903.3848,3939.3733,3894.113,3911.4844,3911.4844,9584165519
2019-03-08,3913.2258,3950.4321,3875.2285,3901.1316,3901.1316,10638638944
2019-03-09,3894.5525,3987.2378,3892.3904,3963.3137,3963.3137,10796103518
2019-03-10,3966.1743,3966.1743,3924.3811,3951.5999,3951.5999,9713267607
2019-03-11,3953.7402,3966.3848,3889.239,3905.2273,3905.2273,10125901903
2019-03-12,3903.7583,3926.8892,3863.5591,3909.1562,3909.1562,9809887079
2019-03-13,3913.0474,3926.5977,3891.9043,3906.7173,3906.7173,9469184841
2019-03-14,3905.5769,3946.5044,3901.2969,3924.3691,3924.3691,10480789570
2019-03-15,3926.6633,3968.543,3914.0154,3960.9111,3960.9111,9394210605
2019-03-16,3963.9001,4077.0364,3961.6575,4048.7258,4048.7258,9856166973
2019-03-17,4047.7195,4054.1221,4006.4111,4025.229,4025.229,8221625400
2019-03-18,4029.9685,4071.5566,4009.1172,4032.5073,4032.5073,9646954186
2019-03-19,4032.6919,4082.2161,4023.8125,4071.1902,4071.1902,9344919956
2019-03-20,4070.7939,4089.4619,4031.1108,4087.4763,4087.4763,10175916388
2019-03-21,4083.9539,4097.3599,4005.1514,4029.3269,4029.3269,10831212662
2019-03-22,4028.5146,4053.9067,4021.5425,4023.9683,4023.9683,9252935969
2019-03-23,4022.7134,4049.8826,4015.9646,4035.8264,4035.8264,9578850549
2019-03-24,4035.1636,4040.6997,4006.1929,4022.1682,4022.1682,9144851065
2019-03-25,4024.1128,4038.8408,3934.0312,3963.0706,3963.0706,10359818883
2019-03-26,3969.2288,3985.0808,3944.7532,3985.0808,3985.0808,10707678815
2019-03-27,3984.2449,4087.0662,3977.8105,4087.0662,4087.0662,10897131934
2019-03-28,4087.5845,4094.9021,4040.2664,4069.1072,4069.1072,9353915899
2019-03-29,4068.2998,4113.501,4034.0972,4098.3745,4098.3745,10918665557
2019-03-30,4092.1362,4296.8066,4053.9097,4106.6602,4106.6602,9732688060
2019-03-31,4105.4561,4113.0234,4094.1008,4105.4043,4105.4043,9045122443
2019-04-01,4105.3623,4164.9531,4096.9014,4158.1831,4158.1831,10157794171
2019-04-02,4156.9194,4905.9546,4155.3169,4879.8779,4879.8779,21315047816
2019-04-03,4879.958,5307.0034,4876.6211,4973.022,4973.022,22899891582
2019-04-04,4971.3076,5063.1597,4836.7939,4922.7988,4922.7988,18251810240
2019-04-05,4922.8062,5053.5098,4919.4917,5036.6812,5036.6812,16837325387
2019-04-06,5036.793,5205.8218,4992.2222,5059.8174,5059.8174,16929795194
2019-04-07,5062.7939,5235.1865,5050.4121,5198.897,5198.897,16655416140
2019-04-08,5199.8354,5318.8364,5148.2119,5289.771,5289.771,17154113634
2019-04-09,5289.918,5289.918,5167.4189,5204.9585,5204.9585,14722104361
2019-04-10,5204.1055,5421.6514,5193.3823,5324.5518,5324.5518,15504590933
2019-04-11,5325.0815,5354.2256,5017.2964,5064.4878,5064.4878,16555616019
2019-04-12,5061.2007,5103.2744,4955.8525,5089.5391,5089.5391,13675206312
2019-04-13,5088.8501,5127.1221,5061.5894,5096.5864,5096.5864,10823289598
2019-04-14,5095.7588,5184.0161,5053.5684,5167.7222,5167.7222,10391952498
2019-04-15,5167.3218,5196.6069,5024.0693,5067.1084,5067.1084,12290155061
2019-04-16,5066.5776,5238.9453,5055.1948,5235.5596,5235.5596,11618660197
2019-04-17,5236.1353,5274.2754,5219.2056,5251.938,5251.938,12438480677
2019-04-18,5251.4805,5319.9863,5250.5068,5298.3857,5298.3857,13256489918
2019-04-19,5298.1543,5336.6802,5233.335,5303.8125,5303.8125,13780238655
2019-04-20,5304.1606,5358.4907,5295.8779,5337.8862,5337.8862,13169647522
2019-04-21,5335.8789,5359.9248,5257.3394,5314.5312,5314.5312,13731844223
2019-04-22,5312.4946,5422.6875,5280.2769,5399.3652,5399.3652,14601631648
2019-04-23,5399.3657,5633.8022,5389.4087,5572.3623,5572.3623,15867308108
2019-04-24,5571.5083,5642.0444,5418.2632,5464.8667,5464.8667,17048033399
2019-04-25,5466.5244,5542.2383,5181.3389,5210.5156,5210.5156,15330283408
2019-04-26,5210.3047,5383.6343,5177.3687,5279.3481,5279.3481,16812108040
2019-04-27,5279.4712,5310.75,5233.6357,5268.291,5268.291,13111274675
2019-04-28,5271.7466,5326.2319,5255.6836,5285.1392,5285.1392,12819992056
2019-04-29,5284.8584,5311.2749,5216.4878,5247.3525,5247.3525,13735490672
2019-04-30,5247.7261,5363.2573,5224.1899,5350.7266,5350.7266,13878964574
2019-05-01,5350.9146,5418.0039,5347.646,5402.6973,5402.6973,13679528236
2019-05-02,5402.4229,5522.2627,5394.2173,5505.2837,5505.2837,14644460907
2019-05-03,5505.5522,5865.8818,5490.2017,5768.2896,5768.2896,18720780006
2019-05-04,5769.2026,5886.8936,5645.4692,5831.1675,5831.1675,17567780766
2019-05-05,5831.0684,5833.8628,5708.0352,5795.7085,5795.7085,14808830723
2019-05-06,5791.6934,5802.9575,5653.6875,5746.8071,5746.8071,15737171804
2019-05-07,5745.5991,5988.1782,5741.396,5829.5015,5829.5015,18026409033
2019-05-08,5849.4814,5989.981,5794.7158,5982.4575,5982.4575,15320605300
2019-05-09,5982.3164,6183.0391,5982.3164,6174.5288,6174.5288,16784645411
2019-05-10,6175.8228,6434.6177,6161.519,6378.8491,6378.8491,19419875368
2019-05-11,6379.667,7333.0029,6375.6987,7204.7715,7204.7715,28867562329
2019-05-12,7203.5073,7503.8721,6815.771,6972.3716,6972.3716,27773333680
2019-05-13,6971.1782,8047.4131,6898.2822,7814.915,7814.915,28677672181
2019-05-14,7807.8843,8268.7129,7696.3911,7994.416,7994.416,32031452227
2019-05-15,7989.3745,8216.4238,7899.1069,8205.168,8205.168,28344112920
2019-05-16,8194.501,8320.8242,7729.6084,7884.9092,7884.9092,33167197581
2019-05-17,7886.9258,7929.1455,7038.1245,7343.8955,7343.8955,30066644905
2019-05-18,7341.6646,7447.272,7251.5044,7271.208,7271.208,21354286562
2019-05-19,7267.9629,8261.9414,7267.9629,8197.6895,8197.6895,25902422040
2019-05-20,8196.9238,8200.9678,7678.7817,7978.3091,7978.3091,23843404340
2019-05-21,7977.9692,8062.168,7843.3398,7963.3276,7963.3276,25127245056
2019-05-22,7956.292,7997.6123,7615.9873,7680.0664,7680.0664,24719473175
2019-05-23,7677.269,7943.7915,7533.1968,7881.8467,7881.8467,24457107820
2019-05-24,7881.6953,8140.7197,7824.4487,7987.3716,7987.3716,25919126991
2019-05-25,7991.8853,8117.9258,7965.9761,8052.5439,8052.5439,22256813107
2019-05-26,8055.2061,8687.5205,7924.6704,8673.2158,8673.2158,26677970091
2019-05-27,8674.0723,8907.1748,8668.7051,8805.7783,8805.7783,27949839564
2019-05-28,8802.7578,8807.0166,8634.7217,8719.9619,8719.9619,24226919267
2019-05-29,8718.5918,8755.8525,8482.7285,8659.4873,8659.4873,23473479966
2019-05-30,8661.7607,9008.3145,8221.2734,8319.4727,8319.4727,29246528551
2019-05-31,8320.2861,8586.6592,8172.5508,8574.502,8574.502,25365190957
2019-06-01,8573.8398,8625.6006,8481.5781,8564.0166,8564.0166,22488303544
2019-06-02,8565.4736,8809.3037,8561.2354,8742.958,8742.958,20266216022
2019-06-03,8741.7471,8743.5,8204.1855,8208.9951,8208.9951,22004511436
2019-06-04,8210.9854,8210.9854,7564.4888,7707.771,7707.771,24609731549
2019-06-05,7704.3433,7901.8491,7668.6685,7824.2314,7824.2314,21760923463
2019-06-06,7819.6333,7937.3408,7571.4712,7822.0234,7822.0234,19474611077
2019-06-07,7826.9014,8126.1533,7788.3735,8043.9512,8043.9512,19141423231
2019-06-08,8036.7749,8076.8911,7837.6108,7954.1279,7954.1279,16522722810
2019-06-09,7949.6748,7975.9741,7583.2197,7688.0771,7688.0771,16610726547
2019-06-10,7692.2847,8031.9097,7586.731,8000.3296,8000.3296,18689275117
2019-06-11,8004.2437,8026.394,7772.8037,7927.7144,7927.7144,17107279932
2019-06-12,7925.4341,8196.6484,7862.3599,8145.8574,8145.8574,19034432883
2019-06-13,8145.5454,8311.5674,8087.061,8230.9238,8230.9238,18669407147
2019-06-14,8230.8984,8710.6367,8183.3931,8693.833,8693.833,19831162906
2019-06-15,8689.7461,8859.1279,8618.3955,8838.375,8838.375,18371033226
2019-06-16,8841.4404,9335.8672,8814.5566,8994.4883,8994.4883,23348550311
2019-06-17,8988.9238,9416.4072,8988.9238,9320.3525,9320.3525,15562951919
2019-06-18,9335.4668,9348.374,9004.9014,9081.7627,9081.7627,15848210536
2019-06-19,9078.7275,9299.6211,9070.3955,9273.5215,9273.5215,15546809946
2019-06-20,9273.0605,9594.4199,9232.4844,9527.1602,9527.1602,17846823784
2019-06-21,9525.0742,10144.557,9525.0742,10144.557,10144.557,20624008643
2019-06-22,10175.924,11157.346,10107.035,10701.691,10701.691,29995204861
2019-06-23,10696.691,11246.145,10556.096,10855.371,10855.371,20998326502
2019-06-24,10853.744,11065.896,10610.428,11011.103,11011.103,19271652365
2019-06-25,11007.202,11790.917,11007.202,11790.917,11790.917,24879684533
2019-06-26,11778.581,13796.489,11755.598,13016.231,13016.231,45105733173
2019-06-27,13017.125,13311.145,10491.853,11182.807,11182.807,39977475223
2019-06-28,11162.168,12445.175,10914.495,12407.332,12407.332,35087757766
2019-06-29,12400.764,12400.91,11508.379,11959.371,11959.371,29923961128
2019-06-30,11931.991,12178.384,10799.009,10817.155,10817.155,27256473494
2019-07-01,10796.931,11206.439,10089.314,10583.135,10583.135,29378589324
2019-07-02,10588.684,10912.188,9737.8848,10801.678,10801.678,31015895223
2019-07-03,10818.156,11968.078,10818.156,11961.27,11961.27,30796494294
2019-07-04,11972.719,12006.075,11166.569,11215.438,11215.438,25920294033
2019-07-05,11203.103,11395.661,10874.965,10978.46,10978.46,23838480210
2019-07-06,10982.544,11620.965,10982.544,11208.551,11208.551,21092024306
2019-07-07,11217.616,11541.62,11148.805,11450.847,11450.847,19369044277
2019-07-08,11446.597,12345.833,11393.374,12285.958,12285.958,23482551458
2019-07-09,12284.326,12779.132,12233.262,12573.812,12573.812,28167921523
2019-07-10,12571.537,13129.529,11710.979,12156.513,12156.513,33627574244
2019-07-11,12139.714,12144.623,11158.923,11358.662,11358.662,28595327690
2019-07-12,11354.3,11905.487,11179.145,11815.986,11815.986,23534692797
2019-07-13,11813.127,11841.957,10908.479,11392.379,11392.379,21042616384
2019-07-14,11381.021,11451.204,10234.576,10256.059,10256.059,22486000001
2019-07-15,10257.839,11052.767,9992.0068,10895.09,10895.09,25384047207
2019-07-16,10896.653,10996.633,9448.1064,9477.6416,9477.6416,24151199070
2019-07-17,9471.2139,9963.1348,9163.1348,9693.8027,9693.8027,24569921549
2019-07-18,9698.5029,10736.843,9376.7988,10666.482,10666.482,25187024648
2019-07-19,10653.956,10716.98,10229.629,10530.732,10530.732,20727426310
2019-07-20,10525.819,11048.662,10451.276,10767.14,10767.14,20206615155
2019-07-21,10777.529,10841.888,10389.6,10599.105,10599.105,17130580467
2019-07-22,10596.948,10651.791,10154.922,10343.106,10343.106,16334414913
2019-07-23,10346.748,10346.748,9883.5947,9900.7676,9900.7676,17851916995
2019-07-24,9887.7305,9908.7969,9614.3066,9811.9258,9811.9258,17398734322
2019-07-25,9809.0967,10154.254,9773.957,9911.8418,9911.8418,15821952090
2019-07-26,9913.127,9916.5176,9717.9824,9870.3037,9870.3037,14495714483
2019-07-27,9871.165,10167.32,9411.5215,9477.6777,9477.6777,16817809536
2019-07-28,9491.627,9575.5449,9252.2969,9552.8604,9552.8604,13738687093
2019-07-29,9548.1787,9681.6484,9472.9482,9519.1455,9519.1455,13791445323
2019-07-30,9522.3291,9701.7598,9437.3359,9607.4238,9607.4238,13829811132
2019-07-31,9604.0508,10085.628,9598.0977,10085.628,10085.628,16631520648
2019-08-01,10077.442,10446.92,9922.0195,10399.669,10399.669,17165337858
2019-08-02,10402.043,10657.953,10371.014,10518.175,10518.175,17489094082
2019-08-03,10519.278,10946.781,10503.505,10821.727,10821.727,15352685061
2019-08-04,10821.633,11009.207,10620.278,10970.185,10970.185,16530894787
2019-08-05,10960.735,11895.092,10960.735,11805.653,11805.653,23875988832
2019-08-06,11811.545,12273.821,11290.731,11478.169,11478.169,23635107660
2019-08-07,11476.193,12036.99,11433.701,11941.969,11941.969,22194988641
2019-08-08,11954.04,11979.42,11556.168,11966.407,11966.407,19481591730
2019-08-09,11953.47,11970.458,11709.745,11862.937,11862.937,18339989960
2019-08-10,11861.557,11915.655,11323.898,11354.024,11354.024,18125355447
2019-08-11,11349.74,11523.579,11248.295,11523.579,11523.579,15774371518
2019-08-12,11528.189,11528.189,11320.951,11382.616,11382.616,13647198229
2019-08-13,11385.053,11420.05,10830.327,10895.83,10895.83,16681503537
2019-08-14,10889.487,10889.557,10028.136,10051.704,10051.704,19990838300
2019-08-15,10038.422,10437.411,9675.3164,10311.546,10311.546,22899115082
2019-08-16,10319.42,10524.35,9855.4785,10374.339,10374.339,20228207096
2019-08-17,10358.723,10452.625,10086.698,10231.744,10231.744,13778035685
2019-08-18,10233.006,10487.07,10119.095,10345.811,10345.811,12999813869
2019-08-19,10350.283,10916.054,10313.204,10916.054,10916.054,16038264603
2019-08-20,10916.347,10947.042,10618.961,10763.232,10763.232,15053082175
2019-08-21,10764.572,10798.729,9962.7217,10138.05,10138.05,19473084768
2019-08-22,10142.521,10232.996,9831.4629,10131.056,10131.056,17097508856
2019-08-23,10136.31,10442.443,10078.192,10407.965,10407.965,15627023886
2019-08-24,10407.645,10418.021,9982.2969,10159.961,10159.961,15451030650
2019-08-25,10160.737,10304.622,10008.789,10138.518,10138.518,14153856610
2019-08-26,10126.3,10512.328,10126.3,10370.82,10370.82,18438654080
2019-08-27,10372.826,10381.328,10087.301,10185.5,10185.5,14762609503
2019-08-28,10203.427,10279.366,9716.6562,9754.4229,9754.4229,17603790323
2019-08-29,9756.7861,9756.7861,9421.6299,9510.2002,9510.2002,17045878501
2019-08-30,9514.8447,9656.124,9428.3027,9598.1738,9598.1738,13595263986
2019-08-31,9597.5391,9673.2207,9531.7998,9630.6641,9630.6641,11454806419
2019-09-01,9630.5928,9796.7559,9582.9443,9757.9707,9757.9707,11445355859
2019-09-02,9757.4736,10396.592,9730.6504,10346.761,10346.761,17248102294
2019-09-03,10345.726,10736.104,10308.548,10623.54,10623.54,19384917989
2019-09-04,10621.181,10762.645,10434.71,10594.493,10594.493,16742664769
2019-09-05,10588.184,10627.27,10516.418,10575.533,10575.533,14551239508
2019-09-06,10578.198,10898.762,10292.3,10353.303,10353.303,19536574783
2019-09-07,10353.932,10558.674,10348.919,10517.255,10517.255,15307366476
2019-09-08,10518.114,10595.638,10409.091,10441.276,10441.276,13670567493
2019-09-09,10443.229,10450.312,10144.93,10334.975,10334.975,17595943368
2019-09-10,10336.408,10394.354,10020.573,10115.976,10115.976,14906809639
2019-09-11,10123.035,10215.948,9980.7764,10178.372,10178.372,15428063426
2019-09-12,10176.819,10442.254,10099.242,10410.127,10410.127,15323563925
2019-09-13,10415.362,10441.489,10226.597,10360.547,10360.547,14109864675
2019-09-14,10345.403,10422.134,10291.694,10358.049,10358.049,13468713124
2019-09-15,10356.466,10387.035,10313.093,10347.713,10347.713,12043433567
2019-09-16,10347.223,10386.867,10189.744,10276.794,10276.794,15160167779
2019-09-17,10281.514,10296.771,10199.739,10241.272,10241.272,15304603363
2019-09-18,10247.796,10275.929,10191.47,10198.248,10198.248,16169268880
2019-09-19,10200.496,10295.669,9851.6924,10266.415,10266.415,19937691247
2019-09-20,10266.318,10285.872,10132.187,10181.642,10181.642,14734189639
2019-09-21,10183.648,10188.098,10000.708,10019.717,10019.717,13425266806
2019-09-22,10024.115,10074.444,9922.5332,10070.393,10070.393,13199651698
2019-09-23,10067.963,10074.238,9727.1436,9729.3242,9729.3242,15144925408
2019-09-24,9729.3213,9804.3174,8370.8018,8620.5664,8620.5664,25002886689
2019-09-25,8603.4287,8744.8281,8325.3965,8486.9932,8486.9932,21744728353
2019-09-26,8487.6699,8515.6855,7895.6294,8118.9678,8118.9678,19258205289
2019-09-27,8113.1011,8271.5205,7965.9229,8251.8457,8251.8457,16408941156
2019-09-28,8251.2734,8285.6172,8125.4316,8245.915,8245.915,14141152736
2019-09-29,8246.0371,8261.707,7990.4971,8104.1855,8104.1855,13034629109
2019-09-30,8104.2266,8314.2314,7830.7588,8293.8682,8293.8682,17115474183
2019-10-01,8299.7207,8497.6924,8232.6797,8343.2764,8343.2764,15305343413
2019-10-02,8344.2129,8393.042,8227.6953,8393.042,8393.042,13125712443
2019-10-03,8390.7744,8414.2275,8146.437,8259.9922,8259.9922,13668823409
2019-10-04,8259.4941,8260.0557,8151.2368,8205.9395,8205.9395,13139456229
2019-10-05,8210.1494,8215.5264,8071.1206,8151.5005,8151.5005,12200497197
2019-10-06,8149.877,8161.4102,7958.8506,7988.1558,7988.1558,13160830305
2019-10-07,7989.1206,8308.4502,7905.7661,8245.623,8245.623,18009742607
2019-10-08,8246.8496,8332.7148,8185.7632,8228.7832,8228.7832,15592264032
2019-10-09,8229.8408,8627.7061,8169.2988,8595.7402,8595.7402,19384942333
2019-10-10,8585.2803,8625.2725,8471.9336,8586.4736,8586.4736,17618660671
2019-10-11,8585.2627,8721.7803,8316.1816,8321.7568,8321.7568,19604381101
2019-10-12,8315.665,8415.2422,8313.3408,8336.5557,8336.5557,14532641605
2019-10-13,8336.9023,8470.9883,8276.6123,8321.0059,8321.0059,13808286059
2019-10-14,8320.832,8390.209,8284.1309,8374.6865,8374.6865,15151387859
2019-10-15,8373.458,8410.7148,8182.7065,8205.3691,8205.3691,15220412632
2019-10-16,8204.6748,8216.8125,7985.0898,8047.5269,8047.5269,16071646996
2019-10-17,8047.8125,8134.8315,8000.9429,8103.9111,8103.9111,14313052244
2019-10-18,8100.9336,8138.4136,7902.1641,7973.2075,7973.2075,15651592610
2019-10-19,7973.8037,8082.6294,7944.7769,7988.5605,7988.5605,13797825640
2019-10-20,7997.8071,8281.8184,7949.4395,8222.0781,8222.0781,15504249442
2019-10-21,8225.1152,8296.6943,8196.416,8243.7207,8243.7207,15868748866
2019-10-22,8243.4023,8296.6514,8074.4629,8078.2031,8078.2031,16803377857
2019-10-23,8076.2285,8092.9995,7469.3228,7514.6719,7514.6719,21942878958
2019-10-24,7509.728,7532.8677,7446.9888,7493.4888,7493.4888,16268708849
2019-10-25,7490.7031,8691.54,7479.9844,8660.7002,8660.7002,28705065488
2019-10-26,8667.5771,10021.744,8662.6221,9244.9727,9244.9727,44496255609
2019-10-27,9241.707,9749.5293,9112.542,9551.7148,9551.7148,32593129501
2019-10-28,9565.1016,9805.1182,9256.1484,9256.1484,9256.1484,30948255332
2019-10-29,9248.4404,9516.1807,9232.6484,9427.6875,9427.6875,28426779937
2019-10-30,9422.4629,9426.874,9085.3701,9205.7266,9205.7266,27706531577
2019-10-31,9202.458,9383.1611,9028.7178,9199.585,9199.585,26583653947
2019-11-01,9193.9922,9275.6572,9132.0479,9261.1045,9261.1045,24324691031
2019-11-02,9259.7832,9377.4863,9249.5879,9324.7178,9324.7178,21242676385
2019-11-03,9324.7871,9379.8066,9141.252,9235.3545,9235.3545,21132220847
2019-11-04,9235.6074,9505.0518,9191.4854,9412.6123,9412.6123,26170255634
2019-11-05,9413.0049,9457.418,9256.9316,9342.5273,9342.5273,26198609048
2019-11-06,9340.8643,9423.2373,9305.9092,9360.8799,9360.8799,23133895765
2019-11-07,9352.3936,9368.4766,9202.3535,9267.5615,9267.5615,22700383839
2019-11-08,9265.3682,9272.7598,8775.5342,8804.8809,8804.8809,24333037836
2019-11-09,8809.4688,8891.8184,8793.1631,8813.582,8813.582,17578630606
2019-11-10,8812.4893,9103.8262,8806.1621,9055.5264,9055.5264,20587919881
2019-11-11,9056.918,9081.2793,8700.6084,8757.7881,8757.7881,20265510765
2019-11-12,8759.752,8853.7686,8685.4277,8815.6621,8815.6621,20309769107
2019-11-13,8812.0332,8836.8418,8761.6514,8808.2627,8808.2627,17545755405
2019-11-14,8811.9365,8826.9434,8692.5518,8708.0947,8708.0947,19084739975
2019-11-15,8705.708,8730.873,8484.8438,8491.9922,8491.9922,21796856471
2019-11-16,8491.166,8591.9971,8473.9736,8550.7607,8550.7607,16495389808
2019-11-17,8549.4707,8727.7891,8500.9678,8577.9756,8577.9756,18668638897
2019-11-18,8573.9805,8653.2803,8273.5732,8309.2861,8309.2861,21579470673
2019-11-19,8305.1348,8408.5166,8099.9634,8206.1455,8206.1455,21083613816
2019-11-20,8203.6133,8237.2402,8010.5117,8027.2681,8027.2681,20764300437
2019-11-21,8023.6445,8110.0981,7597.3818,7642.75,7642.75,22514243371
2019-11-22,7643.5693,7697.3828,6936.7065,7296.5776,7296.5776,34242315785
2019-11-23,7296.1646,7442.2588,7151.418,7397.7969,7397.7969,21008924418
2019-11-24,7398.6338,7408.5771,7029.2891,7047.917,7047.917,30433517289
2019-11-25,7039.9771,7319.8569,6617.167,7146.1338,7146.1338,42685231262
2019-11-26,7145.1592,7320.2305,7098.5723,7218.3711,7218.3711,21129505542
2019-11-27,7220.8809,7619.6934,6974.1743,7531.6636,7531.6636,23991412764
2019-11-28,7536.8203,7730.0728,7454.1216,7463.106,7463.106,19050116751
2019-11-29,7466.7271,7781.1797,7460.7563,7761.2437,7761.2437,19709695456
2019-11-30,7764.0571,7836.1021,7515.8496,7569.6299,7569.6299,17158194786
2019-12-01,7571.6162,7571.6162,7291.3418,7424.2925,7424.2925,18720708479
2019-12-02,7424.0361,7474.8188,7233.3994,7321.9883,7321.9883,17082040706
2019-12-03,7323.9756,7418.8589,7229.3569,7320.1455,7320.1455,14797485769
2019-12-04,7320.125,7539.7847,7170.9229,7252.0347,7252.0347,21664240918
2019-12-05,7253.2417,7743.4316,7232.6768,7448.3076,7448.3076,18816085231
2019-12-06,7450.5615,7546.9966,7392.1753,7546.9966,7546.9966,18104466307
2019-12-07,7547.2656,7589.9517,7525.7114,7556.2378,7556.2378,15453520564
2019-12-08,7551.3389,7634.6064,7476.0913,7564.3452,7564.3452,15409908086
2019-12-09,7561.7954,7618.0918,7365.9854,7400.8994,7400.8994,17872021272
2019-12-10,7397.1343,7424.0229,7246.0439,7278.1196,7278.1196,18249031195
2019-12-11,7277.1978,7324.1562,7195.5273,7217.4272,7217.4272,16350490689
2019-12-12,7216.7388,7266.6396,7164.7412,7243.1343,7243.1343,18927080224
2019-12-13,7244.6621,7293.5605,7227.1226,7269.6846,7269.6846,17125736940
2019-12-14,7268.9028,7308.8364,7097.209,7124.6738,7124.6738,17137029730
2019-12-15,7124.2397,7181.0757,6924.376,7152.3018,7152.3018,16881129804
2019-12-16,7153.6631,7171.1689,6903.6826,6932.4805,6932.4805,20213265950
2019-12-17,6931.3154,6964.0752,6587.9741,6640.5151,6640.5151,22363804217
2019-12-18,6647.6982,7324.9849,6540.0493,7276.8027,7276.8027,31836522778
2019-12-19,7277.5908,7346.6025,7041.3818,7202.8442,7202.8442,25904604416
2019-12-20,7208.6367,7257.9219,7086.124,7218.8164,7218.8164,22633815180
2019-12-21,7220.5938,7223.2261,7112.7358,7191.1587,7191.1587,19312552168
2019-12-22,7191.1885,7518.0332,7167.1792,7511.5889,7511.5889,23134537956
2019-12-23,7508.9023,7656.1763,7326.1924,7355.6284,7355.6284,27831788041
2019-12-24,7354.3931,7535.7168,7269.5288,7322.5322,7322.5322,22991622105
2019-12-25,7325.7559,7357.02,7220.9912,7275.1558,7275.1558,21559505149
2019-12-26,7274.7993,7388.3027,7200.3867,7238.9668,7238.9668,22787010034
2019-12-27,7238.1411,7363.5293,7189.9341,7290.0884,7290.0884,22777360996
2019-12-28,7289.0312,7399.041,7286.9053,7317.9902,7317.9902,21365673026
2019-12-29,7317.6475,7513.9482,7279.8652,7422.6528,7422.6528,22445257702
2019-12-30,7420.2729,7454.8242,7276.3081,7292.9951,7292.9951,22874131672
2019-12-31,7294.439,7335.29,7169.7778,7193.5991,7193.5991,21167946112
2020-01-01,7194.8921,7254.3306,7174.9443,7200.1743,7200.1743,18565664997
2020-01-02,7202.5513,7212.1553,6935.27,6985.4702,6985.4702,20802083465
2020-01-03,6984.4287,7413.7153,6914.9961,7344.8843,7344.8843,28111481032
2020-01-04,7345.3755,7427.3857,7309.5142,7410.6567,7410.6567,18444271275
2020-01-05,7410.4517,7544.4971,7400.5356,7411.3174,7411.3174,19725074095
2020-01-06,7410.4521,7781.8672,7409.293,7769.2192,7769.2192,23276261598
2020-01-07,7768.6821,8178.2158,7768.2275,8163.6924,8163.6924,28767291327
2020-01-08,8161.9355,8396.7383,7956.7744,8079.8628,8079.8628,31672559265
2020-01-09,8082.2959,8082.2959,7842.4038,7879.0713,7879.0713,24045990466
2020-01-10,7878.3076,8166.5542,7726.7749,8166.5542,8166.5542,28714583844
2020-01-11,8162.1909,8218.3594,8029.6421,8037.5376,8037.5376,25521165085
2020-01-12,8033.2617,8200.0635,8009.0591,8192.4941,8192.4941,22903438381
2020-01-13,8189.772,8197.7881,8079.7007,8144.1943,8144.1943,22482910688
2020-01-14,8140.9331,8879.5117,8140.9331,8827.7646,8827.7646,44841784107
2020-01-15,8825.3438,8890.1172,8657.1875,8807.0107,8807.0107,40102834650
2020-01-16,8812.4814,8846.4609,8612.0957,8723.7861,8723.7861,31313981931
2020-01-17,8725.21,8958.1221,8677.3164,8929.0381,8929.0381,36372139320
2020-01-18,8927.2119,9012.1982,8827.332,8942.8086,8942.8086,32337772627
2020-01-19,8941.4453,9164.3623,8620.0801,8706.2451,8706.2451,34217320471
2020-01-20,8704.6318,8745.5908,8560.4736,8657.6426,8657.6426,26422375678
2020-01-21,8658.9912,8755.7061,8544.5205,8745.8945,8745.8945,24097418512
2020-01-22,8744.2109,8792.9941,8636.7471,8680.876,8680.876,22600204051
2020-01-23,8680.6504,8687.7471,8333.6377,8406.5156,8406.5156,25770680779
2020-01-24,8405.5674,8514.667,8266.8408,8445.4346,8445.4346,24397913026
2020-01-25,8440.1191,8458.4531,8296.2188,8367.8477,8367.8477,19647331549
2020-01-26,8364.4102,8602.4014,8325.498,8596.8301,8596.8301,22177678796
2020-01-27,8597.3086,8977.7266,8597.3086,8909.8193,8909.8193,28647338393
2020-01-28,8912.5244,9358.5898,8908.4473,9358.5898,9358.5898,34398744403
2020-01-29,9357.4707,9406.4316,9269.4678,9316.6299,9316.6299,30682598115
2020-01-30,9316.0166,9553.126,9230.8975,9508.9932,9508.9932,32378792851
2020-01-31,9508.3135,9521.7061,9230.7764,9350.5293,9350.5293,29432489719
2020-02-01,9346.3574,9439.3232,9313.2393,9392.875,9392.875,25922656496
2020-02-02,9389.8203,9468.7979,9217.8242,9344.3652,9344.3652,30835736946
2020-02-03,9344.6836,9540.3721,9248.6338,9293.5215,9293.5215,30934096509
2020-02-04,9292.8418,9331.2656,9112.8115,9180.9629,9180.9629,29893183716
2020-02-05,9183.416,9701.2998,9163.7041,9613.4238,9613.4238,35222060874
2020-02-06,9617.8213,9824.6191,9539.8184,9729.8018,9729.8018,37628823716
2020-02-07,9726.0029,9834.7168,9726.0029,9795.9434,9795.9434,34522718159
2020-02-08,9793.0703,9876.749,9678.9102,9865.1191,9865.1191,35172043762
2020-02-09,9863.8945,10129.436,9850.3926,10116.674,10116.674,35807884663
2020-02-10,10115.56,10165.766,9784.5635,9856.6113,9856.6113,39386548075
2020-02-11,9855.8916,10210.053,9729.335,10208.236,10208.236,37648059389
2020-02-12,10202.388,10393.611,10202.388,10326.055,10326.055,43444303830
2020-02-13,10323.961,10457.627,10116.161,10214.38,10214.38,49356071373
2020-02-14,10211.551,10321.996,10125.534,10312.116,10312.116,43338264162
2020-02-15,10313.856,10341.556,9874.4277,9889.4248,9889.4248,43865054831
2020-02-16,9889.1797,10053.969,9722.3867,9934.4336,9934.4336,43374780305
2020-02-17,9936.5605,9938.8154,9507.6377,9690.1426,9690.1426,45998298413
2020-02-18,9691.2305,10161.936,9632.3828,10141.996,10141.996,47271023953
2020-02-19,10143.799,10191.676,9611.2236,9633.3867,9633.3867,46992019710
2020-02-20,9629.3252,9643.2168,9507.9004,9608.4756,9608.4756,44925260237
2020-02-21,9611.7822,9723.0146,9589.7432,9686.4414,9686.4414,40930547513
2020-02-22,9687.707,9698.2314,9600.7285,9663.1816,9663.1816,35838025154
2020-02-23,9663.3184,9937.4043,9657.791,9924.5156,9924.5156,41185185761
2020-02-24,9921.583,9951.7461,9537.043,9650.1748,9650.1748,45080496648
2020-02-25,9651.3125,9652.7373,9305.0215,9341.7051,9341.7051,42515259129
2020-02-26,9338.29,9354.7783,8704.4268,8820.5225,8820.5225,50420050762
2020-02-27,8825.0938,8932.8926,8577.1992,8784.4941,8784.4941,45470195695
2020-02-28,8788.7285,8890.4561,8492.9326,8672.4551,8672.4551,44605450443
2020-02-29,8671.2129,8775.6318,8599.5088,8599.5088,8599.5088,35792392544
2020-03-01,8599.7588,8726.7969,8471.2129,8562.4541,8562.4541,35349164300
2020-03-02,8563.2646,8921.3086,8532.6309,8869.6699,8869.6699,42857674409
2020-03-03,8865.3877,8901.5986,8704.9902,8787.7861,8787.7861,42386715821
2020-03-04,8788.542,8843.3662,8712.4316,8755.2461,8755.2461,34746706368
2020-03-05,8760.2852,9142.0547,8757.2539,9078.7627,9078.7627,39698054597
2020-03-06,9078.3086,9167.6953,9032.0791,9122.5459,9122.5459,40826885651
2020-03-07,9121.6006,9163.2207,8890.7441,8909.9541,8909.9541,36216930370
2020-03-08,8908.2061,8914.3438,8105.2529,8108.1162,8108.1162,39973102121
2020-03-09,8111.1465,8177.7935,7690.0981,7923.6445,7923.6445,46936995808
2020-03-10,7922.147,8136.9453,7814.7632,7909.7295,7909.7295,42213940994
2020-03-11,7910.0898,7950.8145,7642.8125,7911.4302,7911.4302,38682762605
2020-03-12,7913.6162,7929.1162,4860.354,4970.7881,4970.7881,53980357243
2020-03-13,5017.8311,5838.1147,4106.981,5563.707,5563.707,74156772075
2020-03-14,5573.0776,5625.2266,5125.0693,5200.3662,5200.3662,36154506008
2020-03-15,5201.0669,5836.645,5169.2832,5392.3149,5392.3149,33997889639
2020-03-16,5385.2295,5385.2295,4575.3579,5014.48,5014.48,45368026430
2020-03-17,5002.5781,5371.3486,4981.9092,5225.6294,5225.6294,38622642935
2020-03-18,5227.1138,5331.834,5069.3359,5238.4385,5238.4385,37878801016
2020-03-19,5245.4165,6329.7358,5236.9688,6191.1929,6191.1929,51000731797
2020-03-20,6191.6538,6844.2617,5865.7817,6198.7783,6198.7783,54442976103
2020-03-21,6206.5215,6378.1353,5932.8232,6185.0664,6185.0664,42494390880
2020-03-22,6185.5581,6359.6973,5823.7139,5830.2549,5830.2549,40099664740
2020-03-23,5831.3745,6443.9346,5785.0044,6416.3149,6416.3149,46491916000
2020-03-24,6436.6426,6789.0229,6411.0664,6734.8037,6734.8037,48221910672
2020-03-25,6738.7168,6892.5112,6536.9263,6681.063,6681.063,44590107888
2020-03-26,6675.1709,6735.4639,6590.9629,6716.4404,6716.4404,35319797642
2020-03-27,6719.3892,6793.8364,6466.7017,6469.7983,6469.7983,34585598367
2020-03-28,6467.2539,6467.501,6117.8379,6242.1938,6242.1938,34885225901
2020-03-29,6245.6245,6250.4673,5920.0859,5922.043,5922.043,28373690931
2020-03-30,5925.5386,6517.1958,5903.2344,6429.8418,6429.8418,37101651525
2020-03-31,6430.6064,6504.5151,6374.1621,6438.6445,6438.6445,32786468812
2020-04-01,6437.3193,6612.5737,6202.3735,6606.7764,6606.7764,40346426266
2020-04-02,6606.7764,7088.2476,6595.9185,6793.6245,6793.6245,47660646124
2020-04-03,6797.3965,7003.2207,6673.3359,6733.3872,6733.3872,38976504903
2020-04-04,6738.3828,6878.9536,6696.4849,6867.5273,6867.5273,33185988584
2020-04-05,6862.5376,6883.4141,6715.9292,6791.1294,6791.1294,29510409856
2020-04-06,6788.0498,7271.7812,6782.8896,7271.7812,7271.7812,46896904615
2020-04-07,7273.644,7427.9395,7136.7144,7176.4146,7176.4146,44243482668
2020-04-08,7179.2832,7356.2236,7153.3057,7334.0986,7334.0986,37563249549
2020-04-09,7337.9663,7341.4482,7179.0942,7302.0894,7302.0894,34815139178
2020-04-10,7303.8154,7303.8154,6802.4751,6865.4932,6865.4932,43622840992
2020-04-11,6867.4404,6926.0698,6789.9209,6859.083,6859.083,31222085946
2020-04-12,6858.0679,7119.9473,6811.0781,6971.0918,6971.0918,35759567632
2020-04-13,6965.6167,6965.6167,6668.2598,6845.0376,6845.0376,38619308647
2020-04-14,6843.2817,6958.5571,6793.8213,6842.4277,6842.4277,34110434052
2020-04-15,6845.5615,6928.6646,6633.4028,6642.1099,6642.1099,32288311031
2020-04-16,6640.4541,7134.4507,6555.5044,7116.8042,7116.8042,46783242377
2020-04-17,7116.5527,7167.1831,7050.332,7096.1846,7096.1846,32513423567
2020-04-18,7092.2915,7269.9565,7089.2471,7257.665,7257.665,32447188386
2020-04-19,7260.9224,7280.522,7167.0547,7189.4248,7189.4248,31311210215
2020-04-20,7186.8735,7240.2905,6835.5029,6881.9585,6881.9585,37747113936
2020-04-21,6879.7842,6934.5518,6834.4424,6880.3232,6880.3232,32589741511
2020-04-22,6879.4404,7145.8657,6867.7817,7117.2075,7117.2075,33249153866
2020-04-23,7121.3062,7491.7852,7081.5947,7429.7246,7429.7246,43500782316
2020-04-24,7434.1816,7574.1958,7434.1816,7550.9009,7550.9009,34636526286
2020-04-25,7550.4829,7641.3638,7521.6724,7569.936,7569.936,32941541447
2020-04-26,7570.1392,7700.5942,7561.4077,7679.8672,7679.8672,33070154491
2020-04-27,7679.4189,7795.6011,7679.4189,7795.6011,7795.6011,36162144725
2020-04-28,7796.9702,7814.5273,7730.8066,7807.0586,7807.0586,33187959921
2020-04-29,7806.7124,8871.7539,7786.0493,8801.0381,8801.0381,60201052203
2020-04-30,8797.6699,9440.6504,8533.2559,8658.5537,8658.5537,66964629541
2020-05-01,8672.7822,9048.0234,8667.7637,8864.7666,8864.7666,44068389997
2020-05-02,8869.0576,9007.1875,8811.3662,8988.5967,8988.5967,40134388683
2020-05-03,8983.6143,9167.7812,8830.9717,8897.4688,8897.4688,47101785174
2020-05-04,8895.7451,8956.9062,8645.0244,8912.6543,8912.6543,45718796276
2020-05-05,8912.832,9062.415,8856.8271,9003.0703,9003.0703,43148462663
2020-05-06,9007.4414,9411.4678,8966.7061,9268.7617,9268.7617,49371886931
2020-05-07,9261.8955,9992.6641,9138.3223,9951.5186,9951.5186,61112700562
2020-05-08,9936.1621,9996.7432,9767.1729,9842.666,9842.666,51780748042
2020-05-09,9840.9062,9913.8633,9580.6445,9593.8965,9593.8965,46566121841
2020-05-10,9591.1689,9595.5811,8395.1074,8756.4307,8756.4307,63325279337
2020-05-11,8755.5352,9033.4707,8374.3232,8601.7959,8601.7959,57119858802
2020-05-12,8610.3857,8949.8984,8569.6436,8804.4775,8804.4775,42142717533
2020-05-13,8805.3877,9317.8789,8805.3877,9269.9873,9269.9873,45558144023
2020-05-14,9271.3291,9793.2686,9255.0352,9733.7217,9733.7217,56426907637
2020-05-15,9734.291,9755.8281,9261.3984,9328.1973,9328.1973,48158802327
2020-05-16,9333.2402,9564.2051,9260.6943,9377.0137,9377.0137,36164766408
2020-05-17,9374.9297,9823.002,9349.5459,9670.7393,9670.7393,40084250663
2020-05-18,9675.6953,9906.0303,9570.3594,9726.5752,9726.5752,41827139896
2020-05-19,9727.0635,9836.0479,9539.624,9729.0381,9729.0381,39254288955
2020-05-20,9725.3291,9804.7939,9447.2012,9522.9814,9522.9814,36546239703
2020-05-21,9522.7402,9555.2422,8869.9307,9081.7617,9081.7617,39326160532
2020-05-22,9080.335,9232.9365,9008.6387,9182.5771,9182.5771,29810773699
2020-05-23,9185.0625,9302.502,9118.1084,9209.2871,9209.2871,27727866812
2020-05-24,9212.2832,9288.4043,8787.251,8790.3682,8790.3682,32518803300
2020-05-25,8786.1074,8951.0059,8719.668,8906.9346,8906.9346,31288157264
2020-05-26,8909.5859,8991.9678,8757.2939,8835.0527,8835.0527,29584186947
2020-05-27,8837.3809,9203.3203,8834.1572,9181.0176,9181.0176,32740536902
2020-05-28,9184.9453,9546.3193,9148.457,9525.751,9525.751,34367073114
2020-05-29,9528.3555,9573.667,9379.3389,9439.124,9439.124,32896642044
2020-05-30,9438.9141,9704.0303,9366.7295,9700.4141,9700.4141,32722975141
2020-05-31,9700.1055,9700.3438,9432.2969,9461.0586,9461.0586,27773290299
2020-06-01,9463.6055,10199.565,9450.8994,10167.269,10167.269,35198901068
2020-06-02,10162.974,10182.341,9460.5713,9529.8037,9529.8037,39137252109
2020-06-03,9533.7607,9682.8594,9471.8467,9656.7178,9656.7178,25007459262
2020-06-04,9655.8545,9887.6104,9525.2471,9800.6367,9800.6367,25921805072
2020-06-05,9800.2158,9869.2373,9663.2168,9665.5332,9665.5332,23509628646
2020-06-06,9664.9043,9773.4316,9591.0244,9653.6797,9653.6797,20438419222
2020-06-07,9653.0029,9768.498,9458.1504,9758.8525,9758.8525,25015250846
2020-06-08,9760.0635,9782.3066,9675.8857,9771.4893,9771.4893,21486346312
2020-06-09,9774.3604,9836.3691,9664.7197,9795.7002,9795.7002,23717842783
2020-06-10,9794.1191,9908.8965,9728.291,9870.0947,9870.0947,25706567601
2020-06-11,9870.0781,9938.2979,9263.0693,9321.7812,9321.7812,30247143440
2020-06-12,9320.6904,9540.4658,9285.8516,9480.8438,9480.8438,22610564515
2020-06-13,9480.7354,9493.2119,9396.0098,9475.2773,9475.2773,17564322315
2020-06-14,9477.5537,9482.2705,9347.5938,9386.7881,9386.7881,18991732746
2020-06-15,9386.0352,9504.8604,8990.1758,9450.7021,9450.7021,26699704768
2020-06-16,9454.2666,9579.4307,9400.4453,9538.0244,9538.0244,21565537209
2020-06-17,9533.7842,9540.4229,9327.3398,9480.2549,9480.2549,20177709879
2020-06-18,9481.5674,9482.7822,9328.3955,9411.8408,9411.8408,17770083003
2020-06-19,9410.2939,9440.876,9274.2959,9288.0186,9288.0186,19632223107
2020-06-20,9290.96,9394.9717,9247.3799,9332.3408,9332.3408,17130541557
2020-06-21,9330.9268,9401.1074,9300.4307,9303.6299,9303.6299,15324301169
2020-06-22,9300.915,9655.0732,9296.8721,9648.7178,9648.7178,21104009514
2020-06-23,9644.0762,9670.541,9547.2471,9629.6582,9629.6582,17006433272
2020-06-24,9632.1494,9680.3672,9278.2334,9313.6104,9313.6104,18961716076
2020-06-25,9314.127,9340.1611,9095.3242,9264.8135,9264.8135,18616048626
2020-06-26,9260.9951,9310.5166,9101.7383,9162.918,9162.918,18341465837
2020-06-27,9167.8242,9207.8105,8998.2168,9045.3906,9045.3906,17273093144
2020-06-28,9048.4609,9197.5469,8975.5254,9143.582,9143.582,14560870760
2020-06-29,9140.0293,9237.5732,9041.876,9190.8545,9190.8545,16460547078
2020-06-30,9185.5811,9217.8359,9084.8379,9137.9932,9137.9932,15735797744
2020-07-01,9145.9854,9309.7549,9104.7354,9228.3252,9228.3252,15971550355
2020-07-02,9231.1396,9274.9629,9036.623,9123.4102,9123.4102,16338916796
2020-07-03,9124.8428,9202.3447,9058.7949,9087.3037,9087.3037,13078970999
2020-07-04,9084.2334,9183.2959,9053.6299,9132.4883,9132.4883,12290528515
2020-07-05,9126.0908,9162.1836,8977.0156,9073.9424,9073.9424,12903406143
2020-07-06,9072.8496,9375.4746,9058.6641,9375.4746,9375.4746,17889263252
2020-07-07,9349.1611,9360.6172,9201.8154,9252.2773,9252.2773,13839652595
2020-07-08,9253.0205,9450.3359,9249.5,9428.333,9428.333,19702359883
2020-07-09,9427.9941,9431.3789,9234.999,9277.9678,9277.9678,18000702524
2020-07-10,9273.3574,9287.4717,9118.002,9278.8076,9278.8076,16860035605
2020-07-11,9277.5117,9293.5322,9199.4854,9240.3467,9240.3467,13249910444
2020-07-12,9241.0547,9319.4189,9197.4502,9276.5,9276.5,14452361907
2020-07-13,9277.2051,9306.4053,9224.293,9243.6143,9243.6143,17519821266
2020-07-14,9238.7031,9283.8418,9171.6611,9243.2139,9243.2139,18085038362
2020-07-15,9241.8975,9275.3252,9171.9336,9192.8369,9192.8369,15844731575
2020-07-16,9191.9805,9214.3125,9088.9473,9132.2275,9132.2275,15713967523
2020-07-17,9131.8125,9182.2539,9089.2021,9151.3926,9151.3926,13944570749
2020-07-18,9151.1836,9230.9834,9100.8242,9159.04,9159.04,12252601475
2020-07-19,9158.0059,9201.3984,9097.6328,9185.8174,9185.8174,12939002784
2020-07-20,9187.2207,9214.2705,9137.5098,9164.2314,9164.2314,13755604146
2020-07-21,9162.5146,9407.2627,9149.3896,9374.8877,9374.8877,18069581956
2020-07-22,9375.0801,9530.5186,9319.6533,9525.3633,9525.3633,16532254884
2020-07-23,9527.1416,9610.2471,9483.0039,9581.0723,9581.0723,18146399002
2020-07-24,9585.5146,9623.3369,9481.4541,9536.8926,9536.8926,16552768325
2020-07-25,9539.4854,9704.5566,9530.2119,9677.1133,9677.1133,16610070933
2020-07-26,9680.2344,10023.808,9652.8477,9905.167,9905.167,20507998997
2020-07-27,9905.2178,11298.222,9903.9697,10990.873,10990.873,35359749590
2020-07-28,11017.464,11204.327,10632.632,10912.823,10912.823,28766551142
2020-07-29,10912.953,11304.397,10856.142,11100.468,11100.468,24617249715
2020-07-30,11099.833,11169.356,10895.455,11111.214,11111.214,22857247901
2020-07-31,11110.211,11415.864,10987.054,11323.467,11323.467,23160469766
2020-08-01,11322.57,11794.775,11239.683,11759.593,11759.593,26075670303
2020-08-02,11758.765,12034.145,11018.13,11053.614,11053.614,27410067336
2020-08-03,11043.769,11453.079,11012.415,11246.349,11246.349,20271713443
2020-08-04,11246.203,11385.382,11094.146,11205.893,11205.893,21250197042
2020-08-05,11203.823,11786.617,11158.285,11747.022,11747.022,24411254471
2020-08-06,11749.871,11902.336,11598.714,11779.773,11779.773,23400740340
2020-08-07,11778.895,11898.038,11408.594,11601.473,11601.473,23132312867
2020-08-08,11604.554,11800.064,11558.432,11754.046,11754.046,17572057837
2020-08-09,11737.325,11806.057,11548.784,11675.739,11675.739,17489608833
2020-08-10,11662.257,12045.141,11662.257,11878.111,11878.111,26114112569
2020-08-11,11881.647,11932.711,11195.709,11410.525,11410.525,27039782640
2020-08-12,11404.597,11748.396,11249.605,11584.935,11584.935,25064548486
2020-08-13,11588.405,11796.396,11216.872,11784.138,11784.138,27522199497
2020-08-14,11772.659,12150.994,11685.455,11768.871,11768.871,24237958589
2020-08-15,11768.697,11963.203,11768.697,11865.698,11865.698,23354924400
2020-08-16,11866.686,11934.901,11737.188,11892.804,11892.804,20583375490
2020-08-17,11895.658,12359.057,11806.696,12254.402,12254.402,28227687027
2020-08-18,12251.896,12335.707,11954.525,11991.233,11991.233,26043227672
2020-08-19,11990.885,12028.924,11687.333,11758.283,11758.283,24502851117
2020-08-20,11761.5,11900.411,11710.063,11878.372,11878.372,20175242945
2020-08-21,11878.026,11899.26,11564.979,11592.489,11592.489,23762425999
2020-08-22,11585.478,11689.407,11448.806,11681.825,11681.825,20224191306
2020-08-23,11679.696,11713.43,11559.921,11664.848,11664.848,18482062658
2020-08-24,11663.689,11807.632,11623.25,11774.596,11774.596,20681511755
2020-08-25,11773.589,11778.3,11189.851,11366.135,11366.135,26301509932
2020-08-26,11366.895,11530.053,11296.993,11488.363,11488.363,22466660958
2020-08-27,11485.608,11570.786,11185.941,11323.397,11323.397,23240415076
2020-08-28,11325.296,11545.615,11316.423,11542.5,11542.5,19807127588
2020-08-29,11541.055,11585.641,11466.293,11506.865,11506.865,17485597759
2020-08-30,11508.714,11715.265,11492.382,11711.506,11711.506,19760127945
2020-08-31,11713.307,11768.877,11598.318,11680.82,11680.82,22285928250
2020-09-01,11679.316,12067.081,11601.129,11970.479,11970.479,27311555343
2020-09-02,11964.823,11964.823,11290.794,11414.034,11414.034,28037405299
2020-09-03,11407.191,11443.022,10182.465,10245.297,10245.297,31927261555
2020-09-04,10230.365,10663.92,10207.94,10511.813,10511.813,29965130374
2020-09-05,10512.53,10581.571,9946.6758,10169.567,10169.567,44916565292
2020-09-06,10167.217,10353.928,10056.886,10280.352,10280.352,37071460174
2020-09-07,10280.998,10399.153,9916.4932,10369.563,10369.563,33703098409
2020-09-08,10369.307,10414.775,9945.1104,10131.517,10131.517,33430927462
2020-09-09,10134.151,10350.543,10017.251,10242.348,10242.348,24128292755
2020-09-10,10242.33,10503.912,10238.136,10363.139,10363.139,54406443211
2020-09-11,10369.028,10434.923,10140.837,10400.915,10400.915,45201121775
2020-09-12,10409.861,10578.838,10292.387,10442.171,10442.171,36750077324
2020-09-13,10452.399,10577.215,10224.33,10323.756,10323.756,36506852789
2020-09-14,10328.734,10800.011,10266.009,10680.838,10680.838,35453581940
2020-09-15,10677.755,10938.632,10656.46,10796.951,10796.951,32509451925
2020-09-16,10797.762,11100.124,10704.885,10974.905,10974.905,30769986455
2020-09-17,10973.252,11037.421,10774.628,10948.99,10948.99,38151810523
2020-09-18,10951.82,11034.908,10829.657,10944.586,10944.586,26341903912
2020-09-19,10933.753,11134.093,10909.618,11094.347,11094.347,22764204008
2020-09-20,11095.87,11095.87,10814.478,10938.271,10938.271,24699523788
2020-09-21,10934.926,10988.305,10380.261,10462.26,10462.26,28884999244
2020-09-22,10459.624,10568.077,10382.727,10538.46,10538.46,23621787804
2020-09-23,10535.492,10537.828,10197.865,10246.187,10246.187,23788661867
2020-09-24,10248.786,10771.057,10231.49,10760.066,10760.066,47144380902
2020-09-25,10761.109,10777.696,10578.914,10692.717,10692.717,39348590957
2020-09-26,10695.575,10772.999,10667.281,10750.724,10750.724,46852525493
2020-09-27,10746.893,10803.977,10622.922,10775.27,10775.27,53745972818
2020-09-28,10776.613,10945.348,10703.894,10709.652,10709.652,47762394731
2020-09-29,10709.65,10860.001,10649.495,10844.641,10844.641,46582396602
2020-09-30,10843.871,10847.257,10669.321,10784.491,10784.491,44171073700
2020-10-01,10795.255,10933.624,10472.356,10619.452,10619.452,40023134100
2020-10-02,10619.821,10657.838,10416.689,10575.975,10575.975,48661453918
2020-10-03,10575.101,10598.94,10511.13,10549.329,10549.329,44660271563
2020-10-04,10550.44,10686,10534.392,10669.583,10669.583,71251776995
2020-10-05,10676.529,10793.508,10634.601,10793.34,10793.34,47537578009
2020-10-06,10796.307,10797.578,10528.891,10604.406,10604.406,42623695307
2020-10-07,10603.355,10680.508,10562.507,10668.969,10668.969,37799458436
2020-10-08,10669.371,10945.737,10562.606,10915.686,10915.686,63314794397
2020-10-09,10927.913,11102.672,10846.851,11064.458,11064.458,22799117613
2020-10-10,11059.143,11442.211,11056.94,11296.361,11296.361,22877978588
2020-10-11,11296.082,11428.813,11288.628,11384.182,11384.182,19968627060
2020-10-12,11392.636,11698.468,11240.687,11555.363,11555.363,26163972642
2020-10-13,11548.72,11548.984,11321.225,11425.899,11425.899,24241420251
2020-10-14,11429.048,11539.978,11307.831,11429.507,11429.507,24103426719
2020-10-15,11426.603,11569.914,11303.604,11495.35,11495.35,24487233058
2020-10-16,11502.828,11540.062,11223.013,11322.123,11322.123,25635480772
2020-10-17,11322.123,11386.262,11285.346,11358.102,11358.102,19130430174
2020-10-18,11355.982,11483.359,11347.578,11483.359,11483.359,18283314340
2020-10-19,11495.038,11799.093,11408.29,11742.037,11742.037,23860769928
2020-10-20,11745.975,11999.918,11681.48,11916.335,11916.335,30915821592
2020-10-21,11913.077,13184.566,11900.929,12823.689,12823.689,43414712626
2020-10-22,12801.636,13161.594,12717.094,12965.892,12965.892,34729759598
2020-10-23,12971.549,13015.962,12752.647,12931.539,12931.539,28974975003
2020-10-24,12931.574,13145.066,12885.747,13108.062,13108.062,24542317940
2020-10-25,13108.063,13329.184,12910.062,13031.174,13031.174,24406920575
2020-10-26,13031.201,13225.298,12822.383,13075.248,13075.248,29461458313
2020-10-27,13075.242,13759.669,13060.838,13654.219,13654.219,33749878156
2020-10-28,13654.215,13837.695,12932.251,13271.285,13271.285,35867318895
2020-10-29,13271.299,13612.048,12980.06,13437.883,13437.883,56499499598
2020-10-30,13437.874,13651.517,13136.198,13546.522,13546.522,30581485201
2020-10-31,13546.532,14028.214,13457.53,13780.995,13780.995,30306464719
2020-11-01,13780.995,13862.033,13628.378,13737.109,13737.109,24453857900
2020-11-02,13737.032,13808.323,13243.16,13550.489,13550.489,30771455468
2020-11-03,13550.451,13984.981,13325.441,13950.301,13950.301,29869951617
2020-11-04,13950.488,14218.767,13580.472,14133.707,14133.707,35116364962
2020-11-05,14133.733,15706.404,14102.089,15579.849,15579.849,40856321439
2020-11-06,15579.729,15903.438,15226.84,15565.881,15565.881,39837841971
2020-11-07,15565.881,15737.096,14423.203,14833.754,14833.754,35024953706
2020-11-08,14833.754,15637.32,14744.11,15479.567,15479.567,26632075029
2020-11-09,15479.596,15785.137,14865.529,15332.315,15332.315,34149115566
2020-11-10,15332.351,15450.329,15124.96,15290.902,15290.902,25574938143
2020-11-11,15290.909,15916.261,15290.007,15701.34,15701.34,29772374934
2020-11-12,15701.299,16305.004,15534.771,16276.344,16276.344,34175758344
2020-11-13,16276.44,16463.178,15992.152,16317.809,16317.809,31599492172
2020-11-14,16317.809,16317.809,15749.193,16068.139,16068.139,27481710135
2020-11-15,16068.14,16123.11,15793.534,15955.588,15955.588,23653867583
2020-11-16,15955.577,16816.182,15880.706,16716.111,16716.111,31526766675
2020-11-17,16685.691,17782.92,16564.545,17645.406,17645.406,39006849170
2020-11-18,17645.191,18393.949,17352.906,17804.006,17804.006,49064800278
2020-11-19,17803.861,18119.547,17382.555,17817.09,17817.09,36985055355
2020-11-20,17817.084,18773.227,17765.795,18621.314,18621.314,36992873940
2020-11-21,18621.316,18936.621,18444.359,18642.232,18642.232,39650210707
2020-11-22,18642.232,18688.969,17671.385,18370.002,18370.002,41280434226
2020-11-23,18370.018,18711.426,18000.797,18364.121,18364.121,42741112308
2020-11-24,18365.016,19348.271,18128.656,19107.465,19107.465,51469565009
2020-11-25,19104.41,19390.965,18581.146,18732.121,18732.121,43710357371
2020-11-26,18729.84,18866.285,16351.035,17150.623,17150.623,61396835737
2020-11-27,17153.914,17445.023,16526.424,17108.402,17108.402,38886494645
2020-11-28,17112.934,17853.939,16910.652,17717.414,17717.414,32601040734
2020-11-29,17719.635,18283.629,17559.117,18177.484,18177.484,31133957704
2020-11-30,18178.322,19749.264,18178.322,19625.836,19625.836,47728480399
2020-12-01,19633.77,19845.975,18321.922,18802.998,18802.998,49633658712
2020-12-02,18801.744,19308.33,18347.719,19201.092,19201.092,37387697139
2020-12-03,19205.926,19566.191,18925.785,19445.398,19445.398,31930317405
2020-12-04,19446.967,19511.404,18697.193,18699.766,18699.766,33872388058
2020-12-05,18698.385,19160.449,18590.193,19154.23,19154.23,27242455064
2020-12-06,19154.18,19390.5,18897.895,19345.121,19345.121,25293775714
2020-12-07,19343.129,19411.828,18931.143,19191.631,19191.631,26896357742
2020-12-08,19191.529,19283.479,18269.945,18321.145,18321.145,31692288756
2020-12-09,18320.885,18626.293,17935.547,18553.916,18553.916,34420373071
2020-12-10,18553.299,18553.299,17957.064,18264.992,18264.992,25547132265
2020-12-11,18263.93,18268.453,17619.533,18058.904,18058.904,27919640985
2020-12-12,18051.32,18919.551,18046.041,18803.656,18803.656,21752580802
2020-12-13,18806.766,19381.535,18734.332,19142.383,19142.383,25450468637
2020-12-14,19144.492,19305.1,19012.709,19246.645,19246.645,22473997681
2020-12-15,19246.92,19525.008,19079.842,19417.076,19417.076,26741982541
2020-12-16,19418.818,21458.908,19298.316,21310.598,21310.598,44409011479
2020-12-17,21308.352,23642.66,21234.676,22805.162,22805.162,71378606374
2020-12-18,22806.797,23238.602,22399.812,23137.961,23137.961,40387896275
2020-12-19,23132.865,24085.855,22826.473,23869.832,23869.832,38487546580
2020-12-20,23861.766,24209.66,23147.711,23477.295,23477.295,37844228422
2020-12-21,23474.455,24059.982,22159.367,22803.082,22803.082,45852713981
2020-12-22,22794.039,23789.902,22430.605,23783.029,23783.029,44171632681
2020-12-23,23781.975,24024.49,22802.646,23241.346,23241.346,51146161904
2020-12-24,23240.203,23768.338,22777.598,23735.949,23735.949,41080759713
2020-12-25,23733.57,24710.102,23463.674,24664.791,24664.791,42068395846
2020-12-26,24677.016,26718.07,24522.689,26437.037,26437.037,48332647295
2020-12-27,26439.373,28288.84,25922.77,26272.295,26272.295,66479895605
2020-12-28,26280.822,27389.111,26207.641,27084.809,27084.809,49056742893
2020-12-29,27081.811,27370.721,25987.299,27362.438,27362.438,45265946774
2020-12-30,27360.09,28937.74,27360.09,28840.953,28840.953,51287442704
2020-12-31,28841.574,29244.877,28201.992,29001.721,29001.721,46754964848
2021-01-01,28994.01,29600.627,28803.586,29374.152,29374.152,40730301359
2021-01-02,29376.455,33155.117,29091.182,32127.268,32127.268,67865420765
2021-01-03,32129.408,34608.559,32052.316,32782.023,32782.023,78665235202
2021-01-04,32810.949,33440.219,28722.756,31971.914,31971.914,81163475344
2021-01-05,31977.041,34437.59,30221.188,33992.43,33992.43,67547324782
2021-01-06,34013.613,36879.699,33514.035,36824.363,36824.363,75289433811
2021-01-07,36833.875,40180.367,36491.191,39371.043,39371.043,84762141031
2021-01-08,39381.766,41946.738,36838.637,40797.609,40797.609,88107519480
2021-01-09,40788.641,41436.352,38980.875,40254.547,40254.547,61984162837
2021-01-10,40254.219,41420.191,35984.629,38356.441,38356.441,79980747690
2021-01-11,38346.531,38346.531,30549.6,35566.656,35566.656,123320567399
2021-01-12,35516.359,36568.527,32697.977,33922.961,33922.961,74773277909
2021-01-13,33915.121,37599.961,32584.668,37316.359,37316.359,69364315979
2021-01-14,37325.109,39966.406,36868.562,39187.328,39187.328,63615990033
2021-01-15,39156.707,39577.711,34659.59,36825.367,36825.367,67760757881
2021-01-16,36821.648,37864.367,35633.555,36178.141,36178.141,57706187875
2021-01-17,36163.648,36722.352,34069.32,35791.277,35791.277,52359854336
2021-01-18,35792.238,37299.285,34883.844,36630.074,36630.074,49511702429
2021-01-19,36642.234,37755.891,36069.805,36069.805,36069.805,57244195486
2021-01-20,36050.113,36378.328,33570.477,35547.75,35547.75,66834573161
2021-01-21,35549.398,35552.68,30250.75,30825.699,30825.699,75643067688
2021-01-22,30817.625,33811.852,28953.373,33005.762,33005.762,77207272511
2021-01-23,32985.758,33360.977,31493.16,32067.643,32067.643,48354737975
2021-01-24,32064.377,32944.008,31106.686,32289.379,32289.379,48643830599
2021-01-25,32285.799,34802.742,32087.787,32366.393,32366.393,59897054838
2021-01-26,32358.613,32794.551,31030.266,32569.85,32569.85,60255421470
2021-01-27,32564.029,32564.029,29367.139,30432.547,30432.547,62576762015
2021-01-28,30441.041,33858.312,30023.207,33466.098,33466.098,76517157706
2021-01-29,34318.672,38406.262,32064.814,34316.387,34316.387,117894572511
2021-01-30,34295.934,34834.707,32940.188,34269.523,34269.523,65141828798
2021-01-31,34270.879,34288.332,32270.176,33114.359,33114.359,52754542671
2021-02-01,33114.578,34638.215,32384.229,33537.176,33537.176,61400400660
2021-02-02,33533.199,35896.883,33489.219,35510.289,35510.289,63088585433
2021-02-03,35510.82,37480.188,35443.984,37472.09,37472.09,61166818159
2021-02-04,37475.105,38592.176,36317.5,36926.066,36926.066,68838074392
2021-02-05,36931.547,38225.906,36658.762,38144.309,38144.309,58598066402
2021-02-06,38138.387,40846.547,38138.387,39266.012,39266.012,71326033653
2021-02-07,39250.191,39621.836,37446.152,38903.441,38903.441,65500641143
2021-02-08,38886.828,46203.93,38076.324,46196.465,46196.465,101467222687
2021-02-09,46184.992,48003.723,45166.961,46481.105,46481.105,91809846886
2021-02-10,46469.762,47145.566,43881.152,44918.184,44918.184,87301089896
2021-02-11,44898.711,48463.469,44187.762,47909.332,47909.332,81388911810
2021-02-12,47877.035,48745.734,46424.977,47504.852,47504.852,76555041196
2021-02-13,47491.203,48047.746,46392.281,47105.516,47105.516,70250456155
2021-02-14,47114.508,49487.641,47114.508,48717.289,48717.289,71248675228
2021-02-15,48696.535,48875.57,46347.477,47945.059,47945.059,77069903166
2021-02-16,47944.457,50341.102,47201.305,49199.871,49199.871,77049582886
2021-02-17,49207.277,52533.914,49072.379,52149.008,52149.008,80820545404
2021-02-18,52140.973,52474.105,51015.766,51679.797,51679.797,52054723579
2021-02-19,51675.98,56113.652,50937.277,55888.133,55888.133,63495496918
2021-02-20,55887.336,57505.227,54626.559,56099.52,56099.52,68145460026
2021-02-21,56068.566,58330.57,55672.609,57539.945,57539.945,51897585191
2021-02-22,57532.738,57533.391,48967.566,54207.32,54207.32,92052420332
2021-02-23,54204.93,54204.93,45290.59,48824.426,48824.426,106102492824
2021-02-24,48835.086,51290.137,47213.5,49705.332,49705.332,63695521388
2021-02-25,49709.082,51948.969,47093.852,47093.852,47093.852,54506565949
2021-02-26,47180.465,48370.785,44454.844,46339.762,46339.762,350967941479
2021-02-27,46344.773,48253.27,45269.027,46188.453,46188.453,45910946382
2021-02-28,46194.016,46716.43,43241.617,45137.77,45137.77,53443887451
2021-03-01,45159.504,49784.016,45115.094,49631.242,49631.242,53891300112
2021-03-02,49612.105,50127.512,47228.844,48378.988,48378.988,47530897720
2021-03-03,48415.816,52535.137,48274.32,50538.242,50538.242,53220811975
2021-03-04,50522.305,51735.09,47656.93,48561.168,48561.168,52343816680
2021-03-05,48527.031,49396.43,46542.516,48927.305,48927.305,48625928883
2021-03-06,48899.23,49147.219,47257.527,48912.383,48912.383,34363564661
2021-03-07,48918.68,51384.367,48918.68,51206.691,51206.691,43137459378
2021-03-08,51174.117,52314.07,49506.055,52246.523,52246.523,48597428048
2021-03-09,52272.969,54824.117,51981.832,54824.117,54824.117,50912227385
2021-03-10,54824.012,57258.254,53290.891,56008.551,56008.551,57295577614
2021-03-11,55963.18,58091.062,54484.594,57805.121,57805.121,56772343595
2021-03-12,57821.219,57996.621,55376.648,57332.09,57332.09,55689944702
2021-03-13,57343.371,61683.863,56217.973,61243.086,61243.086,60669829814
2021-03-14,61221.133,61597.918,59302.316,59302.316,59302.316,43901225564
2021-03-15,59267.43,60540.992,55393.164,55907.199,55907.199,66419369890
2021-03-16,55840.785,56833.18,53555.027,56804.902,56804.902,59749798599
2021-03-17,56825.828,58969.816,54528.629,58870.895,58870.895,60258313191
2021-03-18,58893.078,60116.25,54253.578,57858.922,57858.922,55746041000
2021-03-19,57850.441,59498.375,56643.703,58346.652,58346.652,49063873786
2021-03-20,58332.262,60031.285,58213.297,58313.645,58313.645,50361731222
2021-03-21,58309.914,58767.898,56005.617,57523.422,57523.422,51943414539
2021-03-22,57517.891,58471.48,54288.156,54529.145,54529.145,56521454974
2021-03-23,54511.66,55985.441,53470.695,54738.945,54738.945,56435023914
2021-03-24,54710.488,57262.383,52514.332,52774.266,52774.266,70567223787
2021-03-25,52726.746,53392.387,50856.57,51704.16,51704.16,67999812841
2021-03-26,51683.012,55137.312,51579.855,55137.312,55137.312,56652197978
2021-03-27,55137.566,56568.215,54242.91,55973.512,55973.512,47266542233
2021-03-28,55974.941,56610.312,55071.113,55950.746,55950.746,47686580918
2021-03-29,55947.898,58342.098,55139.34,57750.199,57750.199,57625587027
2021-03-30,57750.133,59447.223,57251.551,58917.691,58917.691,54414116432
2021-03-31,58930.277,59930.027,57726.418,58918.832,58918.832,65520826225
2021-04-01,58926.562,59586.07,58505.277,59095.809,59095.809,61669163792
2021-04-02,59098.879,60267.188,58869.281,59384.312,59384.312,58727860620
2021-04-03,59397.41,60110.27,57603.891,57603.891,57603.891,59641344484
2021-04-04,57604.84,58913.746,57168.676,58758.555,58758.555,50749662970
2021-04-05,58760.875,59891.297,57694.824,59057.879,59057.879,60706272115
2021-04-06,59171.934,59479.578,57646.809,58192.359,58192.359,66058027988
2021-04-07,58186.508,58731.145,55604.023,56048.938,56048.938,75645303584
2021-04-08,56099.914,58338.738,55879.086,58323.953,58323.953,53053855641
2021-04-09,58326.562,58937.047,57807.863,58245.004,58245.004,46655208546
2021-04-10,58253.777,61276.664,58038.707,59793.234,59793.234,58238470525
2021-04-11,59846.23,60790.555,59289.797,60204.965,60204.965,46280252580
2021-04-12,60175.945,61253.035,59589.875,59893.453,59893.453,51828688519
2021-04-13,59890.02,63742.285,59869.957,63503.457,63503.457,69983454362
2021-04-14,63523.754,64863.098,61554.797,63109.695,63109.695,77451779687
2021-04-15,63075.195,63821.672,62208.965,63314.012,63314.012,60954381579
2021-04-16,63258.504,63594.723,60222.531,61572.789,61572.789,84293007468
2021-04-17,61529.922,62572.176,60361.352,60683.82,60683.82,66138759198
2021-04-18,60701.887,61057.457,52829.535,56216.184,56216.184,97468872758
2021-04-19,56191.586,57520.055,54368.594,55724.266,55724.266,65344865159
2021-04-20,55681.793,57062.148,53448.047,56473.031,56473.031,67849323955
2021-04-21,56471.129,56757.973,53695.469,53906.09,53906.09,54926612466
2021-04-22,53857.105,55410.23,50583.812,51762.273,51762.273,74798630778
2021-04-23,51739.809,52120.793,47714.664,51093.652,51093.652,86668667320
2021-04-24,51143.227,51167.562,48805.285,50050.867,50050.867,49014494781
2021-04-25,50052.832,50506.02,47159.484,49004.254,49004.254,46117114240
2021-04-26,49077.793,54288.004,48852.797,54021.754,54021.754,58284039825
2021-04-27,54030.305,55416.965,53319.188,55033.117,55033.117,49448222757
2021-04-28,55036.637,56227.207,53887.918,54824.703,54824.703,48000572955
2021-04-29,54858.09,55115.844,52418.027,53555.109,53555.109,46088929780
2021-04-30,53568.664,57900.719,53129.602,57750.176,57750.176,52395931985
2021-05-01,57714.664,58448.34,57052.273,57828.051,57828.051,42836427360
2021-05-02,57825.863,57902.594,56141.906,56631.078,56631.078,38177405335
2021-05-03,56620.273,58973.309,56590.871,57200.293,57200.293,51713139031
2021-05-04,57214.18,57214.18,53191.426,53333.539,53333.539,68564706967
2021-05-05,53252.164,57911.363,52969.055,57424.008,57424.008,69241316747
2021-05-06,57441.309,58363.316,55382.508,56396.516,56396.516,69523285106
2021-05-07,56413.953,58606.633,55321.848,57356.402,57356.402,68434023376
2021-05-08,57352.766,59464.613,56975.211,58803.777,58803.777,65382980634
2021-05-09,58877.391,59210.883,56482.004,58232.316,58232.316,65906690347
2021-05-10,58250.871,59519.355,54071.457,55859.797,55859.797,71776546298
2021-05-11,55847.242,56872.543,54608.652,56704.574,56704.574,61308396325
2021-05-12,56714.531,57939.363,49150.535,49150.535,49150.535,75215403907
2021-05-13,49735.434,51330.844,46980.02,49716.191,49716.191,96721152926
2021-05-14,49682.98,51438.117,48868.578,49880.535,49880.535,55737497453
2021-05-15,49855.496,50639.664,46664.141,46760.188,46760.188,59161047474
2021-05-16,46716.637,49720.043,43963.352,46456.059,46456.059,64047871555
2021-05-17,46415.898,46623.559,42207.289,43537.512,43537.512,74903638450
2021-05-18,43488.059,45812.457,42367.832,42909.402,42909.402,56187365084
2021-05-19,42944.977,43546.117,30681.496,37002.441,37002.441,126358098747
2021-05-20,36753.668,42462.984,35050.617,40782.738,40782.738,88281943359
2021-05-21,40596.949,42172.172,33616.453,37304.691,37304.691,82051616861
2021-05-22,37371.031,38831.055,35383.684,37536.633,37536.633,57377273240
2021-05-23,37531.449,38289.219,31227.34,34770.582,34770.582,78469274361
2021-05-24,34700.363,39835.141,34551.082,38705.98,38705.98,67359584098
2021-05-25,38795.781,39776.352,36581.43,38402.223,38402.223,56211915803
2021-05-26,38392.625,40782.078,37905.836,39294.199,39294.199,51346735160
2021-05-27,39316.891,40379.617,37247.902,38436.969,38436.969,43210968721
2021-05-28,38507.082,38856.969,34779.039,35697.605,35697.605,55200191952
2021-05-29,35684.156,37234.5,33693.93,34616.066,34616.066,45231013335
2021-05-30,34607.406,36400.668,33520.738,35678.129,35678.129,31646080921
2021-05-31,35658.594,37468.25,34241.945,37332.855,37332.855,39009847639
2021-06-01,37293.793,37896.734,35787.086,36684.926,36684.926,34639423297
2021-06-02,36699.922,38231.34,35966.309,37575.18,37575.18,33070867190
2021-06-03,37599.41,39478.953,37243.973,39208.766,39208.766,35460750427
2021-06-04,39242.484,39242.484,35717.723,36894.406,36894.406,41831090187
2021-06-05,36880.156,37917.715,34900.414,35551.957,35551.957,35959473399
2021-06-06,35538.609,36436.422,35304.578,35862.379,35862.379,28913440585
2021-06-07,35835.266,36790.57,33480.641,33560.707,33560.707,33683936663
2021-06-08,33589.52,34017.387,31114.443,33472.633,33472.633,49902050442
2021-06-09,33416.977,37537.371,32475.865,37345.121,37345.121,53972919008
2021-06-10,37389.516,38334.324,35847.594,36702.598,36702.598,43576032854
2021-06-11,36697.031,37608.695,36044.449,37334.398,37334.398,38699736985
2021-06-12,37340.145,37408.926,34728.191,35552.516,35552.516,37924228550
2021-06-13,35555.789,39322.781,34864.109,39097.859,39097.859,40669112838
2021-06-14,39016.969,40978.363,38757.285,40218.477,40218.477,43148914673
2021-06-15,40427.168,41295.27,39609.469,40406.27,40406.27,46420149185
2021-06-16,40168.691,40516.777,38176.035,38347.062,38347.062,39211635100
2021-06-17,38341.422,39513.672,37439.676,38053.504,38053.504,37096670047
2021-06-18,38099.477,38187.262,35255.855,35787.246,35787.246,36200887275
2021-06-19,35854.527,36457.797,34933.062,35615.871,35615.871,31207279719
2021-06-20,35563.141,36059.484,33432.074,35698.297,35698.297,36664034054
2021-06-21,35641.145,35721.641,31295.936,31676.693,31676.693,52809038594
2021-06-22,31622.377,33292.453,28893.621,32505.66,32505.66,58964353058
2021-06-23,32515.715,34753.41,31772.633,33723.027,33723.027,46317108925
2021-06-24,33682.801,35228.852,32385.215,34662.438,34662.438,33123368116
2021-06-25,34659.105,35487.246,31350.885,31637.779,31637.779,40230904226
2021-06-26,31594.664,32637.588,30184.502,32186.277,32186.277,38585385521
2021-06-27,32287.523,34656.129,32071.758,34649.645,34649.645,35511640894
2021-06-28,34679.121,35219.891,33902.074,34434.336,34434.336,33892523752
2021-06-29,34475.559,36542.109,34252.484,35867.777,35867.777,37901460044
2021-06-30,35908.387,36074.758,34086.152,35040.836,35040.836,34059036099
2021-07-01,35035.984,35035.984,32883.781,33572.117,33572.117,37838957079
2021-07-02,33549.602,33939.59,32770.68,33897.047,33897.047,38728974942
2021-07-03,33854.422,34909.262,33402.695,34668.547,34668.547,24383958643
2021-07-04,34665.566,35937.566,34396.477,35287.781,35287.781,24924307911
2021-07-05,35284.344,35284.344,33213.66,33746.004,33746.004,26721554282
2021-07-06,33723.508,35038.535,33599.918,34235.195,34235.195,26501259870
2021-07-07,34225.68,34997.664,33839.289,33855.328,33855.328,24796027477
2021-07-08,33889.605,33907.906,32133.184,32877.371,32877.371,29910396946
2021-07-09,32861.672,34042.293,32318.881,33798.012,33798.012,27436021028
2021-07-10,33811.242,34209.07,33116.012,33520.52,33520.52,22971873468
2021-07-11,33509.078,34584.703,33346.738,34240.188,34240.188,20108729370
2021-07-12,34254.016,34592.156,32697.309,33155.848,33155.848,24321499537
2021-07-13,33125.469,33327.102,32261.42,32702.025,32702.025,19120856669
2021-07-14,32723.846,33061.398,31639.125,32822.348,32822.348,21376531210
2021-07-15,32827.875,33159.641,31175.709,31780.73,31780.73,21300524237
2021-07-16,31841.551,32218.406,31100.674,31421.539,31421.539,23699476918
2021-07-17,31397.309,31935.945,31223.99,31533.068,31533.068,18895018942
2021-07-18,31533.885,32398.996,31215.492,31796.811,31796.811,18787986667
2021-07-19,31800.012,31885.859,30563.734,30817.832,30817.832,20434789545
2021-07-20,30838.285,31006.188,29360.955,29807.348,29807.348,23148267245
2021-07-21,29796.285,32752.326,29526.184,32110.693,32110.693,28203024559
2021-07-22,32138.873,32576.4,31745.299,32313.105,32313.105,19555230518
2021-07-23,32305.959,33581.551,32057.893,33581.551,33581.551,22552046192
2021-07-24,33593.73,34490.391,33424.859,34292.445,34292.445,21664706865
2021-07-25,34290.293,35364.926,33881.836,35350.188,35350.188,20856685287
2021-07-26,35384.031,40499.676,35287.312,37337.535,37337.535,51022126212
2021-07-27,37276.035,39406.941,36441.727,39406.941,39406.941,35097370560
2021-07-28,39503.188,40816.07,38862.438,39995.906,39995.906,38702404695
2021-07-29,39995.453,40593.07,39352.059,40008.422,40008.422,27167146027
2021-07-30,40027.484,42235.547,38397.355,42235.547,42235.547,33072782960
2021-07-31,42196.305,42231.449,41110.832,41626.195,41626.195,25802845343
2021-08-01,41460.844,42541.68,39540.941,39974.895,39974.895,26688438115
2021-08-02,39907.262,40419.18,38746.348,39201.945,39201.945,25595265436
2021-08-03,39178.402,39750.031,37782.051,38152.98,38152.98,26189830450
2021-08-04,38213.332,39952.297,37589.164,39747.504,39747.504,25372562724
2021-08-05,39744.516,41341.934,37458.004,40869.555,40869.555,35185031017
2021-08-06,40865.867,43271.66,39932.18,42816.5,42816.5,38226483046
2021-08-07,42832.797,44689.859,42618.566,44555.801,44555.801,40030862141
2021-08-08,44574.438,45282.352,43331.91,43798.117,43798.117,36302664750
2021-08-09,43791.926,46456.832,42848.688,46365.402,46365.402,38734079049
2021-08-10,46280.848,46637.988,44705.555,45585.031,45585.031,33546019517
2021-08-11,45599.703,46735.633,45351.711,45593.637,45593.637,34319709073
2021-08-12,45576.879,46228.91,43861.445,44428.289,44428.289,33723620826
2021-08-13,44439.691,47831.977,44282.418,47793.32,47793.32,31744259539
2021-08-14,47810.688,48098.684,46177.633,47096.945,47096.945,31211354442
2021-08-15,47096.668,47357.105,45579.59,47047.004,47047.004,30988958446
2021-08-16,47019.961,47998.098,45700.32,46004.484,46004.484,32776876610
2021-08-17,45936.457,47139.57,44512.418,44695.359,44695.359,33451362600
2021-08-18,44686.75,45952.062,44364.027,44801.188,44801.188,32194123075
2021-08-19,44741.883,46970.762,43998.316,46717.578,46717.578,37204312299
2021-08-20,46723.121,49342.152,46650.707,49339.176,49339.176,34706867452
2021-08-21,49327.074,49717.02,48312.199,48905.492,48905.492,40585205312
2021-08-22,48869.105,49471.609,48199.941,49321.652,49321.652,25370975378
2021-08-23,49291.676,50482.078,49074.605,49546.148,49546.148,34305053719
2021-08-24,49562.348,49878.77,47687.117,47706.117,47706.117,35361168834
2021-08-25,47727.258,49202.879,47163.613,48960.789,48960.789,32646349931
2021-08-26,49002.641,49347.582,46405.781,46942.219,46942.219,32666549568
2021-08-27,46894.555,49112.785,46394.281,49058.668,49058.668,34511076995
2021-08-28,49072.586,49283.504,48499.238,48902.402,48902.402,28568103401
2021-08-29,48911.25,49644.113,47925.855,48829.832,48829.832,25889650240
2021-08-30,48834.852,48925.605,46950.273,47054.984,47054.984,31847007016
2021-08-31,47024.34,48189.551,46750.094,47166.688,47166.688,34730363427
2021-09-01,47099.773,49111.09,46562.438,48847.027,48847.027,39139399125
2021-09-02,48807.848,50343.422,48652.32,49327.723,49327.723,39508070319
2021-09-03,49288.25,50982.273,48386.086,50025.375,50025.375,43206179619
2021-09-04,50009.324,50545.582,49548.781,49944.625,49944.625,37471327794
2021-09-05,49937.859,51868.68,49538.598,51753.41,51753.41,30322676319
2021-09-06,51769.004,52700.941,51053.68,52633.535,52633.535,38884105426
2021-09-07,52660.48,52853.766,43285.207,46811.129,46811.129,65210059683
2021-09-08,46827.762,47334.055,44561.395,46091.391,46091.391,49007762488
2021-09-09,45774.742,47261.949,45669.738,46391.422,46391.422,38672657013
2021-09-10,46396.664,47031.742,44344.484,44883.91,44883.91,39154666597
2021-09-11,44869.84,45969.293,44818.266,45201.457,45201.457,34499835245
2021-09-12,45206.629,46364.879,44790.461,46063.27,46063.27,27881980161
2021-09-13,46057.215,46598.68,43591.32,44963.074,44963.074,40969943253
2021-09-14,44960.051,47218.125,44752.332,47092.492,47092.492,38652152880
2021-09-15,47098,48450.469,46773.328,48176.348,48176.348,30484496466
2021-09-16,48158.906,48486.828,47079.559,47783.359,47783.359,31764293754
2021-09-17,47771.004,48160.922,46832.523,47267.52,47267.52,28727713711
2021-09-18,47273.527,48791.781,47087.285,48278.363,48278.363,28575630451
2021-09-19,48268.855,48328.367,46919.805,47260.219,47260.219,26967722648
2021-09-20,47261.406,47328.199,42598.914,42843.801,42843.801,43909845642
2021-09-21,43012.234,43607.609,39787.609,40693.676,40693.676,48701090088
2021-09-22,40677.953,43978.621,40625.633,43574.508,43574.508,38139709246
2021-09-23,43560.297,44942.176,43109.34,44895.098,44895.098,34244064430
2021-09-24,44894.301,45080.492,40936.559,42839.75,42839.75,42839345714
2021-09-25,42840.891,42996.258,41759.922,42716.594,42716.594,31604717236
2021-09-26,42721.629,43919.301,40848.461,43208.539,43208.539,30661222077
2021-09-27,43234.184,44313.246,42190.633,42235.73,42235.73,30980029059
2021-09-28,42200.898,42775.145,40931.664,41034.543,41034.543,30214940550
2021-09-29,41064.984,42545.258,40829.668,41564.363,41564.363,30602359905
2021-09-30,41551.27,44092.602,41444.582,43790.895,43790.895,31141681925
2021-10-01,43816.742,48436.012,43320.023,48116.941,48116.941,42850641582
2021-10-02,48137.469,48282.062,47465.496,47711.488,47711.488,30614346492
2021-10-03,47680.027,49130.691,47157.289,48199.953,48199.953,26638115879
2021-10-04,48208.906,49456.777,47045.004,49112.902,49112.902,33383173002
2021-10-05,49174.961,51839.984,49072.84,51514.812,51514.812,35873904236
2021-10-06,51486.664,55568.465,50488.191,55361.449,55361.449,49034730168
2021-10-07,55338.625,55338.625,53525.469,53805.984,53805.984,36807860413
2021-10-08,53802.145,55922.98,53688.055,53967.848,53967.848,34800873924
2021-10-09,53929.781,55397.945,53735.145,54968.223,54968.223,32491211414
2021-10-10,54952.82,56401.305,54264.258,54771.578,54771.578,39527792364
2021-10-11,54734.125,57793.039,54519.766,57484.789,57484.789,42637331698
2021-10-12,57526.832,57627.879,54477.973,56041.059,56041.059,41083758949
2021-10-13,56038.258,57688.66,54370.973,57401.098,57401.098,41684252783
2021-10-14,57372.832,58478.734,56957.074,57321.523,57321.523,36615791366
2021-10-15,57345.902,62757.129,56868.145,61593.949,61593.949,51780081801
2021-10-16,61609.527,62274.477,60206.121,60892.18,60892.18,34250964237
2021-10-17,60887.652,61645.523,59164.469,61553.617,61553.617,29032367511
2021-10-18,61548.805,62614.66,60012.758,62026.078,62026.078,38055562075
2021-10-19,62043.164,64434.535,61622.934,64261.992,64261.992,40471196346
2021-10-20,64284.586,66930.391,63610.676,65992.836,65992.836,40788955582
2021-10-21,66002.234,66600.547,62117.41,62210.172,62210.172,45908121370
2021-10-22,62237.891,63715.023,60122.797,60692.266,60692.266,38434082775
2021-10-23,60694.629,61743.879,59826.523,61393.617,61393.617,26882546034
2021-10-24,61368.344,61505.805,59643.344,60930.836,60930.836,27316183882
2021-10-25,60893.926,63729.324,60691.801,63039.824,63039.824,31064911614
2021-10-26,63032.762,63229.027,59991.16,60363.793,60363.793,34878965587
2021-10-27,60352,61435.184,58208.188,58482.387,58482.387,43657076893
2021-10-28,58470.73,62128.633,58206.918,60622.137,60622.137,45257083247
2021-10-29,60624.871,62927.609,60329.965,62227.965,62227.965,36856881767
2021-10-30,62239.363,62330.145,60918.387,61888.832,61888.832,32157938616
2021-10-31,61850.488,62406.172,60074.328,61318.957,61318.957,32241199927
2021-11-01,61320.449,62419.004,59695.184,61004.406,61004.406,36150572843
2021-11-02,60963.254,64242.793,60673.055,63226.402,63226.402,37746665647
2021-11-03,63254.336,63516.938,61184.238,62970.047,62970.047,36124731509
2021-11-04,62941.805,63123.289,60799.664,61452.23,61452.23,32615846901
2021-11-05,61460.078,62541.469,60844.609,61125.676,61125.676,30605102446
2021-11-06,61068.875,61590.684,60163.781,61527.48,61527.48,29094934221
2021-11-07,61554.922,63326.988,61432.488,63326.988,63326.988,24726754302
2021-11-08,63344.066,67673.742,63344.066,67566.828,67566.828,41125608330
2021-11-09,67549.734,68530.336,66382.062,66971.828,66971.828,42357991721
2021-11-10,66953.336,68789.625,63208.113,64995.23,64995.23,48730828378
2021-11-11,64978.891,65579.016,64180.488,64949.961,64949.961,35880633236
2021-11-12,64863.98,65460.816,62333.914,64155.941,64155.941,36084893887
2021-11-13,64158.121,64915.676,63303.734,64469.527,64469.527,30474228777
2021-11-14,64455.371,65495.18,63647.809,65466.84,65466.84,25122092191
2021-11-15,65521.289,66281.57,63548.145,63557.871,63557.871,30558763548
2021-11-16,63721.195,63721.195,59016.336,60161.246,60161.246,46844335592
2021-11-17,60139.621,60823.609,58515.41,60368.012,60368.012,39178392930
2021-11-18,60360.137,60948.5,56550.793,56942.137,56942.137,41388338699
2021-11-19,56896.129,58351.113,55705.18,58119.578,58119.578,38702407772
2021-11-20,58115.082,59859.879,57469.727,59697.195,59697.195,30624264863
2021-11-21,59730.508,60004.426,58618.93,58730.477,58730.477,26123447605
2021-11-22,58706.848,59266.359,55679.84,56289.289,56289.289,35036121783
2021-11-23,56304.555,57875.516,55632.762,57569.074,57569.074,37485803899
2021-11-24,57565.852,57803.066,55964.223,56280.426,56280.426,36635566789
2021-11-25,57165.418,59367.969,57146.684,57274.68,57274.68,34284016248
2021-11-26,58960.285,59183.48,53569.766,53569.766,53569.766,41810748221
2021-11-27,53736.43,55329.258,53668.355,54815.078,54815.078,30560857714
2021-11-28,54813.023,57393.844,53576.734,57248.457,57248.457,28116886357
2021-11-29,57291.906,58872.879,56792.527,57806.566,57806.566,32370840356
2021-11-30,57830.113,59113.402,56057.281,57005.426,57005.426,36708594618
2021-12-01,56907.965,59041.684,56553.082,57229.828,57229.828,36858195307
2021-12-02,57217.371,57349.234,55895.133,56477.816,56477.816,32379968686
2021-12-03,56509.164,57482.168,52496.586,53598.246,53598.246,39789134215
2021-12-04,53727.879,53904.68,42874.617,49200.703,49200.703,61385677469
2021-12-05,49201.52,49768.148,47857.496,49368.848,49368.848,37198201161
2021-12-06,49413.48,50929.52,47281.035,50582.625,50582.625,37707308001
2021-12-07,50581.828,51934.781,50175.809,50700.086,50700.086,33676814852
2021-12-08,50667.648,51171.375,48765.988,50504.797,50504.797,28479699446
2021-12-09,50450.082,50797.164,47358.352,47672.121,47672.121,29603577251
2021-12-10,47642.145,50015.254,47023.699,47243.305,47243.305,30966005122
2021-12-11,47264.633,49458.211,46942.348,49362.508,49362.508,25775869261
2021-12-12,49354.855,50724.867,48725.852,50098.336,50098.336,21939223599
2021-12-13,50114.742,50205,45894.848,46737.48,46737.48,32166727776
2021-12-14,46709.824,48431.398,46424.496,46612.633,46612.633,34638619079
2021-12-15,48379.754,49473.957,46671.965,48896.723,48896.723,36541828520
2021-12-16,48900.465,49425.574,47529.879,47665.426,47665.426,27268150947
2021-12-17,47653.73,48004.895,45618.215,46202.145,46202.145,32902725329
2021-12-18,46219.254,47313.828,45598.441,46848.777,46848.777,26098292690
2021-12-19,46853.867,48089.664,46502.953,46707.016,46707.016,25154053861
2021-12-20,46707.062,47401.719,45579.809,46880.277,46880.277,30961902129
2021-12-21,46886.078,49300.918,46698.773,48936.613,48936.613,27055803928
2021-12-22,48937.098,49544.797,48450.941,48628.512,48628.512,24447979559
2021-12-23,48626.344,51332.34,48065.836,50784.539,50784.539,28223878108
2021-12-24,50806.051,51814.027,50514.496,50822.195,50822.195,24367912228
2021-12-25,50854.918,51176.598,50236.707,50429.859,50429.859,19030650914
2021-12-26,50428.691,51196.379,49623.105,50809.516,50809.516,20964372926
2021-12-27,50802.609,51956.328,50499.469,50640.418,50640.418,24324345758
2021-12-28,50679.859,50679.859,47414.211,47588.855,47588.855,33430376883
2021-12-29,47623.871,48119.742,46201.496,46444.711,46444.711,30049226299
2021-12-30,46490.605,47879.965,46060.312,47178.125,47178.125,26686491018
2021-12-31,47169.371,48472.527,45819.953,46306.445,46306.445,36974172400
2022-01-01,46311.746,47827.312,46288.484,47686.812,47686.812,24582667004
2022-01-02,47680.926,47881.406,46856.938,47345.219,47345.219,27951569547
2022-01-03,47343.543,47510.727,45835.965,46458.117,46458.117,33071628362
2022-01-04,46458.852,47406.547,45752.465,45897.574,45897.574,42494677905
2022-01-05,45899.359,46929.047,42798.223,43569.004,43569.004,36851084859
2022-01-06,43565.512,43748.719,42645.539,43160.93,43160.93,30208048289
2022-01-07,43153.57,43153.57,41077.445,41557.902,41557.902,84196607520
2022-01-08,41561.465,42228.941,40672.277,41733.941,41733.941,28066355845
2022-01-09,41734.727,42663.949,41338.16,41911.602,41911.602,21294384372
2022-01-10,41910.23,42199.484,39796.57,41821.262,41821.262,32104232331
2022-01-11,41819.508,43001.156,41407.754,42735.855,42735.855,26327648900
2022-01-12,42742.18,44135.367,42528.988,43949.102,43949.102,33499938689
2022-01-13,43946.742,44278.422,42447.043,42591.57,42591.57,47691135082
2022-01-14,42598.871,43346.688,41982.617,43099.699,43099.699,23577403399
2022-01-15,43101.898,43724.672,42669.035,43177.398,43177.398,18371348298
2022-01-16,43172.039,43436.809,42691.023,43113.879,43113.879,17902097845
2022-01-17,43118.121,43179.391,41680.32,42250.551,42250.551,21690904261
2022-01-18,42250.074,42534.402,41392.215,42375.633,42375.633,22417209227
2022-01-19,42374.039,42478.305,41242.914,41744.328,41744.328,23091543258
2022-01-20,41744.027,43413.023,40672.824,40680.418,40680.418,20382033940
2022-01-21,40699.605,41060.527,35791.426,36457.316,36457.316,43011992031
2022-01-22,36471.59,36688.812,34349.25,35030.25,35030.25,39714385405
2022-01-23,35047.359,36433.312,34784.969,36276.805,36276.805,26017975951
2022-01-24,36275.734,37247.52,33184.059,36654.328,36654.328,41856658597
2022-01-25,36654.805,37444.57,35779.43,36954.004,36954.004,26428189594
2022-01-26,36950.516,38825.41,36374.906,36852.121,36852.121,31324598034
2022-01-27,36841.879,37148.324,35629.281,37138.234,37138.234,25041426629
2022-01-28,37128.445,37952.879,36211.109,37784.332,37784.332,22238830523
2022-01-29,37780.715,38576.262,37406.473,38138.18,38138.18,17194183075
2022-01-30,38151.918,38266.34,37437.711,37917.602,37917.602,14643548444
2022-01-31,37920.281,38647.262,36733.574,38483.125,38483.125,20734730465
2022-02-01,38481.766,39115.133,38113.664,38743.273,38743.273,20288500328
2022-02-02,38743.715,38834.617,36832.73,36952.984,36952.984,19155189416
2022-02-03,36944.805,37154.602,36375.539,37154.602,37154.602,18591534769
2022-02-04,37149.266,41527.785,37093.629,41500.875,41500.875,29412210792
2022-02-05,41501.48,41847.164,41038.098,41441.164,41441.164,19652846215
2022-02-06,41441.121,42500.785,41244.906,42412.434,42412.434,16142097334
2022-02-07,42406.781,44401.863,41748.156,43840.285,43840.285,28641855926
2022-02-08,43854.652,45293.867,42807.836,44118.445,44118.445,33079398868
2022-02-09,44096.703,44727.801,43232.969,44338.797,44338.797,23245887300
2022-02-10,44347.801,45661.172,43402.809,43565.113,43565.113,32142048537
2022-02-11,43571.129,43810.832,42114.539,42407.938,42407.938,26954925781
2022-02-12,42412.301,42992.551,41852.574,42244.469,42244.469,18152390304
2022-02-13,42236.566,42693.055,41950.941,42197.516,42197.516,14741589015
2022-02-14,42157.398,42775.777,41681.957,42586.918,42586.918,20827783012
2022-02-15,42586.465,44667.219,42491.035,44575.203,44575.203,22721659051
2022-02-16,44578.277,44578.277,43456.691,43961.859,43961.859,19792547657
2022-02-17,43937.07,44132.973,40249.371,40538.012,40538.012,26246662813
2022-02-18,40552.133,40929.152,39637.617,40030.977,40030.977,23310007704
2022-02-19,40026.023,40418.879,39713.059,40122.156,40122.156,13736557863
2022-02-20,40118.102,40119.891,38112.812,38431.379,38431.379,18340576452
2022-02-21,38423.211,39394.438,36950.477,37075.281,37075.281,29280402798
2022-02-22,37068.77,38359.855,36488.934,38286.027,38286.027,25493150450
2022-02-23,38285.281,39122.395,37201.816,37296.57,37296.57,21849073843
2022-02-24,37278.566,38968.84,34459.219,38332.609,38332.609,46383802093
2022-02-25,38333.746,39630.324,38111.344,39214.219,39214.219,26545599159
2022-02-26,39213.082,40005.348,38702.535,39105.148,39105.148,17467554129
2022-02-27,39098.699,39778.941,37268.977,37709.785,37709.785,23450127612
2022-02-28,37706,43760.457,37518.215,43193.234,43193.234,35690014104
2022-03-01,43194.504,44793.602,42952.586,44354.637,44354.637,32479047645
2022-03-02,44357.617,45077.578,43432.852,43924.117,43924.117,29183112630
2022-03-03,43925.195,44021.578,41914.75,42451.789,42451.789,24967782593
2022-03-04,42458.141,42479.613,38805.848,39137.605,39137.605,28516271427
2022-03-05,39148.449,39566.336,38777.035,39400.586,39400.586,16975917450
2022-03-06,39404.199,39640.176,38211.648,38419.984,38419.984,19745229902
2022-03-07,38429.305,39430.227,37260.203,38062.039,38062.039,28546143503
2022-03-08,38059.902,39304.441,37957.387,38737.27,38737.27,25776583476
2022-03-09,38742.816,42465.672,38706.094,41982.926,41982.926,32284121034
2022-03-10,41974.07,42004.727,38832.941,39437.461,39437.461,31078064711
2022-03-11,39439.969,40081.68,38347.434,38794.973,38794.973,26364890465
2022-03-12,38794.465,39308.598,38772.535,38904.012,38904.012,14616450657
2022-03-13,38884.727,39209.352,37728.145,37849.664,37849.664,17300745310
2022-03-14,37846.316,39742.5,37680.734,39666.754,39666.754,24322159070
2022-03-15,39664.25,39794.629,38310.211,39338.785,39338.785,23934000868
2022-03-16,39335.57,41465.453,39022.348,41143.93,41143.93,39616916192
2022-03-17,41140.844,41287.535,40662.871,40951.379,40951.379,22009601093
2022-03-18,40944.84,42195.746,40302.398,41801.156,41801.156,34421564942
2022-03-19,41794.648,42316.555,41602.668,42190.652,42190.652,19664853187
2022-03-20,42191.406,42241.164,41004.758,41247.824,41247.824,20127946682
2022-03-21,41246.133,41454.41,40668.043,41077.996,41077.996,24615543271
2022-03-22,41074.105,43124.707,40948.281,42358.809,42358.809,32004652376
2022-03-23,42364.379,42893.508,41877.508,42892.957,42892.957,25242943069
2022-03-24,42886.652,44131.855,42726.164,43960.934,43960.934,31042992291
2022-03-25,43964.547,44999.492,43706.285,44348.73,44348.73,30574413034
2022-03-26,44349.859,44735.996,44166.273,44500.828,44500.828,16950455995
2022-03-27,44505.355,46827.547,44437.293,46820.492,46820.492,28160889722
2022-03-28,46821.852,48086.836,46690.203,47128.004,47128.004,36362175703
2022-03-29,47100.438,48022.289,47100.438,47465.73,47465.73,31397059069
2022-03-30,47456.898,47655.148,46746.211,47062.664,47062.664,29333883962
2022-03-31,47062.148,47512.027,45390.539,45538.676,45538.676,33327427106
2022-04-01,45554.164,46616.242,44403.141,46281.645,46281.645,38162644287
2022-04-02,46285.5,47028.281,45782.512,45868.949,45868.949,29336594194
2022-04-03,45859.129,47313.477,45634.105,46453.566,46453.566,25414397610
2022-04-04,46445.273,46791.09,45235.816,46622.676,46622.676,32499785455
2022-04-05,46624.508,47106.141,45544.809,45555.992,45555.992,29640604055
2022-04-06,45544.355,45544.355,43193.953,43206.738,43206.738,39393395788
2022-04-07,43207.5,43860.699,42899.906,43503.848,43503.848,26101973106
2022-04-08,43505.137,43903.02,42183.289,42287.664,42287.664,27215995394
2022-04-09,42282.078,42786.816,42183.254,42782.137,42782.137,16050772496
2022-04-10,42781.09,43376.379,42021.207,42207.672,42207.672,17654475582
2022-04-11,42201.039,42424.59,39373.059,39521.902,39521.902,33949912166
2022-04-12,39533.715,40617.586,39388.328,40127.184,40127.184,30991500854
2022-04-13,40123.57,41430.055,39712.746,41166.73,41166.73,27691105228
2022-04-14,41160.219,41451.48,39695.746,39935.516,39935.516,24342001973
2022-04-15,39939.402,40617.723,39866.832,40553.465,40553.465,21756855753
2022-04-16,40552.316,40633.68,40078.426,40424.484,40424.484,16833150693
2022-04-17,40417.777,40570.727,39620.895,39716.953,39716.953,19087633042
2022-04-18,39721.203,40986.32,38696.191,40826.215,40826.215,33705182072
2022-04-19,40828.176,41672.961,40618.633,41502.75,41502.75,25303206547
2022-04-20,41501.746,42126.301,40961.098,41374.379,41374.379,27819532341
2022-04-21,41371.516,42893.582,40063.828,40527.363,40527.363,35372786395
2022-04-22,40525.863,40777.758,39315.418,39740.32,39740.32,28011716745
2022-04-23,39738.723,39935.859,39352.203,39486.73,39486.73,16138021249
2022-04-24,39478.375,39845.926,39233.539,39469.293,39469.293,17964398167
2022-04-25,39472.605,40491.754,38338.379,40458.309,40458.309,35445730570
2022-04-26,40448.422,40713.891,37884.984,38117.461,38117.461,34569088416
2022-04-27,38120.301,39397.918,37997.312,39241.121,39241.121,30981015184
2022-04-28,39241.43,40269.465,38941.422,39773.828,39773.828,33903704907
2022-04-29,39768.617,39887.27,38235.535,38609.824,38609.824,30882994649
2022-04-30,38605.859,38771.211,37697.941,37714.875,37714.875,23895713731
2022-05-01,37713.266,38627.859,37585.789,38469.094,38469.094,27002760110
2022-05-02,38472.188,39074.973,38156.562,38529.328,38529.328,32922642426
2022-05-03,38528.109,38629.996,37585.621,37750.453,37750.453,27326943244
2022-05-04,37748.012,39902.949,37732.059,39698.371,39698.371,36754404490
2022-05-05,39695.746,39789.281,35856.516,36575.141,36575.141,43106256317
2022-05-06,36573.184,36624.359,35482.133,36040.922,36040.922,37795577489
2022-05-07,36042.504,36129.926,34940.824,35501.953,35501.953,24375896406
2022-05-08,35502.941,35502.941,33878.965,34059.266,34059.266,36763041910
2022-05-09,34060.016,34222.074,30296.953,30296.953,30296.953,63355494961
2022-05-10,30273.654,32596.309,29944.803,31022.906,31022.906,59811038817
2022-05-11,31016.184,32013.402,28170.414,28936.355,28936.355,70388855818
2022-05-12,28936.734,30032.439,26350.49,29047.752,29047.752,66989173272
2022-05-13,29030.91,30924.803,28782.33,29283.104,29283.104,42841124537
2022-05-14,29285.643,30192.803,28702.91,30101.266,30101.266,28579868620
2022-05-15,30098.586,31308.191,29527.74,31305.113,31305.113,25835372065
2022-05-16,31304.375,31305.342,29251.885,29862.918,29862.918,32613897286
2022-05-17,29862.408,30694.49,29570.303,30425.857,30425.857,29101473475
2022-05-18,30424.479,30618.717,28720.271,28720.271,28720.271,31285268319
2022-05-19,28720.359,30430.752,28708.955,30314.334,30314.334,33773447707
2022-05-20,30311.119,30664.977,28793.605,29200.74,29200.74,30749382605
2022-05-21,29199.859,29588.869,29027.395,29432.227,29432.227,17274840442
2022-05-22,29432.473,30425.861,29275.184,30323.723,30323.723,21631532270
2022-05-23,30309.396,30590.586,28975.561,29098.91,29098.91,31483454557
2022-05-24,29101.125,29774.355,28786.59,29655.586,29655.586,26616506245
2022-05-25,29653.135,30157.785,29384.949,29562.361,29562.361,27525063551
2022-05-26,29564.777,29834.16,28261.906,29267.225,29267.225,36774325352
2022-05-27,29251.141,29346.943,28326.613,28627.574,28627.574,36582005748
2022-05-28,28622.625,28814.9,28554.566,28814.9,28814.9,35519577634
2022-05-29,29019.867,29498.01,28841.107,29445.957,29445.957,18093886409
2022-05-30,29443.365,31949.631,29303.572,31726.391,31726.391,39277993274
2022-05-31,31723.865,32249.863,31286.154,31792.311,31792.311,33538210634
2022-06-01,31792.555,31957.285,29501.588,29799.08,29799.08,41135817341
2022-06-02,29794.891,30604.734,29652.705,30467.488,30467.488,29083562061
2022-06-03,30467.807,30633.035,29375.689,29704.391,29704.391,26175547452
2022-06-04,29706.139,29930.564,29500.006,29832.914,29832.914,16588370958
2022-06-05,29835.117,30117.744,29574.449,29906.662,29906.662,17264085441
2022-06-06,29910.283,31693.291,29894.188,31370.672,31370.672,31947336829
2022-06-07,31371.742,31489.684,29311.684,31155.479,31155.479,40770974039
2022-06-08,31151.48,31253.691,29944.404,30214.355,30214.355,30242059107
2022-06-09,30215.279,30609.311,30020.266,30111.998,30111.998,21692004719
2022-06-10,30110.33,30245.809,28978.146,29083.805,29083.805,29867476527
2022-06-11,29084.666,29401.916,28236.213,28360.811,28360.811,27246574439
2022-06-12,28373.514,28502.686,26762.648,26762.648,26762.648,34163220274
2022-06-13,26737.578,26795.59,22141.258,22487.389,22487.389,68204556440
2022-06-14,22487.986,23018.951,20950.818,22206.793,22206.793,50913575242
2022-06-15,22196.73,22642.672,20178.377,22572.84,22572.84,54912007015
2022-06-16,22576.305,22868.922,20265.227,20381.65,20381.65,31183975654
2022-06-17,20385.719,21243.312,20326.52,20471.482,20471.482,27132421514
2022-06-18,20473.426,20736.041,17708.623,19017.643,19017.643,42009436760
2022-06-19,19010.902,20683.822,18067.152,20553.271,20553.271,35329942625
2022-06-20,20553.371,20913.322,19689.17,20599.537,20599.537,30818458597
2022-06-21,20594.295,21620.629,20415.062,20710.598,20710.598,28970212744
2022-06-22,20719.414,20835.75,19848.078,19987.029,19987.029,28574793478
2022-06-23,19986.607,21135.762,19950.117,21085.877,21085.877,26188097173
2022-06-24,21084.648,21472.918,20777.512,21231.656,21231.656,24957784918
2022-06-25,21233.609,21520.914,20964.586,21502.338,21502.338,18372538715
2022-06-26,21496.494,21783.725,21016.27,21027.295,21027.295,18027170497
2022-06-27,21028.238,21478.09,20620.199,20735.479,20735.479,20965695707
2022-06-28,20731.545,21164.424,20228.812,20280.635,20280.635,21381535161
2022-06-29,20281.17,20364.156,19937.791,20104.023,20104.023,23552740328
2022-06-30,20108.312,20141.16,18729.656,19784.727,19784.727,26267239923
2022-07-01,19820.471,20632.672,19073.709,19269.367,19269.367,30767551159
2022-07-02,19274.836,19371.748,19027.082,19242.256,19242.256,18100418740
2022-07-03,19242.096,19558.27,18966.951,19297.076,19297.076,16390821947
2022-07-04,19297.314,20258.748,19063.066,20231.262,20231.262,21594638208
2022-07-05,20225.354,20635.467,19341.232,20190.115,20190.115,26715546990
2022-07-06,20194.619,20595.529,19823.512,20548.246,20548.246,24598943708
2022-07-07,20547.814,21771.816,20296.104,21637.588,21637.588,25814972520
2022-07-08,21637.154,22314.941,21257.453,21731.117,21731.117,49899834488
2022-07-09,21716.828,21877.139,21445.957,21592.207,21592.207,29641127858
2022-07-10,21591.08,21591.08,20727.123,20860.449,20860.449,28688807249
2022-07-11,20856.354,20856.354,19924.539,19970.557,19970.557,24150249025
2022-07-12,19970.475,20043.445,19308.531,19323.914,19323.914,25810220018
2022-07-13,19325.973,20223.053,18999.953,20212.074,20212.074,33042430345
2022-07-14,20211.467,20789.895,19689.258,20569.92,20569.92,31158743333
2022-07-15,20573.156,21138.244,20397,20836.328,20836.328,25905575359
2022-07-16,20834.104,21514.404,20518.898,21190.316,21190.316,24302954056
2022-07-17,21195.041,21600.641,20778.18,20779.344,20779.344,22927802083
2022-07-18,20781.912,22633.033,20781.912,22485.689,22485.689,39974475562
2022-07-19,22467.85,23666.963,21683.406,23389.434,23389.434,48765202697
2022-07-20,23393.191,24196.818,23009.949,23231.732,23231.732,42932549127
2022-07-21,23233.201,23388.322,22431.148,23164.629,23164.629,33631012204
2022-07-22,23163.752,23671.928,22603.416,22714.979,22714.979,31421555646
2022-07-23,22706.984,22977.211,22002.91,22465.479,22465.479,24021799169
2022-07-24,22465.51,22974.002,22306.84,22609.164,22609.164,23565495303
2022-07-25,22607.156,22649.121,21361.643,21361.701,21361.701,35574561406
2022-07-26,21361.121,21361.121,20776.816,21239.754,21239.754,28624673855
2022-07-27,21244.17,22986.529,21070.807,22930.549,22930.549,31758955233
2022-07-28,22933.641,24110.471,22722.266,23843.887,23843.887,40212386158
2022-07-29,23845.213,24294.787,23481.174,23804.633,23804.633,35887249746
2022-07-30,23796.818,24572.58,23580.508,23656.207,23656.207,28148218301
2022-07-31,23652.07,24121.643,23275.703,23336.896,23336.896,23553591896
2022-08-01,23336.719,23464.787,22890.797,23314.199,23314.199,25849159141
2022-08-02,23308.434,23415.041,22710.084,22978.117,22978.117,28389250717
2022-08-03,22981.303,23578.65,22747.836,22846.508,22846.508,26288169966
2022-08-04,22848.215,23198.01,22485.701,22630.957,22630.957,25120229769
2022-08-05,22626.834,23422.828,22612.178,23289.314,23289.314,28881249043
2022-08-06,23291.424,23326.562,22961.279,22961.279,22961.279,15978259885
2022-08-07,22963.506,23359.01,22894.557,23175.891,23175.891,15886817043
2022-08-08,23179.527,24203.689,23176.547,23809.486,23809.486,28575544847
2022-08-09,23811.484,23898.615,22982,23164.318,23164.318,23555719219
2022-08-10,23162.898,24127.414,22771.52,23947.643,23947.643,32837431722
2022-08-11,23948.346,24822.629,23900.996,23957.529,23957.529,37127036580
2022-08-12,23957.203,24412.566,23657.266,24402.818,24402.818,27265804688
2022-08-13,24402.188,24860.051,24346.115,24424.068,24424.068,22987346289
2022-08-14,24429.057,24974.914,24206.26,24319.334,24319.334,22994133555
2022-08-15,24318.316,25135.59,23839.775,24136.973,24136.973,35123501685
2022-08-16,24126.137,24228.416,23733.5,23883.291,23883.291,27753685646
2022-08-17,23881.316,24407.059,23243.354,23335.998,23335.998,30931623076
2022-08-18,23341.039,23563.832,23177.602,23212.738,23212.738,23747613147
2022-08-19,23213.312,23213.312,20868.848,20877.553,20877.553,40509610260
2022-08-20,20872.842,21350.807,20856.73,21166.061,21166.061,27595671000
2022-08-21,21160.393,21668.846,21103.197,21534.121,21534.121,23102307723
2022-08-22,21531.463,21531.463,20939.184,21398.908,21398.908,31666498758
2022-08-23,21401.045,21646.203,20955.139,21528.088,21528.088,31878280659
2022-08-24,21526.455,21783.076,21195.006,21395.02,21395.02,31962253368
2022-08-25,21395.459,21789.637,21362.441,21600.904,21600.904,31028679593
2022-08-26,21596.086,21804.908,20199.482,20260.02,20260.02,42326789564
2022-08-27,20262.48,20340.775,19890.523,20041.738,20041.738,30116729776
2022-08-28,20041.035,20139.055,19616.814,19616.814,19616.814,24366810591
2022-08-29,19615.154,20357.463,19600.785,20297.994,20297.994,32637854078
2022-08-30,20298.611,20542.645,19617.641,19796.809,19796.809,34483360283
2022-08-31,19799.582,20420.99,19799.582,20049.764,20049.764,33225232872
2022-09-01,20050.498,20198.391,19653.969,20127.141,20127.141,30182031010
2022-09-02,20126.072,20401.568,19814.766,19969.771,19969.771,29123998928
2022-09-03,19969.719,20037.01,19698.355,19832.088,19832.088,23613051457
2022-09-04,19832.471,19999.689,19636.816,19986.713,19986.713,25245861652
2022-09-05,19988.789,20031.16,19673.047,19812.371,19812.371,28813460025
2022-09-06,19817.725,20155.27,18800.172,18837.668,18837.668,43403978910
2022-09-07,18837.684,19427.172,18644.467,19290.324,19290.324,35239757134
2022-09-08,19289.941,19417.352,19076.715,19329.834,19329.834,32194477850
2022-09-09,19328.141,21439.41,19310.963,21381.152,21381.152,48469528171
2022-09-10,21376.912,21760.275,21168.723,21680.539,21680.539,36913738894
2022-09-11,21678.543,21770.553,21406.945,21769.256,21769.256,34493951963
2022-09-12,21770.148,22439.182,21603.896,22370.449,22370.449,50212088965
2022-09-13,22371.48,22673.82,20062.67,20296.707,20296.707,51091116622
2022-09-14,20184.555,20467.201,19793.396,20241.09,20241.09,37872380889
2022-09-15,20242.289,20318.166,19636.734,19701.211,19701.211,36389011503
2022-09-16,19704.006,19870.629,19400.076,19772.584,19772.584,30123362273
2022-09-17,19777.033,20162.531,19777.033,20127.576,20127.576,24957448100
2022-09-18,20127.234,20127.234,19387.492,19419.506,19419.506,31254779144
2022-09-19,19418.572,19639.48,18390.318,19544.129,19544.129,40177002624
2022-09-20,19545.592,19602.457,18813.455,18890.789,18890.789,36791346508
2022-09-21,18891.283,19674.631,18290.314,18547.4,18547.4,46363793975
2022-09-22,18534.65,19456.91,18415.592,19413.551,19413.551,41135767926
2022-09-23,19412.4,19464.672,18617.553,19297.639,19297.639,38896078052
2022-09-24,19296.99,19310.197,18861.975,18937.012,18937.012,26149643168
2022-09-25,18936.311,19134.732,18696.469,18802.098,18802.098,23359966112
2022-09-26,18803.9,19274.873,18721.285,19222.672,19222.672,44148798321
2022-09-27,19221.84,20338.455,18915.668,19110.547,19110.547,58571439619
2022-09-28,19104.621,19688.344,18553.297,19426.721,19426.721,53071298734
2022-09-29,19427.779,19589.266,18924.354,19573.051,19573.051,41037843771
2022-09-30,19573.432,20109.85,19265.662,19431.789,19431.789,43975248085
2022-10-01,19431.105,19471.154,19231.082,19312.096,19312.096,18719537670
2022-10-02,19311.85,19370.309,18970.621,19044.107,19044.107,20765955327
2022-10-03,19044.068,19653.543,19025.227,19623.58,19623.58,30484729489
2022-10-04,19623.584,20380.344,19523.84,20336.844,20336.844,35887278685
2022-10-05,20335.9,20343.748,19801.801,20160.717,20160.717,33223790572
2022-10-06,20161.039,20408.393,19900.088,19955.443,19955.443,34711412966
2022-10-07,19957.559,20041.086,19395.793,19546.85,19546.85,29227315390
2022-10-08,19546.328,19601.695,19299.414,19416.568,19416.568,16437423167
2022-10-09,19417.479,19542.539,19349.26,19446.426,19446.426,16837262532
2022-10-10,19446.416,19515.467,19102.979,19141.484,19141.484,27425022774
2022-10-11,19139,19241.961,18925.604,19051.418,19051.418,28711532910
2022-10-12,19052.646,19203.199,19029.758,19157.445,19157.445,24950173846
2022-10-13,19156.967,19453.328,18319.822,19382.904,19382.904,44219840004
2022-10-14,19382.533,19889.146,19115.408,19185.656,19185.656,38452356727
2022-10-15,19185.438,19212.541,19019.25,19067.635,19067.635,16192235532
2022-10-16,19068.914,19389.604,19068.914,19268.094,19268.094,17988916650
2022-10-17,19268.562,19635.803,19173.334,19550.758,19550.758,27472552998
2022-10-18,19550.467,19666.994,19144.77,19334.416,19334.416,30580012344
2022-10-19,19335.027,19348.416,19127.688,19139.535,19139.535,22425387184
2022-10-20,19138.086,19315.199,18971.459,19053.74,19053.74,24493974420
2022-10-21,19053.203,19237.385,18770.971,19172.469,19172.469,32459287866
2022-10-22,19172.381,19248.068,19132.244,19208.189,19208.189,16104440957
2022-10-23,19207.734,19646.652,19124.197,19567.008,19567.008,22128794335
2022-10-24,19567.77,19589.125,19206.324,19345.572,19345.572,30202235805
2022-10-25,19344.965,20348.412,19261.447,20095.857,20095.857,47761524910
2022-10-26,20092.236,20938.135,20076.117,20770.441,20770.441,58895950537
2022-10-27,20772.803,20854.045,20255.373,20285.836,20285.836,49625110402
2022-10-28,20287.957,20724.98,20086.068,20595.352,20595.352,43994715910
2022-10-29,20595.104,20988.395,20566.484,20818.477,20818.477,40369840645
2022-10-30,20817.982,20917.006,20547.463,20635.604,20635.604,31486345556
2022-10-31,20633.695,20795.32,20287.459,20495.773,20495.773,45668466815
2022-11-01,20494.898,20647.289,20359.846,20485.273,20485.273,39819303159
2022-11-02,20482.959,20742.811,20087.135,20159.504,20159.504,55552169483
2022-11-03,20162.689,20382.096,20086.24,20209.988,20209.988,43228750179
2022-11-04,20208.77,21209.561,20188.02,21147.23,21147.23,64072727950
2022-11-05,21144.832,21446.887,21097.635,21282.691,21282.691,37846047609
2022-11-06,21285.057,21345.377,20920.191,20926.486,20926.486,35082693210
2022-11-07,20924.621,21053.246,20489.973,20602.816,20602.816,53510852236
2022-11-08,20600.672,20664.607,17603.545,18541.271,18541.271,118992465607
2022-11-09,18543.762,18590.459,15682.692,15880.78,15880.78,102905151606
2022-11-10,15883.158,18054.312,15834.019,17586.771,17586.771,83202283721
2022-11-11,17583.252,17650.943,16543.482,17034.293,17034.293,55871616488
2022-11-12,17036.875,17066.676,16651.775,16799.186,16799.186,29717699419
2022-11-13,16799.723,16920.766,16320.635,16353.365,16353.365,27209183682
2022-11-14,16352.028,17109.324,15872.941,16618.199,16618.199,49630243054
2022-11-15,16617.484,17051.963,16542.551,16884.613,16884.613,36599436183
2022-11-16,16884.342,16960.295,16430.111,16669.439,16669.439,33925512989
2022-11-17,16670.426,16726.439,16460.684,16687.518,16687.518,27868914022
2022-11-18,16687.912,16947.059,16564.611,16697.777,16697.777,26862218609
2022-11-19,16696.221,16797.877,16570.41,16711.547,16711.547,16106223492
2022-11-20,16712.92,16746.779,16248.692,16291.832,16291.832,21313378652
2022-11-21,16291.224,16291.224,15599.047,15787.284,15787.284,37429485518
2022-11-22,15782.301,16253.048,15656.606,16189.77,16189.77,30726828760
2022-11-23,16195.589,16638.193,16170.503,16610.707,16610.707,32958875628
2022-11-24,16611.637,16771.475,16501.768,16604.465,16604.465,26129037414
2022-11-25,16602.27,16603.316,16388.404,16521.842,16521.842,18678255976
2022-11-26,16521.576,16666.863,16416.229,16464.281,16464.281,18000008764
2022-11-27,16463.883,16594.406,16437.025,16444.627,16444.627,20443898509
2022-11-28,16440.223,16482.934,16054.53,16217.322,16217.322,27743025156
2022-11-29,16217.64,16522.258,16139.396,16444.982,16444.982,23581685468
2022-11-30,16445.477,17190.938,16445.477,17168.566,17168.566,29523576583
2022-12-01,17168.002,17197.498,16888.389,16967.133,16967.133,22895392882
2022-12-02,16968.684,17088.66,16877.881,17088.66,17088.66,19539705127
2022-12-03,17090.098,17116.041,16888.141,16908.236,16908.236,16217776704
2022-12-04,16908.17,17157.768,16903.439,17130.486,17130.486,16824520830
2022-12-05,17128.895,17378.152,16922.432,16974.826,16974.826,22209086834
2022-12-06,16975.238,17091.863,16939.922,17089.504,17089.504,19889922369
2022-12-07,17089.506,17109.377,16750.559,16848.127,16848.127,19675404389
2022-12-08,16847.35,17267.916,16788.783,17233.475,17233.475,20496603770
2022-12-09,17232.148,17280.547,17100.836,17133.152,17133.152,20328426366
2022-12-10,17134.221,17216.826,17120.684,17128.725,17128.725,12706781969
2022-12-11,17129.711,17245.635,17091.82,17104.193,17104.193,14122486832
2022-12-12,17102.5,17212.564,16899.395,17206.438,17206.438,19617581341
2022-12-13,17206.441,17930.086,17111.764,17781.318,17781.318,26634741631
2022-12-14,17782.066,18318.531,17739.514,17815.65,17815.65,25534481470
2022-12-15,17813.645,17846.744,17322.59,17364.865,17364.865,20964448341
2022-12-16,17364.547,17505.525,16584.701,16647.484,16647.484,24031608960
2022-12-17,16646.982,16800.59,16614.029,16795.092,16795.092,14463581825
2022-12-18,16795.609,16815.387,16697.82,16757.977,16757.977,10924354698
2022-12-19,16759.041,16807.527,16398.137,16439.68,16439.68,17221074814
2022-12-20,16441.787,17012.984,16427.867,16906.305,16906.305,22722096615
2022-12-21,16904.527,16916.801,16755.912,16817.535,16817.535,14882945045
2022-12-22,16818.381,16866.674,16592.408,16830.342,16830.342,16441573050
2022-12-23,16829.645,16905.219,16794.459,16796.953,16796.953,15329265213
2022-12-24,16796.977,16864.703,16793.527,16847.756,16847.756,9744636213
2022-12-25,16847.506,16860.555,16755.254,16841.986,16841.986,11656379938
2022-12-26,16842.25,16920.123,16812.369,16919.805,16919.805,11886957804
2022-12-27,16919.291,16959.846,16642.072,16717.174,16717.174,15748580239
2022-12-28,16716.4,16768.17,16497.557,16552.572,16552.572,17005713920
2022-12-29,16552.322,16651.756,16508.684,16642.342,16642.342,14472237479
2022-12-30,16641.33,16643.428,16408.475,16602.586,16602.586,15929162910
2022-12-31,16603.674,16628.986,16517.52,16547.496,16547.496,11239186456
2023-01-01,16547.914,16630.439,16521.234,16625.08,16625.08,9244361700
2023-01-02,16625.51,16759.344,16572.229,16688.471,16688.471,12097775227
2023-01-03,16688.848,16760.447,16622.371,16679.857,16679.857,13903079207
2023-01-04,16680.205,16964.586,16667.764,16863.238,16863.238,18421743322
2023-01-05,16863.473,16884.021,16790.283,16836.736,16836.736,13692758566
2023-01-06,16836.473,16991.994,16716.422,16951.969,16951.969,14413662913
2023-01-07,16952.117,16975.018,16914.191,16955.078,16955.078,7714767174
2023-01-08,16954.146,17091.145,16924.051,17091.145,17091.145,9768827914
2023-01-09,17093.992,17389.957,17093.992,17196.555,17196.555,18624736866
2023-01-10,17192.949,17484.721,17162.99,17446.293,17446.293,15808338949
2023-01-11,17446.359,17934.896,17337.994,17934.896,17934.896,18372283782
2023-01-12,18117.594,19030.088,17995.203,18869.588,18869.588,34971338710
2023-01-13,18868.906,19964.322,18753.164,19909.574,19909.574,29225029694
2023-01-14,19910.537,21075.143,19907.828,20976.299,20976.299,38967784639
2023-01-15,20977.484,20993.748,20606.986,20880.799,20880.799,19298407543
2023-01-16,20882.225,21360.875,20715.746,21169.633,21169.633,26792494050
2023-01-17,21175.834,21438.66,20978.533,21161.52,21161.52,24999983362
2023-01-18,21161.051,21564.502,20541.545,20688.781,20688.781,30005625418
2023-01-19,20686.746,21163.012,20685.381,21086.793,21086.793,21152848261
2023-01-20,21085.373,22692.357,20919.127,22676.553,22676.553,28799154319
2023-01-21,22677.428,23282.348,22511.834,22777.625,22777.625,32442278429
2023-01-22,22777.986,23056.73,22387.9,22720.416,22720.416,24746386230
2023-01-23,22721.088,23126.486,22654.305,22934.432,22934.432,26518700512
2023-01-24,22929.627,23134.012,22549.744,22636.469,22636.469,26405069715
2023-01-25,22639.268,23722.1,22406.076,23117.859,23117.859,30685366709
2023-01-26,23108.955,23237.078,22911.373,23032.777,23032.777,26357839322
2023-01-27,23030.717,23417.721,22654.594,23078.729,23078.729,25383335641
2023-01-28,23079.965,23165.896,22908.846,23031.09,23031.09,14712928379
2023-01-29,23031.449,23919.891,22985.07,23774.566,23774.566,27423687259
2023-01-30,23774.648,23789.348,22657.582,22840.139,22840.139,27205595568
2023-01-31,22840.797,23225.021,22765.568,23139.283,23139.283,22837828665
2023-02-01,23137.836,23764.539,22877.75,23723.77,23723.77,26683255504
2023-02-02,23720.824,24167.211,23468.596,23471.871,23471.871,32066936882
2023-02-03,23469.412,23678.104,23279.955,23449.322,23449.322,27083066007
2023-02-04,23446.32,23556.949,23291.795,23331.848,23331.848,15639298538
2023-02-05,23332.248,23423.436,22841.76,22955.666,22955.666,19564262605
2023-02-06,22954.021,23119.279,22692.025,22760.109,22760.109,23825006542
2023-02-07,22757.268,23310.975,22756.258,23264.291,23264.291,27187964471
2023-02-08,23263.416,23367.959,22731.098,22939.398,22939.398,25371367758
2023-02-09,22946.566,22996.438,21773.975,21819.039,21819.039,32572572185
2023-02-10,21819.006,21941.186,21539.393,21651.184,21651.184,27078406594
2023-02-11,21651.842,21891.41,21618.449,21870.875,21870.875,16356226232
2023-02-12,21870.902,22060.994,21682.828,21788.203,21788.203,17821046406
2023-02-13,21787,21898.414,21460.088,21808.102,21808.102,23918742607
2023-02-14,21801.822,22293.141,21632.395,22220.805,22220.805,26792596581
2023-02-15,22220.586,24307.842,22082.77,24307.842,24307.842,32483312909
2023-02-16,24307.35,25134.117,23602.523,23623.475,23623.475,39316664596
2023-02-17,23621.283,24924.041,23460.756,24565.602,24565.602,41358451255
2023-02-18,24565.297,24798.836,24468.373,24641.277,24641.277,19625427158
2023-02-19,24640.027,25093.055,24327.643,24327.643,24327.643,25555105670
2023-02-20,24336.623,25020.459,23927.91,24829.148,24829.148,28987376573
2023-02-21,24833.049,25126.852,24200.363,24436.354,24436.354,31252098714
2023-02-22,24437.418,24472.34,23644.318,24188.844,24188.844,30199996781
2023-02-23,24190.719,24572.09,23693.92,23947.492,23947.492,30476264066
2023-02-24,23946.008,24103.705,23007.072,23198.127,23198.127,26811744928
2023-02-25,23200.125,23210.211,22861.559,23175.375,23175.375,16100721565
2023-02-26,23174.15,23654.367,23084.221,23561.213,23561.213,16644534842
2023-02-27,23561.451,23857.891,23205.879,23522.871,23522.871,22660763494
2023-02-28,23521.838,23585.385,23077.65,23147.354,23147.354,20535363434
2023-03-01,23150.93,23880.633,23088.627,23646.551,23646.551,24662841200
2023-03-02,23647.02,23739.139,23245.021,23475.467,23475.467,20386398516
2023-03-03,23476.633,23479.348,22213.238,22362.68,22362.68,26062404610
2023-03-04,22362.924,22405.178,22198.98,22353.35,22353.35,11166012913
2023-03-05,22354.145,22613.686,22307.143,22435.514,22435.514,13317001733
2023-03-06,22436.816,22584.293,22331.314,22429.758,22429.758,17353192895
2023-03-07,22428.322,22527.418,22011.262,22219.77,22219.77,22765452204
2023-03-08,22216.441,22268.896,21708.051,21718.08,21718.08,22536575684
2023-03-09,21720.08,21802.717,20210.307,20363.021,20363.021,30364664171
2023-03-10,20367.002,20370.596,19628.254,20187.244,20187.244,39578257695
2023-03-11,20187.877,20792.525,20068.66,20632.41,20632.41,30180288176
2023-03-12,20628.029,22185.031,20448.807,22163.949,22163.949,29279035521
2023-03-13,22156.406,24550.838,21918.199,24197.533,24197.533,49466362688
2023-03-14,24201.766,26514.717,24081.184,24746.074,24746.074,54622230164
2023-03-15,24770.926,25240.615,23964.91,24375.961,24375.961,43655701450
2023-03-16,24373.457,25190.326,24225.111,25052.789,25052.789,33866061747
2023-03-17,25055.123,27787.812,24955.17,27423.93,27423.93,50730261335
2023-03-18,27448.117,27725.953,26636.262,26965.879,26965.879,35723036817
2023-03-19,26969.504,28440.561,26907.717,28038.676,28038.676,37769448859
2023-03-20,28041.602,28527.725,27242.881,27767.236,27767.236,44774027664
2023-03-21,27768.393,28439.562,27439.646,28175.816,28175.816,36102192830
2023-03-22,28158.721,28803.336,26759.996,27307.438,27307.438,33382021890
2023-03-23,27301.957,28729.844,27183.363,28333.973,28333.973,24220433689
2023-03-24,28324.111,28388.438,27039.266,27493.285,27493.285,25980310960
2023-03-25,27487.338,27791.826,27196.234,27494.707,27494.707,13383005987
2023-03-26,27495.523,28178.145,27445.047,27994.33,27994.33,13878363192
2023-03-27,27994.068,28037.926,26606.689,27139.889,27139.889,18188895178
2023-03-28,27132.889,27460.719,26677.818,27268.131,27268.131,17783600385
2023-03-29,27267.031,28619.543,27259.662,28348.441,28348.441,20684945906
2023-03-30,28350.141,29159.902,27720.16,28033.562,28033.562,22435349951
2023-03-31,28032.262,28639.896,27583.715,28478.484,28478.484,19001327598
2023-04-01,28473.332,28802.457,28297.172,28411.035,28411.035,10876469901
2023-04-02,28462.846,28518.959,27884.088,28199.309,28199.309,12284641999
2023-04-03,28183.08,28475.623,27276.721,27790.221,27790.221,19556501327
2023-04-04,27795.273,28433.742,27681.305,28168.09,28168.09,15284538859
2023-04-05,28169.727,28739.238,27843.764,28177.984,28177.984,17052315986
2023-04-06,28175.227,28178.385,27738.76,28044.141,28044.141,13837809380
2023-04-07,28038.967,28111.594,27794.031,27925.859,27925.859,10861680497
2023-04-08,27920.514,28159.863,27883.387,27947.795,27947.795,9373255556
2023-04-09,27952.367,28532.83,27828.48,28333.051,28333.051,12175322951
2023-04-10,28336.027,29771.465,28189.271,29652.98,29652.98,19282400094
2023-04-11,29653.68,30509.084,29609.301,30235.059,30235.059,20121259843
2023-04-12,30231.582,30462.48,29725.574,30139.053,30139.053,18651929926
2023-04-13,29892.74,30539.846,29878.623,30399.066,30399.066,17487721001
2023-04-14,30409.562,31005.607,30044.498,30485.699,30485.699,22659995079
2023-04-15,30490.75,30601.74,30245.883,30318.496,30318.496,11940685378
2023-04-16,30315.977,30555.537,30157.832,30315.355,30315.355,12854816417
2023-04-17,30317.146,30319.197,29275.371,29445.045,29445.045,17872186762
2023-04-18,29449.092,30470.303,29154.85,30397.553,30397.553,19480529496
2023-04-19,30394.188,30411.055,28669.898,28822.68,28822.68,24571565421
2023-04-20,28823.684,29076.4,28037.258,28245.988,28245.988,21340360360
2023-04-21,28249.23,28349.969,27177.365,27276.91,27276.91,20759504330
2023-04-22,27265.895,27872.143,27169.57,27817.5,27817.5,13125734602
2023-04-23,27816.145,27820.244,27400.314,27591.385,27591.385,12785446832
2023-04-24,27591.73,27979.982,27070.85,27525.34,27525.34,17703288330
2023-04-25,27514.873,28371.078,27207.932,28307.598,28307.598,17733373139
2023-04-26,28300.059,29995.838,27324.549,28422.701,28422.701,31854242019
2023-04-27,28428.465,29871.547,28402.887,29473.787,29473.787,27153445027
2023-04-28,29481.014,29572.791,28929.609,29340.262,29340.262,17544464887
2023-04-29,29336.566,29452.455,29088.043,29248.488,29248.488,10662634333
2023-04-30,29245.516,29952.029,29114.021,29268.807,29268.807,14652199272
2023-05-01,29227.104,29329.936,27680.793,28091.568,28091.568,18655599976
2023-05-02,28087.176,28881.299,27924.123,28680.537,28680.537,16432924527
2023-05-03,28680.494,29259.533,28178.389,29006.309,29006.309,19122972518
2023-05-04,29031.305,29353.186,28694.039,28847.711,28847.711,15548678514
2023-05-05,28851.48,29668.908,28845.51,29534.385,29534.385,17936566518
2023-05-06,29538.859,29820.127,28468.967,28904.623,28904.623,15913866714
2023-05-07,28901.623,29157.518,28441.367,28454.979,28454.979,11301355486
2023-05-08,28450.457,28663.271,27310.135,27694.273,27694.273,19122903752
2023-05-09,27695.068,27821.4,27375.602,27658.775,27658.775,14128593256
2023-05-10,27654.637,28322.688,26883.67,27621.756,27621.756,20656025026
2023-05-11,27621.086,27621.941,26781.826,27000.789,27000.789,16724343943
2023-05-12,26987.662,27055.646,25878.43,26804.99,26804.99,19313599897
2023-05-13,26807.77,27030.482,26710.873,26784.078,26784.078,9999171605
2023-05-14,26788.975,27150.977,26661.355,26930.639,26930.639,10014858959
2023-05-15,26931.385,27646.348,26766.098,27192.693,27192.693,14413231792
2023-05-16,27171.514,27299.305,26878.947,27036.65,27036.65,12732238816
2023-05-17,27035.471,27465.928,26600.145,27398.803,27398.803,15140006925
2023-05-18,27401.65,27466.527,26415.102,26832.209,26832.209,15222938600
2023-05-19,26826.754,27128.619,26700.211,26890.129,26890.129,11258983301
2023-05-20,26888.842,27155.158,26843.277,27129.586,27129.586,7044911360
2023-05-21,27118.424,27265.918,26706.922,26753.826,26753.826,8647416921
2023-05-22,26749.893,27045.734,26549.734,26851.277,26851.277,11056770492
2023-05-23,26855.961,27434.684,26816.18,27225.727,27225.727,13697203143
2023-05-24,27224.604,27224.604,26106.576,26334.818,26334.818,16299104428
2023-05-25,26329.461,26591.52,25890.594,26476.207,26476.207,13851122697
2023-05-26,26474.182,26916.67,26343.949,26719.291,26719.291,12711619225
2023-05-27,26720.182,26888.883,26621.141,26868.354,26868.354,7892015141
2023-05-28,26871.158,28193.449,26802.752,28085.646,28085.646,14545229578
2023-05-29,28075.592,28432.039,27563.877,27745.885,27745.885,15181308984
2023-05-30,27745.123,28044.76,27588.502,27702.35,27702.35,13251081851
2023-05-31,27700.529,27831.678,26866.453,27219.658,27219.658,15656371534
2023-06-01,27218.412,27346.105,26671.721,26819.973,26819.973,14678970415
2023-06-02,26824.557,27303.861,26574.645,27249.59,27249.59,14837415000
2023-06-03,27252.324,27317.053,26958.004,27075.129,27075.129,8385597470
2023-06-04,27075.123,27407.02,26968.225,27119.066,27119.066,9360912318
2023-06-05,27123.109,27129.982,25445.168,25760.098,25760.098,21513292646
2023-06-06,25732.109,27313.82,25434.867,27238.783,27238.783,21929670693
2023-06-07,27235.65,27332.182,26146.988,26345.998,26345.998,19530045082
2023-06-08,26347.654,26797.514,26246.664,26508.217,26508.217,11904824295
2023-06-09,26505.924,26770.289,26339.314,26480.375,26480.375,11015551640
2023-06-10,26481.762,26531.045,25501.836,25851.24,25851.24,19872933189
2023-06-11,25854.031,26203.439,25668.986,25940.168,25940.168,10732609603
2023-06-12,25934.285,26087.92,25675.197,25902.5,25902.5,11677889997
2023-06-13,25902.941,26376.352,25728.365,25918.729,25918.729,14143474486
2023-06-14,25920.258,26041.801,24902.152,25124.676,25124.676,14265717766
2023-06-15,25121.674,25735.309,24797.168,25576.395,25576.395,15837384409
2023-06-16,25575.283,26463.174,25245.357,26327.463,26327.463,16324646965
2023-06-17,26328.68,26769.395,26174.492,26510.676,26510.676,11090276850
2023-06-18,26510.457,26675.926,26325.891,26336.213,26336.213,9565695129
2023-06-19,26335.441,26984.611,26312.832,26851.029,26851.029,12826986222
2023-06-20,26841.664,28388.969,26668.791,28327.488,28327.488,22211859147
2023-06-21,28311.311,30737.33,28283.41,30027.297,30027.297,33346760979
2023-06-22,29995.936,30495.998,29679.158,29912.281,29912.281,20653160491
2023-06-23,29896.383,31389.539,29845.215,30695.469,30695.469,24115570085
2023-06-24,30708.738,30804.148,30290.146,30548.695,30548.695,12147822496
2023-06-25,30545.15,31041.271,30327.943,30480.262,30480.262,12703464114
2023-06-26,30480.523,30636.029,29955.744,30271.131,30271.131,16493186997
2023-06-27,30274.32,31006.787,30236.65,30688.164,30688.164,16428827944
2023-06-28,30696.561,30703.279,29921.822,30086.246,30086.246,14571500779
2023-06-29,30086.188,30796.25,30057.203,30445.352,30445.352,13180860821
2023-06-30,30441.354,31256.863,29600.275,30477.252,30477.252,26387306197
2023-07-01,30471.848,30641.289,30328.865,30590.078,30590.078,9086606733
2023-07-02,30587.27,30766.141,30264.02,30620.77,30620.77,10533418042
2023-07-03,30624.516,31375.613,30586.514,31156.439,31156.439,15271884873
2023-07-04,31156.865,31325.197,30659.355,30777.582,30777.582,12810828427
2023-07-05,30778.725,30877.33,30225.613,30514.166,30514.166,12481622280
2023-07-06,30507.15,31460.053,29892.227,29909.338,29909.338,21129219509
2023-07-07,29907.998,30434.645,29777.285,30342.266,30342.266,13384770155
2023-07-08,30346.922,30374.438,30080.16,30292.541,30292.541,7509378699
2023-07-09,30291.611,30427.59,30085.592,30171.234,30171.234,7903327692
2023-07-10,30172.424,31026.084,29985.395,30414.471,30414.471,14828209155
2023-07-11,30417.633,30788.314,30358.098,30620.951,30620.951,12151839152
2023-07-12,30622.246,30959.965,30228.836,30391.646,30391.646,14805659717
2023-07-13,30387.488,31814.516,30268.352,31476.049,31476.049,23686079548
2023-07-14,31474.721,31582.254,29966.387,30334.068,30334.068,20917902660
2023-07-15,30331.783,30407.781,30263.463,30295.807,30295.807,8011667756
2023-07-16,30297.473,30437.561,30089.67,30249.133,30249.133,8516564470
2023-07-17,30249.627,30336.4,29685.783,30145.889,30145.889,13240156074
2023-07-18,30147.07,30233.656,29556.428,29856.562,29856.562,13138897269
2023-07-19,29862.047,30184.182,29794.27,29913.924,29913.924,12128602812
2023-07-20,29915.25,30195.531,29638.096,29792.016,29792.016,14655207121
2023-07-21,29805.111,30045.998,29733.852,29908.744,29908.744,10972789818
2023-07-22,29908.697,29991.615,29664.121,29771.803,29771.803,7873300598
2023-07-23,29790.111,30330.641,29741.527,30084.539,30084.539,9220145050
2023-07-24,30081.662,30093.395,28934.295,29176.916,29176.916,15395817395
2023-07-25,29178.971,29353.16,29062.434,29227.391,29227.391,10266772793
2023-07-26,29225.76,29675.553,29113.912,29354.973,29354.973,13497554655
2023-07-27,29353.799,29560.967,29099.352,29210.689,29210.689,10770779217
2023-07-28,29212.164,29521.514,29125.846,29319.246,29319.246,11218474952
2023-07-29,29319.445,29396.844,29264.166,29356.918,29356.918,6481775959
2023-07-30,29357.094,29443.17,29059.502,29275.309,29275.309,8678454527
2023-07-31,29278.314,29489.873,29131.578,29230.111,29230.111,11656781982
2023-08-01,29230.873,29675.732,28657.023,29675.732,29675.732,18272392391
2023-08-02,29704.146,29987.998,28946.51,29151.959,29151.959,19212655598
2023-08-03,29161.812,29375.707,28959.488,29178.68,29178.68,12780357746
2023-08-04,29174.383,29302.078,28885.336,29074.092,29074.092,12036639988
2023-08-05,29075.389,29102.465,28957.797,29042.127,29042.127,6598366353
2023-08-06,29043.701,29160.822,28963.834,29041.855,29041.855,7269806994
2023-08-07,29038.514,29244.281,28724.141,29180.578,29180.578,13618163710
2023-08-08,29180.02,30176.797,29113.814,29765.492,29765.492,17570561357
2023-08-09,29766.695,30093.436,29376.801,29561.494,29561.494,18379521213
2023-08-10,29563.973,29688.564,29354.447,29429.592,29429.592,11865344789
2023-08-11,29424.902,29517.773,29253.518,29397.715,29397.715,10195168197
2023-08-12,29399.787,29465.113,29357.588,29415.965,29415.965,6194358008
2023-08-13,29416.594,29441.434,29265.807,29282.914,29282.914,7329897180
2023-08-14,29283.264,29660.254,29124.105,29408.443,29408.443,14013695304
2023-08-15,29408.049,29439.121,29088.854,29170.348,29170.348,12640195779
2023-08-16,29169.074,29221.977,28701.779,28701.779,28701.779,14949271904
2023-08-17,28699.803,28745.947,25409.111,26664.551,26664.551,31120851211
2023-08-18,26636.078,26808.195,25668.922,26049.557,26049.557,24026236529
2023-08-19,26047.832,26249.449,25802.408,26096.205,26096.205,10631443812
2023-08-20,26096.861,26260.682,26004.314,26189.584,26189.584,9036580420
2023-08-21,26188.691,26220.201,25846.088,26124.141,26124.141,13371557893
2023-08-22,26130.748,26135.508,25520.729,26031.656,26031.656,14503820706
2023-08-23,26040.475,26786.898,25804.998,26431.641,26431.641,16985265785
2023-08-24,26431.52,26554.91,25914.926,26162.373,26162.373,12871532023
2023-08-25,26163.68,26248.104,25786.812,26047.668,26047.668,12406045118
2023-08-26,26047.234,26107.385,25983.879,26008.463,26008.463,6034817316
2023-08-27,26008.242,26165.373,25965.098,26089.693,26089.693,6913768611
2023-08-28,26089.615,26198.578,25880.6,26106.15,26106.15,11002805166
2023-08-29,26102.486,28089.338,25912.629,27727.393,27727.393,29368391712
2023-08-30,27726.084,27760.16,27069.207,27297.266,27297.266,16343655235
2023-08-31,27301.93,27456.078,25752.93,25931.473,25931.473,20181001451
2023-09-01,25934.021,26125.869,25362.609,25800.725,25800.725,17202862221
2023-09-02,25800.91,25970.285,25753.094,25868.799,25868.799,10100387473
2023-09-03,25869.473,26087.148,25817.031,25969.566,25969.566,8962524523
2023-09-04,25968.17,26081.525,25657.025,25812.416,25812.416,10680635106
2023-09-05,25814.957,25858.375,25589.988,25779.982,25779.982,11094740040
2023-09-06,25783.932,25953.016,25404.359,25753.236,25753.236,12752705327
2023-09-07,25748.312,26409.303,25608.201,26240.195,26240.195,11088307100
2023-09-08,26245.209,26414.006,25677.48,25905.654,25905.654,10817356400
2023-09-09,25905.426,25921.977,25810.494,25895.678,25895.678,5481314132
2023-09-10,25895.211,25978.131,25640.262,25832.227,25832.227,7899553047
2023-09-11,25831.715,25883.947,24930.297,25162.654,25162.654,14600006467
2023-09-12,25160.658,26451.939,25133.078,25833.344,25833.344,18657279324
2023-09-13,25837.555,26376.113,25781.123,26228.324,26228.324,13072077070
2023-09-14,26228.277,26774.623,26171.451,26539.674,26539.674,13811359124
2023-09-15,26533.818,26840.498,26240.701,26608.693,26608.693,11479735788
2023-09-16,26606.199,26754.77,26473.891,26568.281,26568.281,7402031417
2023-09-17,26567.928,26617.998,26445.074,26534.188,26534.188,6774210670
2023-09-18,26532.994,27414.734,26415.516,26754.281,26754.281,15615339655
2023-09-19,26760.852,27488.764,26681.605,27211.117,27211.117,13807690550
2023-09-20,27210.229,27379.506,26864.082,27132.008,27132.008,13281116604
2023-09-21,27129.84,27152.939,26389.301,26567.633,26567.633,13371443708
2023-09-22,26564.057,26726.078,26495.533,26579.568,26579.568,10578746709
2023-09-23,26578.557,26634.186,26520.52,26579.391,26579.391,7404700301
2023-09-24,26579.373,26716.059,26221.051,26256.826,26256.826,8192867686
2023-09-25,26253.775,26421.508,26011.469,26298.48,26298.48,11997833257
2023-09-26,26294.758,26389.885,26090.713,26217.25,26217.25,9985498161
2023-09-27,26209.498,26817.842,26111.465,26352.717,26352.717,11718380997
2023-09-28,26355.812,27259.5,26327.322,27021.547,27021.547,14079002707
2023-09-29,27024.842,27225.938,26721.764,26911.721,26911.721,10396435377
2023-09-30,26911.689,27091.795,26888.969,26967.916,26967.916,5331172801
2023-10-01,26967.396,28047.238,26965.094,27983.75,27983.75,9503917434
2023-10-02,27976.799,28494.459,27347.787,27530.785,27530.785,19793041322
2023-10-03,27508.252,27667.191,27216.002,27429.979,27429.979,11407814187
2023-10-04,27429.074,27826.658,27248.105,27799.395,27799.395,11143355314
2023-10-05,27798.646,28091.861,27375.602,27415.912,27415.912,11877253670
2023-10-06,27412.123,28252.537,27215.553,27946.598,27946.598,13492391599
2023-10-07,27946.781,28028.092,27870.424,27968.84,27968.84,6553044316
2023-10-08,27971.678,28102.17,27740.662,27935.09,27935.09,7916875290
2023-10-09,27934.473,27989.471,27302.562,27583.678,27583.678,12007668568
2023-10-10,27589.201,27715.848,27301.654,27391.02,27391.02,9973350678
2023-10-11,27392.076,27474.115,26561.1,26873.32,26873.32,13648094333
2023-10-12,26873.293,26921.439,26558.32,26756.799,26756.799,9392909295
2023-10-13,26752.879,27092.697,26686.322,26862.375,26862.375,15165312851
2023-10-14,26866.203,26969,26814.586,26861.707,26861.707,5388116782
2023-10-15,26858.012,27289.17,26817.895,27159.652,27159.652,7098201980
2023-10-16,27162.629,29448.139,27130.473,28519.467,28519.467,27833876539
2023-10-17,28522.098,28618.752,28110.186,28415.748,28415.748,14872527508
2023-10-18,28413.531,28889.01,28174.252,28328.342,28328.342,12724128586
2023-10-19,28332.416,28892.475,28177.988,28719.807,28719.807,14448058195
2023-10-20,28732.812,30104.086,28601.67,29682.949,29682.949,21536125230
2023-10-21,29683.381,30287.482,29481.752,29918.412,29918.412,11541146996
2023-10-22,29918.654,30199.434,29720.312,29993.896,29993.896,10446520040
2023-10-23,30140.686,34370.438,30097.828,33086.234,33086.234,38363572311
2023-10-24,33077.305,35150.434,32880.762,33901.527,33901.527,44934999645
2023-10-25,33916.043,35133.758,33709.109,34502.82,34502.82,25254318008
2023-10-26,34504.289,34832.91,33762.324,34156.648,34156.648,19427195376
2023-10-27,34156.5,34238.211,33416.887,33909.801,33909.801,16418032871
2023-10-28,33907.723,34399.391,33874.805,34089.574,34089.574,10160330825
2023-10-29,34089.371,34743.262,33947.566,34538.48,34538.48,11160323986
2023-10-30,34531.742,34843.934,34110.973,34502.363,34502.363,17184860315
2023-10-31,34500.078,34719.254,34083.309,34667.781,34667.781,15758270810
2023-11-01,34657.273,35527.93,34170.691,35437.254,35437.254,22446272005
2023-11-02,35441.578,35919.844,34401.574,34938.242,34938.242,20998158544
2023-11-03,34942.473,34942.473,34133.441,34732.324,34732.324,17158456701
2023-11-04,34736.324,35256.031,34616.691,35082.195,35082.195,9561294264
2023-11-05,35090.012,35340.34,34594.242,35049.355,35049.355,12412743996
2023-11-06,35044.789,35286.027,34765.363,35037.371,35037.371,12693436420
2023-11-07,35047.793,35892.418,34545.816,35443.562,35443.562,18834737789
2023-11-08,35419.477,35994.418,35147.801,35655.277,35655.277,17295394918
2023-11-09,35633.633,37926.258,35592.102,36693.125,36693.125,37762672382
2023-11-10,36702.25,37493.801,36362.754,37313.969,37313.969,22711265155
2023-11-11,37310.07,37407.094,36773.668,37138.051,37138.051,13924272142
2023-11-12,37133.992,37227.691,36779.117,37054.52,37054.52,11545715999
2023-11-13,37070.305,37405.117,36399.605,36502.355,36502.355,19057712790
2023-11-14,36491.789,36753.352,34948.5,35537.641,35537.641,23857403554
2023-11-15,35548.113,37964.895,35383.781,37880.582,37880.582,27365821679
2023-11-16,37879.98,37934.625,35545.473,36154.77,36154.77,26007385366
2023-11-17,36164.824,36704.484,35901.234,36596.684,36596.684,22445028430
2023-11-18,36625.371,36839.281,36233.312,36585.703,36585.703,11886022717
2023-11-19,36585.766,37509.355,36414.598,37386.547,37386.547,12915986553
2023-11-20,37374.074,37756.82,36882.531,37476.957,37476.957,20888209068
2023-11-21,37469.16,37631.141,35813.812,35813.812,35813.812,25172163756
2023-11-22,35756.555,37856.98,35670.973,37432.34,37432.34,24397247860
2023-11-23,37420.434,37643.918,36923.863,37289.621,37289.621,14214948217
2023-11-24,37296.316,38415.34,37261.605,37720.281,37720.281,22922957823
2023-11-25,37721.414,37892.43,37617.418,37796.793,37796.793,9099571165
2023-11-26,37796.828,37820.301,37162.75,37479.121,37479.121,13744796068
2023-11-27,37454.191,37559.355,36750.129,37254.168,37254.168,19002925720
2023-11-28,37247.992,38368.48,36891.09,37831.086,37831.086,21696137014
2023-11-29,37826.105,38366.113,37612.633,37858.492,37858.492,20728546658
2023-11-30,37861.117,38141.754,37531.141,37712.746,37712.746,18115982627
2023-12-01,37718.008,38954.109,37629.359,38688.75,38688.75,23512784002
2023-12-02,38689.277,39678.938,38652.594,39476.332,39476.332,15534035612
2023-12-03,39472.207,40135.605,39298.164,39978.391,39978.391,15769696322
2023-12-04,39978.629,42371.75,39978.629,41980.098,41980.098,39856129827
2023-12-05,41986.266,44408.664,41421.148,44080.648,44080.648,36312154535
2023-12-06,44080.023,44265.77,43478.082,43746.445,43746.445,29909761586
2023-12-07,43769.133,44042.59,42880.648,43292.664,43292.664,27635760671
2023-12-08,43293.137,44705.516,43125.297,44166.602,44166.602,24421116687
2023-12-09,44180.02,44361.258,43627.598,43725.984,43725.984,17368210171
2023-12-10,43728.383,44034.625,43593.285,43779.699,43779.699,13000481418
2023-12-11,43792.02,43808.375,40234.578,41243.832,41243.832,40632672038
2023-12-12,41238.734,42048.305,40667.562,41450.223,41450.223,24779520132
2023-12-13,41468.465,43429.781,40676.867,42890.742,42890.742,26797884674
2023-12-14,42884.262,43390.859,41767.09,43023.973,43023.973,25578530178
2023-12-15,43028.25,43087.824,41692.969,41929.758,41929.758,19639442462
2023-12-16,41937.742,42664.945,41723.113,42240.117,42240.117,14386729590
2023-12-17,42236.109,42359.496,41274.543,41364.664,41364.664,16678702876
2023-12-18,41348.203,42720.297,40530.258,42623.539,42623.539,25224642008
2023-12-19,42641.512,43354.297,41826.336,42270.527,42270.527,23171001281
2023-12-20,42261.301,44275.586,42223.816,43652.25,43652.25,27868908174
2023-12-21,43648.125,44240.668,43330.051,43869.152,43869.152,22452766169
2023-12-22,43868.988,44367.957,43441.969,43997.902,43997.902,21028503216
2023-12-23,44012.199,44015.699,43351.355,43739.543,43739.543,13507796558
2023-12-24,43728.367,43945.523,42786.918,43016.117,43016.117,18830554085
2023-12-25,43010.574,43765.094,42765.77,43613.141,43613.141,21115795370
2023-12-26,43599.848,43603.176,41676.488,42520.402,42520.402,30026850982
2023-12-27,42518.469,43683.16,42167.582,43442.855,43442.855,25260941032
2023-12-28,43468.199,43804.781,42318.551,42627.855,42627.855,22992093014
2023-12-29,42614.645,43124.324,41424.062,42099.402,42099.402,26000021055
2023-12-30,42091.754,42584.125,41556.227,42156.902,42156.902,16013925945
2023-12-31,42152.098,42860.938,41998.254,42265.188,42265.188,16397498810
2024-01-01,42280.234,44175.438,42214.977,44167.332,44167.332,18426978443
2024-01-02,44187.141,45899.707,44176.949,44957.969,44957.969,39335274536
2024-01-03,44961.602,45503.242,40813.535,42848.176,42848.176,46342323118
2024-01-04,42855.816,44770.023,42675.176,44179.922,44179.922,30448091210
2024-01-05,44192.98,44353.285,42784.719,44162.691,44162.691,32336029347
2024-01-06,44178.953,44227.633,43475.156,43989.195,43989.195,16092503468
2024-01-07,43998.465,44495.57,43662.23,43943.098,43943.098,19330573863
2024-01-08,43948.707,47218,43244.082,46970.504,46970.504,42746192015
2024-01-09,46987.641,47893.699,45244.715,46139.73,46139.73,39821290992
2024-01-10,46121.539,47647.223,44483.152,46627.777,46627.777,50114613298
2024-01-11,46656.074,48969.371,45678.645,46368.586,46368.586,45833734549
2024-01-12,46354.793,46498.137,41903.77,42853.168,42853.168,43332698900
2024-01-13,42799.445,43234.66,42464.145,42842.383,42842.383,20601860469
2024-01-14,42842.262,43065.598,41724.613,41796.27,41796.27,17521429522
2024-01-15,41715.066,43319.723,41705.418,42511.969,42511.969,22320220558
2024-01-16,42499.336,43566.273,42085.996,43154.945,43154.945,24062872740
2024-01-17,43132.102,43189.891,42189.309,42742.652,42742.652,20851232595
2024-01-18,42742.312,42876.348,40631.172,41262.059,41262.059,25218357242
2024-01-19,41278.461,42134.16,40297.457,41618.406,41618.406,25752407154
2024-01-20,41624.59,41877.895,41446.824,41665.586,41665.586,11586690904
2024-01-21,41671.488,41855.367,41497.008,41545.785,41545.785,9344043642
2024-01-22,41553.652,41651.207,39450.117,39507.367,39507.367,31338708143
2024-01-23,39518.715,40127.352,38521.895,39845.551,39845.551,29244553045
2024-01-24,39877.594,40483.785,39508.797,40077.074,40077.074,22359526178
2024-01-25,40075.551,40254.48,39545.664,39933.809,39933.809,18491782013
2024-01-26,39936.816,42209.387,39825.691,41816.871,41816.871,25598119893
2024-01-27,41815.625,42195.633,41431.281,42120.055,42120.055,11422941934
2024-01-28,42126.125,42797.176,41696.91,42035.594,42035.594,16858971687
2024-01-29,42030.914,43305.867,41818.332,43288.246,43288.246,20668476578
2024-01-30,43300.227,43838.945,42711.371,42952.609,42952.609,23842814518
2024-01-31,42946.25,43717.406,42298.945,42582.605,42582.605,24673628793
2024-02-01,42569.762,43243.168,41879.191,43075.773,43075.773,21423953779
2024-02-02,43077.641,43422.488,42584.336,43185.859,43185.859,18603843039
2024-02-03,43184.965,43359.941,42890.809,42992.25,42992.25,11169245236
2024-02-04,42994.941,43097.645,42374.832,42583.582,42583.582,14802225490
2024-02-05,42577.621,43494.25,42264.816,42658.668,42658.668,18715487317
2024-02-06,42657.391,43344.148,42529.02,43084.672,43084.672,16798476726
2024-02-07,43090.02,44341.949,42775.957,44318.223,44318.223,21126587775
2024-02-08,44332.125,45575.84,44332.125,45301.566,45301.566,26154524080
2024-02-09,45297.383,48152.496,45260.824,47147.199,47147.199,39316770844
2024-02-10,47153.527,48146.172,46905.32,47771.277,47771.277,16398681570
2024-02-11,47768.969,48535.938,47617.406,48293.918,48293.918,19315867136
2024-02-12,48296.387,50280.477,47745.762,49958.223,49958.223,34511985805
2024-02-13,49941.359,50358.391,48406.496,49742.441,49742.441,35593051468
2024-02-14,49733.445,52021.371,49296.832,51826.695,51826.695,39105608050
2024-02-15,51836.785,52820.066,51371.629,51938.555,51938.555,38564360533
2024-02-16,51937.727,52537.969,51641.367,52160.203,52160.203,28180567298
2024-02-17,52161.676,52191.914,50669.668,51662.996,51662.996,20009091006
2024-02-18,51661.969,52356.965,51233.707,52122.547,52122.547,17595377311
2024-02-19,52134.812,52483.324,51711.82,51779.145,51779.145,21362184346
2024-02-20,51777.727,52945.051,50792.312,52284.875,52284.875,33353758256
2024-02-21,52273.535,52368.816,50671.758,51839.18,51839.18,28624907020
2024-02-22,51854.645,52009.613,50926.293,51304.973,51304.973,25413900611
2024-02-23,51283.906,51497.934,50561.777,50731.949,50731.949,21427078270
2024-02-24,50736.371,51684.195,50585.445,51571.102,51571.102,15174077879
2024-02-25,51565.215,51950.027,51306.172,51733.238,51733.238,15413239245
2024-02-26,51730.539,54938.176,50931.031,54522.402,54522.402,34074411896
2024-02-27,54519.363,57537.84,54484.199,57085.371,57085.371,49756832031
2024-02-28,57071.098,63913.133,56738.426,62504.789,62504.789,83239156760
2024-02-29,62499.184,63585.645,60498.73,61198.383,61198.383,65496611844
2024-03-01,61168.062,63155.102,60802.527,62440.633,62440.633,40186368423
2024-03-02,62431.652,62458.699,61657.289,62029.848,62029.848,23888473685
2024-03-03,62031.578,63230.211,61435.023,63167.371,63167.371,26253811450
2024-03-04,63137.004,68537.031,62386.52,68330.414,68330.414,70670471105
2024-03-05,68341.055,69170.625,59323.91,63801.199,63801.199,102802940877
2024-03-06,63776.051,67637.93,62848.672,66106.805,66106.805,68750229073
2024-03-07,66099.742,68029.922,65655.531,66925.484,66925.484,46989543159
2024-03-08,66938.094,70083.055,66230.453,68300.094,68300.094,59202881172
2024-03-09,68299.258,68673.055,68053.125,68498.883,68498.883,21609650379
2024-03-10,68500.258,70005.203,68239.977,69019.789,69019.789,35683977532
2024-03-11,69020.547,72850.711,67194.883,72123.906,72123.906,65716656765
2024-03-12,72125.125,72825.656,68728.852,71481.289,71481.289,62554434520
2024-03-13,71482.117,73637.477,71334.094,73083.5,73083.5,48212536929
2024-03-14,73079.375,73750.07,68563.023,71396.594,71396.594,59594605698
2024-03-15,71387.875,72357.133,65630.695,69403.773,69403.773,78320453976
2024-03-16,69392.484,70046.273,64801.395,65315.117,65315.117,46842198371
2024-03-17,65316.344,68845.719,64545.316,68390.625,68390.625,44716864318
2024-03-18,68371.305,68897.133,66594.227,67548.594,67548.594,49261579492
2024-03-19,67556.133,68106.93,61536.18,61912.773,61912.773,74215844794
2024-03-20,61930.156,68115.258,60807.785,67913.672,67913.672,66792634382
2024-03-21,67911.586,68199.992,64580.918,65491.391,65491.391,44480350565
2024-03-22,65489.93,66623.75,62355.371,63778.762,63778.762,41401116964
2024-03-23,63802.723,65976.398,63038.492,64062.203,64062.203,24738964812
2024-03-24,64070.754,67622.758,63825.852,67234.172,67234.172,27206630673
2024-03-25,67234.094,71162.594,66414.836,69958.812,69958.812,42700139523
2024-03-26,69931.328,71535.742,69335.609,69987.836,69987.836,36010437368
2024-03-27,69991.898,71727.688,68381.93,69455.344,69455.344,40827113309
2024-03-28,69452.773,71546.023,68895.508,70744.953,70744.953,34374900617
2024-03-29,70744.797,70913.094,69076.656,69892.828,69892.828,25230851763
2024-03-30,69893.445,70355.492,69601.062,69645.305,69645.305,17130241883
2024-03-31,69647.781,71377.781,69624.867,71333.648,71333.648,20050941373
2024-04-01,71333.484,71342.094,68110.695,69702.148,69702.148,34873527352
2024-04-02,69705.023,69708.383,64586.594,65446.973,65446.973,50705240709
2024-04-03,65446.672,66914.32,64559.898,65980.812,65980.812,34488018367
2024-04-04,65975.695,69291.258,65113.797,68508.844,68508.844,34439527442
2024-04-05,68515.758,68725.758,66011.477,67837.641,67837.641,33748230056
2024-04-06,67840.57,69629.602,67491.719,68896.109,68896.109,19967785809
2024-04-07,68897.109,70284.43,68851.633,69362.555,69362.555,21204930369
2024-04-08,69362.555,72715.359,69064.242,71631.359,71631.359,37261432669
2024-04-09,71632.5,71742.508,68212.922,69139.016,69139.016,36426900409
2024-04-10,69140.242,71093.43,67503.562,70587.883,70587.883,38318601774
2024-04-11,70575.734,71256.234,69571.812,70060.609,70060.609,30153382941
2024-04-12,70061.383,71222.742,65254.836,67195.867,67195.867,44129299406
2024-04-13,67188.375,67931.43,60919.105,63821.473,63821.473,52869738185
2024-04-14,63836.23,65824.43,62205.852,65738.727,65738.727,49084320047
2024-04-15,65739.648,66878.648,62332.07,63426.211,63426.211,43595917654
2024-04-16,63419.297,64355.668,61716.402,63811.863,63811.863,42847528078
2024-04-17,63831.848,64486.363,59768.586,61276.691,61276.691,41915247049
2024-04-18,61275.316,64125.688,60833.48,63512.754,63512.754,36006307335
2024-04-19,63510.75,65481.598,59651.391,63843.57,63843.57,49920425401
2024-04-20,63851.102,65442.457,63172.402,64994.441,64994.441,23097485495
2024-04-21,64992.816,65723.242,64277.723,64926.645,64926.645,20506644853
2024-04-22,64935.633,67233.961,64548.18,66837.68,66837.68,28282686673
2024-04-23,66839.891,67199.242,65864.867,66407.273,66407.273,24310975583
2024-04-24,66408.719,67075.367,63589.871,64276.898,64276.898,30276655120
2024-04-25,64275.02,65275.207,62783.633,64481.707,64481.707,32155786816
2024-04-26,64485.371,64789.656,63322.398,63755.32,63755.32,24139372950
2024-04-27,63750.988,63898.363,62424.719,63419.141,63419.141,19530783039
2024-04-28,63423.516,64321.484,62793.598,63113.23,63113.23,17334827993
2024-04-29,63106.363,64174.879,61795.457,63841.121,63841.121,26635912073
2024-04-30,63839.418,64703.332,59120.066,60636.855,60636.855,37840840057
2024-05-01,60609.496,60780.5,56555.293,58254.012,58254.012,48439780271
2024-05-02,58253.703,59602.297,56937.203,59123.434,59123.434,32711813559
2024-05-03,59122.301,63320.504,58848.312,62889.836,62889.836,33172023048
2024-05-04,62891.031,64494.957,62599.352,63891.473,63891.473,20620477992
2024-05-05,63892.453,64610.891,62955.305,64031.133,64031.133,18296164805
2024-05-06,64038.312,65494.902,62746.238,63161.949,63161.949,28697928697
2024-05-07,63162.762,64390.457,62285.98,62334.816,62334.816,25930730982
2024-05-08,62332.641,62986.086,60877.129,61187.941,61187.941,26088172222
2024-05-09,61191.199,63404.914,60648.074,63049.961,63049.961,25453338161
2024-05-10,63055.191,63446.742,60208.781,60792.777,60792.777,27804954694
2024-05-11,60793.355,61451.152,60492.625,60793.711,60793.711,13842272968
2024-05-12,60793.504,61818.156,60632.602,61448.395,61448.395,13800459405
2024-05-13,61451.219,63422.66,60769.84,62901.449,62901.449,27889181179
2024-05-14,62900.773,63092.125,61123.766,61552.789,61552.789,28186271527
2024-05-15,61553.988,66454.453,61330.41,66267.492,66267.492,39815167074
2024-05-16,66256.109,66712.43,64613.055,65231.582,65231.582,31573077994
2024-05-17,65231.297,67459.461,65119.316,67051.875,67051.875,28031279310
2024-05-18,67066.211,67387.328,66663.5,66940.805,66940.805,16712277406
2024-05-19,66937.93,67694.297,65937.18,66278.367,66278.367,19249094538
2024-05-20,66278.742,71483.562,66086.172,71448.195,71448.195,43850655717
2024-05-21,71443.062,71946.461,69191.125,70136.531,70136.531,46932005990
2024-05-22,70135.32,70623.695,68977.695,69122.336,69122.336,32802561717
2024-05-23,69121.305,70041.273,66356.953,67929.562,67929.562,41895680979
2024-05-24,67928.133,69220.297,66622.672,68526.102,68526.102,29197308153
2024-05-25,68526.922,69579.32,68515.82,69265.945,69265.945,15473071741
2024-05-26,69264.289,69506.227,68183.891,68518.094,68518.094,15628433737
2024-05-27,68512.18,70597.883,68232.5,69394.555,69394.555,25870990717
2024-05-28,69392.195,69514.641,67227.156,68296.219,68296.219,32722265965
2024-05-29,68296.352,68852.461,67101.492,67578.094,67578.094,26707072906
2024-05-30,67576.086,69500.539,67118.078,68364.992,68364.992,29509712534
2024-05-31,68362.516,68999.562,66633.422,67491.414,67491.414,27387283769
2024-06-01,67489.609,67839.766,67386.195,67706.938,67706.938,11641495604
2024-06-02,67710.273,68409.164,67315.523,67751.602,67751.602,17110588415
2024-06-03,67753.898,70230.82,67589.836,68804.781,68804.781,32401285324
2024-06-04,68804.57,71047.406,68564.641,70567.766,70567.766,33149696545
2024-06-05,70568.352,71735.414,70390.711,71082.82,71082.82,32810771409
2024-06-06,71082.844,71625.734,70119.125,70757.164,70757.164,25223152007
2024-06-07,70759.188,71907.852,68507.258,69342.586,69342.586,36188381096
2024-06-08,69324.18,69533.32,69210.742,69305.773,69305.773,14262185861
2024-06-09,69297.492,69817.523,69160.844,69647.992,69647.992,13534028500
2024-06-10,69644.312,70146.07,69232.422,69512.281,69512.281,20597699541
2024-06-11,69508.078,69549.414,66123.602,67332.031,67332.031,37116136345
2024-06-12,67321.375,69977.891,66902.453,68241.188,68241.188,34497940694
2024-06-13,68243.102,68365.781,66304.562,66756.398,66756.398,28955204146
2024-06-14,66747.57,67294.648,65056.895,66011.094,66011.094,27403884779
2024-06-15,66006.742,66402.188,65871.773,66191,66191,14121265576
2024-06-16,66189.359,66894.844,66018.25,66639.047,66639.047,13281140541
2024-06-17,66636.516,67188.32,65094.965,66490.297,66490.297,30006354476
2024-06-18,66490.977,66556.703,64066.957,65140.746,65140.746,39481285950
2024-06-19,65146.66,65695.352,64693.301,64960.297,64960.297,21103423504
2024-06-20,64960.297,66438.961,64547.848,64828.656,64828.656,25641109124
2024-06-21,64837.988,65007.547,63378.895,64096.199,64096.199,26188171739
2024-06-22,64113.863,64475.469,63929.758,64252.578,64252.578,9858198793
2024-06-23,64248.965,64491.703,63180.797,63180.797,63180.797,11170471802
2024-06-24,63173.352,63292.527,58601.699,60277.414,60277.414,43152133651
2024-06-25,60266.281,62258.262,60239.75,61804.641,61804.641,29201215431
2024-06-26,61789.676,62434.137,60695.188,60811.277,60811.277,22506003064
2024-06-27,60811.227,62293.863,60585.332,61604.801,61604.801,21231745045
2024-06-28,61612.805,62126.098,59985.402,60320.137,60320.137,24952866877
2024-06-29,60319.875,61097.621,60300.965,60887.379,60887.379,12652903396
2024-06-30,60888.445,62892.828,60632.949,62678.293,62678.293,17333226409
2024-07-01,62673.605,63777.227,62495.512,62851.98,62851.98,25468379421
2024-07-02,62844.41,63203.359,61752.746,62029.016,62029.016,20151616992
2024-07-03,62034.332,62187.703,59419.387,60173.922,60173.922,29756701685
2024-07-04,60147.137,60399.676,56777.805,56977.703,56977.703,41149609230
2024-07-05,57022.809,57497.152,53717.375,56662.375,56662.375,55417544033
2024-07-06,56659.074,58472.547,56038.961,58303.539,58303.539,20610320577
2024-07-07,58239.43,58371.121,55793.324,55849.109,55849.109,20553359505
2024-07-08,55849.574,58131.336,54321.02,56705.098,56705.098,39766159899
2024-07-09,56704.598,58239.195,56316.875,58009.227,58009.227,27849512607
2024-07-10,58033.883,59359.434,57178.414,57742.496,57742.496,26175260526
2024-07-11,57729.891,59299.434,57120.379,57344.914,57344.914,28707803842
2024-07-12,57341.195,58532.555,56590.176,57899.465,57899.465,25604805221
2024-07-13,57908.738,59787.078,57796.441,59231.953,59231.953,17080061806
2024-07-14,59225.25,61329.527,59225.25,60787.793,60787.793,22223416061
2024-07-15,60815.457,64870.152,60704.93,64870.152,64870.152,38094526099
2024-07-16,64784.418,65354.34,62487.969,65097.148,65097.148,41617346768
2024-07-17,65091.832,66066.734,63896.086,64118.793,64118.793,32525071311
2024-07-18,64104.738,65104.66,63246.164,63974.066,63974.066,27239305337
2024-07-19,63972.324,67442.641,63329.344,66710.156,66710.156,37003855410
2024-07-20,66709.922,67610.734,66299.617,67163.648,67163.648,19029581250
2024-07-21,67164.914,68372.906,65842.297,68154.523,68154.523,26652190004
2024-07-22,68152.977,68480.062,66611.297,67585.25,67585.25,42649109453
2024-07-23,67584.805,67779.016,65484.461,65927.672,65927.672,35605668666
2024-07-24,65927.859,67113.984,65146.996,65372.133,65372.133,27470942309
2024-07-25,65375.875,66112.422,63473.473,65777.227,65777.227,38315761670
2024-07-26,65771.812,68207.602,65743.766,67912.062,67912.062,30488630457
2024-07-27,67911.812,69398.508,66705.219,67813.336,67813.336,34691905492
2024-07-28,67808.656,68301.852,67085.828,68255.867,68255.867,18043166945
2024-07-29,68259.055,69987.539,66532.594,66819.914,66819.914,40780682628
2024-07-30,66819.055,66987.672,65323.191,66201.016,66201.016,31380492109
2024-07-31,66201.273,66810.211,64532.047,64619.25,64619.25,31292785994
2024-08-01,64625.84,65593.242,62248.941,65357.5,65357.5,40975554494
2024-08-02,65353.5,65523.223,61184.895,61415.066,61415.066,43060875727
2024-08-03,61414.809,62148.371,59836.527,60680.094,60680.094,31753030589
2024-08-04,60676.094,61062.988,57210.805,58116.977,58116.977,31758917219
2024-08-05,58110.297,58268.828,49121.238,53991.457,53991.457,108991085584
2024-08-06,53991.348,57059.918,53973.273,56034.316,56034.316,49300484106
2024-08-07,56040.633,57726.883,54620.508,55027.461,55027.461,41637562185
2024-08-08,55030.027,62673.766,54766.727,61710.137,61710.137,45298472567
2024-08-09,61728.207,61751.863,59587.859,60880.113,60880.113,33425553115
2024-08-10,60881.23,61464.512,60287.566,60945.812,60945.812,15745822278
2024-08-11,60944.891,61778.66,58348.824,58719.484,58719.484,22759754812
2024-08-12,58719.395,60680.332,57688.898,59354.516,59354.516,37078637820
2024-08-13,59356.207,61572.398,58506.254,60609.566,60609.566,30327698167
2024-08-14,60611.051,61687.758,58472.875,58737.27,58737.27,29961696180
2024-08-15,58733.262,59838.648,56161.594,57560.098,57560.098,35682112440
2024-08-16,57560.273,59847.359,57110.02,58894.105,58894.105,29350938673
2024-08-17,58893.531,59694.668,58814.832,59478.973,59478.973,13589684021
2024-08-18,59468.133,60262.719,58445.402,58483.965,58483.965,17740625837
2024-08-19,58480.711,59612.66,57864.711,59493.453,59493.453,25911207712
2024-08-20,59493.453,61396.328,58610.883,59012.793,59012.793,31613400008
2024-08-21,59014.988,61834.352,58823.445,61175.191,61175.191,32731154072
2024-08-22,61168.316,61408.109,59815.254,60381.914,60381.914,27625734377
2024-08-23,60380.953,64947.062,60372.051,64094.355,64094.355,42530509233
2024-08-24,64103.871,64513.789,63619.918,64178.992,64178.992,21430585163
2024-08-25,64176.367,64996.422,63833.52,64333.543,64333.543,18827683555
2024-08-26,64342.227,64489.707,62849.559,62880.66,62880.66,27682040631
2024-08-27,62879.707,63210.797,58116.75,59504.133,59504.133,39103882198
2024-08-28,59507.926,60236.449,57890.676,59027.625,59027.625,40289564698
2024-08-29,59027.469,61184.082,58786.227,59388.18,59388.18,32224990582
2024-08-30,59388.602,59896.887,57768.531,59119.477,59119.477,32292756405
2024-08-31,59117.48,59432.594,58768.785,58969.898,58969.898,12403470760
2024-09-01,58969.801,59062.07,57217.824,57325.488,57325.488,24592449997
2024-09-02,57326.969,59403.07,57136.027,59112.48,59112.48,27036454524
2024-09-03,59106.191,59815.059,57425.168,57431.023,57431.023,26666961053
2024-09-04,57430.348,58511.57,55673.164,57971.539,57971.539,35627680312
2024-09-05,57971.703,58300.582,55712.453,56160.488,56160.488,31030280656
2024-09-06,56160.191,56976.109,52598.699,53948.754,53948.754,49361693566
2024-09-07,53949.086,54838.145,53740.07,54139.688,54139.688,19061486526
2024-09-08,54147.934,55300.859,53653.758,54841.566,54841.566,18268287531
2024-09-09,54851.887,58041.125,54598.434,57019.535,57019.535,34618096173
2024-09-10,57020.098,58029.977,56419.414,57648.711,57648.711,28857630507
2024-09-11,57650.289,57991.32,55567.34,57343.172,57343.172,37049062672
2024-09-12,57343.172,58534.359,57330.102,58127.012,58127.012,33835707949
2024-09-13,58130.324,60648.023,57650.113,60571.301,60571.301,32490528356
2024-09-14,60569.117,60656.723,59517.883,60005.121,60005.121,16428405496
2024-09-15,60000.727,60381.918,58696.309,59182.836,59182.836,18120960867
2024-09-16,59185.227,59205.512,57501.34,58192.508,58192.508,32032822113
2024-09-17,58192.508,61316.09,57628.07,60308.539,60308.539,38075570118
2024-09-18,60309,61664.066,59218.254,61649.68,61649.68,40990702891
2024-09-19,61651.156,63872.441,61609.867,62940.457,62940.457,42710252573
2024-09-20,62941.426,64119.531,62364.605,63192.977,63192.977,35177164222
2024-09-21,63184.34,63543.359,62783.105,63394.84,63394.84,14408616220
2024-09-22,63396.805,63993.422,62440.727,63648.711,63648.711,20183348802
2024-09-23,63643.102,64733.559,62628.078,63329.801,63329.801,31400285425
2024-09-24,63326.84,64695.215,62737.418,64301.969,64301.969,29938335243
2024-09-25,64302.59,64804.504,62945.375,63143.145,63143.145,25078377700
2024-09-26,63138.547,65790.797,62669.27,65181.02,65181.02,36873129847
2024-09-27,65180.664,66480.695,64852.992,65790.664,65790.664,32058813449
2024-09-28,65792.18,66255.531,65458.035,65887.648,65887.648,15243637984
2024-09-29,65888.898,66069.344,65450.016,65635.305,65635.305,14788214575
2024-09-30,65634.656,65635.055,62873.617,63329.5,63329.5,37112957475
2024-10-01,63335.605,64110.98,60189.277,60837.008,60837.008,50220923500
2024-10-02,60836.324,62357.688,59996.949,60632.785,60632.785,40762722398
2024-10-03,60632.484,61469.039,59878.805,60759.402,60759.402,36106447279
2024-10-04,60754.625,62465.992,60459.941,62067.477,62067.477,29585472513
2024-10-05,62067.609,62371.023,61689.582,62089.949,62089.949,13305410749
2024-10-06,62084.988,62959.57,61833.148,62818.953,62818.953,14776233667
2024-10-07,62819.109,64443.707,62152.551,62236.66,62236.66,34253562610
2024-10-08,62221.645,63174.305,61843.562,62131.969,62131.969,28134475157
2024-10-09,62131.727,62508.836,60314.613,60582.102,60582.102,27670982363
2024-10-10,60581.93,61236.723,58895.207,60274.5,60274.5,30452813570
2024-10-11,60275.461,63400.871,60046.125,62445.09,62445.09,30327141594
2024-10-12,62444.617,63448.785,62443.27,63193.023,63193.023,16744110886
2024-10-13,63192.945,63272.652,62035.637,62851.375,62851.375,18177529690
2024-10-14,62848.398,66482.492,62442.152,66046.125,66046.125,43706958056
2024-10-15,66050.367,67881.68,64809.195,67041.109,67041.109,48863870879
2024-10-16,67042.461,68375.289,66758.727,67612.719,67612.719,38195189534
2024-10-17,67617.078,67912.211,66647.391,67399.836,67399.836,32790898511
2024-10-18,67419.109,68969.75,67177.82,68418.789,68418.789,36857165014
2024-10-19,68418.977,68668.008,68024.641,68362.734,68362.734,14443497908
2024-10-20,68364.18,69359.008,68105.719,69001.703,69001.703,18975847518
2024-10-21,69002,69462.734,66829.852,67367.852,67367.852,37498611780
2024-10-22,67360.703,67801.578,66581.367,67361.406,67361.406,31808472566
2024-10-23,67362.375,67402.742,65188.035,66432.195,66432.195,32263980353
2024-10-24,66653.703,68798.961,66454.102,68161.055,68161.055,31414428647
2024-10-25,68165.297,68722.156,65521.793,66642.414,66642.414,41469984306
2024-10-26,66628.734,67317.922,66360.594,67014.695,67014.695,19588098156
2024-10-27,67023.477,68221.312,66847.227,67929.297,67929.297,16721307878
2024-10-28,67922.672,70212.266,67535.133,69907.758,69907.758,38799856657
2024-10-29,69910.047,73577.211,69729.914,72720.492,72720.492,58541874402
2024-10-30,72715.367,72905.297,71411.734,72339.539,72339.539,40646637831
2024-10-31,72335.047,72662.312,69590.5,70215.188,70215.188,40627912076
2024-11-01,70216.898,71559.016,68779.703,69482.469,69482.469,49989795365
2024-11-02,69486.023,69867.352,69033.719,69289.273,69289.273,18184612091
2024-11-03,69296.383,69361.656,67482.523,68741.117,68741.117,34868307655
2024-11-04,68742.133,69433.18,66803.648,67811.508,67811.508,41184819348
2024-11-05,67811.172,70522.789,67458.867,69359.562,69359.562,46046889204
2024-11-06,69358.5,76460.156,69322.031,75639.078,75639.078,118592653963
2024-11-07,75637.086,76943.117,74480.422,75904.859,75904.859,63467654989
2024-11-08,75902.836,77252.75,75648.742,76545.477,76545.477,55176858003
2024-11-09,76556.188,76932.766,75773.789,76778.867,76778.867,29009480361
2024-11-10,76775.547,81474.422,76565.43,80474.188,80474.188,82570594495
2024-11-11,80471.414,89604.5,80283.25,88701.484,88701.484,117966845037
2024-11-12,88705.562,89956.883,85155.109,87955.812,87955.812,133673285375
2024-11-13,87929.969,93434.352,86256.93,90584.164,90584.164,123559027869
2024-11-14,90574.883,91765.219,86682.812,87250.43,87250.43,87616705248
2024-11-15,87284.18,91868.742,87124.898,91066.008,91066.008,78243109518
2024-11-16,91064.367,91763.945,90094.227,90558.477,90558.477,44333192814
2024-11-17,90558.461,91433.039,88741.664,89845.852,89845.852,46350159305
2024-11-18,89843.719,92596.789,89393.594,90542.641,90542.641,75535775084
2024-11-19,90536.812,94002.867,90426.984,92343.789,92343.789,74521048295
2024-11-20,92341.891,94902.023,91619.5,94339.492,94339.492,71730956426
2024-11-21,94334.641,99014.219,94132.602,98504.727,98504.727,106024505582
2024-11-22,98496.43,99655.5,97222.664,98997.664,98997.664,78473580551
2024-11-23,99006.742,99014.68,97232.891,97777.281,97777.281,44414644677
2024-11-24,97778.094,98647.18,95788.078,98013.82,98013.82,51712020623
2024-11-25,98033.445,98935.031,92642.914,93102.297,93102.297,80909462490
2024-11-26,93087.281,94991.75,90770.812,91985.32,91985.32,91656519855
2024-11-27,91978.141,97361.18,91778.664,95962.531,95962.531,71133452438
2024-11-28,95954.945,96650.203,94677.352,95652.469,95652.469,52260008261
2024-11-29,95653.953,98693.172,95407.883,97461.523,97461.523,54968682476
2024-11-30,97468.812,97499.344,96144.219,96449.055,96449.055,31634227866
2024-12-01,96461.336,97888.125,95770.188,97279.789,97279.789,36590695296
2024-12-02,97276.008,98152.602,94482.867,95865.305,95865.305,72680784305
2024-12-03,95854.594,96297.203,93629.562,96002.164,96002.164,67067810961
2024-12-04,95988.531,99207.328,94660.523,98768.531,98768.531,77199817112
2024-12-05,98741.539,103900.47,91998.781,96593.57,96593.57,149218945580
2024-12-06,97074.227,102039.88,96514.875,99920.711,99920.711,94534772658
2024-12-07,99916.711,100563.38,99030.883,99923.336,99923.336,44177510897
2024-12-08,99921.914,101399.99,98771.516,101236.02,101236.02,44125751925
2024-12-09,101237.06,101272.51,94355.914,97432.719,97432.719,110676473908
2024-12-10,97441.234,98270.156,94321.258,96675.43,96675.43,104823780634
2024-12-11,96656.062,101913.36,95747.227,101173.03,101173.03,85391409936
2024-12-12,101167.8,102524.91,99339.953,100043,100043,72073983533
2024-12-13,100046.65,101888.8,99233.281,101459.26,101459.26,56894751583
2024-12-14,101451.44,102618.88,100634.05,101372.97,101372.97,40422968793
2024-12-15,101373.53,105047.54,101227.03,104298.7,104298.7,51145914137
2024-12-16,104293.58,107780.58,103322.98,106029.72,106029.72,91020417816
2024-12-17,106030.69,108268.45,105291.73,106140.6,106140.6,68589364868
2024-12-18,106147.3,106470.61,100041.54,100041.54,100041.54,93865656139
2024-12-19,100070.69,102748.15,95587.68,97490.953,97490.953,97221662392
2024-12-20,97484.695,98098.914,92175.18,97755.93,97755.93,105634083408
2024-12-21,97756.195,99507.102,96426.523,97224.727,97224.727,51765334294
2024-12-22,97218.32,97360.266,94202.188,95104.938,95104.938,43147981314
2024-12-23,95099.391,96416.211,92403.133,94686.242,94686.242,65239002919
2024-12-24,94684.344,99404.062,93448.016,98676.094,98676.094,47114953674
2024-12-25,98675.914,99478.75,97593.469,99299.195,99299.195,33700394629
2024-12-26,99297.695,99884.57,95137.883,95795.516,95795.516,47054980873
2024-12-27,95704.977,97294.844,93310.742,94164.859,94164.859,52419934565
2024-12-28,94160.188,95525.898,94014.289,95163.93,95163.93,24107436185
2024-12-29,95174.055,95174.875,92881.789,93530.227,93530.227,29635885267
2024-12-30,93527.195,94903.32,91317.133,92643.211,92643.211,56188003691
2024-12-31,92643.25,96090.602,91914.031,93429.203,93429.203,43625106843
2025-01-01,93425.102,94929.867,92788.125,94419.758,94419.758,24519888919
2025-01-02,94416.289,97739.82,94201.57,96886.875,96886.875,46009564411
2025-01-03,96881.727,98956.914,96034.617,98107.43,98107.43,35611391163
2025-01-04,98106.992,98734.43,97562.977,98236.227,98236.227,22342608078
2025-01-05,98233.906,98813.305,97291.766,98314.961,98314.961,20525254825
2025-01-06,98314.953,102482.88,97926.148,102078.09,102078.09,51823432705
2025-01-07,102248.85,102712.48,96132.875,96922.703,96922.703,58685738547
2025-01-08,96924.164,97258.32,92525.844,95043.523,95043.523,63875859171
2025-01-09,95043.484,95349.719,91220.844,92484.039,92484.039,62777261693
2025-01-10,92494.492,95770.609,92250.094,94701.453,94701.453,62058693684
2025-01-11,94700.836,94977.688,93840.047,94566.594,94566.594,18860894100
2025-01-12,94565.727,95367.539,93712.508,94488.438,94488.438,20885130965
2025-01-13,94488.891,95837,89260.102,94516.523,94516.523,72978998252
2025-01-14,94519.008,97352.664,94322.156,96534.047,96534.047,53769675818
2025-01-15,96534.047,100697.23,96501.641,100504.49,100504.49,57805923627
2025-01-16,100505.3,100781.59,97364.445,99756.906,99756.906,54103781805
2025-01-17,100025.77,105884.23,99948.906,104462.04,104462.04,71888972663
2025-01-18,104124.95,104913.2,102226.62,104408.07,104408.07,50445655726
2025-01-19,104411.29,106299.8,99570.531,101089.61,101089.61,76789928525
2025-01-20,101083.75,109114.88,99471.359,102016.66,102016.66,126279678351
2025-01-21,102052.58,107180.92,100103.95,106146.27,106146.27,88733878242
2025-01-22,106136.38,106294.34,103360.27,103653.07,103653.07,53878181052
2025-01-23,103657.67,106820.33,101257.8,103960.17,103960.17,104104515428
2025-01-24,103965.67,107098.55,102772.12,104819.48,104819.48,52388229265
2025-01-25,104824.03,105243.79,104120.38,104714.65,104714.65,23888996502
2025-01-26,104713.21,105438.65,102507.71,102682.5,102682.5,22543395879
2025-01-27,102680.3,103214.11,97795.938,102087.69,102087.69,89006608428
2025-01-28,102095.41,103730.82,100238.19,101332.48,101332.48,47180685494
2025-01-29,101317.52,104750.8,101283.82,103703.21,103703.21,47432049818
2025-01-30,103709.34,106418.77,103321.65,104735.3,104735.3,41915744521
2025-01-31,104737.56,106026.35,101543.88,102405.02,102405.02,45732764360
2025-02-01,102402.8,102755.73,100297.71,100655.91,100655.91,27757944848
2025-02-02,100661.54,101430.66,96216.078,97688.977,97688.977,63091816853
2025-02-03,97681.102,102514.17,91242.891,101405.42,101405.42,115400897748
2025-02-04,101398.72,101745.62,96208.109,97871.82,97871.82,73002130211
2025-02-05,97878.008,99113.211,96174.828,96615.445,96615.445,49125911241
2025-02-06,96610.641,99168.609,95707.352,96593.297,96593.297,45302471947
2025-02-07,96581.32,100154.14,95653.883,96529.086,96529.086,55741290456
2025-02-08,96533.258,96877.805,95702.492,96482.453,96482.453,22447526395
2025-02-09,96481.312,97325.281,94745.258,96500.094,96500.094,27732901800
2025-02-10,96499.461,98333.219,95320.844,97437.555,97437.555,40078962391
2025-02-11,97438.133,98492.898,94875.039,95747.43,95747.43,37488783272
2025-02-12,95745.695,98151.023,94101.203,97885.859,97885.859,49340445530
2025-02-13,97888.75,98111.086,95269.711,96623.867,96623.867,37147280860
2025-02-14,96623.367,98819.469,96342.805,97508.969,97508.969,32697987277
2025-02-15,97508.383,97975.039,97240.195,97580.352,97580.352,17047266288
2025-02-16,97580.492,97725.594,96060.977,96175.031,96175.031,16536755396
2025-02-17,96179.008,97032.234,95243.547,95773.383,95773.383,27336550690
2025-02-18,95773.812,96695.375,93388.836,95539.547,95539.547,37325720482
2025-02-19,95532.531,96855.594,95011.969,96635.609,96635.609,28990872862
2025-02-20,96632.68,98767.195,96442.672,98333.938,98333.938,31668022771
2025-02-21,98340.672,99497.969,94852.961,96125.547,96125.547,49608706470
2025-02-22,96134.203,96950.156,95765.344,96577.758,96577.758,18353824477
2025-02-23,96577.805,96671.875,95270.453,96273.922,96273.922,16999478976
2025-02-24,96277.961,96503.453,91371.742,91418.172,91418.172,44046480529
2025-02-25,91437.117,92511.078,86008.234,88736.172,88736.172,92139104128
2025-02-26,88638.891,89286.25,82131.898,84347.023,84347.023,64597492134
2025-02-27,84076.859,87000.781,83144.961,84704.227,84704.227,52659591954
2025-02-28,84705.625,85036.32,78248.914,84373.008,84373.008,83610570576
2025-03-01,84373.867,86522.305,83794.234,86031.914,86031.914,29190628396
2025-03-02,86036.258,95043.438,85040.211,94248.352,94248.352,58398341092
2025-03-03,94248.422,94429.75,85081.305,86065.672,86065.672,70072228536
2025-03-04,86064.07,88911.273,81529.242,87222.195,87222.195,68095241474
2025-03-05,87222.953,90998.242,86379.773,90623.562,90623.562,50498988027
2025-03-06,90622.359,92804.938,87852.141,89961.727,89961.727,47749810486
2025-03-07,89963.281,91191.047,84717.68,86742.672,86742.672,65945677657
2025-03-08,86742.656,86847.266,85247.484,86154.594,86154.594,18206118081
2025-03-09,86154.305,86471.133,80052.484,80601.039,80601.039,30899345977
2025-03-10,80597.148,83955.93,77420.594,78532,78532,54061099422
2025-03-11,78523.875,83577.758,76624.25,82862.211,82862.211,54702837196
2025-03-12,82857.375,84358.578,80635.25,83722.359,83722.359,40353484454
2025-03-13,83724.922,84301.695,79931.852,81066.703,81066.703,31412940153
2025-03-14,81066.992,85263.289,80797.562,83969.102,83969.102,29588112414
2025-03-15,83968.406,84672.672,83639.594,84343.109,84343.109,13650491277
2025-03-16,84333.32,85051.602,82017.906,82579.688,82579.688,21330270174
2025-03-17,82576.336,84725.328,82492.156,84075.688,84075.688,25092785558
2025-03-18,84075.719,84075.719,81179.992,82718.5,82718.5,24095774594
2025-03-19,82718.805,87021.188,82569.727,86854.227,86854.227,34931960257
2025-03-20,86872.953,87443.266,83647.195,84167.195,84167.195,29028988961
2025-03-21,84164.539,84782.273,83171.07,84043.242,84043.242,19030452299
2025-03-22,84046.258,84513.875,83674.781,83832.484,83832.484,9863214091
2025-03-23,83831.898,86094.781,83794.914,86054.375,86054.375,12594615537
2025-03-24,86070.93,88758.727,85541.195,87498.914,87498.914,34582604933
2025-03-25,87512.82,88542.398,86346.078,87471.703,87471.703,30005840049
2025-03-26,87460.234,88292.156,85861.453,86900.883,86900.883,26704046038
2025-03-27,86896.258,87786.727,85837.938,87177.102,87177.102,24413471941
2025-03-28,87185.234,87489.859,83557.641,84353.148,84353.148,34198619509
2025-03-29,84352.07,84567.336,81634.141,82597.586,82597.586,16969396135
2025-03-30,82596.984,83505,81573.25,82334.523,82334.523,14763760943
2025-03-31,82336.062,83870.125,81293.891,82548.914,82548.914,29004228247
2025-04-01,82551.922,85487.367,82429.359,85169.172,85169.172,28175650319
2025-04-02,85180.609,88466.953,82343.539,82485.711,82485.711,47584398470
2025-04-03,82487.477,83909.297,81282.102,83102.828,83102.828,36852112080
2025-04-04,83100.25,84696.148,81670.75,83843.805,83843.805,45157640207
2025-04-05,83844.703,84207.016,82377.734,83504.797,83504.797,14380803631
2025-04-06,83504.508,83704.719,77097.742,78214.484,78214.484,36294853736
2025-04-07,78221.336,81119.062,74436.68,79235.336,79235.336,91262424987
2025-04-08,79218.477,80823.891,76198.023,76271.953,76271.953,48314590749
2025-04-09,76273.562,83541,74589.672,82573.953,82573.953,84213627038
2025-04-10,82565.977,82700.93,78456.133,79626.141,79626.141,44718000633
2025-04-11,79625.047,84247.477,78936.32,83404.836,83404.836,41656778779
2025-04-12,83404.516,85856.188,82769.375,85287.109,85287.109,24258059104
2025-04-13,85279.469,86015.188,83027.008,83684.977,83684.977,28796984817
2025-04-14,83694.523,85785,83690.641,84542.391,84542.391,34090769777
2025-04-15,84539.695,86429.352,83598.82,83668.992,83668.992,28040322885
2025-04-16,83674.508,85428.281,83100.617,84033.867,84033.867,29617804112
2025-04-17,84030.672,85449.07,83749.75,84895.75,84895.75,21276866029
2025-04-18,84900.188,85095.047,84298.883,84450.805,84450.805,12728372364
2025-04-19,84450.867,85597.703,84353.461,85063.414,85063.414,15259300427
2025-04-20,85066.07,85306.383,83976.844,85174.305,85174.305,14664050812
2025-04-21,85171.539,88460.094,85143.836,87518.906,87518.906,41396190190
2025-04-22,87521.875,93817.383,87084.531,93441.891,93441.891,55899038456
2025-04-23,93427.586,94535.734,91962.961,93699.109,93699.109,41719568821
2025-04-24,93692.398,94016.195,91696.711,93943.797,93943.797,31483175315
2025-04-25,93954.25,95768.391,92898.594,94720.5,94720.5,40915232364
2025-04-26,94714.648,95251.359,93927.25,94646.93,94646.93,17612825123
2025-04-27,94660.906,95301.203,93665.398,93754.844,93754.844,18090367764
2025-04-28,93755.305,95598.492,92860.805,94978.75,94978.75,32363449569
2025-04-29,94981.859,95485.414,93796.633,94284.789,94284.789,25806129921
2025-04-30,94286.469,95249.32,92979.641,94207.312,94207.312,28344679831
2025-05-01,94212.859,97437.961,94153.633,96492.336,96492.336,32875889623
2025-05-02,96494.969,97905.898,96375.945,96910.07,96910.07,26421924677
2025-05-03,96904.633,96943.883,95821.289,95891.797,95891.797,15775154889
2025-05-04,95877.188,96318.922,94173.43,94315.977,94315.977,18198688416
2025-05-05,94319.562,95193.188,93566.266,94748.055,94748.055,25816260327
2025-05-06,94748.383,96889.18,93399.859,96802.477,96802.477,26551275827
2025-05-07,96800.195,97625.805,95829.336,97032.32,97032.32,76983822462
2025-05-08,97034.25,103969.54,96913.875,103241.46,103241.46,69895404397
2025-05-09,103239.12,104297.49,102343.09,102970.85,102970.85,58198593958
2025-05-10,102973.71,104961.77,102830.48,104696.33,104696.33,42276713994
2025-05-11,104701.07,104937.99,103364.74,104106.36,104106.36,46285517406
2025-05-12,104106.96,105747.45,100814.41,102812.95,102812.95,63250475404
2025-05-13,102812.49,104997.42,101515.09,104169.81,104169.81,52608876410
2025-05-14,104167.33,104303.56,102618.3,103539.41,103539.41,45956071155
2025-05-15,103538.83,104153.62,101440.81,103744.64,103744.64,50408241840
2025-05-16,103735.66,104533.48,103137.48,103489.29,103489.29,44386499364
2025-05-17,103489.29,103716.95,102659.18,103191.09,103191.09,37898552742
2025-05-18,103186.95,106597.17,103142.6,106446.01,106446.01,49887082058
2025-05-19,106430.53,107068.72,102112.69,105606.18,105606.18,61761126647
2025-05-20,105605.41,107307.12,104206.52,106791.09,106791.09,36515726122
2025-05-21,106791.31,110724.46,106127.23,109678.08,109678.08,78086364051
2025-05-22,109673.49,111970.17,109285.07,111673.28,111673.28,70157575642
2025-05-23,111679.36,111798.91,106841.3,107287.8,107287.8,67548133399
2025-05-24,107278.51,109454.52,106895.29,107791.16,107791.16,45903627163
2025-05-25,107802.27,109313.3,106683.38,109035.39,109035.39,47518041841
2025-05-26,109023.78,110376.88,108735.64,109440.37,109440.37,45950461571
2025-05-27,109440.41,110744.21,107609.55,108994.64,108994.64,57450176272
2025-05-28,108992.17,109298.29,106812.93,107802.33,107802.33,49155377493
2025-05-29,107795.57,108910.05,105374.4,105641.76,105641.76,56022752042
2025-05-30,105646.21,106308.95,103685.79,103998.57,103998.57,57655287183
2025-05-31,103994.72,104927.1,103136.12,104638.09,104638.09,38997843858
2025-06-01,104637.3,105884.55,103826.95,105652.1,105652.1,37397056873
2025-06-02,105649.81,105958.31,103727.55,105881.53,105881.53,45819706290
2025-06-03,105888.48,106813.58,104920.84,105432.47,105432.47,46196508367
2025-06-04,105434.37,105997.7,104232.7,104731.98,104731.98,44544857105
2025-06-05,104750.78,105936.69,100436.88,101575.95,101575.95,57479298400
2025-06-06,101574.37,105376.77,101169.57,104390.34,104390.34,48856653697
2025-06-07,104390.65,105972.76,103987.31,105615.62,105615.62,38365033776
2025-06-08,105617.51,106497.06,105075.33,105793.65,105793.65,36626232328
2025-06-09,105793.02,110561.42,105400.23,110294.1,110294.1,55903193732
2025-06-10,110295.69,110380.12,108367.71,110257.23,110257.23,54700101509
2025-06-11,110261.8,110384.22,108086.33,108686.62,108686.62,50842662052
2025-06-12,108685.91,108780.7,105785.69,105929.05,105929.05,54843867968
2025-06-13,105924.59,106182.55,102822.02,106090.97,106090.97,69550440846
2025-06-14,106108.09,106203.76,104379.37,105472.41,105472.41,38007870453
2025-06-15,105464.84,106157.1,104519.88,105552.02,105552.02,36744307742
2025-06-16,105555.59,108915.38,104997.62,106796.76,106796.76,50366626945
2025-06-17,106794.12,107750.2,103396.53,104601.12,104601.12,55964092176
2025-06-18,104602.07,105581.85,103602.27,104883.33,104883.33,47318089133
2025-06-19,104886.77,105250.89,103940.77,104684.29,104684.29,37333806920
2025-06-20,104681.03,106539.38,102372.21,103309.6,103309.6,50951862476
2025-06-21,103315.08,104015.78,100973.06,102257.41,102257.41,38360555118
2025-06-22,102212.03,103351.63,98286.203,100987.14,100987.14,65536997201
2025-06-23,100987.48,106116.86,99705.75,105577.77,105577.77,65237759656
2025-06-24,105571.52,106316.83,104740.24,106045.63,106045.63,48822986421
2025-06-25,106047.41,108168.4,105881.39,107361.26,107361.26,51624120283
2025-06-26,107375.07,108305.55,106666.35,106960,106960,43891990613
2025-06-27,106954.92,107772.47,106449.99,107088.43,107088.43,45353692675
2025-06-28,107090.55,107567.88,106883.98,107327.7,107327.7,30037708335
2025-06-29,107327.82,108526.3,107230.11,108385.57,108385.57,35534874438
2025-06-30,108383.44,108798.79,106759.65,107135.34,107135.34,42064804590
2025-07-01,107144.38,107550.68,105270.23,105698.28,105698.28,44110692247
2025-07-02,105703.1,109763.66,105157.4,108859.32,108859.32,56248657737
2025-07-03,108845.02,110541.46,108605.8,109647.98,109647.98,50494742270
2025-07-04,109635.66,109751.98,107296.38,108034.34,108034.34,42616442656
2025-07-05,108015.84,108381.34,107842.27,108231.18,108231.18,30615537520
2025-07-06,108231.19,109731.62,107847.02,109232.07,109232.07,36746020463
2025-07-07,109235.33,109710.25,107527.05,108299.85,108299.85,45415696597
2025-07-08,108298.23,109198.97,107499.55,108950.27,108950.27,44282204127
2025-07-09,108950.27,111925.38,108357.68,111326.55,111326.55,57927418065
2025-07-10,111329.2,116608.78,110660.75,115987.2,115987.2,95911605728
2025-07-11,115986.23,118856.48,115245.69,117516.99,117516.99,86928361085
2025-07-12,117530.71,118219.9,116977.02,117435.23,117435.23,45524560304
2025-07-13,117432.2,119449.57,117265.44,119116.12,119116.12,49021091807
2025-07-14,119115.79,123091.61,118959.2,119849.7,119849.7,181746419401
2025-07-15,119853.85,119935.56,115765.69,117777.19,117777.19,98321661181
2025-07-16,117777.19,120065.52,117064.82,118738.51,118738.51,72162029070
2025-07-17,118738.51,120999.61,117508.22,119289.84,119289.84,72363841798
2025-07-18,119284.11,120851.91,116925.98,118003.23,118003.23,77945799785
2025-07-19,117998.12,118541.4,117388.41,117939.98,117939.98,47564562765
2025-07-20,117944.11,118865.03,116550.13,117300.79,117300.79,57515447231
2025-07-21,117306.47,119671.56,116584.4,117439.54,117439.54,69820091744
2025-07-22,117426.5,120269.97,116233.23,119995.41,119995.41,79217583118
2025-07-23,119997.45,120113.35,117391.39,118754.96,118754.96,66608604537
2025-07-24,118770.98,119535.45,117247.97,118368,118368,72627318560
2025-07-25,118368,118486.98,114759.82,117635.88,117635.88,104857024569
2025-07-26,117644.84,118335.69,117181.23,117947.37,117947.37,48508954046
2025-07-27,117944.73,119815.59,117859.69,119448.49,119448.49,54683390892
2025-07-28,119457.52,119819.79,117441.44,117924.48,117924.48,64822943193
2025-07-29,117938.59,119273.87,116987.37,117922.15,117922.15,68463107433
2025-07-30,117921.99,118780.73,115800.83,117831.19,117831.19,68896148592
2025-07-31,117833.63,118919.98,115505.22,115758.2,115758.2,69370346018
2025-08-01,115738.95,116060.77,112724.45,113320.09,113320.09,91294530181
2025-08-02,113320.39,114021.6,112005.77,112526.91,112526.91,56870866000
2025-08-03,112525.8,114747.42,111943.8,114217.67,114217.67,48099615826
2025-08-04,114223.92,115729.47,114130.41,115071.88,115071.88,35783028986
2025-08-05,115072.19,115117.44,112701.11,114141.45,114141.45,61039182286
2025-08-06,114140.91,115737.84,113372.25,115028,115028,56379133510
2025-08-07,115030.05,117676.91,114279.71,117496.9,117496.9,64051649681
2025-08-08,117505.5,117689.2,115917.46,116688.73,116688.73,59713005166
2025-08-09,116678.27,117906.61,116363.84,116500.36,116500.36,54004312429
2025-08-10,116497.72,119320.71,116485.16,119306.76,119306.76,64755458694
2025-08-11,119306.81,122321.09,118159.03,118731.45,118731.45,90528784177
2025-08-12,118717.66,120302.47,118228.72,120172.91,120172.91,72803657984
2025-08-13,120168.98,123682.45,118939.63,123344.06,123344.06,90904808795
2025-08-14,123339.4,124457.12,117254.88,118359.58,118359.58,104055627395
2025-08-15,118365.78,119332.31,116864.57,117398.35,117398.35,68665353159
2025-08-16,117398.42,117996.06,117271.95,117491.35,117491.35,48036922378
2025-08-17,117492.79,118595.77,117279.52,117453.06,117453.06,45852169525
2025-08-18,117453.91,117614.17,114723.68,116252.31,116252.31,72787808090
2025-08-19,116241.86,116764.5,112730.4,112831.18,112831.18,71657600353
2025-08-20,112828.02,114625.8,112387.96,114274.74,114274.74,67993811526
2025-08-21,114275.69,114802.65,111986.23,112419.03,112419.03,57817883700
2025-08-22,112433.73,117377.4,111678.95,116874.09,116874.09,82528088240
2025-08-23,116866.37,116996.25,114536.11,115374.33,115374.33,55377142586
2025-08-24,115387.39,115615.09,111060.55,113458.43,113458.43,73961489632
2025-08-25,113456.9,113637.84,109324.28,110124.35,110124.35,85706860190
2025-08-26,110124.1,112397.02,108762.04,111802.66,111802.66,69396320317
2025-08-27,111795.71,112619.41,110398.27,111222.06,111222.06,62137056409
2025-08-28,111219.05,113450.08,110900.92,112544.8,112544.8,58860155962
2025-08-29,112550.52,112619.05,107559.62,108410.84,108410.84,77843379644
2025-08-30,108409.41,108929.35,107444.45,108808.07,108808.07,51486264208
2025-08-31,108818.46,109491,108104.66,108236.71,108236.71,47986191770
2025-09-01,108228.75,109890.59,107271.18,109250.59,109250.59,66870372995
2025-09-02,109243.07,111748.02,108454.03,111200.59,111200.59,74776999491
2025-09-03,111190.7,112600.23,110582.96,111723.21,111723.21,61119643565
2025-09-04,111718.15,112208.33,109347.23,110723.6,110723.6,60131132901
2025-09-05,110723.02,113357.49,110233.4,110650.98,110650.98,60241647677
2025-09-06,110650.57,111275.02,110024.09,110224.7,110224.7,21500719036
2025-09-07,110221.33,111591.08,110211.62,111167.62,111167.62,24618007520
2025-09-08,111163.02,112869.23,110630.61,112071.43,112071.43,40212813407
2025-09-09,112077.58,113225.44,110776.7,111530.55,111530.55,45984480722
2025-09-10,111531.25,114275.25,110940.08,113955.36,113955.36,56377473784
2025-09-11,113961.43,115522.55,113453.84,115507.54,115507.54,45685065332
2025-09-12,115507.79,116769.38,114794.48,116101.58,116101.58,54785725894
2025-09-13,116093.56,116334.63,115248.27,115950.51,115950.51,34549454947
2025-09-14,115950.29,116181.5,115222.4,115407.66,115407.66,32798036057
2025-09-15,115399.63,116747.88,114461.06,115444.88,115444.88,52937859416
2025-09-16,115423.76,117005.27,114813.09,116843.19,116843.19,45781744593
2025-09-17,116840.51,117328.61,114794.98,116468.51,116468.51,60528025996
2025-09-18,116461.27,117911.79,116188.8,117137.2,117137.2,49457272032
2025-09-19,117137.67,117479.76,115141.82,115688.86,115688.86,38828473971
2025-09-20,115691.12,116191.15,115473.52,115721.96,115721.96,22864449614
2025-09-21,115730.23,115901.09,115252.58,115306.09,115306.09,22495852193
2025-09-22,115309.22,115431.31,112037.65,112748.51,112748.51,70684158591
2025-09-23,112757.48,113351.91,111535.57,112014.5,112014.5,47211853279
2025-09-24,112007.66,113986.27,111229.64,113328.63,113328.63,48044595085
2025-09-25,113330.16,113541.09,108713.4,109049.29,109049.29,75528654284
2025-09-26,109041.3,110359.2,108728.98,109712.83,109712.83,57738288949
2025-09-27,109707.14,109778.5,109144.3,109681.95,109681.95,26308042910
2025-09-28,109681.95,112375.48,109236.95,112122.64,112122.64,33371048505
2025-09-29,112117.88,114473.57,111589.95,114400.38,114400.38,60000147466
2025-09-30,114396.52,114836.62,112740.56,114056.09,114056.09,58986330258
2025-10-01,114057.59,118648.93,113981.4,118648.93,118648.93,71328680132
2025-10-02,118652.38,121086.41,118383.16,120681.26,120681.26,71415163912
2025-10-03,120656.98,123944.7,119344.31,122266.53,122266.53,83941392228
2025-10-04,122267.47,122857.64,121577.57,122425.43,122425.43,36769171735
2025-10-05,122419.67,125559.21,122191.96,123513.48,123513.48,73689317763
2025-10-06,123510.45,126198.07,123196.05,124752.53,124752.53,72568881188
2025-10-07,124752.14,125184.02,120681.97,121451.38,121451.38,76149412513
2025-10-08,121448.35,124167.09,121119.18,123354.87,123354.87,65354305286
2025-10-09,123337.07,123739.34,119812.03,121705.59,121705.59,74653009425
2025-10-10,121704.74,122509.66,104582.41,113214.37,113214.37,153125018868
2025-10-11,113236.43,113429.73,109760.56,110807.88,110807.88,110236934340
2025-10-12,110811.52,115805.06,109715.54,115169.77,115169.77,93710414091
2025-10-13,115161.68,116020.48,113821.19,115271.08,115271.08,71582026739
2025-10-14,115264.88,115502.88,110029.48,113118.66,113118.66,92212917403
2025-10-15,113113.97,113622.38,110235.84,110783.16,110783.16,72574132855
2025-10-16,110782.17,111990.81,107537.03,108186.04,108186.04,87306423067
2025-10-17,108179.13,109235.8,103598.43,106467.79,106467.79,99703051669
2025-10-18,106483.73,107490.98,106387.45,107198.27,107198.27,37779905278
2025-10-19,107204.31,109488.99,106157.79,108666.71,108666.71,47657008953
2025-10-20,108667.45,111711.03,107485.02,110588.93,110588.93,63507793085
2025-10-21,110587.63,113996.34,107534.75,108476.89,108476.89,101194375480
2025-10-22,108491.53,109115.13,106778,107688.59,107688.59,80807013218
2025-10-23,107679.44,111288.59,107548.43,110069.73,110069.73,54944076060
2025-10-24,110069.35,111842.53,109770.15,111033.92,111033.92,48160816980
2025-10-25,111032.62,111947.7,110704.41,111641.73,111641.73,24707667305
2025-10-26,111639.05,115260.91,111268.48,114472.45,114472.45,41708524143
2025-10-27,114479.85,116273.31,113882.29,114119.33,114119.33,61761358733
2025-10-28,114129.09,116078.98,112291.68,112956.16,112956.16,64528066504
2025-10-29,112921.33,113642.73,109368.72,110055.3,110055.3,62192043469
2025-10-30,110059.2,111612.35,106376.69,108305.55,108305.55,69673964814
2025-10-31,108304.41,111031.82,108288.27,109556.16,109556.16,60090359560
2025-11-01,109558.62,110574.9,109372.95,110064.02,110064.02,25871668762
2025-11-02,110064.43,111167.31,109523.45,110639.62,110639.62,34284209459
2025-11-03,110646.91,110764.91,105336.36,106547.52,106547.52,72852006359
2025-11-04,106541.42,107264.88,98962.062,101590.52,101590.52,110967184773
2025-11-05,101579.23,104534.7,98989.914,103891.84,103891.84,77584934804
2025-11-06,103893.66,104147.3,100336.87,101301.29,101301.29,63932752861
2025-11-07,101286.24,104052.91,99257.055,103372.41,103372.41,92168030081
2025-11-08,103371.7,103373.56,101458.04,102282.12,102282.12,51446691095
2025-11-09,102278.98,105418.37,101468.88,104719.64,104719.64,59679243013
2025-11-10,104723.77,106564.7,104350.65,105996.59,105996.59,69585887229
2025-11-11,105996.86,107428.26,102457.33,102997.47,102997.47,71130078574
2025-11-12,103011.44,105297.23,100836.62,101663.19,101663.19,64347179408
2025-11-13,101674.15,104005.49,97988.719,99697.492,99697.492,101546815416
2025-11-14,99694.703,99804.43,94000.734,94397.789,94397.789,114346441890
2025-11-15,94420.469,96728.469,94420.469,95549.148,95549.148,38500716654
2025-11-16,95556.867,96564.188,92971.164,94177.078,94177.078,71086235862
2025-11-17,94180.875,95928.367,91214.758,92093.875,92093.875,94186165724
2025-11-18,92094.531,93745.078,89300.461,92948.875,92948.875,101333569062
2025-11-19,92946.164,92946.164,88526.828,91465.992,91465.992,80350354656
2025-11-20,91459.352,93025.07,86040.797,86631.898,86631.898,97970645638
2025-11-21,86528.773,87380.805,80659.812,85090.688,85090.688,129157506112
2025-11-22,85098.562,85503.008,83490.898,84648.359,84648.359,40793099246
2025-11-23,84648.609,88038.469,84641.773,86805.008,86805.008,58083435576
2025-11-24,86798.773,89206.336,85272.195,88270.562,88270.562,74433896110
2025-11-25,88269.961,88457.336,86131.43,87341.891,87341.891,64837343545
2025-11-26,87345.586,90581.156,86316.898,90518.367,90518.367,66496301869
2025-11-27,90517.766,91897.578,90089.516,91285.375,91285.375,57040622845
2025-11-28,91285.383,92969.086,90257.117,90919.266,90919.266,60895830289
2025-11-29,90918.742,91187.617,90260.188,90851.758,90851.758,37921773455
2025-11-30,90838.211,91965.047,90394.312,90394.312,90394.312,38497902869
2025-12-01,90389.109,90398.156,83862.25,86321.57,86321.57,87962894424
2025-12-02,86322.539,92316.633,86202.195,91350.203,91350.203,78546798211
2025-12-03,91345.094,94060.773,91056.391,93527.805,93527.805,77650204986
2025-12-04,93454.258,94038.242,90976.102,92141.625,92141.625,64538402681
2025-12-05,92133.648,92702.641,88152.141,89387.758,89387.758,63256398633
2025-12-06,89389.359,90267.461,88951.664,89272.375,89272.375,37994042405
2025-12-07,89277.812,91740.844,87799.562,90405.641,90405.641,47394898960
2025-12-08,90424.586,92267.117,89644.891,90640.203,90640.203,57394099056
2025-12-09,90639.703,94601.57,89586.977,92691.711,92691.711,66861721440
2025-12-10,92695.234,94477.156,91640.133,92020.945,92020.945,65420694513
2025-12-11,92011.305,93554.266,89335.297,92511.336,92511.336,64532834621
2025-12-12,92513.664,92747.93,89532.602,90270.414,90270.414,80275884583
2025-12-13,90257.797,90647.57,89800.992,90298.711,90298.711,64237748110
2025-12-14,90296.438,90498.109,87634.938,88175.18,88175.18,50465972205
2025-12-15,88171.078,89983.922,85304.078,86419.781,86419.781,45559514323
2025-12-16,86424.406,88170.094,85381.688,87843.984,87843.984,41262178223
2025-12-17,87847.617,90264.57,85316.266,86143.758,86143.758,44243392914
2025-12-18,86144.367,89412.664,84436.312,85462.508,85462.508,52667115348
2025-12-19,85476.133,89339.117,85107.664,88103.383,88103.383,46733310561
2025-12-20,88101.672,88497.203,87924.875,88344,88344,14688196659
2025-12-21,88344.703,89027.953,87613.203,88621.75,88621.75,19845522660
2025-12-22,88621.398,90501.93,87908.07,88490.016,88490.016,38047472118
2025-12-23,88490.031,88898.383,86606.977,87414,87414,43683011533
2025-12-24,87404.32,87956.883,86411.797,87611.961,87611.961,25550297986
2025-12-25,87608.32,88501.789,86949.258,87234.742,87234.742,19953216347
2025-12-26,87235.508,89459.43,86628.141,87301.43,87301.43,42455674908
2025-12-27,87301.43,87874.781,87182.977,87802.156,87802.156,13741199310
2025-12-28,87799.344,87986.891,87394.953,87835.836,87835.836,15156557929
2025-12-29,87835.789,90299.156,86717.914,87138.141,87138.141,48411625849
2025-12-30,87134.352,89297.938,86735.547,88430.133,88430.133,35586356225
2025-12-31,88429.586,89080.289,87130.562,87508.828,87508.828,33830210616
2026-01-01,87508.047,88803.227,87399.406,88731.984,88731.984,18849043990
2026-01-02,88733.062,90884.461,88298.617,89944.695,89944.695,46398906171
2026-01-03,89945.055,90679.57,89328.07,90603.188,90603.188,20774828592
2026-01-04,90603,91712.586,90595.102,91413.492,91413.492,26770491368
2026-01-05,91414.625,94762.07,91414.625,93882.555,93882.555,53376407252
2026-01-06,93876.945,94395.297,91286.547,93729.031,93729.031,52430605257
2026-01-07,93727.469,93738.789,90601.805,91308.055,91308.055,43461295053
2026-01-08,91309.641,91485.852,89233.875,91027.125,91027.125,42386697030
2026-01-09,91026.273,91910.672,89625.383,90513.102,90513.102,38305906684
2026-01-10,90510.102,90713.031,90283.398,90386.648,90386.648,12385895282
2026-01-11,90385.359,91155.227,90212.023,90827.461,90827.461,17165568977
2026-01-12,90825.859,92395.523,90055.023,91192.992,91192.992,41346275358
2026-01-13,91185.336,96011.625,90941.93,95321.781,95321.781,54980674354
2026-01-14,95322.906,97860.602,94583.047,96929.328,96929.328,60592490863
2026-01-15,96931.289,97150.172,95103.242,95551.188,95551.188,53086363027
2026-01-16,95554.102,95801.891,94259.273,95525.117,95525.117,33248170537
2026-01-17,95525.156,95598.477,95005.617,95099.922,95099.922,16021715122
2026-01-18,95101.18,95491.508,93588.867,93634.43,93634.43,20809781232
2026-01-19,93655.672,93660.828,92089.25,92553.594,92553.594,39195241508
2026-01-20,92553.602,92798.43,87814.93,88310.906,88310.906,53072968031
2026-01-21,88326.508,90430.406,87231.57,89376.961,89376.961,56330422434
2026-01-22,89378.523,90258.961,88438.445,89462.453,89462.453,35549685694
2026-01-23,89462.047,91100.25,88486.359,89503.875,89503.875,38997586037
2026-01-24,89506.148,89811.609,89044.289,89110.734,89110.734,14558687712
2026-01-25,89104.766,89193.148,86003.711,86572.219,86572.219,36124986722
2026-01-26,86566.523,88743.07,86429.289,88267.141,88267.141,45329286974
2026-01-27,88257.477,89427.125,87228.922,89102.57,89102.57,38744942267
2026-01-28,89104.047,90439.289,88721.461,89184.57,89184.57,39807419296
2026-01-29,89169.852,89200.781,83250.602,84561.586,84561.586,64653083162
2026-01-30,84562.727,84602.164,81071.477,84128.656,84128.656,72083816087
2026-01-31,84126.5,84136.922,75815.883,78621.117,78621.117,70479259159
2026-02-01,78626.125,79322.609,75698.898,76974.445,76974.445,53372509744
2026-02-02,76968.875,79258.609,74551.336,78688.766,78688.766,75140589684
2026-02-03,78693.508,79118.852,72897.141,75633.547,75633.547,68249110822
2026-02-04,75640.094,76864.656,71779.93,73019.703,73019.703,67215363944
2026-02-05,73016.375,73161.555,62353.535,62702.098,62702.098,125509410908
2026-02-06,62704.453,71681.305,60074.203,70555.391,70555.391,114674259489
2026-02-07,70553.797,71611.148,67364.445,69281.969,69281.969,62347107663
2026-02-08,69283.727,72206.906,68852.898,70264.727,70264.727,39721722619
2026-02-09,70243.328,71369.969,68291.031,70120.781,70120.781,52081598792
2026-02-10,70137.391,70464.266,67913.094,68793.961,68793.961,40593063077
2026-02-11,68791.859,69242.68,65757.305,66991.969,66991.969,49671946030
2026-02-12,66992.195,68339.492,65092.109,66221.844,66221.844,44651071271
2026-02-13,66213.375,69382.836,65835.781,68857.844,68857.844,40820775886
2026-02-14,68856.984,70481.164,68706.617,69767.625,69767.625,36012397645
2026-02-15,69764.953,70939.289,68052.547,68788.188,68788.188,40191152750
2026-02-16,68782.398,70067.234,67301.586,68843.156,68843.156,33618145426
2026-02-17,68843.094,69201.867,66615.281,67494.219,67494.219,34866936040
2026-02-18,67488.023,68434.43,65845.898,66425.32,66425.32,33094301643
2026-02-19,66425.625,67277.125,65637.43,66957.523,66957.523,31492987019
2026-02-20,66958.578,68269.031,66452.484,68005.422,68005.422,47507867304
2026-02-21,68000.25,68657.703,67533.07,68003.766,68003.766,18357635642
2026-02-22,67998.828,68235.227,67185.602,67659.391,67659.391,17893536012
2026-02-23,67668.43,67668.43,63924.438,64616.738,64616.738,50953457309
2026-02-24,64616.016,64992.156,62553.188,64080.043,64080.043,40849331086
2026-02-25,64077.77,69953.531,63942.484,67960.125,67960.125,53629234355
2026-02-26,67954.867,68843.352,66523.734,67453.773,67453.773,42988597523
2026-02-27,67456.516,68220.406,64946.035,65881.797,65881.797,40283655942
2026-02-28,65878.93,67714.523,63062.219,66995.859,66995.859,42041497112
2026-03-01,67005.883,68162.82,65076.73,65738.102,65738.102,40733141929
2026-03-02,65734.078,70044,65303.137,68775.852,68775.852,56698092052
2026-03-03,68785.078,69232.891,66237.617,68293.648,68293.648,47947999049
2026-03-04,68290.562,74051.805,67437.406,72710.578,72710.578,75073101274
2026-03-05,72712.656,73555.789,70654.883,70841.125,70841.125,51172841727
2026-03-06,70842.156,71378.57,67757.82,68136.492,68136.492,43776962871
2026-03-07,68136.688,68515.164,66969.258,67272.594,67272.594,23258701211
2026-03-08,67272.5,68177.789,65639.195,65969.781,65969.781,33195080116
2026-03-09,65969.586,69474.945,65858.008,68402.383,68402.383,49499875378
2026-03-10,68402.719,71770.898,68402.719,69926.922,69926.922,54003996096
2026-03-11,69931.25,71337.664,68998.867,70204.883,70204.883,45236859848
2026-03-12,70209.766,70775.828,69230.156,70493.461,70493.461,40871848129
2026-03-13,70497.047,73927.328,70410.727,70968.266,70968.266,61167226505
2026-03-14,70965.383,71291.203,70339.586,71214.625,71214.625,22283546496
2026-03-15,71213.68,73173.008,70882.422,72789.914,72789.914,27991268669
2026-03-16,72798.172,74901.859,72300.633,74861.086,74861.086,55572438409
2026-03-17,74855.297,75988.398,73444.227,73922.477,73922.477,49500721728
2026-03-18,73936.852,74658.977,70503.859,71245.578,71245.578,46229011155
2026-03-19,71250.352,71598.844,68805.523,69912.789,69912.789,44631433398
2026-03-20,69911.531,71346.797,69398.883,70522.586,70522.586,38299078407
2026-03-21,70522.469,71051.273,68602.914,68711.523,68711.523,21109354718
2026-03-22,68737.445,69561.773,67372.875,67845.211,67845.211,30108051508
2026-03-23,67843,71782.258,67458.844,70914.859,70914.859,51508669357
2026-03-24,70912.672,71371.305,68920.695,70517.859,70517.859,40181522399
2026-03-25,70520.047,71985.742,70383.594,71309.883,71309.883,35409791747
2026-03-26,71310.117,71410.391,68118.352,68791.625,68791.625,38962070215
2026-03-27,68790.836,69117.531,65532.57,66338.375,66338.375,46483453594
2026-03-28,66338.5,67232.859,65906.742,66319.695,66319.695,20924883455
2026-03-29,66319.695,67052.953,64971.707,65954.922,65954.922,21645889785
2026-03-30,65958.352,68087.289,65759.805,66691.445,66691.445,37694994180
2026-03-31,66694.586,68495.273,65950.438,68233.312,68233.312,42997691338
2026-04-01,68232.891,69230.359,67555.359,68078.555,68078.555,36465393617
2026-04-02,68077.898,68633.148,65725.258,66888.57,66888.57,39323384518
2026-04-03,66889.016,67296.234,66281.539,66931.102,66931.102,22815543346
2026-04-04,66938.648,67515.016,66769.641,67290.516,67290.516,15878814963
2026-04-05,67291.195,69087.656,66610.633,68981.898,68981.898,22972648674
2026-04-06,68982.914,70305.422,68347.078,68859.828,68859.828,39542143229
2026-04-07,68859.375,72732.43,67740.508,71940.703,71940.703,44650511480
2026-04-08,71950.148,72825.188,70707.469,71123.359,71123.359,42444631703
2026-04-09,71120.57,73107.266,70486.359,71767.828,71767.828,38799581473
2026-04-10,71774.367,73440.117,71434.828,72979.047,72979.047,37722595732
2026-04-11,72976.125,73784.234,72556.336,73054.273,73054.273,23287073965
2026-04-12,73056.047,73154.031,70540.57,70753.406,70753.406,29882740487
2026-04-13,70757.617,74896.312,70588.523,74484.641,74484.641,52278211554
2026-04-14,74478.398,76061.758,73877.203,74181.609,74181.609,53540826530
2026-04-15,74182.023,75409.273,73549.203,74805.078,74805.078,38090174312
2026-04-16,74810.875,75506.57,73346.266,75152.133,75152.133,41312783855
2026-04-17,75164.039,78320.68,74558.602,77126.875,77126.875,54137194839
2026-04-18,77136.047,77416.703,75504.945,75726.211,75726.211,26014416776
2026-04-19,75723.695,76243.094,73802.383,73856.352,73856.352,30931515195
2026-04-20,73854.25,76575.359,73775.57,75872.523,75872.523,39674447916
2026-04-21,75872.828,76881.477,74852.672,76352.773,76352.773,36453522626
2026-04-22,76354.219,79468,76159.578,78203.102,78203.102,48336654537
2026-04-23,78203.875,78676.938,77014.453,78268.953,78268.953,40354900916
2026-04-24,78263.82,78554.094,77318.445,77455.312,77455.312,32784213526
2026-04-25,77457.211,77882.641,77184.664,77612.016,77612.016,16702933134
2026-04-26,77613.117,78923.562,77334.891,78657.539,78657.539,21482934750
2026-04-27,78661.016,79488.172,76481.344,77366.625,77366.625,38135631927
2026-04-28,77368.117,77483.867,75673.602,76350.672,76350.672,32056900880
2026-04-29,76350.688,77884.969,74958.57,75776.133,75776.133,41460907886
2026-04-30,75778.633,76611.484,75318.984,76304.32,76304.32,29497862305
2026-05-01,76305.055,78894.977,76294.695,78179,78179,39164328894
2026-05-02,78177.75,79119.789,78031.961,78657.25,78657.25,16761531851
2026-05-03,78656.727,79402.359,78073.078,78538.227,78538.227,20544392639
2026-05-04,78540.289,80742.359,78217.961,79827.906,79827.906,54325085296
2026-05-05,79823.531,81751.453,79787.578,80927.055,80927.055,39700107376
2026-05-06,80930.734,82792.211,80751.023,81427.531,81427.531,41751540000
2026-05-07,81428.852,81684.953,79522.656,80009.992,80009.992,36931193154
2026-05-08,80009.625,80447.266,79205.516,80186.766,80186.766,33789351540
2026-05-09,80187.742,81030.062,80119.93,80664.367,80664.367,18102086996
2026-05-10,80665.609,82430.172,80274.133,82138.93,82138.93,26965971077
2026-05-11,82139.047,82326.234,80451.422,81728.297,81728.297,32409774919
2026-05-12,81725.352,81753.031,79832.102,80477.492,80477.492,32186688600
2026-05-13,80476.789,81276.672,78725.508,79277.117,79277.117,34075428359
2026-05-14,79276.945,82005.961,78909.68,81051.25,81051.25,43731663431
2026-05-15,81046.867,81634.844,78635.367,79065.68,79065.68,38183347368
2026-05-16,79066,79173.5,77630.734,78131.438,78131.438,25895799905
2026-05-17,78133.586,78539.398,76783.414,77429.352,77429.352,20900166465
2026-05-18,77426.344,77749.32,76029.227,76954.172,76954.172,41520471808
2026-05-19,76954.75,77346.867,76082.367,76750.906,76750.906,26031898332
2026-05-20,76749.453,77775.57,76463.648,77457.773,77457.773,26668360936
2026-05-21,77462.508,78100.562,76655.438,77539.172,77539.172,27141485404
2026-05-22,77538.117,77819.453,75323.875,75488.242,75488.242,27859040109
2026-05-23,75488.312,77288.117,74255.234,76673.367,76673.367,29973220002
2026-05-24,76670.656,77372.539,76019.891,76981.125,76981.125,20572738918
2026-05-25,76981.125,77804.922,76833.039,77279.93,77279.93,19808387601
2026-05-26,77280.125,77990.867,75569.469,75825.734,75825.734,35999475458
2026-05-27,75825.305,76014.297,74136.5,74344.703,74344.703,33802172927
2026-05-28,74339.57,74460.125,72493.414,73536.555,73536.555,40148145327
2026-05-29,73537.031,74218.562,72435.625,73372.523,73372.523,34457929250
2026-05-30,73370.852,74020.758,73125.234,73754.836,73754.836,19563589191
2026-05-31,73753.75,74153.5,73315.016,73579.688,73579.688,17445435650
2026-06-01,73580.211,73969.57,70599.508,71319.773,71319.773,43378836121
2026-06-02,71321.031,71334.953,66127.266,66703.656,66703.656,54990073882
2026-06-03,66694.008,67402.93,64009.676,64014.367,64014.367,47411556213
2026-06-04,64020.07,64664.445,61335.75,63801.574,63801.574,63800151780
2026-06-05,63807.691,63901.516,59108.918,60922.668,60922.668,71465606706
2026-06-06,60924.477,61491.703,59496.625,60867.414,60867.414,30898464957
2026-06-07,60866.941,64128.043,60724.066,63239.52,63239.52,36006496194
2026-06-08,63244.086,64185.766,62384.668,63090.59,63090.59,34133252457
2026-06-09,63092.891,63486.09,60756.688,61643.781,61643.781,40144449754
2026-06-10,61643.207,62788.277,60788.023,61449.289,61449.289,27493506779
2026-06-11,61448.879,63851.949,61447.969,63561.055,63561.055,29316677897
2026-06-12,63547.441,64334.016,62778.793,63543.199,63543.199,26881868307
2026-06-13,63541.516,64700.879,63431.32,64421.324,64421.324,16956245530
2026-06-14,64420.168,65749.781,63634.023,65710.398,65710.398,21572226975
2026-06-15,65711.109,67248.133,65315.836,66289.5,66289.5,32927321950
2026-06-16,66289.461,66928.609,65315.07,65600.641,65600.641,25063963967
2026-06-17,65600.43,66354.625,63870.93,64418.445,64418.445,31288885189
2026-06-18,64419.645,64736.922,62201.145,62896.473,62896.473,30432454936
2026-06-19,62897.516,63568.223,62275.582,63540.836,63540.836,22361931660
2026-06-20,63535.809,64307.137,63149.66,64239.676,64239.676,17486384117
2026-06-21,64242.324,64506.578,63221,63237.539,63237.539,15739619591
2026-06-22,63240.789,65544,63233.531,63952.105,63952.105,26561496819
2026-06-23,63952.793,64196.562,61893.207,62668.02,62668.02,29608942370
2026-06-24,62663.031,63097.758,59029.855,60995.133,60995.133,42644106535
2026-06-25,60992.07,61868.906,58075.922,59721.676,59721.676,40625024718
2026-06-26,59712.055,60647.188,58269.125,60016.43,60016.43,41502864671
2026-06-27,60016.312,60835.047,59794.621,59940.098,59940.098,15099836554
2026-06-28,59940.352,60432.707,58879.633,59532.34,59532.34,16282230874
2026-06-29,59522.789,60682.34,58856.188,60138.379,60138.379,30829983083
2026-06-30,60136.453,60173.219,58111.672,58558.859,58558.859,32747419391
2026-07-01,58562.445,61223.77,57747.766,60003.758,60003.758,37904450118
2026-07-02,60004.77,62117.875,59532.324,61485.301,61485.301,40109297349
2026-07-03,61492.066,62879.008,61176.723,62544.199,62544.199,26131813598
2026-07-04,62545.129,63398.41,62287.586,63088.305,63088.305,18608397613
2026-07-05,63089.059,63935.848,62413.992,63547.883,63547.883,18267466154
2026-07-06,63551.016,64597.57,61275.828,63995.016,63995.016,36552222303
2026-07-07,63994.598,64257.633,62623.934,63297.395,63297.395,31026493556
2026-07-08,63293.52,63706.887,61492.648,62257.574,62257.574,27349235354
2026-07-09,62257.316,63422.941,61645.754,63193.148,63193.148,26546256117
2026-07-10,63194.359,64658.969,62902.062,64127.141,64127.141,27450201269
2026-07-11,64127.969,64445.461,63785.621,63802.027,63802.027,13954689047
2026-07-12,63791.402,64243.133,63606.824,63758.219,63758.219,19043437787
2026-07-13,63757.172,64340.883,61769,62239.121,62239.121,37650044790
2026-07-14,62238.586,65046.133,62207.523,64956.113,64956.113,29841287318
2026-07-15,64959.809,65507.594,64442.82,64712.375,64712.375,27029791676
2026-07-16,64713.297,64931.855,63701.805,63789.281,63789.281,27232426674
2026-07-17,63789.91,64332.02,62489.453,63899.461,63899.461,27280236800
2026-07-18,63899.18,64816.504,63845.016,64796.602,64796.602,14162542470
2026-07-19,64799.277,64909.887,64250.914,64690.805,64690.805,15000653941
2026-07-20,64684.418,65735.719,63720.391,65230.027,65230.027,30988932408
2026-07-21,65228.871,66910.062,65113.656,66505.125,66505.125,29554470321
2026-07-22,66506.789,66694.648,65514.176,66100.797,66100.797,28142272410
2026-07-23,66100.133,66282.383,64610.609,65044.812,65044.812,24364433538
2026-07-24,65044.957,65760.484,63686.035,64098.496,64098.496,25917559237
2026-07-25,64098.492,64386.062,63753.027,64311.812,64311.812,13817493398
2026-07-26,64311.785,65503.77,64233.453,65340.301,65340.301,14301494281
2026-07-27,65340.59,65658.336,63562.484,63724.898,63724.898,26183821002
2026-07-28,63723.488,64026.922,62714.805,63871.363,63871.363,24128738898
2026-07-29,63871.395,64638.695,63206.211,63908.168,63908.168,28611167472
2026-07-30,63908.625,65071.445,63533.906,64725.309,64725.309,26250039650
2026-07-31,64723.969,65328.184,62410.867,62813.746,62813.746,30439749629
2026-08-01,62813.664,63091.598,62233.012,62763.32,62763.32,13553286543
2026-08-02,62763.445,63714.613,62745.254,63482,63482,15901776708
2026-08-03,63485.441,64020.324,62226.578,63460.898,63460.898,26038889824
2026-08-04,63458.41,64466.938,63277.684,64055.953,64055.953,23662357784
2026-08-05,64054.879,64954.348,63829.719,64597.5,64597.5,23568584891
2026-08-06,64595.449,64934.492,64098.477,64262.113,64262.113,18529402711
2026-08-07,64257.488,65330.609,64113.273,64880.191,64880.191,22165720102
2026-08-08,64882.547,65140.48,64797.113,64904.688,64904.688,12350094271
2026-08-09,64906.551,65401.691,64677.602,64844.887,64844.887,13234538380
2026-08-10,64845.383,65321.84,63752.566,63910.586,63910.586,22384770392
2026-08-11,63910.176,64433.68,63185.473,63551.875,63551.875,20824820662
2026-08-12,63551.871,64381.078,63251.113,63402.434,63402.434,23063864553
2026-08-13,63404.426,63926.332,62799.289,63402.172,63402.172,18765583756
2026-08-14,63402.09,63551.562,62487.699,62975.594,62975.594,20280053024
2026-08-15,62974.336,63119.133,62850.961,63024.32,63024.32,10033057106
2026-08-16,63023.422,63310.777,62648.574,62818.652,62818.652,9078986635
2026-08-17,62819.379,64547.848,62687.102,64506.254,64506.254,21555405073
2026-08-18,64506.523,64987.711,63980.324,64680.711,64680.711,18728001793
2026-08-19,64680.047,69996.953,64111.07,69266.188,69266.188,46228098443
2026-08-20,69268.25,73369.805,68867.531,73032.758,73032.758,55444322363
2026-08-21,73031.086,79463.711,73011.414,78335.188,78335.188,74478039014
2026-08-22,78332.555,78801.148,76526.711,77083.414,77083.414,42131959963
2026-08-23,77082.844,78036.867,75624.945,77755.266,77755.266,31158396908
2026-08-24,77748.875,79970.109,76688.828,78964.484,78964.484,55502180329
2026-08-25,78960.094,81235.031,77870.625,78564.977,78564.977,46728068401
2026-08-26,78538.586,79240.5,77639.836,79027.422,79027.422,29329039002
2026-08-27,79037.922,80806.562,78591.102,80257.539,80257.539,34033075972
2026-08-28,80264.648,81346.953,76909.352,77830.289,77830.289,39362871737
2026-08-29,77830.891,78327.945,77381.898,78245.812,78245.812,14053131399
2026-08-30,78246.172,79373.18,77056.148,77667.57,77667.57,19314839672
2026-08-31,77673.703,79247.344,77378.438,78548.633,78548.633,30608386987
2026-09-01,78539.859,79196.516,76399.062,77403.625,77403.625,30608796575
2026-09-02,77402.141,77737.547,76248.305,77300.477,77300.477,26525296646
2026-09-03,77300.164,82262.211,76940.883,81271.742,81271.742,40504199354
2026-09-04,81271.539,81433.148,78641.625,79671.969,79671.969,37501874897
2026-09-05,79671.703,80194.508,79465.062,79823.867,79823.867,18559708494
2026-09-06,79824.602,80530.648,79327.5,80350.047,80350.047,19391863269
2026-09-07,80349.195,80432.312,78684.93,79115.852,79115.852,23414434445
2026-09-08,79114.906,79463.273,77635.688,78438.578,78438.578,34680168667
2026-09-09,78440.602,79737.297,77768.148,78259.523,78259.523,29192409298
2026-09-10,78260.383,78520.969,76470.641,76568.125,76568.125,30120111719
2026-09-11,76559.125,79818.336,76162.914,77173.797,77173.797,37410998193
2026-09-12,77175.07,77479.656,77045,77270.469,77270.469,12664765797
2026-09-13,77270.18,77415.656,76498.383,76838.156,76838.156,13607872549
2026-09-14,76830.281,79568.953,76367.375,78163.383,78163.383,29909358382
2026-09-15,78162.484,78242.547,74944.594,75612.508,75612.508,39694675220
2026-09-16,75611.797,76474.078,74995.523,76150.32,76150.32,30053315577
2026-09-17,76152.055,77079.164,75945.555,76403.773,76403.773,21917458567
2026-09-18,76405.016,81331.766,76228.328,80901.461,80901.461,40378562386
2026-09-19,80900.289,81911.141,80814.938,81233.68,81233.68,20505634866
2026-09-20,81234.305,81455.203,80098.773,81142.609,81142.609,21259753701
2026-09-21,81143.625,87363.758,80867.086,86602.914,86602.914,57676223471
2026-09-22,86604.375,86700,85098.008,86172.281,86172.281,40800687783
2026-09-23,86176.766,87265.492,83519.734,84383.008,84383.008,46088463341
