Date,Open,High,Low,Close,Adj Close,Volume
2017-11-09,315.47699,337.22601,311.819,326.008,326.008,110840000
2017-11-10,325.26599,353.358,308.45901,329.57101,329.57101,116352000
2017-11-11,331.42801,349.07999,321.04099,346.056,346.056,88651000
2017-11-12,345.67999,536.11603,327.79901,536.11603,536.11603,476198016
2017-11-13,507.04901,530.94098,403.50101,427.37299,427.37299,310886016
2017-11-14,428.31,447.922,408.95499,427.54099,427.54099,123854000
2017-11-15,428.07999,444.38199,418.47198,424.41299,424.41299,103157000
2017-11-16,424.508,427.84799,412.836,418.18201,418.18201,97321296
2017-11-17,420.58899,436.01599,412.453,424.983,424.983,95099296
2017-11-18,424.35101,483.09698,423.245,454.742,454.742,145255008
2017-11-19,455.35901,455.66,431.79199,442.311,442.311,82954600
2017-11-20,442.026,502.53101,438.42001,486.535,486.535,104701000
2017-11-21,500.23801,519.41803,454.48401,494.21301,494.21301,245163008
2017-11-22,494.76199,594.52899,494.29401,578.84601,578.84601,381958016
2017-11-23,577.25098,583.73297,557.12201,566.67902,566.67902,173698000
2017-11-24,564.33698,573.19501,553.57501,566.63501,566.63501,129105000
2017-11-25,566.95599,656.13501,566.95599,643.57202,643.57202,242807008
2017-11-26,641.45697,646.28302,617.73901,621.62299,621.62299,145500000
2017-11-27,621.14697,638.94897,611.78998,632.29602,632.29602,134862000
2017-11-28,632.44397,637.05603,616.30798,626.42102,626.42102,149795008
2017-11-29,626.26202,815.008,625.36499,677.39502,677.39502,415879008
2017-11-30,681.12701,826.95001,670.98798,786.92902,786.92902,498872000
2017-12-01,787.46997,806.37201,756.48401,797.53101,797.53101,286044000
2017-12-02,797.90198,802.12097,769.38599,778.43402,778.43402,188147008
2017-12-03,778.78101,806.70001,744.39203,768.87598,768.87598,192447008
2017-12-04,770.56897,778.05103,738.59302,774.013,774.013,152280992
2017-12-05,774.70697,779.98199,754.27197,756.35901,756.35901,201103008
2017-12-06,756.01001,785.18298,692.01898,700.073,700.073,249072992
2017-12-07,699.98499,714.50598,667.82898,697.901,697.901,249304992
2017-12-08,700.68402,766.03802,659.85699,726.66803,726.66803,288291008
2017-12-09,727.638,774.651,707.32098,723.612,723.612,211738000
2017-12-10,723.23297,723.82898,645.164,688.66602,688.66602,190183008
2017-12-11,688.54901,768.935,688.15503,765.39697,765.39697,184131008
2017-12-12,765.96399,948.64801,746.93701,932.03497,932.03497,370539008
2017-12-13,925.01703,931.211,810.96301,886.88501,886.88501,268426000
2017-12-14,884.21301,968.47198,866.63501,941.10498,941.10498,259303008
2017-12-15,943.31799,947.28497,850.62799,900.51801,900.51801,191527008
2017-12-16,901.22101,1001.51,897.28802,1001.51,1001.51,195788000
2017-12-17,1014.51,1178.1801,1014.51,1105.92,1105.92,460593984
2017-12-18,1110.16,1195.74,1044.76,1167.12,1167.12,278638016
2017-12-19,1165.03,1254.28,1126.85,1186.63,1186.63,302868992
2017-12-20,1184.92,1642.22,1167.3,1550.85,1550.85,816872000
2017-12-21,1555.59,1622.26,1371.39,1434.8199,1434.8199,476900000
2017-12-22,1441.9,1452.45,864.37097,1179.01,1179.01,510588000
2017-12-23,1198.74,1362.96,1160.04,1275.5,1275.5,327128992
2017-12-24,1286.73,1286.73,1090.21,1184.6899,1184.6899,230643008
2017-12-25,1190.53,1235.22,1162.45,1175.89,1175.89,195124000
2017-12-26,1173.71,1227.72,1169.34,1222.83,1222.83,231984992
2017-12-27,1227.95,1255.25,1163.47,1189.89,1189.89,211339008
2017-12-28,1188.51,1188.67,1063.8101,1160.5699,1160.5699,190296000
2017-12-29,1165.88,1187.55,1070.62,1147.95,1147.95,195176992
2017-12-30,1147.48,1147.48,948.23602,1011.47,1011.47,184834000
2017-12-31,1002.99,1093.39,985.10101,1051.6801,1051.6801,154690000
2018-01-01,1054.0699,1072.42,1016.57,1053.98,1053.98,138567008
2018-01-02,1055.14,1241.7,1055.14,1217.72,1217.72,257110000
2018-01-03,1208.84,1216.5699,1144.6899,1170.74,1170.74,175843008
2018-01-04,1173.71,1316.86,1097.5601,1229.79,1229.79,284844992
2018-01-05,1221.63,1273.36,1151.11,1152.41,1152.41,237504000
2018-01-06,1157.09,1279.47,1147.49,1265.03,1265.03,215058000
2018-01-07,1266.4301,1394.28,1266.4301,1285.4301,1285.4301,230576000
2018-01-08,1283.36,1320.28,1007.55,1087.75,1087.75,215239008
2018-01-09,1085.75,1134.49,1055.21,1111.86,1111.86,220568992
2018-01-10,1115.48,1117.33,1041.39,1106.36,1106.36,231944000
2018-01-11,1103.03,1110.6801,973.07001,1007.88,1007.88,176591008
2018-01-12,1013.06,1069.42,982.914,1054.87,1054.87,142442000
2018-01-13,1054.88,1125.29,1054.88,1100.26,1100.26,174387008
2018-01-14,1098.0601,1110.54,996.492,1014.07,1014.07,168878000
2018-01-15,1006.43,1030.9,939.19,939.19,939.19,179247008
2018-01-16,937.57397,937.57397,644.54498,759.61499,759.61499,273462016
2018-01-17,758.29199,827.18201,619.578,793.56799,793.56799,197476992
2018-01-18,800.02197,892.00098,760.47699,835.48901,835.48901,172728992
2018-01-19,833.30402,875.40503,805.66602,846.16498,846.16498,126837000
2018-01-20,853.052,959.039,848.97601,926.12097,926.12097,162376000
2018-01-21,928.13397,930.17999,802.41498,818.27399,818.27399,109775000
2018-01-22,825.69299,847.58099,710.573,763.19897,763.19897,100651000
2018-01-23,763.13397,796.98999,692.935,757.341,757.341,110265000
2018-01-24,757.10999,797.53998,734.409,775.10999,775.10999,116898000
2018-01-25,788.77399,819.08801,782.125,795.65503,795.65503,114378000
2018-01-26,793.91699,815.83398,741.849,782.41101,782.41101,100517000
2018-01-27,782.87402,788.67102,753.36902,773.84198,773.84198,115618000
2018-01-28,777.04901,815.90698,767.276,812.242,812.242,122949000
2018-01-29,811.83801,818.31,747.12799,767.68597,767.68597,114750000
2018-01-30,767.72601,781.67798,675.323,676.90997,676.90997,112419000
2018-01-31,678.93298,699.31403,654.86401,697.45898,697.45898,97657104
2018-02-01,698.79303,704.547,582.20801,617.04102,617.04102,109256000
2018-02-02,616.62201,616.62201,453.431,586.88,586.88,143263008
2018-02-03,589.16699,645.85199,533.24597,637.37201,637.37201,83763696
2018-02-04,637.01398,649.36798,533.992,549.96399,549.96399,80706600
2018-02-05,545.31702,553.599,435.42001,451.42801,451.42801,78015400
2018-02-06,454.17099,533.552,383.97,528.50098,528.50098,114171000
2018-02-07,524.69897,584.47803,493.672,521.98798,521.98798,79763600
2018-02-08,520.90997,609.46997,520.90997,605.005,605.005,90716704
2018-02-09,606.76202,638.33002,577.45203,637.81799,637.81799,93581200
2018-02-10,639.42297,672.16101,604.83502,634.09601,634.09601,116397000
2018-02-11,633.435,633.435,561.909,580.01703,580.01703,81111400
2018-02-12,582.82703,626.76898,582.82703,620.56201,620.56201,76646200
2018-02-13,622.11499,625.75201,583.40399,595.474,595.474,73287296
2018-02-14,593.59302,685.12402,593.59302,678.97601,678.97601,138992000
2018-02-15,679.79498,705.66699,667.21198,703.85602,703.85602,116822000
2018-02-16,702.53302,722.01801,684.276,698.86102,698.86102,100343000
2018-02-17,699.12701,748.88898,693.63599,742.16199,742.16199,116106000
2018-02-18,744.08698,747.422,673.56702,689.28302,689.28302,96752600
2018-02-19,687.69702,731.11298,687.21802,728.73401,728.73401,89328600
2018-02-20,728.99103,738.73602,685.04199,685.04199,685.04199,126208000
2018-02-21,688.37903,721.255,667.51703,670.38501,670.38501,132954000
2018-02-22,669.849,687.64697,599.44299,632.96301,632.96301,102483000
2018-02-23,631.64301,650.13898,607.84198,631.65997,631.65997,83578600
2018-02-24,631.36102,645.00897,579.09198,595.01001,595.01001,85813200
2018-02-25,594.427,602.263,578.81897,591.68799,591.68799,71436304
2018-02-26,591.43298,629.422,581.289,621.26898,621.26898,73748304
2018-02-27,622.41101,644.302,608.41901,615.84601,615.84601,93478200
2018-02-28,614.99701,621.40002,584.28699,584.28699,584.28699,99014400
2018-03-01,584.14001,622.66803,582.30701,617.52802,617.52802,104167000
2018-03-02,616.46698,620.54498,597.547,603.63098,603.63098,102460000
2018-03-03,602.16302,615.05603,595.71503,610.52399,610.52399,111384000
2018-03-04,610,621.46698,594.70801,620.48499,620.48499,118065000
2018-03-05,620.87701,621.26398,608.78802,614.57703,614.57703,121584000
2018-03-06,613.68103,613.68103,564.18799,578.51001,578.51001,118674000
2018-03-07,578.13702,586.74402,501.80801,513.73999,513.73999,108981000
2018-03-08,511.74301,531.47998,484.65201,493.81601,493.81601,104108000
2018-03-09,492.66,499.85999,440.97198,499.49899,499.49899,113806000
2018-03-10,499.36401,528.34698,479.008,484.349,484.349,91266096
2018-03-11,483.604,548.40503,469.98999,531.80402,531.80402,100122000
2018-03-12,531.14899,549.33301,486.33099,501.298,501.298,85381400
2018-03-13,499.23801,514.00598,479.87299,487.36899,487.36899,83317104
2018-03-14,487.36301,493.491,419.026,426.255,426.255,96938400
2018-03-15,425.95499,431.427,393.73499,418.23801,418.23801,93514000
2018-03-16,418.53699,432.66599,402.88101,425.52499,425.52499,97572200
2018-03-17,426.30399,427.38599,383.15701,387.28,387.28,95970496
2018-03-18,388.185,394.147,342.51199,394.147,394.147,117296000
2018-03-19,392.32001,409.323,368.51999,409.323,409.323,113994000
2018-03-20,412.48801,442.04599,399.17401,428.87601,428.87601,109677000
2018-03-21,429.155,450.63599,424.78601,434.508,434.508,115173000
2018-03-22,434.444,438.40302,398.59399,411.362,411.362,96356400
2018-03-23,411.27399,427.45599,392.33499,427.45599,427.45599,105668000
2018-03-24,432.17499,459.20001,424.60901,424.60901,424.60901,111372000
2018-03-25,420.01501,423.18701,409.39401,411.78601,411.78601,102753000
2018-03-26,410.72601,413.66299,372.97299,390.866,390.866,107776000
2018-03-27,390.23801,392.19299,354.23099,354.75,354.75,88373400
2018-03-28,354.935,368.51501,348.55801,351.26401,351.26401,107592000
2018-03-29,350.84698,351.36301,317.96899,329.28299,329.28299,101243000
2018-03-30,328.64801,331.362,303.439,311.12399,311.12399,83525600
2018-03-31,310.91,328.293,304.43201,305.76401,305.76401,72144400
2018-04-01,306.211,311.11301,285.67801,291.53,291.53,84000096
2018-04-02,292.63501,311.80701,288.98401,311.80701,311.80701,72383600
2018-04-03,312.64499,342.01999,311.92999,339.85199,339.85199,90557504
2018-04-04,339.84399,340.33099,298.086,299.845,299.845,74811696
2018-04-05,300.24799,304.66299,290.069,301.655,301.655,66728700
2018-04-06,300.65399,302.802,284.20999,285.452,285.452,61683100
2018-04-07,285.724,308.67499,285.172,297.79599,297.79599,60452100
2018-04-08,297.94,314.104,297.79001,310.85101,310.85101,63050000
2018-04-09,311.259,321.827,293.133,298.405,298.405,69226600
2018-04-10,298.64999,300.854,293.216,298.80701,298.80701,71283200
2018-04-11,299.513,309.41699,296.689,309.41699,309.41699,70827504
2018-04-12,308.94199,353.996,305.76401,353.80099,353.80099,89128200
2018-04-13,355.673,388.30801,346.612,353.06601,353.06601,93868000
2018-04-14,352.53,374.759,350.53299,356.138,356.138,77555400
2018-04-15,356.672,384.685,356.672,381.70499,381.70499,87933504
2018-04-16,381.802,381.802,355.48901,363.57501,363.57501,78933104
2018-04-17,364.03799,377.02899,359.99899,363.854,363.854,76948496
2018-04-18,363.40601,421.92999,362.32501,421.18201,421.18201,114930000
2018-04-19,420.82501,433.78699,407.42899,431.327,431.327,104800000
2018-04-20,431.56799,464.41199,426.37601,460.41199,460.41199,113061000
2018-04-21,461.26099,461.26099,427.392,444.49701,444.49701,92526096
2018-04-22,444.54999,478.452,440.23599,467.707,467.707,100845000
2018-04-23,466.901,524.04901,460.83899,503.38901,503.38901,148591008
2018-04-24,504.879,541.29102,504.879,530.13,530.13,140408992
2018-04-25,527.80603,528.05103,449.23199,461.008,461.008,125297000
2018-04-26,463.11499,504.121,450.948,503.85599,503.85599,132803000
2018-04-27,504.29001,504.29001,471.565,472.05801,472.05801,108192000
2018-04-28,470.745,500.28699,469.61301,494.11099,494.11099,101078000
2018-04-29,494.29999,505.19199,478.616,498.694,498.694,101137000
2018-04-30,498.436,499.431,472.01999,472.77399,472.77399,118497000
2018-05-01,473.16199,478.897,455.46701,478.897,478.897,101299000
2018-05-02,478.17001,482.65201,461.83801,481.48999,481.48999,129694000
2018-05-03,481.56201,511.289,480.00299,503.31799,503.31799,124091000
2018-05-04,502.681,502.681,480.004,486.323,486.323,150130000
2018-05-05,486.31601,508.47,485.69199,505.715,505.715,113858000
2018-05-06,506.05899,521.14301,482.56699,485.22198,485.22198,97449000
2018-05-07,485.73901,486.01199,448.328,457.987,457.987,108330000
2018-05-08,458.76099,467.004,438.341,443.77899,443.77899,98776400
2018-05-09,443.12799,445.99899,416.55701,443.15601,443.15601,102561000
2018-05-10,443.14801,460.73099,420.40701,421.34201,421.34201,100427000
2018-05-11,421.61301,424.12299,389.60599,394.20801,394.20801,108972000
2018-05-12,389.242,409.23999,379.008,404.53,404.53,77808896
2018-05-13,404.11099,421.22501,395.06799,416.84201,416.84201,99754096
2018-05-14,416.48801,447.552,390.867,432.70999,432.70999,157680992
2018-05-15,432.177,451.96301,424.22601,429.33801,429.33801,174088000
2018-05-16,429.32001,429.32001,399.21799,412.599,412.599,177326000
2018-05-17,413.02802,417.79599,385.22,387.41101,387.41101,198663008
2018-05-18,387.95801,396.42801,376.92099,395.89499,395.89499,125453000
2018-05-19,395.93301,402.82599,385.716,386.52701,386.52701,99795000
2018-05-20,386.89899,404.25299,384.94501,402.08099,402.08099,94187200
2018-05-21,402.51199,404.67999,384.65601,384.79199,384.79199,85493504
2018-05-22,384.59799,386.40302,359.01599,360.38501,360.38501,78835696
2018-05-23,360.44501,361.03799,331.367,340.66599,340.66599,80860800
2018-05-24,340.42099,348.992,325.95499,343.71201,343.71201,93794600
2018-05-25,344.448,346.96799,329.97299,339.70801,339.70801,83410200
2018-05-26,339.298,339.47601,321.57001,321.78799,321.78799,86956800
2018-05-27,321.716,322.87201,313.18301,315.97299,315.97299,85613504
2018-05-28,315.96201,320.37299,288.02399,288.439,288.439,84403696
2018-05-29,288.37399,318.52802,286.14099,316.103,316.103,98299696
2018-05-30,316.89001,319.13901,297.974,304.13599,304.13599,74927104
2018-05-31,303.42001,314.65601,300.90399,306.24701,306.24701,81447904
2018-06-01,304.94101,316.02499,301.65701,315.34799,315.34799,82723800
2018-06-02,315.34299,326.776,310.95099,321.42599,321.42599,80244496
2018-06-03,322.314,334.646,321.38199,331.19299,331.19299,75377104
2018-06-04,330.73001,334.104,312.328,316.88599,316.88599,79868600
2018-06-05,317.026,319.86499,307.91299,317.41599,317.41599,79467904
2018-06-06,317.55701,319.521,307.70999,314.55301,314.55301,75630800
2018-06-07,314.40399,318.47101,311.96201,312.67001,312.67001,75098896
2018-06-08,312.63599,316.39099,303.586,310.702,310.702,68043600
2018-06-09,310.496,313.01801,298.99701,298.99701,298.99701,76867504
2018-06-10,299.504,300.48901,271.58899,274.04099,274.04099,72081400
2018-06-11,273.819,279.11499,260.74701,271.81,271.81,66282200
2018-06-12,270.24899,276.97,259.552,261.116,261.116,70134304
2018-06-13,261.78201,262.32501,241.76801,245.95799,245.95799,116406000
2018-06-14,245.91499,270.578,245.642,268.32101,268.32101,112286000
2018-06-15,268.26801,270.091,256.44699,258.05801,258.05801,146774000
2018-06-16,257.24301,268.16101,256.02701,266.17401,266.17401,129594000
2018-06-17,266.604,270.866,262.92599,265.767,265.767,119911000
2018-06-18,264.754,267.79199,251.955,265.45999,265.45999,138831008
2018-06-19,265.38,271.043,259.505,261.52499,261.52499,144064000
2018-06-20,262.40399,265.655,254.47301,265.30399,265.30399,93710200
2018-06-21,265.51999,268.98099,259.616,260.83301,260.83301,50978600
2018-06-22,260.89301,261.55301,233.423,236.478,236.478,58715100
2018-06-23,236.81799,248.36501,236.39,243.005,243.005,55232200
2018-06-24,242.93201,243.884,227.577,238.04201,238.04201,107736000
2018-06-25,237.62399,246.20599,235.685,241.20399,241.20399,129569000
2018-06-26,241.217,241.61099,229.007,230.963,230.963,185207008
2018-06-27,231.922,231.922,224.616,229.19901,229.19901,152626000
2018-06-28,229.32401,229.642,218.07001,219.82401,219.82401,164232992
2018-06-29,219.487,238.44501,217.36099,234.23801,234.23801,144490000
2018-06-30,234.465,244.089,232.00301,238.36,238.36,104743000
2018-07-01,239.138,240.259,231.646,235.7,235.7,206254000
2018-07-02,235.705,252.164,234.72701,249.793,249.793,156646000
2018-07-03,248.806,259.48099,238.10001,238.34,238.34,188614000
2018-07-04,238.265,254.12801,230.388,245.19,245.19,233191008
2018-07-05,245.649,250.657,239.271,241.289,241.289,226226000
2018-07-06,242.33099,242.552,235.89999,241.759,241.759,206210000
2018-07-07,241.586,248.108,237.033,247.631,247.631,151578000
2018-07-08,246.869,249.26401,241.80499,243.537,243.537,170284992
2018-07-09,243.50999,244.927,230.91,232.424,232.424,163096992
2018-07-10,232.17599,232.541,220.60699,220.60699,220.60699,174620992
2018-07-11,220.797,224.908,214.834,218.405,218.405,237408000
2018-07-12,218.16901,218.16901,208.233,212.131,212.131,239220992
2018-07-13,212.05099,241.42599,212.05099,219.561,219.561,240115008
2018-07-14,218.882,226.11099,216.41499,224.657,224.657,122131000
2018-07-15,224.57201,234.55701,221.44099,231.636,231.636,144706000
2018-07-16,232.133,249.64,229.004,246.58,246.58,159618000
2018-07-17,246.729,263.936,244.64999,259.96301,259.96301,216190000
2018-07-18,259.98999,270.26199,259.26801,265.53299,265.53299,251270000
2018-07-19,265.258,270.73401,255.703,260.13199,260.13199,213808992
2018-07-20,260.42899,281.99799,247.789,248.45399,248.45399,172104992
2018-07-21,248.396,255.827,240.99699,254.91701,254.91701,137596000
2018-07-22,255.069,259.991,247.674,250.582,250.582,163632992
2018-07-23,250.358,258.483,240.843,241.46899,241.46899,176091008
2018-07-24,241.821,254.379,238.776,254.18401,254.18401,107106000
2018-07-25,251.065,254.407,240.66701,246.936,246.936,131916000
2018-07-26,244.353,249.73599,241.48599,241.89999,241.89999,130621000
2018-07-27,242.00301,253.57401,235.38499,243.92799,243.92799,111515000
2018-07-28,244.062,244.884,239.078,241.032,241.032,94602704
2018-07-29,241.28,243.008,237.36099,240.424,240.424,64928800
2018-07-30,240.21001,240.21001,231.33099,235.157,235.157,371534000
2018-07-31,235.73801,235.79601,213.679,218.371,218.371,100782000
2018-08-01,218.317,222.629,213.756,218.98,218.98,94695000
2018-08-02,219.371,221.659,206.38901,211.94,211.94,110739000
2018-08-03,211.03101,212.54401,203.556,211.04201,211.04201,160182000
2018-08-04,210.461,213.76601,200.27699,202.44701,202.44701,167293000
2018-08-05,202.31799,207.875,200.70799,207.019,207.019,170719000
2018-08-06,207.157,211.94501,199.588,199.612,199.612,224131000
2018-08-07,199.505,206.33701,187.754,188.077,188.077,170902000
2018-08-08,187.423,190.13699,170.991,173.13699,173.13699,174335000
2018-08-09,173.481,190.08099,172.395,184.008,184.008,122426000
2018-08-10,183.76601,191.008,167.659,169.12199,169.12199,110106000
2018-08-11,169.188,171.188,163.15199,166.39799,166.39799,113630000
2018-08-12,165.616,169.733,164.325,167.914,167.914,107311000
2018-08-13,168.11501,170.89799,144.933,145.043,145.043,129702000
2018-08-14,145.08501,145.325,134.092,138.57401,138.57401,123578000
2018-08-15,139.30299,161.213,139.30299,153.342,153.342,126689000
2018-08-16,153.349,158.957,148.92799,151.248,151.248,104578000
2018-08-17,151.789,166.842,151.789,166.842,166.842,207021000
2018-08-18,166.39999,169.41701,147.218,152.30901,152.30901,166439000
2018-08-19,152.215,161.011,149.246,154.561,154.561,234411000
2018-08-20,155.315,158.2,142.23599,142.403,142.403,120183000
2018-08-21,142.539,146.16701,138.89999,141.722,141.722,152785000
2018-08-22,141.70599,152.17599,135.879,136.53799,136.53799,195766000
2018-08-23,136.715,141.27299,135.45399,140.36501,140.36501,183027000
2018-08-24,140.74899,145.463,137.65601,145.017,145.017,232796000
2018-08-25,144.97701,146.34399,141.821,144.806,144.806,275311000
2018-08-26,144.92101,145.028,138.832,141.74001,141.74001,166603000
2018-08-27,141.864,185.867,141.05499,183.08299,183.08299,355782000
2018-08-28,182.13499,200.384,171.07201,194.336,194.336,305053000
2018-08-29,194.00999,200.11501,186.172,187.812,187.812,177095000
2018-08-30,187.62601,187.62601,174.867,183.401,183.401,299466000
2018-08-31,183.52901,194.617,183.008,194.617,194.617,315329000
2018-09-01,194.561,221.136,194.561,220.739,220.739,234140000
2018-09-02,220.881,221.283,206.14999,212.32899,212.32899,246093000
2018-09-03,213.145,221.463,205.146,217.29401,217.29401,177073000
2018-09-04,217.06,220.09801,212.98199,216.565,216.565,160185000
2018-09-05,216.68201,220.90199,173.73399,174.435,174.435,186626000
2018-09-06,174.839,180.951,162.97501,180.895,180.895,198834000
2018-09-07,180.666,192.367,172.80499,187.564,187.564,247866000
2018-09-08,187.735,201.508,183.68401,185.899,185.899,270179000
2018-09-09,185.953,198.097,177.868,193.35699,193.35699,239540000
2018-09-10,193.923,206.088,193.923,201.127,201.127,197999000
2018-09-11,202.203,205.41901,181.914,187.257,187.257,144562000
2018-09-12,187.62,187.62,172.19099,185.263,185.263,231141000
2018-09-13,185.44299,200.769,181.66,193.271,193.271,171149000
2018-09-14,193.05299,198.778,186.286,191.30299,191.30299,215844000
2018-09-15,190.868,194.826,186.938,191.784,191.784,171229000
2018-09-16,191.916,192.839,185.226,192.623,192.623,293870000
2018-09-17,193.24001,198.978,179.98,184.30901,184.30901,213697000
2018-09-18,183.49899,190.83099,178.94099,190.83099,190.83099,262497000
2018-09-19,191.50999,195.593,185.836,191.19099,191.19099,194043000
2018-09-20,191.41499,200.979,188.14999,200.492,200.492,210051000
2018-09-21,200.51601,210.948,200.30099,208.52,208.52,206347000
2018-09-22,207.99899,213.556,198.218,204.399,204.399,169790000
2018-09-23,204.875,210.925,202.802,204.896,204.896,156285000
2018-09-24,205.071,205.487,193.293,197.80701,197.80701,164016000
2018-09-25,197.83,197.83,180.94099,189.65401,189.65401,150086000
2018-09-26,189.37,192.88901,183.451,184.53101,184.53101,179411000
2018-09-27,184.646,196.655,184.04201,194.47701,194.47701,243512000
2018-09-28,194.237,195.48,186.717,187.44901,187.44901,224084000
2018-09-29,187.19,190.155,184.37,188.511,188.511,297395000
2018-09-30,188.504,189.75999,185.716,187.646,187.646,281672000
2018-10-01,187.168,188.44701,184.632,186.918,186.918,368119000
2018-10-02,186.98,187.457,180.631,182.237,182.237,222211000
2018-10-03,182.005,182.005,176.19901,177.55901,177.55901,303071000
2018-10-04,177.651,181.668,177.541,180.45399,180.45399,309359000
2018-10-05,180.664,182.12399,179.089,182.05,182.05,216765000
2018-10-06,182.30901,187.29601,180.23,180.38699,180.38699,275432000
2018-10-07,180.70799,181.795,177.58299,180.25101,180.25101,207284000
2018-10-08,180.355,183.83099,178.27299,182.153,182.153,150222000
2018-10-09,182.595,182.72,179.278,181.033,181.033,147767000
2018-10-10,180.51401,180.69501,176.535,178.51601,178.51601,252133000
2018-10-11,178.18201,178.18201,157.005,157.13901,157.13901,150780000
2018-10-12,156.047,162.048,152.774,157.82201,157.82201,191719000
2018-10-13,157.799,160.86301,157.47701,160.86301,160.86301,109154000
2018-10-14,161.21201,162.16701,157.14301,157.418,157.418,147540000
2018-10-15,157.166,170.70599,155.91701,164.97701,164.97701,167932000
2018-10-16,165.213,166.423,161.745,163.10201,163.10201,195519000
2018-10-17,163.214,164.062,159.022,159.59,159.59,170806000
2018-10-18,159.86501,160.181,153.713,154.82001,154.82001,171415000
2018-10-19,154.39799,155.174,152.383,152.899,152.899,167318000
2018-10-20,153.05299,156.422,152.98199,154.77299,154.77299,152333000
2018-10-21,154.761,157.01401,153.767,154.563,154.563,137353000
2018-10-22,154.392,155.149,151.612,151.724,151.724,104357000
2018-10-23,151.687,153.98399,151.409,153.94,153.94,165491000
2018-10-24,153.47301,159.20799,153.448,156.235,156.235,163230000
2018-10-25,155.994,156.591,154.83299,154.97501,154.97501,168704000
2018-10-26,154.774,155.879,152.858,155.20399,155.20399,174752000
2018-10-27,155.384,156.56599,153.04201,153.06599,153.06599,188644000
2018-10-28,153.638,156.59801,153.039,156.436,156.436,99202700
2018-10-29,156.069,156.485,149.15601,150.063,150.063,151064000
2018-10-30,150.24699,153.42799,149.92101,153.121,153.121,154155000
2018-10-31,153.36301,158.58299,151.26801,151.75301,151.75301,156270000
2018-11-01,151.90601,155.967,151.48399,153.521,153.521,179048000
2018-11-02,153.62601,154.662,153.121,154.31599,154.31599,198045000
2018-11-03,154.339,155.017,153.901,154.701,154.701,122982000
2018-11-04,154.868,169.24899,152.717,162.95799,162.95799,191731000
2018-11-05,161.578,168.222,159.854,164.22701,164.22701,153372000
2018-11-06,164.864,172.424,163.985,170.472,170.472,167367000
2018-11-07,170.11501,171.31799,164.269,166.448,166.448,190695000
2018-11-08,166.24699,174.01601,164.28799,164.28799,164.28799,139714000
2018-11-09,164.159,165.214,159.58,159.991,159.991,210843000
2018-11-10,159.961,163.901,158.687,161.72,161.72,320383000
2018-11-11,161.76601,162.23599,158.41499,160.105,160.105,317344000
2018-11-12,160.23599,167.30099,159.89101,163.04601,163.04601,198078000
2018-11-13,163.00999,164.42101,159.368,161.173,161.173,155883000
2018-11-14,160.742,162.48599,138.03999,143.65401,143.65401,153849000
2018-11-15,144.045,144.894,129.827,138.44299,138.44299,208017000
2018-11-16,138.53999,141.08501,135.157,137.056,137.056,173701000
2018-11-17,137.39101,137.39101,131.256,132.627,132.627,209353000
2018-11-18,132.92,136.423,131.933,132.77699,132.77699,140238000
2018-11-19,132.69299,132.69901,109.386,109.687,109.687,179060000
2018-11-20,109.387,113.848,99.022499,104.578,104.578,127655000
2018-11-21,105.008,114.601,103.182,114.312,114.312,168913000
2018-11-22,114.41,116.196,103.339,103.339,103.339,125393000
2018-11-23,102.202,102.831,96.772003,99.318199,99.318199,216622000
2018-11-24,99.424797,103.62,90.956703,92.662697,92.662697,135284000
2018-11-25,93.042503,93.050201,83.361801,91.447502,91.447502,215597000
2018-11-26,91.127998,94.789902,83.665001,88.928299,88.928299,102231000
2018-11-27,88.675598,91.0569,85.7556,89.125099,89.125099,126986000
2018-11-28,89.159897,102.877,89.159897,99.514503,99.514503,199504000
2018-11-29,99.855255,99.944687,93.979324,96.662842,96.662842,165236103
2018-11-30,96.811638,97.639648,88.948891,91.870407,91.870407,170464251
2018-12-01,92.05574,97.697594,90.520546,95.34726,95.34726,183221199
2018-12-02,95.104004,97.559853,91.658882,93.041893,93.041893,187696265
2018-12-03,93.388031,93.444672,83.085655,84.820663,84.820663,190219025
2018-12-04,84.692413,88.649338,83.06321,85.48542,85.48542,174190427
2018-12-05,85.614128,85.833946,77.902855,77.902855,77.902855,207834874
2018-12-06,77.891769,79.162003,65.879356,66.019547,66.019547,180559293
2018-12-07,66.076019,67.627365,59.747654,67.627365,67.627365,177956763
2018-12-08,67.781891,70.20298,65.280457,69.088402,69.088402,155676914
2018-12-09,68.805977,76.76107,68.610214,76.505516,76.505516,156384716
2018-12-10,76.379959,77.16703,67.723175,68.797676,68.797676,150275092
2018-12-11,68.799408,69.625168,63.738995,64.112343,64.112343,156411314
2018-12-12,64.028725,67.530556,63.917206,65.484329,65.484329,99204303
2018-12-13,65.569733,65.611298,60.812508,61.21048,61.21048,114651080
2018-12-14,61.18618,62.137897,59.217407,59.692429,59.692429,88936827
2018-12-15,59.756786,64.813797,58.272999,62.485054,62.485054,112585020
2018-12-16,62.513748,65.571106,62.462776,63.142616,63.142616,106671272
2018-12-17,63.190765,73.420868,63.167091,71.281151,71.281151,141113375
2018-12-18,71.28582,73.49852,68.648048,73.49852,73.49852,119681350
2018-12-19,73.632843,80.951256,73.07354,74.416199,74.416199,147010895
2018-12-20,74.231178,99.229034,73.962059,99.229034,99.229034,184639844
2018-12-21,96.523293,96.523293,84.912498,85.62484,85.62484,160660461
2018-12-22,85.695885,92.221725,83.479485,87.584175,87.584175,147573455
2018-12-23,87.621902,91.973915,87.621902,90.225929,90.225929,131821218
2018-12-24,90.276237,104.08615,90.276237,92.44371,92.44371,164735127
2018-12-25,92.759567,92.759567,80.984772,83.956863,83.956863,128516889
2018-12-26,84.002472,87.392456,81.559708,84.548965,84.548965,128734179
2018-12-27,84.410995,84.731125,75.941811,76.40448,76.40448,135210655
2018-12-28,76.256683,84.929817,75.370621,83.82106,83.82106,121544934
2018-12-29,84.360634,84.79985,80.345947,80.345947,80.345947,107080371
2018-12-30,80.215775,83.949928,79.680992,81.793198,81.793198,103433722
2018-12-31,81.836304,83.104195,78.622406,79.064438,79.064438,108299749
2019-01-01,79.162758,81.258026,78.31517,81.05114,81.05114,88078738
2019-01-02,81.312981,84.549133,80.58007,84.002228,84.002228,97837934
2019-01-03,83.895691,84.625381,80.513603,80.861679,80.861679,107808623
2019-01-04,80.879623,82.92643,79.602226,81.197968,81.197968,88034486
2019-01-05,81.019234,82.100632,80.267586,80.609161,80.609161,116893026
2019-01-06,80.578217,86.308418,79.873451,85.835007,85.835007,108093796
2019-01-07,86.002937,86.716713,82.888504,83.340385,83.340385,115327298
2019-01-08,83.451645,84.128517,80.976921,81.679237,81.679237,97001749
2019-01-09,81.676437,87.309319,81.526772,85.799232,85.799232,107500924
2019-01-10,85.851868,86.571182,71.921989,73.781898,73.781898,136869558
2019-01-11,73.605164,75.145966,72.796379,73.782623,73.782623,115955105
2019-01-12,73.877052,74.607704,72.987923,73.609787,73.609787,123278278
2019-01-13,73.608185,74.346504,69.358246,70.263992,70.263992,128458987
2019-01-14,70.430069,74.398232,69.749664,72.978996,72.978996,137162317
2019-01-15,72.901886,73.273781,69.851189,70.72242,70.72242,170689876
2019-01-16,70.638863,72.542732,70.216843,71.280098,71.280098,157274044
2019-01-17,71.563675,72.614319,70.617332,72.407799,72.407799,160688846
2019-01-18,72.406586,72.665421,71.088181,71.606705,71.606705,198778864
2019-01-19,71.717903,74.490852,71.572861,73.965752,73.965752,173266129
2019-01-20,73.869904,74.029381,69.30751,69.890839,69.890839,242808317
2019-01-21,70.041359,70.348221,69.123055,69.907288,69.907288,163197554
2019-01-22,69.922173,72.313019,69.4235,71.715096,71.715096,138943879
2019-01-23,71.777069,73.680229,70.436562,71.071495,71.071495,173653586
2019-01-24,71.067642,74.127502,70.6045,73.061211,73.061211,165476902
2019-01-25,73.242325,74.470383,73.170517,73.82724,73.82724,170704889
2019-01-26,73.793373,74.752106,73.514221,74.155693,74.155693,160830169
2019-01-27,74.177673,74.177673,71.399902,71.399902,71.399902,162049523
2019-01-28,71.447441,71.459396,66.777512,68.132019,68.132019,941544091
2019-01-29,68.097603,69.059074,66.949257,68.249794,68.249794,166904205
2019-01-30,68.16214,69.955391,67.276474,69.299881,69.299881,153059006
2019-01-31,69.268837,69.826607,68.068222,68.260094,68.260094,140199493
2019-02-01,68.346672,68.538055,67.257629,67.488251,67.488251,179787292
2019-02-02,67.390068,68.01181,66.737206,67.973824,67.973824,152279085
2019-02-03,67.992531,68.101387,66.291245,66.895515,66.895515,161289431
2019-02-04,67.02581,67.349976,66.406776,67.022697,67.022697,158567871
2019-02-05,66.854958,68.610527,66.534363,68.159325,68.159325,159410275
2019-02-06,68.343025,68.415977,65.474442,65.708488,65.708488,188686597
2019-02-07,65.749207,67.565163,65.620201,67.249794,67.249794,151346662
2019-02-08,67.261856,73.853355,66.870827,73.853355,73.853355,181160600
2019-02-09,73.855927,75.296272,73.097061,74.231438,74.231438,169940905
2019-02-10,74.240623,75.495972,72.999489,75.495972,75.495972,177539073
2019-02-11,75.521393,81.777557,74.7285,80.160255,80.160255,227879067
2019-02-12,80.205673,83.325851,78.637344,82.675362,82.675362,236892784
2019-02-13,82.717781,83.171867,80.167641,80.531937,80.531937,215409826
2019-02-14,80.575432,81.214851,78.088608,78.518661,78.518661,196698077
2019-02-15,78.583878,80.339645,77.825333,79.150696,79.150696,215175325
2019-02-16,79.121521,80.863365,79.098625,79.596756,79.596756,193025119
2019-02-17,79.669411,80.521828,78.510811,79.75164,79.75164,206403616
2019-02-18,79.736168,87.027496,79.666855,86.561707,86.561707,289853373
2019-02-19,86.635452,90.223701,86.165688,88.156677,88.156677,285735176
2019-02-20,88.219528,88.390373,85.103127,87.910301,87.910301,260540777
2019-02-21,87.967278,88.941551,84.493973,85.605301,85.605301,236314511
2019-02-22,85.598778,87.240494,85.185593,86.763947,86.763947,245055088
2019-02-23,86.665436,90.366585,85.482468,90.08046,90.08046,250962022
2019-02-24,90.129929,92.969734,79.736946,81.515251,81.515251,279762301
2019-02-25,81.435913,84.796432,81.167946,84.121559,84.121559,228964736
2019-02-26,83.971954,84.064926,81.895935,83.129372,83.129372,263760475
2019-02-27,83.17852,83.17852,80.414093,82.471642,82.471642,258637442
2019-02-28,82.460632,84.957886,82.361107,83.403221,83.403221,268500969
2019-03-01,83.405067,85.332901,83.068024,83.40287,83.40287,214590927
2019-03-02,83.32019,84.651711,82.895256,83.258041,83.258041,217459848
2019-03-03,83.207321,84.625252,81.332947,81.954872,81.954872,234980698
2019-03-04,82.316902,82.420753,79.141548,79.795441,79.795441,246707029
2019-03-05,79.900185,84.333687,79.805611,83.94175,83.94175,267697097
2019-03-06,83.876373,84.506325,81.915337,84.118294,84.118294,234883905
2019-03-07,84.15358,84.636162,83.175461,83.595665,83.595665,249706447
2019-03-08,83.694969,84.023888,81.000732,81.589615,81.589615,245870485
2019-03-09,81.559509,84.681595,81.254585,84.133316,84.133316,260715166
2019-03-10,84.326355,84.389137,82.373131,83.729889,83.729889,242454512
2019-03-11,83.884224,84.261848,81.56794,83.547226,83.547226,238933542
2019-03-12,84.276802,92.549973,82.841843,92.035522,92.035522,290981988
2019-03-13,92.240211,93.834602,90.616898,91.452728,91.452728,286758977
2019-03-14,91.294014,91.294014,88.673134,89.960754,89.960754,279643710
2019-03-15,89.961281,91.850395,89.909431,90.695465,90.695465,261122554
2019-03-16,90.866493,93.238472,90.83979,93.044487,93.044487,244470262
2019-03-17,93.025139,93.997581,91.08622,93.564079,93.564079,228317131
2019-03-18,93.647003,95.724701,92.214355,92.640327,92.640327,253632816
2019-03-19,92.464836,93.634819,92.210434,92.376656,92.376656,279417894
2019-03-20,92.420753,93.87796,91.034622,93.676605,93.676605,274517715
2019-03-21,93.762077,94.17852,90.356445,91.159721,91.159721,289562774
2019-03-22,91.124809,92.644081,90.565582,91.538933,91.538933,327115992
2019-03-23,91.491798,92.812538,91.369804,92.68679,92.68679,252859798
2019-03-24,92.655968,93.454193,91.991692,92.611633,92.611633,263565364
2019-03-25,92.742241,93.201927,88.836273,90.147148,90.147148,272531942
2019-03-26,90.064583,90.209785,88.790535,89.833488,89.833488,260086788
2019-03-27,89.860672,95.99382,89.655495,95.488426,95.488426,251629903
2019-03-28,95.440399,97.393227,93.675972,96.920975,96.920975,273847360
2019-03-29,96.998566,98.281952,96.246506,98.04937,98.04937,235901173
2019-03-30,97.9608,101.97111,95.920685,99.9841,99.9841,256931847
2019-03-31,99.965126,108.38054,99.443382,108.17259,108.17259,307273197
2019-04-01,108.13875,115.65928,106.91356,113.09245,113.09245,325590768
2019-04-02,113.07056,125.90388,112.44047,124.67908,124.67908,467984068
2019-04-03,124.73481,138.54276,122.84686,124.7681,124.7681,547500260
2019-04-04,124.86716,131.97252,121.42307,123.90269,123.90269,367863314
2019-04-05,123.85071,132.7726,123.85071,132.7726,132.7726,304180972
2019-04-06,132.77414,135.96938,129.72652,130.95441,130.95441,276748770
2019-04-07,130.89445,135.40546,130.52737,135.26476,135.26476,390843775
2019-04-08,135.28299,137.65314,131.15332,136.32365,136.32365,347993408
2019-04-09,136.32726,136.32726,130.86559,132.30426,132.30426,262351291
2019-04-10,132.36327,133.84067,128.4968,129.9612,129.9612,301080748
2019-04-11,130.08174,130.21158,116.34702,123.11749,123.11749,298104060
2019-04-12,123.13612,123.13612,117.131,119.62845,119.62845,269911688
2019-04-13,119.59338,120.91646,118.68304,120.11858,120.11858,236380649
2019-04-14,120.13197,123.76005,118.9894,123.28536,123.28536,242571615
2019-04-15,123.23427,124.3399,116.4204,119.21208,119.21208,284253075
2019-04-16,119.31226,121.80652,116.98909,121.55228,121.55228,304019084
2019-04-17,121.5414,123.15922,119.58756,120.611,120.611,265842428
2019-04-18,120.60313,125.46871,120.60313,124.24462,124.24462,303176904
2019-04-19,124.37153,124.58607,121.72354,123.05494,123.05494,256691636
2019-04-20,123.05314,124.73568,122.06395,123.53391,123.53391,256996001
2019-04-21,123.59272,124.18894,118.72881,121.56229,121.56229,267992470
2019-04-22,121.58306,123.3424,120.11157,122.69704,122.69704,252838818
2019-04-23,122.71709,125.10151,118.64555,118.73871,118.73871,295558405
2019-04-24,118.73534,120.88328,112.59824,115.40752,115.40752,312408765
2019-04-25,115.42028,118.72408,108.38138,108.62578,108.62578,282460122
2019-04-26,108.7366,111.81159,106.39955,109.45987,109.45987,273673328
2019-04-27,109.48793,110.86497,108.40783,109.64417,109.64417,234540155
2019-04-28,109.66637,111.33961,109.01713,110.23532,110.23532,239641263
2019-04-29,110.29011,111.35515,107.33872,108.10834,108.10834,254679199
2019-04-30,108.13026,112.11202,107.77109,111.78993,111.78993,253599720
2019-05-01,111.83018,119.39053,111.78539,117.19469,117.19469,276115351
2019-05-02,117.19887,119.12063,115.99886,117.24258,117.24258,259390832
2019-05-03,117.24006,122.93354,116.1902,121.09878,121.09878,286573520
2019-05-04,121.03042,123.91915,117.91134,120.70126,120.70126,290182752
2019-05-05,120.72369,121.04594,118.52183,119.31129,119.31129,255827278
2019-05-06,119.28908,121.95573,116.81873,120.41856,120.41856,299199981
2019-05-07,120.40073,123.30346,117.44765,117.53091,117.53091,296756861
2019-05-08,117.50851,118.3856,115.94921,118.04199,118.04199,277441522
2019-05-09,118.0194,118.78346,110.41831,112.37461,112.37461,280347731
2019-05-10,112.37778,115.2466,111.39372,112.81316,112.81316,284472127
2019-05-11,112.8158,126.06691,112.36617,124.18132,124.18132,365589460
2019-05-12,124.12397,127.58492,118.16538,124.29735,124.29735,343541553
2019-05-13,124.26638,136.00278,123.63059,131.74057,131.74057,377459113
2019-05-14,131.77464,142.14914,131.48903,141.47777,141.47777,387372749
2019-05-15,141.45282,153.33192,141.41658,152.48683,152.48683,512588128
2019-05-16,152.34708,161.37128,145.55832,148.72789,148.72789,540120847
2019-05-17,148.78035,149.77394,130.81573,137.81219,137.81219,419729334
2019-05-18,138.14067,143.33087,134.98309,140.35968,140.35968,394050658
2019-05-19,140.39529,171.42734,140.02397,169.77567,169.77567,509310051
2019-05-20,169.83069,171.89926,159.46648,167.74731,167.74731,520959990
2019-05-21,167.73602,168.73761,160.70847,166.6366,166.6366,433507335
2019-05-22,166.65163,167.7093,153.14383,155.04512,155.04512,378849361
2019-05-23,154.79579,156.16179,146.54813,154.47694,154.47694,405608815
2019-05-24,154.55185,162.42961,154.13855,156.33562,156.33562,469518392
2019-05-25,156.32283,160.31242,154.90137,156.12184,156.12184,407186152
2019-05-26,156.06134,165.03839,152.86058,162.60005,162.60005,959012638
2019-05-27,162.66745,169.61328,162.17393,167.09547,167.09547,1019452596
2019-05-28,167.02147,172.1463,163.49014,169.20187,169.20187,509134514
2019-05-29,169.02647,173.2798,161.28517,168.23793,168.23793,461954107
2019-05-30,168.28061,175.82838,159.36992,163.14581,163.14581,508894990
2019-05-31,163.09171,165.73402,157.50243,165.17514,165.17514,430726112
2019-06-01,165.19464,166.82596,162.18759,163.45303,163.45303,460782905
2019-06-02,163.50038,168.11903,162.49542,165.23143,165.23143,437591946
2019-06-03,165.24841,165.38182,155.20651,156.26843,156.26843,415992058
2019-06-04,156.46541,156.46541,141.17729,143.75807,143.75807,463111535
2019-06-05,143.80447,148.47604,143.19873,147.67332,147.67332,393664614
2019-06-06,147.62726,149.65189,140.70013,144.17119,144.17119,370382326
2019-06-07,144.10713,152.62387,142.71591,150.10088,150.10088,409081234
2019-06-08,150.00443,150.56433,143.62624,146.02725,146.02725,364289507
2019-06-09,145.89311,146.645,140.16351,142.88753,142.88753,337508605
2019-06-10,142.73466,151.70627,141.13756,151.5076,151.5076,403196738
2019-06-11,151.4272,151.4272,144.20772,147.85966,147.85966,370580497
2019-06-12,147.87166,157.3311,147.03827,156.17712,156.17712,397969408
2019-06-13,156.30377,159.10863,153.47705,153.66942,153.66942,370371097
2019-06-14,153.78307,155.4854,150.36481,154.14172,154.14172,348136254
2019-06-15,154.10951,156.0972,153.27631,155.00604,155.00604,306828766
2019-06-16,155.0498,161.11577,154.70914,156.68755,156.68755,353935769
2019-06-17,156.68513,160.71765,156.66919,159.13768,159.13768,270267936
2019-06-18,159.08844,165.66898,156.03041,158.39493,158.39493,302981966
2019-06-19,158.41339,162.46674,158.22316,162.00024,162.00024,278819490
2019-06-20,162.00938,162.75606,158.33682,161.75052,161.75052,248349236
2019-06-21,161.82535,168.24348,161.82535,167.89285,167.89285,326060861
2019-06-22,168.04558,180.77129,167.22879,176.16971,176.16971,477589075
2019-06-23,176.17625,180.41138,171.38098,174.35696,174.35696,376279204
2019-06-24,174.42987,178.27916,171.92534,175.8842,175.8842,340490731
2019-06-25,175.91028,180.10628,175.16658,178.68831,178.68831,349323271
2019-06-26,178.72853,187.53868,172.09186,174.90163,174.90163,566964916
2019-06-27,174.82961,176.57877,147.78259,156.29669,156.29669,423880879
2019-06-28,156.40033,170.95401,153.65248,170.42686,170.42686,306213897
2019-06-29,170.41347,170.96426,163.47751,169.98526,169.98526,307652132
2019-06-30,169.95766,171.56071,156.0323,156.47183,156.47183,295890301
2019-07-01,156.41655,161.04128,147.20302,154.20305,154.20305,249970038
2019-07-02,154.23604,155.20522,145.62242,152.49385,152.49385,243217824
2019-07-03,152.48166,158.55722,152.45659,157.9043,157.9043,253239209
2019-07-04,157.93643,162.55855,154.22673,155.27087,155.27087,295325292
2019-07-05,155.44252,155.58476,151.30463,152.70712,152.70712,244432663
2019-07-06,152.70352,158.14455,152.51816,153.85294,153.85294,231404628
2019-07-07,153.76546,159.42879,152.9068,157.62895,157.62895,247451365
2019-07-08,157.56755,160.76953,156.87007,160.31334,160.31334,301092160
2019-07-09,160.23111,162.86139,154.78729,156.71503,156.71503,277852503
2019-07-10,156.67676,158.06033,145.13342,150.83052,150.83052,292630290
2019-07-11,150.86037,150.87193,137.02563,142.98561,142.98561,279769967
2019-07-12,143.18256,148.28067,141.94353,143.70328,143.70328,222825505
2019-07-13,143.72295,144.46573,137.25035,140.50066,140.50066,261580245
2019-07-14,140.52339,141.20273,123.83659,124.18402,124.18402,238515648
2019-07-15,124.13781,126.54086,118.9202,123.11641,123.11641,262140694
2019-07-16,123.13713,125.14486,101.72962,102.1308,102.1308,246413641
2019-07-17,101.86608,107.87088,97.123726,103.39128,103.39128,221765645
2019-07-18,103.44311,112.80266,100.92215,111.38524,111.38524,227066432
2019-07-19,111.43304,113.84152,107.65993,112.74922,112.74922,174440117
2019-07-20,112.74836,120.79039,112.74836,117.32217,117.32217,163620065
2019-07-21,117.26647,119.30146,116.19243,119.04478,119.04478,165889734
2019-07-22,119.07661,119.2632,112.93766,114.71948,114.71948,175141025
2019-07-23,114.73707,114.9503,109.22641,109.65092,109.65092,186342849
2019-07-24,109.64434,111.23607,107.18521,110.03223,110.03223,226086425
2019-07-25,110.07069,116.21343,109.59139,115.48352,115.48352,259603578
2019-07-26,115.46328,115.71292,112.52502,115.42629,115.42629,282012230
2019-07-27,115.39992,117.18487,108.96903,110.5078,110.5078,311051445
2019-07-28,110.51604,112.06609,103.75211,108.39056,108.39056,318393082
2019-07-29,108.35597,109.17767,105.03978,105.98482,105.98482,329780599
2019-07-30,105.99174,107.84186,104.19519,105.51823,105.51823,162697638
2019-07-31,105.45349,109.19561,105.28194,109.19561,109.19561,169370085
2019-08-01,109.27752,109.35658,105.44472,107.78767,107.78767,163095470
2019-08-02,107.79064,109.50845,105.20109,105.52148,105.52148,219195431
2019-08-03,105.53018,109.03149,105.51802,107.35587,107.35587,145024306
2019-08-04,107.43414,108.30029,104.34971,107.20437,107.20437,150889264
2019-08-05,107.22976,113.59428,107.13753,111.21459,111.21459,170830744
2019-08-06,111.80804,112.34599,104.279,106.90995,106.90995,171131524
2019-08-07,106.94238,110.06336,106.33428,107.67805,107.67805,187404291
2019-08-08,107.61526,107.85397,103.76907,105.33454,105.33454,211407418
2019-08-09,105.39022,105.52675,102.961,103.56542,103.56542,200936269
2019-08-10,103.53423,104.51073,98.000771,99.411545,99.411545,209200269
2019-08-11,99.427856,108.71174,99.288628,106.92181,106.92181,224599771
2019-08-12,106.91265,106.91265,102.83067,104.95779,104.95779,164675849
2019-08-13,104.50655,106.72894,101.07938,101.44144,101.44144,203406782
2019-08-14,101.43838,102.31363,95.518845,95.518845,95.518845,193825014
2019-08-15,95.618362,96.924858,92.351349,95.183662,95.183662,203677926
2019-08-16,95.220963,95.5364,92.065369,94.238167,94.238167,153973787
2019-08-17,94.22818,94.400208,91.307892,92.73661,92.73661,126384743
2019-08-18,92.749168,96.62632,91.761375,95.108253,95.108253,130360202
2019-08-19,95.133324,98.113785,94.272614,98.113785,98.113785,138241467
2019-08-20,98.134209,98.188278,93.346458,93.941948,93.941948,152098244
2019-08-21,93.963448,93.963448,87.278297,90.225883,90.225883,175275582
2019-08-22,89.856087,92.402679,87.973572,91.236702,91.236702,245507277
2019-08-23,91.25148,95.23217,90.317802,93.734505,93.734505,225009605
2019-08-24,93.712524,93.963463,90.337692,92.383041,92.383041,145816130
2019-08-25,92.349335,92.992752,90.895126,91.426163,91.426163,148936751
2019-08-26,91.395737,93.58136,91.188324,92.782333,92.782333,153344606
2019-08-27,92.347595,92.739182,90.201775,90.703201,90.703201,125590276
2019-08-28,90.72879,91.14061,84.759285,84.958755,84.958755,160998762
2019-08-29,84.942131,84.967514,78.987579,80.251068,80.251068,157127218
2019-08-30,80.247574,82.072128,79.469055,80.579132,80.579132,157841920
2019-08-31,80.550911,81.010941,78.789696,80.186623,80.186623,206431548
2019-09-01,80.205582,81.041107,78.796799,80.068695,80.068695,149634077
2019-09-02,79.975197,83.229286,79.930542,81.605148,81.605148,195249831
2019-09-03,81.640778,83.96051,80.358139,82.952179,82.952179,192725799
2019-09-04,82.938385,82.983093,80.434708,81.214958,81.214958,181916602
2019-09-05,81.230148,82.109818,80.400307,80.565956,80.565956,180982478
2019-09-06,80.575119,83.129593,78.572762,80.354675,80.354675,212197139
2019-09-07,80.369484,84.448936,80.294647,84.254311,84.254311,186581412
2019-09-08,84.282372,87.863174,84.130623,87.745697,87.745697,170509823
2019-09-09,87.797638,89.015259,85.928856,87.133392,87.133392,184918831
2019-09-10,87.113312,87.783279,82.979637,83.830521,83.830521,164513699
2019-09-11,83.846542,85.337166,82.3395,82.800064,82.800064,173750574
2019-09-12,82.802559,90.789581,81.991013,85.292175,85.292175,238978713
2019-09-13,85.278023,94.272209,85.114342,93.265312,93.265312,235816614
2019-09-14,93.284752,94.598785,90.735649,91.524368,91.524368,253643873
2019-09-15,91.565933,91.679977,89.188911,89.188911,89.188911,218503109
2019-09-16,89.186226,93.484871,88.578926,92.732368,92.732368,236260884
2019-09-17,92.701195,97.04306,91.223495,94.943237,94.943237,263625773
2019-09-18,94.860352,98.161575,94.590889,98.079796,98.079796,299130439
2019-09-19,98.071259,104.27818,91.373093,100.4767,100.4767,371945615
2019-09-20,100.55256,100.55256,96.009651,96.997414,96.997414,247488316
2019-09-21,96.978928,97.031158,93.51992,93.706543,93.706543,204689152
2019-09-22,93.438637,94.178909,91.408676,91.755585,91.755585,213969220
2019-09-23,91.72583,91.761261,87.392448,87.392448,87.392448,230898224
2019-09-24,87.402252,88.503555,70.88385,72.897964,72.897964,261957987
2019-09-25,72.724205,76.165306,70.007507,73.089348,73.089348,281828717
2019-09-26,73.117485,73.625313,67.154472,69.190331,69.190331,209364896
2019-09-27,69.230217,72.203751,67.84935,71.97168,71.97168,242836100
2019-09-28,71.946716,72.3601,70.921509,71.852135,71.852135,212554942
2019-09-29,71.837242,71.837242,68.046753,69.437523,69.437523,187343276
2019-09-30,69.409203,71.961037,67.545326,71.088448,71.088448,218298028
2019-10-01,71.062523,72.698898,69.870377,70.513084,70.513084,214628256
2019-10-02,70.550949,70.871201,69.654869,70.858513,70.858513,164619887
2019-10-03,70.935982,71.276657,68.926697,70.040413,70.040413,224161131
2019-10-04,70.048454,71.180946,69.197502,70.121887,70.121887,197176401
2019-10-05,70.061684,70.770508,68.956261,70.592186,70.592186,190166360
2019-10-06,70.531921,72.111115,69.758995,70.540154,70.540154,213763280
2019-10-07,70.553154,72.201218,69.120667,71.46637,71.46637,227315535
2019-10-08,71.391373,73.542114,70.938049,71.376869,71.376869,231621906
2019-10-09,71.332726,74.602829,70.814804,74.121864,74.121864,232323935
2019-10-10,74.019936,74.489197,70.939751,72.797852,72.797852,255488611
2019-10-11,72.798325,73.291046,70.436279,70.501625,70.501625,220205963
2019-10-12,70.483604,72.609093,70.427612,71.111061,71.111061,221773195
2019-10-13,71.133987,72.139107,70.806229,70.91391,70.91391,218051256
2019-10-14,70.872231,71.781013,70.591309,71.3218,71.3218,214932952
2019-10-15,71.315559,73.022934,70.988548,71.647423,71.647423,232619259
2019-10-16,71.645981,71.796883,67.325706,68.502647,68.502647,234108416
2019-10-17,68.500214,70.210442,67.799545,69.267853,69.267853,207219637
2019-10-18,69.288368,69.371071,67.377045,68.166397,68.166397,209379703
2019-10-19,68.17086,68.649498,67.606255,67.722481,67.722481,185203945
2019-10-20,67.759537,69.971718,67.459732,69.301384,69.301384,193642159
2019-10-21,69.31485,69.921722,68.397377,69.020866,69.020866,230907074
2019-10-22,69.014908,69.780876,67.386742,67.591423,67.591423,219451615
2019-10-23,67.604134,67.718369,62.621235,63.185726,63.185726,213776689
2019-10-24,63.170265,63.633873,62.05323,63.310398,63.310398,194869718
2019-10-25,63.360226,70.360634,63.255611,70.360634,70.360634,281153017
2019-10-26,70.376053,73.702103,68.367775,70.725227,70.725227,322560996
2019-10-27,70.753242,73.256142,69.542244,71.758949,71.758949,260742874
2019-10-28,71.756485,75.944183,71.716843,72.264847,72.264847,272906938
2019-10-29,72.170181,76.236206,72.045631,73.510582,73.510582,271525879
2019-10-30,73.541183,74.799377,71.790886,72.554428,72.554428,291498994
2019-10-31,72.564095,73.673737,70.536057,72.173759,72.173759,274591865
2019-11-01,72.146446,72.334625,70.90963,72.08429,72.08429,275488580
2019-11-02,72.074898,72.814651,71.837723,72.451416,72.451416,286468980
2019-11-03,72.461639,72.931145,70.641373,71.417969,71.417969,273155769
2019-11-04,71.422813,73.529282,71.204086,72.820274,72.820274,290544571
2019-11-05,72.887642,74.544548,72.113228,74.375313,74.375313,303746079
2019-11-06,74.338554,74.773277,73.41555,74.559082,74.559082,290115887
2019-11-07,74.549141,74.770592,72.502029,73.025787,73.025787,309817947
2019-11-08,73.025558,73.071312,68.621635,69.764091,69.764091,322249497
2019-11-09,69.74659,70.660355,69.507088,69.863091,69.863091,374833272
2019-11-10,69.866051,72.00354,69.406235,71.569214,71.569214,460446749
2019-11-11,71.550369,72.422173,69.896469,70.361794,70.361794,388797176
2019-11-12,70.362007,70.819832,69.522499,70.375999,70.375999,401213177
2019-11-13,70.345375,71.036697,69.846954,69.996063,69.996063,376668496
2019-11-14,69.977379,70.102905,69.079788,69.155205,69.155205,350588076
2019-11-15,69.195488,69.501221,67.423569,68.208748,68.208748,301568783
2019-11-16,68.228912,68.565979,67.858932,68.40683,68.40683,292160865
2019-11-17,68.422745,69.174774,67.948097,68.304565,68.304565,297447134
2019-11-18,68.300621,68.834991,65.076057,65.319778,65.319778,328968065
2019-11-19,65.299263,66.420166,63.601784,65.814827,65.814827,345463406
2019-11-20,65.817505,66.237221,63.846096,63.972221,63.972221,372158855
2019-11-21,63.918324,64.607292,60.197491,60.539089,60.539089,374750653
2019-11-22,60.546177,61.094173,54.5741,55.53672,55.53672,401613025
2019-11-23,55.540668,56.905369,54.536324,55.382519,55.382519,404485563
2019-11-24,55.384552,55.488605,51.95665,51.95665,51.95665,352239563
2019-11-25,51.9538,53.095638,48.491108,50.230209,50.230209,365912975
2019-11-26,50.18243,51.408447,49.866535,50.713791,50.713791,286122207
2019-11-27,50.63789,52.696758,48.894966,50.830822,50.830822,370160658
2019-11-28,50.856812,54.555717,50.006962,52.447639,52.447639,376437951
2019-11-29,52.468807,58.618824,52.452713,57.122627,57.122627,368092447
2019-11-30,57.148136,58.359516,54.86657,55.229385,55.229385,320421131
2019-12-01,55.227669,55.227669,52.630157,53.277573,53.277573,328909553
2019-12-02,53.265503,54.137302,51.690285,51.803318,51.803318,277709857
2019-12-03,51.798447,52.322083,50.804955,51.577984,51.577984,228015501
2019-12-04,51.571026,52.103661,50.186916,50.806087,50.806087,241426048
2019-12-05,50.752998,52.780006,49.574059,50.487137,50.487137,246865711
2019-12-06,50.491611,52.944798,50.422451,52.573639,52.573639,261395845
2019-12-07,52.591564,53.326405,52.035828,52.805824,52.805824,254685506
2019-12-08,52.801102,52.922901,51.868431,52.195072,52.195072,250165556
2019-12-09,52.215233,53.130234,51.185963,51.513672,51.513672,279494268
2019-12-10,51.495167,51.906456,49.903038,50.240894,50.240894,263294458
2019-12-11,50.248901,51.171574,49.494637,49.756496,49.756496,254820772
2019-12-12,49.81897,50.542881,49.07468,50.185043,50.185043,269911451
2019-12-13,50.172665,50.920086,50.010391,50.710995,50.710995,263841028
2019-12-14,50.742458,51.226418,49.589275,49.943432,49.943432,251838983
2019-12-15,49.951847,51.42345,49.1353,51.034763,51.034763,274840843
2019-12-16,51.027561,51.084927,46.068741,46.420601,46.420601,255386554
2019-12-17,46.423355,46.455399,41.00956,41.371944,41.371944,262627863
2019-12-18,41.486172,45.233246,40.825996,44.517059,44.517059,274331819
2019-12-19,44.553391,44.944756,42.286537,43.535847,43.535847,246793993
2019-12-20,43.543163,44.110855,43.055882,43.52438,43.52438,236620822
2019-12-21,43.524765,43.657578,42.766712,43.047703,43.047703,202625006
2019-12-22,43.039516,44.361561,42.702206,44.343079,44.343079,207633884
2019-12-23,44.31982,44.914604,42.837826,43.050434,43.050434,221437668
2019-12-24,43.072613,43.389542,41.869888,42.023628,42.023628,234610156
2019-12-25,42.024502,42.082047,41.159061,41.247261,41.247261,231213797
2019-12-26,41.234093,41.340511,38.9613,40.162014,40.162014,297344626
2019-12-27,40.12978,40.526146,38.97485,39.873707,39.873707,228790249
2019-12-28,39.8741,43.014809,39.827469,41.891273,41.891273,258317069
2019-12-29,41.904789,45.415489,41.664009,44.750069,44.750069,291554835
2019-12-30,44.75227,45.000599,42.523121,42.574841,42.574841,236575767
2019-12-31,42.572159,42.835915,41.150784,41.195194,41.195194,228348982
2020-01-01,41.193851,42.606998,40.967113,41.865791,41.865791,209558954
2020-01-02,41.906654,42.044888,40.17535,40.223259,40.223259,200098184
2020-01-03,40.190041,44.034237,40.180965,44.021961,44.021961,244420570
2020-01-04,43.981178,46.951759,43.172939,46.451866,46.451866,429327843
2020-01-05,46.426079,53.517296,46.426079,51.479233,51.479233,439864007
2020-01-06,51.536594,57.579594,51.221058,56.699776,56.699776,496237320
2020-01-07,56.702038,57.306259,54.052959,54.818928,54.818928,395124565
2020-01-08,54.801365,56.534046,51.724026,52.916855,52.916855,314320136
2020-01-09,52.88324,53.27866,50.498531,50.893806,50.893806,247077074
2020-01-10,50.894367,56.586277,50.258091,56.586277,56.586277,360608270
2020-01-11,56.603886,66.844124,55.809029,63.402321,63.402321,581950368
2020-01-12,63.529209,67.809486,62.529175,66.300369,66.300369,535827585
2020-01-13,66.245209,71.11145,64.152466,69.583115,69.583115,476814382
2020-01-14,69.605316,88.698433,69.582359,88.698433,88.698433,1090046613
2020-01-15,88.620216,140.70221,88.620216,132.27295,132.27295,2736888861
2020-01-16,132.40269,134.04504,113.61613,128.15994,128.15994,1925351036
2020-01-17,127.63362,127.68816,110.54553,114.38207,114.38207,1536993729
2020-01-18,114.12932,115.25426,97.517906,101.56104,101.56104,1315737751
2020-01-19,101.62878,108.44414,93.421555,104.79487,104.79487,1186646796
2020-01-20,104.79851,114.62795,100.88263,109.56665,109.56665,1208948881
2020-01-21,109.60573,113.65743,106.24487,110.86134,110.86134,964611063
2020-01-22,110.8291,112.54009,107.26645,107.64678,107.64678,824540369
2020-01-23,107.63988,108.15201,98.662567,102.40939,102.40939,837448530
2020-01-24,102.58098,103.80168,94.290657,100.82658,100.82658,829271731
2020-01-25,100.76815,103.49158,98.015984,102.15568,102.15568,684814780
2020-01-26,102.13674,112.46647,100.79993,111.00493,111.00493,1048666266
2020-01-27,111.00787,119.25299,111.00787,113.26831,113.26831,1185315336
2020-01-28,113.27098,117.11027,111.77513,116.20459,116.20459,1056404598
2020-01-29,116.17656,126.93938,115.54605,122.04265,122.04265,1310968165
2020-01-30,121.81152,124.86288,118.67459,122.47208,122.47208,1175856865
2020-01-31,122.54916,124.33747,114.62183,116.42607,116.42607,995498642
2020-02-01,116.52406,119.65308,115.92848,117.46966,117.46966,809915887
2020-02-02,117.43593,118.39956,114.59077,115.61948,115.61948,795391925
2020-02-03,115.59679,117.72292,115.13882,116.19807,116.19807,805030077
2020-02-04,116.19799,117.19054,109.69307,111.13607,111.13607,767274423
2020-02-05,111.14308,123.00513,110.57518,122.26602,122.26602,1040214025
2020-02-06,122.3185,123.91139,118.44482,119.76839,119.76839,1034128121
2020-02-07,119.79693,122.14819,117.90235,118.51266,118.51266,844151055
2020-02-08,118.58171,130.02376,114.45729,125.90099,125.90099,1229051151
2020-02-09,125.90356,129.09428,124.81403,127.55179,127.55179,953702544
2020-02-10,127.57975,128.03851,123.11339,127.34592,127.34592,912410981
2020-02-11,127.34982,130.43886,123.82575,128.88603,128.88603,880829792
2020-02-12,128.83447,136.01494,128.4798,133.54935,133.54935,984582476
2020-02-13,133.56081,136.64912,128.27267,130.94905,130.94905,1013736024
2020-02-14,131.00923,133.33876,128.59953,132.6002,132.6002,858271722
2020-02-15,132.61343,132.927,119.15395,121.8533,121.8533,890484409
2020-02-16,121.89622,123.84004,104.85771,111.77565,111.77565,935525392
2020-02-17,111.46967,115.49845,103.00187,114.50622,114.50622,978398584
2020-02-18,114.4468,116.37672,108.31496,115.64424,115.64424,851870268
2020-02-19,115.56477,115.68572,106.48351,106.60555,106.60555,843777656
2020-02-20,106.43334,107.32174,101.90694,105.5498,105.5498,946434289
2020-02-21,105.34267,109.45989,104.26474,107.93755,107.93755,978201788
2020-02-22,107.95794,109.44092,103.8648,104.69591,104.69591,947030401
2020-02-23,104.59072,108.75541,104.30397,108.14513,108.14513,902539669
2020-02-24,108.17059,108.55805,101.39896,103.59695,103.59695,884387173
2020-02-25,103.61578,103.64803,95.804482,96.201248,96.201248,868833032
2020-02-26,96.197914,96.59787,80.843933,84.876045,84.876045,939230803
2020-02-27,84.871956,92.374908,80.168159,88.524345,88.524345,955652217
2020-02-28,88.793327,91.729599,84.329628,87.897408,87.897408,964429503
2020-02-29,87.887512,89.901001,85.892166,85.892166,85.892166,756043899
2020-03-01,85.772682,89.375572,83.7295,85.105598,85.105598,765429157
2020-03-02,85.11161,91.162613,84.514633,89.738174,89.738174,803239980
2020-03-03,89.740311,90.350021,87.725021,88.589973,88.589973,729643777
2020-03-04,88.614677,89.780426,86.278885,87.011284,87.011284,667762324
2020-03-05,86.986221,92.576279,86.986221,90.141228,90.141228,657743095
2020-03-06,90.11763,93.539696,89.752434,93.248634,93.248634,687180265
2020-03-07,93.232994,93.337601,88.214119,88.327759,88.327759,1565980271
2020-03-08,88.315346,88.315346,74.702431,74.820778,74.820778,684992535
2020-03-09,74.73671,75.743881,68.872292,73.424698,73.424698,728171290
2020-03-10,73.541801,75.734879,72.726822,74.833038,74.833038,630281910
2020-03-11,74.853157,75.174988,68.934593,72.073425,72.073425,581171477
2020-03-12,72.092041,72.334633,45.529202,45.529202,45.529202,639947953
2020-03-13,45.777351,52.189926,34.906933,50.92609,50.92609,763167995
2020-03-14,50.985203,51.135231,45.735229,46.328629,46.328629,476112432
2020-03-15,46.288441,50.033661,45.869213,47.499184,47.499184,449031165
2020-03-16,47.471104,47.55135,39.610912,42.945484,42.945484,483830041
2020-03-17,42.94759,46.011608,42.826881,44.619865,44.619865,436624179
2020-03-18,44.664059,59.593079,44.280563,59.593079,59.593079,773775691
2020-03-19,59.784859,68.897789,55.998653,65.849304,65.849304,1003586345
2020-03-20,65.830124,76.090889,62.554726,71.038284,71.038284,1042135792
2020-03-21,71.048874,75.005775,68.425163,71.290016,71.290016,986049950
2020-03-22,71.320389,73.020226,63.465157,63.831505,63.831505,730950699
2020-03-23,63.73954,69.887627,62.023079,69.887627,69.887627,736364752
2020-03-24,69.964539,71.091164,68.022484,69.413078,69.413078,639036031
2020-03-25,69.397125,69.721443,66.60981,67.582504,67.582504,624452433
2020-03-26,67.549507,68.525276,66.902344,67.885399,67.885399,545562326
2020-03-27,67.92942,72.263512,66.811783,69.266968,69.266968,631912468
2020-03-28,69.232468,69.232468,62.86087,65.109268,65.109268,696562609
2020-03-29,65.185486,65.421425,61.073341,61.073341,61.073341,498397550
2020-03-30,61.058578,66.699333,60.959335,66.100601,66.100601,585147951
2020-03-31,66.0644,66.25602,64.426163,65.148438,65.148438,516333154
2020-04-01,65.148438,66.015503,62.587128,66.015503,66.015503,537358330
2020-04-02,65.93187,70.472527,65.20314,67.578804,67.578804,591293710
2020-04-03,67.582741,69.695465,66.981728,67.804245,67.804245,570157994
2020-04-04,67.797752,69.124237,67.128769,68.734337,68.734337,574298372
2020-04-05,68.745644,68.833588,66.135048,67.057907,67.057907,510493896
2020-04-06,67.053612,72.607918,67.036957,72.525055,72.525055,679611798
2020-04-07,72.392448,75.536575,70.698746,72.003761,72.003761,711647907
2020-04-08,72.030823,75.718552,71.230011,75.055893,75.055893,743872422
2020-04-09,75.061783,83.098312,74.293289,82.889946,82.889946,960424912
2020-04-10,82.920876,83.11554,70.964813,74.49704,74.49704,955922250
2020-04-11,74.420174,76.975647,73.367065,74.556038,74.556038,828165943
2020-04-12,74.568581,77.028671,73.311707,75.094749,75.094749,740225924
2020-04-13,75.116859,75.116859,70.982147,73.232071,73.232071,822272099
2020-04-14,73.160591,74.321167,71.955406,71.994888,71.994888,713557789
2020-04-15,71.9888,73.575287,70.157433,70.721954,70.721954,683118901
2020-04-16,70.716049,76.48439,68.158577,76.01236,76.01236,929231360
2020-04-17,76.055176,77.585114,74.886169,76.997643,76.997643,759611122
2020-04-18,76.933556,80.088135,76.795074,79.985779,79.985779,878844408
2020-04-19,79.943329,83.49778,78.822227,80.844917,80.844917,1008091362
2020-04-20,80.93824,82.686768,73.903046,75.062309,75.062309,1005447851
2020-04-21,74.898796,75.990196,73.698975,74.876221,74.876221,758115398
2020-04-22,74.838295,81.67601,74.499565,80.701004,80.701004,903671788
2020-04-23,80.695412,82.253746,79.644775,80.695045,80.695045,905211135
2020-04-24,80.818871,82.823135,80.818871,81.920044,81.920044,699996322
2020-04-25,81.907219,86.441757,81.381935,85.659309,85.659309,862671933
2020-04-26,85.630219,87.888237,83.249535,83.934944,83.934944,905216411
2020-04-27,83.951836,85.193436,81.203812,82.804604,82.804604,842372386
2020-04-28,82.820168,83.001755,81.001205,82.902809,82.902809,744465562
2020-04-29,82.936859,86.085815,82.314827,85.735497,85.735497,956420774
2020-04-30,85.751541,88.691734,81.245682,81.245682,81.245682,1039630361
2020-05-01,81.272766,83.996849,81.235756,83.259186,83.259186,718770032
2020-05-02,83.293732,83.814445,82.096199,83.165161,83.165161,654590511
2020-05-03,83.154533,83.716476,80.663048,81.004784,81.004784,713193612
2020-05-04,81.047371,82.002411,76.57634,79.875801,79.875801,747792141
2020-05-05,79.848228,80.984749,78.68177,79.403915,79.403915,648121934
2020-05-06,79.35952,81.071625,78.524315,78.524315,78.524315,639791213
2020-05-07,78.50515,79.773186,76.919914,78.823517,78.823517,727970990
2020-05-08,78.829124,82.928612,77.526321,82.011559,82.011559,778337522
2020-05-09,81.920502,82.210136,79.252243,79.844383,79.844383,697954016
2020-05-10,79.798363,79.827133,69.36483,72.375458,72.375458,863438015
2020-05-11,72.397934,73.211967,67.246414,70.031769,70.031769,765034467
2020-05-12,70.122375,74.543182,69.512238,73.037209,73.037209,667923432
2020-05-13,73.06102,74.431808,72.333694,73.780243,73.780243,570973672
2020-05-14,73.691528,75.178795,73.185005,74.259865,74.259865,627997584
2020-05-15,74.206947,74.818169,71.660332,72.501091,72.501091,581106000
2020-05-16,72.527954,74.509979,72.266846,73.597313,73.597313,515070521
2020-05-17,73.550156,76.700943,73.455963,75.03981,75.03981,589570871
2020-05-18,75.055885,77.826775,74.822678,75.877068,75.877068,608744105
2020-05-19,75.897789,76.695091,73.938484,76.555107,76.555107,554964244
2020-05-20,76.546875,78.134552,75.280006,77.970833,77.970833,597284977
2020-05-21,77.987221,78.13903,71.480499,73.226608,73.226608,586347434
2020-05-22,73.094276,75.488426,72.475601,74.785065,74.785065,556859676
2020-05-23,74.799332,75.648026,73.538834,74.294205,74.294205,513469083
2020-05-24,74.289078,75.475098,72.341431,72.41082,72.41082,512377464
2020-05-25,72.242569,73.744705,71.82518,73.581482,73.581482,508879389
2020-05-26,73.581711,73.696152,71.593712,72.533623,72.533623,495076927
2020-05-27,72.539017,74.612335,72.505257,73.706245,73.706245,523289542
2020-05-28,73.730469,75.176384,72.872307,75.128082,75.128082,534875873
2020-05-29,75.193733,75.603958,73.6576,74.424553,74.424553,543069504
2020-05-30,74.408234,79.116104,73.729126,79.029869,79.029869,664882092
2020-05-31,79.022339,80.301414,75.942108,76.525955,76.525955,630713754
2020-06-01,76.512779,80.21328,76.127525,79.935539,79.935539,672681297
2020-06-02,79.919235,81.994873,77.159622,78.031021,78.031021,667063944
2020-06-03,78.038124,78.514626,77.196724,78.068497,78.068497,543490756
2020-06-04,78.116364,79.08149,76.877892,78.689667,78.689667,520061826
2020-06-05,78.686676,79.964752,78.083672,78.218277,78.218277,488123894
2020-06-06,78.246353,79.192139,77.462479,78.184235,78.184235,433042584
2020-06-07,78.207123,78.820999,76.321167,78.130623,78.130623,445218076
2020-06-08,78.115562,78.38858,77.155411,77.611343,77.611343,412820644
2020-06-09,77.599312,78.170662,77.070297,77.734215,77.734215,393727399
2020-06-10,77.735115,78.407959,77.257584,78.228302,78.228302,422045840
2020-06-11,78.239441,78.743515,72.260574,72.651161,72.651161,488692369
2020-06-12,72.672791,74.753036,71.879456,73.54348,73.54348,443348159
2020-06-13,73.548622,74.391182,72.904228,74.20208,74.20208,401978661
2020-06-14,74.242477,74.318939,72.686676,73.018562,73.018562,378719813
2020-06-15,73.018562,73.149673,69.24337,71.973831,71.973831,414082190
2020-06-16,71.967636,73.111847,71.702965,72.652161,72.652161,355432167
2020-06-17,72.668343,73.337547,71.591415,72.50737,72.50737,371099134
2020-06-18,72.506866,72.661842,71.194191,71.730675,71.730675,277859287
2020-06-19,71.755737,71.758438,69.810692,69.917915,69.917915,275894384
2020-06-20,69.917915,71.161942,69.534073,70.980583,70.980583,302895456
2020-06-21,70.919617,71.499542,70.283653,70.350212,70.350212,275515162
2020-06-22,70.371635,72.362,70.346802,72.263115,72.263115,278429245
2020-06-23,72.264732,75.669716,71.489235,74.266853,74.266853,318605417
2020-06-24,74.29364,75.332672,71.386086,72.518234,72.518234,268137797
2020-06-25,72.544777,72.566727,70.898628,71.379433,71.379433,200313209
2020-06-26,71.365105,71.770294,70.096695,70.820236,70.820236,189178540
2020-06-27,70.843979,71.363739,66.668526,67.279716,67.279716,191819541
2020-06-28,67.279716,68.850021,66.290382,68.079369,68.079369,187749041
2020-06-29,68.068138,69.192337,66.858414,68.876541,68.876541,210228706
2020-06-30,68.850296,69.176262,67.705391,68.18029,68.18029,192582138
2020-07-01,68.211861,69.186211,67.445114,68.340813,68.340813,222432902
2020-07-02,68.389359,68.741028,66.419724,67.516632,67.516632,185441797
2020-07-03,67.499855,67.646645,66.322136,66.556114,66.556114,177265307
2020-07-04,66.532654,68.13855,66.483459,67.57843,67.57843,177759738
2020-07-05,67.504883,67.869072,66.230904,67.332001,67.332001,174233784
2020-07-06,67.332001,70.298752,67.161591,70.148232,70.148232,249772267
2020-07-07,70.148232,70.625679,69.001251,69.9133,69.9133,205319158
2020-07-08,69.915009,73.07708,69.634293,72.500816,72.500816,245466268
2020-07-09,72.538742,73.516609,71.105705,72.210098,72.210098,230587530
2020-07-10,72.187698,72.187698,70.364082,71.823524,71.823524,215809506
2020-07-11,71.818459,72.884445,71.443321,72.66729,72.66729,212586380
2020-07-12,72.691452,72.926231,71.322357,71.98671,71.98671,252628320
2020-07-13,71.98671,75.257957,71.593323,71.920753,71.920753,293958153
2020-07-14,71.812057,72.550629,70.501884,71.913834,71.913834,240563632
2020-07-15,71.914261,72.183357,70.860069,71.07003,71.07003,188535300
2020-07-16,71.043205,71.292374,68.546883,69.323311,69.323311,191501966
2020-07-17,69.351562,70.070877,68.946297,69.635262,69.635262,160183850
2020-07-18,69.641541,69.877655,68.855354,69.196701,69.196701,137278614
2020-07-19,69.228699,70.294655,68.869812,70.21566,70.21566,140099725
2020-07-20,70.288208,70.458084,68.823502,69.024704,69.024704,147100704
2020-07-21,69.010872,71.083183,68.83342,70.936798,70.936798,189232012
2020-07-22,70.949295,73.239098,70.921028,73.188606,73.188606,213909382
2020-07-23,73.206062,73.817253,72.723404,73.256248,73.256248,220215358
2020-07-24,73.26252,73.362968,71.51738,71.983444,71.983444,220406740
2020-07-25,72.009026,74.843307,72.009026,74.50441,74.50441,234087037
2020-07-26,74.46994,76.948944,74.249535,75.098221,75.098221,281511012
2020-07-27,75.095421,78.837349,74.069283,77.621422,77.621422,360494267
2020-07-28,77.566025,80.53849,76.366966,79.825203,79.825203,318375048
2020-07-29,79.816078,84.248154,79.250641,81.74408,81.74408,324260579
2020-07-30,81.723648,82.318222,79.919975,81.382927,81.382927,250240023
2020-07-31,81.376518,83.3153,80.310448,82.548203,82.548203,266395053
2020-08-01,82.548203,93.383804,82.032738,92.661369,92.661369,472450068
2020-08-02,92.785744,94.599289,83.649292,84.993668,84.993668,449660070
2020-08-03,85.054276,89.188202,84.261459,87.662064,87.662064,332810226
2020-08-04,87.658173,88.742226,86.117134,86.842323,86.842323,256984183
2020-08-05,86.877449,93.165298,86.319992,92.342812,92.342812,370531018
2020-08-06,92.320587,104.34767,90.740356,100.55654,100.55654,621631646
2020-08-07,100.58121,103.48344,94.022125,96.961861,96.961861,520518652
2020-08-08,96.992836,102.12444,95.177902,98.071671,98.071671,355970818
2020-08-09,98.228706,98.980949,95.472473,97.642754,97.642754,314807530
2020-08-10,97.789291,98.653366,95.406136,95.664078,95.664078,306005369
2020-08-11,95.654411,96.588432,86.689705,88.882294,88.882294,366385092
2020-08-12,88.882965,92.754196,85.248734,92.540131,92.540131,353623728
2020-08-13,92.511154,94.184196,86.774376,93.796272,93.796272,325340592
2020-08-14,93.776222,94.042847,91.108879,92.110718,92.110718,307708892
2020-08-15,92.082352,95.423172,91.965195,94.142906,94.142906,323844514
2020-08-16,94.209908,95.319572,92.310501,95.095177,95.095177,265020922
2020-08-17,95.095177,99.797653,93.588234,97.539009,97.539009,374580441
2020-08-18,97.515533,98.471832,92.856155,93.266502,93.266502,273893768
2020-08-19,93.06813,93.91893,87.815376,88.133965,88.133965,284015246
2020-08-20,88.155098,91.708588,87.602913,91.576469,91.576469,204144747
2020-08-21,91.594368,95.38736,87.434891,87.476891,87.476891,302272083
2020-08-22,87.425827,91.103577,86.065186,91.103577,91.103577,213957533
2020-08-23,91.053757,92.807541,88.448174,91.635933,91.635933,197719136
2020-08-24,91.629395,93.115204,90.004517,91.947929,91.947929,193938722
2020-08-25,91.978081,91.978081,83.789581,85.157166,85.157166,302784936
2020-08-26,85.040733,87.349678,84.135437,86.129669,86.129669,298266221
2020-08-27,86.059906,86.649452,82.386482,83.582748,83.582748,320763922
2020-08-28,83.557991,85.887138,82.87204,85.206123,85.206123,262078660
2020-08-29,85.202591,86.625832,84.727875,85.468071,85.468071,230804716
2020-08-30,85.429802,88.771614,85.343292,88.201309,88.201309,277927374
2020-08-31,88.243095,88.817421,86.23587,86.801727,86.801727,244856908
2020-09-01,86.698669,90.465744,85.771088,89.281395,89.281395,343476338
2020-09-02,89.360992,89.544884,81.651596,83.305656,83.305656,325340581
2020-09-03,83.380272,83.421799,66.091141,67.673798,67.673798,311969736
2020-09-04,67.574577,73.775284,67.448547,72.96891,72.96891,354077024
2020-09-05,72.957214,73.945107,65.644691,67.980553,67.980553,302143280
2020-09-06,67.980553,71.450027,66.64463,70.219383,70.219383,254709380
2020-09-07,70.212471,76.36013,66.431969,75.947823,75.947823,362283861
2020-09-08,75.957016,77.516975,71.08577,74.545273,74.545273,338941249
2020-09-09,74.574654,77.208092,74.378029,75.778275,75.778275,203152467
2020-09-10,75.789368,78.628639,75.101814,77.035866,77.035866,13867464165
2020-09-11,77.035866,77.890167,74.350975,76.984276,76.984276,13206239580
2020-09-12,76.917557,80.055809,76.183922,79.585747,79.585747,14082288712
2020-09-13,79.585747,79.689659,73.568649,75.000191,75.000191,13822922696
2020-09-14,74.944878,77.572311,73.911194,75.371483,75.371483,6764861637
2020-09-15,75.291786,75.994804,73.163513,73.219093,73.219093,303150473
2020-09-16,73.185333,74.34584,71.672791,73.35334,73.35334,289772804
2020-09-17,73.415108,74.725044,71.676056,73.424919,73.424919,313200144
2020-09-18,73.424919,73.639297,71.007858,72.257584,72.257584,309323622
2020-09-19,72.228912,73.487465,71.731438,73.040955,73.040955,321273259
2020-09-20,72.940262,73.117462,70.017212,70.770134,70.770134,314553225
2020-09-21,70.812965,71.597183,65.620422,67.060532,67.060532,339693582
2020-09-22,67.022705,68.952438,66.858925,68.174866,68.174866,293589381
2020-09-23,68.222542,68.528557,64.618027,64.953217,64.953217,406805351
2020-09-24,65.017242,68.191559,64.535301,67.737267,67.737267,429057014
2020-09-25,67.711639,69.38765,66.794151,68.62207,68.62207,433763883
2020-09-26,68.63031,69.858177,68.416458,69.032776,69.032776,424670325
2020-09-27,69.100311,69.804146,67.433243,68.817139,68.817139,411336995
2020-09-28,68.937996,69.946564,67.456024,67.456154,67.456154,426829544
2020-09-29,67.349388,68.756424,66.804901,68.528206,68.528206,424992878
2020-09-30,68.595627,68.994286,66.86422,68.946548,68.946548,358324590
2020-10-01,68.965057,71.083252,67.322838,67.997673,67.997673,418563956
2020-10-02,68.114616,68.870087,64.666946,66.188194,66.188194,420953919
2020-10-03,66.171753,66.669151,65.680702,65.720688,65.720688,367443669
2020-10-04,65.662621,66.897446,65.118378,66.376022,66.376022,377273852
2020-10-05,66.57354,67.069656,65.749603,66.946205,66.946205,399819680
2020-10-06,66.96524,68.018089,64.782333,65.488312,65.488312,419900053
2020-10-07,65.321877,66.254028,64.280609,65.978073,65.978073,401475895
2020-10-08,65.894547,67.315765,64.475883,66.195549,66.195549,410737381
2020-10-09,66.480331,67.866631,65.845871,67.43338,67.43338,400270576
2020-10-10,67.27803,69.003624,67.276131,67.928398,67.928398,441928950
2020-10-11,68.038918,72.57193,67.793892,71.834412,71.834412,491531126
2020-10-12,71.840858,74.331169,70.488647,71.845901,71.845901,534080584
2020-10-13,71.744301,73.418312,70.593529,71.424156,71.424156,436777693
2020-10-14,71.478622,72.120834,69.107674,70.06675,70.06675,342336093
2020-10-15,70.245224,70.565704,68.578934,69.359474,69.359474,423287274
2020-10-16,69.260139,69.980469,65.5662,66.161064,66.161064,421973716
2020-10-17,66.181786,67.196289,65.428215,67.196289,67.196289,362039431
2020-10-18,67.317078,67.321762,66.550163,67.17025,67.17025,398514144
2020-10-19,67.195648,77.919861,66.190254,74.754532,74.754532,767678781
2020-10-20,74.805054,76.574348,70.766541,71.038399,71.038399,522955519
2020-10-21,70.835396,76.186256,70.600136,74.977821,74.977821,500509185
2020-10-22,74.974701,77.202362,74.404617,74.711006,74.711006,477625325
2020-10-23,74.867104,75.10733,70.986572,72.17981,72.17981,421663070
2020-10-24,72.177139,73.513763,71.638367,73.391533,73.391533,416099783
2020-10-25,73.390778,73.612595,70.774376,71.208672,71.208672,377089126
2020-10-26,71.207428,72.501045,68.82135,69.36599,69.36599,443119232
2020-10-27,69.370415,71.886238,69.306931,70.7509,70.7509,451574298
2020-10-28,70.749588,71.01268,67.206253,68.2285,68.2285,491155471
2020-10-29,68.228577,68.83326,65.901779,66.9813,66.9813,444249615
2020-10-30,66.981537,71.806038,64.647308,69.652481,69.652481,590369392
2020-10-31,69.652481,72.12899,68.676384,70.168129,70.168129,527240707
2020-11-01,70.168129,70.533333,68.310341,68.590111,68.590111,420211623
2020-11-02,68.58934,69.464874,64.954002,65.124275,65.124275,505322763
2020-11-03,65.124329,65.530991,63.256615,64.278404,64.278404,491018669
2020-11-04,64.278671,65.111771,62.310585,64.590317,64.590317,505066224
2020-11-05,64.590759,69.773674,63.632191,67.828255,67.828255,474894502
2020-11-06,67.827034,70.594635,67.528717,69.950455,69.950455,466393754
2020-11-07,69.950455,71.992332,65.316605,66.695496,66.695496,427788537
2020-11-08,66.695496,69.04155,65.928215,68.034088,68.034088,344278928
2020-11-09,68.033974,68.985634,66.513855,68.060219,68.060219,367027946
2020-11-10,68.066292,69.598511,67.56115,68.894073,68.894073,372107708
2020-11-11,68.893761,71.55896,68.804718,69.428215,69.428215,378205634
2020-11-12,69.42672,79.641212,68.719704,78.022491,78.022491,679481178
2020-11-13,78.021439,79.322739,75.954811,77.57473,77.57473,397587053
2020-11-14,77.57473,79.31749,74.827415,77.312424,77.312424,423082127
2020-11-15,77.312424,77.510887,73.731224,75.122238,75.122238,389160484
2020-11-16,75.122231,82.348892,74.745277,80.616989,80.616989,449422369
2020-11-17,82.016823,83.544312,80.168144,83.070839,83.070839,455265974
2020-11-18,83.070145,83.504868,77.281075,80.001083,80.001083,490748196
2020-11-19,80.000053,84.124329,77.958778,82.100296,82.100296,441493519
2020-11-20,82.101318,84.563019,82.101318,83.207108,83.207108,423669964
2020-11-21,83.2071,93.951385,83.2071,93.883911,93.883911,705601011
2020-11-22,93.883919,94.932991,86.106392,90.283028,90.283028,760879685
2020-11-23,90.283104,95.238152,89.529503,94.115219,94.115219,704952708
2020-11-24,94.118896,122.28368,92.474716,114.0336,114.0336,1677709732
2020-11-25,114.03397,115.6612,98.94046,102.38101,102.38101,1136897955
2020-11-26,102.3598,103.98386,84.228798,91.581535,91.581535,1065755512
2020-11-27,91.596397,95.533562,87.752022,92.194405,92.194405,727371360
2020-11-28,92.203995,112.78637,91.195412,109.49894,109.49894,1023057277
2020-11-29,109.49147,114.04301,104.44414,108.27611,108.27611,1095154976
2020-11-30,108.2739,117.33415,106.76407,112.9161,112.9161,1123998506
2020-12-01,112.90811,115.90543,102.78967,104.27486,104.27486,1015518319
2020-12-02,104.26904,107.67178,100.83288,105.37058,105.37058,784922147
2020-12-03,105.38875,108.28587,104.06705,107.59293,107.59293,572532764
2020-12-04,107.59663,110.35015,97.698128,99.396233,99.396233,572576993
2020-12-05,99.362297,103.45878,96.92643,102.99451,102.99451,490124327
2020-12-06,102.99061,104.47527,99.459785,102.18927,102.18927,492907265
2020-12-07,102.17899,104.39581,100.87649,101.71752,101.71752,457371632
2020-12-08,101.72223,101.7421,94.134209,94.947159,94.947159,440498771
2020-12-09,94.941795,95.84565,89.018837,95.530319,95.530319,472674233
2020-12-10,95.530251,95.897446,91.248161,93.104958,93.104958,288143376
2020-12-11,93.112083,95.006599,87.930023,93.346138,93.346138,378218764
2020-12-12,93.334473,97.257294,93.211372,94.732491,94.732491,306478920
2020-12-13,94.728935,99.127983,93.809288,97.438385,97.438385,297721177
2020-12-14,97.443222,97.567741,94.499664,96.64875,96.64875,299897458
2020-12-15,96.647278,97.400818,94.332344,96.927231,96.927231,299872939
2020-12-16,96.919754,104.92966,94.784523,104.78852,104.78852,534037791
2020-12-17,104.7969,115.31933,101.54629,108.36002,108.36002,784050790
2020-12-18,108.379,113.72668,104.16558,108.03687,108.03687,711303071
2020-12-19,108.03561,112.26531,105.77386,108.45141,108.45141,586663017
2020-12-20,108.4441,114.19598,104.5938,109.4947,109.4947,702192975
2020-12-21,109.50102,119.13214,102.28716,104.36732,104.36732,803157863
2020-12-22,104.3297,106.14722,96.686317,105.55389,105.55389,785087708
2020-12-23,105.53958,106.02187,87.651283,91.116631,91.116631,634717092
2020-12-24,91.147964,99.30278,87.823273,98.342682,98.342682,560377122
2020-12-25,98.336311,105.03182,95.991791,103.24015,103.24015,693024636
2020-12-26,103.2355,112.00052,102.62563,107.67297,107.67297,817941760
2020-12-27,107.69157,112.77784,92.233421,107.36255,107.36255,906791476
2020-12-28,107.36956,110.65685,104.77178,107.27,107.27,824960420
2020-12-29,107.24206,108.51883,99.360741,104.04059,104.04059,725711431
2020-12-30,104.03659,105.26399,99.333244,101.68365,101.68365,627344407
2020-12-31,101.68986,102.2225,97.292336,99.605362,99.605362,503410473
2021-01-01,99.601006,102.76171,86.848511,88.241707,88.241707,853438257
2021-01-02,88.267975,93.446022,85.427505,86.969772,86.969772,850378682
2021-01-03,86.994598,91.711014,85.384781,89.069138,89.069138,724060416
2021-01-04,89.129463,96.565292,85.944817,88.797173,88.797173,729411303
2021-01-05,88.804871,90.140236,86.21698,89.102776,89.102776,612664956
2021-01-06,89.121979,94.98407,88.315155,94.294861,94.294861,760044337
2021-01-07,94.317963,107.51936,92.875381,99.259453,99.259453,1019678788
2021-01-08,99.281548,100.6239,92.628662,96.63829,96.63829,867611933
2021-01-09,96.617622,110.93095,94.539848,110.03205,110.03205,897302736
2021-01-10,110.01843,156.67105,110.01843,148.38364,148.38364,3555132592
2021-01-11,148.32626,148.32626,107.51263,124.72436,124.72436,2990132031
2021-01-12,124.63209,135.21344,117.14024,127.91224,127.91224,1811403552
2021-01-13,127.85837,137.19728,120.49062,133.2099,133.2099,1342637586
2021-01-14,133.17931,136.67462,129.7276,132.72243,132.72243,1073841340
2021-01-15,132.73798,135.89827,118.30051,124.52399,124.52399,978641165
2021-01-16,124.49589,131.61226,121.71443,125.3652,125.3652,858993446
2021-01-17,125.35258,126.81482,120.72619,123.3792,123.3792,739219388
2021-01-18,123.41008,131.77934,121.51243,129.23853,129.23853,810244066
2021-01-19,129.24529,134.28618,124.76846,125.13438,125.13438,776404436
2021-01-20,125.07887,127.05208,112.95385,121.20067,121.20067,1069448780
2021-01-21,121.22916,121.46603,100.06975,100.08177,100.08177,1002780700
2021-01-22,100.02433,107.98335,94.874763,105.16367,105.16367,948645119
2021-01-23,105.07363,109.84764,102.78411,105.21566,105.21566,637660643
2021-01-24,105.21481,110.70543,103.95529,106.19976,106.19976,639950443
2021-01-25,106.18152,112.82581,105.31203,105.31409,105.31409,655837687
2021-01-26,105.28696,106.10923,100.7782,104.9112,104.9112,621743545
2021-01-27,104.90595,104.97117,94.876724,96.924866,96.924866,495451767
2021-01-28,96.915146,105.25681,95.190147,102.79783,102.79783,526733387
2021-01-29,105.04205,109.82986,101.56577,104.79982,104.79982,757799245
2021-01-30,104.80044,105.9288,100.71265,104.87331,104.87331,496657726
2021-01-31,104.93961,106.18877,100.47823,102.56927,102.56927,440551352
2021-02-01,102.58016,105.64032,100.50283,103.65044,103.65044,509556195
2021-02-02,103.63937,110.60632,103.55124,109.90974,109.90974,597159301
2021-02-03,109.89642,118.2001,109.89642,116.57481,116.57481,855576972
2021-02-04,116.57832,118.27294,110.86417,111.23391,111.23391,696241427
2021-02-05,111.24853,122.22221,111.03336,120.24927,120.24927,870586751
2021-02-06,120.23173,122.75504,116.55733,119.0777,119.0777,898139295
2021-02-07,119.07315,121.73304,113.01013,118.50477,118.50477,786948204
2021-02-08,118.48341,126.38786,115.0869,126.35947,126.35947,954459710
2021-02-09,126.3578,136.6925,124.72215,136.6925,136.6925,1042676789
2021-02-10,136.6438,148.60887,129.52386,139.60767,139.60767,1301958364
2021-02-11,139.58867,166.49471,138.59488,164.82019,164.82019,2026282373
2021-02-12,164.72055,172.94943,157.64375,169.92604,169.92604,1519166040
2021-02-13,169.90292,288.90707,169.90292,266.84491,266.84491,6608968746
2021-02-14,266.63617,277.42899,224.33615,231.9169,231.9169,3294365887
2021-02-15,231.76466,287.41824,199.29097,257.74792,257.74792,5224352287
2021-02-16,257.34891,271.77463,244.07736,248.98865,248.98865,3187096615
2021-02-17,249.02625,269.75867,236.56448,266.26105,266.26105,2871915928
2021-02-18,266.25906,301.73807,258.69904,282.00851,282.00851,2599762509
2021-02-19,282.08411,335.15338,271.67682,325.25305,325.25305,3412159925
2021-02-20,325.07581,331.56296,285.28473,298.68665,298.68665,2252686283
2021-02-21,298.4093,315.09879,291.36316,301.69318,301.69318,1631185275
2021-02-22,301.67892,302.01071,229.88583,272.05618,272.05618,2185019837
2021-02-23,272.05795,272.05795,201.89931,229.62859,229.62859,2201370879
2021-02-24,229.81158,262.32816,219.49234,238.38994,238.38994,2019337660
2021-02-25,238.32401,248.10155,218.50011,218.50011,218.50011,1429341215
2021-02-26,218.62331,222.9122,202.55864,206.70166,206.70166,1242484945
2021-02-27,206.75865,223.33368,206.32164,211.6562,211.6562,1057227406
2021-02-28,211.64122,211.68555,183.72324,196.2719,196.2719,1071650294
2021-03-01,196.3196,223.28561,196.3196,223.28,223.28,1105912502
2021-03-02,223.42628,228.5896,210.01003,216.19159,216.19159,1211726863
2021-03-03,216.20926,234.79799,214.45287,223.57184,223.57184,1011999703
2021-03-04,223.51288,229.23143,206.74231,211.21237,211.21237,1006496431
2021-03-05,211.19888,211.3416,196.88553,206.41808,206.41808,901816499
2021-03-06,206.38515,210.50159,200.76364,208.97939,208.97939,614305811
2021-03-07,208.98738,214.36563,206.77948,214.23692,214.23692,621217474
2021-03-08,214.24066,218.47171,206.77711,218.2067,218.2067,693452143
2021-03-09,218.18851,245.09032,214.95656,244.65338,244.65338,1178891543
2021-03-10,244.57832,249.49463,227.2653,234.91635,234.91635,1254504152
2021-03-11,234.79381,243.32468,225.99744,235.39496,235.39496,1048527347
2021-03-12,235.4364,239.17439,216.94658,225.53154,225.53154,1012487778
2021-03-13,225.52872,243.93819,218.09975,243.48358,243.48358,949448369
2021-03-14,243.42961,249.57535,232.69597,232.74283,232.74283,980555582
2021-03-15,232.60509,239.62276,219.03452,221.19441,221.19441,955206738
2021-03-16,221.16547,224.85112,211.60727,223.32272,223.32272,820597601
2021-03-17,223.34814,230.54839,217.61624,229.13754,229.13754,784151205
2021-03-18,229.15207,236.64244,220.14015,226.49794,226.49794,786601756
2021-03-19,226.43306,231.64757,220.94893,226.57208,226.57208,626166437
2021-03-20,226.56396,236.53271,225.46033,228.11803,228.11803,629890585
2021-03-21,228.10262,230.89383,219.87842,221.1624,221.1624,645971747
2021-03-22,221.18919,222.71794,207.07356,207.91243,207.91243,676973660
2021-03-23,207.86301,213.40714,204.19608,207.84616,207.84616,687882091
2021-03-24,207.79634,214.27582,191.51273,192.27434,192.27434,671612180
2021-03-25,192.20807,196.26697,183.59351,189.76625,189.76625,724149733
2021-03-26,189.75345,203.5929,189.02368,203.5929,203.5929,525507651
2021-03-27,203.5849,204.73178,194.04897,201.6759,201.6759,551880419
2021-03-28,201.65677,207.05467,197.27187,207.0482,207.0482,511666410
2021-03-29,207.06218,217.41083,204.31778,214.62572,214.62572,674897514
2021-03-30,214.62094,219.47736,210.95734,216.64932,216.64932,608640495
2021-03-31,216.66512,225.14784,206.84915,222.53558,222.53558,806868682
2021-04-01,222.55956,237.12633,222.08749,234.10249,234.10249,1038026951
2021-04-02,234.05875,250.32584,229.86223,245.21214,245.21214,1035973631
2021-04-03,245.09448,250.05698,224.4258,224.99576,224.99576,869640080
2021-04-04,224.96521,276.82651,224.60243,272.31476,272.31476,1852340608
2021-04-05,272.05371,277.69308,255.81853,273.76862,273.76862,1317240464
2021-04-06,273.76846,281.90765,258.52661,276.66208,276.66208,1365215746
2021-04-07,276.42877,293.27228,246.71208,253.84904,253.84904,1910141132
2021-04-08,254.12044,269.73346,251.91844,267.17636,267.17636,922046589
2021-04-09,267.25067,273.94928,262.06012,264.93454,264.93454,685526584
2021-04-10,265.33719,285.76062,263.728,282.8512,282.8512,961172191
2021-04-11,283.27823,294.84967,279.14731,287.88919,287.88919,1007061046
2021-04-12,287.20901,297.78717,272.81821,280.6748,280.6748,915233947
2021-04-13,280.50256,300.94424,277.54581,293.06168,293.06168,993026557
2021-04-14,293.39816,318.85965,286.13062,305.83206,305.83206,1611215742
2021-04-15,305.80704,329.90213,299.31412,327.75601,327.75601,1258154914
2021-04-16,326.64224,394.9054,320.26532,381.25388,381.25388,2865337404
2021-04-17,379.78641,410.08707,357.09024,360.3804,360.3804,2231516733
2021-04-18,360.09222,364.34048,263.14789,315.99826,315.99826,2505947999
2021-04-19,317.21112,326.12299,278.98309,294.12933,294.12933,1957877989
2021-04-20,293.76102,329.32608,275.64005,317.69293,317.69293,2203496699
2021-04-21,317.91391,327.88602,293.60614,295.86612,295.86612,1536839516
2021-04-22,295.17188,313.00504,274.96573,276.80704,276.80704,1502504913
2021-04-23,276.53586,282.03036,236.08003,262.66776,262.66776,1878698066
2021-04-24,262.78745,262.97766,242.03085,246.57182,246.57182,964012143
2021-04-25,246.90623,268.90265,233.79836,246.45766,246.45766,838949843
2021-04-26,246.98318,279.75226,244.74086,278.73843,278.73843,800203091
2021-04-27,278.79965,292.6409,274.81418,292.6409,292.6409,753391271
2021-04-28,292.8703,298.40921,276.26758,288.95145,288.95145,822105758
2021-04-29,288.94168,289.48282,274.2915,286.63293,286.63293,623712344
2021-04-30,286.52481,329.86459,282.55527,319.17087,319.17087,1018489951
2021-05-01,319.5791,327.91492,309.38547,322.04651,322.04651,673913060
2021-05-02,322.05365,323.71341,304.06335,315.03632,315.03632,550401852
2021-05-03,315.25116,342.31888,314.82285,342.01645,342.01645,991104776
2021-05-04,342.42023,382.96896,316.55722,361.72546,361.72546,2036926537
2021-05-05,360.59055,419.25882,358.66064,395.66721,395.66721,2149183028
2021-05-06,396.69226,453.09213,373.92859,440.88675,440.88675,2354235329
2021-05-07,443.39276,476.85037,393.7059,405.46387,405.46387,2133850618
2021-05-08,404.8869,427.87946,393.21231,409.18915,409.18915,1135391473
2021-05-09,408.07159,410.06131,375.77216,405.00043,405.00043,1217318310
2021-05-10,406.05029,430.61389,361.63965,371.0571,371.0571,1322050147
2021-05-11,371.3241,433.13712,360.97827,426.68832,426.68832,1517364881
2021-05-12,426.6109,438.79727,354.18372,354.18372,354.18372,1642234881
2021-05-13,359.41586,383.75391,337.98859,357.28485,357.28485,1451316249
2021-05-14,357.10922,385.49164,355.1684,371.08786,371.08786,823757437
2021-05-15,371.36533,374.60141,334.2529,336.12668,336.12668,878121486
2021-05-16,336.03659,366.94409,312.1044,331.59592,331.59592,904943002
2021-05-17,331.62122,331.69748,282.05814,294.48627,294.48627,1192175519
2021-05-18,294.19949,318.10446,291.49515,304.90106,304.90106,778949956
2021-05-19,304.98862,309.91885,143.28857,191.43124,191.43124,1520836203
2021-05-20,190.70427,238.21117,166.59889,228.41284,228.41284,1527436886
2021-05-21,227.18347,235.51176,165.95892,188.72919,188.72919,1146362883
2021-05-22,188.93462,193.99234,170.49597,178.26036,178.26036,970168073
2021-05-23,178.5154,184.11128,123.57703,151.47514,151.47514,1140479438
2021-05-24,150.74538,200.55032,147.20151,199.95258,199.95258,1070621226
2021-05-25,200.84888,215.2744,179.30188,195.23517,195.23517,1085999061
2021-05-26,195.3764,221.53564,192.01176,214.20227,214.20227,939752408
2021-05-27,214.26865,214.72011,192.38049,203.32568,203.32568,617079236
2021-05-28,204.37932,206.16118,171.80788,183.18652,183.18652,705882785
2021-05-29,183.11374,209.90408,170.92467,176.79044,176.79044,890563201
2021-05-30,176.76036,190.31357,166.23364,182.08855,182.08855,546210949
2021-05-31,181.90474,198.54219,173.40627,197.80145,197.80145,564620078
2021-06-01,197.74005,201.13882,184.81493,191.51205,191.51205,513333529
2021-06-02,191.54539,209.09283,187.16454,202.53581,202.53581,563175755
2021-06-03,202.56279,215.69785,198.7666,209.75862,209.75862,562713903
2021-06-04,210.28532,210.28532,181.23021,191.68956,191.68956,589470633
2021-06-05,191.61044,198.46193,179.80972,185.27235,185.27235,474716119
2021-06-06,185.3327,193.34209,182.62703,185.73808,185.73808,427376367
2021-06-07,185.73799,193.44458,170.71042,171.60997,171.60997,445520961
2021-06-08,172.18073,174.9574,153.57751,166.7838,166.7838,523814825
2021-06-09,166.41501,177.5253,158.51874,176.42685,176.42685,533792701
2021-06-10,176.75703,179.60109,165.11316,169.81427,169.81427,435046712
2021-06-11,170.12387,173.98421,163.71298,165.6772,165.6772,378137090
2021-06-12,165.81786,165.81786,154.75523,163.69643,163.69643,386661021
2021-06-13,163.68228,172.72383,157.53061,172.72383,172.72383,390841392
2021-06-14,172.54042,177.84995,167.96049,173.92776,173.92776,392726190
2021-06-15,174.3571,179.06367,169.94342,175.83012,175.83012,433727706
2021-06-16,172.17209,174.65349,163.57945,164.14343,164.14343,392735595
2021-06-17,164.3967,173.82803,160.87813,163.80185,163.80185,380577679
2021-06-18,164.02878,164.80864,151.36128,154.957,154.957,332212067
2021-06-19,155.39386,160.55949,151.58067,152.0313,152.0313,350474201
2021-06-20,151.61105,155.44188,141.754,153.69899,153.69899,376659215
2021-06-21,153.46715,154.06413,123.09232,123.29506,123.29506,442473309
2021-06-22,123.38094,131.24135,102.38451,119.16286,119.16286,534503922
2021-06-23,119.29025,131.5666,114.28709,126.29235,126.29235,402998093
2021-06-24,127.46767,134.39282,120.67315,131.04478,131.04478,325214254
2021-06-25,131.18805,134.42795,119.2709,120.758,120.758,383181895
2021-06-26,120.32001,126.14303,115.39206,124.37985,124.37985,369496382
2021-06-27,124.34595,127.35411,118.43032,127.00121,127.00121,336668225
2021-06-28,127.19075,133.96028,124.83617,131.7851,131.7851,329828468
2021-06-29,132.09425,147.83145,130.59724,139.9272,139.9272,388540003
2021-06-30,140.61972,146.47438,134.30252,145.26648,145.26648,398561753
2021-07-01,145.23122,145.40802,133.34814,138.60922,138.60922,323049028
2021-07-02,138.36397,140.41716,129.76921,135.52635,135.52635,263551412
2021-07-03,135.45172,139.99339,132.48645,138.65727,138.65727,490085302
2021-07-04,138.67465,143.38316,133.89589,140.27217,140.27217,566323376
2021-07-05,140.24159,140.24159,129.8945,132.82016,132.82016,440781148
2021-07-06,132.76912,138.30678,132.02509,134.89746,134.89746,480938514
2021-07-07,134.95285,139.25861,133.64317,134.56688,134.56688,459796298
2021-07-08,134.9393,134.99211,123.95349,126.60303,126.60303,432304816
2021-07-09,126.46139,130.3118,121.2987,128.49626,128.49626,387036107
2021-07-10,128.49762,130.87917,125.42706,128.33372,128.33372,367697118
2021-07-11,128.40161,130.76898,125.36531,128.36778,128.36778,353031433
2021-07-12,128.3967,134.76064,125.41924,126.99866,126.99866,406624425
2021-07-13,126.8816,127.5418,121.94925,123.80885,123.80885,286178472
2021-07-14,123.88075,124.63002,116.04954,123.2285,123.2285,206940058
2021-07-15,123.18039,124.97218,116.58034,121.90779,121.90779,243783447
2021-07-16,122.51295,124.14604,114.81664,115.11602,115.11602,245144637
2021-07-17,114.91767,118.89695,113.50127,116.0704,116.0704,218701532
2021-07-18,116.18494,121.90755,115.01382,116.13453,116.13453,200957922
2021-07-19,115.97222,173.88168,109.69166,137.52771,137.52771,1042361613
2021-07-20,137.91597,145.86852,115.66167,125.65971,125.65971,804112883
2021-07-21,125.3287,151.15628,124.55318,138.45128,138.45128,696392547
2021-07-22,138.8593,146.41161,135.7002,142.17647,142.17647,426704587
2021-07-23,142.2782,145.53888,135.60742,142.81348,142.81348,306965613
2021-07-24,142.78986,148.91217,138.43767,141.20734,141.20734,350118499
2021-07-25,141.02065,143.0237,136.69516,139.80911,139.80911,263664626
2021-07-26,139.8156,156.86984,139.06459,142.54939,142.54939,466936156
2021-07-27,142.39079,147.58542,137.75356,146.04927,146.04927,318016231
2021-07-28,146.2818,156.40549,143.22742,152.51479,152.51479,366957734
2021-07-29,152.78322,164.96051,148.19849,164.96051,164.96051,340858904
2021-07-30,164.93764,167.13707,153.84143,165.60057,165.60057,332819476
2021-07-31,165.33044,168.12335,159.86729,164.20956,164.20956,251979423
2021-08-01,163.62306,172.92896,159.07863,160.55913,160.55913,289611333
2021-08-02,160.34755,164.24911,156.44794,161.91682,161.91682,250979391
2021-08-03,161.85127,163.85925,153.58997,156.14639,156.14639,230785199
2021-08-04,156.40166,163.51094,151.22362,161.37321,161.37321,281435788
2021-08-05,161.51418,165.14494,155.53621,164.41801,164.41801,272756818
2021-08-06,164.4622,168.19826,160.42719,166.79279,166.79279,287298504
2021-08-07,167.20653,173.50822,164.84599,170.35599,170.35599,362997260
2021-08-08,170.35922,172.19524,159.68767,161.66107,161.66107,301359805
2021-08-09,161.70148,181.04645,156.98776,179.44493,179.44493,384069406
2021-08-10,179.19923,179.85858,169.44347,175.8022,175.8022,320694302
2021-08-11,175.85973,188.02646,175.69031,181.98274,181.98274,365410164
2021-08-12,181.78908,190.35486,170.74869,179.905,179.905,369137194
2021-08-13,180.33891,202.08688,178.19408,202.01028,202.01028,349726001
2021-08-14,203.59236,203.59236,191.12692,199.1013,199.1013,385704779
2021-08-15,199.09879,216.28152,191.83972,215.16953,215.16953,410848526
2021-08-16,215.87436,216.73547,199.93433,202.09328,202.09328,355403656
2021-08-17,201.29962,211.34509,186.34581,194.60391,194.60391,424686878
2021-08-18,194.69789,213.36661,187.29518,210.22153,210.22153,432819051
2021-08-19,209.88892,220.76953,199.23387,220.02148,220.02148,397627914
2021-08-20,219.97116,235.31728,218.38705,232.82538,232.82538,502645254
2021-08-21,232.84952,248.34988,227.13039,237.39931,237.39931,457024634
2021-08-22,237.38956,256.67566,231.56093,255.03618,255.03618,450736739
2021-08-23,255.37674,284.52771,255.11029,270.2229,270.2229,766873031
2021-08-24,270.82016,273.99539,246.36331,248.44038,248.44038,438772278
2021-08-25,248.7989,264.03049,239.59079,264.03049,264.03049,438950533
2021-08-26,264.57745,264.72455,230.84221,232.43977,232.43977,407796967
2021-08-27,232.40968,243.40553,222.63594,242.22357,242.22357,379532600
2021-08-28,242.52386,243.11998,234.65819,236.49535,236.49535,250451165
2021-08-29,236.6794,247.20612,225.57115,225.57115,225.57115,353287434
2021-08-30,225.54602,230.72144,215.6326,216.54463,216.54463,328600110
2021-08-31,216.67441,228.69261,212.88663,223.87805,223.87805,304074438
2021-09-01,223.99173,240.25957,216.31606,238.95978,238.95978,343376626
2021-09-02,238.95416,245.91029,236.30473,239.12476,239.12476,313241534
2021-09-03,239.08667,251.25996,233.463,247.52658,247.52658,347142392
2021-09-04,247.34952,256.02213,245.97858,251.78694,251.78694,333591204
2021-09-05,251.74896,268.42108,248.70393,263.67172,263.67172,398178367
2021-09-06,263.92035,265.03781,250.67041,255.46983,255.46983,374209680
2021-09-07,255.64993,256.42395,188.29884,206.56009,206.56009,708160576
2021-09-08,206.60745,211.89577,185.30725,201.69893,201.69893,525669653
2021-09-09,197.84737,207.52104,195.64987,202.43266,202.43266,376511480
2021-09-10,202.52051,214.72475,187.81871,193.13838,193.13838,391014397
2021-09-11,192.89067,203.72984,192.02792,194.0475,194.0475,276045630
2021-09-12,194.12584,206.2088,189.36009,203.87416,203.87416,252373697
2021-09-13,203.9653,213.07466,187.27565,196.51749,196.51749,382649738
2021-09-14,196.67441,205.42,195.07642,205.42,205.42,273496839
2021-09-15,205.67476,209.38995,202.85522,208.89665,208.89665,240019102
2021-09-16,208.85219,219.43512,203.32762,208.36818,208.36818,364055232
2021-09-17,208.30623,209.38251,195.59555,198.48216,198.48216,263863625
2021-09-18,198.66257,205.27901,195.42691,199.40604,199.40604,222326039
2021-09-19,199.32979,200.98395,190.80025,192.93634,192.93634,219206184
2021-09-20,193.11665,193.51942,167.91026,168.96347,168.96347,391447336
2021-09-21,170.08804,176.94244,155.19853,157.12279,157.12279,338917658
2021-09-22,156.96512,176.22025,154.39233,175.76117,175.76117,247726037
2021-09-23,175.51237,184.66376,171.8763,184.58655,184.58655,309651225
2021-09-24,184.67168,185.22864,157.41125,165.6409,165.6409,347810483
2021-09-25,165.63899,171.24428,159.95055,164.46683,164.46683,254778049
2021-09-26,164.63806,165.17624,150.89906,162.02965,162.02965,270113297
2021-09-27,162.45518,167.45734,153.77713,153.99777,153.99777,236545645
2021-09-28,153.74796,158.34561,146.49585,147.27434,147.27434,245935879
2021-09-29,147.36186,160.26016,146.61969,152.74338,152.74338,252111276
2021-09-30,152.66418,168.57007,152.12326,165.9431,165.9431,248263970
2021-10-01,166.1147,177.03818,163.52591,176.81807,176.81807,289063045
2021-10-02,176.82501,182.80028,172.0065,177.81581,177.81581,221222715
2021-10-03,177.87457,182.09111,173.98279,177.95457,177.95457,232617607
2021-10-04,178.03384,179.48076,168.49751,173.84404,173.84404,246696454
2021-10-05,174.09918,184.56248,171.91486,182.54489,182.54489,213249610
2021-10-06,182.63107,189.59113,171.20029,185.45024,185.45024,304729088
2021-10-07,185.15323,197.70514,180.06339,188.99538,188.99538,363070718
2021-10-08,189.00008,197.58359,186.79443,189.46445,189.46445,259926409
2021-10-09,189.1333,194.1434,186.95578,193.05777,193.05777,226466774
2021-10-10,193.38437,195.29688,181.85884,183.06816,183.06816,219578659
2021-10-11,182.73874,190.98207,178.50533,183.10873,183.10873,234620894
2021-10-12,183.21484,183.21484,170.70259,180.81192,180.81192,284102859
2021-10-13,180.65387,183.79106,173.32387,183.5287,183.5287,270938323
2021-10-14,183.26028,189.41455,182.5945,186.22612,186.22612,229046228
2021-10-15,186.56102,194.68806,182.16888,193.55446,193.55446,276714793
2021-10-16,193.81613,197.83453,189.99553,190.28453,190.28453,251573048
2021-10-17,190.19002,192.62688,179.79822,186.28494,186.28494,224888966
2021-10-18,186.20123,190.3488,180.94745,186.84331,186.84331,231171852
2021-10-19,186.83688,194.30591,186.26604,193.91063,193.91063,259760588
2021-10-20,193.92412,205.44925,189.73865,201.2011,201.2011,292566498
2021-10-21,201.48566,207.97044,194.2645,196.72302,196.72302,319556955
2021-10-22,196.62442,203.19165,193.1675,195.1039,195.1039,255517129
2021-10-23,195.26657,198.7533,191.72719,197.80263,197.80263,216557611
2021-10-24,197.80786,213.99512,197.0166,202.89235,202.89235,467595452
2021-10-25,202.78069,209.75285,201.4592,208.06024,208.06024,309729813
2021-10-26,208.24471,208.24471,196.24197,198.62988,198.62988,264223843
2021-10-27,198.54713,201.90102,172.8098,174.71814,174.71814,388948357
2021-10-28,174.61792,186.48003,173.63402,182.91602,182.91602,349382183
2021-10-29,182.75583,188.91949,181.98907,187.73859,187.73859,245579577
2021-10-30,187.82454,189.34926,180.04779,183.89366,183.89366,241120566
2021-10-31,184.09657,199.68085,183.6304,192.58855,192.58855,353268063
2021-11-01,192.75952,195.05193,184.41302,189.61612,189.61612,268557218
2021-11-02,189.59616,202.45155,187.53172,200.01054,200.01054,274621635
2021-11-03,200.09645,204.8038,193.49507,201.43147,201.43147,340689230
2021-11-04,201.34399,204.41841,193.97595,199.17445,199.17445,293185643
2021-11-05,199.15552,199.8326,191.96162,195.00296,195.00296,218909220
2021-11-06,194.75008,197.37082,185.64905,191.31323,191.31323,227936863
2021-11-07,191.37659,194.09372,189.94258,194.09372,194.09372,190641077
2021-11-08,194.1938,213.04053,193.82979,212.01598,212.01598,362787707
2021-11-09,211.92279,238.61351,211.40318,234.65283,234.65283,776640035
2021-11-10,234.44449,247.34016,209.48878,217.75218,217.75218,648066962
2021-11-11,217.92281,235.01176,213.61136,233.68137,233.68137,466020593
2021-11-12,232.62929,235.80363,212.41769,221.60921,221.60921,359359130
2021-11-13,221.41679,230.32704,217.46294,229.17072,229.17072,312545605
2021-11-14,228.98349,231.92596,220.23338,228.86644,228.86644,254714865
2021-11-15,228.9077,239.86014,223.93272,223.93272,223.93272,332157118
2021-11-16,224.75671,224.75671,190.43607,198.82083,198.82083,463892709
2021-11-17,198.778,200.62875,184.89876,189.34682,189.34682,416301676
2021-11-18,189.50142,190.75183,170.62842,175.64333,175.64333,396506323
2021-11-19,175.54604,189.58861,174.40007,189.42133,189.42133,344578051
2021-11-20,189.46895,198.01353,186.66879,193.73323,193.73323,331099450
2021-11-21,193.608,208.01816,187.44652,207.73735,207.73735,356796878
2021-11-22,207.57686,208.58777,189.47499,197.03763,197.03763,453079490
2021-11-23,197.81161,201.04134,185.24519,187.50278,187.50278,363527858
2021-11-24,187.65237,204.77933,184.9908,189.7861,189.7861,379220106
2021-11-25,204.11574,215.20523,202.2567,205.82138,205.82138,483594793
2021-11-26,214.47862,215.26656,180.70291,182.50731,182.50731,386887673
2021-11-27,183.27347,189.53725,180.89752,182.74925,182.74925,277545572
2021-11-28,182.82404,183.14862,165.72453,178.66638,178.66638,385196149
2021-11-29,178.99097,184.45735,176.33669,182.09819,182.09819,268803884
2021-11-30,182.10513,186.1218,175.45465,179.64964,179.64964,301570941
2021-12-01,179.4292,185.53511,176.84917,178.57407,178.57407,250475555
2021-12-02,178.57716,178.57716,172.84204,175.88017,175.88017,228159898
2021-12-03,176.01343,180.07184,162.07809,167.47391,167.47391,241838069
2021-12-04,167.71358,167.73238,112.53181,142.40614,142.40614,533149481
2021-12-05,142.22252,144.94568,127.24322,134.71051,134.71051,355048620
2021-12-06,134.72398,139.82866,122.29731,138.18968,138.18968,354200891
2021-12-07,138.24948,143.89781,136.00868,138.59088,138.59088,265297501
2021-12-08,138.25487,148.63422,135.8842,147.11299,147.11299,327569191
2021-12-09,147.04201,150.70709,135.8511,136.6852,136.6852,329560425
2021-12-10,136.88333,141.40984,131.91866,133.28452,133.28452,257338073
2021-12-11,133.41582,141.51324,131.33896,140.51038,140.51038,201116006
2021-12-12,140.39833,140.78406,134.37032,138.79591,138.79591,156815988
2021-12-13,138.7039,140.13052,123.97839,126.48068,126.48068,190079126
2021-12-14,126.49052,132.16019,125.09212,127.62392,127.62392,220428389
2021-12-15,131.72852,136.54915,124.52715,134.12027,134.12027,244884704
2021-12-16,134.11002,136.05795,130.08691,130.4086,130.4086,192020433
2021-12-17,130.45209,132.37206,124.80402,128.49667,128.49667,204436176
2021-12-18,128.49432,132.50941,126.47404,130.02061,130.02061,177424774
2021-12-19,130.07986,133.10434,129.08746,129.21962,129.21962,178439395
2021-12-20,129.10344,130.1627,122.97066,127.11482,127.11482,205565453
2021-12-21,127.08437,134.77556,125.8991,133.84753,133.84753,201647388
2021-12-22,133.95544,140.07239,131.71048,135.06528,135.06528,228032255
2021-12-23,135.1402,147.31981,131.85083,146.01253,146.01253,258986265
2021-12-24,146.11407,156.67886,145.28252,148.83537,148.83537,328481919
2021-12-25,149.09453,153.65819,148.6524,150.01056,150.01056,210812610
2021-12-26,150.15778,150.75319,145.64468,149.44014,149.44014,181619559
2021-12-27,149.3497,155.75487,149.22708,150.25266,150.25266,190290862
2021-12-28,150.4166,150.63242,135.01201,135.10347,135.10347,247271899
2021-12-29,135.07178,136.94583,131.78012,133.33034,133.33034,203886793
2021-12-30,133.40364,135.65521,129.79024,133.4425,133.4425,198733831
2021-12-31,133.44482,141.27419,131.39917,134.0078,134.0078,246518787
2022-01-01,134.01961,139.17407,133.88574,137.95393,137.95393,164278057
2022-01-02,137.93916,142.91431,136.81805,142.06264,142.06264,165015795
2022-01-03,142.06749,142.63057,136.9715,139.25575,139.25575,171903823
2022-01-04,139.24442,139.57059,134.44707,134.84695,134.84695,192819379
2022-01-05,134.83548,136.90387,118.97528,123.2524,123.2524,230252361
2022-01-06,123.23253,125.26555,118.78098,124.662,124.662,205297843
2022-01-07,124.6591,134.17392,116.76408,133.95946,133.95946,376339215
2022-01-08,133.97433,144.6452,132.38771,142.31335,142.31335,462835472
2022-01-09,142.30708,153.24545,141.36612,153.16721,153.16721,363900674
2022-01-10,153.14886,154.03595,141.00432,148.22673,148.22673,366737607
2022-01-11,148.22502,155.26805,141.82196,141.97388,141.97388,262480215
2022-01-12,141.97015,144.37729,139.25395,143.52051,143.52051,256800135
2022-01-13,143.51747,144.48999,138.58244,140.89134,140.89134,230144501
2022-01-14,140.92142,146.25952,140.4415,141.51259,141.51259,245329236
2022-01-15,141.51822,142.0778,139.30725,141.83383,141.83383,165294158
2022-01-16,141.8175,142.6653,137.41748,137.54021,137.54021,179337101
2022-01-17,137.54581,138.11864,133.46739,135.83852,135.83852,198679172
2022-01-18,135.83965,136.84607,127.97791,130.86034,130.86034,197323020
2022-01-19,130.85941,131.84814,126.89245,127.28755,127.28755,196696258
2022-01-20,127.28088,133.5845,121.26097,121.2725,121.2725,107449349
2022-01-21,121.31307,122.19802,104.37716,105.79881,105.79881,256495054
2022-01-22,105.83784,107.1994,88.04689,97.131348,97.131348,366292718
2022-01-23,97.173943,100.7449,93.910042,99.350067,99.350067,225923702
2022-01-24,99.363983,99.841934,81.759689,90.380585,90.380585,356327328
2022-01-25,90.378685,92.005524,88.672081,89.692802,89.692802,188010508
2022-01-26,89.678856,97.848045,89.061531,92.897736,92.897736,205083867
2022-01-27,92.885803,93.852867,87.93248,91.596146,91.596146,189189753
2022-01-28,91.581032,95.764732,90.435333,95.630791,95.630791,167747267
2022-01-29,95.626122,97.347786,94.327522,96.424294,96.424294,128983455
2022-01-30,96.445969,97.927422,92.604385,93.106819,93.106819,144761307
2022-01-31,93.108765,94.708107,88.844154,94.392258,94.392258,156370988
2022-02-01,94.382278,97.484352,94.036514,97.2304,97.2304,131267143
2022-02-02,97.230042,99.353447,93.047806,93.132874,93.132874,127010855
2022-02-03,93.120132,94.575806,91.140602,94.575806,94.575806,121746690
2022-02-04,94.56675,102.95796,94.471977,102.93809,102.93809,161482747
2022-02-05,102.93702,106.29668,102.37158,103.77331,103.77331,166452343
2022-02-06,103.77506,108.6261,103.45871,108.55672,108.55672,154579924
2022-02-07,108.55799,116.70409,106.32684,115.99204,115.99204,185488703
2022-02-08,116.00568,119.16015,109.90123,112.85295,112.85295,208520628
2022-02-09,112.83691,117.6852,110.50639,115.14352,115.14352,177860573
2022-02-10,115.14253,117.26455,110.69797,112.01493,112.01493,202065423
2022-02-11,112.0183,114.26792,103.35665,104.09936,104.09936,191003604
2022-02-12,104.10224,106.50224,100.95621,103.88708,103.88708,159816456
2022-02-13,103.87852,105.64667,101.31229,102.79275,102.79275,148459024
2022-02-14,102.72604,104.61654,99.273544,103.98353,103.98353,143758484
2022-02-15,103.98026,109.70164,103.75661,109.46661,109.46661,135155313
2022-02-16,109.48586,115.90682,106.55385,115.5268,115.5268,206063755
2022-02-17,115.46458,118.3845,103.90305,104.74023,104.74023,253475505
2022-02-18,104.78339,110.47106,103.96344,105.3786,105.3786,193661150
2022-02-19,105.35885,106.60203,100.53778,102.51168,102.51168,160899920
2022-02-20,102.5004,102.5004,95.535095,98.303383,98.303383,167377593
2022-02-21,98.295822,101.34943,87.10981,87.264465,87.264465,244922448
2022-02-22,87.243622,93.658592,85.253014,93.59301,93.59301,193409266
2022-02-23,93.594254,96.099274,88.76683,88.76683,88.76683,163148587
2022-02-24,88.735634,89.400703,77.867737,87.784966,87.784966,266417217
2022-02-25,87.794708,93.802673,86.609802,92.745132,92.745132,175319245
2022-02-26,92.74575,95.181068,92.299675,93.487564,93.487564,141493597
2022-02-27,93.488747,95.328156,87.094643,88.292267,88.292267,163552223
2022-02-28,88.284019,100.3457,87.18914,100.27007,100.27007,186596228
2022-03-01,100.31213,102.53889,97.14473,99.879189,99.879189,198707774
2022-03-02,99.883598,103.18849,97.479942,100.94233,100.94233,207195040
2022-03-03,100.94165,102.52293,95.186554,96.774765,96.774765,189036766
2022-03-04,96.776024,96.911469,88.449684,89.45504,89.45504,170131654
2022-03-05,89.481888,90.26976,87.295082,89.622055,89.622055,136062468
2022-03-06,89.620331,90.49247,85.435997,86.000351,86.000351,145846539
2022-03-07,86.006668,90.387642,84.025345,86.167091,86.167091,180025302
2022-03-08,86.163406,96.874161,85.757332,96.874161,96.874161,221047671
2022-03-09,96.828667,101.502,96.030312,99.755585,99.755585,289154064
2022-03-10,99.751839,105.18899,93.515198,104.82414,104.82414,409226675
2022-03-11,104.83774,104.83774,95.29406,95.705467,95.705467,279699974
2022-03-12,95.702309,100.96325,95.489998,99.625237,99.625237,191064024
2022-03-13,99.559692,102.47909,92.989212,93.888756,93.888756,203202149
2022-03-14,93.895859,98.565453,92.831795,98.196114,98.196114,207171599
2022-03-15,98.186279,98.288918,93.22979,95.378166,95.378166,184333731
2022-03-16,95.372253,99.105347,95.245087,98.430611,98.430611,216518549
2022-03-17,98.431831,100.04218,96.435715,96.597794,96.597794,185536019
2022-03-18,96.586823,99.185204,93.719093,98.798645,98.798645,210553462
2022-03-19,98.797729,103.97614,98.797729,102.98871,102.98871,226653312
2022-03-20,102.9724,117.54158,101.61639,115.19501,115.19501,588382844
2022-03-21,115.23189,123.35654,113.04393,123.33521,123.33521,585329355
2022-03-22,123.31835,132.29326,122.06555,130.68311,130.68311,490442802
2022-03-23,130.67332,137.49466,127.00722,129.74461,129.74461,513591538
2022-03-24,129.74281,133.44131,124.21014,130.19185,130.19185,418174239
2022-03-25,130.19827,132.09993,122.95144,126.2883,126.2883,327272851
2022-03-26,126.28465,131.27951,125.91168,128.08485,128.08485,296229548
2022-03-27,128.09375,132.91368,125.68629,132.91368,132.91368,240315656
2022-03-28,132.91873,137.35695,127.42548,127.589,127.589,342837709
2022-03-29,127.54359,135.47404,127.54359,130.46147,130.46147,305371886
2022-03-30,130.45993,136.09384,127.66052,132.73474,132.73474,303217273
2022-03-31,132.73271,136.73129,126.14435,127.02091,127.02091,316669946
2022-04-01,127.0424,130.38464,122.60187,128.16241,128.16241,271060308
2022-04-02,128.16154,131.21606,126.82399,127.22073,127.22073,252333526
2022-04-03,127.20654,134.0135,125.16502,132.6671,132.6671,256080682
2022-04-04,132.65378,134.04486,126.31801,133.16158,133.16158,318768923
2022-04-05,133.17569,136.03786,127.23386,127.25584,127.25584,265181555
2022-04-06,127.25254,127.26934,114.03561,114.03561,114.03561,302188335
2022-04-07,114.07101,117.54446,112.20016,116.88786,116.88786,196284497
2022-04-08,116.90209,117.74382,109.29247,110.82192,110.82192,209983340
2022-04-09,110.80863,117.13863,110.80863,114.79099,114.79099,210028831
2022-04-10,114.7894,115.52686,111.07857,111.83714,111.83714,166292185
2022-04-11,111.78979,112.06264,99.250137,100.59423,100.59423,229687072
2022-04-12,100.6049,105.08418,100.05762,102.33059,102.33059,172988607
2022-04-13,102.32392,106.77982,101.38753,105.63808,105.63808,176459521
2022-04-14,105.61491,107.58276,101.88106,106.62736,106.62736,177659505
2022-04-15,106.62057,110.52316,106.20872,109.19276,109.19276,207746764
2022-04-16,109.18905,110.24207,106.98583,108.49428,108.49428,149604115
2022-04-17,108.48198,109.64141,104.43327,104.70516,104.70516,156791380
2022-04-18,104.6945,108.64032,101.42175,108.58356,108.58356,187987245
2022-04-19,108.58999,110.471,106.27834,109.60491,109.60491,172522652
2022-04-20,109.59436,109.59436,105.57796,107.11423,107.11423,165611618
2022-04-21,107.10329,109.6495,101.1108,102.28857,102.28857,201495335
2022-04-22,102.27592,105.88207,101.65485,103.73296,103.73296,179330825
2022-04-23,103.72856,104.29548,101.7543,102.17657,102.17657,134182952
2022-04-24,102.15556,102.39523,99.387917,100.07999,100.07999,136802622
2022-04-25,100.08121,100.11759,93.753914,99.633102,99.633102,190375614
2022-04-26,99.616455,101.17165,92.625145,93.270164,93.270164,166228289
2022-04-27,93.275696,96.249878,92.941345,95.617142,95.617142,146975193
2022-04-28,95.617935,99.449524,94.941269,96.568245,96.568245,176416279
2022-04-29,96.553185,99.187614,91.155571,92.269463,92.269463,174355114
2022-04-30,92.22039,94.322159,84.369614,85.083443,85.083443,171839373
2022-05-01,85.078964,90.390282,84.628868,90.14917,90.14917,160295250
2022-05-02,90.14225,90.891075,86.876778,89.343933,89.343933,138572851
2022-05-03,89.3396,90.624672,86.882675,88.205833,88.205833,134007278
2022-05-04,88.202484,95.795822,88.076752,95.790245,95.790245,158763057
2022-05-05,95.79184,97.372871,85.883179,87.6511,87.6511,182740179
2022-05-06,87.648415,88.004265,85.251236,87.709862,87.709862,166893657
2022-05-07,87.715263,87.743073,82.265427,83.694321,83.694321,140865185
2022-05-08,83.693428,85.227829,80.608025,82.970673,82.970673,159422267
2022-05-09,82.967537,85.201363,70.954712,70.954712,70.954712,244725150
2022-05-10,70.881638,78.753822,69.093597,73.38913,73.38913,273717448
2022-05-11,73.360901,74.499496,54.59024,57.903759,57.903759,362426529
2022-05-12,57.91531,60.97773,45.927013,54.081821,54.081821,311711217
2022-05-13,54.051842,62.343609,53.100075,58.136002,58.136002,176757470
2022-05-14,58.140064,61.273975,55.573971,61.162586,61.162586,139950186
2022-05-15,61.145672,62.906872,59.102173,62.885178,62.885178,160866441
2022-05-16,62.894943,62.942928,56.084705,57.784851,57.784851,153128236
2022-05-17,57.791714,60.910835,57.070358,60.231045,60.231045,130186079
2022-05-18,60.233459,61.228691,55.732231,55.737167,55.737167,137799656
2022-05-19,55.732887,58.971306,54.137062,58.530842,58.530842,137991570
2022-05-20,58.523251,59.982784,56.098221,57.545322,57.545322,135094690
2022-05-21,57.539921,57.989166,56.193985,57.093342,57.093342,120287221
2022-05-22,57.098881,61.693363,56.779961,61.611675,61.611675,127402816
2022-05-23,61.600147,64.599449,59.619602,59.780891,59.780891,150492906
2022-05-24,59.785889,62.352203,58.810986,62.303509,62.303509,134015812
2022-05-25,62.301243,63.971889,61.184757,62.155418,62.155418,137583432
2022-05-26,62.168064,63.283325,56.695099,58.572258,58.572258,139869691
2022-05-27,58.531376,58.778175,54.482925,54.898602,54.898602,131852424
2022-05-28,55.429184,56.932026,54.444813,56.649502,56.649502,109582934
2022-05-29,56.648678,57.814548,55.382442,57.790638,57.790638,101892088
2022-05-30,57.790691,63.207825,57.491413,63.116009,63.116009,133297246
2022-05-31,63.114346,65.059975,60.820957,64.580254,64.580254,139605547
2022-06-01,64.578293,67.536888,58.932819,59.577747,59.577747,157018610
2022-06-02,59.552963,60.139774,58.253857,59.931774,59.931774,119982857
2022-06-03,59.930035,59.954964,56.60817,58.225983,58.225983,118374818
2022-06-04,58.233379,59.078411,57.401764,58.722824,58.722824,94760300
2022-06-05,58.722797,59.187263,57.901718,58.644001,58.644001,91914026
2022-06-06,58.648792,61.870655,58.60519,60.108055,60.108055,111776347
2022-06-07,60.108459,60.69902,56.376011,58.531002,58.531002,125969371
2022-06-08,58.523228,59.144695,57.616364,58.107121,58.107121,101254056
2022-06-09,58.109684,58.522209,57.428696,57.778625,57.778625,88571397
2022-06-10,57.7733,57.885544,53.631641,54.020748,54.020748,114686034
2022-06-11,54.023651,54.591995,49.045017,49.130119,49.130119,121686372
2022-06-12,49.122093,49.539284,45.881611,46.427765,46.427765,127433888
2022-06-13,46.41814,46.41814,39.941319,42.313419,42.313419,163338509
2022-06-14,42.340687,44.063843,39.312202,43.653645,43.653645,121263110
2022-06-15,43.632465,45.807201,38.835453,45.807201,45.807201,118646348
2022-06-16,45.81152,46.206226,41.372326,41.791229,41.791229,89445834
2022-06-17,41.803631,44.146473,41.688416,43.66711,43.66711,85801988
2022-06-18,43.652954,44.193287,38.876286,41.686375,41.686375,90935203
2022-06-19,41.671791,45.01902,40.099518,44.286678,44.286678,89874366
2022-06-20,44.281334,46.074951,43.304131,45.413643,45.413643,95184663
2022-06-21,45.408157,48.374348,44.833035,47.028828,47.028828,97917497
2022-06-22,47.037579,47.105118,44.735741,45.284473,45.284473,81995980
2022-06-23,45.283459,48.77478,45.283459,48.689297,48.689297,85846214
2022-06-24,48.684586,52.493916,48.636776,51.815823,51.815823,91295723
2022-06-25,51.80788,52.72121,49.885757,52.307552,52.307552,84829117
2022-06-26,52.300304,53.164001,49.428284,49.439102,49.439102,77975046
2022-06-27,49.437069,51.566612,48.893967,49.224922,49.224922,76361799
2022-06-28,49.220661,49.783566,46.033035,46.306919,46.306919,77742009
2022-06-29,46.307495,46.919533,44.427559,44.528145,44.528145,84412296
2022-06-30,44.532318,44.822269,40.630344,42.274975,42.274975,91401378
2022-07-01,42.306007,43.172001,40.963184,41.732594,41.732594,90958223
2022-07-02,41.750957,43.232254,40.929676,42.893364,42.893364,67826134
2022-07-03,42.893715,43.391693,41.62915,42.77449,42.77449,68405558
2022-07-04,42.778725,44.431229,41.680664,44.35006,44.35006,73373818
2022-07-05,44.340416,44.757092,41.991302,43.196705,43.196705,77497198
2022-07-06,43.204716,44.621513,42.56197,44.264309,44.264309,71855230
2022-07-07,44.266098,46.287895,43.802887,46.063889,46.063889,80762661
2022-07-08,46.06319,47.081367,45.084606,45.947472,45.947472,86336977
2022-07-09,45.951176,48.109024,45.870407,47.872536,47.872536,73384871
2022-07-10,47.873138,47.873138,45.027103,45.213158,45.213158,75342741
2022-07-11,45.214275,45.214275,41.513355,41.576736,41.576736,73855954
2022-07-12,41.575806,42.090271,39.99918,40.027168,40.027168,91099308
2022-07-13,40.028763,42.442184,39.744106,42.442184,42.442184,121467827
2022-07-14,42.440086,43.739635,40.765411,43.658016,43.658016,105713317
2022-07-15,43.65691,44.695332,43.16312,43.34663,43.34663,83749409
2022-07-16,43.346008,44.957432,42.20314,44.833878,44.833878,70392980
2022-07-17,44.835884,46.988274,44.218525,46.055183,46.055183,84645021
2022-07-18,46.053932,49.549187,46.049343,49.044903,49.044903,118573183
2022-07-19,49.022915,50.742096,47.531258,50.193497,50.193497,160525460
2022-07-20,50.188019,50.785938,47.048157,47.225586,47.225586,135156629
2022-07-21,47.225819,48.392483,45.721848,48.132133,48.132133,124888213
2022-07-22,48.131676,50.702705,47.933186,48.499828,48.499828,100047356
2022-07-23,48.490166,50.173656,46.860634,47.781792,47.781792,90720699
2022-07-24,47.781456,49.962639,47.72493,49.021439,49.021439,76395175
2022-07-25,49.002285,49.234329,45.46492,45.46492,45.46492,84750171
2022-07-26,45.46471,45.46471,42.675751,43.968754,43.968754,83000651
2022-07-27,43.972965,48.03186,43.044395,48.03186,48.03186,100259521
2022-07-28,48.031727,53.372768,47.720966,52.426434,52.426434,116295117
2022-07-29,52.432037,54.350986,50.18428,50.883919,50.883919,107068198
2022-07-30,50.874134,53.411705,50.444904,50.67215,50.67215,102974477
2022-07-31,50.670532,53.79694,50.556217,51.1525,51.1525,101619996
2022-08-01,51.152031,52.442787,48.776154,49.66695,49.66695,68698739
2022-08-02,49.662933,50.079029,47.391937,48.689091,48.689091,98997477
2022-08-03,48.687572,50.386791,47.34531,48.712269,48.712269,88193803
2022-08-04,48.718033,50.319401,48.638969,49.396751,49.396751,82918548
2022-08-05,49.380066,52.237457,49.360638,52.231728,52.231728,103059595
2022-08-06,52.229279,53.383667,51.775703,52.5564,52.5564,82460408
2022-08-07,52.56551,54.518265,52.040009,53.359119,53.359119,96833693
2022-08-08,53.363461,56.059402,53.340572,56.059402,56.059402,105828584
2022-08-09,56.063049,57.923534,52.356163,52.953365,52.953365,119239905
2022-08-10,52.947056,54.97789,51.428082,54.517479,54.517479,104278172
2022-08-11,54.520439,56.940868,54.520439,55.64362,55.64362,98480842
2022-08-12,55.639088,56.359657,54.261814,56.187477,56.187477,88579801
2022-08-13,56.183971,57.454922,55.740494,56.975258,56.975258,93943077
2022-08-14,57.004772,58.021275,54.770374,55.087963,55.087963,85146812
2022-08-15,55.089092,56.786068,52.65036,53.23708,53.23708,89349920
2022-08-16,53.24855,53.651375,52.157646,52.572044,52.572044,89115612
2022-08-17,52.58392,55.126148,51.916065,52.948009,52.948009,93542700
2022-08-18,52.96183,54.161991,50.400082,50.406631,50.406631,98857421
2022-08-19,50.408951,50.422112,44.645992,44.907368,44.907368,104447544
2022-08-20,44.90044,46.269039,44.683491,45.679104,45.679104,73274378
2022-08-21,45.677773,47.448467,45.520359,46.878952,46.878952,69130698
2022-08-22,46.866852,47.252754,44.446766,47.24947,47.24947,84102511
2022-08-23,47.251759,48.734455,45.837662,48.538738,48.538738,105331417
2022-08-24,48.537094,50.479523,47.406052,49.273899,49.273899,108608415
2022-08-25,49.270771,50.115456,48.82732,49.247395,49.247395,96749150
2022-08-26,49.244358,49.244358,44.046959,44.25127,44.25127,115757114
2022-08-27,44.254684,45.257332,43.956352,45.171082,45.171082,82386722
2022-08-28,45.164612,45.941292,44.236374,44.239807,44.239807,76779867
2022-08-29,44.22897,47.513885,43.980736,47.471581,47.471581,89153906
2022-08-30,47.472038,48.150146,45.282093,45.643017,45.643017,77588397
2022-08-31,45.634293,46.331402,44.488998,44.616138,44.616138,75018421
2022-09-01,44.614346,44.821281,43.37978,44.741657,44.741657,69180948
2022-09-02,44.739033,46.353481,44.34539,45.698742,45.698742,65641762
2022-09-03,45.694626,46.806164,45.367722,46.721119,46.721119,66914192
2022-09-04,46.719975,47.573708,46.159653,47.562065,47.562065,57342220
2022-09-05,47.562717,48.35154,46.522114,47.596394,47.596394,62796196
2022-09-06,47.602722,48.757271,42.909286,42.916187,42.916187,77733425
2022-09-07,42.913307,45.57563,42.47879,45.063057,45.063057,66682330
2022-09-08,45.058681,46.424397,44.416935,46.291336,46.291336,70041527
2022-09-09,46.288387,49.409084,46.267323,48.968845,48.968845,89067673
2022-09-10,48.970673,50.057076,48.630814,48.838135,48.838135,92012137
2022-09-11,48.836052,48.998554,47.343819,48.31036,48.31036,90232466
2022-09-12,48.310532,49.778866,47.037617,47.122074,47.122074,121566977
2022-09-13,47.122559,48.067814,43.604851,44.597282,44.597282,122946350
2022-09-14,43.863331,45.727009,43.782406,45.612789,45.612789,100682199
2022-09-15,45.611683,45.650085,43.531334,43.855701,43.855701,111229238
2022-09-16,43.853577,44.401062,42.919987,43.735119,43.735119,73861138
2022-09-17,43.739933,44.710567,43.739933,44.59161,44.59161,64818157
2022-09-18,44.585983,44.586849,40.277748,40.291859,40.291859,83731519
2022-09-19,40.291615,40.981182,39.359856,40.847725,40.847725,79948681
2022-09-20,40.848564,41.460125,40.212788,40.70451,40.70451,68464682
2022-09-21,40.70211,42.574276,39.402733,39.931229,39.931229,87798975
2022-09-22,39.916344,42.085964,39.632538,41.946346,41.946346,72356203
2022-09-23,41.947468,42.815235,40.764133,42.117352,42.117352,81858281
2022-09-24,42.115826,42.667,41.594479,41.675629,41.675629,61107503
2022-09-25,41.68158,42.330482,40.887371,41.210434,41.210434,59478757
2022-09-26,41.209244,41.716854,40.377026,41.635658,41.635658,74467403
2022-09-27,41.636719,43.638737,41.234619,41.63496,41.63496,74654583
2022-09-28,41.627216,41.806393,40.025772,41.296886,41.296886,69103866
2022-09-29,41.294369,42.288029,40.804062,42.263939,42.263939,64892924
2022-09-30,42.264214,42.783604,41.619087,41.923428,41.923428,66485119
2022-10-01,41.923714,42.443832,41.738503,41.786884,41.786884,50601579
2022-10-02,41.787792,41.940002,39.844452,39.917999,39.917999,57208107
2022-10-03,39.913864,41.302197,39.631683,41.290611,41.290611,63158451
2022-10-04,41.287788,42.70282,41.13031,42.339638,42.339638,59040077
2022-10-05,42.337669,42.583031,41.382378,42.13588,42.13588,74077188
2022-10-06,42.136322,42.749313,42.048691,42.114262,42.114262,63683330
2022-10-07,42.112831,42.396786,41.425877,42.289547,42.289547,55724578
2022-10-08,42.286259,42.858131,41.959103,42.316208,42.316208,53744027
2022-10-09,42.316086,43.092854,42.233055,42.954693,42.954693,52863460
2022-10-10,42.956631,43.439507,42.001209,42.001209,42.001209,61569886
2022-10-11,42.012268,42.012268,40.750908,41.238892,41.238892,63931806
2022-10-12,41.242386,42.387547,41.232658,41.79747,41.79747,58903086
2022-10-13,41.791843,41.795097,38.529308,40.414898,40.414898,80232186
2022-10-14,40.412556,41.615391,39.790817,40.206726,40.206726,62815187
2022-10-15,40.205727,41.108074,40.085354,40.523846,40.523846,57294300
2022-10-16,40.521091,42.067501,40.51926,41.778988,41.778988,56720797
2022-10-17,41.776352,41.832809,41.03487,41.522587,41.522587,59460736
2022-10-18,41.520729,41.742065,40.242352,40.722034,40.722034,59352037
2022-10-19,40.724262,40.833652,39.676311,39.720448,39.720448,60396708
2022-10-20,39.718025,40.621033,39.421188,39.749962,39.749962,48927686
2022-10-21,39.747547,40.862053,38.832981,40.620937,40.620937,64054060
2022-10-22,40.621662,41.145927,40.145775,40.825829,40.825829,60133576
2022-10-23,40.830227,41.830372,40.115932,41.687363,41.687363,66090370
2022-10-24,41.697906,41.870686,39.878288,40.126072,40.126072,71536703
2022-10-25,40.11784,41.886723,39.78981,41.409409,41.409409,82251709
2022-10-26,41.404964,42.645702,41.200596,42.092045,42.092045,84933079
2022-10-27,42.088848,43.384663,41.314598,41.409679,41.409679,81748207
2022-10-28,41.408978,42.558723,41.204536,42.458885,42.458885,74132325
2022-10-29,42.464336,43.920704,42.449677,42.911564,42.911564,82782005
2022-10-30,42.911034,43.575294,41.627285,41.989742,41.989742,71403456
2022-10-31,41.985573,42.659698,41.442127,41.927734,41.927734,76960042
2022-11-01,41.921192,42.347126,41.142929,41.142929,41.142929,71696859
2022-11-02,41.140324,41.852673,40.099724,40.827782,40.827782,83189443
2022-11-03,40.833035,42.654514,40.797009,41.823441,41.823441,67193249
2022-11-04,41.818184,45.005367,41.756859,44.561283,44.561283,90695210
2022-11-05,44.560135,45.993374,44.560135,45.459808,45.459808,87983574
2022-11-06,45.458527,45.951717,43.615997,43.71043,43.71043,72589242
2022-11-07,43.697475,47.232651,43.482014,45.803604,45.803604,118770792
2022-11-08,45.800125,46.899052,36.521084,38.303257,38.303257,137364580
2022-11-09,38.312664,38.428284,31.39225,32.255814,32.255814,106120029
2022-11-10,32.258434,37.105606,31.92201,36.868069,36.868069,91806729
2022-11-11,36.86372,37.479012,34.84462,35.779015,35.779015,64290555
2022-11-12,35.7808,35.809288,33.602661,33.782093,33.782093,53448094
2022-11-13,33.792431,34.665455,32.973698,33.503677,33.503677,51033946
2022-11-14,33.498684,34.525219,31.767248,34.371254,34.371254,64388098
2022-11-15,34.374462,35.09256,33.944057,34.298397,34.298397,60140666
2022-11-16,34.295357,34.474754,33.143532,33.824032,33.824032,61931988
2022-11-17,33.824387,34.017715,33.147198,33.752338,33.752338,47667218
2022-11-18,33.750793,34.584137,33.478138,34.511524,34.511524,50911809
2022-11-19,34.510216,35.853043,34.047447,35.566395,35.566395,48028430
2022-11-20,35.568058,35.88953,34.528141,34.591164,34.591164,53280138
2022-11-21,34.59256,34.963276,33.838528,34.489498,34.489498,55933852
2022-11-22,34.481022,37.308632,34.347298,37.232353,37.232353,65460556
2022-11-23,37.234192,43.589783,36.902027,43.282177,43.282177,144101443
2022-11-24,43.278099,43.286015,41.548836,42.05756,42.05756,86265395
2022-11-25,42.054157,42.199829,40.396381,40.495117,40.495117,63426806
2022-11-26,40.498177,42.13607,40.488129,41.04261,41.04261,62724253
2022-11-27,41.042484,42.033096,40.668877,40.68634,40.68634,57423688
2022-11-28,40.678738,40.864792,38.908112,39.977814,39.977814,64980569
2022-11-29,39.976631,43.373737,39.703964,43.215721,43.215721,86663885
2022-11-30,43.216553,44.554886,42.106045,43.243919,43.243919,80704589
2022-12-01,43.241299,46.264683,42.788528,45.469654,45.469654,89484999
2022-12-02,45.472969,46.217312,44.491798,45.697308,45.697308,71128161
2022-12-03,45.704819,46.248451,44.806721,45.051262,45.051262,65946245
2022-12-04,45.049377,45.5168,44.261082,44.831944,44.831944,57724923
2022-12-05,44.822838,47.880199,44.686451,47.024574,47.024574,92022367
2022-12-06,47.023251,47.895905,45.565823,46.311729,46.311729,74476144
2022-12-07,46.312187,47.601582,43.963909,44.104523,44.104523,93922633
2022-12-08,44.105801,45.27198,43.586159,45.198704,45.198704,76213126
2022-12-09,45.193977,47.288914,44.669609,46.616158,46.616158,83822604
2022-12-10,46.618076,47.859718,46.347504,46.557125,46.557125,67245699
2022-12-11,46.561577,47.645622,46.529045,46.668198,46.668198,62251889
2022-12-12,46.667793,49.205177,44.937962,48.864456,48.864456,108848299
2022-12-13,48.859364,49.811573,47.27927,48.2551,48.2551,101144867
2022-12-14,48.258015,49.783764,48.192211,48.843586,48.843586,82020981
2022-12-15,48.836025,48.942894,46.431816,46.545994,46.545994,74286853
2022-12-16,46.546185,47.127605,42.935913,43.348644,43.348644,78084927
2022-12-17,43.351971,43.724354,41.658794,43.151459,43.151459,69717147
2022-12-18,43.15366,43.285042,42.31805,42.53326,42.53326,52751212
2022-12-19,42.535973,43.405804,40.993191,41.307976,41.307976,55862547
2022-12-20,41.307762,42.958389,41.130901,42.202942,42.202942,59688954
2022-12-21,42.199524,43.097397,41.51852,42.519855,42.519855,60325726
2022-12-22,42.525677,43.295567,41.549213,42.741825,42.741825,66993686
2022-12-23,42.741642,43.36824,42.63884,43.287075,43.287075,56570677
2022-12-24,43.286579,44.159943,43.115154,43.851974,43.851974,45913050
2022-12-25,43.85218,44.54969,43.751236,44.54528,44.54528,72628009
2022-12-26,44.537441,45.597462,44.278435,44.89341,44.89341,71038672
2022-12-27,44.901199,45.435833,43.626312,44.077549,44.077549,66935375
2022-12-28,44.079876,44.13673,42.642326,42.958439,42.958439,70086233
2022-12-29,42.958054,43.566174,42.052219,42.598682,42.598682,60278729
2022-12-30,42.596054,42.62645,41.505627,41.98278,41.98278,69834246
2022-12-31,41.979671,43.154678,41.730961,42.015858,42.015858,57472489
2023-01-01,42.014309,42.307411,41.308167,42.209698,42.209698,53897888
2023-01-02,42.210323,43.916393,41.666073,43.59602,43.59602,72125135
2023-01-03,43.589905,43.878448,42.368019,42.890972,42.890972,68951719
2023-01-04,42.890144,46.290558,42.75919,45.799442,45.799442,72210862
2023-01-05,45.802841,46.074085,44.855701,44.895386,44.895386,63070711
2023-01-06,44.89558,46.013943,44.131931,45.926983,45.926983,72444346
2023-01-07,45.909908,46.893845,45.860893,46.356068,46.356068,62719638
2023-01-08,46.35606,47.835213,45.805908,47.716839,47.716839,67009401
2023-01-09,47.718391,50.321297,47.718391,48.939636,48.939636,95930507
2023-01-10,48.943977,49.525642,47.813251,48.366943,48.366943,77674713
2023-01-11,48.366554,49.061584,46.756435,49.053459,49.053459,88214666
2023-01-12,49.38583,49.834435,47.368839,49.356487,49.356487,108521411
2023-01-13,49.356281,52.204205,48.744888,51.556458,51.556458,104343748
2023-01-14,51.531197,54.047081,50.679722,51.570457,51.570457,117971492
2023-01-15,51.578136,52.24369,50.00729,51.695007,51.695007,95694026
2023-01-16,51.694847,52.792709,48.616516,49.224968,49.224968,101185236
2023-01-17,49.22578,50.128353,48.667561,49.349922,49.349922,88960731
2023-01-18,49.351711,49.988163,46.47858,46.948517,46.948517,92537869
2023-01-19,46.94051,49.046436,46.881618,49.043903,49.043903,76417971
2023-01-20,49.041035,51.877087,48.959045,51.850067,51.850067,90054980
2023-01-21,51.852894,53.582535,51.285763,52.475559,52.475559,98611412
2023-01-22,52.467667,53.130798,50.685242,51.481594,51.481594,85422402
2023-01-23,51.476044,53.824234,51.398636,52.013554,52.013554,90241446
2023-01-24,51.998192,52.852623,48.768124,48.956284,48.956284,86701924
2023-01-25,48.967442,51.754543,48.568481,50.570541,50.570541,82158343
2023-01-26,50.556087,51.099815,49.751999,50.848618,50.848618,80812282
2023-01-27,50.848415,52.117512,49.923038,51.642872,51.642872,86485059
2023-01-28,51.646828,52.063465,50.282837,50.670609,50.670609,70107171
2023-01-29,50.670483,57.88884,50.537422,56.811436,56.811436,178800290
2023-01-30,56.812576,60.228382,55.640186,59.329937,59.329937,171579197
2023-01-31,59.319904,62.220581,58.910896,60.144844,60.144844,140238090
2023-02-01,60.129154,63.475868,58.534218,62.969872,62.969872,119397685
2023-02-02,62.964455,63.77964,60.86351,61.38242,61.38242,101373543
2023-02-03,61.378803,64.242714,61.125885,62.866272,62.866272,115535106
2023-02-04,62.865887,63.199043,61.367653,61.4949,61.4949,77799219
2023-02-05,61.498058,61.580528,58.495773,59.51627,59.51627,93226035
2023-02-06,59.516998,63.989254,59.381821,61.888912,61.888912,127703823
2023-02-07,61.879871,65.825989,61.844646,65.768379,65.768379,130009836
2023-02-08,65.764053,66.443672,62.835342,63.874538,63.874538,110787539
2023-02-09,63.885067,64.493576,56.378979,57.239037,57.239037,139277234
2023-02-10,57.247032,58.614323,57.121414,57.851318,57.851318,107637885
2023-02-11,57.848377,62.578186,57.792057,62.169731,62.169731,111912504
2023-02-12,62.158901,63.271954,61.116795,62.369949,62.369949,100161499
2023-02-13,62.382202,64.092735,61.004375,63.199409,63.199409,152747651
2023-02-14,63.19545,69.138306,62.231117,68.114578,68.114578,157224635
2023-02-15,68.134613,73.579529,67.794472,73.353043,73.353043,159461427
2023-02-16,73.354576,76.896576,72.271561,73.247704,73.247704,171393350
2023-02-17,73.271362,74.846718,71.269531,73.077049,73.077049,141699115
2023-02-18,73.100677,75.335907,72.009895,72.156448,72.156448,114044301
2023-02-19,72.159088,73.173569,70.464516,70.464516,70.464516,118981000
2023-02-20,70.503731,74.088631,70.503731,72.234161,72.234161,129089358
2023-02-21,72.242493,72.894592,69.310036,70.415894,70.415894,117063089
2023-02-22,70.431282,73.51841,68.607132,73.415665,73.415665,125559319
2023-02-23,73.414551,73.856003,70.507538,70.964104,70.964104,102584675
2023-02-24,70.96682,71.258179,68.181473,70.114716,70.114716,117269430
2023-02-25,70.119392,70.424049,67.389191,69.397308,69.397308,93325097
2023-02-26,69.394119,74.433891,69.118782,74.121536,74.121536,106087138
2023-02-27,74.125076,74.652618,72.23671,74.212784,74.212784,123404097
2023-02-28,74.216545,74.413612,71.389503,71.634644,71.634644,106172795
2023-03-01,71.636482,74.047012,71.422508,74.011452,74.011452,102481844
2023-03-02,74.01265,74.314796,71.117439,72.297165,72.297165,97514790
2023-03-03,72.312965,72.373245,67.191429,69.218407,69.218407,124417117
2023-03-04,69.228783,69.826012,65.90641,67.31237,67.31237,92908794
2023-03-05,67.325745,68.701309,64.738495,65.216576,65.216576,94104620
2023-03-06,65.223442,65.722778,61.590679,62.448681,62.448681,130229924
2023-03-07,62.446754,63.318291,60.644897,62.01384,62.01384,101603120
2023-03-08,62.013271,62.350746,58.058304,58.264561,58.264561,102770262
2023-03-09,58.26865,60.210297,53.672001,54.703678,54.703678,112071129
2023-03-10,54.714672,54.739479,47.699394,50.1726,50.1726,152232559
2023-03-11,50.166061,51.413654,44.541496,46.646614,46.646614,147796392
2023-03-12,46.655952,53.753792,45.985249,53.440811,53.440811,117463300
2023-03-13,53.460724,57.460636,51.546249,56.450237,56.450237,152044759
2023-03-14,56.454021,60.486149,54.690964,58.50222,58.50222,136910476
2023-03-15,58.514641,59.499569,51.188828,52.064053,52.064053,127116081
2023-03-16,52.058613,53.588718,51.85236,53.096409,53.096409,97456893
2023-03-17,53.096176,58.301758,52.562302,58.301758,58.301758,107481672
2023-03-18,58.299866,60.141121,55.746521,55.794907,55.794907,104517781
2023-03-19,55.797897,58.611374,55.518925,57.750362,57.750362,89038900
2023-03-20,57.74229,58.906921,55.705887,55.818287,55.818287,117959494
2023-03-21,55.828255,58.708019,54.390018,58.703648,58.703648,101838183
2023-03-22,58.694622,58.985844,54.256371,58.897964,58.897964,114387631
2023-03-23,58.905521,64.002235,56.091248,63.601837,63.601837,183088555
2023-03-24,63.607304,64.526093,60.018715,61.673565,61.673565,130837189
2023-03-25,61.682682,62.087402,57.739868,58.290466,58.290466,98475904
2023-03-26,58.297398,60.28907,57.71743,59.260872,59.260872,92051754
2023-03-27,59.261837,59.269169,54.962021,56.107014,56.107014,100961279
2023-03-28,56.10767,56.699966,54.829079,56.500492,56.500492,79909600
2023-03-29,56.497047,58.771404,56.486652,58.190289,58.190289,87078997
2023-03-30,58.190613,58.949051,55.385006,56.469761,56.469761,88904952
2023-03-31,56.478352,58.591621,55.676968,58.442814,58.442814,80469498
2023-04-01,58.448643,59.978188,58.309868,58.538757,58.538757,78184412
2023-04-02,58.760601,59.276276,56.222946,57.094765,57.094765,88927921
2023-04-03,57.096699,58.854599,55.650558,57.864033,57.864033,87010465
2023-04-04,57.863888,58.082123,56.720211,57.663887,57.663887,83522757
2023-04-05,57.662376,58.938087,56.868576,57.681961,57.681961,85411072
2023-04-06,57.686775,57.735554,56.044056,56.548031,56.548031,73021897
2023-04-07,56.556393,56.70245,55.546501,56.069748,56.069748,72655539
2023-04-08,56.065323,56.438637,55.408703,55.627361,55.627361,67766315
2023-04-09,55.630028,56.137081,54.67046,55.781338,55.781338,71869633
2023-04-10,55.786922,57.74609,55.214314,57.648907,57.648907,81558403
2023-04-11,57.655708,58.312733,56.935856,57.037735,57.037735,87433122
2023-04-12,57.030697,57.133347,54.725285,55.958656,55.958656,78762266
2023-04-13,55.897144,57.65778,55.562504,57.286144,57.286144,81164952
2023-04-14,57.294796,60.044525,56.932404,60.007286,60.007286,98678988
2023-04-15,60.006084,60.567432,58.962437,59.756329,59.756329,90249101
2023-04-16,59.750389,61.882866,58.59264,61.049778,61.049778,100103271
2023-04-17,61.037479,61.047218,58.170238,58.456722,58.456722,91286709
2023-04-18,58.463184,60.291603,57.953312,59.766537,59.766537,87694163
2023-04-19,59.753529,59.753529,52.735302,53.097046,53.097046,109631606
2023-04-20,53.092522,53.497631,51.117428,51.67252,51.67252,91714169
2023-04-21,51.672989,52.153702,48.379814,48.910046,48.910046,77530635
2023-04-22,48.908791,50.383167,48.663719,50.250835,50.250835,69619946
2023-04-23,50.254532,51.026222,49.257496,50.197781,50.197781,68143431
2023-04-24,50.19788,50.96484,49.020279,50.159874,50.159874,67037086
2023-04-25,50.155235,51.608948,49.257851,51.571289,51.571289,75790112
2023-04-26,51.584435,53.359135,48.107677,49.79174,49.79174,93787418
2023-04-27,49.797607,51.27301,49.311279,50.673061,50.673061,82138403
2023-04-28,50.667007,50.704212,49.520958,50.062759,50.062759,68622668
2023-04-29,50.060062,51.41824,49.900726,51.080471,51.080471,60307148
2023-04-30,51.079582,51.093025,49.617283,49.822598,49.822598,65636275
2023-05-01,49.815502,49.938259,47.967651,48.301731,48.301731,71515848
2023-05-02,48.303993,48.825161,47.725189,48.638889,48.638889,63587662
2023-05-03,48.634892,49.448303,47.103172,49.275917,49.275917,64261550
2023-05-04,49.281487,49.359009,48.450462,48.704102,48.704102,53016297
2023-05-05,48.706196,49.359272,48.262142,48.79221,48.79221,67046446
2023-05-06,48.792725,48.960709,45.299416,45.518852,45.518852,74665294
2023-05-07,45.517406,46.254528,45.517406,45.611252,45.611252,52387199
2023-05-08,45.604382,45.852711,41.088619,41.77372,41.77372,78776669
2023-05-09,41.773251,42.067085,40.432827,42.066345,42.066345,64295333
2023-05-10,42.062149,43.85083,41.222782,43.094284,43.094284,72439876
2023-05-11,43.097874,43.101974,39.983772,40.846062,40.846062,62770502
2023-05-12,40.841515,40.895802,38.994324,40.890614,40.890614,62680014
2023-05-13,40.890347,40.899364,40.143387,40.703205,40.703205,52863054
2023-05-14,40.704288,41.829914,40.275433,41.233673,41.233673,50740732
2023-05-15,41.237591,42.701229,40.537193,42.078697,42.078697,56789961
2023-05-16,42.084198,43.499142,41.630829,43.230389,43.230389,57026695
2023-05-17,43.233822,45.351997,43.106125,44.372932,44.372932,77810260
2023-05-18,44.364319,44.479385,42.643532,43.2281,43.2281,57452559
2023-05-19,43.225586,44.862797,43.218788,44.556526,44.556526,50538998
2023-05-20,44.557285,44.557285,43.845982,44.359337,44.359337,51674563
2023-05-21,44.357311,44.362083,43.267937,43.96582,43.96582,49439121
2023-05-22,43.958111,44.168602,43.14571,43.52483,43.52483,48697749
2023-05-23,43.503242,44.503521,43.217522,43.418934,43.418934,47451014
2023-05-24,43.422436,43.427841,40.463287,41.146385,41.146385,59892987
2023-05-25,41.140545,41.523903,40.063187,40.995678,40.995678,51486737
2023-05-26,40.995426,42.262802,40.878746,41.960091,41.960091,53517448
2023-05-27,41.957645,42.431213,41.799385,42.266701,42.266701,46824972
2023-05-28,42.265442,44.206085,42.162266,43.901005,43.901005,54585312
2023-05-29,43.903614,44.110954,42.95903,43.257248,43.257248,54447877
2023-05-30,43.264057,44.084091,42.979862,43.862541,43.862541,48880726
2023-05-31,43.863503,44.270775,41.602512,41.865772,41.865772,59012888
2023-06-01,41.864269,42.274769,41.04723,41.873001,41.873001,56703263
2023-06-02,41.874092,42.878132,41.559856,42.726665,42.726665,52836782
2023-06-03,42.728077,43.364918,42.312428,42.630535,42.630535,48672187
2023-06-04,42.631157,43.471905,42.342823,42.634834,42.634834,48808783
2023-06-05,42.634941,42.705532,38.653667,39.175293,39.175293,69298977
2023-06-06,39.175423,40.235088,38.047539,40.094734,40.094734,57238372
2023-06-07,40.094498,40.102081,38.113014,38.48867,38.48867,55462196
2023-06-08,38.486301,39.206921,37.749329,38.794861,38.794861,50386665
2023-06-09,38.795658,39.226376,38.238953,38.431023,38.431023,48639533
2023-06-10,38.434185,38.455135,28.59053,29.901291,29.901291,121834785
2023-06-11,29.90053,30.009809,28.83597,29.171762,29.171762,33614607
2023-06-12,29.171707,29.439508,28.34144,29.164909,29.164909,30723107
2023-06-13,29.162785,29.711475,28.752115,29.711172,29.711172,30618022
2023-06-14,29.711143,30.396463,28.330252,29.030237,29.030237,31566368
2023-06-15,29.030771,29.880045,28.920351,29.645132,29.645132,28570262
2023-06-16,29.645311,30.98455,29.476713,30.643921,30.643921,30676948
2023-06-17,30.644529,31.419336,30.500872,31.18391,31.18391,23249315
2023-06-18,31.182224,31.214767,30.115871,30.18298,30.18298,18389228
2023-06-19,30.186279,31.059393,30.08457,30.832491,30.832491,21207991
2023-06-20,30.833603,32.97477,30.78001,32.792847,32.792847,46669666
2023-06-21,32.790356,34.284691,32.674,33.503231,33.503231,49568183
2023-06-22,33.498623,34.529537,32.917934,32.953381,32.953381,40225220
2023-06-23,32.953781,35.472939,32.874931,34.718655,34.718655,49287231
2023-06-24,34.719585,35.684166,34.254169,35.125397,35.125397,37026415
2023-06-25,35.125908,36.826145,34.954872,35.423939,35.423939,38082008
2023-06-26,35.424026,36.975124,34.50309,36.097012,36.097012,54271483
2023-06-27,36.096836,36.969456,35.352833,36.101093,36.101093,52323088
2023-06-28,36.103405,36.10371,33.562225,33.862488,33.862488,32400057
2023-06-29,33.862198,34.630482,33.694317,34.245098,34.245098,26999931
2023-06-30,34.240604,38.816696,34.088104,37.707809,37.707809,116333328
2023-07-01,37.708553,39.13282,37.618706,38.055382,38.055382,80900182
2023-07-02,38.058388,38.321735,36.952908,38.235371,38.235371,68581612
2023-07-03,38.229706,38.377522,37.34446,37.605236,37.605236,69136219
2023-07-04,37.603451,38.112305,36.169132,36.315815,36.315815,63180939
2023-07-05,36.316261,36.605911,34.675575,35.07576,35.07576,67339370
2023-07-06,35.069111,36.031631,33.657166,33.657166,33.657166,64225105
2023-07-07,33.655258,34.088951,33.412575,33.931808,33.931808,52433705
2023-07-08,33.933895,34.135376,33.043365,33.666958,33.666958,50796090
2023-07-09,33.667198,33.839924,33.315865,33.428047,33.428047,41313072
2023-07-10,33.428329,34.155312,32.624924,33.597252,33.597252,52540997
2023-07-11,33.599007,33.784904,33.138783,33.487339,33.487339,48796124
2023-07-12,33.487167,33.897888,33.170677,33.44257,33.44257,38214141
2023-07-13,33.442604,36.116203,33.032162,35.993271,35.993271,69587842
2023-07-14,35.996555,36.439758,33.295063,34.246685,34.246685,58673405
2023-07-15,34.25251,34.776463,33.814728,33.984287,33.984287,52531526
2023-07-16,33.980961,34.105362,32.698246,32.750156,32.750156,30321025
2023-07-17,32.752487,33.476082,32.50671,33.061161,33.061161,34146884
2023-07-18,33.060589,33.607609,31.76642,32.112827,32.112827,35274213
2023-07-19,32.115952,32.744522,32.05891,32.172352,32.172352,36027681
2023-07-20,32.173573,32.638634,32.05891,32.594322,32.594322,41314130
2023-07-21,32.591957,33.13615,32.403557,33.079712,33.079712,26925249
2023-07-22,33.08086,33.615463,32.47636,32.601265,32.601265,25247182
2023-07-23,32.60125,33.913094,32.546852,33.671501,33.671501,59152800
2023-07-24,33.670456,33.785141,31.846273,32.028088,32.028088,32017033
2023-07-25,32.028248,32.074326,31.252144,31.43392,31.43392,24052014
2023-07-26,31.431223,31.925476,30.899685,31.636168,31.636168,26868971
2023-07-27,31.636759,31.962704,31.414028,31.815023,31.815023,24422563
2023-07-28,31.814331,32.546227,31.678452,32.288349,32.288349,23618273
2023-07-29,32.284016,32.580963,32.201523,32.573311,32.573311,19049452
2023-07-30,32.572357,32.670155,31.441696,32.133888,32.133888,52052703
2023-07-31,32.134159,32.322945,31.429707,31.670227,31.670227,20495475
2023-08-01,31.670309,31.766348,30.773119,31.766348,31.766348,32021968
2023-08-02,31.765903,32.224434,31.509642,31.932131,31.932131,60451237
2023-08-03,31.933643,32.123695,31.358366,31.361593,31.361593,53602567
2023-08-04,31.359568,31.426594,30.693052,30.821457,30.821457,26129630
2023-08-05,30.824474,30.985132,30.45122,30.920326,30.920326,43023213
2023-08-06,30.919279,32.773155,30.851551,32.446529,32.446529,52594391
2023-08-07,32.448204,33.387012,31.945745,32.456139,32.456139,66438934
2023-08-08,32.460293,33.271038,32.278038,32.925213,32.925213,57761430
2023-08-09,32.925594,33.288597,32.672699,32.844437,32.844437,53961151
2023-08-10,32.843445,32.961407,32.296276,32.347794,32.347794,48835246
2023-08-11,32.348362,32.822819,32.2117,32.504082,32.504082,33642195
2023-08-12,32.503788,32.552181,32.132256,32.280045,32.280045,37299826
2023-08-13,32.281303,32.377693,31.891104,32.015472,32.015472,44422905
2023-08-14,32.014061,32.294449,31.827599,31.960718,31.960718,50397833
2023-08-15,31.960915,31.960915,29.436501,29.829483,29.829483,59677760
2023-08-16,29.829622,29.837868,27.856792,28.40514,28.40514,45905192
2023-08-17,28.40761,28.656715,24.334623,25.847975,25.847975,53361829
2023-08-18,25.853519,26.641645,25.780844,26.479654,26.479654,49196275
2023-08-19,26.483208,26.781759,26.353592,26.72967,26.72967,40270469
2023-08-20,26.729309,27.203169,26.690815,27.017681,27.017681,36984828
2023-08-21,27.017611,27.033899,26.170776,26.436968,26.436968,40179851
2023-08-22,26.436716,26.788864,25.780037,26.363201,26.363201,40696882
2023-08-23,26.363075,26.841614,25.879934,26.516031,26.516031,45216165
2023-08-24,26.51652,26.568493,24.926714,25.188213,25.188213,49165047
2023-08-25,25.190399,25.577412,24.619781,25.564314,25.564314,42382421
2023-08-26,25.558784,25.681206,25.279755,25.329206,25.329206,33429639
2023-08-27,25.329327,25.918608,25.236078,25.827663,25.827663,32728584
2023-08-28,25.827843,26.377518,25.519817,26.105417,26.105417,35745903
2023-08-29,26.105,27.395748,25.515238,27.114286,27.114286,45858105
2023-08-30,27.115036,27.15662,26.708702,26.972597,26.972597,40027397
2023-08-31,26.972267,27.138491,25.781343,26.04978,26.04978,39543376
2023-09-01,26.049141,26.190466,25.145145,25.310791,25.310791,38757089
2023-09-02,25.31493,25.428978,25.096653,25.332685,25.332685,36718129
2023-09-03,25.334005,25.766262,25.326323,25.602528,25.602528,31874640
2023-09-04,25.601149,25.938141,25.352335,25.598986,25.598986,33785871
2023-09-05,25.600893,25.900379,25.324903,25.76062,25.76062,33166113
2023-09-06,25.762232,25.832636,25.175833,25.628536,25.628536,32223053
2023-09-07,25.630434,26.223307,25.569057,26.07609,26.07609,34698914
2023-09-08,26.071896,26.488756,25.841597,26.183342,26.183342,35699696
2023-09-09,26.18392,26.563471,26.130392,26.549564,26.549564,32324249
2023-09-10,26.549749,26.560698,25.325314,25.626465,25.626465,35982214
2023-09-11,25.627024,25.669664,24.424461,24.72945,24.72945,41573383
2023-09-12,24.730551,25.718748,24.706635,25.25979,25.25979,39648425
2023-09-13,25.259663,25.857592,25.094917,25.622791,25.622791,36827613
2023-09-14,25.620272,25.949366,25.395714,25.624041,25.624041,36647094
2023-09-15,25.624065,26.779682,25.51573,26.511042,26.511042,35635833
2023-09-16,26.505789,27.163801,26.503468,26.815805,26.815805,35198297
2023-09-17,26.813412,26.813412,25.786587,25.921698,25.921698,33913859
2023-09-18,25.921301,26.747765,25.691883,26.012691,26.012691,36539914
2023-09-19,26.012491,26.520672,25.836605,26.35416,26.35416,34269812
2023-09-20,26.356611,26.533569,26.115396,26.531223,26.531223,35847418
2023-09-21,26.529629,26.718054,25.951824,26.249519,26.249519,33875842
2023-09-22,26.249443,26.795052,26.121304,26.724329,26.724329,35805961
2023-09-23,26.725124,26.905272,26.595659,26.762217,26.762217,27698681
2023-09-24,26.764345,26.867464,26.362247,26.403912,26.403912,33415115
2023-09-25,26.404196,27.068876,26.235998,26.954353,26.954353,33119582
2023-09-26,26.95351,27.312702,26.460209,26.568451,26.568451,35341571
2023-09-27,26.569668,27.163013,26.28742,26.424135,26.424135,31798598
2023-09-28,26.422262,27.181301,26.320963,26.917833,26.917833,29579129
2023-09-29,26.91943,27.697657,26.876513,27.414818,27.414818,35562317
2023-09-30,27.413977,28.204473,27.216677,27.811277,27.811277,29415108
2023-10-01,27.811447,28.505747,27.497059,28.24048,28.24048,36222758
2023-10-02,28.240065,28.569134,27.234734,27.403616,27.403616,33695056
2023-10-03,27.396778,27.912453,27.008595,27.07967,27.07967,30947087
2023-10-04,27.085087,27.178438,26.431902,27.062475,27.062475,30654476
2023-10-05,27.061438,27.516598,26.775665,26.91066,26.91066,29076315
2023-10-06,26.911001,27.204308,26.839554,26.9592,26.9592,29384989
2023-10-07,26.958302,27.282593,26.786343,26.878466,26.878466,30207542
2023-10-08,26.880318,26.955988,26.494606,26.577801,26.577801,27259846
2023-10-09,26.578508,26.702805,25.546898,25.933477,25.933477,31150584
2023-10-10,25.934309,26.252584,25.565128,25.685736,25.685736,28469992
2023-10-11,25.686903,25.802366,25.205999,25.525887,25.525887,28535622
2023-10-12,25.519199,25.521654,24.985294,25.046309,25.046309,26965656
2023-10-13,25.045347,25.671904,24.98752,25.406549,25.406549,25669190
2023-10-14,25.406519,25.703909,25.385279,25.496033,25.496033,26077071
2023-10-15,25.49621,25.800394,25.413904,25.62512,25.62512,28015237
2023-10-16,25.625694,26.589041,25.617245,25.837532,25.837532,31996975
2023-10-17,25.8349,25.852175,24.825104,25.020041,25.020041,31690692
2023-10-18,25.018061,25.276669,24.668999,24.820393,24.820393,30503184
2023-10-19,24.819075,25.034222,24.574871,24.89658,24.89658,26531757
2023-10-20,24.896254,25.870211,24.879791,25.341349,25.341349,30020368
2023-10-21,25.341911,26.430025,25.332867,26.103931,26.103931,29848892
2023-10-22,26.103165,26.357302,25.697714,26.236809,26.236809,31687982
2023-10-23,26.326942,27.827305,26.184063,27.668024,27.668024,45601982
2023-10-24,27.666557,28.76935,27.426258,28.022293,28.022293,57262527
2023-10-25,28.025782,28.317738,27.376549,27.638485,27.638485,45163524
2023-10-26,27.638538,28.728443,27.280348,27.996651,27.996651,46541846
2023-10-27,27.996397,28.000957,27.169418,27.653204,27.653204,42280613
2023-10-28,27.652697,28.538197,27.609804,28.445202,28.445202,42167372
2023-10-29,28.445255,28.823608,28.21088,28.617346,28.617346,42069769
2023-10-30,28.612154,29.473158,28.3169,29.461376,29.461376,48954372
2023-10-31,29.464729,30.828571,28.878403,29.367514,29.367514,58643205
2023-11-01,29.367525,30.194841,28.418442,29.935768,29.935768,54304136
2023-11-02,29.936584,30.240135,28.365536,28.617662,28.617662,56344141
2023-11-03,28.617567,29.036804,27.922173,28.964817,28.964817,44086438
2023-11-04,28.96524,30.011471,28.865126,29.81517,29.81517,47294808
2023-11-05,29.812923,30.693047,29.812923,30.451611,30.451611,56626270
2023-11-06,30.451641,31.243967,30.067558,31.088682,31.088682,51788652
2023-11-07,31.088783,31.710423,30.207453,30.913733,30.913733,56231464
2023-11-08,30.913074,31.662531,30.724823,31.427326,31.427326,48381551
2023-11-09,31.426569,32.534344,29.184072,30.461361,30.461361,88178468
2023-11-10,30.457951,32.256241,30.336065,32.099033,32.099033,64357538
2023-11-11,32.097313,33.189434,31.303377,33.103554,33.103554,58848548
2023-11-12,33.103653,33.909332,32.009388,33.673752,33.673752,60222177
2023-11-13,33.676205,34.230812,32.050476,32.151783,32.151783,66712680
2023-11-14,32.148865,32.488056,30.372932,30.912157,30.912157,56137820
2023-11-15,30.917051,32.35997,30.917051,32.262169,32.262169,57808905
2023-11-16,32.262901,32.595665,30.154594,30.640406,30.640406,61888508
2023-11-17,30.63953,31.301821,29.683584,30.693796,30.693796,50277338
2023-11-18,30.698156,30.743132,29.259495,29.885748,29.885748,46907803
2023-11-19,29.887035,30.666929,29.386454,30.642143,30.642143,46216825
2023-11-20,30.640511,31.226368,30.47179,30.726763,30.726763,49251913
2023-11-21,30.717976,31.196629,27.996908,28.173449,28.173449,57254477
2023-11-22,28.166426,29.476635,28.089306,29.172276,29.172276,63843986
2023-11-23,29.169382,29.785027,29.029619,29.616064,29.616064,50522490
2023-11-24,29.61558,30.45153,29.562757,30.125841,30.125841,48248194
2023-11-25,30.125677,31.182125,30.064342,31.126133,31.126133,44278623
2023-11-26,31.129419,31.193354,30.288246,30.781235,30.781235,48972529
2023-11-27,30.777685,30.95426,29.155947,29.787395,29.787395,51798352
2023-11-28,29.786592,30.454679,29.19738,30.013348,30.013348,45725100
2023-11-29,30.012987,30.397392,29.564915,29.992413,29.992413,50311961
2023-11-30,29.993708,30.250925,29.837858,30.172535,30.172535,43386864
2023-12-01,30.170853,30.695946,30.077696,30.650875,30.650875,52036021
2023-12-02,30.652004,31.973677,30.649036,31.894083,31.894083,54333461
2023-12-03,31.893618,31.964987,31.127741,31.516256,31.516256,55496417
2023-12-04,31.518175,32.675579,31.298777,32.42395,32.42395,67359038
2023-12-05,32.421734,32.676529,31.561787,32.574383,32.574383,60281207
2023-12-06,32.571045,32.859035,31.672915,31.980686,31.980686,64054546
2023-12-07,31.983742,33.382542,31.983742,33.253761,33.253761,64622138
2023-12-08,33.254078,35.344891,33.093987,34.709076,34.709076,78106894
2023-12-09,34.7117,35.741432,34.7117,34.901573,34.901573,73272027
2023-12-10,34.909233,36.260078,34.680859,34.872128,34.872128,64815358
2023-12-11,34.873859,34.983765,31.595903,32.356178,32.356178,75351161
2023-12-12,32.355278,33.131447,32.198952,32.969627,32.969627,60346067
2023-12-13,32.96833,33.630108,31.917875,33.312408,33.312408,63625835
2023-12-14,33.309914,34.134399,33.040173,34.024506,34.024506,63728441
2023-12-15,34.023743,34.035053,31.987682,31.987682,31.987682,55796529
2023-12-16,31.983229,33.007008,31.790073,32.769421,32.769421,50258134
2023-12-17,32.769554,32.881721,31.809267,31.903772,31.903772,51458641
2023-12-18,31.882467,32.068619,29.932177,31.448372,31.448372,64732370
2023-12-19,31.450569,32.047928,30.295357,30.512968,30.512968,60921183
2023-12-20,30.515011,31.770689,30.396446,31.134014,31.134014,54811602
2023-12-21,31.137056,32.347317,30.954046,32.154537,32.154537,59350129
2023-12-22,32.155788,33.152401,32.076004,33.143105,33.143105,62539261
2023-12-23,33.142712,33.212116,32.147514,33.212116,33.212116,54687306
2023-12-24,33.21545,35.356762,32.917492,34.497547,34.497547,79678392
2023-12-25,34.501583,35.460526,34.18605,35.347401,35.347401,66289074
2023-12-26,35.347713,36.858807,34.434055,36.170387,36.170387,84110935
2023-12-27,36.177315,38.700775,34.64238,38.391033,38.391033,88280580
2023-12-28,38.40794,38.48214,36.43951,36.893234,36.893234,92183281
2023-12-29,36.891987,37.160351,32.250134,33.041344,33.041344,167795582
2023-12-30,33.05307,33.483898,32.638298,32.946571,32.946571,77677955
2023-12-31,32.94138,33.091747,31.530287,31.676624,31.676624,82648761
2024-01-01,31.708738,33.472103,31.173052,33.332161,33.332161,91446166
2024-01-02,33.339722,33.899014,32.453854,32.803436,32.803436,77937311
2024-01-03,32.804428,33.447639,28.483206,29.006157,29.006157,90556574
2024-01-04,29.006346,30.611828,28.702496,30.077166,30.077166,67106674
2024-01-05,30.087873,30.194853,28.470444,29.546732,29.546732,65462130
2024-01-06,29.55316,29.55316,27.831886,28.787241,28.787241,55062976
2024-01-07,28.787937,29.319103,27.00791,27.143812,27.143812,33893960
2024-01-08,27.154324,28.486164,25.658211,28.460453,28.460453,45238419
2024-01-09,28.462038,28.554441,26.404242,27.341017,27.341017,35386970
2024-01-10,27.341047,29.861814,26.984617,29.398149,29.398149,66831859
2024-01-11,29.403345,30.761118,29.290274,30.066484,30.066484,69492818
2024-01-12,30.069023,31.069891,28.133856,28.965725,28.965725,62824694
2024-01-13,28.965725,29.942486,28.257032,29.534466,29.534466,50375348
2024-01-14,29.534256,29.611467,28.255104,28.260344,28.260344,49047336
2024-01-15,28.252113,29.641918,28.252113,29.229387,29.229387,32760901
2024-01-16,29.219488,29.762253,28.933891,29.449411,29.449411,44250315
2024-01-17,29.44964,29.585764,28.683489,28.808193,28.808193,47127961
2024-01-18,28.812712,29.108711,27.458839,27.866381,27.866381,48141665
2024-01-19,27.866472,27.955166,25.851297,27.539288,27.539288,51670679
2024-01-20,27.538393,28.892052,27.354345,28.727018,28.727018,40822489
2024-01-21,28.727455,29.699333,28.505875,28.505875,28.505875,39533836
2024-01-22,28.517778,28.771206,27.438749,27.558146,27.558146,47641580
2024-01-23,27.558435,28.021404,25.822075,26.890942,26.890942,46522727
2024-01-24,26.891031,27.631104,26.552555,27.105013,27.105013,38375543
2024-01-25,27.106157,27.142492,26.424749,26.978245,26.978245,38829465
2024-01-26,26.978437,28.097528,26.856611,27.693066,27.693066,37293450
2024-01-27,27.697433,28.088219,27.541285,28.0741,28.0741,35292970
2024-01-28,28.074596,28.541752,27.391375,27.593283,27.593283,34516653
2024-01-29,27.592779,28.154711,27.184378,28.094093,28.094093,36185222
2024-01-30,28.094093,28.670595,27.431934,27.502739,27.502739,37835439
2024-01-31,27.503017,27.669861,26.348429,26.615797,26.615797,38984330
2024-02-01,26.61565,27.34446,26.192032,27.271248,27.271248,37420169
2024-02-02,27.270481,27.595757,26.982555,27.595757,27.595757,30624854
2024-02-03,27.598383,27.897078,27.301092,27.71402,27.71402,32513534
2024-02-04,27.714672,27.720324,26.707743,26.776831,26.776831,31283332
2024-02-05,26.76944,27.476498,26.537203,27.238113,27.238113,34645661
2024-02-06,27.236662,27.465197,26.306217,26.318436,26.318436,37790644
2024-02-07,26.317873,26.996555,26.033907,26.952913,26.952913,41557598
2024-02-08,26.952309,27.072378,26.534132,26.89229,26.89229,41257796
2024-02-09,26.892029,27.68047,26.868937,27.50197,27.50197,41913413
2024-02-10,27.501167,27.666529,27.003529,27.503677,27.503677,35400298
2024-02-11,27.509768,28.321972,27.314592,27.522177,27.522177,40126468
2024-02-12,27.527048,28.371418,27.051365,28.266863,28.266863,42090783
2024-02-13,28.258879,28.424374,27.389936,27.893759,27.893759,42417339
2024-02-14,27.892551,28.467052,27.514801,28.105776,28.105776,45671643
2024-02-15,28.108543,29.124647,28.103207,29.034733,29.034733,48586994
2024-02-16,29.037748,29.391932,28.338181,29.043268,29.043268,47347667
2024-02-17,29.042053,30.237173,28.493729,30.225189,30.225189,51754742
2024-02-18,30.226801,30.562084,29.564281,29.707508,29.707508,46015310
2024-02-19,29.702091,30.344299,29.564545,30.099186,30.099186,46355815
2024-02-20,30.100504,30.772362,28.908503,29.856405,29.856405,57211405
2024-02-21,29.85548,30.065777,28.312714,29.398617,29.398617,44294306
2024-02-22,29.400124,30.905649,28.839235,29.614758,29.614758,54276890
2024-02-23,29.615669,29.785971,28.853662,29.457897,29.457897,39907494
2024-02-24,29.456766,30.664454,29.126148,30.475838,30.475838,46554957
2024-02-25,30.475706,30.981237,29.766863,30.960545,30.960545,44892570
2024-02-26,30.960903,31.89959,30.005665,31.839254,31.839254,54667628
2024-02-27,31.837269,32.462147,31.602335,32.082565,32.082565,63007845
2024-02-28,32.07917,32.966679,29.461746,31.196596,31.196596,78707817
2024-02-29,31.195272,33.790298,31.060286,31.972095,31.972095,84689754
2024-03-01,31.966637,34.180382,31.966637,34.106773,34.106773,65313729
2024-03-02,34.051414,40.546276,33.920486,39.793331,39.793331,116889752
2024-03-03,39.827503,39.942699,35.879314,38.043144,38.043144,93316403
2024-03-04,38.043785,40.106754,37.756115,39.27776,39.27776,100337478
2024-03-05,39.287594,41.146278,32.183193,35.48325,35.48325,134082156
2024-03-06,35.48312,38.953491,34.7873,38.770565,38.770565,97811755
2024-03-07,38.770565,39.81575,38.126247,39.23859,39.23859,85416754
2024-03-08,39.238434,40.910767,37.467861,40.625797,40.625797,88122432
2024-03-09,40.625797,41.086384,39.916992,40.528076,40.528076,68876734
2024-03-10,40.528156,41.36377,39.346958,40.267574,40.267574,87199581
2024-03-11,40.2672,44.16843,38.478054,43.108727,43.108727,118832507
2024-03-12,43.108727,43.809418,40.322414,42.484615,42.484615,98683507
2024-03-13,42.484615,44.051537,41.992313,42.822693,42.822693,83797517
2024-03-14,42.822693,42.874111,38.898724,40.648746,40.648746,90654917
2024-03-15,40.648746,41.192532,36.052559,38.816196,38.816196,103793277
2024-03-16,38.816196,39.416428,35.384811,36.047787,36.047787,71380455
2024-03-17,36.047829,37.674587,34.291115,37.140156,37.140156,69919066
2024-03-18,37.140156,37.391827,34.595142,35.496975,35.496975,58601829
2024-03-19,35.496929,35.784992,31.578093,32.707672,32.707672,77421739
2024-03-20,32.708118,36.223373,31.680008,35.797764,35.797764,68773497
2024-03-21,35.797764,36.251423,34.816921,35.715305,35.715305,56376998
2024-03-22,35.715721,36.718365,34.107323,34.970734,34.970734,57244077
2024-03-23,34.970734,36.3592,34.638535,35.727947,35.727947,48426997
2024-03-24,35.727947,37.372902,35.488995,37.032112,37.032112,49935706
2024-03-25,37.032112,38.324844,36.613964,37.997749,37.997749,64193258
2024-03-26,37.997749,39.48069,37.562847,38.809906,38.809906,76079132
2024-03-27,38.809906,39.175369,36.741222,37.916515,37.916515,68689506
2024-03-28,37.916515,39.025532,37.447784,38.315479,38.315479,56522352
2024-03-29,38.315479,40.466896,37.956379,39.769112,39.769112,75644487
2024-03-30,39.769112,40.027878,38.521767,38.784252,38.784252,54717445
2024-03-31,38.784252,40.101532,38.689419,40.043762,40.043762,52727551
2024-04-01,40.043762,40.501194,36.842644,37.799438,37.799438,67546980
2024-04-02,37.799438,37.799873,34.562973,36.005924,36.005924,69158660
2024-04-03,36.005924,36.97739,34.919727,35.701847,35.701847,58263013
2024-04-04,35.701847,37.387714,35.172546,36.969379,36.969379,61709370
2024-04-05,36.969379,37.222687,35.315231,35.96981,35.96981,52429235
2024-04-06,35.96981,37.464344,35.845867,37.150745,37.150745,46634266
2024-04-07,37.150745,37.945145,36.919006,37.457294,37.457294,45904139
2024-04-08,37.457294,39.498215,37.056805,39.192562,39.192562,63888313
2024-04-09,39.192562,39.397427,36.915215,37.014671,37.014671,64138993
2024-04-10,37.013668,37.180836,35.536118,36.969437,36.969437,56154462
2024-04-11,36.969437,37.478188,36.325455,36.866966,36.866966,50394093
2024-04-12,36.866966,38.313198,29.594023,31.88747,31.88747,93151043
2024-04-13,31.88747,32.329365,25.248518,28.300234,28.300234,95300823
2024-04-14,28.300234,30.374586,27.379053,30.139847,30.139847,84345793
2024-04-15,30.139847,31.392883,27.314268,28.45746,28.45746,62485486
2024-04-16,28.45746,28.81139,26.853966,28.210581,28.210581,51137451
2024-04-17,28.210581,28.380005,26.697876,27.58346,27.58346,45675512
2024-04-18,27.583467,29.288683,27.090717,29.054012,29.054012,44112208
2024-04-19,29.054012,30.362246,27.110355,29.624926,29.624926,47027273
2024-04-20,29.624733,31.529505,29.35923,31.474756,31.474756,36851750
2024-04-21,31.474756,31.630634,30.163511,30.661009,30.661009,40103098
2024-04-22,30.661009,31.905737,30.63649,31.712837,31.712837,46249994
2024-04-23,31.712837,32.039955,31.074106,31.258461,31.258461,42182568
2024-04-24,31.255119,32.227612,29.662994,30.059292,30.059292,49904970
2024-04-25,30.059771,30.929071,29.512482,30.53628,30.53628,40426835
2024-04-26,30.53628,30.684687,29.627361,30.244165,30.244165,38740615
2024-04-27,30.244165,30.41328,28.937576,29.590816,29.590816,41150340
2024-04-28,29.590816,30.147093,29.259596,29.361944,29.361944,36803227
2024-04-29,29.361944,29.605747,28.362322,29.448835,29.448835,41443694
2024-04-30,29.448841,29.676489,27.122345,28.080332,28.080332,43134860
2024-05-01,28.080332,28.622808,26.560909,28.58444,28.58444,43626232
2024-05-02,28.58444,29.464622,27.863728,29.152054,29.152054,35049366
2024-05-03,29.152054,30.157005,28.857891,29.759146,29.759146,38497181
2024-05-04,29.759146,29.887753,29.236536,29.241491,29.241491,31501022
2024-05-05,29.241491,29.542992,28.717207,29.196766,29.196766,34684888
2024-05-06,29.196747,29.977404,28.813559,29.094463,29.094463,41607741
2024-05-07,29.094463,29.342072,28.556807,28.628025,28.628025,37823694
2024-05-08,28.628025,29.635725,28.266033,29.428988,29.428988,39616375
2024-05-09,29.430237,30.149086,28.824923,29.998215,29.998215,36436223
2024-05-10,29.998386,30.321529,28.822407,29.159901,29.159901,38502167
2024-05-11,29.159901,29.333342,28.596296,28.596901,28.596901,31171750
2024-05-12,28.596901,28.658466,27.745989,27.802685,27.802685,31137657
2024-05-13,27.802685,28.489635,27.040098,28.141768,28.141768,36101598
2024-05-14,28.141768,28.230864,27.330147,27.374325,27.374325,32577820
2024-05-15,27.374325,29.136513,27.356668,29.035242,29.035242,36665280
2024-05-16,29.036467,29.452366,28.691887,29.443384,29.443384,37967065
2024-05-17,29.443384,30.011082,29.186153,29.879255,29.879255,37121985
2024-05-18,29.879255,29.992046,29.349922,29.786165,29.786165,32579293
2024-05-19,29.786215,29.869183,28.879183,28.891308,28.891308,32803819
2024-05-20,28.890869,31.221443,28.57361,31.012922,31.012922,42556813
2024-05-21,31.009935,31.32913,30.65942,31.132153,31.132153,39537732
2024-05-22,31.132147,31.187979,30.385834,30.722292,30.722292,38256058
2024-05-23,30.722292,31.038008,29.174187,30.376547,30.376547,45027703
2024-05-24,30.376547,32.172249,29.517353,30.622557,30.622557,68750669
2024-05-25,30.622618,30.90016,30.17384,30.563435,30.563435,34311572
2024-05-26,30.563435,30.587389,29.704344,29.813837,29.813837,26191721
2024-05-27,29.813837,30.891674,29.771734,30.749001,30.749001,43506968
2024-05-28,30.749092,30.790258,29.891916,30.02075,30.02075,43464774
2024-05-29,30.02075,30.390911,29.760302,29.779387,29.779387,40335237
2024-05-30,29.779461,30.266182,29.167891,29.924946,29.924946,36976133
2024-05-31,29.924946,30.263021,29.694675,30.205179,30.205179,33272815
2024-06-01,30.205185,30.343307,29.926054,29.970764,29.970764,30927576
2024-06-02,29.970791,30.097937,29.350863,29.350863,29.350863,33934031
2024-06-03,29.350985,29.919027,29.213846,29.560913,29.560913,38785857
2024-06-04,29.560913,30.003448,29.261469,29.98715,29.98715,35758538
2024-06-05,29.98715,30.537884,29.953077,30.311487,30.311487,37634729
2024-06-06,30.311487,30.445517,29.744736,30.195045,30.195045,30954517
2024-06-07,30.195049,30.378103,26.849125,27.986826,27.986826,43317423
2024-06-08,27.984121,28.127707,26.373901,26.46195,26.46195,36906544
2024-06-09,26.460979,26.818041,25.873665,26.816542,26.816542,35037222
2024-06-10,26.818165,26.900515,25.95117,26.202518,26.202518,35802446
2024-06-11,26.204905,26.35182,24.813728,25.529867,25.529867,36357477
2024-06-12,25.527121,26.928989,25.052269,26.531876,26.531876,36222321
2024-06-13,26.532413,26.632765,25.850992,25.950346,25.950346,30508690
2024-06-14,25.947245,26.604031,25.172724,25.918413,25.918413,33167705
2024-06-15,25.927055,26.1054,25.719643,26.01351,26.01351,28633984
2024-06-16,26.013445,26.341986,25.47406,25.72167,25.72167,29750485
2024-06-17,25.724108,25.89304,24.296021,24.932234,24.932234,34171056
2024-06-18,24.930319,24.952669,22.17186,23.095991,23.095991,44532794
2024-06-19,23.095039,23.749941,22.854725,23.680311,23.680311,30355419
2024-06-20,23.680311,24.322918,23.314327,23.570892,23.570892,36258366
2024-06-21,23.570478,24.111551,23.436432,23.731976,23.731976,33200053
2024-06-22,23.732565,24.282389,23.580683,24.131182,24.131182,26390645
2024-06-23,24.127146,24.465698,23.479879,23.496227,23.496227,24892326
2024-06-24,23.498442,23.606825,22.33617,23.12035,23.12035,38994679
2024-06-25,23.124674,24.343817,23.027908,24.225348,24.225348,31847466
2024-06-26,24.227512,24.362717,23.465683,23.880487,23.880487,21535570
2024-06-27,23.875345,24.70244,23.682077,24.66864,24.66864,28193064
2024-06-28,24.669369,25.094561,24.472576,24.690781,24.690781,28468075
2024-06-29,24.687906,25.080667,24.304153,24.309752,24.309752,23842894
2024-06-30,24.310484,24.797907,23.593538,24.796091,24.796091,27908856
2024-07-01,24.794605,24.976419,23.940699,24.000013,24.000013,28111295
2024-07-02,23.99852,24.67849,23.84803,24.675161,24.675161,30442684
2024-07-03,24.679497,25.004047,23.418591,24.605062,24.605062,46045569
2024-07-04,24.60087,24.60087,21.921177,21.940998,21.940998,41202393
2024-07-05,21.934111,23.116516,19.757065,22.853439,22.853439,45626910
2024-07-06,22.851702,23.711626,22.495047,23.370501,23.370501,26425070
2024-07-07,23.37011,23.644022,21.869719,21.923834,21.923834,28190683
2024-07-08,21.922785,23.566969,21.036728,22.99045,22.99045,36938958
2024-07-09,22.988186,24.368082,22.857979,24.088333,24.088333,35554457
2024-07-10,24.089417,24.092205,23.253893,23.872385,23.872385,34923799
2024-07-11,23.879198,24.308575,23.57321,23.915911,23.915911,36658107
2024-07-12,23.916592,24.506849,23.602781,24.506849,24.506849,32358503
2024-07-13,24.505457,26.204189,24.467331,26.007618,26.007618,39528394
2024-07-14,26.01346,27.33135,25.571642,27.003426,27.003426,42343319
2024-07-15,27.015177,27.951439,26.669001,27.392326,27.392326,42083992
2024-07-16,27.392607,28.064054,26.013126,28.012537,28.012537,52327684
2024-07-17,28.01738,28.584763,27.44972,27.503139,27.503139,42644373
2024-07-18,27.502312,28.127365,26.826576,27.368439,27.368439,40428197
2024-07-19,27.368742,27.964741,26.322845,27.505236,27.505236,38449304
2024-07-20,27.5026,28.369284,27.329941,28.030476,28.030476,36795532
2024-07-21,28.031658,28.868868,27.639021,28.333439,28.333439,45517763
2024-07-22,28.333439,28.61429,26.669325,26.809837,26.809837,182734254
2024-07-23,26.809837,27.319059,26.378857,26.51668,26.51668,35840466
2024-07-24,26.517124,27.418583,26.415176,26.761543,26.761543,33283938
2024-07-25,26.762877,26.776678,24.862425,25.711649,25.711649,37908426
2024-07-26,25.711649,27.152819,25.702875,26.933048,26.933048,32031765
2024-07-27,26.932508,27.241823,26.591347,26.951977,26.951977,32442374
2024-07-28,26.95137,27.036528,26.467604,26.600008,26.600008,29540565
2024-07-29,26.600021,27.778164,26.599833,26.752283,26.752283,36124440
2024-07-30,26.752283,27.114775,26.176765,26.291866,26.291866,31250354
2024-07-31,26.291311,27.311974,26.107719,26.676878,26.676878,33120347
2024-08-01,26.67728,27.109669,24.229839,25.69805,25.69805,42648081
2024-08-02,25.69805,25.910223,24.187529,24.376211,24.376211,31946425
2024-08-03,24.376211,24.980988,22.876343,23.350679,23.350679,36276505
2024-08-04,23.350653,23.579849,21.558046,22.217737,22.217737,30862602
2024-08-05,22.217737,22.97341,19.152046,22.100224,22.100224,61574815
2024-08-06,22.100224,22.939095,21.988228,22.424253,22.424253,34547006
2024-08-07,22.424253,23.21966,21.878643,22.172924,22.172924,32388879
2024-08-08,22.173052,24.024675,21.888369,23.771774,23.771774,35380103
2024-08-09,23.771774,24.483528,23.609829,24.453014,24.453014,37906978
2024-08-10,24.453014,24.596769,24.088955,24.524925,24.524925,29313420
2024-08-11,24.524948,25.065161,23.989367,24.298237,24.298237,34144840
2024-08-12,24.298237,25.455744,23.653896,25.413042,25.413042,36706603
2024-08-13,25.413042,25.930658,25.160124,25.422304,25.422304,35098890
2024-08-14,25.422499,25.846727,25.197779,25.681629,25.681629,29126324
2024-08-15,25.681629,25.766226,24.691259,25.197868,25.197868,29970892
2024-08-16,25.197868,25.998171,24.768047,25.277962,25.277962,33218232
2024-08-17,25.277962,26.451088,24.969116,26.120203,26.120203,26750644
2024-08-18,26.120203,26.43741,25.809122,25.884617,25.884617,26677043
2024-08-19,25.884617,26.0212,25.306295,26.008375,26.008375,30340399
2024-08-20,26.008375,26.304972,25.056871,25.205658,25.205658,30475627
2024-08-21,25.205658,25.980696,24.840214,25.850117,25.850117,30029562
2024-08-22,25.850117,26.488644,25.675156,26.196678,26.196678,28142047
2024-08-23,26.196678,27.146633,25.798904,27.033575,27.033575,34640322
2024-08-24,27.033674,27.331167,26.610065,26.872147,26.872147,30062882
2024-08-25,26.872147,27.057114,26.05674,26.378311,26.378311,31427763
2024-08-26,26.378311,26.464584,24.789907,24.79011,24.79011,34028051
2024-08-27,24.79011,24.952757,23.417912,23.970926,23.970926,33044016
2024-08-28,23.970926,24.37764,23.128134,23.74865,23.74865,28767476
2024-08-29,23.748575,24.141289,23.126568,23.310101,23.310101,26869685
2024-08-30,23.310101,23.843988,22.97217,23.82095,23.82095,29355075
2024-08-31,23.82095,23.930429,23.216022,23.471373,23.471373,24843829
2024-09-01,23.471373,23.471489,22.649433,22.749439,22.749439,26879129
2024-09-02,22.749439,23.888222,22.629452,23.888222,23.888222,30151948
2024-09-03,23.888222,24.979452,23.845663,24.20772,24.20772,37159185
2024-09-04,24.20772,24.604624,23.294024,24.063829,24.063829,41290415
2024-09-05,24.063829,24.175308,23.288366,23.985746,23.985746,29201800
2024-09-06,23.985746,24.158815,22.747526,23.219624,23.219624,31638740
2024-09-07,23.219624,23.768639,22.92511,23.564301,23.564301,27718240
2024-09-08,23.564301,24.302294,23.45443,23.904091,23.904091,28350729
2024-09-09,23.903021,24.37471,23.736031,24.24708,24.24708,32809858
2024-09-10,24.24708,24.260027,23.861708,24.032686,24.032686,28013278
2024-09-11,24.032686,24.092171,23.333982,23.881252,23.881252,28701387
2024-09-12,23.881252,24.302628,23.863132,24.001957,24.001957,25735512
2024-09-13,24.001957,24.489777,23.703918,24.384703,24.384703,28653254
2024-09-14,24.384703,24.538456,24.110741,24.503624,24.503624,27824959
2024-09-15,24.503624,24.690878,23.497244,23.613554,23.613554,28243727
2024-09-16,23.613554,23.613554,23.061678,23.412636,23.412636,33360286
2024-09-17,23.412607,24.164707,23.186193,24.004656,24.004656,29088512
2024-09-18,24.004656,24.650024,23.293224,24.648651,24.648651,41492082
2024-09-19,24.648651,25.394274,24.648651,25.03635,25.03635,53046639
2024-09-20,25.03635,25.421425,24.619839,25.125559,25.125559,48581947
2024-09-21,25.125559,25.506342,24.943369,25.488333,25.488333,46556922
2024-09-22,25.488333,25.492531,24.427229,24.915728,24.915728,45510149
2024-09-23,24.915728,25.409012,24.72916,25.067818,25.067818,48712650
2024-09-24,25.067818,25.951679,24.919186,25.870182,25.870182,50669464
2024-09-25,25.870182,26.151007,25.451492,25.55521,25.55521,49857715
2024-09-26,25.55521,26.195017,25.301519,25.975662,25.975662,60245989
2024-09-27,25.975662,26.423105,25.802721,26.013897,26.013897,63303353
2024-09-28,26.013897,26.626062,25.3943,25.733234,25.733234,72231625
2024-09-29,25.733234,25.765928,25.226768,25.511148,25.511148,48265023
2024-09-30,25.510593,25.582989,24.261974,24.405899,24.405899,57007871
2024-10-01,24.405899,24.850096,22.418339,22.604433,22.604433,84680688
2024-10-02,22.604433,23.521082,22.469913,22.8895,22.8895,49251165
2024-10-03,22.8895,23.282158,22.27318,23.056787,23.056787,54319010
2024-10-04,23.056787,23.684607,22.965591,23.576426,23.576426,45504278
2024-10-05,23.576426,23.97967,23.537767,23.833494,23.833494,31647571
2024-10-06,23.833494,24.406097,23.748878,24.226664,24.226664,26386517
2024-10-07,24.226664,24.488174,23.697508,23.72893,23.72893,30614113
2024-10-08,23.72893,24.029757,23.100716,23.174385,23.174385,31154831
2024-10-09,23.174385,23.343395,22.594147,22.694683,22.694683,28233530
2024-10-10,22.694683,22.951792,22.39327,22.934057,22.934057,27471873
2024-10-11,22.934057,23.843746,22.934057,23.571108,23.571108,30604606
2024-10-12,23.571108,24.138973,23.568453,23.98806,23.98806,24995378
2024-10-13,23.98806,24.204191,23.329699,23.716124,23.716124,28507492
2024-10-14,23.716124,24.451391,23.437996,24.426268,24.426268,31388734
2024-10-15,24.426268,24.558897,23.686966,24.189959,24.189959,32116658
2024-10-16,24.189825,24.335703,23.951286,24.050823,24.050823,31369193
2024-10-17,24.050823,24.173485,23.466583,23.69105,23.69105,29103190
2024-10-18,23.69104,24.043924,23.530441,23.727491,23.727491,32008734
2024-10-19,23.727491,24.17259,23.706284,24.166252,24.166252,25914548
2024-10-20,24.166252,24.651337,23.837858,24.651337,24.651337,26982974
2024-10-21,24.651602,24.698158,23.749626,23.917086,23.917086,24885484
2024-10-22,23.917086,23.920197,23.220268,23.444054,23.444054,29006915
2024-10-23,23.444054,23.446892,22.595144,23.309633,23.309633,29127023
2024-10-24,23.266237,23.537706,22.959768,23.443138,23.443138,27342509
2024-10-25,23.443138,23.496271,21.402748,21.828732,21.828732,31698209
2024-10-26,21.828732,22.275732,21.675116,22.121202,22.121202,29708528
2024-10-27,22.121202,22.410707,21.974403,22.277477,22.277477,24096014
2024-10-28,22.277477,22.730421,22.049372,22.618427,22.618427,29123922
2024-10-29,22.618427,23.377298,22.592026,23.343346,23.343346,32773403
2024-10-30,23.343346,23.425102,22.91728,23.132147,23.132147,25225289
2024-10-31,23.132101,23.169895,22.142944,22.195311,22.195311,27159177
2024-11-01,22.195311,22.712111,21.867329,22.343847,22.343847,25820880
2024-11-02,22.343838,22.717691,22.120327,22.2355,22.2355,24358449
2024-11-03,22.2355,22.303919,21.11639,21.811262,21.811262,26994827
2024-11-04,21.811596,22.124182,21.211592,21.453447,21.453447,24698782
2024-11-05,21.454073,22.118082,21.433924,21.987385,21.987385,26097510
2024-11-06,21.987385,23.368176,21.987385,23.332062,23.332062,46560071
2024-11-07,23.332062,23.911842,23.217428,23.501181,23.501181,41388649
2024-11-08,23.501181,23.781775,23.281065,23.781775,23.781775,39416547
2024-11-09,23.781775,24.949295,23.764999,24.922606,24.922606,46763359
2024-11-10,24.922606,26.896488,24.650951,25.943716,25.943716,67450500
2024-11-11,25.943716,26.788132,25.467415,26.76302,26.76302,69051251
2024-11-12,26.76302,27.19503,24.877047,26.335285,26.335285,87683527
2024-11-13,26.335285,26.591921,24.526798,25.520433,25.520433,86100843
2024-11-14,25.520433,26.366081,24.658445,25.075653,25.075653,67312042
2024-11-15,25.075653,27.980251,24.822887,27.798491,27.798491,72396809
2024-11-16,27.798491,30.218887,27.660772,30.005301,30.005301,89281009
2024-11-17,30.005827,30.273266,27.067739,27.38571,27.38571,67984346
2024-11-18,27.385397,29.787926,27.385006,29.593996,29.593996,79472447
2024-11-19,29.593996,30.01429,28.159946,28.562073,28.562073,64694762
2024-11-20,28.562073,28.562073,26.813972,27.352819,27.352819,60723336
2024-11-21,27.356974,29.526602,27.052128,28.756428,28.756428,75953932
2024-11-22,28.756428,29.877724,28.381109,29.786549,29.786549,74889835
2024-11-23,29.786501,35.221512,29.477661,33.801922,33.801922,140000932
2024-11-24,33.801922,36.416,32.035019,34.13839,34.13839,119879978
2024-11-25,34.13839,35.121445,32.573677,33.323322,33.323322,101119389
2024-11-26,33.306885,35.379112,31.0077,33.187241,33.187241,96163722
2024-11-27,33.187241,38.356239,32.990364,38.173279,38.173279,154384610
2024-11-28,38.173279,38.173279,35.365101,36.840832,36.840832,82133291
2024-11-29,36.841053,37.553822,35.272064,37.491669,37.491669,74355319
2024-11-30,37.491669,40.361519,36.849606,39.517036,39.517036,98766295
2024-12-01,39.517036,46.365776,38.020115,46.224731,46.224731,145882359
2024-12-02,46.224731,58.120506,46.14336,52.307106,52.307106,692306192
2024-12-03,52.308311,61.71167,52.285992,57.54829,57.54829,372064366
2024-12-04,57.54829,62.715126,55.925091,58.489933,58.489933,279210905
2024-12-05,58.489933,71.256195,56.07568,66.293427,66.293427,397056441
2024-12-06,64.931282,65.384247,59.380035,61.838039,61.838039,261966788
2024-12-07,61.838039,62.856659,58.653046,59.870361,59.870361,155531505
2024-12-08,59.870361,60.267776,57.852024,58.357044,58.357044,124232415
2024-12-09,58.357044,58.357044,42.566624,47.289536,47.289536,220224120
2024-12-10,47.29224,47.678959,40.244129,45.604321,45.604321,195964199
2024-12-11,45.604321,49.760586,43.568913,49.109215,49.109215,140038438
2024-12-12,49.107464,51.239914,47.681202,48.73642,48.73642,132822447
2024-12-13,48.73642,49.563759,47.713039,48.745972,48.745972,110317078
2024-12-14,48.745972,48.947906,45.121326,46.097439,46.097439,90156072
2024-12-15,46.097439,47.420048,44.596775,47.171944,47.171944,106165276
2024-12-16,47.171944,48.073528,43.466984,44.868492,44.868492,115043818
2024-12-17,44.868492,46.69099,43.696239,44.263809,44.263809,111893157
2024-12-18,44.269119,44.721432,38.725323,38.781136,38.781136,115837239
2024-12-19,38.781136,40.155537,34.842075,36.391342,36.391342,130900597
2024-12-20,36.391037,38.40337,31.542061,38.095428,38.095428,142061803
2024-12-21,38.095428,40.466209,35.128761,35.556561,35.556561,96097789
2024-12-22,35.556561,37.08263,34.528633,35.278992,35.278992,82408010
2024-12-23,35.272694,39.626408,34.518341,38.963779,38.963779,97758523
2024-12-24,38.963779,45.375813,38.331364,43.737865,43.737865,176024479
2024-12-25,43.737301,48.954437,43.602673,45.764519,45.764519,213564758
2024-12-26,45.767838,46.278656,40.60767,40.628208,40.628208,127424952
2024-12-27,40.627941,42.210442,38.943954,39.211594,39.211594,92357029
2024-12-28,39.213345,43.604614,38.810143,43.174164,43.174164,80122148
2024-12-29,43.174164,43.660969,39.326775,39.738312,39.738312,82238122
2024-12-30,39.738312,41.516273,37.535049,38.551167,38.551167,92360204
2024-12-31,38.551167,39.402378,37.513977,37.858139,37.858139,71122116
2025-01-01,37.858139,40.220242,37.282326,39.347263,39.347263,68963151
2025-01-02,39.347176,41.181599,38.850155,40.250462,40.250462,80923351
2025-01-03,40.250462,43.812206,39.323406,43.058578,43.058578,89341136
2025-01-04,43.058578,43.595669,42.122585,42.690102,42.690102,69735848
2025-01-05,42.690102,44.481098,42.067513,43.69257,43.69257,83667121
2025-01-06,43.69257,44.654655,42.578876,43.725525,43.725525,83406655
2025-01-07,43.726669,43.759487,38.601017,38.724468,38.724468,81823639
2025-01-08,38.724468,39.183064,35.63451,37.627411,37.627411,92198660
2025-01-09,37.627411,38.137703,35.731487,36.837185,36.837185,73152009
2025-01-10,36.836975,37.712875,36.238914,37.52383,37.52383,73346788
2025-01-11,37.52383,37.836582,36.737442,37.30505,37.30505,50157692
2025-01-12,37.30505,37.461971,36.386131,36.835209,36.835209,50470378
2025-01-13,36.835232,37.636349,33.078884,35.355122,35.355122,88616627
2025-01-14,35.355015,37.914349,35.171974,37.779709,37.779709,61079227
2025-01-15,37.779724,40.301376,36.849834,40.263638,40.263638,84978607
2025-01-16,40.265347,40.675552,38.736073,39.526562,39.526562,95457913
2025-01-17,39.526562,44.345043,39.508553,43.732372,43.732372,125336063
2025-01-18,43.732372,44.14864,39.102673,40.043011,40.043011,100716222
2025-01-19,40.043011,40.53109,35.193871,35.60952,35.60952,117056376
2025-01-20,35.608749,39.021275,34.765873,36.279369,36.279369,123348259
2025-01-21,36.278206,38.043316,34.493725,36.823555,36.823555,91705697
2025-01-22,36.823555,37.487263,35.732616,35.781513,35.781513,64875829
2025-01-23,35.782814,36.256416,34.540157,35.508526,35.508526,86305106
2025-01-24,35.507492,36.021278,34.356133,34.956497,34.956497,50277872
2025-01-25,34.953541,35.631866,34.620831,35.18882,35.18882,40187760
2025-01-26,35.189568,35.595718,33.874279,33.884697,33.884697,39296120
2025-01-27,33.884697,33.885448,30.890577,33.162651,33.162651,77758136
2025-01-28,33.168926,33.56451,30.827459,31.067776,31.067776,44720487
2025-01-29,31.067776,33.057709,30.839325,32.079311,32.079311,46051952
2025-01-30,32.08128,34.862953,31.902718,34.028934,34.028934,49388974
2025-01-31,34.028969,35.048927,33.146469,33.896992,33.896992,65699383
2025-02-01,33.896908,34.776299,30.544243,30.546974,30.546974,60050888
2025-02-02,30.546974,31.249945,25.647881,26.877661,26.877661,84272978
2025-02-03,26.873129,27.113417,21.050386,26.860094,26.860094,124319813
2025-02-04,26.860094,27.222351,24.22974,25.695732,25.695732,76796206
2025-02-05,25.695732,26.304998,25.040485,25.334696,25.334696,68127342
2025-02-06,25.334696,25.763002,24.002871,24.603535,24.603535,62081133
2025-02-07,24.606573,26.17692,24.247957,25.048429,25.048429,84640574
2025-02-08,25.048429,25.809973,24.480183,25.758919,25.758919,64112333
2025-02-09,25.758755,26.639502,24.881931,25.825949,25.825949,55422140
2025-02-10,25.825949,27.02231,25.140171,27.02231,27.02231,60820716
2025-02-11,27.02231,28.343355,26.41869,27.008144,27.008144,68924890
2025-02-12,27.008167,27.963276,25.890226,27.924566,27.924566,72071999
2025-02-13,27.924566,28.490755,27.076109,27.703089,27.703089,70357985
2025-02-14,27.703089,28.967136,27.196114,27.944706,27.944706,67487543
2025-02-15,27.944706,28.248455,26.92238,27.066767,27.066767,43349181
2025-02-16,27.066027,27.377487,26.605938,26.764486,26.764486,42344973
2025-02-17,26.764486,27.369257,26.019436,26.474936,26.474936,47819421
2025-02-18,26.47489,26.572481,24.994654,25.739326,25.739326,51379324
2025-02-19,25.740017,26.506971,25.460117,26.506678,26.506678,55055295
2025-02-20,26.506678,27.882195,26.353807,27.713133,27.713133,46586225
2025-02-21,27.713133,28.545372,26.35165,26.598387,26.598387,52035818
2025-02-22,26.598387,27.560787,26.549606,27.366077,27.366077,45215076
2025-02-23,27.366077,27.755522,26.864012,27.144928,27.144928,40041367
2025-02-24,27.144928,27.149809,24.094444,24.11318,24.11318,55004806
2025-02-25,24.112837,25.26409,22.920328,25.155989,25.155989,72284526
2025-02-26,25.299269,26.579245,24.928402,26.469578,26.469578,63145715
2025-02-27,26.28894,27.04566,25.308554,26.162222,26.162222,53369703
2025-02-28,26.162222,26.2302,24.034555,25.905142,25.905142,64944141
2025-03-01,25.905165,26.414232,24.798271,25.438992,25.438992,45349686
2025-03-02,25.438992,27.921099,25.161091,27.28994,27.28994,61253983
2025-03-03,27.288712,27.412014,23.852434,24.049204,24.049204,62958789
2025-03-04,24.050341,24.492931,22.462311,24.180517,24.180517,59353668
2025-03-05,24.180517,24.979557,23.904003,24.934568,24.934568,47567869
2025-03-06,24.934568,25.371441,24.273214,24.479635,24.479635,45478941
2025-03-07,24.479635,24.93767,23.372145,24.198488,24.198488,51132305
2025-03-08,24.198488,24.478062,23.817446,24.080078,24.080078,38729007
2025-03-09,24.080151,24.244099,21.738052,22.055653,22.055653,42251294
2025-03-10,22.055653,23.176487,20.786678,21.035015,21.035015,49790963
2025-03-11,21.035934,22.307657,20.000519,21.727184,21.727184,53210668
2025-03-12,21.727184,22.294634,21.121918,22.167719,22.167719,50062366
2025-03-13,22.167719,22.343122,21.558933,22.095385,22.095385,42969950
2025-03-14,22.095385,23.071819,22.095385,22.658585,22.658585,40315268
2025-03-15,22.661842,23.247328,22.541046,23.141785,23.141785,36260953
2025-03-16,23.141785,23.316133,22.36227,22.69511,22.69511,35931115
2025-03-17,22.695047,23.524099,22.645508,23.333427,23.333427,39060336
2025-03-18,23.333784,24.11718,22.609316,24.057131,24.057131,44084438
2025-03-19,24.057131,24.570099,23.777939,24.323486,24.323486,52116764
2025-03-20,24.315744,24.388153,23.622435,23.654875,23.654875,42284130
2025-03-21,23.654875,23.831181,22.844952,22.949419,22.949419,36234465
2025-03-22,22.949419,23.541374,22.948427,23.331451,23.331451,31680974
2025-03-23,23.331451,24.144861,22.990456,23.345942,23.345942,41253152
2025-03-24,23.345942,24.148216,23.18902,23.907793,23.907793,40783980
2025-03-25,23.907793,24.199825,23.563297,24.095011,24.095011,39948424
2025-03-26,24.095011,24.600031,23.821169,24.013235,24.013235,42704968
2025-03-27,24.013235,24.398643,23.687235,23.924791,23.924791,38210794
2025-03-28,23.924788,24.076777,22.593111,22.854366,22.854366,44335006
2025-03-29,22.854366,22.907154,21.119883,21.4195,21.4195,38793943
2025-03-30,21.4195,22.062231,21.326736,22.024246,22.024246,34352971
2025-03-31,22.024166,22.534735,21.585018,22.316631,22.316631,42163187
2025-04-01,22.316631,23.050611,22.316631,22.609646,22.609646,39645296
2025-04-02,22.609644,22.708929,21.220875,21.525404,21.525404,49439717
2025-04-03,21.525404,21.999819,20.684706,21.610794,21.610794,52856629
2025-04-04,21.610794,21.865437,21.105843,21.686136,21.686136,48641096
2025-04-05,21.686136,21.874983,21.214161,21.461519,21.461519,34282855
2025-04-06,21.461288,21.470737,19.544483,19.937805,19.937805,43511451
2025-04-07,19.937805,20.235336,18.034231,19.690182,19.690182,79345805
2025-04-08,19.690182,20.197363,18.965578,18.965578,18.965578,44014212
2025-04-09,18.965578,20.980913,18.62133,20.768812,20.768812,56739608
2025-04-10,20.768259,20.856804,19.573315,19.944784,19.944784,45427535
2025-04-11,19.944784,20.929409,19.880196,20.526615,20.526615,39539044
2025-04-12,20.526646,21.393122,20.342199,21.314251,21.314251,37441901
2025-04-13,21.314251,21.382103,20.479555,20.585382,20.585382,39417159
2025-04-14,20.585382,21.047005,20.553635,20.554338,20.554338,42618228
2025-04-15,20.554338,20.817726,20.236515,20.245546,20.245546,37585331
2025-04-16,20.245546,20.46703,19.974352,20.159115,20.159115,43835169
2025-04-17,20.159115,20.570772,20.073521,20.418486,20.418486,35051332
2025-04-18,20.418486,21.102652,20.237307,20.879446,20.879446,32073130
2025-04-19,20.879446,21.294903,20.831747,21.095215,21.095215,31493795
2025-04-20,21.095215,21.415098,20.985302,21.258776,21.258776,31488860
2025-04-21,21.258776,21.575102,20.841377,20.970654,20.970654,38832140
2025-04-22,20.970554,22.178745,20.578615,22.155487,22.155487,44360192
2025-04-23,22.155487,22.687483,22.08338,22.399479,22.399479,46575159
2025-04-24,22.399616,22.413366,21.6043,22.201845,22.201845,40514551
2025-04-25,22.201845,22.676424,22.004597,22.389854,22.389854,42795581
2025-04-26,22.389515,22.786394,22.220259,22.577669,22.577669,35882842
2025-04-27,22.578144,22.631077,21.331259,21.385153,21.385153,38532751
2025-04-28,21.385439,24.777727,20.9692,23.606812,23.606812,90409510
2025-04-29,23.606812,24.117491,22.874895,23.174112,23.174112,47098008
2025-04-30,23.174124,24.408672,22.866009,23.483622,23.483622,51805971
2025-05-01,23.484051,23.668741,23.077835,23.139921,23.139921,44138350
2025-05-02,23.14043,24.014122,23.052326,23.711781,23.711781,45249133
2025-05-03,23.711781,23.740248,22.163549,22.508522,22.508522,37847873
2025-05-04,22.508522,22.583256,21.699146,21.896366,21.896366,37955694
2025-05-05,21.896366,22.147602,21.598392,21.774572,21.774572,35386184
2025-05-06,21.774572,22.012413,20.609385,21.186152,21.186152,38064507
2025-05-07,21.186152,21.636547,20.849281,21.438278,21.438278,41076976
2025-05-08,21.438221,23.220131,21.431469,23.184826,23.184826,51600343
2025-05-09,23.184826,24.307793,23.06008,23.949026,23.949026,62046420
2025-05-10,23.949026,25.249664,23.839006,25.209829,25.209829,55800127
2025-05-11,25.208735,25.242926,24.145908,24.567513,24.567513,51948081
2025-05-12,24.567551,25.641445,24.041391,24.846317,24.846317,62705966
2025-05-13,24.846317,25.781462,23.572853,25.739952,25.739952,56375161
2025-05-14,25.739952,25.998924,24.724806,24.825615,24.825615,54176987
2025-05-15,24.825529,25.265917,22.890116,23.651669,23.651669,56929356
2025-05-16,23.65353,24.120304,23.312521,23.432037,23.432037,45821683
2025-05-17,23.432037,23.4799,22.676516,22.888783,22.888783,49102049
2025-05-18,22.888783,24.009487,22.854374,23.940298,23.940298,43962546
2025-05-19,23.940298,23.940298,22.614054,23.430477,23.430477,47935578
2025-05-20,23.430477,23.844728,22.97332,23.570984,23.570984,46173744
2025-05-21,23.570984,24.278055,23.226048,24.015167,24.015167,52390232
2025-05-22,24.016146,25.586668,23.927357,25.027815,25.027815,59837535
2025-05-23,25.027815,25.6084,23.344339,23.346079,23.346079,55257478
2025-05-24,23.345839,23.714701,23.122248,23.221127,23.221127,38316298
2025-05-25,23.223307,23.66987,22.598843,23.66799,23.66799,40591624
2025-05-26,23.66799,24.051025,23.429893,23.512642,23.512642,40057704
2025-05-27,23.512642,24.222448,23.18018,23.988363,23.988363,43966558
2025-05-28,23.988358,24.27116,23.368153,23.81307,23.81307,42043658
2025-05-29,23.81307,24.233521,23.132746,23.190773,23.190773,42754300
2025-05-30,23.18915,23.322191,21.850086,21.850744,21.850744,52799251
2025-05-31,21.85125,22.092924,21.405836,21.895397,21.895397,39193129
2025-06-01,21.895397,22.19479,21.649626,22.115786,22.115786,35444495
2025-06-02,22.116091,22.340137,21.643105,22.339109,22.339109,38752763
2025-06-03,22.339073,22.631889,22.152802,22.265127,22.265127,44980059
2025-06-04,22.266518,22.57041,21.536903,21.557165,21.557165,34346957
2025-06-05,21.557165,21.692568,20.41853,20.604908,20.604908,34649112
2025-06-06,20.604778,21.494984,20.524574,21.287836,21.287836,28055034
2025-06-07,21.2871,21.762732,21.265938,21.619337,21.619337,27331700
2025-06-08,21.619337,21.773251,21.24642,21.491693,21.491693,25136889
2025-06-09,21.491693,22.28801,21.228226,22.277325,22.277325,28796476
2025-06-10,22.277325,22.885132,21.927172,22.686666,22.686666,34667850
2025-06-11,22.686666,22.700317,21.713428,21.89719,21.89719,35178702
2025-06-12,21.89719,21.898184,20.708515,20.763113,20.763113,28597316
2025-06-13,20.763113,20.766897,19.626446,20.482063,20.482063,34377259
2025-06-14,20.482063,20.559744,20.057249,20.217279,20.217279,24473136
2025-06-15,20.217279,20.398134,19.934772,20.129541,20.129541,26056387
2025-06-16,20.129541,20.870195,19.968161,20.176369,20.176369,28505450
2025-06-17,20.176369,20.415358,19.450211,19.653206,19.653206,28890038
2025-06-18,19.653206,20.032463,19.21217,19.826958,19.826958,26378642
2025-06-19,19.826958,19.987743,19.595354,19.885727,19.885727,22962730
2025-06-20,19.885721,20.191961,19.085016,19.523857,19.523857,27508561
2025-06-21,19.523857,19.695124,18.50428,18.725622,18.725622,26014670
2025-06-22,18.751907,18.982256,17.519327,18.294806,18.294806,33867676
2025-06-23,18.294806,19.773342,18.089573,19.757799,19.757799,32068224
2025-06-24,19.757799,20.223392,19.736572,20.100969,20.100969,25004674
2025-06-25,20.100969,20.305861,19.658825,19.72505,19.72505,26111895
2025-06-26,19.724665,20.148705,19.184202,19.273802,19.273802,25488265
2025-06-27,19.273802,19.562695,19.215311,19.473661,19.473661,25999303
2025-06-28,19.473661,19.914606,19.389475,19.85988,19.85988,22424650
2025-06-29,19.85988,20.429949,19.761255,20.356247,20.356247,24822522
2025-06-30,20.356247,20.45598,19.768166,20.043222,20.043222,27266384
2025-07-01,20.043222,20.075968,19.093828,19.279736,19.279736,20774681
2025-07-02,19.279736,20.575579,19.161224,20.492916,20.492916,23868692
2025-07-03,20.492916,20.958115,20.274801,20.454233,20.454233,22393664
2025-07-04,20.454233,20.493748,19.696409,19.737242,19.737242,20334697
2025-07-05,19.735949,19.95496,19.629297,19.820185,19.820185,17612687
2025-07-06,19.820185,20.284752,19.686852,20.055635,20.055635,21714996
2025-07-07,20.055635,20.259892,19.736074,19.846994,19.846994,22435670
2025-07-08,19.846994,20.18585,19.668533,20.011374,20.011374,22334759
2025-07-09,20.011374,20.872038,19.863108,20.79858,20.79858,26886212
2025-07-10,20.79858,21.65629,20.663708,21.507013,21.507013,29792715
2025-07-11,21.507013,22.522713,21.316961,21.808567,21.808567,38754256
2025-07-12,21.808567,22.100765,21.247492,21.821888,21.821888,31537859
2025-07-13,21.821888,22.884308,21.706013,22.308926,22.308926,35061784
2025-07-14,22.303282,23.141287,21.955641,22.137455,22.137455,37224678
2025-07-15,22.137455,22.333035,21.190624,22.295599,22.295599,33535204
2025-07-16,22.295599,23.077517,21.77984,22.671728,22.671728,33859813
2025-07-17,22.671728,22.962519,22.219353,22.711542,22.711542,32560963
2025-07-18,22.711542,24.779926,22.635836,23.650274,23.650274,47583429
2025-07-19,23.650612,24.686443,23.19039,24.344303,24.344303,36555088
2025-07-20,24.344303,25.899588,24.225698,25.221634,25.221634,49917418
2025-07-21,25.221634,25.836784,24.727812,25.027468,25.027468,42144688
2025-07-22,25.027468,25.556835,24.292112,25.435658,25.435658,41816301
2025-07-23,25.435658,25.703342,23.028318,23.320951,23.320951,37366530
2025-07-24,23.319544,23.57345,22.075073,22.765629,22.765629,36759810
2025-07-25,22.765629,23.022903,22.126757,22.750181,22.750181,36121037
2025-07-26,22.750181,22.936911,22.358273,22.523624,22.523624,36513654
2025-07-27,22.523624,23.268394,22.394482,23.160849,23.160849,32667658
2025-07-28,23.160849,23.728687,21.681486,21.694443,21.694443,30631835
2025-07-29,21.695284,22.060547,20.936916,21.204763,21.204763,29767535
2025-07-30,21.204763,21.394823,20.605099,21.361685,21.361685,28898990
2025-07-31,21.361685,21.948792,20.496077,20.560156,20.560156,29757130
2025-08-01,20.560156,20.90634,20.190226,20.39912,20.39912,31456458
2025-08-02,20.39912,20.572426,19.822695,20.043713,20.043713,29266067
2025-08-03,20.043713,20.722958,19.938675,20.639021,20.639021,24233813
2025-08-04,20.638968,21.782434,20.57752,21.745167,21.745167,28443217
2025-08-05,21.745167,21.753239,20.786709,21.098946,21.098946,34117632
2025-08-06,21.098946,21.481256,20.64653,21.091377,21.091377,28780451
2025-08-07,21.091377,21.973995,20.960459,21.959538,21.959538,24631582
2025-08-08,21.959538,22.817125,21.829845,22.584415,22.584415,33269760
2025-08-09,22.584415,23.27211,22.583553,23.179241,23.179241,34333453
2025-08-10,23.178885,23.505667,22.568201,23.083075,23.083075,35918424
2025-08-11,23.083075,23.712637,22.427967,22.614195,22.614195,38671739
2025-08-12,22.614195,23.669497,22.148148,23.423635,23.423635,35899447
2025-08-13,23.423635,23.994017,23.169775,23.948557,23.948557,37772297
2025-08-14,23.948557,24.212202,22.008978,22.243858,22.243858,41532546
2025-08-15,22.243858,22.707973,21.598316,22.242678,22.242678,34242651
2025-08-16,22.242678,23.47998,22.242678,23.227222,23.227222,33095277
2025-08-17,23.227222,23.554346,22.891657,22.892267,22.892267,31574580
2025-08-18,22.892267,22.929588,22.045856,22.203718,22.203718,31107417
2025-08-19,22.203718,22.43446,21.290726,21.293217,21.293217,33363311
2025-08-20,21.293217,22.335764,21.200228,22.213036,22.213036,32428738
2025-08-21,22.213036,22.394278,21.764608,21.981636,21.981636,28992611
2025-08-22,21.981636,23.262218,21.215515,23.191832,23.191832,38616126
2025-08-23,23.191832,23.6814,22.826584,23.244949,23.244949,38365913
2025-08-24,23.244295,23.633774,22.519056,22.954567,22.954567,30369236
2025-08-25,22.954567,23.230087,21.507725,21.753288,21.753288,35218487
2025-08-26,21.754301,23.39366,21.658243,23.169304,23.169304,43468490
2025-08-27,23.169304,23.711449,22.865105,23.530279,23.530279,36702641
2025-08-28,23.530279,23.871759,22.986546,23.4722,23.4722,31564768
2025-08-29,23.47191,23.618074,22.370926,22.699596,22.699596,32488236
2025-08-30,22.699596,24.410786,22.40386,24.31786,24.31786,34276307
2025-08-31,24.31786,24.667051,23.606127,23.616955,23.616955,49529375
2025-09-01,23.616955,23.617128,22.331667,22.713388,22.713388,35636206
2025-09-02,22.713388,23.322557,22.47484,23.283279,23.283279,30334752
2025-09-03,23.283279,24.130432,23.178143,23.985376,23.985376,32479986
2025-09-04,23.985376,24.090147,23.120382,23.277262,23.277262,32178039
2025-09-05,23.277262,24.281355,23.254782,23.941774,23.941774,33426984
2025-09-06,23.941774,24.052835,23.474382,23.602404,23.602404,25587580
2025-09-07,23.602404,25.345394,23.602272,24.616579,24.616579,36663633
2025-09-08,24.616579,25.517698,24.511562,25.09116,25.09116,45136790
2025-09-09,25.09116,25.543198,24.572813,24.899561,24.899561,28878702
2025-09-10,24.899561,25.270664,24.317276,24.626778,24.626778,24937597
2025-09-11,24.626778,24.927498,24.315889,24.599792,24.599792,29623239
2025-09-12,24.599792,24.98488,24.265329,24.971502,24.971502,30967438
2025-09-13,24.971502,25.568933,24.855194,25.368328,25.368328,35422578
2025-09-14,25.368328,25.369165,24.090384,24.242304,24.242304,31807842
2025-09-15,24.242304,24.46887,22.890038,23.227678,23.227678,41828274
2025-09-16,23.227678,23.905664,23.074297,23.699577,23.699577,31986686
2025-09-17,23.699577,24.121155,23.208509,24.030823,24.030823,29210910
2025-09-18,24.030823,24.467976,23.91223,24.418306,24.418306,35991535
2025-09-19,24.418306,24.627234,23.092146,23.197275,23.197275,34267760
2025-09-20,23.197275,23.603506,23.046118,23.283731,23.283731,27274471
2025-09-21,23.283731,23.35841,22.893509,22.967016,22.967016,24038914
2025-09-22,22.967016,22.993183,20.605978,21.076168,21.076168,40740159
2025-09-23,21.076168,21.283192,20.672932,21.077068,21.077068,27337797
2025-09-24,21.077068,21.594366,20.763987,21.18095,21.18095,25777101
2025-09-25,21.18095,21.182974,19.994425,20.069815,20.069815,27187519
2025-09-26,20.069815,20.690956,19.938566,20.685978,20.685978,26196188
2025-09-27,20.685978,21.180305,20.557076,20.937935,20.937935,20678791
2025-09-28,20.937935,21.329922,20.666386,21.291054,21.291054,24723511
2025-09-29,21.291054,22.912439,21.279379,22.653538,22.653538,47570002
2025-09-30,22.654371,22.967466,22.018572,22.413492,22.413492,32748545
2025-10-01,22.413492,33.276127,22.207943,31.227285,31.227285,249431155
2025-10-02,31.230619,38.771156,29.741022,32.64362,32.64362,340359495
2025-10-03,32.64362,35.707439,31.628689,31.644924,31.644924,146432547
2025-10-04,31.644552,36.260918,29.717365,34.301041,34.301041,150585481
2025-10-05,34.300274,36.594265,33.666969,35.381611,35.381611,159499053
2025-10-06,35.381611,35.852417,34.281231,34.482063,34.482063,76222586
2025-10-07,34.482063,34.500797,29.823336,30.006504,30.006504,68765863
2025-10-08,30.006504,34.075832,28.551807,33.069809,33.069809,123949223
2025-10-09,33.069809,36.182884,30.17684,35.230568,35.230568,164476748
2025-10-10,35.230537,48.808411,32.470863,37.637901,37.637901,552949599
2025-10-11,37.637901,43.224773,33.838058,39.451866,39.451866,239049828
2025-10-12,39.451866,59.157257,37.498741,53.492062,53.492062,518086111
2025-10-13,53.492413,60.076206,49.831322,50.743282,50.743282,312074209
2025-10-14,50.744251,51.091862,43.710468,45.525318,45.525318,195565246
2025-10-15,45.525318,52.569386,44.490692,45.686413,45.686413,230293623
2025-10-16,45.685612,49.439713,41.912682,42.209648,42.209648,165380494
2025-10-17,42.210651,46.818092,38.934269,43.216251,43.216251,182657453
2025-10-18,43.216251,47.656361,42.242466,42.58844,42.58844,130765206
2025-10-19,42.58844,45.691231,41.914261,43.664242,43.664242,99218690
2025-10-20,43.664242,51.761024,41.809921,49.209965,49.209965,203279142
2025-10-21,49.112698,50.867176,44.381702,45.255642,45.255642,211546314
2025-10-22,45.256844,47.518852,40.805603,41.60733,41.60733,120113148
2025-10-23,41.60733,43.54372,41.043251,41.737476,41.737476,70361125
2025-10-24,41.737476,43.397564,39.542454,42.015457,42.015457,100394138
2025-10-25,42.015972,42.231609,40.571465,41.969669,41.969669,59472812
2025-10-26,41.969669,51.773926,41.290302,49.783127,49.783127,226909470
2025-10-27,49.794701,53.526119,48.0406,48.617016,48.617016,184450227
2025-10-28,48.617016,49.513184,45.305115,45.8074,45.8074,106520645
2025-10-29,45.804131,49.354179,45.680798,46.397106,46.397106,108567357
2025-10-30,46.396309,47.477444,41.287418,43.975723,43.975723,98835780
2025-10-31,43.975723,53.052704,43.793098,52.967213,52.967213,151135887
2025-11-01,52.968662,75.804695,52.519379,73.970184,73.970184,855390896
2025-11-02,73.963402,95.028137,70.674767,89.886314,89.886314,1003321096
2025-11-03,89.893555,118.96321,80.647461,118.77534,118.77534,1213449982
2025-11-04,118.75528,148.97997,110.54457,121.69669,121.69669,2068115901
2025-11-05,121.68457,121.72014,100.94577,105.16072,105.16072,1092576911
2025-11-06,105.17451,132.59734,97.631149,111.28003,111.28003,1227329134
2025-11-07,111.29447,123.8239,100.57613,101.04344,101.04344,942292700
2025-11-08,101.04624,102.81308,75.941467,81.474327,81.474327,773758901
2025-11-09,81.474327,95.877151,73.190689,81.787125,81.787125,694222475
2025-11-10,81.790169,85.290924,72.405167,72.428795,72.428795,415887508
2025-11-11,72.436569,76.638428,66.441444,66.877213,66.877213,313572760
2025-11-12,66.877213,71.950043,63.682014,67.204803,67.204803,295572494
2025-11-13,67.208282,71.315903,61.716751,63.914764,63.914764,235909930
2025-11-14,63.914764,76.924538,62.468494,74.55378,74.55378,422368719
2025-11-15,74.55378,98.199409,70.638664,98.084335,98.084335,922441758
2025-11-16,98.084335,102.94931,83.853523,85.433289,85.433289,929621335
2025-11-17,85.433289,90.62764,79.018227,81.884697,81.884697,514782017
2025-11-18,81.888031,81.950882,73.55265,77.426216,77.426216,355082082
2025-11-19,77.426216,81.441032,72.937515,79.269211,79.269211,314960056
2025-11-20,79.26635,85.062935,73.268692,73.268692,73.268692,342833015
2025-11-21,73.263527,74.118134,58.665783,60.258072,60.258072,340688176
2025-11-22,60.247375,61.300476,52.847412,57.037163,57.037163,224968425
2025-11-23,57.039017,62.044903,56.460621,56.465416,56.465416,212762856
2025-11-24,56.466953,60.372227,54.99892,56.664108,56.664108,167163705
2025-11-25,56.664108,57.471569,54.454353,57.292576,57.292576,131683375
2025-11-26,57.290913,69.496788,57.289104,69.342537,69.342537,349142089
2025-11-27,69.342537,70.914833,61.577942,61.832386,61.832386,216498781
2025-11-28,61.832314,61.848732,57.331108,58.33651,58.33651,175060021
2025-11-29,58.334637,58.58514,56.243813,56.704311,56.704311,113416917
2025-11-30,56.705872,57.387455,53.413403,53.413403,53.413403,104470418
2025-12-01,53.413403,53.43103,46.853741,48.341888,48.341888,203142791
2025-12-02,48.341888,50.918194,46.189907,47.567356,47.567356,172516491
2025-12-03,47.567356,52.495148,46.418564,48.768456,48.768456,194926811
2025-12-04,48.767788,51.022835,47.338638,49.345818,49.345818,135242482
2025-12-05,49.345818,52.259075,46.569695,47.029057,47.029057,174403159
2025-12-06,47.029057,48.903511,46.333416,47.533787,47.533787,99908357
2025-12-07,47.545471,47.546982,43.958031,44.54594,44.54594,137403602
2025-12-08,44.549847,52.401352,44.394756,49.522034,49.522034,214214138
2025-12-09,49.522655,51.220379,47.37706,50.379246,50.379246,205219385
2025-12-10,50.386944,53.03339,46.794193,46.921757,46.921757,171931826
2025-12-11,46.918613,49.554253,45.589558,48.0574,48.0574,148645756
2025-12-12,48.05817,48.637074,45.672752,46.561871,46.561871,101339553
2025-12-13,46.563656,47.073017,44.511711,44.977081,44.977081,90694052
2025-12-14,44.977081,45.441448,40.998096,41.053471,41.053471,96167349
2025-12-15,41.05394,43.589478,39.418831,40.860462,40.860462,117725810
2025-12-16,40.860462,42.597057,39.275166,40.998512,40.998512,117237074
2025-12-17,41.003551,41.395756,38.028587,38.055786,38.055786,85431280
2025-12-18,38.055786,39.118618,35.207935,35.747784,35.747784,87360297
2025-12-19,35.747784,39.606335,35.137444,38.580223,38.580223,108783650
2025-12-20,38.580223,41.12582,38.422264,40.068279,40.068279,88044517
2025-12-21,40.068279,40.06868,37.62989,38.258106,38.258106,73171584
2025-12-22,38.258106,39.285858,37.441303,38.347263,38.347263,71277865
2025-12-23,38.345783,38.931423,36.813694,37.73077,37.73077,61498798
2025-12-24,37.73077,38.404057,36.237408,38.258602,38.258602,63560018
2025-12-25,38.258602,40.213257,37.902897,37.92701,37.92701,77500736
2025-12-26,37.92701,39.707027,37.834778,39.250847,39.250847,62205624
2025-12-27,39.250847,46.923206,39.045807,44.560287,44.560287,180799990
2025-12-28,44.560741,45.724812,43.59502,43.997185,43.997185,103895107
2025-12-29,43.997185,45.051247,41.989799,42.386925,42.386925,114308437
2025-12-30,42.386925,43.576927,42.224487,42.599426,42.599426,73861599
2025-12-31,42.599426,43.319489,40.832561,41.600044,41.600044,75452309
2026-01-01,41.600044,44.284286,41.001282,43.29245,43.29245,97214837
2026-01-02,43.29245,43.430866,41.188232,42.725933,42.725933,84814932
2026-01-03,42.725933,44.672611,42.300587,43.216167,43.216167,80811180
2026-01-04,43.216167,44.02721,42.419331,43.367405,43.367405,81352031
2026-01-05,43.364311,44.371632,42.424397,44.157009,44.157009,90718738
2026-01-06,44.158161,46.616943,43.007465,44.66423,44.66423,109083681
2026-01-07,44.66423,44.665867,40.477932,40.868256,40.868256,85918514
2026-01-08,40.869637,41.367905,37.669773,38.704014,38.704014,85262122
2026-01-09,38.704647,39.527954,37.736942,37.845951,37.845951,68737472
2026-01-10,37.845951,37.865116,36.722706,37.280613,37.280613,59548357
2026-01-11,37.279053,38.077839,36.712063,37.188461,37.188461,55892039
2026-01-12,37.188461,39.277092,36.841789,39.277092,39.277092,96709129
2026-01-13,39.273376,67.479073,39.24176,59.184055,59.184055,987105494
2026-01-14,59.182842,87.878212,56.557358,80.311737,80.311737,1367362441
2026-01-15,80.306152,86.632835,76.066757,80.84082,80.84082,810963529
2026-01-16,80.840218,95.732964,80.323685,85.507736,85.507736,871709033
2026-01-17,85.504707,85.584808,73.497276,74.520294,74.520294,552385490
2026-01-18,74.525528,91.313759,72.067017,79.054932,79.054932,770740691
2026-01-19,79.057045,88.248795,75.206856,75.297478,75.297478,566193114
2026-01-20,75.290291,75.775085,68.052605,69.979843,69.979843,431177979
2026-01-21,69.958977,72.077248,66.676704,67.371002,67.371002,265735974
2026-01-22,67.374763,68.067772,62.35965,62.628136,62.628136,250642452
2026-01-23,62.628853,72.771446,62.609699,67.342918,67.342918,379551092
2026-01-24,67.344643,67.399498,63.056175,63.149364,63.149364,190465227
2026-01-25,63.149689,65.75016,58.909679,58.933796,58.933796,212188559
2026-01-26,58.934212,61.083862,57.884201,59.848789,59.848789,183110740
2026-01-27,59.848789,65.374611,59.791157,62.358372,62.358372,280520592
2026-01-28,62.35931,63.257088,57.773621,58.26733,58.26733,166664950
2026-01-29,58.26701,58.966064,53.560074,54.574989,54.574989,175650364
2026-01-30,54.574402,55.178497,49.588856,51.318867,51.318867,173046767
2026-01-31,51.319736,51.322029,42.706516,44.325878,44.325878,192106197
2026-02-01,44.325878,46.424561,42.386826,43.976955,43.976955,136862188
2026-02-02,43.974888,45.457706,42.372562,44.072113,44.072113,113676817
2026-02-03,44.072113,44.776299,40.270645,41.333904,41.333904,137046238
2026-02-04,41.333591,42.515209,39.468884,39.589767,39.589767,110566956
2026-02-05,39.589767,40.653484,33.657314,34.020512,34.020512,141855098
2026-02-06,34.020512,39.567142,31.44157,37.744942,37.744942,150807514
2026-02-07,37.744846,37.970062,35.182072,36.891144,36.891144,94361328
2026-02-08,36.891144,38.318459,35.580463,37.235992,37.235992,98298268
2026-02-09,37.235683,37.442966,34.714771,36.458214,36.458214,83988387
2026-02-10,36.459728,37.162689,34.332745,35.167652,35.167652,72981761
2026-02-11,35.167652,35.821651,32.41235,33.870129,33.870129,90618677
2026-02-12,33.870129,35.026199,33.169109,34.255184,34.255184,75085856
2026-02-13,34.25491,38.993168,33.852474,37.212395,37.212395,125602369
2026-02-14,37.212414,41.475304,37.111828,40.167118,40.167118,152385451
2026-02-15,40.16618,41.331444,36.743706,37.487179,37.487179,104661759
2026-02-16,37.487179,39.087082,36.775764,38.067162,38.067162,89089690
2026-02-17,38.069809,38.718765,36.731384,37.279434,37.279434,64943125
2026-02-18,37.279659,38.069328,35.271648,35.504959,35.504959,68312482
2026-02-19,35.504959,36.281673,34.15818,34.561798,34.561798,67597394
2026-02-20,34.561798,35.389408,33.008556,35.203083,35.203083,100806015
2026-02-21,35.203083,35.905743,33.883865,34.017738,34.017738,74791793
2026-02-22,34.017738,34.48489,32.803848,33.053295,33.053295,63455181
2026-02-23,33.053295,33.799023,31.251808,31.901434,31.901434,84495793
2026-02-24,31.901434,33.312016,31.288525,32.431881,32.431881,73332844
2026-02-25,32.431881,35.924015,32.208439,34.688988,34.688988,99623822
2026-02-26,34.688442,36.194695,33.733601,34.143536,34.143536,74200584
2026-02-27,34.143536,35.683571,32.734009,33.234589,33.234589,72207740
2026-02-28,33.234432,33.443684,30.755184,32.887424,32.887424,92544070
2026-03-01,32.887424,34.462902,31.124136,31.869535,31.869535,77327279
2026-03-02,31.869535,35.183868,31.478598,34.70776,34.70776,92214939
2026-03-03,34.707863,34.886848,32.511646,34.207516,34.207516,70627262
2026-03-04,34.207516,36.207367,33.674049,35.108322,35.108322,94932720
2026-03-05,35.108322,35.314739,33.752159,34.306767,34.306767,64790686
2026-03-06,34.306767,34.731468,32.18541,32.489052,32.489052,56016666
2026-03-07,32.489052,32.854031,31.656601,31.778412,31.778412,50602783
2026-03-08,31.778452,31.829531,30.150148,30.412008,30.412008,57869422
2026-03-09,30.411608,32.899837,30.211245,32.053467,32.053467,63932950
2026-03-10,32.052517,33.477734,32.052517,32.343704,32.343704,64938841
2026-03-11,32.343704,32.769489,31.728783,32.499619,32.499619,53893599
2026-03-12,32.499619,32.952026,31.927008,32.880405,32.880405,53480580
2026-03-13,32.880447,34.150738,32.138672,32.389008,32.389008,74019616
2026-03-14,32.389008,33.285725,32.26107,32.651642,32.651642,46606887
2026-03-15,32.651642,34.088394,32.384743,33.81794,33.81794,64722700
2026-03-16,33.81797,36.94125,33.711056,35.924335,35.924335,108963711
2026-03-17,35.924335,36.240974,34.453449,35.230743,35.230743,87870971
2026-03-18,35.230743,35.752991,32.054089,32.603004,32.603004,78520169
2026-03-19,32.603004,32.824188,31.166092,31.379612,31.379612,57460911
2026-03-20,31.379982,32.192623,31.37174,32.058971,32.058971,60601632
2026-03-21,32.058971,33.345589,31.238972,31.297161,31.297161,55353168
2026-03-22,31.303247,32.61832,31.086271,32.211197,32.211197,66912259
2026-03-23,32.211197,34.824322,32.197079,34.481052,34.481052,94539116
2026-03-24,34.481052,34.999878,33.497894,34.34716,34.34716,65477286
2026-03-25,34.347485,34.847546,33.680248,34.051392,34.051392,67596967
2026-03-26,34.051392,34.371689,32.02,32.291988,32.291988,58971320
2026-03-27,32.291988,32.838699,31.414351,31.614117,31.614117,52645467
2026-03-28,31.614128,32.609451,31.148857,31.715616,31.715616,47233308
2026-03-29,31.715616,32.294765,31.242796,31.788754,31.788754,47778835
2026-03-30,31.788754,32.842094,31.682014,32.028492,32.028492,54799617
2026-03-31,32.028492,33.241207,31.765924,32.680168,32.680168,77085646
2026-04-01,32.680168,33.062153,31.613846,31.627234,31.627234,65760787
2026-04-02,31.627234,31.933123,29.573664,30.160105,30.160105,74930807
2026-04-03,30.160105,30.512791,29.766722,29.874767,29.874767,44876405
2026-04-04,29.874767,30.819695,29.585032,30.782223,30.782223,54956918
2026-04-05,30.782223,30.905106,29.790945,30.385422,30.385422,49199338
2026-04-06,30.385422,31.222164,29.948128,30.092165,30.092165,56816876
2026-04-07,30.092165,33.881325,29.960257,33.575081,33.575081,84617663
2026-04-08,33.574936,33.79443,31.907553,32.149693,32.149693,108740696
2026-04-09,32.149693,37.492077,31.622347,36.238167,36.238167,115784038
2026-04-10,36.238754,46.046448,35.649776,45.829819,45.829819,394940467
2026-04-11,45.829819,47.68153,43.393688,46.503941,46.503941,256226566
2026-04-12,46.503296,47.515102,40.767979,41.010921,41.010921,229839251
2026-04-13,41.010921,43.467922,39.863293,41.318844,41.318844,164735515
2026-04-14,41.318844,41.536339,37.812939,38.299412,38.299412,117542356
2026-04-15,38.297096,39.024586,37.823227,38.011726,38.011726,84268740
2026-04-16,38.011726,38.536785,36.464577,36.96629,36.96629,104359767
2026-04-17,36.96629,38.107143,36.320839,36.869965,36.869965,87845083
2026-04-18,36.869965,37.356262,34.335388,34.641785,34.641785,73533898
2026-04-19,34.641785,35.78017,33.475201,33.550392,33.550392,83160124
2026-04-20,33.550392,34.768738,33.43716,34.250858,34.250858,61257307
2026-04-21,34.250858,37.120445,34.157452,36.746059,36.746059,121377975
2026-04-22,36.746059,37.466244,35.439556,35.439556,35.439556,97844436
2026-04-23,35.439556,36.692513,34.616043,36.568207,36.568207,85793859
2026-04-24,36.567913,37.383945,35.500896,36.543709,36.543709,89036142
2026-04-25,36.543709,36.644695,35.779556,36.138329,36.138329,55591293
2026-04-26,36.137527,37.023586,35.969597,36.297832,36.297832,63065439
2026-04-27,36.298851,37.15464,34.623451,35.523594,35.523594,73191078
2026-04-28,35.523594,35.795002,34.662838,34.853439,34.853439,54994691
2026-04-29,34.853439,35.709064,33.834175,34.49815,34.49815,59014356
2026-04-30,34.49815,35.500954,34.107101,35.490768,35.490768,58815729
2026-05-01,35.490768,38.721485,35.002022,37.708443,37.708443,111784104
2026-05-02,37.708443,38.595779,36.770588,37.190243,37.190243,78552790
2026-05-03,37.189838,39.527157,36.863472,39.082336,39.082336,110124646
2026-05-04,39.082336,50.656124,39.049782,47.60733,47.60733,443619297
2026-05-05,47.649166,49.915489,44.545418,49.019917,49.019917,244992648
2026-05-06,49.019917,57.877609,47.849415,51.746067,51.746067,419676601
2026-05-07,51.743092,54.054207,49.617649,52.038105,52.038105,220193722
2026-05-08,52.038105,52.498955,47.442699,50.257984,50.257984,167499371
2026-05-09,50.259464,52.545055,48.831635,49.051456,49.051456,150911457
2026-05-10,49.050831,49.871185,46.266842,47.599995,47.599995,124682311
2026-05-11,47.599995,47.726089,46.273708,46.741364,46.741364,91975604
2026-05-12,46.741364,47.088421,44.852497,46.331253,46.331253,110772385
2026-05-13,46.33292,47.486053,43.532661,43.764351,43.764351,95739786
2026-05-14,43.764351,46.977242,43.179398,46.232357,46.232357,100093582
2026-05-15,46.232357,46.299477,43.14209,43.377853,43.377853,76451168
2026-05-16,43.376873,43.490547,40.566563,41.250946,41.250946,64663382
2026-05-17,41.250946,42.624794,40.41288,40.784107,40.784107,82429964
2026-05-18,40.784523,43.092117,40.268322,42.702785,42.702785,107108574
2026-05-19,42.703503,43.34388,41.820126,42.216354,42.216354,85621649
2026-05-20,42.216354,50.462322,41.647766,50.462322,50.462322,229699633
2026-05-21,50.468899,53.822548,47.005836,49.007549,49.007549,190646070
2026-05-22,49.007565,49.472843,42.688053,42.764061,42.764061,129206862
2026-05-23,42.764061,46.602821,41.938652,45.963451,45.963451,139939080
2026-05-24,45.963451,47.068844,44.766811,45.885189,45.885189,110478030
2026-05-25,45.885036,47.200253,44.448322,44.77771,44.77771,100712768
2026-05-26,44.77771,45.529404,42.995956,43.538651,43.538651,83992598
2026-05-27,43.538612,44.208946,42.194691,42.517487,42.517487,75044866
2026-05-28,42.517784,42.586536,38.452839,39.994881,39.994881,97657669
2026-05-29,39.994938,40.820724,39.087563,39.379314,39.379314,73916568
2026-05-30,39.379314,40.178432,38.56776,39.335728,39.335728,65750776
2026-05-31,39.335728,40.469349,38.832832,40.165268,40.165268,72056328
2026-06-01,40.163506,41.320747,38.240086,39.405117,39.405117,92660415
2026-06-02,39.405117,40.452198,37.063595,37.790878,37.790878,111831621
2026-06-03,37.790878,40.134445,37.784843,39.175285,39.175285,101827444
2026-06-04,39.175285,39.663406,33.277271,34.190052,34.190052,114611041
2026-06-05,34.190083,34.193626,29.578131,31.434654,31.434654,131666842
2026-06-06,31.434256,32.776405,29.716127,32.625256,32.625256,69528207
2026-06-07,32.625622,38.077263,32.409824,36.843483,36.843483,147003575
2026-06-08,36.840847,37.475521,36.388538,36.825153,36.825153,83544655
2026-06-09,36.825924,38.309399,35.128056,35.201912,35.201912,94911882
2026-06-10,35.201618,35.52076,33.361099,33.763474,33.763474,68137874
2026-06-11,33.763474,36.114597,33.722324,35.677998,35.677998,67825142
2026-06-12,35.677998,35.707355,34.301205,34.385494,34.385494,57044053
2026-06-13,34.385494,35.66531,34.308411,35.496716,35.496716,51180112
2026-06-14,35.496716,38.245159,34.614441,38.237526,38.237526,67419773
2026-06-15,38.237617,40.13332,37.502541,38.22718,38.22718,97522829
2026-06-16,38.22718,38.699657,36.938217,37.471001,37.471001,65381904
2026-06-17,37.471001,38.046593,35.892094,36.23901,36.23901,61855882
2026-06-18,36.237396,36.549919,34.65218,35.404369,35.404369,55849457
2026-06-19,35.404369,37.391823,34.522118,37.361214,37.361214,53198005
2026-06-20,37.361214,38.066792,36.064369,36.884724,36.884724,64332608
2026-06-21,36.884724,37.25322,34.659691,34.667919,34.667919,50357001
2026-06-22,34.675674,35.596607,34.20182,34.488106,34.488106,63937508
2026-06-23,34.488083,36.408459,33.754177,36.226929,36.226929,67924020
2026-06-24,36.226906,36.860909,32.130634,33.673347,33.673347,72763775
2026-06-25,33.673347,35.326153,32.48312,33.946674,33.946674,50502759
2026-06-26,33.947006,34.788593,32.703438,34.226025,34.226025,47205402
2026-06-27,34.226025,34.440536,32.823399,32.985832,32.985832,43501001
2026-06-28,32.982422,33.121933,31.792147,32.188217,32.188217,41037295
2026-06-29,32.188217,33.611706,31.796276,33.234566,33.234566,42538834
2026-06-30,33.234566,33.293987,32.31702,32.50988,32.50988,40272925
2026-07-01,32.511002,33.692802,31.939594,33.104065,33.104065,52321951
2026-07-02,33.104065,34.819912,33.037601,34.511772,34.511772,57183295
2026-07-03,34.511944,36.472679,34.510788,35.830116,35.830116,57924336
2026-07-04,35.830116,36.45612,34.955154,35.678268,35.678268,46236831
2026-07-05,35.678036,35.729786,34.573345,35.704144,35.704144,43412542
2026-07-06,35.704144,35.800758,34.096668,35.102295,35.102295,52130950
2026-07-07,35.102268,37.221813,34.59919,35.35239,35.35239,64056944
2026-07-08,35.350605,35.757427,33.300419,34.311985,34.311985,54167346
2026-07-09,34.314781,34.439068,33.691704,34.14978,34.14978,47197820
2026-07-10,34.14978,35.450169,33.974144,34.882648,34.882648,48169116
2026-07-11,34.881992,35.338818,34.102497,34.10405,34.10405,47669293
2026-07-12,34.10405,35.478786,33.779675,34.390854,34.390854,58131659
2026-07-13,34.39093,35.108395,32.613579,32.867168,32.867168,46787102
2026-07-14,32.867168,34.206306,32.448807,34.096996,34.096996,50483280
2026-07-15,34.097378,35.490456,33.955742,34.490593,34.490593,63382671
2026-07-16,34.49374,34.625275,33.223312,33.331818,33.331818,43206241
2026-07-17,33.331837,34.391422,33.120518,34.176445,34.176445,50381487
2026-07-18,34.176338,34.397461,33.570499,34.228039,34.228039,39518308
2026-07-19,34.22813,34.952763,33.809357,34.342354,34.342354,44162568
2026-07-20,34.34219,34.619179,33.667389,34.149498,34.149498,44175485
2026-07-21,34.149498,35.114807,33.831326,34.884605,34.884605,46720694
2026-07-22,34.884605,35.034508,33.290791,33.520359,33.520359,50356372
2026-07-23,33.520164,33.73711,32.690781,32.881504,32.881504,62556473
2026-07-24,32.880924,33.068848,31.91527,32.112686,32.112686,52905340
2026-07-25,32.112686,32.715446,31.932844,32.454529,32.454529,38154399
2026-07-26,32.456753,33.021393,32.330124,32.89138,32.89138,36740122
2026-07-27,32.891502,32.93351,31.157585,31.220427,31.220427,51241738
2026-07-28,31.220491,31.779493,30.019798,31.367281,31.367281,46562206
2026-07-29,31.367996,31.511774,28.999649,29.645544,29.645544,54303416
2026-07-30,29.645054,30.572994,29.207064,30.270208,30.270208,43396000
2026-07-31,30.272709,30.917143,29.623659,30.796549,30.796549,44252076
2026-08-01,30.801781,32.1474,30.649822,31.132999,31.132999,49644989
2026-08-02,31.132999,31.696644,31.090069,31.402782,31.402782,36646787
2026-08-03,31.403795,31.471161,30.683014,31.138233,31.138233,36772129
2026-08-04,31.141233,31.565683,30.943363,31.254198,31.254198,37318738
2026-08-05,31.254198,31.605425,30.75952,30.864195,30.864195,42316487
2026-08-06,30.864195,31.382107,30.048914,31.12554,31.12554,43258397
2026-08-07,31.125748,31.265265,30.684717,30.785336,30.785336,34458652
2026-08-08,30.785383,32.167858,30.529459,31.933054,31.933054,44741327
2026-08-09,31.933054,32.020607,30.984077,31.045477,31.045477,37982170
2026-08-10,31.046129,31.239906,30.758598,30.818115,30.818115,39727696
2026-08-11,30.81856,30.93185,30.273769,30.688623,30.688623,36160135
2026-08-12,30.690914,30.719107,29.923613,30.024593,30.024593,34624579
2026-08-13,30.02589,30.455427,29.907303,30.387384,30.387384,31262713
2026-08-14,30.388166,30.605585,29.627295,30.128536,30.128536,33929733
2026-08-15,30.128092,30.194939,29.671776,29.71874,29.71874,29035728
2026-08-16,29.719524,30.339113,29.513647,29.922775,29.922775,34530561
2026-08-17,29.92281,30.59815,29.838848,30.460993,30.460993,32436001
2026-08-18,30.460993,30.624453,29.759497,29.832155,29.832155,33309127
2026-08-19,29.83243,32.243591,29.62785,31.727242,31.727242,53971921
2026-08-20,31.727789,33.5205,31.461735,32.713352,32.713352,55925583
2026-08-21,32.713497,39.281796,32.678078,38.562119,38.562119,108410327
2026-08-22,38.547318,47.253643,37.57653,41.107121,41.107121,264913011
2026-08-23,41.107304,43.571949,38.759907,42.371571,42.371571,133615216
2026-08-24,42.371201,43.156029,40.63438,41.513523,41.513523,94592451
2026-08-25,41.513721,43.614864,37.828777,37.889771,37.889771,111214582
2026-08-26,37.88903,39.492691,37.120701,39.326756,39.326756,68656258
2026-08-27,39.322643,40.544449,38.166821,39.615242,39.615242,65506613
2026-08-28,39.61385,40.043438,37.162125,38.425648,38.425648,61332604
2026-08-29,38.425793,42.517578,38.324749,41.265663,41.265663,97291131
2026-08-30,41.265724,44.336632,40.576134,41.718925,41.718925,107944592
2026-08-31,41.719952,48.361034,40.704243,44.723267,44.723267,163727140
2026-09-01,44.724281,47.414577,42.938107,43.877274,43.877274,123747472
2026-09-02,43.872654,43.887924,41.162949,42.634899,42.634899,78849168
2026-09-03,42.635715,47.507984,42.127911,47.507984,47.507984,100394203
2026-09-04,47.504311,63.834606,46.160072,62.603767,62.603767,407946868
2026-09-05,62.601364,72.9543,62.392998,65.57003,65.57003,490860334
2026-09-06,65.576385,78.157593,65.403816,71.129051,71.129051,419432050
2026-09-07,71.138596,71.916321,62.954338,62.954338,62.954338,224409695
2026-09-08,62.954643,64.795166,61.594566,62.509796,62.509796,165119557
2026-09-09,62.509796,66.27272,58.402512,58.780018,58.780018,216438782
2026-09-10,58.774681,58.811016,53.968555,53.982639,53.982639,135445594
2026-09-11,53.979603,59.054241,53.974758,56.908669,56.908669,134522027
2026-09-12,56.905453,57.191284,54.693584,54.834435,54.834435,68103281
2026-09-13,54.833721,56.074482,52.703724,52.998241,52.998241,81399969
2026-09-14,52.998768,56.274605,52.773434,53.647518,53.647518,89755007
2026-09-15,53.646133,54.100986,50.115562,50.48724,50.48724,92812811
2026-09-16,50.48724,56.926811,49.987297,56.099686,56.099686,174055051
2026-09-17,56.099709,62.386547,55.93021,61.045673,61.045673,203674406
2026-09-18,61.045692,64.772453,57.670528,63.398418,63.398418,193122916
2026-09-19,63.384064,63.901672,57.882629,58.682259,58.682259,134138484
2026-09-20,58.682159,58.731789,54.61322,57.57024,57.57024,116962497
2026-09-21,57.570656,61.496799,56.40303,59.126465,59.126465,149641270
2026-09-22,59.126709,65.430847,58.228603,64.111458,64.111458,215542489
2026-09-23,64.122734,65.500877,57.356853,57.646378,57.646378,213841532
