Date,Open,High,Low,Close,Adj Close,Volume
2017-11-09,0.001207,0.0014149999,0.001181,0.0014149999,0.0014149999,6259550
2017-11-10,0.001421,0.001431,0.001125,0.001163,0.001163,4246520
2017-11-11,0.001146,0.001257,0.001141,0.0012009999,0.0012009999,2231080
2017-11-12,0.001189,0.00121,0.0010019999,0.001038,0.001038,3288960
2017-11-13,0.001046,0.001212,0.001019,0.001211,0.001211,2481270
2017-11-14,0.0012009999,0.001239,0.001131,0.0011840001,0.0011840001,2660340
2017-11-15,0.001189,0.001351,0.001179,0.001339,0.001339,2840180
2017-11-16,0.001348,0.001424,0.001286,0.00139,0.00139,3423010
2017-11-17,0.001381,0.001394,0.001274,0.001313,0.001313,2787480
2017-11-18,0.0013079999,0.001385,0.001254,0.001373,0.001373,1648260
2017-11-19,0.001355,0.001421,0.00134,0.001376,0.001376,1431720
2017-11-20,0.001374,0.001428,0.001348,0.001394,0.001394,2141360
2017-11-21,0.00141,0.001446,0.001302,0.001389,0.001389,3047660
2017-11-22,0.001401,0.002053,0.001373,0.001823,0.001823,18841700
2017-11-23,0.001819,0.0022460001,0.001819,0.001891,0.001891,26126500
2017-11-24,0.00194,0.0019779999,0.001788,0.001908,0.001908,9585960
2017-11-25,0.001923,0.0020719999,0.001877,0.0020719999,0.0020719999,5430930
2017-11-26,0.002073,0.0021319999,0.00188,0.0020260001,0.0020260001,7670430
2017-11-27,0.0019990001,0.0020359999,0.001891,0.001988,0.001988,6185790
2017-11-28,0.001991,0.0023630001,0.0019490001,0.0023630001,0.0023630001,8317540
2017-11-29,0.0023330001,0.0025810001,0.001993,0.00208,0.00208,11077200
2017-11-30,0.002048,0.0022710001,0.00189,0.002079,0.002079,4919490
2017-12-01,0.002051,0.002237,0.0019710001,0.0021480001,0.0021480001,5258110
2017-12-02,0.0021220001,0.0022120001,0.002017,0.0021490001,0.0021490001,4978180
2017-12-03,0.0020920001,0.0023399999,0.0020709999,0.0022229999,0.0022229999,4751640
2017-12-04,0.002206,0.002475,0.0021780001,0.0024629999,0.0024629999,6307150
2017-12-05,0.002474,0.0026759999,0.0024260001,0.002479,0.002479,8772420
2017-12-06,0.0024949999,0.002663,0.00244,0.002663,0.002663,9047960
2017-12-07,0.0025810001,0.0028580001,0.0025150001,0.00272,0.00272,15759300
2017-12-08,0.0027300001,0.002846,0.002326,0.002779,0.002779,11797600
2017-12-09,0.0027719999,0.002846,0.0024250001,0.0026169999,0.0026169999,6564530
2017-12-10,0.0026070001,0.0027419999,0.0023070001,0.0025470001,0.0025470001,5614920
2017-12-11,0.002563,0.0028939999,0.002534,0.0027979999,0.0027979999,7017140
2017-12-12,0.0027940001,0.0033809999,0.002665,0.003304,0.003304,19228600
2017-12-13,0.003306,0.003884,0.0032180001,0.003461,0.003461,31150900
2017-12-14,0.003449,0.0037179999,0.003419,0.0037090001,0.0037090001,23426200
2017-12-15,0.00367,0.0038089999,0.003483,0.003762,0.003762,19043800
2017-12-16,0.003767,0.0062509999,0.003638,0.0059329998,0.0059329998,136352992
2017-12-17,0.0059170001,0.0076279999,0.0055860002,0.0059839999,0.0059839999,99417200
2017-12-18,0.005938,0.0068089999,0.005622,0.0064329999,0.0064329999,44158800
2017-12-19,0.0064019999,0.006693,0.0054759998,0.0056659998,0.0056659998,38885700
2017-12-20,0.0056190002,0.007067,0.004892,0.0066610002,0.0066610002,67820000
2017-12-21,0.0067329998,0.0087679997,0.0065830001,0.007425,0.007425,159154000
2017-12-22,0.0073859999,0.0076250001,0.0047419998,0.006054,0.006054,63693900
2017-12-23,0.0061349999,0.008076,0.00611,0.0072590001,0.0072590001,70143104
2017-12-24,0.007282,0.0089480001,0.0059739999,0.0085819997,0.0085819997,143767008
2017-12-25,0.008649,0.010729,0.0085819997,0.0089309998,0.0089309998,178008992
2017-12-26,0.0089349998,0.0096230004,0.0081730001,0.0094109997,0.0094109997,124427000
2017-12-27,0.0093419999,0.0096089998,0.0085140001,0.0088719996,0.0088719996,63625500
2017-12-28,0.0088560004,0.0088560004,0.0077169999,0.0084859999,0.0084859999,51201500
2017-12-29,0.0085129999,0.0094769998,0.0081550004,0.0093909996,0.0093909996,62474900
2017-12-30,0.0093649998,0.0094459997,0.0073879999,0.0078600002,0.0078600002,56175300
2017-12-31,0.007803,0.0092740003,0.007669,0.0089720003,0.0089720003,62256400
2018-01-01,0.0090309996,0.0090629999,0.0081010005,0.0089090001,0.0089090001,50616900
2018-01-02,0.0088729998,0.009598,0.0085509997,0.009145,0.009145,89424096
2018-01-03,0.0090880003,0.0095840003,0.0088820001,0.0093200002,0.0093200002,66349900
2018-01-04,0.0093459999,0.010036,0.0087679997,0.0096439999,0.0096439999,108986000
2018-01-05,0.00966,0.012283,0.0095889997,0.012167,0.012167,212383008
2018-01-06,0.012226,0.015788,0.012226,0.014863,0.014863,283716992
2018-01-07,0.014673,0.018773001,0.014577,0.017088,0.017088,288184000
2018-01-08,0.017115001,0.017664,0.013765,0.015045,0.015045,235114000
2018-01-09,0.015072,0.015569,0.013015,0.01342,0.01342,115255000
2018-01-10,0.013554,0.01356,0.011485,0.013102,0.013102,100243000
2018-01-11,0.01302,0.013153,0.010987,0.011469,0.011469,62722000
2018-01-12,0.011479,0.013339,0.011165,0.013056,0.013056,56971300
2018-01-13,0.013057,0.013653,0.012478,0.013023,0.013023,55890600
2018-01-14,0.013057,0.013187,0.011344,0.011684,0.011684,65899000
2018-01-15,0.011631,0.011779,0.0098479996,0.0098569999,0.0098569999,62765500
2018-01-16,0.0098630004,0.0098630004,0.0056719999,0.0068219998,0.0068219998,68099200
2018-01-17,0.0068120002,0.007741,0.0054990002,0.007648,0.007648,58846200
2018-01-18,0.0076410002,0.0087329997,0.0071950001,0.0079690004,0.0079690004,56599300
2018-01-19,0.0078720003,0.0084349997,0.0074669998,0.0078710001,0.0078710001,30335700
2018-01-20,0.0079570003,0.008649,0.0079570003,0.0084480001,0.0084480001,22974100
2018-01-21,0.0084380005,0.0084380005,0.0069829999,0.007131,0.007131,22933100
2018-01-22,0.0071990001,0.0076060002,0.0063180001,0.0067340001,0.0067340001,19968600
2018-01-23,0.0067230002,0.0070489999,0.0062279999,0.0066729998,0.0066729998,17882700
2018-01-24,0.0066419998,0.0072169998,0.0064730002,0.0070830001,0.0070830001,17449900
2018-01-25,0.0071550002,0.0077630002,0.0071240002,0.0076669999,0.0076669999,21329400
2018-01-26,0.007702,0.0079819998,0.0067949998,0.0072369999,0.0072369999,19572300
2018-01-27,0.0072400002,0.0075449999,0.0071680001,0.007373,0.007373,11672900
2018-01-28,0.0074089998,0.007681,0.0073370002,0.0074649998,0.0074649998,14070700
2018-01-29,0.0074009998,0.007522,0.0068629999,0.0069670002,0.0069670002,13073100
2018-01-30,0.0069690002,0.0069920002,0.0059420001,0.0060239998,0.0060239998,15855900
2018-01-31,0.0060009998,0.0062190001,0.005752,0.0060100001,0.0060100001,14754700
2018-02-01,0.006021,0.0060899998,0.0047909999,0.0050289999,0.0050289999,18748700
2018-02-02,0.0050229998,0.0050229998,0.0033100001,0.0044749998,0.0044749998,29913700
2018-02-03,0.004501,0.0054950002,0.0041589998,0.0051640002,0.0051640002,18018100
2018-02-04,0.0051819999,0.0053170002,0.0041760001,0.0043990002,0.0043990002,12961600
2018-02-05,0.0043970002,0.00447,0.0033760001,0.0035329999,0.0035329999,12489400
2018-02-06,0.003544,0.0044209999,0.0030360001,0.0043609999,0.0043609999,19139100
2018-02-07,0.0043139998,0.0048000002,0.0039340002,0.0042969999,0.0042969999,12990100
2018-02-08,0.0042630001,0.0048719998,0.0042630001,0.0045659998,0.0045659998,9462680
2018-02-09,0.0045599998,0.0050110002,0.004313,0.0049999999,0.0049999999,11190100
2018-02-10,0.0049820002,0.0054410002,0.0047439998,0.004989,0.004989,16717300
2018-02-11,0.0049680001,0.0051830001,0.0046060001,0.004956,0.004956,11309800
2018-02-12,0.0049640001,0.005508,0.0049640001,0.0054720002,0.0054720002,11124300
2018-02-13,0.005475,0.0056779999,0.0052709999,0.0056380001,0.0056380001,14149700
2018-02-14,0.00563,0.006786,0.00563,0.00673,0.00673,40527400
2018-02-15,0.0067170002,0.007948,0.0067139999,0.0073469998,0.0073469998,43275000
2018-02-16,0.0072949999,0.007485,0.0065290001,0.007034,0.007034,26553900
2018-02-17,0.0070639998,0.0073219999,0.0068529998,0.0070489999,0.0070489999,18333100
2018-02-18,0.0071140002,0.0071439999,0.0063299998,0.006424,0.006424,15291500
2018-02-19,0.0064099999,0.0069380002,0.0063410001,0.006697,0.006697,13019200
2018-02-20,0.0066789999,0.0082879998,0.0063990001,0.007094,0.007094,107911000
2018-02-21,0.0070870002,0.0073910002,0.0063490001,0.0065810001,0.0065810001,36813100
2018-02-22,0.0065680002,0.0068689999,0.0060820002,0.0062589999,0.0062589999,20365500
2018-02-23,0.0062529999,0.0069490001,0.0060379999,0.0066479999,0.0066479999,19390500
2018-02-24,0.006666,0.0068979999,0.0061309999,0.0063240002,0.0063240002,15687300
2018-02-25,0.0063209999,0.0064110002,0.0059969998,0.0061420002,0.0061420002,11758800
2018-02-26,0.0061690002,0.0064989999,0.0059620002,0.0063390001,0.0063390001,12068600
2018-02-27,0.0063629998,0.0065740002,0.0062699998,0.0062910002,0.0062910002,12201900
2018-02-28,0.0062699998,0.006451,0.0060060001,0.0060180002,0.0060180002,13227600
2018-03-01,0.0060419999,0.0063200002,0.0059449999,0.0062150001,0.0062150001,15518400
2018-03-02,0.006174,0.006232,0.0054469998,0.0054819998,0.0054819998,22498100
2018-03-03,0.0054939999,0.0057560001,0.0051810001,0.0053010001,0.0053010001,21545000
2018-03-04,0.0052339998,0.005502,0.0051640002,0.005502,0.005502,12133500
2018-03-05,0.0054620001,0.005535,0.0051569999,0.0052180002,0.0052180002,13627700
2018-03-06,0.0051219999,0.005136,0.0045579998,0.0046100002,0.0046100002,14766900
2018-03-07,0.0046179998,0.004704,0.004011,0.0040239999,0.0040239999,17585500
2018-03-08,0.0040150001,0.0044180001,0.0038950001,0.0040250001,0.0040250001,15499400
2018-03-09,0.0040059998,0.0041459999,0.0036180001,0.0041459999,0.0041459999,13624400
2018-03-10,0.0041370001,0.004379,0.0039499998,0.0039730002,0.0039730002,9880540
2018-03-11,0.0039590001,0.0043199998,0.0038429999,0.0042099999,0.0042099999,9251440
2018-03-12,0.0042070001,0.0042730002,0.0038350001,0.004032,0.004032,7601500
2018-03-13,0.0040199999,0.0042340001,0.003879,0.0039599999,0.0039599999,6006560
2018-03-14,0.0039539998,0.0040179999,0.003423,0.0035240001,0.0035240001,7532350
2018-03-15,0.003521,0.0036190001,0.003267,0.0035359999,0.0035359999,9316740
2018-03-16,0.003542,0.0036549999,0.0034409999,0.00351,0.00351,6407110
2018-03-17,0.0035049999,0.00355,0.0032490001,0.003299,0.003299,6231110
2018-03-18,0.0032800001,0.0032800001,0.0027900001,0.0031900001,0.0031900001,9029610
2018-03-19,0.0031989999,0.0035039999,0.003144,0.0034399999,0.0034399999,8278910
2018-03-20,0.0034660001,0.003727,0.003388,0.0036510001,0.0036510001,6638060
2018-03-21,0.0036510001,0.0038330001,0.003606,0.0036589999,0.0036589999,6711100
2018-03-22,0.003666,0.003726,0.0034429999,0.0035280001,0.0035280001,5210480
2018-03-23,0.0035329999,0.0035600001,0.0033410001,0.0035600001,0.0035600001,6178530
2018-03-24,0.0035969999,0.003727,0.00351,0.0035900001,0.0035900001,4461220
2018-03-25,0.00355,0.003576,0.0034630001,0.0035049999,0.0035049999,3476340
2018-03-26,0.0034980001,0.003541,0.0031409999,0.0032889999,0.0032889999,6061990
2018-03-27,0.003276,0.0032830001,0.0031079999,0.003145,0.003145,5235300
2018-03-28,0.0031340001,0.003244,0.003114,0.0031409999,0.0031409999,4912220
2018-03-29,0.0031709999,0.003177,0.002758,0.0028270001,0.0028270001,5630550
2018-03-30,0.002811,0.0028899999,0.0026479999,0.0027630001,0.0027630001,5378440
2018-03-31,0.002752,0.0028969999,0.0026990001,0.002819,0.002819,3505010
2018-04-01,0.002818,0.002869,0.002595,0.002719,0.002719,3373820
2018-04-02,0.0027310001,0.002814,0.0027040001,0.0027970001,0.0027970001,5034000
2018-04-03,0.0027940001,0.002993,0.00278,0.0029800001,0.0029800001,6618080
2018-04-04,0.0029819999,0.0030060001,0.002717,0.0027699999,0.0027699999,5330250
2018-04-05,0.002785,0.0027910001,0.002654,0.0027139999,0.0027139999,4829150
2018-04-06,0.002715,0.0027369999,0.0026140001,0.0026700001,0.0026700001,2848290
2018-04-07,0.0026819999,0.0028649999,0.0026690001,0.0028019999,0.0028019999,3034220
2018-04-08,0.002786,0.002907,0.002786,0.002843,0.002843,3683180
2018-04-09,0.0028550001,0.002929,0.002724,0.0027630001,0.0027630001,4827250
2018-04-10,0.0027590001,0.0030730001,0.0027399999,0.0030429999,0.0030429999,10212100
2018-04-11,0.0030390001,0.0034990001,0.0030129999,0.003396,0.003396,25292400
2018-04-12,0.0033740001,0.003798,0.0032550001,0.003798,0.003798,13877700
2018-04-13,0.0037819999,0.0042940001,0.0037499999,0.0039949999,0.0039949999,18150400
2018-04-14,0.0039579999,0.004218,0.0039240001,0.0041499999,0.0041499999,13585900
2018-04-15,0.0041350001,0.0046140002,0.0041350001,0.0045710001,0.0045710001,11867500
2018-04-16,0.004588,0.0049200002,0.0043910001,0.0045850002,0.0045850002,22272600
2018-04-17,0.004588,0.0048690001,0.0045150002,0.0047439998,0.0047439998,17139500
2018-04-18,0.004712,0.0054680002,0.004708,0.0054120002,0.0054120002,21720200
2018-04-19,0.0053969999,0.0058240001,0.00532,0.0058240001,0.0058240001,27012500
2018-04-20,0.0058340002,0.0059580002,0.0056980001,0.0058929999,0.0058929999,23110700
2018-04-21,0.0058780001,0.0058869999,0.005194,0.005413,0.005413,25007100
2018-04-22,0.005442,0.005773,0.0053280001,0.005539,0.005539,18456900
2018-04-23,0.0055450001,0.0057069999,0.0054000001,0.0054819998,0.0054819998,33576300
2018-04-24,0.0054890001,0.0059079998,0.0054819998,0.0057999999,0.0057999999,36637000
2018-04-25,0.0058789998,0.0059190001,0.0049470002,0.0050929999,0.0050929999,38270000
2018-04-26,0.0051279999,0.0056759999,0.004896,0.0056269998,0.0056269998,41358700
2018-04-27,0.0055829999,0.0057390002,0.0052959998,0.0054219998,0.0054219998,38969800
2018-04-28,0.0053639999,0.005622,0.005314,0.005357,0.005357,35916600
2018-04-29,0.0054700002,0.0055579999,0.0052220002,0.0054589999,0.0054589999,37883800
2018-04-30,0.0054049999,0.0055340002,0.005136,0.0052100001,0.0052100001,36411800
2018-05-01,0.0052720001,0.0052720001,0.0048989998,0.0051440001,0.0051440001,11657500
2018-05-02,0.0051139998,0.005415,0.005041,0.0052729999,0.0052729999,49958400
2018-05-03,0.0053340001,0.0056489999,0.0052120001,0.0056409999,0.0056409999,50484900
2018-05-04,0.005533,0.0055550002,0.0052049998,0.0052689998,0.0052689998,14434200
2018-05-05,0.0052669998,0.005347,0.0050260001,0.0051799999,0.0051799999,30335800
2018-05-06,0.005202,0.0052590002,0.0047249999,0.0049700001,0.0049700001,33446900
2018-05-07,0.0049660001,0.0050169998,0.0046319999,0.0048170001,0.0048170001,25891500
2018-05-08,0.0048329998,0.0053559998,0.0047920002,0.0053030001,0.0053030001,40660100
2018-05-09,0.0052729999,0.005324,0.004652,0.0050929999,0.0050929999,33562300
2018-05-10,0.0048250002,0.0052959998,0.0045309998,0.0048699998,0.0048699998,34878500
2018-05-11,0.0050360002,0.0050360002,0.0039969999,0.0043620002,0.0043620002,27582800
2018-05-12,0.0044499999,0.0046680002,0.003918,0.0044729998,0.0044729998,27449400
2018-05-13,0.004307,0.0046219998,0.0039650002,0.0043290001,0.0043290001,19823500
2018-05-14,0.004499,0.004559,0.0042190002,0.00446,0.00446,12399700
2018-05-15,0.0044430001,0.0047880001,0.0044180001,0.0045150002,0.0045150002,21076900
2018-05-16,0.0044740001,0.0045500002,0.0042599998,0.0043850001,0.0043850001,9611630
2018-05-17,0.0043680002,0.0044800001,0.0041729999,0.0041880002,0.0041880002,17314000
2018-05-18,0.0039960002,0.004377,0.003755,0.0040170001,0.0040170001,13622000
2018-05-19,0.0042170002,0.0044280002,0.004005,0.004286,0.004286,15007400
2018-05-20,0.0042500002,0.0044760001,0.0039070002,0.0044229999,0.0044229999,15909900
2018-05-21,0.0043970002,0.0044189999,0.003947,0.0042710002,0.0042710002,18454500
2018-05-22,0.0042119999,0.0042809998,0.003823,0.003851,0.003851,10205700
2018-05-23,0.003858,0.0042739999,0.0034350001,0.0035910001,0.0035910001,14899100
2018-05-24,0.0035900001,0.0037130001,0.0032480001,0.0034990001,0.0034990001,10460200
2018-05-25,0.0034739999,0.003607,0.0033760001,0.003514,0.003514,10613600
2018-05-26,0.00355,0.0035689999,0.003459,0.0034630001,0.0034630001,6353660
2018-05-27,0.0034640001,0.00348,0.0034010001,0.003424,0.003424,3494870
2018-05-28,0.0034330001,0.0034469999,0.0032180001,0.0032259999,0.0032259999,7502800
2018-05-29,0.0032259999,0.0034459999,0.0031679999,0.0034370001,0.0034370001,9244550
2018-05-30,0.0034469999,0.0035059999,0.0033229999,0.0033539999,0.0033539999,7463910
2018-05-31,0.003429,0.003513,0.0033170001,0.003398,0.003398,8971080
2018-06-01,0.003427,0.0034690001,0.003336,0.003423,0.003423,5436780
2018-06-02,0.0034179999,0.003584,0.0034,0.0035580001,0.0035580001,5918490
2018-06-03,0.003576,0.0037499999,0.003545,0.0036899999,0.0036899999,19570200
2018-06-04,0.0036909999,0.00376,0.003512,0.0035319999,0.0035319999,22162200
2018-06-05,0.0035379999,0.0037219999,0.003514,0.0036539999,0.0036539999,18819700
2018-06-06,0.0036549999,0.0038000001,0.003573,0.003787,0.003787,21273700
2018-06-07,0.0037479999,0.0038360001,0.0037070001,0.003732,0.003732,6110720
2018-06-08,0.0037459999,0.0037839999,0.003633,0.0036589999,0.0036589999,6921140
2018-06-09,0.0036579999,0.0037110001,0.0035929999,0.0035929999,0.0035929999,4672910
2018-06-10,0.0035949999,0.0035949999,0.003151,0.003182,0.003182,7439530
2018-06-11,0.00318,0.003247,0.0031020001,0.0032339999,0.0032339999,4841840
2018-06-12,0.003237,0.003273,0.0030749999,0.003089,0.003089,4965300
2018-06-13,0.003092,0.003115,0.002778,0.002817,0.002817,11074900
2018-06-14,0.002816,0.0030159999,0.002811,0.0029440001,0.0029440001,9869880
2018-06-15,0.0029529999,0.0029819999,0.0028369999,0.002901,0.002901,12125600
2018-06-16,0.0028919999,0.0029559999,0.0028289999,0.0028949999,0.0028949999,6642410
2018-06-17,0.002906,0.0029450001,0.002873,0.002873,0.002873,6253640
2018-06-18,0.0029160001,0.0030799999,0.0028309999,0.003027,0.003027,8143520
2018-06-19,0.003027,0.0030739999,0.0029559999,0.003033,0.003033,4460270
2018-06-20,0.0030350001,0.0030469999,0.0029440001,0.003021,0.003021,3245680
2018-06-21,0.003021,0.003031,0.002968,0.0029879999,0.0029879999,3952000
2018-06-22,0.0029829999,0.0030040001,0.0026,0.0026680001,0.0026680001,9291920
2018-06-23,0.0026710001,0.0027139999,0.0025849999,0.0026410001,0.0026410001,9938440
2018-06-24,0.002635,0.0027109999,0.0023310001,0.00251,0.00251,9879600
2018-06-25,0.0024900001,0.0025760001,0.0023920001,0.0024850001,0.0024850001,5693670
2018-06-26,0.002501,0.0025770001,0.0024570001,0.002478,0.002478,4070170
2018-06-27,0.0024840001,0.002508,0.0023350001,0.0024369999,0.0024369999,5765380
2018-06-28,0.0024059999,0.002504,0.0023330001,0.002357,0.002357,3678050
2018-06-29,0.0024089999,0.0024920001,0.002293,0.0024270001,0.0024270001,3832380
2018-06-30,0.0024349999,0.002541,0.002421,0.0024989999,0.0024989999,6122900
2018-07-01,0.002508,0.0025539999,0.0024560001,0.0024890001,0.0024890001,8435030
2018-07-02,0.0024860001,0.002721,0.0024290001,0.0027030001,0.0027030001,5812800
2018-07-03,0.0026990001,0.0027640001,0.0026179999,0.0026380001,0.0026380001,5643560
2018-07-04,0.0026370001,0.002724,0.0025869999,0.0026799999,0.0026799999,4781340
2018-07-05,0.0026789999,0.002695,0.0025780001,0.002599,0.002599,3792270
2018-07-06,0.0026100001,0.0026189999,0.0025510001,0.002597,0.002597,4306990
2018-07-07,0.002601,0.0026459999,0.0025470001,0.0026449999,0.0026449999,4205310
2018-07-08,0.0026420001,0.0026710001,0.002573,0.0026110001,0.0026110001,5004800
2018-07-09,0.0026120001,0.0026489999,0.002595,0.002603,0.002603,4233540
2018-07-10,0.0026060001,0.0026229999,0.0022420001,0.002411,0.002411,6741490
2018-07-11,0.0024059999,0.002475,0.002353,0.0024250001,0.0024250001,9788650
2018-07-12,0.0023950001,0.0024250001,0.0022440001,0.0023060001,0.0023060001,4220800
2018-07-13,0.0023070001,0.002356,0.002207,0.0023320001,0.0023320001,6191910
2018-07-14,0.0023040001,0.002384,0.0021869999,0.0023620001,0.0023620001,4179950
2018-07-15,0.0023699999,0.002415,0.00232,0.00238,0.00238,3869860
2018-07-16,0.0023660001,0.002869,0.0023660001,0.0028540001,0.0028540001,15576200
2018-07-17,0.002812,0.0032609999,0.0028009999,0.0032279999,0.0032279999,15429200
2018-07-18,0.0032220001,0.0043139998,0.0031890001,0.0037120001,0.0037120001,39281300
2018-07-19,0.0036830001,0.0039499998,0.003481,0.0038439999,0.0038439999,25349600
2018-07-20,0.0038290001,0.0038360001,0.0032939999,0.0034099999,0.0034099999,18017900
2018-07-21,0.00345,0.0035310001,0.003217,0.00327,0.00327,13342900
2018-07-22,0.003339,0.003582,0.003278,0.003458,0.003458,11356800
2018-07-23,0.0034680001,0.003638,0.003419,0.003431,0.003431,8372820
2018-07-24,0.0034459999,0.003668,0.00339,0.0036200001,0.0036200001,10829100
2018-07-25,0.0035920001,0.0036599999,0.0033130001,0.003543,0.003543,13195600
2018-07-26,0.0035300001,0.003645,0.0033539999,0.003393,0.003393,6916450
2018-07-27,0.003388,0.003461,0.0032840001,0.0034179999,0.0034179999,5090340
2018-07-28,0.0034080001,0.0034700001,0.003389,0.0034,0.0034,3341480
2018-07-29,0.0034139999,0.0034769999,0.0032860001,0.003307,0.003307,5890530
2018-07-30,0.0033130001,0.0033519999,0.003031,0.003273,0.003273,13732200
2018-07-31,0.0033249999,0.0033249999,0.0028570001,0.0029450001,0.0029450001,14253600
2018-08-01,0.0030179999,0.0031600001,0.0028280001,0.0031600001,0.0031600001,14829700
2018-08-02,0.0030799999,0.0031630001,0.0029269999,0.0029460001,0.0029460001,6942240
2018-08-03,0.0029589999,0.002969,0.002846,0.0029180001,0.0029180001,9546950
2018-08-04,0.0028959999,0.002965,0.0027369999,0.0027449999,0.0027449999,7980110
2018-08-05,0.002783,0.0029150001,0.0027330001,0.0028369999,0.0028369999,11384200
2018-08-06,0.002872,0.002909,0.0027399999,0.002779,0.002779,5668670
2018-08-07,0.0027749999,0.0028270001,0.00266,0.0026710001,0.0026710001,5725520
2018-08-08,0.0026690001,0.0026690001,0.0023960001,0.002415,0.002415,4879040
2018-08-09,0.0024079999,0.002593,0.002381,0.0025549999,0.0025549999,7374010
2018-08-10,0.0025539999,0.0026090001,0.0023650001,0.0023920001,0.0023920001,4693290
2018-08-11,0.00238,0.0024600001,0.0023449999,0.0024039999,0.0024039999,5083850
2018-08-12,0.0023960001,0.00244,0.00236,0.0024039999,0.0024039999,3433940
2018-08-13,0.0024069999,0.002451,0.0022849999,0.0023310001,0.0023310001,4981090
2018-08-14,0.00232,0.002325,0.002143,0.00226,0.00226,7512400
2018-08-15,0.0022559999,0.002412,0.0022479999,0.0023030001,0.0023030001,5379460
2018-08-16,0.002299,0.0023699999,0.002227,0.002292,0.002292,5860370
2018-08-17,0.0023159999,0.002478,0.0022849999,0.0024550001,0.0024550001,5233940
2018-08-18,0.002477,0.0024989999,0.0023680001,0.0023940001,0.0023940001,6738940
2018-08-19,0.002413,0.002473,0.0023660001,0.002473,0.002473,2665100
2018-08-20,0.0024639999,0.0024850001,0.00236,0.0023690001,0.0023690001,2424120
2018-08-21,0.0023640001,0.0024309999,0.0023620001,0.0024240001,0.0024240001,2134170
2018-08-22,0.0024230001,0.0025170001,0.0023119999,0.0023149999,0.0023149999,5962320
2018-08-23,0.0023149999,0.0023970001,0.0023129999,0.002385,0.002385,2596260
2018-08-24,0.002391,0.0024359999,0.002354,0.0024260001,0.0024260001,3251910
2018-08-25,0.0024230001,0.0024389999,0.002355,0.0023699999,0.0023699999,4028740
2018-08-26,0.0023680001,0.002413,0.002288,0.0024039999,0.0024039999,2912230
2018-08-27,0.0024039999,0.0024679999,0.002387,0.0024619999,0.0024619999,3618660
2018-08-28,0.002475,0.0026189999,0.002451,0.0026070001,0.0026070001,5215460
2018-08-29,0.0026070001,0.0026199999,0.0025160001,0.0026060001,0.0026060001,4588400
2018-08-30,0.002598,0.003269,0.002596,0.003206,0.003206,33967500
2018-08-31,0.003216,0.0048489999,0.003213,0.0047940002,0.0047940002,77150500
2018-09-01,0.004741,0.006753,0.0043370002,0.0062779998,0.0062779998,193826000
2018-09-02,0.0063100001,0.0065540001,0.0045480002,0.0049990001,0.0049990001,139429000
2018-09-03,0.0050260001,0.0055499999,0.004985,0.0052660001,0.0052660001,57158800
2018-09-04,0.0052789999,0.0053229998,0.0050550001,0.0052689998,0.0052689998,32495100
2018-09-05,0.0052590002,0.0053940001,0.0048090001,0.0049310001,0.0049310001,50536000
2018-09-06,0.0049259998,0.0050920001,0.0046649999,0.00501,0.00501,32481300
2018-09-07,0.0049959999,0.005442,0.0049959999,0.0053070001,0.0053070001,37618700
2018-09-08,0.0052979998,0.0058579999,0.0052979998,0.005692,0.005692,48248300
2018-09-09,0.0057100002,0.005843,0.0057020001,0.0058289999,0.0058289999,32572000
2018-09-10,0.0058400002,0.0069329999,0.0058400002,0.0068919999,0.0068919999,76891600
2018-09-11,0.0069309999,0.0069309999,0.0059529999,0.006329,0.006329,89882900
2018-09-12,0.006325,0.006457,0.0061929999,0.006455,0.006455,59824100
2018-09-13,0.0064679999,0.0066089998,0.0064099999,0.0065540001,0.0065540001,45785700
2018-09-14,0.0065580001,0.0066579999,0.0060950001,0.00618,0.00618,41910000
2018-09-15,0.0061869998,0.006267,0.0061340001,0.0061650001,0.0061650001,16956400
2018-09-16,0.0061909999,0.0065310001,0.006141,0.0065310001,0.0065310001,21598600
2018-09-17,0.00654,0.0065469998,0.0061559998,0.0062429998,0.0062429998,26385900
2018-09-18,0.0062310002,0.0062799999,0.0057890001,0.0059810001,0.0059810001,39689500
2018-09-19,0.0059839999,0.0060310001,0.0053599998,0.0056090001,0.0056090001,38645300
2018-09-20,0.0056050001,0.0059000002,0.0056050001,0.0056949998,0.0056949998,25354400
2018-09-21,0.0056949998,0.005961,0.0055530001,0.005684,0.005684,22345300
2018-09-22,0.005682,0.0058169998,0.0056039998,0.0057580001,0.0057580001,14917600
2018-09-23,0.0057649999,0.005907,0.0057359999,0.005901,0.005901,12445100
2018-09-24,0.0059039998,0.0060669999,0.005659,0.0056770002,0.0056770002,17243600
2018-09-25,0.0056799999,0.0057939999,0.0055869999,0.005686,0.005686,17598700
2018-09-26,0.005692,0.0057529998,0.0056619998,0.0056949998,0.0056949998,11673600
2018-09-27,0.0057020001,0.0059099998,0.0056929998,0.0058789998,0.0058789998,15096200
2018-09-28,0.0058639999,0.005965,0.005783,0.0058309999,0.0058309999,14461600
2018-09-29,0.0058320002,0.0058980002,0.0057649999,0.0058650002,0.0058650002,15626800
2018-09-30,0.0058670002,0.0059099998,0.0058280001,0.0059059998,0.0059059998,13396600
2018-10-01,0.005901,0.0060239998,0.0058809998,0.0059420001,0.0059420001,20096400
2018-10-02,0.0059270002,0.0059639998,0.0057890001,0.0058240001,0.0058240001,15357200
2018-10-03,0.0058129998,0.0058260001,0.005655,0.0057040001,0.0057040001,15933900
2018-10-04,0.0057120002,0.0057669999,0.0055760001,0.0056449999,0.0056449999,14529600
2018-10-05,0.0056469999,0.005744,0.0056250002,0.0056690001,0.0056690001,12566200
2018-10-06,0.005686,0.0057700002,0.0054830001,0.0055450001,0.0055450001,13055500
2018-10-07,0.0055590002,0.0055749998,0.0055120001,0.005562,0.005562,7755690
2018-10-08,0.0055729998,0.0056520002,0.0055499999,0.0055780001,0.0055780001,12177400
2018-10-09,0.0055940002,0.0056389999,0.0055740001,0.0056349998,0.0056349998,8996090
2018-10-10,0.005628,0.0056480002,0.005531,0.0055519999,0.0055519999,10274400
2018-10-11,0.0055470001,0.0055470001,0.0049009998,0.0049999999,0.0049999999,18770800
2018-10-12,0.0049820002,0.0052829999,0.0049569998,0.0052470001,0.0052470001,9635600
2018-10-13,0.0052450001,0.0052720001,0.005163,0.0051819999,0.0051819999,8095130
2018-10-14,0.0051739998,0.005223,0.0051449998,0.0051580002,0.0051580002,7930760
2018-10-15,0.0051529999,0.0054569999,0.0051239999,0.0052180002,0.0052180002,18579800
2018-10-16,0.0052220002,0.0052220002,0.0049660001,0.0050169998,0.0050169998,11794600
2018-10-17,0.00501,0.0050249998,0.004493,0.0045989999,0.0045989999,24144600
2018-10-18,0.0046049999,0.0047289999,0.004336,0.0043859999,0.0043859999,22842600
2018-10-19,0.0043890001,0.0045659998,0.0042730002,0.00447,0.00447,17274700
2018-10-20,0.004501,0.0045579998,0.0044430001,0.004551,0.004551,7574780
2018-10-21,0.0045520002,0.0046020001,0.0045090001,0.0045170002,0.0045170002,7521080
2018-10-22,0.0045079999,0.0045349998,0.0043569999,0.0043660002,0.0043660002,10602500
2018-10-23,0.004373,0.0044010002,0.0041359998,0.0041720001,0.0041720001,12913100
2018-10-24,0.004162,0.0041629998,0.003859,0.0039110002,0.0039110002,17832300
2018-10-25,0.003912,0.0039209998,0.0036760001,0.0037169999,0.0037169999,12336100
2018-10-26,0.003703,0.0039840001,0.003703,0.0039840001,0.0039840001,16214900
2018-10-27,0.004011,0.0042559998,0.004011,0.004195,0.004195,23286000
2018-10-28,0.0041880002,0.0041880002,0.0040350002,0.004063,0.004063,11694700
2018-10-29,0.0040480001,0.0040640002,0.0038350001,0.003847,0.003847,14051900
2018-10-30,0.003857,0.003908,0.003819,0.00385,0.00385,11828900
2018-10-31,0.0038350001,0.0038729999,0.0036899999,0.003764,0.003764,14273900
2018-11-01,0.003759,0.003951,0.0037529999,0.0037769999,0.0037769999,10034100
2018-11-02,0.0037779999,0.0038099999,0.0037450001,0.0037730001,0.0037730001,11323400
2018-11-03,0.0037760001,0.003786,0.00373,0.003733,0.003733,7815160
2018-11-04,0.0037489999,0.003788,0.0036760001,0.0036760001,0.0036760001,8992540
2018-11-05,0.003664,0.0037440001,0.0036160001,0.0036220001,0.0036220001,11645300
2018-11-06,0.0036319999,0.003732,0.0036160001,0.003696,0.003696,15554100
2018-11-07,0.003698,0.0037189999,0.0036249999,0.003637,0.003637,10603600
2018-11-08,0.003637,0.0036599999,0.0033770001,0.0033839999,0.0033839999,13533900
2018-11-09,0.003369,0.0033730001,0.0030950001,0.0031399999,0.0031399999,18644000
2018-11-10,0.0031349999,0.0033470001,0.003092,0.0032850001,0.0032850001,15996900
2018-11-11,0.003278,0.0032860001,0.0031419999,0.0031620001,0.0031620001,8201330
2018-11-12,0.0031640001,0.0031729999,0.0030390001,0.003064,0.003064,10401200
2018-11-13,0.0030660001,0.003087,0.0029430001,0.0029450001,0.0029450001,7309800
2018-11-14,0.0029470001,0.0029539999,0.0026120001,0.002695,0.002695,15358000
2018-11-15,0.0027030001,0.002816,0.002511,0.0027999999,0.0027999999,22776600
2018-11-16,0.0028029999,0.002819,0.0026670001,0.002746,0.002746,24758900
2018-11-17,0.002746,0.0027709999,0.002563,0.002595,0.002595,18533300
2018-11-18,0.002597,0.0026449999,0.002575,0.0026430001,0.0026430001,11556400
2018-11-19,0.0026410001,0.002717,0.002415,0.002418,0.002418,16481100
2018-11-20,0.002414,0.0024369999,0.0021840001,0.0022539999,0.0022539999,20588800
2018-11-21,0.002266,0.002505,0.002174,0.002448,0.002448,28366700
2018-11-22,0.0024540001,0.002481,0.0023439999,0.002412,0.002412,13264200
2018-11-23,0.0024079999,0.002419,0.00229,0.002361,0.002361,11322000
2018-11-24,0.0023640001,0.00239,0.0021939999,0.0022239999,0.0022239999,11318100
2018-11-25,0.00223,0.002262,0.002073,0.0022199999,0.0022199999,11793900
2018-11-26,0.0022179999,0.0022539999,0.0020399999,0.0020989999,0.0020989999,11991200
2018-11-27,0.0020949999,0.002106,0.0020059999,0.0020870001,0.0020870001,11737900
2018-11-28,0.0020890001,0.0023020001,0.002083,0.0022460001,0.0022460001,14675800
2018-11-29,0.0022509999,0.0022770001,0.0021860001,0.0022410001,0.0022410001,12848617
2018-11-30,0.0022400001,0.0022549999,0.0021299999,0.002165,0.002165,11289729
2018-12-01,0.002175,0.0022789999,0.0021550001,0.0022499999,0.0022499999,9596327
2018-12-02,0.0022519999,0.0022710001,0.0022160001,0.0022460001,0.0022460001,9346514
2018-12-03,0.0022470001,0.002386,0.002144,0.0023709999,0.0023709999,12481724
2018-12-04,0.0023699999,0.002379,0.002171,0.002196,0.002196,17851389
2018-12-05,0.0021939999,0.002258,0.002143,0.0021800001,0.0021800001,20634689
2018-12-06,0.0021780001,0.002227,0.0020969999,0.0020969999,0.0020969999,24766152
2018-12-07,0.002104,0.002139,0.0020310001,0.002104,0.002104,27761895
2018-12-08,0.0020959999,0.0021569999,0.0020679999,0.0021200001,0.0021200001,18741868
2018-12-09,0.002113,0.002144,0.0020890001,0.0021019999,0.0021019999,16961970
2018-12-10,0.0020979999,0.0021190001,0.002074,0.0020999999,0.0020999999,15898038
2018-12-11,0.0020969999,0.0021009999,0.0020649999,0.0020880001,0.0020880001,16096640
2018-12-12,0.0020890001,0.002137,0.002077,0.002111,0.002111,18564007
2018-12-13,0.0021180001,0.0021190001,0.002045,0.0020649999,0.0020649999,17660417
2018-12-14,0.0020669999,0.002085,0.0020560001,0.0020699999,0.0020699999,16163454
2018-12-15,0.0020699999,0.0021210001,0.0020630001,0.002113,0.002113,13579048
2018-12-16,0.002106,0.002145,0.0021009999,0.0021250001,0.0021250001,16084725
2018-12-17,0.0021250001,0.002716,0.0021190001,0.002533,0.002533,38633067
2018-12-18,0.002536,0.00269,0.002471,0.0026839999,0.0026839999,39838880
2018-12-19,0.0026740001,0.0027709999,0.002562,0.00272,0.00272,29874095
2018-12-20,0.0027069999,0.002779,0.0026100001,0.0027310001,0.0027310001,23713034
2018-12-21,0.002722,0.0027449999,0.00251,0.0025450001,0.0025450001,22399777
2018-12-22,0.002539,0.0025609999,0.002416,0.002502,0.002502,18456616
2018-12-23,0.002502,0.0025889999,0.0024999999,0.002542,0.002542,20041491
2018-12-24,0.0025500001,0.0026380001,0.00254,0.00254,0.00254,24536966
2018-12-25,0.0025549999,0.0025549999,0.002318,0.0024039999,0.0024039999,19340547
2018-12-26,0.0024019999,0.0024959999,0.0023940001,0.002474,0.002474,17477619
2018-12-27,0.002477,0.0024860001,0.0023640001,0.0023640001,0.0023640001,19224932
2018-12-28,0.0023620001,0.002447,0.0023040001,0.0024339999,0.0024339999,19439895
2018-12-29,0.0024389999,0.002446,0.002388,0.0024029999,0.0024029999,16985015
2018-12-30,0.00238,0.0024019999,0.0023409999,0.0023670001,0.0023670001,16846019
2018-12-31,0.0023699999,0.0023950001,0.002325,0.0023459999,0.0023459999,18724788
2019-01-01,0.0023459999,0.0023920001,0.002322,0.0023920001,0.0023920001,17364744
2019-01-02,0.002388,0.0024580001,0.0023719999,0.0024069999,0.0024069999,18015392
2019-01-03,0.0024039999,0.002414,0.002356,0.00236,0.00236,17619234
2019-01-04,0.0023640001,0.0023970001,0.0022740001,0.0023149999,0.0023149999,19530100
2019-01-05,0.00232,0.00235,0.0022799999,0.002319,0.002319,17148586
2019-01-06,0.0023129999,0.0023709999,0.002291,0.002328,0.002328,18175111
2019-01-07,0.002328,0.0023350001,0.0022750001,0.0022849999,0.0022849999,15899004
2019-01-08,0.002298,0.002321,0.002261,0.0022760001,0.0022760001,20994417
2019-01-09,0.0022780001,0.0023070001,0.0022549999,0.002266,0.002266,17010797
2019-01-10,0.002263,0.002295,0.002085,0.0021319999,0.0021319999,21174109
2019-01-11,0.0021289999,0.0021490001,0.002105,0.0021289999,0.0021289999,17187243
2019-01-12,0.0021299999,0.0021579999,0.002115,0.0021480001,0.0021480001,14167258
2019-01-13,0.002137,0.002171,0.002083,0.0020940001,0.0020940001,18059306
2019-01-14,0.0021019999,0.002198,0.0020969999,0.0021830001,0.0021830001,18534843
2019-01-15,0.0021780001,0.0021879999,0.0020979999,0.002111,0.002111,15986348
2019-01-16,0.002108,0.002141,0.002084,0.002138,0.002138,13656181
2019-01-17,0.0021329999,0.0021470001,0.00208,0.0020940001,0.0020940001,13882217
2019-01-18,0.0020930001,0.0021170001,0.002084,0.002106,0.002106,12471672
2019-01-19,0.002104,0.0021599999,0.0020890001,0.0021530001,0.0021530001,16088820
2019-01-20,0.0021530001,0.0021530001,0.002082,0.0021190001,0.0021190001,16178008
2019-01-21,0.002106,0.0021220001,0.0020659999,0.0021009999,0.0021009999,17205921
2019-01-22,0.0020989999,0.002112,0.0020330001,0.0020570001,0.0020570001,18971837
2019-01-23,0.002055,0.0020679999,0.002021,0.002043,0.002043,15672115
2019-01-24,0.002045,0.002073,0.002013,0.0020389999,0.0020389999,15825805
2019-01-25,0.0020570001,0.0021830001,0.0020270001,0.0021180001,0.0021180001,15953121
2019-01-26,0.0020940001,0.0021520001,0.0020300001,0.002083,0.002083,15588079
2019-01-27,0.002082,0.0020959999,0.0020089999,0.0020270001,0.0020270001,16233338
2019-01-28,0.0020260001,0.0020280001,0.001927,0.001944,0.001944,16265136
2019-01-29,0.001947,0.0019700001,0.001917,0.001927,0.001927,14809844
2019-01-30,0.001925,0.0019700001,0.001914,0.001961,0.001961,11813018
2019-01-31,0.001963,0.001987,0.001912,0.001925,0.001925,13824059
2019-02-01,0.001926,0.001928,0.001893,0.001916,0.001916,17411751
2019-02-02,0.001914,0.001956,0.001896,0.001936,0.001936,13184663
2019-02-03,0.001932,0.001957,0.00189,0.0019039999,0.0019039999,15354409
2019-02-04,0.0019039999,0.001932,0.001877,0.001896,0.001896,13169126
2019-02-05,0.001899,0.001913,0.00188,0.0018880001,0.0018880001,13983316
2019-02-06,0.001886,0.001902,0.001837,0.001866,0.001866,15246340
2019-02-07,0.001869,0.00189,0.001839,0.001845,0.001845,14228248
2019-02-08,0.001847,0.001957,0.001835,0.001956,0.001956,17956052
2019-02-09,0.001952,0.0019960001,0.001923,0.0019490001,0.0019490001,14455529
2019-02-10,0.001951,0.001953,0.001912,0.001946,0.001946,15828371
2019-02-11,0.001946,0.001946,0.001899,0.001906,0.001906,15220889
2019-02-12,0.0019039999,0.001911,0.0018729999,0.001894,0.001894,16971098
2019-02-13,0.001894,0.00191,0.001885,0.001893,0.001893,15440451
2019-02-14,0.001891,0.001909,0.001885,0.001897,0.001897,16879422
2019-02-15,0.001896,0.001915,0.0018889999,0.001908,0.001908,14754160
2019-02-16,0.001907,0.001929,0.001895,0.001924,0.001924,14351257
2019-02-17,0.001923,0.001993,0.001915,0.001992,0.001992,19208659
2019-02-18,0.001993,0.0021240001,0.001993,0.002114,0.002114,26457493
2019-02-19,0.002116,0.002139,0.0020560001,0.0020669999,0.0020669999,26883836
2019-02-20,0.0020649999,0.002081,0.002044,0.002079,0.002079,20976083
2019-02-21,0.0020659999,0.002078,0.002022,0.0020280001,0.0020280001,18308575
2019-02-22,0.0020300001,0.0020709999,0.002024,0.0020560001,0.0020560001,19850028
2019-02-23,0.002055,0.002111,0.0020339999,0.002083,0.002083,20487004
2019-02-24,0.0020880001,0.0021250001,0.001955,0.0019739999,0.0019739999,25171947
2019-02-25,0.0019729999,0.002045,0.00193,0.0020300001,0.0020300001,20965852
2019-02-26,0.0020290001,0.00205,0.001992,0.002023,0.002023,19292966
2019-02-27,0.002024,0.0020330001,0.001954,0.002019,0.002019,19512740
2019-02-28,0.002018,0.002024,0.0019680001,0.0019759999,0.0019759999,18191276
2019-03-01,0.0019759999,0.00202,0.0019759999,0.001994,0.001994,18777567
2019-03-02,0.001992,0.002013,0.0019799999,0.0020029999,0.0020029999,17330550
2019-03-03,0.0020020001,0.002024,0.001991,0.0019990001,0.0019990001,15753983
2019-03-04,0.0020039999,0.0020109999,0.0019680001,0.001982,0.001982,16744533
2019-03-05,0.001981,0.0020029999,0.001961,0.001985,0.001985,19420739
2019-03-06,0.001985,0.001992,0.0019670001,0.001983,0.001983,17375079
2019-03-07,0.001982,0.002015,0.0019660001,0.001991,0.001991,17976088
2019-03-08,0.001992,0.0019980001,0.0019680001,0.0019799999,0.0019799999,17551404
2019-03-09,0.001982,0.002015,0.0019720001,0.0019980001,0.0019980001,17348833
2019-03-10,0.0020000001,0.0020039999,0.0019789999,0.0019990001,0.0019990001,14597178
2019-03-11,0.0020010001,0.0020059999,0.001947,0.0019660001,0.0019660001,20212258
2019-03-12,0.0019690001,0.0020300001,0.0019499999,0.002012,0.002012,20817165
2019-03-13,0.002015,0.002053,0.0020049999,0.0020250001,0.0020250001,17366462
2019-03-14,0.002022,0.002044,0.0020089999,0.0020389999,0.0020389999,12675418
2019-03-15,0.0020409999,0.0020580001,0.002015,0.002048,0.002048,14469793
2019-03-16,0.002047,0.0020989999,0.0020399999,0.002077,0.002077,17262660
2019-03-17,0.002081,0.0020900001,0.0020570001,0.002081,0.002081,17683010
2019-03-18,0.002076,0.0020940001,0.0020630001,0.002083,0.002083,21958793
2019-03-19,0.002083,0.002106,0.002073,0.0020910001,0.0020910001,20549162
2019-03-20,0.002084,0.0020920001,0.002054,0.0020610001,0.0020610001,17912276
2019-03-21,0.0020649999,0.002074,0.0020399999,0.002054,0.002054,18961937
2019-03-22,0.002051,0.002074,0.002045,0.002052,0.002052,17243548
2019-03-23,0.0020570001,0.00208,0.002047,0.0020639999,0.0020639999,15724762
2019-03-24,0.0020620001,0.00208,0.0020260001,0.002054,0.002054,16541721
2019-03-25,0.0020580001,0.0020659999,0.0020260001,0.002043,0.002043,17555818
2019-03-26,0.0020409999,0.0020610001,0.0020260001,0.002054,0.002054,19354498
2019-03-27,0.00205,0.0020890001,0.0020419999,0.002085,0.002085,23194502
2019-03-28,0.0020870001,0.0020920001,0.0020600001,0.002074,0.002074,20558761
2019-03-29,0.002076,0.0021019999,0.0020560001,0.0020870001,0.0020870001,21582049
2019-03-30,0.0020910001,0.002166,0.0020649999,0.00208,0.00208,19212788
2019-03-31,0.002081,0.0020999999,0.0020699999,0.00208,0.00208,18785300
2019-04-01,0.002082,0.002532,0.002078,0.0024610001,0.0024610001,49116894
2019-04-02,0.0024590001,0.0028629999,0.0023940001,0.0027950001,0.0027950001,60298362
2019-04-03,0.002777,0.0036559999,0.0027709999,0.0031640001,0.0031640001,89863287
2019-04-04,0.0031580001,0.004096,0.0031340001,0.003697,0.003697,164634741
2019-04-05,0.0036790001,0.003755,0.0034090001,0.0035900001,0.0035900001,63331136
2019-04-06,0.0035939999,0.0035939999,0.0034149999,0.0034390001,0.0034390001,46343810
2019-04-07,0.0034399999,0.003517,0.0032560001,0.0034179999,0.0034179999,50224984
2019-04-08,0.003428,0.0034370001,0.0030119999,0.0030449999,0.0030449999,62195173
2019-04-09,0.0030439999,0.0030700001,0.002812,0.0028840001,0.0028840001,53210703
2019-04-10,0.0028810001,0.0030799999,0.002872,0.003021,0.003021,50718761
2019-04-11,0.0030189999,0.003031,0.0027379999,0.002789,0.002789,45881209
2019-04-12,0.0027910001,0.002873,0.002725,0.0028560001,0.0028560001,42878877
2019-04-13,0.0028520001,0.002906,0.0028200001,0.002872,0.002872,34870866
2019-04-14,0.002873,0.002903,0.0028369999,0.0028820001,0.0028820001,30693264
2019-04-15,0.0028840001,0.0029229999,0.0027429999,0.0027900001,0.0027900001,36669437
2019-04-16,0.0027900001,0.0028560001,0.0027379999,0.0028349999,0.0028349999,31946320
2019-04-17,0.0028369999,0.0028609999,0.0027590001,0.00281,0.00281,32027922
2019-04-18,0.002816,0.0029579999,0.0028059999,0.0029460001,0.0029460001,42590190
2019-04-19,0.0029450001,0.0029480001,0.002875,0.0028929999,0.0028929999,36059338
2019-04-20,0.0028919999,0.002903,0.0028599999,0.002902,0.002902,35542377
2019-04-21,0.0029,0.002906,0.002724,0.0027600001,0.0027600001,37077986
2019-04-22,0.002758,0.0028240001,0.002726,0.0027979999,0.0027979999,36334621
2019-04-23,0.0028039999,0.0028560001,0.0027670001,0.0027719999,0.0027719999,37261547
2019-04-24,0.0027749999,0.002779,0.0025490001,0.002599,0.002599,43229277
2019-04-25,0.002595,0.0026199999,0.0024900001,0.002506,0.002506,33422071
2019-04-26,0.0024989999,0.0025259999,0.0024530001,0.0025190001,0.0025190001,33070494
2019-04-27,0.0025150001,0.0025450001,0.0024890001,0.0025160001,0.0025160001,27194224
2019-04-28,0.0025200001,0.002563,0.002502,0.0025309999,0.0025309999,25600272
2019-04-29,0.0025269999,0.0025510001,0.002443,0.0024659999,0.0024659999,32974056
2019-04-30,0.0024689999,0.0025190001,0.002443,0.002513,0.002513,34753261
2019-05-01,0.00251,0.0025510001,0.002477,0.0025210001,0.0025210001,30316782
2019-05-02,0.0025249999,0.002656,0.0025160001,0.0026110001,0.0026110001,34506272
2019-05-03,0.0026100001,0.002753,0.002595,0.002721,0.002721,40969776
2019-05-04,0.0026980001,0.002783,0.0026080001,0.0026799999,0.0026799999,39814872
2019-05-05,0.0027089999,0.0027089999,0.0026219999,0.0026529999,0.0026529999,33161934
2019-05-06,0.002633,0.002661,0.0025150001,0.002542,0.002542,37020800
2019-05-07,0.002544,0.002632,0.002536,0.002536,0.002536,38143865
2019-05-08,0.002534,0.002572,0.002505,0.002537,0.002537,32200704
2019-05-09,0.002536,0.0025539999,0.0024669999,0.0024999999,0.0024999999,30720237
2019-05-10,0.002503,0.0025589999,0.002449,0.0025220001,0.0025220001,32480633
2019-05-11,0.0025150001,0.0027989999,0.002513,0.002754,0.002754,48521874
2019-05-12,0.002757,0.0028200001,0.0026120001,0.002665,0.002665,44577097
2019-05-13,0.002663,0.0028230001,0.0026489999,0.002756,0.002756,47011255
2019-05-14,0.002758,0.0031989999,0.002747,0.0030680001,0.0030680001,58434920
2019-05-15,0.0030730001,0.0033170001,0.003052,0.003308,0.003308,57673254
2019-05-16,0.0033100001,0.003521,0.003114,0.0031679999,0.0031679999,68128483
2019-05-17,0.0031689999,0.003186,0.0028309999,0.002962,0.002962,66495399
2019-05-18,0.002966,0.003054,0.0028969999,0.0030050001,0.0030050001,54849676
2019-05-19,0.0030110001,0.0031950001,0.003,0.003178,0.003178,63883932
2019-05-20,0.003179,0.003186,0.002933,0.0030410001,0.0030410001,56440462
2019-05-21,0.0030420001,0.0031119999,0.002968,0.003086,0.003086,54845691
2019-05-22,0.003082,0.003091,0.0029120001,0.002939,0.002939,60016531
2019-05-23,0.002937,0.0029800001,0.0027950001,0.002961,0.002961,55428477
2019-05-24,0.00296,0.003022,0.002932,0.002995,0.002995,61767497
2019-05-25,0.002996,0.0030110001,0.0029579999,0.002991,0.002991,58214409
2019-05-26,0.0029869999,0.003115,0.002935,0.003092,0.003092,68909916
2019-05-27,0.0030990001,0.003207,0.003086,0.0031409999,0.0031409999,76858482
2019-05-28,0.0031419999,0.0031679999,0.0030710001,0.003148,0.003148,67850692
2019-05-29,0.003149,0.003151,0.003083,0.0031270001,0.0031270001,74244761
2019-05-30,0.003125,0.0035999999,0.0031099999,0.0032579999,0.0032579999,97252491
2019-05-31,0.0032560001,0.0034429999,0.0031719999,0.0034409999,0.0034409999,85204091
2019-06-01,0.0034429999,0.00352,0.00336,0.003419,0.003419,85093279
2019-06-02,0.003426,0.0034479999,0.0033420001,0.003398,0.003398,74315769
2019-06-03,0.003397,0.0034099999,0.0031940001,0.0031979999,0.0031979999,76817043
2019-06-04,0.003213,0.003213,0.0029859999,0.0030420001,0.0030420001,77725735
2019-06-05,0.0030390001,0.0030980001,0.0029800001,0.0030700001,0.0030700001,72561329
2019-06-06,0.0030720001,0.003124,0.0030050001,0.003087,0.003087,71608123
2019-06-07,0.003088,0.0031950001,0.003059,0.0031099999,0.0031099999,71288069
2019-06-08,0.003115,0.0031910001,0.0030169999,0.003084,0.003084,69699426
2019-06-09,0.0030769999,0.0032180001,0.0029780001,0.0030119999,0.0030119999,69438950
2019-06-10,0.0030139999,0.0031349999,0.002992,0.003091,0.003091,69822843
2019-06-11,0.00309,0.003143,0.002998,0.003058,0.003058,65070888
2019-06-12,0.003061,0.003094,0.0030189999,0.0030670001,0.0030670001,69543166
2019-06-13,0.003063,0.0031679999,0.00303,0.0030739999,0.0030739999,66973694
2019-06-14,0.0030749999,0.0031419999,0.0030370001,0.003124,0.003124,59252853
2019-06-15,0.0031349999,0.0032039999,0.0030970001,0.0031570001,0.0031570001,63436423
2019-06-16,0.003145,0.003336,0.0031349999,0.003186,0.003186,68789112
2019-06-17,0.0031880001,0.0032250001,0.003125,0.0031900001,0.0031900001,60386666
2019-06-18,0.0031930001,0.0031989999,0.0031099999,0.003125,0.003125,54908991
2019-06-19,0.003123,0.003154,0.0030970001,0.0031300001,0.0031300001,35562598
2019-06-20,0.003143,0.0032039999,0.0030950001,0.0031610001,0.0031610001,36102126
2019-06-21,0.0031669999,0.0032510001,0.0031280001,0.0032230001,0.0032230001,42423841
2019-06-22,0.0032289999,0.0033539999,0.003185,0.0032790001,0.0032790001,57373528
2019-06-23,0.0032850001,0.0034960001,0.0032500001,0.003304,0.003304,44229340
2019-06-24,0.0033140001,0.003431,0.0032339999,0.003368,0.003368,42747865
2019-06-25,0.003367,0.003395,0.00327,0.003392,0.003392,41001826
2019-06-26,0.003391,0.00345,0.0032520001,0.0033789999,0.0033789999,64528905
2019-06-27,0.00339,0.0034950001,0.0029899999,0.003329,0.003329,76165577
2019-06-28,0.003332,0.0035230001,0.0033150001,0.00349,0.00349,65310778
2019-06-29,0.0034789999,0.003486,0.0033140001,0.0034050001,0.0034050001,46594481
2019-06-30,0.0034179999,0.0034459999,0.003247,0.0032579999,0.0032579999,43549174
2019-07-01,0.0032500001,0.0033249999,0.003093,0.003238,0.003238,42771993
2019-07-02,0.003237,0.00336,0.0030799999,0.0032039999,0.0032039999,41581109
2019-07-03,0.003207,0.003336,0.0031719999,0.0033130001,0.0033130001,37586127
2019-07-04,0.0033140001,0.003357,0.0031310001,0.0032289999,0.0032289999,36433330
2019-07-05,0.0032259999,0.0044709998,0.0031300001,0.0038670001,0.0038670001,187924151
2019-07-06,0.0038719999,0.0039679999,0.0034700001,0.003547,0.003547,65031784
2019-07-07,0.003553,0.0036579999,0.0034950001,0.003633,0.003633,44379649
2019-07-08,0.003635,0.003644,0.003513,0.0035590001,0.0035590001,41682712
2019-07-09,0.0035560001,0.0036150001,0.003459,0.003549,0.003549,42613827
2019-07-10,0.003551,0.0035999999,0.003364,0.003424,0.003424,49078577
2019-07-11,0.0034169999,0.003426,0.0031890001,0.003243,0.003243,43609123
2019-07-12,0.003241,0.003368,0.003207,0.0033400001,0.0033400001,35428239
2019-07-13,0.0033430001,0.0033509999,0.003174,0.0032490001,0.0032490001,27243201
2019-07-14,0.0032500001,0.0032589999,0.0030100001,0.0030139999,0.0030139999,36339861
2019-07-15,0.0030199999,0.0031330001,0.0029219999,0.003092,0.003092,43028086
2019-07-16,0.003093,0.003125,0.0028019999,0.0028250001,0.0028250001,40980833
2019-07-17,0.002819,0.003177,0.0027719999,0.00303,0.00303,41838001
2019-07-18,0.003031,0.003145,0.002876,0.003121,0.003121,40218356
2019-07-19,0.00312,0.0031349999,0.002971,0.003059,0.003059,20956541
2019-07-20,0.003064,0.0031870001,0.0030380001,0.003118,0.003118,23424227
2019-07-21,0.003118,0.0031659999,0.0029829999,0.0030759999,0.0030759999,18349874
2019-07-22,0.0030759999,0.0031000001,0.002966,0.002997,0.002997,19174676
2019-07-23,0.003,0.003003,0.002874,0.00288,0.00288,21006916
2019-07-24,0.00288,0.0029170001,0.002816,0.0029150001,0.0029150001,23840681
2019-07-25,0.00291,0.0030179999,0.002905,0.0029209999,0.0029209999,20653975
2019-07-26,0.0029209999,0.0029490001,0.0028820001,0.0029209999,0.0029209999,19438979
2019-07-27,0.0029229999,0.00303,0.0027970001,0.0028230001,0.0028230001,20901185
2019-07-28,0.0028220001,0.0028870001,0.0027920001,0.0028589999,0.0028589999,19878103
2019-07-29,0.0028589999,0.0028969999,0.002809,0.00284,0.00284,19054200
2019-07-30,0.0028309999,0.0028880001,0.0028009999,0.002817,0.002817,16899416
2019-07-31,0.002816,0.002908,0.002816,0.002899,0.002899,21310977
2019-08-01,0.0029,0.0029589999,0.0028599999,0.0029569999,0.0029569999,20206543
2019-08-02,0.0029569999,0.0029750001,0.0028969999,0.002909,0.002909,18550954
2019-08-03,0.002908,0.00296,0.0029,0.0029120001,0.0029120001,15813943
2019-08-04,0.0029130001,0.0029839999,0.0028639999,0.002938,0.002938,19238655
2019-08-05,0.002938,0.0031620001,0.002936,0.003087,0.003087,31037239
2019-08-06,0.003089,0.0033160001,0.0029190001,0.0029500001,0.0029500001,19786133
2019-08-07,0.0029509999,0.0030499999,0.002938,0.0030060001,0.0030060001,26551305
2019-08-08,0.0030050001,0.0030119999,0.0028580001,0.0029279999,0.0029279999,16993741
2019-08-09,0.002929,0.002933,0.002869,0.002904,0.002904,21528298
2019-08-10,0.002905,0.002929,0.0027960001,0.002842,0.002842,17920883
2019-08-11,0.002845,0.002902,0.002839,0.0028979999,0.0028979999,16229246
2019-08-12,0.0028959999,0.002901,0.002869,0.00288,0.00288,21554919
2019-08-13,0.0028830001,0.0028899999,0.0028039999,0.0028250001,0.0028250001,27308535
2019-08-14,0.0028230001,0.0028299999,0.002715,0.002722,0.002722,34384340
2019-08-15,0.00272,0.002753,0.0025839999,0.0026400001,0.0026400001,32124644
2019-08-16,0.0026410001,0.0027139999,0.0025609999,0.0026809999,0.0026809999,19795789
2019-08-17,0.0026839999,0.00269,0.0026189999,0.0026459999,0.0026459999,18747565
2019-08-18,0.0026469999,0.0027300001,0.0026219999,0.002723,0.002723,20832602
2019-08-19,0.002723,0.0028270001,0.002716,0.0027970001,0.0027970001,20301072
2019-08-20,0.0027979999,0.002807,0.0027139999,0.0027630001,0.0027630001,19682454
2019-08-21,0.0027640001,0.0027699999,0.0026199999,0.0026750001,0.0026750001,21056919
2019-08-22,0.0026759999,0.0027310001,0.0026169999,0.0027000001,0.0027000001,21813055
2019-08-23,0.0027089999,0.002899,0.002657,0.0027129999,0.0027129999,21615807
2019-08-24,0.0027129999,0.002725,0.0026140001,0.002661,0.002661,22299027
2019-08-25,0.002663,0.0028880001,0.002625,0.002662,0.002662,22727727
2019-08-26,0.0026519999,0.0028289999,0.0026400001,0.0026789999,0.0026789999,22974750
2019-08-27,0.0026799999,0.002788,0.0026,0.0026199999,0.0026199999,21250034
2019-08-28,0.0026219999,0.002633,0.002511,0.0025239999,0.0025239999,23602879
2019-08-29,0.0025229999,0.0025239999,0.0023920001,0.00245,0.00245,28641509
2019-08-30,0.002451,0.0024870001,0.0024270001,0.002482,0.002482,23809187
2019-08-31,0.002482,0.0025289999,0.0024590001,0.002511,0.002511,23927277
2019-09-01,0.002512,0.002533,0.002443,0.0024920001,0.0024920001,22742519
2019-09-02,0.0024920001,0.0026159999,0.0024619999,0.002596,0.002596,25999239
2019-09-03,0.002598,0.002724,0.0025599999,0.002595,0.002595,40548612
2019-09-04,0.002596,0.002695,0.002541,0.00269,0.00269,27623103
2019-09-05,0.00269,0.002692,0.002505,0.0025309999,0.0025309999,32285101
2019-09-06,0.0025289999,0.0026400001,0.0024600001,0.002509,0.002509,29577777
2019-09-07,0.0025150001,0.002569,0.002479,0.0025150001,0.0025150001,34744018
2019-09-08,0.002511,0.0025599999,0.0024689999,0.002501,0.002501,31506514
2019-09-09,0.002509,0.00251,0.002418,0.0024610001,0.0024610001,34582212
2019-09-10,0.0024610001,0.0024890001,0.00241,0.0024369999,0.0024369999,29851957
2019-09-11,0.0024319999,0.002451,0.00239,0.0023990001,0.0023990001,30308813
2019-09-12,0.0023980001,0.002446,0.0023660001,0.0024250001,0.0024250001,38515673
2019-09-13,0.0024250001,0.0024319999,0.0023980001,0.0024260001,0.0024260001,34172204
2019-09-14,0.0024270001,0.002451,0.0024049999,0.002441,0.002441,36253840
2019-09-15,0.002443,0.0024860001,0.0024379999,0.0024600001,0.0024600001,35862686
2019-09-16,0.0024619999,0.0024910001,0.0024300001,0.0024550001,0.0024550001,31115288
2019-09-17,0.0024540001,0.0026149999,0.002443,0.0026080001,0.0026080001,38934662
2019-09-18,0.0026070001,0.002993,0.0025820001,0.002719,0.002719,45526972
2019-09-19,0.002718,0.0027340001,0.0025889999,0.0027089999,0.0027089999,46463665
2019-09-20,0.0027099999,0.002716,0.0026449999,0.0026720001,0.0026720001,45337416
2019-09-21,0.0026670001,0.0026720001,0.0025559999,0.0025859999,0.0025859999,47801585
2019-09-22,0.002595,0.0026090001,0.0025460001,0.0025919999,0.0025919999,37997883
2019-09-23,0.0025869999,0.0026,0.002482,0.0024860001,0.0024860001,35603401
2019-09-24,0.0024890001,0.002502,0.002077,0.002228,0.002228,56048353
2019-09-25,0.002229,0.0022430001,0.00211,0.002197,0.002197,58992978
2019-09-26,0.002202,0.002229,0.002076,0.0021550001,0.0021550001,46965571
2019-09-27,0.0021550001,0.002228,0.0021210001,0.0022209999,0.0022209999,47659680
2019-09-28,0.0022219999,0.0022479999,0.002202,0.002234,0.002234,36239557
2019-09-29,0.002238,0.0023360001,0.0021850001,0.0022229999,0.0022229999,41861530
2019-09-30,0.002227,0.002416,0.002171,0.002387,0.002387,56920760
2019-10-01,0.0023930001,0.0024969999,0.002381,0.002388,0.002388,40563787
2019-10-02,0.002391,0.002411,0.0023139999,0.002351,0.002351,42121830
2019-10-03,0.002349,0.0023650001,0.00229,0.002325,0.002325,36788344
2019-10-04,0.002323,0.0023630001,0.0022829999,0.00236,0.00236,42842902
2019-10-05,0.002355,0.0023769999,0.0023070001,0.002322,0.002322,39360096
2019-10-06,0.002323,0.0023620001,0.00229,0.0023459999,0.0023459999,40093923
2019-10-07,0.0023419999,0.0024079999,0.0023050001,0.00239,0.00239,48117979
2019-10-08,0.00239,0.002418,0.002324,0.0023459999,0.0023459999,49622640
2019-10-09,0.0023399999,0.0024019999,0.0023169999,0.002388,0.002388,39868870
2019-10-10,0.0023920001,0.0024000001,0.00233,0.0023320001,0.0023320001,49414270
2019-10-11,0.0023320001,0.002383,0.00229,0.0023449999,0.0023449999,40769657
2019-10-12,0.002328,0.002383,0.0023099999,0.0023399999,0.0023399999,45487600
2019-10-13,0.0023390001,0.0026179999,0.002323,0.002447,0.002447,63249479
2019-10-14,0.002449,0.002636,0.0024280001,0.0025450001,0.0025450001,62460324
2019-10-15,0.0025460001,0.002565,0.0024949999,0.00251,0.00251,50979959
2019-10-16,0.002509,0.0026189999,0.002506,0.0026070001,0.0026070001,50405533
2019-10-17,0.002604,0.002932,0.0025899999,0.002755,0.002755,69269500
2019-10-18,0.002757,0.0028629999,0.0026680001,0.0027060001,0.0027060001,60909633
2019-10-19,0.0027040001,0.0027950001,0.0026680001,0.0027429999,0.0027429999,69804524
2019-10-20,0.0027419999,0.0027749999,0.002685,0.0027300001,0.0027300001,73744712
2019-10-21,0.0027320001,0.002813,0.0026179999,0.0027739999,0.0027739999,82888436
2019-10-22,0.0027729999,0.002776,0.0025599999,0.002565,0.002565,75521553
2019-10-23,0.002564,0.0025869999,0.002389,0.0024949999,0.0024949999,79141247
2019-10-24,0.0024910001,0.0025530001,0.002451,0.002538,0.002538,81190106
2019-10-25,0.002539,0.0027139999,0.002502,0.0026839999,0.0026839999,98533278
2019-10-26,0.0026839999,0.0028580001,0.0025909999,0.0026219999,0.0026219999,118574429
2019-10-27,0.0026209999,0.002747,0.002595,0.002654,0.002654,99551356
2019-10-28,0.002656,0.002722,0.002629,0.0026459999,0.0026459999,92231650
2019-10-29,0.0026469999,0.0027280001,0.0026440001,0.002655,0.002655,84394749
2019-10-30,0.002656,0.0026819999,0.002597,0.0026159999,0.0026159999,88132224
2019-10-31,0.0026179999,0.0026750001,0.0025859999,0.0026149999,0.0026149999,72101942
2019-11-01,0.0026169999,0.0026390001,0.0025909999,0.00263,0.00263,78282711
2019-11-02,0.002631,0.0026509999,0.002597,0.002627,0.002627,63232423
2019-11-03,0.002627,0.0026740001,0.0026219999,0.0026370001,0.0026370001,57894711
2019-11-04,0.002635,0.0026449999,0.0025899999,0.0026140001,0.0026140001,64040500
2019-11-05,0.0026130001,0.0026509999,0.002575,0.002624,0.002624,78458702
2019-11-06,0.0026229999,0.0026499999,0.0026149999,0.002628,0.002628,88212203
2019-11-07,0.002628,0.0027340001,0.0026080001,0.002725,0.002725,97141368
2019-11-08,0.002723,0.0027310001,0.002603,0.0026529999,0.0026529999,88039087
2019-11-09,0.002654,0.0027419999,0.0026499999,0.0027129999,0.0027129999,93120071
2019-11-10,0.0027119999,0.002785,0.002687,0.0027749999,0.0027749999,96734959
2019-11-11,0.0027749999,0.00278,0.0026690001,0.002715,0.002715,84608148
2019-11-12,0.0027139999,0.0027350001,0.0026789999,0.002725,0.002725,72506822
2019-11-13,0.002723,0.002725,0.002665,0.0026980001,0.0026980001,80974477
2019-11-14,0.002694,0.0026980001,0.0026420001,0.0026799999,0.0026799999,77359949
2019-11-15,0.0026819999,0.002689,0.0026090001,0.002657,0.002657,78888251
2019-11-16,0.002657,0.0026750001,0.002636,0.0026690001,0.0026690001,71531457
2019-11-17,0.0026690001,0.002718,0.0026410001,0.0026479999,0.0026479999,74498787
2019-11-18,0.0026479999,0.002715,0.0025490001,0.0025760001,0.0025760001,72521449
2019-11-19,0.0025760001,0.0026080001,0.0025190001,0.0025480001,0.0025480001,85557575
2019-11-20,0.0025480001,0.0026980001,0.002543,0.0025559999,0.0025559999,77286260
2019-11-21,0.0025549999,0.002566,0.0023779999,0.0024260001,0.0024260001,95999426
2019-11-22,0.0024260001,0.0025190001,0.0022390001,0.0023620001,0.0023620001,109619351
2019-11-23,0.0023640001,0.002507,0.002327,0.002505,0.002505,112247814
2019-11-24,0.002509,0.00251,0.002298,0.0023650001,0.0023650001,101469803
2019-11-25,0.0023690001,0.0023690001,0.0021279999,0.0022859999,0.0022859999,129591062
2019-11-26,0.002287,0.0023419999,0.002265,0.002291,0.002291,100273990
2019-11-27,0.002291,0.002358,0.002229,0.0023390001,0.0023390001,100345294
2019-11-28,0.0023370001,0.00238,0.0023129999,0.0023129999,0.0023129999,97959428
2019-11-29,0.0023149999,0.0024580001,0.0023050001,0.0024560001,0.0024560001,97859845
2019-11-30,0.0024560001,0.002474,0.0023139999,0.00232,0.00232,89565611
2019-12-01,0.00232,0.0023940001,0.002257,0.002292,0.002292,77007809
2019-12-02,0.002293,0.0023119999,0.002204,0.002235,0.002235,66782510
2019-12-03,0.002234,0.0022559999,0.002167,0.0022169999,0.0022169999,62508732
2019-12-04,0.0022169999,0.0022410001,0.002165,0.002208,0.002208,73151442
2019-12-05,0.0022090001,0.0023050001,0.002172,0.0022229999,0.0022229999,66757792
2019-12-06,0.0022209999,0.0022799999,0.0021800001,0.002226,0.002226,66932958
2019-12-07,0.00223,0.0022479999,0.002201,0.00223,0.00223,62933099
2019-12-08,0.00223,0.0023409999,0.002207,0.002238,0.002238,55442239
2019-12-09,0.002237,0.0022509999,0.002198,0.002208,0.002208,62696753
2019-12-10,0.002208,0.0022219999,0.0021850001,0.002204,0.002204,69802464
2019-12-11,0.002202,0.0022400001,0.0021810001,0.0021850001,0.0021850001,64108062
2019-12-12,0.0021850001,0.002198,0.002167,0.0021879999,0.0021879999,66238690
2019-12-13,0.0021869999,0.002208,0.002165,0.002175,0.002175,65851726
2019-12-14,0.002175,0.002204,0.0021500001,0.00217,0.00217,71849717
2019-12-15,0.002171,0.002171,0.00208,0.0021540001,0.0021540001,66491990
2019-12-16,0.0021540001,0.0021840001,0.002112,0.0021210001,0.0021210001,68370095
2019-12-17,0.0021200001,0.0021520001,0.0019970001,0.002018,0.002018,85349928
2019-12-18,0.0020250001,0.0021919999,0.0020079999,0.0021830001,0.0021830001,98147109
2019-12-19,0.0021820001,0.002199,0.002049,0.0021230001,0.0021230001,79064574
2019-12-20,0.0021269999,0.002141,0.002048,0.002075,0.002075,67083802
2019-12-21,0.002077,0.0020880001,0.002044,0.002084,0.002084,66682998
2019-12-22,0.002082,0.0021200001,0.0020699999,0.002115,0.002115,70976748
2019-12-23,0.002113,0.002137,0.002055,0.002073,0.002073,77708509
2019-12-24,0.002073,0.002114,0.002052,0.002073,0.002073,71860410
2019-12-25,0.0020719999,0.0020979999,0.0020359999,0.0020880001,0.0020880001,79207264
2019-12-26,0.0020860001,0.0020979999,0.002047,0.0020580001,0.0020580001,71906467
2019-12-27,0.0020590001,0.002075,0.0020320001,0.002053,0.002053,75486740
2019-12-28,0.002053,0.0020900001,0.002051,0.0020639999,0.0020639999,64539193
2019-12-29,0.0020630001,0.002114,0.0020560001,0.0020679999,0.0020679999,67109832
2019-12-30,0.0020699999,0.002077,0.002043,0.002054,0.002054,73171188
2019-12-31,0.0020560001,0.0020560001,0.002022,0.0020280001,0.0020280001,69469785
2020-01-01,0.0020280001,0.002052,0.002021,0.0020330001,0.0020330001,51180941
2020-01-02,0.0020339999,0.00211,0.001983,0.0020089999,0.0020089999,65071106
2020-01-03,0.0020079999,0.002177,0.001991,0.002145,0.002145,62619988
2020-01-04,0.002144,0.0024900001,0.00205,0.0022410001,0.0022410001,94227582
2020-01-05,0.0022400001,0.0024910001,0.0021170001,0.002419,0.002419,52631740
2020-01-06,0.002418,0.002564,0.002379,0.0024629999,0.0024629999,54562409
2020-01-07,0.0024850001,0.0024969999,0.002354,0.0024329999,0.0024329999,52767343
2020-01-08,0.0024329999,0.0024649999,0.002265,0.002293,0.002293,77251526
2020-01-09,0.002291,0.0023139999,0.002145,0.0022559999,0.0022559999,70690571
2020-01-10,0.0022549999,0.002361,0.002199,0.002356,0.002356,87683356
2020-01-11,0.002351,0.0023729999,0.002296,0.0023139999,0.0023139999,94203409
2020-01-12,0.0023129999,0.002413,0.0023129999,0.002381,0.002381,79426215
2020-01-13,0.002381,0.0024069999,0.002327,0.002358,0.002358,83849846
2020-01-14,0.002358,0.0025140001,0.0023399999,0.0024699999,0.0024699999,128635383
2020-01-15,0.0024679999,0.002541,0.0023630001,0.0023690001,0.0023690001,128940321
2020-01-16,0.0023719999,0.0024240001,0.002293,0.0023449999,0.0023449999,98124199
2020-01-17,0.0023459999,0.0025160001,0.0023099999,0.0024900001,0.0024900001,117752841
2020-01-18,0.0024900001,0.002538,0.002452,0.002507,0.002507,108133943
2020-01-19,0.0025140001,0.00257,0.002359,0.0024049999,0.0024049999,108085147
2020-01-20,0.0024049999,0.0024230001,0.002359,0.0023739999,0.0023739999,92022277
2020-01-21,0.0023739999,0.0024029999,0.0023350001,0.0023759999,0.0023759999,84321565
2020-01-22,0.0023759999,0.0023990001,0.00232,0.002323,0.002323,82852580
2020-01-23,0.002323,0.002358,0.002238,0.002268,0.002268,91866620
2020-01-24,0.002268,0.002293,0.0022110001,0.0022760001,0.0022760001,86865882
2020-01-25,0.0022760001,0.0022760001,0.002235,0.002257,0.002257,82421399
2020-01-26,0.002258,0.0023070001,0.0022400001,0.0023050001,0.0023050001,73458474
2020-01-27,0.0023040001,0.002413,0.0022829999,0.0023680001,0.0023680001,89023414
2020-01-28,0.0023650001,0.00245,0.0023630001,0.00245,0.00245,91528771
2020-01-29,0.002451,0.002471,0.00239,0.00239,0.00239,80676219
2020-01-30,0.002391,0.002446,0.0023709999,0.00244,0.00244,83967914
2020-01-31,0.00244,0.0024580001,0.0023690001,0.0023940001,0.0023940001,76519295
2020-02-01,0.002391,0.0024309999,0.002382,0.002422,0.002422,78730830
2020-02-02,0.002421,0.002506,0.0023950001,0.0024679999,0.0024679999,91552515
2020-02-03,0.0024659999,0.0025170001,0.0024270001,0.00244,0.00244,78856631
2020-02-04,0.0024379999,0.002503,0.0024019999,0.002503,0.002503,89790002
2020-02-05,0.002503,0.00263,0.0024920001,0.0025820001,0.0025820001,105741619
2020-02-06,0.0025830001,0.0026769999,0.002574,0.0026529999,0.0026529999,108711614
2020-02-07,0.002654,0.0027699999,0.0026469999,0.0027689999,0.0027689999,130273878
2020-02-08,0.0027670001,0.003209,0.002722,0.0031590001,0.0031590001,203803814
2020-02-09,0.003156,0.0035310001,0.003152,0.0032319999,0.0032319999,218861527
2020-02-10,0.0032339999,0.003303,0.002904,0.0029859999,0.0029859999,195582003
2020-02-11,0.0030110001,0.003085,0.0028639999,0.0030410001,0.0030410001,169747135
2020-02-12,0.0030410001,0.0031729999,0.0030129999,0.003093,0.003093,181406960
2020-02-13,0.003064,0.003216,0.0029730001,0.003026,0.003026,168543942
2020-02-14,0.002999,0.003147,0.0029810001,0.0031300001,0.0031300001,140849233
2020-02-15,0.0030980001,0.003181,0.002839,0.0029200001,0.0029200001,144726029
2020-02-16,0.0029170001,0.002965,0.002626,0.0027739999,0.0027739999,149831933
2020-02-17,0.0027399999,0.0027719999,0.0025470001,0.0027119999,0.0027119999,149622002
2020-02-18,0.0026769999,0.002846,0.002655,0.002839,0.002839,144188844
2020-02-19,0.002839,0.002874,0.002624,0.002624,0.002624,136889052
2020-02-20,0.002625,0.0026730001,0.002569,0.002659,0.002659,187866681
2020-02-21,0.002656,0.0027030001,0.0026140001,0.0026479999,0.0026479999,157652567
2020-02-22,0.0026499999,0.002655,0.0025770001,0.002601,0.002601,156145895
2020-02-23,0.0026,0.0026819999,0.002596,0.0026799999,0.0026799999,180747902
2020-02-24,0.0026789999,0.002687,0.0025569999,0.0025899999,0.0025899999,159143744
2020-02-25,0.0025899999,0.0025909999,0.0024359999,0.002476,0.002476,178541404
2020-02-26,0.002475,0.0024870001,0.0022110001,0.0023390001,0.0023390001,201370789
2020-02-27,0.0023370001,0.0024029999,0.002298,0.002324,0.002324,162813946
2020-02-28,0.002323,0.0023729999,0.002226,0.002289,0.002289,153544453
2020-02-29,0.0022859999,0.00232,0.00223,0.002235,0.002235,146635830
2020-03-01,0.002233,0.002297,0.0022229999,0.0022750001,0.0022750001,162437207
2020-03-02,0.0022780001,0.0023699999,0.0022559999,0.002349,0.002349,165788612
2020-03-03,0.002348,0.0025249999,0.0023159999,0.0024989999,0.0024989999,174988479
2020-03-04,0.0024999999,0.002508,0.0023670001,0.0023980001,0.0023980001,144601436
2020-03-05,0.0023990001,0.0025309999,0.0023950001,0.002506,0.002506,104912777
2020-03-06,0.002504,0.0025170001,0.002447,0.0024959999,0.0024959999,100268192
2020-03-07,0.002501,0.002513,0.0024009999,0.0024049999,0.0024049999,88138038
2020-03-08,0.0024059999,0.0024079999,0.0021840001,0.0021869999,0.0021869999,101738284
2020-03-09,0.0021889999,0.002236,0.002107,0.0022140001,0.0022140001,137033008
2020-03-10,0.0022169999,0.002263,0.002166,0.002207,0.002207,115431584
2020-03-11,0.002208,0.002228,0.0020989999,0.0021840001,0.0021840001,107425626
2020-03-12,0.0021830001,0.0021879999,0.001535,0.0015369999,0.0015369999,167892774
2020-03-13,0.00154,0.001799,0.0012469999,0.001738,0.001738,218676976
2020-03-14,0.001737,0.001784,0.00164,0.001666,0.001666,113389101
2020-03-15,0.001664,0.001819,0.001655,0.001685,0.001685,119811060
2020-03-16,0.001684,0.001699,0.001453,0.001587,0.001587,134329668
2020-03-17,0.001591,0.001677,0.001558,0.001587,0.001587,102697604
2020-03-18,0.00159,0.0016120001,0.0015519999,0.001566,0.001566,102196814
2020-03-19,0.001566,0.001844,0.001562,0.001773,0.001773,251888350
2020-03-20,0.001771,0.001931,0.001679,0.001773,0.001773,188170528
2020-03-21,0.001771,0.001851,0.001693,0.001785,0.001785,166141811
2020-03-22,0.001785,0.001868,0.0017190001,0.001731,0.001731,161287088
2020-03-23,0.001727,0.001817,0.001692,0.001805,0.001805,166551897
2020-03-24,0.001805,0.001912,0.001799,0.001851,0.001851,177134005
2020-03-25,0.001852,0.00189,0.001799,0.001834,0.001834,163367839
2020-03-26,0.001833,0.0018720001,0.0018269999,0.0018420001,0.0018420001,162455890
2020-03-27,0.0018429999,0.001868,0.001804,0.001807,0.001807,166326062
2020-03-28,0.001805,0.001808,0.001716,0.001778,0.001778,169979142
2020-03-29,0.001777,0.001805,0.001717,0.001723,0.001723,156619235
2020-03-30,0.001723,0.001868,0.001717,0.001831,0.001831,163244392
2020-03-31,0.001851,0.001851,0.001805,0.0018110001,0.0018110001,156195510
2020-04-01,0.0018119999,0.001867,0.001776,0.001867,0.001867,163418627
2020-04-02,0.001868,0.00194,0.00185,0.001882,0.001882,165879605
2020-04-03,0.001883,0.001916,0.001834,0.001853,0.001853,161121845
2020-04-04,0.001853,0.00191,0.001841,0.00188,0.00188,160849686
2020-04-05,0.00188,0.001909,0.001847,0.001865,0.001865,152557918
2020-04-06,0.001866,0.001983,0.001852,0.0019799999,0.0019799999,173173223
2020-04-07,0.0019720001,0.0020300001,0.0019340001,0.0019970001,0.0019970001,129399793
2020-04-08,0.001986,0.002044,0.00196,0.002012,0.002012,116283369
2020-04-09,0.002013,0.0020330001,0.001985,0.002021,0.002021,109954538
2020-04-10,0.002021,0.002023,0.001891,0.0019680001,0.0019680001,122108790
2020-04-11,0.0019680001,0.0020039999,0.001941,0.00199,0.00199,161367396
2020-04-12,0.001989,0.0020089999,0.001951,0.00199,0.00199,169892709
2020-04-13,0.00199,0.00199,0.001894,0.001959,0.001959,167357650
2020-04-14,0.001958,0.0019799999,0.0019349999,0.0019640001,0.0019640001,188937615
2020-04-15,0.001963,0.0019749999,0.001906,0.00194,0.00194,169903672
2020-04-16,0.001941,0.0020290001,0.001886,0.0020280001,0.0020280001,179859738
2020-04-17,0.0020280001,0.0020290001,0.001992,0.002013,0.002013,161550208
2020-04-18,0.002013,0.0020620001,0.0020069999,0.0020610001,0.0020610001,168186509
2020-04-19,0.0020600001,0.002073,0.0020280001,0.0020580001,0.0020580001,172576560
2020-04-20,0.0020580001,0.0020659999,0.001962,0.001982,0.001982,169715146
2020-04-21,0.001982,0.0020320001,0.001952,0.0019710001,0.0019710001,163652750
2020-04-22,0.0019710001,0.0020330001,0.0019640001,0.0020109999,0.0020109999,163753943
2020-04-23,0.0020109999,0.0021230001,0.0020049999,0.002047,0.002047,179000350
2020-04-24,0.002047,0.0021210001,0.0020419999,0.0021029999,0.0021029999,209562151
2020-04-25,0.0021019999,0.002146,0.0020870001,0.002142,0.002142,229810398
2020-04-26,0.002141,0.002444,0.002136,0.0024089999,0.0024089999,287859775
2020-04-27,0.00241,0.002414,0.0023080001,0.002355,0.002355,276033020
2020-04-28,0.002354,0.0023719999,0.002322,0.0023390001,0.0023390001,254905520
2020-04-29,0.0023390001,0.002542,0.0023310001,0.0025170001,0.0025170001,295698249
2020-04-30,0.0025170001,0.002689,0.0023920001,0.002443,0.002443,298563815
2020-05-01,0.002444,0.0025589999,0.002441,0.0024939999,0.0024939999,282886977
2020-05-02,0.0024949999,0.0025530001,0.002473,0.0025490001,0.0025490001,269155283
2020-05-03,0.0025480001,0.0025830001,0.00248,0.00251,0.00251,265156925
2020-05-04,0.002511,0.0025190001,0.002389,0.002481,0.002481,261454253
2020-05-05,0.002481,0.0025210001,0.002449,0.0024840001,0.0024840001,245861118
2020-05-06,0.002483,0.0025830001,0.002473,0.0025289999,0.0025289999,251393346
2020-05-07,0.0025180001,0.0026779999,0.002479,0.002664,0.002664,284491226
2020-05-08,0.002659,0.0026720001,0.002594,0.002625,0.002625,291757355
2020-05-09,0.0026219999,0.002634,0.002565,0.0026130001,0.0026130001,294993696
2020-05-10,0.0026110001,0.0026130001,0.00236,0.0024590001,0.0024590001,290801097
2020-05-11,0.0024570001,0.002512,0.0023380001,0.002413,0.002413,277646033
2020-05-12,0.002413,0.002513,0.0024059999,0.0024629999,0.0024629999,262934538
2020-05-13,0.0024639999,0.0025279999,0.0024580001,0.0025210001,0.0025210001,265878080
2020-05-14,0.0025180001,0.0026229999,0.002512,0.002574,0.002574,283778649
2020-05-15,0.002574,0.0025770001,0.0024870001,0.002506,0.002506,261080156
2020-05-16,0.002507,0.002534,0.0024840001,0.002513,0.002513,254666485
2020-05-17,0.002512,0.0025780001,0.002509,0.002538,0.002538,258469067
2020-05-18,0.002537,0.0025869999,0.002513,0.002543,0.002543,265626959
2020-05-19,0.002544,0.002565,0.002501,0.002538,0.002538,182890489
2020-05-20,0.002539,0.002563,0.0024870001,0.002508,0.002508,178925411
2020-05-21,0.00251,0.0025490001,0.0024230001,0.0024850001,0.0024850001,200924557
2020-05-22,0.0024860001,0.002543,0.002473,0.002533,0.002533,215355485
2020-05-23,0.002533,0.002565,0.0024989999,0.002544,0.002544,208878705
2020-05-24,0.002544,0.0025609999,0.002451,0.0024580001,0.0024580001,186657328
2020-05-25,0.0024560001,0.0025460001,0.0024349999,0.00254,0.00254,214669452
2020-05-26,0.002539,0.002542,0.002472,0.0024860001,0.0024860001,185485979
2020-05-27,0.0024860001,0.0025289999,0.002472,0.00251,0.00251,186186772
2020-05-28,0.002512,0.0025589999,0.0024949999,0.0025239999,0.0025239999,220213442
2020-05-29,0.0025239999,0.0025490001,0.002504,0.002532,0.002532,200485433
2020-05-30,0.0025309999,0.002626,0.0025229999,0.0026149999,0.0026149999,200708874
2020-05-31,0.0026149999,0.0026169999,0.0025490001,0.0025549999,0.0025549999,188184731
2020-06-01,0.0025549999,0.002662,0.0025530001,0.0026469999,0.0026469999,195748335
2020-06-02,0.0026469999,0.002655,0.0025200001,0.0025609999,0.0025609999,200119264
2020-06-03,0.002562,0.002598,0.0025460001,0.0025830001,0.0025830001,190021630
2020-06-04,0.0025830001,0.0026690001,0.002571,0.002631,0.002631,194078582
2020-06-05,0.002632,0.002634,0.0025800001,0.002596,0.002596,188846627
2020-06-06,0.002595,0.0026060001,0.002566,0.0025869999,0.0025869999,175988365
2020-06-07,0.0025869999,0.0026090001,0.0025579999,0.0026060001,0.0026060001,188151455
2020-06-08,0.0026060001,0.0026070001,0.0025609999,0.0025839999,0.0025839999,187140783
2020-06-09,0.0025839999,0.0025869999,0.0025170001,0.002569,0.002569,175910197
2020-06-10,0.002569,0.002595,0.0025530001,0.0025839999,0.0025839999,182748021
2020-06-11,0.0025839999,0.002602,0.0024290001,0.002452,0.002452,183212798
2020-06-12,0.0024550001,0.002533,0.002447,0.0025200001,0.0025200001,194920048
2020-06-13,0.0025200001,0.002541,0.002501,0.002533,0.002533,188981850
2020-06-14,0.002533,0.0025539999,0.002501,0.002511,0.002511,173334481
2020-06-15,0.00251,0.0025160001,0.0024069999,0.002479,0.002479,198803041
2020-06-16,0.002479,0.0025299999,0.0024339999,0.0024870001,0.0024870001,196212619
2020-06-17,0.0024900001,0.0024920001,0.0024580001,0.0024850001,0.0024850001,185083517
2020-06-18,0.0024850001,0.0024929999,0.002447,0.002472,0.002472,171388606
2020-06-19,0.002471,0.002472,0.0024300001,0.0024349999,0.0024349999,173280984
2020-06-20,0.0024349999,0.0024659999,0.002419,0.002447,0.002447,158275082
2020-06-21,0.002447,0.002478,0.002441,0.002447,0.002447,169917761
2020-06-22,0.002447,0.0024949999,0.002443,0.002474,0.002474,173530825
2020-06-23,0.002474,0.0024920001,0.0024570001,0.0024840001,0.0024840001,171604774
2020-06-24,0.002483,0.0024969999,0.002389,0.0024300001,0.0024300001,178380748
2020-06-25,0.0024300001,0.0024329999,0.00239,0.002417,0.002417,160003354
2020-06-26,0.002417,0.0024270001,0.002359,0.002359,0.002359,151319087
2020-06-27,0.002359,0.002379,0.002294,0.0023129999,0.0023129999,152534000
2020-06-28,0.0023129999,0.002361,0.0022829999,0.002326,0.002326,172693834
2020-06-29,0.002326,0.0023409999,0.0023010001,0.0023129999,0.0023129999,172655788
2020-06-30,0.0023109999,0.0023399999,0.002297,0.00232,0.00232,165641131
2020-07-01,0.00232,0.0023759999,0.0023010001,0.002354,0.002354,152549214
2020-07-02,0.00233,0.002382,0.0023020001,0.002361,0.002361,110789127
2020-07-03,0.002361,0.0023660001,0.0023040001,0.0023159999,0.0023159999,111575143
2020-07-04,0.0023149999,0.0023399999,0.002289,0.0023089999,0.0023089999,109218071
2020-07-05,0.0023070001,0.002327,0.0022770001,0.0023089999,0.0023089999,110140542
2020-07-06,0.0023089999,0.002624,0.0023020001,0.0026159999,0.0026159999,132105139
2020-07-07,0.0026140001,0.0032589999,0.0026,0.00309,0.00309,283970310
2020-07-08,0.0030970001,0.0054199998,0.003061,0.0047499998,0.0047499998,1226813925
2020-07-09,0.0047320002,0.005014,0.0041479999,0.0043970002,0.0043970002,511315527
2020-07-10,0.0043939999,0.0043939999,0.0034380001,0.003515,0.003515,225424869
2020-07-11,0.0035280001,0.00392,0.0034759999,0.0038109999,0.0038109999,155299369
2020-07-12,0.0038109999,0.0038439999,0.003614,0.0036299999,0.0036299999,87562043
2020-07-13,0.0036299999,0.003636,0.003059,0.003178,0.003178,143177055
2020-07-14,0.0031689999,0.003369,0.003061,0.0032939999,0.0032939999,103213409
2020-07-15,0.0032870001,0.003303,0.0030739999,0.003085,0.003085,69399827
2020-07-16,0.003086,0.0030980001,0.0028929999,0.002995,0.002995,78457844
2020-07-17,0.002991,0.003084,0.002937,0.003061,0.003061,74705371
2020-07-18,0.00306,0.0036289999,0.003031,0.0034729999,0.0034729999,204080851
2020-07-19,0.0034640001,0.0037529999,0.003329,0.0033819999,0.0033819999,116746163
2020-07-20,0.0033829999,0.0034330001,0.0031669999,0.003239,0.003239,81038624
2020-07-21,0.0032319999,0.0033090001,0.0031870001,0.003305,0.003305,77748189
2020-07-22,0.003302,0.003304,0.0032210001,0.0032850001,0.0032850001,54443238
2020-07-23,0.0032830001,0.0033209999,0.0032649999,0.0032949999,0.0032949999,58737115
2020-07-24,0.0032949999,0.0033229999,0.003177,0.0032200001,0.0032200001,58910215
2020-07-25,0.0032190001,0.0032949999,0.0031890001,0.0032339999,0.0032339999,63203396
2020-07-26,0.003238,0.00327,0.003184,0.003235,0.003235,62592233
2020-07-27,0.0032339999,0.003243,0.0030400001,0.003153,0.003153,83138808
2020-07-28,0.003155,0.0032190001,0.0031320001,0.0031969999,0.0031969999,63084930
2020-07-29,0.0031979999,0.0032619999,0.003175,0.0031920001,0.0031920001,55817191
2020-07-30,0.0031920001,0.003244,0.0031630001,0.0032309999,0.0032309999,53506822
2020-07-31,0.0032289999,0.00324,0.003181,0.0032250001,0.0032250001,54497306
2020-08-01,0.0032250001,0.003797,0.0032029999,0.0036889999,0.0036889999,150687884
2020-08-02,0.003696,0.003736,0.003266,0.003336,0.003336,101249531
2020-08-03,0.003336,0.0034409999,0.003308,0.003389,0.003389,66931510
2020-08-04,0.003389,0.0035610001,0.0033760001,0.0035349999,0.0035349999,74386428
2020-08-05,0.003543,0.003577,0.003485,0.003513,0.003513,66465690
2020-08-06,0.003517,0.003636,0.003461,0.0035600001,0.0035600001,62944678
2020-08-07,0.0035629999,0.003611,0.003425,0.0035329999,0.0035329999,68990009
2020-08-08,0.0035339999,0.0035359999,0.003453,0.00351,0.00351,62509900
2020-08-09,0.0035079999,0.0035329999,0.00343,0.0034630001,0.0034630001,57020040
2020-08-10,0.0034680001,0.0035570001,0.003454,0.0034990001,0.0034990001,68038181
2020-08-11,0.0034950001,0.003571,0.0033460001,0.003394,0.003394,78539442
2020-08-12,0.003397,0.0035339999,0.0033410001,0.003484,0.003484,70865885
2020-08-13,0.003483,0.003549,0.003365,0.003517,0.003517,73302994
2020-08-14,0.003514,0.003579,0.0034759999,0.0035610001,0.0035610001,61334640
2020-08-15,0.0035629999,0.003607,0.0035000001,0.0035389999,0.0035389999,64309678
2020-08-16,0.0035399999,0.003552,0.0034690001,0.0035240001,0.0035240001,52637926
2020-08-17,0.0035240001,0.0037179999,0.0035000001,0.0035910001,0.0035910001,77628715
2020-08-18,0.0035929999,0.0037090001,0.003483,0.003514,0.003514,62570291
2020-08-19,0.0035079999,0.0035379999,0.003368,0.003424,0.003424,53306857
2020-08-20,0.003424,0.0034990001,0.00339,0.003459,0.003459,43536656
2020-08-21,0.003457,0.0035540001,0.003389,0.003393,0.003393,60621268
2020-08-22,0.003392,0.0034469999,0.0033539999,0.0034419999,0.0034419999,44884852
2020-08-23,0.0034380001,0.003453,0.003388,0.0034139999,0.0034139999,39485548
2020-08-24,0.0034099999,0.0034650001,0.0033859999,0.0034179999,0.0034179999,46470522
2020-08-25,0.0034179999,0.0034340001,0.003239,0.003305,0.003305,76826314
2020-08-26,0.003301,0.0033450001,0.0032510001,0.003303,0.003303,80416711
2020-08-27,0.0033,0.0033140001,0.0031649999,0.0032029999,0.0032029999,89847093
2020-08-28,0.0032029999,0.003271,0.003182,0.003268,0.003268,64056957
2020-08-29,0.003267,0.003301,0.003242,0.0032820001,0.0032820001,78149363
2020-08-30,0.0032840001,0.0033440001,0.003274,0.0033,0.0033,79325829
2020-08-31,0.003301,0.003308,0.0032039999,0.0032210001,0.0032210001,85369757
2020-09-01,0.0032200001,0.0032810001,0.0031940001,0.0032560001,0.0032560001,81863764
2020-09-02,0.0032579999,0.003266,0.0030650001,0.003122,0.003122,56647412
2020-09-03,0.003122,0.0031340001,0.0027900001,0.0028019999,0.0028019999,59904548
2020-09-04,0.0027989999,0.0029579999,0.002753,0.002899,0.002899,53434717
2020-09-05,0.0029,0.002934,0.00272,0.002758,0.002758,62295889
2020-09-06,0.002758,0.002814,0.0027040001,0.002787,0.002787,89557154
2020-09-07,0.002787,0.0028319999,0.0027079999,0.002811,0.002811,102610335
2020-09-08,0.0028200001,0.0028339999,0.0027000001,0.002756,0.002756,57144396
2020-09-09,0.002758,0.002807,0.0027040001,0.002779,0.002779,77050464
2020-09-10,0.0027920001,0.0028589999,0.002752,0.0028049999,0.0028049999,104276032
2020-09-11,0.0028049999,0.0028250001,0.0027419999,0.0028059999,0.0028059999,134077501
2020-09-12,0.0028019999,0.0028309999,0.002781,0.002819,0.002819,117125272
2020-09-13,0.002819,0.0028240001,0.002746,0.002776,0.002776,124253232
2020-09-14,0.002776,0.002843,0.0027419999,0.0028029999,0.0028029999,128520946
2020-09-15,0.0027989999,0.002878,0.002785,0.0028319999,0.0028319999,100194174
2020-09-16,0.0028309999,0.0028589999,0.0027910001,0.0028260001,0.0028260001,148555505
2020-09-17,0.0028240001,0.0028589999,0.002781,0.002814,0.002814,161305349
2020-09-18,0.002814,0.0028250001,0.002749,0.0028039999,0.0028039999,147868185
2020-09-19,0.0027960001,0.002814,0.0027729999,0.0027940001,0.0027940001,147046520
2020-09-20,0.0027940001,0.0028059999,0.002722,0.002778,0.002778,145951917
2020-09-21,0.002778,0.0028019999,0.0026159999,0.00263,0.00263,78753428
2020-09-22,0.002625,0.0026720001,0.002604,0.002656,0.002656,36467574
2020-09-23,0.0026479999,0.0026509999,0.00254,0.0025599999,0.0025599999,79707709
2020-09-24,0.0025569999,0.0026499999,0.002536,0.002628,0.002628,111915974
2020-09-25,0.002628,0.002721,0.0026159999,0.0026980001,0.0026980001,124575712
2020-09-26,0.0026990001,0.002753,0.0026779999,0.002716,0.002716,108180296
2020-09-27,0.002697,0.0027340001,0.002664,0.002692,0.002692,76293172
2020-09-28,0.0027089999,0.0027399999,0.0026400001,0.0026519999,0.0026519999,102662350
2020-09-29,0.002662,0.0027099999,0.002636,0.002685,0.002685,109463113
2020-09-30,0.0026829999,0.002685,0.0026169999,0.00263,0.00263,106684832
2020-10-01,0.002631,0.0026819999,0.0025839999,0.0026159999,0.0026159999,116194992
2020-10-02,0.0026140001,0.002628,0.002539,0.0025830001,0.0025830001,128239855
2020-10-03,0.0025830001,0.0026400001,0.002574,0.002599,0.002599,116046378
2020-10-04,0.0026060001,0.0026819999,0.0025899999,0.002635,0.002635,92364518
2020-10-05,0.002632,0.002662,0.002599,0.0026120001,0.0026120001,127881032
2020-10-06,0.0026120001,0.002628,0.002574,0.0026110001,0.0026110001,105669881
2020-10-07,0.002593,0.0026120001,0.002565,0.002595,0.002595,125523508
2020-10-08,0.0025839999,0.002631,0.0025599999,0.002596,0.002596,109356096
2020-10-09,0.0026159999,0.0026670001,0.002595,0.0026529999,0.0026529999,100051523
2020-10-10,0.002654,0.002716,0.002654,0.002655,0.002655,96632426
2020-10-11,0.0026670001,0.0027060001,0.0026489999,0.0026740001,0.0026740001,107632465
2020-10-12,0.0026740001,0.0027079999,0.002629,0.0026730001,0.0026730001,101246789
2020-10-13,0.0026670001,0.0026769999,0.002627,0.002635,0.002635,76963142
2020-10-14,0.002634,0.0026529999,0.0026179999,0.0026370001,0.0026370001,87293434
2020-10-15,0.0026499999,0.0026509999,0.002569,0.002593,0.002593,83794207
2020-10-16,0.002595,0.0026159999,0.0025569999,0.0026120001,0.0026120001,117882236
2020-10-17,0.002603,0.0026120001,0.002573,0.0025810001,0.0025810001,125692391
2020-10-18,0.0025810001,0.002601,0.0025770001,0.0025859999,0.0025859999,72298803
2020-10-19,0.002595,0.0026189999,0.002572,0.0025899999,0.0025899999,91049562
2020-10-20,0.0025899999,0.0026229999,0.0025810001,0.002601,0.002601,65577101
2020-10-21,0.0026,0.002657,0.002594,0.00263,0.00263,45017115
2020-10-22,0.002627,0.002689,0.002624,0.002655,0.002655,44976453
2020-10-23,0.0026489999,0.002691,0.0026370001,0.0026469999,0.0026469999,46856082
2020-10-24,0.0026469999,0.0026529999,0.002624,0.0026459999,0.0026459999,44797614
2020-10-25,0.0026449999,0.0026759999,0.002624,0.0026529999,0.0026529999,58532388
2020-10-26,0.0026529999,0.0028929999,0.002636,0.0026789999,0.0026789999,122152251
2020-10-27,0.0026789999,0.0027079999,0.00263,0.0026769999,0.0026769999,78927089
2020-10-28,0.0026769999,0.002697,0.002575,0.002595,0.002595,72848720
2020-10-29,0.002595,0.0026229999,0.0025180001,0.0025810001,0.0025810001,58929515
2020-10-30,0.0025810001,0.0026070001,0.002533,0.002598,0.002598,63444097
2020-10-31,0.002598,0.002603,0.0025559999,0.0025760001,0.0025760001,56189318
2020-11-01,0.0025760001,0.0025899999,0.0025609999,0.0025820001,0.0025820001,45528682
2020-11-02,0.0025820001,0.0025919999,0.0025150001,0.0025170001,0.0025170001,50142376
2020-11-03,0.0025170001,0.0025299999,0.002452,0.0025279999,0.0025279999,62871653
2020-11-04,0.0025279999,0.0025579999,0.0024969999,0.002533,0.002533,52552651
2020-11-05,0.002533,0.0026390001,0.0024959999,0.0026169999,0.0026169999,31611963
2020-11-06,0.0026169999,0.0028009999,0.0026080001,0.0027600001,0.0027600001,54267546
2020-11-07,0.0027600001,0.002819,0.0026120001,0.0026710001,0.0026710001,44610219
2020-11-08,0.0026710001,0.0027419999,0.002658,0.0027109999,0.0027109999,22754531
2020-11-09,0.0027109999,0.002786,0.002663,0.0026700001,0.0026700001,28124348
2020-11-10,0.0026700001,0.0028510001,0.002655,0.002753,0.002753,39633173
2020-11-11,0.002753,0.0028369999,0.002753,0.0027689999,0.0027689999,33138759
2020-11-12,0.0027689999,0.0027910001,0.002747,0.002779,0.002779,24028261
2020-11-13,0.002779,0.0028359999,0.002777,0.0028210001,0.0028210001,29217750
2020-11-14,0.0028210001,0.0028210001,0.002721,0.0027729999,0.0027729999,30334380
2020-11-15,0.0027729999,0.002813,0.0027389999,0.0027749999,0.0027749999,25131683
2020-11-16,0.0027749999,0.0030090001,0.002757,0.0028860001,0.0028860001,52063283
2020-11-17,0.002908,0.0029760001,0.0028860001,0.002936,0.002936,46631464
2020-11-18,0.002936,0.002999,0.0028550001,0.002909,0.002909,49460064
2020-11-19,0.002909,0.00296,0.002868,0.002911,0.002911,40330643
2020-11-20,0.002911,0.0030110001,0.002908,0.0029839999,0.0029839999,57656465
2020-11-21,0.0029839999,0.003549,0.0029839999,0.0035069999,0.0035069999,162641694
2020-11-22,0.0035069999,0.0036599999,0.003181,0.003329,0.003329,121660410
2020-11-23,0.003329,0.0036480001,0.0032319999,0.0036480001,0.0036480001,101561039
2020-11-24,0.003645,0.0042039999,0.003579,0.0042039999,0.0042039999,266716036
2020-11-25,0.0041999999,0.0042559998,0.003642,0.003727,0.003727,174459927
2020-11-26,0.003727,0.003793,0.0029800001,0.0032500001,0.0032500001,175520294
2020-11-27,0.0032500001,0.0033549999,0.003093,0.003275,0.003275,92323023
2020-11-28,0.003275,0.0034700001,0.003247,0.0034050001,0.0034050001,58033650
2020-11-29,0.0034050001,0.0035300001,0.003358,0.0034479999,0.0034479999,46319972
2020-11-30,0.0034479999,0.00358,0.0034139999,0.003551,0.003551,68622736
2020-12-01,0.003551,0.003572,0.003269,0.003335,0.003335,80163603
2020-12-02,0.003335,0.0034360001,0.0032929999,0.0033740001,0.0033740001,58705661
2020-12-03,0.0033750001,0.0035000001,0.0033519999,0.003428,0.003428,47907032
2020-12-04,0.003429,0.0034469999,0.0032850001,0.003298,0.003298,45062222
2020-12-05,0.003297,0.0034139999,0.003268,0.003397,0.003397,43386583
2020-12-06,0.003397,0.0034419999,0.0033430001,0.003388,0.003388,40936574
2020-12-07,0.003388,0.0034,0.0033199999,0.0033420001,0.0033420001,36923814
2020-12-08,0.0033430001,0.003361,0.0031379999,0.003179,0.003179,52702701
2020-12-09,0.003179,0.003182,0.0030159999,0.0031580001,0.0031580001,45746722
2020-12-10,0.0031580001,0.0031649999,0.0030660001,0.0031049999,0.0031049999,33740988
2020-12-11,0.0031049999,0.0031099999,0.0030090001,0.0030789999,0.0030789999,41712942
2020-12-12,0.0030789999,0.003184,0.0030749999,0.0031630001,0.0031630001,35466155
2020-12-13,0.0031640001,0.003274,0.003153,0.0032560001,0.0032560001,37464323
2020-12-14,0.0032560001,0.0032790001,0.0031989999,0.0032309999,0.0032309999,36238516
2020-12-15,0.0032299999,0.0032500001,0.003178,0.003206,0.003206,37127782
2020-12-16,0.003205,0.003422,0.003186,0.0034159999,0.0034159999,50989880
2020-12-17,0.0034159999,0.0041129999,0.0034060001,0.00373,0.00373,172736659
2020-12-18,0.00373,0.00397,0.0036180001,0.003858,0.003858,101799430
2020-12-19,0.003859,0.0040179999,0.0038099999,0.0039269999,0.0039269999,98447179
2020-12-20,0.0039260001,0.0046780002,0.003827,0.0046250001,0.0046250001,508066004
2020-12-21,0.0046270001,0.0054060002,0.0043629999,0.0047869999,0.0047869999,664160057
2020-12-22,0.0047840001,0.0048429999,0.0043700002,0.0045079999,0.0045079999,239288785
2020-12-23,0.0045079999,0.004735,0.00364,0.0037680001,0.0037680001,205080908
2020-12-24,0.0037680001,0.0045770002,0.003697,0.0045699999,0.0045699999,143405580
2020-12-25,0.0045699999,0.004613,0.0043950002,0.004582,0.004582,136819917
2020-12-26,0.0045810002,0.0046399999,0.0044229999,0.0044940002,0.0044940002,151728507
2020-12-27,0.004493,0.004805,0.004429,0.0045480002,0.0045480002,154526399
2020-12-28,0.0045480002,0.0047160001,0.0045230002,0.004592,0.004592,99641525
2020-12-29,0.004592,0.0046080002,0.004278,0.0044860002,0.0044860002,90876497
2020-12-30,0.0044869999,0.0047030002,0.0044530001,0.0046359999,0.0046359999,94834499
2020-12-31,0.0046359999,0.004743,0.004553,0.0046819998,0.0046819998,85498337
2021-01-01,0.004681,0.0056850002,0.004615,0.0056850002,0.0056850002,228961515
2021-01-02,0.005686,0.013698,0.0055840001,0.010615,0.010615,3421562680
2021-01-03,0.010602,0.013867,0.0094090002,0.0097709997,0.0097709997,2707003608
2021-01-04,0.0097850002,0.011421,0.0078779999,0.0097669996,0.0097669996,1372398979
2021-01-05,0.0097669996,0.010219,0.0089720003,0.0099200001,0.0099200001,687256067
2021-01-06,0.0099229999,0.010854,0.0096850004,0.010465,0.010465,749915516
2021-01-07,0.010454,0.010532,0.0091620004,0.0097420001,0.0097420001,520644706
2021-01-08,0.0097430004,0.010285,0.008986,0.009846,0.009846,394462164
2021-01-09,0.0098329997,0.01074,0.0097399997,0.010194,0.010194,485842353
2021-01-10,0.010193,0.010867,0.0091770003,0.0098599996,0.0098599996,458583519
2021-01-11,0.0098580001,0.0098580001,0.0067699999,0.008835,0.008835,637956958
2021-01-12,0.0088299997,0.009145,0.0079039996,0.0080629997,0.0080629997,333308457
2021-01-13,0.0080620004,0.0086460002,0.0077869999,0.0086160004,0.0086160004,240079033
2021-01-14,0.0086190002,0.01003,0.0083489995,0.0093970001,0.0093970001,428369039
2021-01-15,0.009389,0.0097960001,0.0084600002,0.0093689999,0.0093689999,398965925
2021-01-16,0.0093670003,0.0095309997,0.0091399997,0.009265,0.009265,258630480
2021-01-17,0.0092630005,0.0093670003,0.0088409996,0.0090669999,0.0090669999,254487989
2021-01-18,0.0090699997,0.0092949998,0.0089809997,0.0091709998,0.0091709998,205025648
2021-01-19,0.009172,0.0096129999,0.0090199998,0.0090979999,0.0090979999,249242632
2021-01-20,0.0090960003,0.0091530001,0.008529,0.0090600001,0.0090600001,220205442
2021-01-21,0.0090619996,0.0090889996,0.0080610001,0.0081660002,0.0081660002,215419839
2021-01-22,0.008165,0.0087689999,0.0076540001,0.0085239997,0.0085239997,185490003
2021-01-23,0.0085199997,0.008808,0.0083879996,0.0085789999,0.0085789999,154393737
2021-01-24,0.0085779997,0.0089509999,0.0085159997,0.0087270001,0.0087270001,162191977
2021-01-25,0.0087270001,0.0088790003,0.0082759997,0.0083830003,0.0083830003,180820875
2021-01-26,0.008382,0.0084560001,0.0080220001,0.0082550002,0.0082550002,161173749
2021-01-27,0.0082550002,0.0082590003,0.0072940001,0.0074820002,0.0074820002,204797186
2021-01-28,0.0074809999,0.034177002,0.0073509999,0.034084,0.034084,10971544561
2021-01-29,0.043733999,0.077973001,0.032341,0.047162,0.047162,25403310432
2021-01-30,0.046803001,0.049901001,0.022488,0.028176,0.028176,8735576553
2021-01-31,0.028191,0.045288999,0.027101999,0.037195999,0.037195999,8548997882
2021-02-01,0.037053999,0.043249998,0.033367001,0.034875002,0.034875002,6319224026
2021-02-02,0.034910001,0.034926001,0.029194999,0.031520002,0.031520002,3090896595
2021-02-03,0.031493001,0.039105002,0.031145999,0.03712,0.03712,3146856788
2021-02-04,0.037225999,0.057868998,0.035944998,0.053289,0.053289,13040837601
2021-02-05,0.053043,0.053739998,0.043540001,0.046935,0.046935,6136160058
2021-02-06,0.046930999,0.058308002,0.044904001,0.057595,0.057595,5946101275
2021-02-07,0.057502002,0.084357001,0.054239001,0.078782,0.078782,14261024073
2021-02-08,0.078351997,0.084945001,0.064701997,0.078824997,0.078824997,12844375210
2021-02-09,0.078772999,0.083127998,0.065621004,0.070069999,0.070069999,7348840814
2021-02-10,0.070110999,0.081091002,0.068525001,0.072896004,0.072896004,6785088422
2021-02-11,0.072843999,0.074300997,0.068290003,0.069675997,0.069675997,3818556739
2021-02-12,0.069650002,0.072609998,0.061445002,0.070069,0.070069,4190843784
2021-02-13,0.070024997,0.071645997,0.066134997,0.06645,0.06645,2618049766
2021-02-14,0.066448003,0.066448003,0.056722999,0.062537,0.062537,3984667628
2021-02-15,0.062568001,0.063924,0.048547,0.056591,0.056591,4944804938
2021-02-16,0.056488,0.059668001,0.050983001,0.053520001,0.053520001,3409478696
2021-02-17,0.053521998,0.054983001,0.048034001,0.049376,0.049376,2976148723
2021-02-18,0.049362998,0.061799001,0.048989002,0.059540998,0.059540998,4551943638
2021-02-19,0.059434,0.059496999,0.054315001,0.055139001,0.055139001,2949251418
2021-02-20,0.055132002,0.060286,0.051628001,0.054384001,0.054384001,3175468554
2021-02-21,0.054368999,0.058428001,0.053555999,0.055980001,0.055980001,2450293068
2021-02-22,0.056044001,0.060465999,0.047095999,0.053725,0.053725,3366757324
2021-02-23,0.053698,0.053768001,0.042410001,0.047392,0.047392,2394345361
2021-02-24,0.047414001,0.059873,0.046216,0.056554999,0.056554999,4148511571
2021-02-25,0.056614999,0.057808001,0.049869001,0.050167002,0.050167002,2356982022
2021-02-26,0.050138,0.052471999,0.048707999,0.050480001,0.050480001,1694323466
2021-02-27,0.050500002,0.05192,0.049297001,0.050083,0.050083,1286229526
2021-02-28,0.050097,0.050133999,0.045088001,0.048052002,0.048052002,1408101260
2021-03-01,0.048069999,0.051479001,0.048029002,0.050599001,0.050599001,1494427207
2021-03-02,0.050595999,0.052382,0.049299002,0.050262,0.050262,1346282318
2021-03-03,0.050278001,0.052126002,0.050078001,0.050592002,0.050592002,1093877445
2021-03-04,0.050586998,0.051086999,0.047878999,0.050048001,0.050048001,1170617084
2021-03-05,0.050028,0.050854001,0.048147,0.049609002,0.049609002,1173113591
2021-03-06,0.049601,0.052397002,0.049383,0.050983999,0.050983999,1480482384
2021-03-07,0.050980002,0.052141,0.050572,0.052122001,0.052122001,945455832
2021-03-08,0.052122999,0.061949,0.051672,0.061949,0.061949,3554150800
2021-03-09,0.062104002,0.062268,0.056051001,0.057998002,0.057998002,2466159943
2021-03-10,0.057964001,0.058616001,0.054692,0.056003999,0.056003999,1534489620
2021-03-11,0.055977002,0.056697998,0.054501999,0.055918001,0.055918001,1233383425
2021-03-12,0.055920999,0.056979999,0.054513,0.055349,0.055349,1287767221
2021-03-13,0.055353001,0.062431999,0.054756001,0.062431999,0.062431999,1869833076
2021-03-14,0.062383998,0.063051999,0.058591999,0.058591999,0.058591999,2752132530
2021-03-15,0.058531001,0.059689,0.055140998,0.057087999,0.057087999,1738710876
2021-03-16,0.057085998,0.058921002,0.055493001,0.058607001,0.058607001,1393771913
2021-03-17,0.05861,0.058866002,0.056471001,0.057652999,0.057652999,861926643
2021-03-18,0.057640001,0.058828,0.054143,0.057383001,0.057383001,909777445
2021-03-19,0.057376999,0.059721,0.056604002,0.058327999,0.058327999,964747809
2021-03-20,0.058315001,0.060639001,0.058120001,0.058961,0.058961,1012934488
2021-03-21,0.058970001,0.059521001,0.056798,0.057234,0.057234,759592996
2021-03-22,0.057259001,0.057732001,0.054908998,0.054962002,0.054962002,696918565
2021-03-23,0.054940999,0.056081001,0.05294,0.053555999,0.053555999,1040781777
2021-03-24,0.053528,0.056494001,0.051242001,0.051702,0.051702,934537959
2021-03-25,0.051699001,0.052407,0.049697001,0.051447999,0.051447999,1084214116
2021-03-26,0.051433001,0.054028001,0.051330999,0.053952001,0.053952001,776280028
2021-03-27,0.053939998,0.055435002,0.053528,0.054377001,0.054377001,753844053
2021-03-28,0.054381002,0.054752,0.053013001,0.053698,0.053698,460472975
2021-03-29,0.053677998,0.054651,0.053174999,0.054051999,0.054051999,537919140
2021-03-30,0.054051999,0.055434,0.053697001,0.0539,0.0539,728906171
2021-03-31,0.053902,0.054467998,0.052269001,0.053656999,0.053656999,653389282
2021-04-01,0.053654999,0.070110999,0.053644001,0.061985999,0.061985999,5816046822
2021-04-02,0.061967999,0.062249001,0.057333,0.057663999,0.057663999,2166925111
2021-04-03,0.057658002,0.059484001,0.055803999,0.055803999,0.055803999,1136931403
2021-04-04,0.055776,0.058107,0.055295002,0.057404,0.057404,938035097
2021-04-05,0.057411,0.060153,0.056435,0.059696,0.059696,1513832721
2021-04-06,0.059689,0.065049998,0.058093999,0.064457998,0.064457998,2608613912
2021-04-07,0.064453997,0.067299001,0.057641,0.059028,0.059028,2857060849
2021-04-08,0.059036002,0.061744999,0.058816999,0.061464,0.061464,1055257541
2021-04-09,0.061462998,0.06391,0.060295999,0.061684001,0.061684001,1060465774
2021-04-10,0.061590999,0.065067999,0.060818002,0.063845001,0.063845001,1369793118
2021-04-11,0.063749,0.079242997,0.063203,0.074648999,0.074648999,6646627317
2021-04-12,0.074543998,0.074986003,0.068889,0.070767,0.070767,2687720380
2021-04-13,0.070678003,0.095181003,0.070678003,0.093445003,0.093445003,7176815090
2021-04-14,0.094255999,0.14251,0.092451997,0.121517,0.121517,20977679327
2021-04-15,0.121167,0.187326,0.120736,0.182207,0.182207,17916620386
2021-04-16,0.181587,0.4377,0.18048801,0.36587,0.36587,69410680685
2021-04-17,0.36609799,0.374455,0.236524,0.28417301,0.28417301,31413404067
2021-04-18,0.28510499,0.34991801,0.24643999,0.32047501,0.32047501,23464350388
2021-04-19,0.32046601,0.43175101,0.30908,0.407318,0.407318,30641432779
2021-04-20,0.40843499,0.42234701,0.27161801,0.3195,0.3195,28130646191
2021-04-21,0.316953,0.346966,0.29703599,0.306925,0.306925,12723463706
2021-04-22,0.30599001,0.30875701,0.25627601,0.26096699,0.26096699,11879823706
2021-04-23,0.26102301,0.26837799,0.16366901,0.248509,0.248509,16165566164
2021-04-24,0.24954399,0.28939,0.229891,0.27021199,0.27021199,11057578568
2021-04-25,0.26978901,0.288771,0.226301,0.251111,0.251111,6849914675
2021-04-26,0.25123999,0.28045201,0.248026,0.27067399,0.27067399,5118886527
2021-04-27,0.27142701,0.27962899,0.26492801,0.27218801,0.27218801,3590611310
2021-04-28,0.272273,0.34466201,0.25623101,0.32368201,0.32368201,14464343767
2021-04-29,0.323232,0.323881,0.296904,0.30516899,0.30516899,5027354503
2021-04-30,0.30470201,0.339757,0.30298099,0.33756101,0.33756101,5290390982
2021-05-01,0.33755901,0.39713499,0.32828999,0.39298701,0.39298701,10123343703
2021-05-02,0.391087,0.400029,0.36487401,0.376046,0.376046,8040406918
2021-05-03,0.373631,0.44556701,0.373631,0.44170699,0.44170699,10526649978
2021-05-04,0.440274,0.60599798,0.40079999,0.54133397,0.54133397,38238126181
2021-05-05,0.53735501,0.69526201,0.52382201,0.65763301,0.65763301,42525098292
2021-05-06,0.65284199,0.663616,0.545102,0.58080399,0.58080399,18989900291
2021-05-07,0.58111,0.73197198,0.52017403,0.68477702,0.68477702,28615083657
2021-05-08,0.687801,0.73756701,0.60816801,0.63643903,0.63643903,25555125135
2021-05-09,0.63581997,0.69762498,0.425706,0.57007003,0.57007003,46138063928
2021-05-10,0.56968701,0.56968701,0.42129099,0.44996399,0.44996399,16514521828
2021-05-11,0.450488,0.54665101,0.445034,0.495231,0.495231,14566975476
2021-05-12,0.49374199,0.51997501,0.38537601,0.38537601,0.38537601,8621337859
2021-05-13,0.392176,0.51946098,0.35717499,0.490374,0.490374,18663174069
2021-05-14,0.48706999,0.58969003,0.46462199,0.55960399,0.55960399,20466177002
2021-05-15,0.559668,0.56267601,0.491299,0.507972,0.507972,9836892944
2021-05-16,0.50791001,0.548145,0.45102301,0.51489502,0.51489502,9541552064
2021-05-17,0.51341301,0.515221,0.45855099,0.487892,0.487892,7330830504
2021-05-18,0.486954,0.51559901,0.470384,0.47611499,0.47611499,4802902841
2021-05-19,0.47643501,0.684735,0.21826699,0.333123,0.333123,15072620946
2021-05-20,0.33025199,0.43319201,0.296253,0.40019399,0.40019399,12415484460
2021-05-21,0.39812401,0.411975,0.31476599,0.359382,0.359382,7452862203
2021-05-22,0.35871699,0.360517,0.318169,0.34237099,0.34237099,5243222352
2021-05-23,0.342522,0.35086301,0.249437,0.30807099,0.30807099,7143545371
2021-05-24,0.30671501,0.37148499,0.29629099,0.366162,0.366162,6821088755
2021-05-25,0.366041,0.38001001,0.323497,0.346302,0.346302,5544552739
2021-05-26,0.346396,0.36592001,0.338857,0.35369301,0.35369301,3355793260
2021-05-27,0.35346299,0.35346299,0.32814401,0.33294499,0.33294499,2485942309
2021-05-28,0.33365101,0.34787899,0.30151799,0.311205,0.311205,3289455640
2021-05-29,0.311398,0.31791899,0.281793,0.30311,0.30311,2470710737
2021-05-30,0.30296901,0.31032401,0.28768,0.30222401,0.30222401,1929947933
2021-05-31,0.30194899,0.32916301,0.29433,0.32580999,0.32580999,2440829325
2021-06-01,0.325744,0.38307899,0.31235999,0.37007701,0.37007701,5796031087
2021-06-02,0.37030199,0.44459,0.352588,0.423374,0.423374,11425588479
2021-06-03,0.42373899,0.440763,0.37881899,0.39996299,0.39996299,6809900030
2021-06-04,0.40098199,0.40098199,0.35144201,0.37632301,0.37632301,5889983048
2021-06-05,0.37675199,0.393886,0.360488,0.372177,0.372177,3464039041
2021-06-06,0.371676,0.376798,0.36725399,0.37180701,0.37180701,1836611411
2021-06-07,0.371566,0.37967801,0.329806,0.33105001,0.33105001,3043974994
2021-06-08,0.33182201,0.34143499,0.29666001,0.327687,0.327687,3918487504
2021-06-09,0.32642299,0.353762,0.313131,0.34333101,0.34333101,3154332929
2021-06-10,0.343339,0.344529,0.32327801,0.32635099,0.32635099,2114010549
2021-06-11,0.32636401,0.33322299,0.31150201,0.319359,0.319359,1834446577
2021-06-12,0.31889299,0.319332,0.30180401,0.31208399,0.31208399,1605633791
2021-06-13,0.31248501,0.330026,0.30789199,0.32438201,0.32438201,1484851447
2021-06-14,0.32390299,0.336927,0.32008699,0.33208501,0.33208501,1613812023
2021-06-15,0.326785,0.330495,0.31697601,0.328381,0.328381,1687965230
2021-06-16,0.32037801,0.32139301,0.30548501,0.30776101,0.30776101,1391720788
2021-06-17,0.307749,0.31401101,0.303316,0.30649599,0.30649599,1120766442
2021-06-18,0.30642799,0.30775201,0.28048101,0.29347199,0.29347199,1846213589
2021-06-19,0.29364899,0.29780301,0.28618899,0.28735599,0.28735599,1003248258
2021-06-20,0.286394,0.289727,0.25646701,0.2809,0.2809,1963503800
2021-06-21,0.28066,0.280889,0.166491,0.178691,0.178691,5640232167
2021-06-22,0.178682,0.216122,0.164654,0.19103099,0.19103099,5992850344
2021-06-23,0.190671,0.24710999,0.180979,0.23217399,0.23217399,5098674891
2021-06-24,0.23497,0.26868999,0.222527,0.26278201,0.26278201,3844648059
2021-06-25,0.26348001,0.28914499,0.23000599,0.239153,0.239153,5542163262
2021-06-26,0.237673,0.25512701,0.23097201,0.244784,0.244784,2649457302
2021-06-27,0.24604499,0.266891,0.240894,0.26445001,0.26445001,2167521670
2021-06-28,0.264918,0.26698199,0.25076199,0.25685701,0.25685701,1932994784
2021-06-29,0.257061,0.27494001,0.25298801,0.26276901,0.26276901,2192562738
2021-06-30,0.26341701,0.263538,0.238268,0.254215,0.254215,2047763830
2021-07-01,0.25382799,0.26009199,0.238677,0.24454901,0.24454901,2463946548
2021-07-02,0.243982,0.247997,0.238848,0.24526399,0.24526399,1321470954
2021-07-03,0.245106,0.25021401,0.24245401,0.246411,0.246411,917015819
2021-07-04,0.246425,0.25256699,0.243425,0.246483,0.246483,973511519
2021-07-05,0.246419,0.246419,0.22783799,0.23161399,0.23161399,1267949362
2021-07-06,0.231216,0.24191,0.22984201,0.234422,0.234422,1265920169
2021-07-07,0.234301,0.23785099,0.22257601,0.224126,0.224126,1148903688
2021-07-08,0.224383,0.22493,0.202987,0.207597,0.207597,1789637577
2021-07-09,0.207073,0.229139,0.19660699,0.219864,0.219864,3045790264
2021-07-10,0.219846,0.227681,0.21074501,0.21392,0.21392,1264519098
2021-07-11,0.21388701,0.21874499,0.210931,0.215856,0.215856,719870047
2021-07-12,0.21601,0.21896499,0.20450599,0.208048,0.208048,973602708
2021-07-13,0.208009,0.20806199,0.198163,0.200003,0.200003,1035890377
2021-07-14,0.19997799,0.204483,0.18775199,0.19732399,0.19732399,1319171299
2021-07-15,0.197749,0.20084,0.180786,0.18488801,0.18488801,1044558931
2021-07-16,0.185238,0.18832199,0.17161199,0.172345,0.172345,1144730187
2021-07-17,0.17211799,0.204937,0.16923,0.186125,0.186125,2393120423
2021-07-18,0.186841,0.195788,0.180886,0.18223301,0.18223301,1424484163
2021-07-19,0.18181799,0.18395001,0.17071199,0.173556,0.173556,1084816777
2021-07-20,0.17376301,0.178895,0.16072799,0.170801,0.170801,1809479230
2021-07-21,0.170527,0.21421,0.16871899,0.190349,0.190349,4433688120
2021-07-22,0.19047999,0.196404,0.186664,0.191303,0.191303,1629442360
2021-07-23,0.191359,0.199531,0.18354,0.194764,0.194764,1447257649
2021-07-24,0.194823,0.20436899,0.19134399,0.197319,0.197319,1695867808
2021-07-25,0.197173,0.200451,0.191697,0.197864,0.197864,1256116971
2021-07-26,0.19802999,0.232767,0.197063,0.204419,0.204419,4863225852
2021-07-27,0.20383599,0.20929299,0.19535001,0.205899,0.205899,2229903212
2021-07-28,0.206111,0.213746,0.202011,0.205392,0.205392,2076707890
2021-07-29,0.20559099,0.20635501,0.200716,0.20461901,0.20461901,1169322798
2021-07-30,0.20502301,0.21064299,0.19653501,0.208821,0.208821,1523981522
2021-07-31,0.208638,0.21434499,0.204897,0.208314,0.208314,1349212924
2021-08-01,0.207753,0.217611,0.201389,0.204437,0.204437,1711494501
2021-08-02,0.20427901,0.209959,0.202188,0.2036,0.2036,1181469976
2021-08-03,0.203431,0.20507701,0.19374999,0.195967,0.195967,1121632377
2021-08-04,0.196312,0.20310999,0.19445001,0.20149,0.20149,1095300718
2021-08-05,0.201575,0.20251299,0.194685,0.200974,0.200974,1139204754
2021-08-06,0.20096,0.21175601,0.198617,0.204688,0.204688,1332579279
2021-08-07,0.20484599,0.26199001,0.20377199,0.26034099,0.26034099,6343062404
2021-08-08,0.26195601,0.28137901,0.235348,0.240045,0.240045,6984782653
2021-08-09,0.24012201,0.266265,0.23141,0.256897,0.256897,4607903346
2021-08-10,0.25636601,0.26279101,0.245352,0.25732499,0.25732499,3424415504
2021-08-11,0.257424,0.282482,0.25638199,0.26526299,0.26526299,4732068476
2021-08-12,0.264853,0.29414201,0.25277501,0.26392099,0.26392099,5264857508
2021-08-13,0.264249,0.28718799,0.26190701,0.28680801,0.28680801,3565092106
2021-08-14,0.28680101,0.29845601,0.277154,0.29311299,0.29311299,4677579997
2021-08-15,0.29408601,0.34872201,0.287063,0.34144101,0.34144101,8046171669
2021-08-16,0.34016499,0.35095301,0.310828,0.32071501,0.32071501,6681324187
2021-08-17,0.31963101,0.33946201,0.29576299,0.29944199,0.29944199,5699700481
2021-08-18,0.29920301,0.32422701,0.28201601,0.30373901,0.30373901,6347995770
2021-08-19,0.30337599,0.31901801,0.29408801,0.31714401,0.31714401,3760495939
2021-08-20,0.31757101,0.33322299,0.31414199,0.32749099,0.32749099,3512291078
2021-08-21,0.32739499,0.32935601,0.315433,0.31679699,0.31679699,2600396651
2021-08-22,0.317085,0.32154101,0.306546,0.31496301,0.31496301,2237836352
2021-08-23,0.314926,0.32809401,0.31336799,0.31791401,0.31791401,2836628655
2021-08-24,0.31838599,0.31975701,0.27777699,0.288739,0.288739,3143768703
2021-08-25,0.28921801,0.29681501,0.27999499,0.29222599,0.29222599,2518743227
2021-08-26,0.29279399,0.296002,0.265313,0.26890901,0.26890901,2410285454
2021-08-27,0.268819,0.29484501,0.26539201,0.294433,0.294433,2382150423
2021-08-28,0.294631,0.29916999,0.28327301,0.285629,0.285629,1534807298
2021-08-29,0.28586301,0.29166299,0.277486,0.28112501,0.28112501,1473623363
2021-08-30,0.28123301,0.28955901,0.27037501,0.27212501,0.27212501,1748987269
2021-08-31,0.271878,0.28581899,0.27004701,0.27845299,0.27845299,1745967018
2021-09-01,0.27806199,0.294889,0.27352601,0.29440099,0.29440099,1937809622
2021-09-02,0.294393,0.30922699,0.29201001,0.295955,0.295955,2981069411
2021-09-03,0.294754,0.30449399,0.28854099,0.29627299,0.29627299,2384046931
2021-09-04,0.29606801,0.30873099,0.29334199,0.29938799,0.29938799,2263193245
2021-09-05,0.29932401,0.315009,0.29658201,0.314527,0.314527,2393033527
2021-09-06,0.31431499,0.31975099,0.30045101,0.30876499,0.30876499,2611846129
2021-09-07,0.30895099,0.31103,0.216527,0.25374401,0.25374401,5653327525
2021-09-08,0.25426599,0.26328999,0.234864,0.25711301,0.25711301,3226346052
2021-09-09,0.25036201,0.25955799,0.24927001,0.25259599,0.25259599,1763183557
2021-09-10,0.25258499,0.26162201,0.235909,0.23998199,0.23998199,1840815800
2021-09-11,0.23982599,0.248018,0.23848701,0.241432,0.241432,1196337689
2021-09-12,0.241329,0.254794,0.239233,0.250617,0.250617,1419288866
2021-09-13,0.250624,0.252031,0.228911,0.235906,0.235906,1759116002
2021-09-14,0.236063,0.241678,0.233962,0.24070901,0.24070901,967948743
2021-09-15,0.24059001,0.248322,0.239215,0.247697,0.247697,980188820
2021-09-16,0.24754199,0.247733,0.233852,0.24255501,0.24255501,1140048496
2021-09-17,0.242098,0.25953501,0.23802599,0.23993,0.23993,2246768047
2021-09-18,0.23992801,0.247328,0.23822799,0.241386,0.241386,999151515
2021-09-19,0.241281,0.241285,0.231337,0.233142,0.233142,892763953
2021-09-20,0.233161,0.233606,0.200022,0.20707101,0.20707101,2244003542
2021-09-21,0.208773,0.21809401,0.19816101,0.20102701,0.20102701,1766963639
2021-09-22,0.200822,0.229423,0.200224,0.224858,0.224858,2016471206
2021-09-23,0.224748,0.22709499,0.218115,0.224832,0.224832,1169581249
2021-09-24,0.22472601,0.228267,0.19772001,0.209451,0.209451,1883155313
2021-09-25,0.20934799,0.212604,0.20487501,0.20863999,0.20863999,1067132277
2021-09-26,0.20873,0.209068,0.194489,0.204962,0.204962,1147321467
2021-09-27,0.20524099,0.209281,0.200078,0.200262,0.200262,838297166
2021-09-28,0.200001,0.20257901,0.19635201,0.196804,0.196804,866301240
2021-09-29,0.19698,0.204144,0.195042,0.19887599,0.19887599,926737135
2021-09-30,0.198869,0.205806,0.197855,0.204244,0.204244,916819792
2021-10-01,0.204427,0.22460701,0.201994,0.22301,0.22301,1435469263
2021-10-02,0.22274099,0.22495501,0.21549299,0.219133,0.219133,1166058975
2021-10-03,0.21881101,0.226228,0.215872,0.22174799,0.22174799,1070267896
2021-10-04,0.22193,0.247924,0.213284,0.240852,0.240852,3684051106
2021-10-05,0.24123999,0.26778701,0.233588,0.25201601,0.25201601,4628329381
2021-10-06,0.25200799,0.27150899,0.24309599,0.25513399,0.25513399,4659725421
2021-10-07,0.25433999,0.25673899,0.239127,0.24292301,0.24292301,2936116763
2021-10-08,0.24302299,0.25476399,0.24169201,0.24385101,0.24385101,1952117191
2021-10-09,0.243495,0.251966,0.24175701,0.24659599,0.24659599,1484990033
2021-10-10,0.246572,0.24866299,0.22785801,0.22980499,0.22980499,1466060853
2021-10-11,0.22945,0.239381,0.225521,0.23150299,0.23150299,1463611233
2021-10-12,0.231525,0.231718,0.216447,0.22624201,0.22624201,1881102059
2021-10-13,0.226175,0.233943,0.22106101,0.232572,0.232572,1457486924
2021-10-14,0.23256101,0.23988,0.231497,0.232273,0.232273,1337117776
2021-10-15,0.23264401,0.243469,0.22575,0.23378199,0.23378199,1837803539
2021-10-16,0.233881,0.24444699,0.233683,0.23729201,0.23729201,1541850812
2021-10-17,0.237193,0.241973,0.22638001,0.23789801,0.23789801,1397143121
2021-10-18,0.23780601,0.27139401,0.237488,0.247281,0.247281,5003365533
2021-10-19,0.24737801,0.25461099,0.240651,0.24578799,0.24578799,1675967829
2021-10-20,0.245502,0.26155499,0.242384,0.25409299,0.25409299,1853058770
2021-10-21,0.25479299,0.258261,0.242273,0.24239101,0.24239101,1742570934
2021-10-22,0.242479,0.252772,0.236472,0.244221,0.244221,1829875043
2021-10-23,0.244514,0.25314,0.24158899,0.25173301,0.25173301,1502684867
2021-10-24,0.251432,0.28193501,0.24602801,0.27704799,0.27704799,5278760541
2021-10-25,0.275745,0.27947199,0.26021999,0.264707,0.264707,3364560707
2021-10-26,0.26478299,0.274317,0.253721,0.255732,0.255732,2513384162
2021-10-27,0.25583601,0.26331699,0.220328,0.23769,0.23769,5022822846
2021-10-28,0.237381,0.33884299,0.233334,0.30044699,0.30044699,20359592492
2021-10-29,0.29996401,0.30631199,0.279771,0.287853,0.287853,5866664030
2021-10-30,0.28776401,0.29464701,0.25988799,0.268345,0.268345,3637334331
2021-10-31,0.26923901,0.28470701,0.25261399,0.28024399,0.28024399,4224104205
2021-11-01,0.280123,0.28555101,0.26408899,0.27172801,0.27172801,2784956027
2021-11-02,0.27189201,0.28068599,0.26759699,0.273121,0.273121,2336414476
2021-11-03,0.27350399,0.27710399,0.26397899,0.269407,0.269407,2091380862
2021-11-04,0.26911199,0.27086499,0.254711,0.26328,0.26328,1902957818
2021-11-05,0.26365501,0.270789,0.25788799,0.26146501,0.26146501,1559898586
2021-11-06,0.261264,0.26769701,0.250521,0.26189801,0.26189801,1353526462
2021-11-07,0.261971,0.269849,0.25896701,0.26631501,0.26631501,1155873526
2021-11-08,0.26672801,0.29653201,0.264918,0.282359,0.282359,4093381450
2021-11-09,0.28253901,0.28966799,0.271752,0.27352601,0.27352601,2353452396
2021-11-10,0.273597,0.27698901,0.23803,0.25570899,0.25570899,2820521435
2021-11-11,0.255705,0.26996499,0.25328299,0.26116699,0.26116699,1628781435
2021-11-12,0.26093701,0.268437,0.249457,0.25941399,0.25941399,1563007446
2021-11-13,0.25961801,0.26225099,0.25454,0.26170599,0.26170599,923837904
2021-11-14,0.26159099,0.27125701,0.26027501,0.26291201,0.26291201,1264556615
2021-11-15,0.26287001,0.26517001,0.256367,0.256529,0.256529,1028469310
2021-11-16,0.257094,0.257094,0.226394,0.237249,0.237249,2248804980
2021-11-17,0.23701,0.240906,0.232859,0.237487,0.237487,1543405154
2021-11-18,0.237556,0.241091,0.21609899,0.22138301,0.22138301,1860661769
2021-11-19,0.22099499,0.23683199,0.216518,0.23311,0.23311,1296123511
2021-11-20,0.233174,0.235953,0.22545099,0.233024,0.233024,805305660
2021-11-21,0.233255,0.23334999,0.22567999,0.226328,0.226328,751789838
2021-11-22,0.22616,0.227531,0.21689799,0.219676,0.219676,921753721
2021-11-23,0.219666,0.236201,0.21456601,0.226512,0.226512,1907278849
2021-11-24,0.22668,0.23024499,0.211836,0.221825,0.221825,1957665360
2021-11-25,0.217132,0.22881,0.21431699,0.216326,0.216326,1344826632
2021-11-26,0.221047,0.22175901,0.19034401,0.20088699,0.20088699,2231733479
2021-11-27,0.20142899,0.209613,0.20087101,0.205347,0.205347,917785649
2021-11-28,0.205295,0.207472,0.193064,0.207472,0.207472,1027555437
2021-11-29,0.207444,0.223692,0.203252,0.215175,0.215175,1869737827
2021-11-30,0.215111,0.22689,0.21325099,0.214715,0.214715,1897635999
2021-12-01,0.214487,0.21849599,0.20629799,0.20948701,0.20948701,988030934
2021-12-02,0.20947599,0.223011,0.202169,0.20972601,0.20972601,1879305770
2021-12-03,0.209463,0.211991,0.19327401,0.199993,0.199993,1260948451
2021-12-04,0.20035601,0.200562,0.132826,0.17885301,0.17885301,4388513696
2021-12-05,0.17826299,0.181133,0.162949,0.17125501,0.17125501,1645331135
2021-12-06,0.17138299,0.180527,0.159558,0.17839999,0.17839999,1896979202
2021-12-07,0.17837401,0.183539,0.175505,0.176805,0.176805,1085087124
2021-12-08,0.17660899,0.18216801,0.17263,0.179151,0.179151,1014713070
2021-12-09,0.17896099,0.18189,0.169484,0.169484,0.169484,1071039221
2021-12-10,0.169466,0.17461,0.164065,0.16442201,0.16442201,845450410
2021-12-11,0.164499,0.17008001,0.161817,0.169019,0.169019,692929162
2021-12-12,0.16890401,0.17289899,0.16589899,0.169891,0.169891,593132337
2021-12-13,0.16988,0.170615,0.151996,0.157565,0.157565,968464045
2021-12-14,0.157465,0.219632,0.15544701,0.18015701,0.18015701,6411471551
2021-12-15,0.191144,0.191144,0.171266,0.181082,0.181082,2466135011
2021-12-16,0.181171,0.18493301,0.172655,0.173454,0.173454,1057988990
2021-12-17,0.173381,0.176559,0.16226301,0.16901,0.16901,1026719015
2021-12-18,0.1691,0.17487399,0.166244,0.1724,0.1724,658993272
2021-12-19,0.17253301,0.17437799,0.16938201,0.169576,0.169576,541018118
2021-12-20,0.169523,0.17083301,0.161497,0.16732199,0.16732199,912233179
2021-12-21,0.167098,0.17234001,0.166108,0.171175,0.171175,621397179
2021-12-22,0.171129,0.17958499,0.170055,0.173214,0.173214,932537493
2021-12-23,0.173209,0.184522,0.17174,0.18449,0.18449,1184481683
2021-12-24,0.18497901,0.19529,0.17976101,0.18662199,0.18662199,1853415104
2021-12-25,0.186712,0.194876,0.185571,0.190657,0.190657,1010443046
2021-12-26,0.190567,0.192546,0.185646,0.19001999,0.19001999,650674078
2021-12-27,0.18998601,0.19292299,0.18723901,0.187705,0.187705,666773423
2021-12-28,0.187847,0.187885,0.172738,0.174117,0.174117,954075337
2021-12-29,0.174095,0.177339,0.16676,0.16776501,0.16776501,823628336
2021-12-30,0.168137,0.175771,0.165381,0.171313,0.171313,599236772
2021-12-31,0.171317,0.175294,0.167307,0.170496,0.170496,644416694
2022-01-01,0.17050999,0.17342301,0.170353,0.173035,0.173035,371336089
2022-01-02,0.17302699,0.175989,0.17120101,0.174403,0.174403,391041933
2022-01-03,0.17440601,0.17440601,0.16827101,0.17008799,0.17008799,505900382
2022-01-04,0.170151,0.17233901,0.168128,0.16880301,0.16880301,541922892
2022-01-05,0.168835,0.170747,0.151898,0.15942,0.15942,994086848
2022-01-06,0.159436,0.161706,0.15514199,0.16021299,0.16021299,715345645
2022-01-07,0.16020501,0.16029499,0.151299,0.15502299,0.15502299,969384523
2022-01-08,0.155031,0.15772501,0.147669,0.151954,0.151954,584437036
2022-01-09,0.151959,0.153742,0.149607,0.15106501,0.15106501,408786249
2022-01-10,0.15107299,0.152135,0.13984001,0.14335901,0.14335901,763684873
2022-01-11,0.143351,0.164621,0.142647,0.15339901,0.15339901,1628447666
2022-01-12,0.153458,0.161652,0.152095,0.161652,0.161652,896008600
2022-01-13,0.161562,0.17479201,0.161562,0.172043,0.172043,2301820074
2022-01-14,0.17205299,0.20323201,0.17128301,0.183549,0.183549,5784004926
2022-01-15,0.183644,0.1936,0.182676,0.185103,0.185103,1878282290
2022-01-16,0.185093,0.185093,0.175327,0.177176,0.177176,1102750171
2022-01-17,0.177187,0.177872,0.16689099,0.17114501,0.17114501,1094379303
2022-01-18,0.171086,0.17378999,0.16256499,0.16548499,0.16548499,979693368
2022-01-19,0.16548499,0.16864701,0.16012201,0.162356,0.162356,935006164
2022-01-20,0.16234601,0.168846,0.155176,0.155204,0.155204,469269658
2022-01-21,0.15526301,0.15715601,0.141496,0.14263999,0.14263999,1163061854
2022-01-22,0.14265101,0.145027,0.122816,0.132892,0.132892,1693524581
2022-01-23,0.13296001,0.14307199,0.132819,0.141863,0.141863,1006234946
2022-01-24,0.141881,0.14195099,0.12722,0.137798,0.137798,1446873574
2022-01-25,0.137784,0.147236,0.13323499,0.143049,0.143049,1347567750
2022-01-26,0.143014,0.152603,0.142152,0.14378899,0.14378899,1253108115
2022-01-27,0.143756,0.14500999,0.13694701,0.141247,0.141247,608707586
2022-01-28,0.14124399,0.14241301,0.13838001,0.141656,0.141656,506667466
2022-01-29,0.14164899,0.143984,0.14148,0.14305601,0.14305601,397610776
2022-01-30,0.143057,0.14351501,0.138754,0.13947099,0.13947099,363976741
2022-01-31,0.139469,0.14226399,0.13685299,0.14180499,0.14180499,412307174
2022-02-01,0.14180499,0.14412899,0.14112499,0.14263099,0.14263099,409432267
2022-02-02,0.142626,0.145253,0.13691799,0.137235,0.137235,483194691
2022-02-03,0.13721301,0.13874701,0.135565,0.137541,0.137541,383506507
2022-02-04,0.137523,0.14759199,0.13725001,0.147503,0.147503,580740990
2022-02-05,0.147533,0.15014,0.14541,0.14714099,0.14714099,587009429
2022-02-06,0.14714,0.15477499,0.14525799,0.15377,0.15377,757004142
2022-02-07,0.15380301,0.17158601,0.151741,0.16557799,0.16557799,1791358822
2022-02-08,0.16560601,0.169145,0.15370899,0.15840501,0.15840501,1190116000
2022-02-09,0.15835699,0.160704,0.155035,0.159123,0.159123,778670798
2022-02-10,0.159145,0.160437,0.15149701,0.151889,0.151889,1053630584
2022-02-11,0.151895,0.15406901,0.14334901,0.14484701,0.14484701,776730555
2022-02-12,0.14485601,0.14701299,0.14167801,0.14440501,0.14440501,602699408
2022-02-13,0.144379,0.157354,0.144031,0.148948,0.148948,1581065491
2022-02-14,0.14886899,0.150132,0.143649,0.14600299,0.14600299,898042727
2022-02-15,0.145996,0.152199,0.14520299,0.151761,0.151761,674961496
2022-02-16,0.151779,0.151824,0.146771,0.149095,0.149095,505588732
2022-02-17,0.14905,0.14988901,0.138071,0.138552,0.138552,721382126
2022-02-18,0.138594,0.142097,0.13696,0.138768,0.138768,563817289
2022-02-19,0.13876399,0.145906,0.138751,0.141206,0.141206,655782652
2022-02-20,0.141197,0.141197,0.13585199,0.136868,0.136868,490138547
2022-02-21,0.136838,0.14134499,0.12824599,0.12849,0.12849,913773124
2022-02-22,0.128488,0.131696,0.125365,0.13155299,0.13155299,711967119
2022-02-23,0.131561,0.135337,0.127846,0.127846,0.127846,587472906
2022-02-24,0.127821,0.12785099,0.109555,0.123813,0.123813,2046477370
2022-02-25,0.123843,0.128181,0.120983,0.12757599,0.12757599,805161073
2022-02-26,0.12756801,0.130071,0.12619901,0.127647,0.127647,535575654
2022-02-27,0.127639,0.128235,0.122053,0.123111,0.123111,592809151
2022-02-28,0.123118,0.134479,0.121954,0.133156,0.133156,765755924
2022-03-01,0.133174,0.13773,0.13046201,0.133938,0.133938,876604512
2022-03-02,0.133964,0.136214,0.13123199,0.13299,0.13299,709536320
2022-03-03,0.132998,0.13364901,0.12781,0.12961,0.12961,518193386
2022-03-04,0.129631,0.12985601,0.121544,0.122591,0.122591,650665594
2022-03-05,0.122614,0.125375,0.121572,0.124996,0.124996,334091552
2022-03-06,0.125025,0.12561101,0.120384,0.120766,0.120766,400458464
2022-03-07,0.120769,0.122563,0.115015,0.117105,0.117105,513014829
2022-03-08,0.117106,0.119724,0.115838,0.117029,0.117029,491414294
2022-03-09,0.117047,0.123734,0.116766,0.121588,0.121588,519157507
2022-03-10,0.121572,0.121612,0.115532,0.116885,0.116885,513641345
2022-03-11,0.116893,0.118293,0.11457,0.115602,0.115602,388727358
2022-03-12,0.115608,0.117239,0.115132,0.115136,0.115136,235277001
2022-03-13,0.11508,0.116231,0.110686,0.111608,0.111608,373430106
2022-03-14,0.111607,0.118967,0.110817,0.114048,0.114048,822092169
2022-03-15,0.114043,0.114213,0.110937,0.112784,0.112784,400614617
2022-03-16,0.112779,0.116908,0.112364,0.116908,0.116908,537170937
2022-03-17,0.116907,0.11871,0.116281,0.116502,0.116502,412838814
2022-03-18,0.11649,0.119375,0.114568,0.119306,0.119306,410862503
2022-03-19,0.119278,0.124573,0.11853,0.123569,0.123569,628081786
2022-03-20,0.123579,0.123919,0.117991,0.119154,0.119154,428111799
2022-03-21,0.119146,0.121332,0.118306,0.119339,0.119339,439486516
2022-03-22,0.119333,0.12535,0.119014,0.122481,0.122481,610507111
2022-03-23,0.122487,0.130713,0.121361,0.12972701,0.12972701,998922753
2022-03-24,0.129722,0.140605,0.128455,0.13654999,0.13654999,2017926806
2022-03-25,0.136603,0.137275,0.128782,0.13101301,0.13101301,882486375
2022-03-26,0.13101,0.13649499,0.129878,0.135868,0.135868,610401998
2022-03-27,0.13590001,0.144858,0.135703,0.144732,0.144732,1445019558
2022-03-28,0.14472499,0.15273701,0.14245699,0.142657,0.142657,1476875507
2022-03-29,0.142557,0.148559,0.14128999,0.14447001,0.14447001,961074557
2022-03-30,0.144456,0.144997,0.13988,0.14320999,0.14320999,884305263
2022-03-31,0.14318401,0.14722,0.137172,0.137826,0.137826,1055136949
2022-04-01,0.137922,0.14239401,0.133209,0.141315,0.141315,877530017
2022-04-02,0.14131001,0.144069,0.138882,0.13891301,0.13891301,682408266
2022-04-03,0.13890301,0.14855801,0.137088,0.14645299,0.14645299,1047399132
2022-04-04,0.146413,0.155312,0.14200801,0.148591,0.148591,2253509569
2022-04-05,0.148614,0.178045,0.147727,0.17290699,0.17290699,5230288678
2022-04-06,0.17248499,0.17349701,0.143291,0.143417,0.143417,3729047979
2022-04-07,0.14343201,0.148028,0.141312,0.146102,0.146102,1420790611
2022-04-08,0.146106,0.152716,0.141608,0.14254899,0.14254899,1683800631
2022-04-09,0.142544,0.144462,0.141416,0.14430299,0.14430299,523997409
2022-04-10,0.14430401,0.15697201,0.14386301,0.149535,0.149535,1931829669
2022-04-11,0.14937399,0.151292,0.133818,0.134654,0.134654,1515679359
2022-04-12,0.134652,0.144122,0.134243,0.13807601,0.13807601,1214105682
2022-04-13,0.13807,0.142608,0.13706701,0.14008,0.14008,890728707
2022-04-14,0.140053,0.146633,0.138101,0.14392,0.14392,1759067761
2022-04-15,0.14391699,0.149287,0.142767,0.146026,0.146026,1140382087
2022-04-16,0.146017,0.147811,0.142093,0.143712,0.143712,584019179
2022-04-17,0.143693,0.14470901,0.13899501,0.139459,0.139459,636442285
2022-04-18,0.13947099,0.140461,0.13438401,0.140286,0.140286,909718484
2022-04-19,0.140297,0.144141,0.13950001,0.142665,0.142665,679511647
2022-04-20,0.14267699,0.14624099,0.139595,0.14087801,0.14087801,1068542289
2022-04-21,0.14086799,0.14244799,0.13525499,0.136365,0.136365,740549793
2022-04-22,0.13635699,0.137908,0.134985,0.13639501,0.13639501,505251263
2022-04-23,0.13638701,0.13649499,0.13381,0.134241,0.134241,349740069
2022-04-24,0.134202,0.13469,0.131502,0.131947,0.131947,436620221
2022-04-25,0.131936,0.167735,0.123869,0.157959,0.157959,5177823685
2022-04-26,0.157777,0.165278,0.13742401,0.137767,0.137767,4529010503
2022-04-27,0.13784701,0.14540499,0.136272,0.1397,0.1397,1765370972
2022-04-28,0.139691,0.142618,0.136058,0.137363,0.137363,1105137506
2022-04-29,0.137376,0.14464299,0.13409901,0.13502701,0.13502701,1555397213
2022-04-30,0.135033,0.136528,0.126239,0.12755699,0.12755699,916612071
2022-05-01,0.127589,0.134821,0.127533,0.132773,0.132773,991710768
2022-05-02,0.13279399,0.133783,0.1283,0.13093799,0.13093799,769062732
2022-05-03,0.130935,0.131833,0.127399,0.12952,0.12952,555706527
2022-05-04,0.12951399,0.135809,0.12931301,0.135809,0.135809,838050627
2022-05-05,0.135813,0.13731299,0.126697,0.12842999,0.12842999,1258066467
2022-05-06,0.12840299,0.12930501,0.124566,0.127901,0.127901,839005988
2022-05-07,0.12789001,0.13191999,0.125365,0.12753201,0.12753201,746383231
2022-05-08,0.127527,0.12801699,0.123974,0.124207,0.124207,728953161
2022-05-09,0.1242,0.125136,0.104824,0.104824,0.104824,1353326367
2022-05-10,0.104708,0.117775,0.100881,0.108477,0.108477,1723066438
2022-05-11,0.108449,0.110565,0.080035999,0.084581003,0.084581003,2556008051
2022-05-12,0.084636003,0.089028001,0.070037,0.082671002,0.082671002,2631064083
2022-05-13,0.082639001,0.094254002,0.082370996,0.088330999,0.088330999,1444350618
2022-05-14,0.088340998,0.091597997,0.084482998,0.089795999,0.089795999,902479951
2022-05-15,0.089785002,0.092843004,0.086875997,0.092843004,0.092843004,651900826
2022-05-16,0.092867002,0.093061,0.086428002,0.087840997,0.087840997,606521740
2022-05-17,0.087835997,0.091112003,0.087484002,0.090213001,0.090213001,560800173
2022-05-18,0.090221003,0.090797,0.083649002,0.083649002,0.083649002,558257804
2022-05-19,0.083635002,0.087123998,0.082087003,0.086723,0.086723,613801947
2022-05-20,0.086718999,0.087750003,0.082859002,0.083976999,0.083976999,518556378
2022-05-21,0.083972,0.085110001,0.082932003,0.084463,0.084463,335246011
2022-05-22,0.084448002,0.086479999,0.084058002,0.086104997,0.086104997,375026021
2022-05-23,0.086084001,0.08811,0.082858004,0.083253004,0.083253004,507385171
2022-05-24,0.083267003,0.084316999,0.080811001,0.083636999,0.083636999,462415724
2022-05-25,0.083627999,0.084338002,0.082318999,0.082984999,0.082984999,419834752
2022-05-26,0.082993999,0.0836,0.076064996,0.078252003,0.078252003,711890873
2022-05-27,0.078211002,0.085383996,0.076582,0.081335001,0.081335001,1310057650
2022-05-28,0.082248002,0.083048001,0.081151001,0.081839003,0.081839003,535539620
2022-05-29,0.081837997,0.083034001,0.080298997,0.082686,0.082686,394962471
2022-05-30,0.082684003,0.088275,0.082268998,0.087871,0.087871,690696756
2022-05-31,0.087865002,0.088229999,0.083612002,0.085864998,0.085864998,672444588
2022-06-01,0.085855,0.088647,0.079806998,0.081055999,0.081055999,830748610
2022-06-02,0.081051998,0.083007,0.080417,0.082772002,0.082772002,434510607
2022-06-03,0.082777001,0.082856998,0.079755999,0.080441996,0.080441996,403339248
2022-06-04,0.080453999,0.082336999,0.079727001,0.081776999,0.081776999,350329772
2022-06-05,0.081776001,0.082138002,0.080835998,0.081229001,0.081229001,282624184
2022-06-06,0.081225,0.084559001,0.081125997,0.082529999,0.082529999,503707292
2022-06-07,0.082529999,0.082529999,0.078331999,0.080513,0.080513,509642725
2022-06-08,0.080491997,0.081419997,0.079155996,0.079438999,0.079438999,328046389
2022-06-09,0.079435997,0.080898002,0.079081997,0.079336002,0.079336002,274673852
2022-06-10,0.079334997,0.079521,0.074804001,0.075453997,0.075453997,431520761
2022-06-11,0.075471997,0.076398998,0.068595998,0.069894999,0.069894999,497184012
2022-06-12,0.069918998,0.070344999,0.063860998,0.064336002,0.064336002,708156957
2022-06-13,0.064274997,0.065701999,0.053002,0.053920999,0.053920999,1465281537
2022-06-14,0.053941,0.058154002,0.050267,0.055592,0.055592,908921329
2022-06-15,0.055576999,0.063472003,0.050670002,0.063000001,0.063000001,1122284662
2022-06-16,0.062977001,0.062977001,0.054508001,0.055029001,0.055029001,724479688
2022-06-17,0.055047002,0.057911001,0.054898001,0.056995001,0.056995001,383830484
2022-06-18,0.056979001,0.057755001,0.04972,0.053011999,0.053011999,652345943
2022-06-19,0.053006999,0.062472001,0.051307999,0.060396001,0.060396001,1166163984
2022-06-20,0.060399,0.061156999,0.057707001,0.060176998,0.060176998,499018791
2022-06-21,0.060175002,0.069324002,0.059315,0.065571003,0.065571003,1051899538
2022-06-22,0.065605998,0.065751001,0.061388999,0.061710998,0.061710998,633619298
2022-06-23,0.061703,0.064614996,0.061703,0.064032003,0.064032003,434169751
2022-06-24,0.064019002,0.068162002,0.064003997,0.067124002,0.067124002,514729444
2022-06-25,0.067110002,0.069112003,0.065384001,0.068503,0.068503,432671864
2022-06-26,0.068488002,0.076966003,0.067504004,0.073177002,0.073177002,883689355
2022-06-27,0.073154002,0.078388996,0.071018003,0.072238997,0.072238997,962250061
2022-06-28,0.072221003,0.072950996,0.065723002,0.065957002,0.065957002,534793983
2022-06-29,0.065995999,0.071335003,0.064635001,0.069467999,0.069467999,592828738
2022-06-30,0.069481,0.069513001,0.062746003,0.066086002,0.066086002,566648029
2022-07-01,0.066207998,0.067861997,0.064223997,0.066174999,0.066174999,472441458
2022-07-02,0.066205002,0.067691997,0.065932997,0.066698,0.066698,352589827
2022-07-03,0.066698,0.067355998,0.065110996,0.067179002,0.067179002,280878240
2022-07-04,0.067174003,0.069605,0.065926999,0.069472,0.069472,379581122
2022-07-05,0.069430999,0.069840997,0.065696999,0.067155004,0.067155004,403220687
2022-07-06,0.067171998,0.069058001,0.066448003,0.068582997,0.068582997,398926503
2022-07-07,0.068579003,0.071124002,0.068053,0.070620999,0.070620999,402591742
2022-07-08,0.070618004,0.073008999,0.068540998,0.069256999,0.069256999,444369733
2022-07-09,0.069224,0.070009001,0.068994999,0.069512002,0.069512002,254272147
2022-07-10,0.069509,0.069509,0.066532999,0.067263,0.067263,299810124
2022-07-11,0.067267999,0.067267999,0.061535001,0.061847001,0.061847001,326125900
2022-07-12,0.061850999,0.062861003,0.060086999,0.060086999,0.060086999,298462083
2022-07-13,0.060084999,0.062011,0.058398001,0.061953001,0.061953001,446505400
2022-07-14,0.061933,0.062632002,0.059741002,0.062394001,0.062394001,348090510
2022-07-15,0.062399998,0.064259,0.061747,0.063042,0.063042,374357844
2022-07-16,0.063037001,0.064724997,0.061870001,0.064280003,0.064280003,279644299
2022-07-17,0.064287998,0.065393999,0.063101001,0.063106999,0.063106999,249697026
2022-07-18,0.063114002,0.068673998,0.063114002,0.067714997,0.067714997,564795959
2022-07-19,0.06769,0.069899999,0.065752,0.069013,0.069013,552211168
2022-07-20,0.069014996,0.076573998,0.067928001,0.070119999,0.070119999,1019375521
2022-07-21,0.070124,0.070731997,0.067236997,0.069959998,0.069959998,492434239
2022-07-22,0.069969997,0.071269996,0.067002997,0.067562997,0.067562997,479456105
2022-07-23,0.067530997,0.069332004,0.066276997,0.068124004,0.068124004,427922351
2022-07-24,0.068116002,0.068853997,0.067589,0.067723997,0.067723997,369141492
2022-07-25,0.067716002,0.067879997,0.062306002,0.062306002,0.062306002,448572441
2022-07-26,0.062318999,0.062512003,0.060424998,0.062512003,0.062512003,416488015
2022-07-27,0.062514,0.067020997,0.061886001,0.067020997,0.067020997,499204589
2022-07-28,0.067031004,0.070577003,0.065591,0.069108002,0.069108002,650983024
2022-07-29,0.069104001,0.072003998,0.067548998,0.068908997,0.068908997,696887711
2022-07-30,0.068905003,0.073909998,0.068186,0.069643997,0.069643997,760571682
2022-07-31,0.069642,0.072028004,0.068053998,0.068272002,0.068272002,521194035
2022-08-01,0.068265997,0.070721,0.067186996,0.068724997,0.068724997,444088167
2022-08-02,0.068708003,0.068896003,0.065808997,0.066693999,0.066693999,336642237
2022-08-03,0.066692002,0.068319999,0.065516002,0.066195004,0.066195004,286819387
2022-08-04,0.066197,0.067501999,0.066007003,0.067357004,0.067357004,256457805
2022-08-05,0.067332998,0.070116997,0.067256004,0.069765002,0.069765002,336216727
2022-08-06,0.069766,0.070998996,0.068585999,0.068673998,0.068673998,277979112
2022-08-07,0.068668999,0.069899,0.067746997,0.068939999,0.068939999,204862521
2022-08-08,0.068945996,0.072058,0.068922997,0.070055,0.070055,399183407
2022-08-09,0.070060998,0.073886,0.068461999,0.069124997,0.069124997,611327142
2022-08-10,0.069118999,0.071309,0.067388996,0.071194999,0.071194999,431172729
2022-08-11,0.071204998,0.074646004,0.070726998,0.070929997,0.070929997,563908591
2022-08-12,0.070931002,0.072480001,0.070027001,0.072345003,0.072345003,320410367
2022-08-13,0.072343998,0.074859999,0.071951002,0.072839998,0.072839998,446287445
2022-08-14,0.072856002,0.084013,0.072754003,0.081687003,0.081687003,1530403447
2022-08-15,0.081698,0.081820004,0.075150996,0.076719999,0.076719999,855017472
2022-08-16,0.076695003,0.088638999,0.076393999,0.086963996,0.086963996,1947377918
2022-08-17,0.086933002,0.088113002,0.079926997,0.080154002,0.080154002,996272861
2022-08-18,0.080173999,0.082087003,0.074988998,0.075079001,0.075079001,621394159
2022-08-19,0.075044997,0.075182997,0.067535996,0.067938998,0.067938998,965543533
2022-08-20,0.067896999,0.070960999,0.067896999,0.069540001,0.069540001,537299425
2022-08-21,0.069528997,0.070646003,0.067846999,0.069448002,0.069448002,421455865
2022-08-22,0.069440998,0.069489002,0.065605998,0.068391003,0.068391003,453413439
2022-08-23,0.068395004,0.069169,0.067212999,0.068769999,0.068769999,335476543
2022-08-24,0.068770997,0.069415003,0.067298003,0.067989998,0.067989998,345474347
2022-08-25,0.067991003,0.071579002,0.067956999,0.069094002,0.069094002,469798193
2022-08-26,0.069081999,0.069296002,0.063253999,0.063571997,0.063571997,620512451
2022-08-27,0.063570999,0.064065002,0.062606998,0.063587002,0.063587002,380887727
2022-08-28,0.063557997,0.064268,0.061786,0.061786,0.061786,295086067
2022-08-29,0.061753001,0.063982002,0.061246,0.063887,0.063887,315005254
2022-08-30,0.063899003,0.064407997,0.060550001,0.061524998,0.061524998,328934727
2022-08-31,0.061533999,0.063332997,0.061058,0.061330002,0.061330002,309748693
2022-09-01,0.061336,0.062479001,0.060194001,0.062371999,0.062371999,328765413
2022-09-02,0.062371999,0.062711999,0.060947001,0.061634999,0.061634999,273453013
2022-09-03,0.061629001,0.063601002,0.061344001,0.062693998,0.062693998,297123402
2022-09-04,0.062697001,0.063713998,0.062066,0.063225999,0.063225999,250044436
2022-09-05,0.06323,0.063639998,0.061296999,0.062738001,0.062738001,231918999
2022-09-06,0.062749997,0.064641997,0.058651999,0.058983002,0.058983002,471485708
2022-09-07,0.058963999,0.061450001,0.057944,0.061104,0.061104,324781387
2022-09-08,0.061089002,0.061292998,0.059923001,0.060977001,0.060977001,268099702
2022-09-09,0.060973998,0.064622,0.060934,0.064018004,0.064018004,487988732
2022-09-10,0.064009003,0.065241002,0.063404001,0.064776003,0.064776003,413101249
2022-09-11,0.064770997,0.065187,0.06301,0.063713998,0.063713998,327741964
2022-09-12,0.063715003,0.065194003,0.062877998,0.063905001,0.063905001,383630739
2022-09-13,0.063902996,0.063980997,0.059524,0.060129002,0.060129002,461644993
2022-09-14,0.059717,0.061425,0.059542,0.061172999,0.061172999,369554274
2022-09-15,0.061168,0.061211001,0.058784999,0.058791,0.058791,327176374
2022-09-16,0.058791999,0.060423002,0.058453001,0.060423002,0.060423002,247011315
2022-09-17,0.060430001,0.062314998,0.06033,0.062210001,0.062210001,209604119
2022-09-18,0.062210001,0.062210001,0.057238001,0.057519998,0.057519998,265405124
2022-09-19,0.057519,0.058743998,0.05618,0.058612,0.058612,301268389
2022-09-20,0.058612,0.060261998,0.057737999,0.058417,0.058417,294929293
2022-09-21,0.058423001,0.060478002,0.056377999,0.057404,0.057404,406017754
2022-09-22,0.057386,0.059838001,0.056945,0.059599001,0.059599001,241738855
2022-09-23,0.059593,0.064032003,0.059565,0.063336,0.063336,704823247
2022-09-24,0.063332997,0.067973003,0.063028999,0.063234001,0.063234001,969527521
2022-09-25,0.063222997,0.063679002,0.060456999,0.061152,0.061152,367453955
2022-09-26,0.061167002,0.061797,0.060051002,0.061089002,0.061089002,323710024
2022-09-27,0.061083999,0.062931001,0.059927002,0.060609002,0.060609002,337427597
2022-09-28,0.060596999,0.061039001,0.058754001,0.060623001,0.060623001,277399298
2022-09-29,0.060624,0.061035998,0.059423,0.060727999,0.060727999,229157795
2022-09-30,0.060738001,0.062040001,0.059958,0.061652999,0.061652999,369084722
2022-10-01,0.061650001,0.062806003,0.060400002,0.060626999,0.060626999,347895211
2022-10-02,0.060628001,0.060908001,0.059128001,0.059287999,0.059287999,198168354
2022-10-03,0.059287,0.060467001,0.059078,0.060384002,0.060384002,195766522
2022-10-04,0.060380999,0.066252001,0.060040999,0.065962002,0.065962002,826424315
2022-10-05,0.065938003,0.066464998,0.062996998,0.064735003,0.064735003,606625264
2022-10-06,0.064740002,0.066618003,0.063222997,0.063444003,0.063444003,387962671
2022-10-07,0.063449003,0.063717,0.06157,0.062408999,0.062408999,299717356
2022-10-08,0.062414002,0.062576003,0.061381001,0.061678,0.061678,169254316
2022-10-09,0.061671998,0.062341999,0.061292,0.062155999,0.062155999,158280272
2022-10-10,0.062151,0.062469002,0.059512999,0.059512999,0.059512999,254559947
2022-10-11,0.059508,0.060653001,0.057886999,0.060258001,0.060258001,295967661
2022-10-12,0.060258999,0.060865998,0.05954,0.059881002,0.059881002,199133108
2022-10-13,0.059870999,0.060159001,0.055741001,0.059673999,0.059673999,466439562
2022-10-14,0.059666,0.060943,0.058315001,0.058642998,0.058642998,242691429
2022-10-15,0.058637999,0.059567001,0.058146,0.05858,0.05858,182208164
2022-10-16,0.058582999,0.059415001,0.058582999,0.058913998,0.058913998,162246280
2022-10-17,0.058913,0.060056999,0.058625001,0.059935,0.059935,174261450
2022-10-18,0.059935,0.060773,0.058752,0.059776001,0.059776001,239236218
2022-10-19,0.059779,0.060679998,0.058628,0.058713,0.058713,287297160
2022-10-20,0.058711,0.060237002,0.058449,0.059535999,0.059535999,241388629
2022-10-21,0.059526,0.059526,0.057418,0.059333999,0.059333999,224787600
2022-10-22,0.059337001,0.059845999,0.059184,0.059694,0.059694,159431212
2022-10-23,0.059682999,0.060378999,0.058927,0.060346998,0.060346998,182523575
2022-10-24,0.060341001,0.060814001,0.058858,0.059505999,0.059505999,226574582
2022-10-25,0.059502002,0.064048998,0.059227001,0.062881999,0.062881999,475512798
2022-10-26,0.062856004,0.073274001,0.062760003,0.072800003,0.072800003,1357027720
2022-10-27,0.072798997,0.084825002,0.072033003,0.077018,0.077018,2652784687
2022-10-28,0.077027999,0.087901004,0.072930001,0.083897002,0.083897002,3172500998
2022-10-29,0.083933003,0.14939199,0.083387002,0.121603,0.121603,12157642295
2022-10-30,0.121644,0.14165699,0.112892,0.117802,0.117802,7908593943
2022-10-31,0.117752,0.130245,0.115076,0.12702601,0.12702601,5814247122
2022-11-01,0.126985,0.157203,0.125177,0.142575,0.142575,7877293443
2022-11-02,0.142524,0.14739101,0.124067,0.12783,0.12783,4675647398
2022-11-03,0.127801,0.13598999,0.121411,0.122592,0.122592,2570574344
2022-11-04,0.122555,0.128599,0.116445,0.12627999,0.12627999,2957002544
2022-11-05,0.126279,0.13514499,0.123392,0.124388,0.124388,1907421740
2022-11-06,0.124382,0.126702,0.113634,0.114606,0.114606,1316810628
2022-11-07,0.114626,0.118577,0.108814,0.111299,0.111299,1337977256
2022-11-08,0.111278,0.112296,0.080654003,0.088409998,0.088409998,3545838435
2022-11-09,0.088404998,0.091095999,0.072108999,0.074288003,0.074288003,2807794508
2022-11-10,0.074295998,0.093255997,0.073734999,0.089789003,0.089789003,2421832556
2022-11-11,0.089778997,0.091865003,0.081396997,0.084885001,0.084885001,1305192050
2022-11-12,0.084909,0.093993999,0.079300001,0.088039003,0.088039003,1842469589
2022-11-13,0.088053003,0.091136999,0.083810002,0.084893003,0.084893003,949584216
2022-11-14,0.084926002,0.090774,0.080100998,0.085878998,0.085878998,1212678659
2022-11-15,0.085878998,0.088919997,0.085359998,0.086971,0.086971,640084422
2022-11-16,0.086963996,0.090659,0.083985999,0.085583001,0.085583001,712826081
2022-11-17,0.085593998,0.086953998,0.083177999,0.084765002,0.084765002,461654197
2022-11-18,0.084763996,0.086503997,0.083805002,0.084671997,0.084671997,337485766
2022-11-19,0.084671997,0.084904999,0.083387002,0.084581003,0.084581003,246661551
2022-11-20,0.084582001,0.085681997,0.077042997,0.077174,0.077174,499031478
2022-11-21,0.077174999,0.077188,0.072403997,0.074711002,0.074711002,660061266
2022-11-22,0.074708,0.078962997,0.073407002,0.078488,0.078488,556392479
2022-11-23,0.078500003,0.083127998,0.077965997,0.081785999,0.081785999,529744394
2022-11-24,0.081791997,0.083665997,0.080758996,0.081481002,0.081481002,360326829
2022-11-25,0.081468999,0.090989999,0.080936998,0.089474998,0.089474998,1022484210
2022-11-26,0.089465,0.094740003,0.088390999,0.088987999,0.088987999,902063657
2022-11-27,0.088978998,0.106433,0.088978998,0.098711997,0.098711997,1965264746
2022-11-28,0.098676004,0.099326998,0.091449,0.095122002,0.095122002,1375600313
2022-11-29,0.095131002,0.104712,0.094019003,0.101853,0.101853,1352427444
2022-11-30,0.101827,0.108942,0.100304,0.10686,0.10686,1388624554
2022-12-01,0.106857,0.107381,0.101071,0.101584,0.101584,891639200
2022-12-02,0.101594,0.10326,0.097639002,0.102148,0.102148,776013992
2022-12-03,0.10215,0.102823,0.098650999,0.099823996,0.099823996,632114946
2022-12-04,0.099811003,0.105264,0.099806003,0.104286,0.104286,759219556
2022-12-05,0.104252,0.111012,0.100063,0.101474,0.101474,1051327257
2022-12-06,0.10148,0.102627,0.098508,0.100278,0.100278,534648134
2022-12-07,0.100281,0.10095,0.095017001,0.095783003,0.095783003,622336382
2022-12-08,0.095784999,0.098874003,0.095367,0.098540001,0.098540001,492909327
2022-12-09,0.098537996,0.099086002,0.096000999,0.096662,0.096662,423432535
2022-12-10,0.096662998,0.097355999,0.096258,0.096456997,0.096456997,242190274
2022-12-11,0.096464001,0.097093001,0.092667997,0.092874996,0.092874996,300470314
2022-12-12,0.092872001,0.093005002,0.087288,0.090258002,0.090258002,749817261
2022-12-13,0.090255,0.094379999,0.087718002,0.090939999,0.090939999,766352149
2022-12-14,0.090957999,0.092239998,0.088243999,0.088514,0.088514,549320298
2022-12-15,0.088508002,0.088762,0.084418997,0.084721997,0.084721997,412364377
2022-12-16,0.084721997,0.086731002,0.075387999,0.075942002,0.075942002,699338853
2022-12-17,0.075943999,0.079374999,0.075893,0.079267003,0.079267003,495547979
2022-12-18,0.079262003,0.079865001,0.077919997,0.078640997,0.078640997,256971055
2022-12-19,0.078648001,0.079342,0.070913002,0.071428999,0.071428999,581773249
2022-12-20,0.071442001,0.075246997,0.071422003,0.074934997,0.074934997,438099132
2022-12-21,0.074932002,0.074964002,0.072010003,0.073679,0.073679,349830700
2022-12-22,0.073678002,0.077362001,0.073390998,0.076967001,0.076967001,593083646
2022-12-23,0.076961003,0.078638002,0.076742001,0.077128999,0.077128999,398842519
2022-12-24,0.077128001,0.077976003,0.076817997,0.077647999,0.077647999,165055617
2022-12-25,0.077632003,0.077643998,0.074229002,0.075952001,0.075952001,423876257
2022-12-26,0.075965002,0.076361001,0.074772,0.075782999,0.075782999,248935710
2022-12-27,0.075763002,0.076021999,0.073131002,0.073724002,0.073724002,290428818
2022-12-28,0.073726997,0.073821001,0.070051998,0.070381001,0.070381001,496350491
2022-12-29,0.070380002,0.071301997,0.069770999,0.071042001,0.071042001,285144119
2022-12-30,0.071032003,0.071308002,0.066953003,0.068403997,0.068403997,419889739
2022-12-31,0.068393998,0.071108997,0.068162002,0.070294,0.070294,289371049
2023-01-01,0.070286997,0.070684999,0.069288999,0.070225,0.070225,185279750
2023-01-02,0.070225,0.072479002,0.069357999,0.071454003,0.071454003,405800240
2023-01-03,0.071456,0.072196998,0.069774002,0.070468001,0.070468001,283398864
2023-01-04,0.070468001,0.073250003,0.070309997,0.073237002,0.073237002,343264145
2023-01-05,0.073233001,0.075026996,0.071400002,0.071549997,0.071549997,424927580
2023-01-06,0.071555004,0.072570004,0.070344001,0.072470002,0.072470002,306914647
2023-01-07,0.072469003,0.072843999,0.071875997,0.072222002,0.072222002,173703551
2023-01-08,0.072209999,0.073611997,0.071546003,0.073601,0.073601,246133445
2023-01-09,0.073592,0.079210997,0.073257998,0.075783998,0.075783998,853703837
2023-01-10,0.075769,0.077730998,0.074689999,0.077729002,0.077729002,492952309
2023-01-11,0.077734001,0.078180999,0.075177997,0.078152999,0.078152999,394318759
2023-01-12,0.079213999,0.080716997,0.076987997,0.080286004,0.080286004,706796194
2023-01-13,0.080283999,0.084916003,0.079184003,0.084438004,0.084438004,575039277
2023-01-14,0.084439002,0.091870002,0.084362,0.087323003,0.087323003,1101070507
2023-01-15,0.087334,0.087686002,0.083130002,0.086130999,0.086130999,501123418
2023-01-16,0.086126998,0.087903999,0.082308002,0.083636001,0.083636001,537067710
2023-01-17,0.083651997,0.084720001,0.082755998,0.082982004,0.082982004,366437449
2023-01-18,0.082978003,0.089458004,0.080173999,0.080191001,0.080191001,1094371447
2023-01-19,0.080170996,0.082052,0.080132,0.081660002,0.081660002,337970684
2023-01-20,0.081648998,0.086759999,0.080766998,0.086402997,0.086402997,444441989
2023-01-21,0.086407997,0.088706002,0.084761001,0.084765002,0.084765002,716057148
2023-01-22,0.084771,0.092891999,0.084771,0.088303998,0.088303998,794717541
2023-01-23,0.088310003,0.091150001,0.087327003,0.088605002,0.088605002,661273714
2023-01-24,0.088577002,0.090591997,0.083659999,0.083949998,0.083949998,559881331
2023-01-25,0.083966002,0.08788,0.082446001,0.086594,0.086594,542521010
2023-01-26,0.086568996,0.087357998,0.085548997,0.086373001,0.086373001,424196515
2023-01-27,0.086364999,0.087746002,0.084524997,0.087122999,0.087122999,400056534
2023-01-28,0.087123998,0.092969,0.087123998,0.087788001,0.087788001,642333816
2023-01-29,0.087783001,0.090859003,0.087544002,0.090232998,0.090232998,458157342
2023-01-30,0.090221003,0.091836996,0.085399002,0.088336997,0.088336997,787132771
2023-01-31,0.088329002,0.097335003,0.088329002,0.096166998,0.096166998,1542889216
2023-02-01,0.096156999,0.096598998,0.088752002,0.094171003,0.094171003,1110308356
2023-02-02,0.094145,0.095752999,0.090957001,0.090979002,0.090979002,776556390
2023-02-03,0.090984002,0.093208998,0.090667002,0.092987001,0.092987001,548668917
2023-02-04,0.092974998,0.099529997,0.092662998,0.095781997,0.095781997,1071858301
2023-02-05,0.095747001,0.096726,0.090966001,0.092095003,0.092095003,753364305
2023-02-06,0.092104003,0.093097001,0.089061998,0.089548998,0.089548998,488311044
2023-02-07,0.089537002,0.092634,0.089518003,0.092575997,0.092575997,512569389
2023-02-08,0.092564002,0.093138002,0.089169003,0.090155996,0.090155996,462925887
2023-02-09,0.090163,0.090758003,0.080172002,0.081479996,0.081479996,819008026
2023-02-10,0.081478998,0.082879998,0.080415003,0.081090003,0.081090003,516764147
2023-02-11,0.081065997,0.082514003,0.080788001,0.082372002,0.082372002,244141279
2023-02-12,0.082355,0.085418999,0.081742004,0.082144,0.082144,448723137
2023-02-13,0.082144,0.086204998,0.079977997,0.082156003,0.082156003,752090969
2023-02-14,0.082143001,0.083648004,0.081272997,0.083534002,0.083534002,427664094
2023-02-15,0.083535001,0.089354999,0.082832001,0.089290999,0.089290999,846713153
2023-02-16,0.089281,0.091261998,0.084965996,0.085043997,0.085043997,849757697
2023-02-17,0.085055001,0.088411003,0.084706999,0.087765999,0.087765999,447263733
2023-02-18,0.087759003,0.089822002,0.086974002,0.088927001,0.088927001,397918582
2023-02-19,0.088926002,0.089737996,0.086286001,0.086966,0.086966,505191212
2023-02-20,0.086994,0.088627003,0.085853003,0.088207997,0.088207997,449906814
2023-02-21,0.088223003,0.088707,0.084844999,0.085413001,0.085413001,483249308
2023-02-22,0.085418001,0.087463997,0.083253004,0.085533999,0.085533999,765182582
2023-02-23,0.085534997,0.086369,0.083931997,0.084292002,0.084292002,351385340
2023-02-24,0.084288001,0.084899999,0.079888999,0.080899999,0.080899999,449138535
2023-02-25,0.080914997,0.081779003,0.079057999,0.080785997,0.080785997,316321963
2023-02-26,0.080775999,0.082473002,0.080577001,0.082202002,0.082202002,218231642
2023-02-27,0.082202002,0.082202002,0.080204003,0.081354,0.081354,267030813
2023-02-28,0.081358999,0.082735002,0.080200002,0.080748998,0.080748998,370709700
2023-03-01,0.080761999,0.082563996,0.080545001,0.081964001,0.081964001,260501052
2023-03-02,0.081968002,0.082167,0.079859003,0.080519997,0.080519997,225493749
2023-03-03,0.080525003,0.080572002,0.074235,0.076777004,0.076777004,564252293
2023-03-04,0.076778002,0.077155001,0.073100001,0.074556001,0.074556001,267382234
2023-03-05,0.074565001,0.075916998,0.074414998,0.074795,0.074795,215772335
2023-03-06,0.074790001,0.075061001,0.073551998,0.074804999,0.074804999,274994083
2023-03-07,0.074804999,0.075829998,0.073030002,0.074047998,0.074047998,309277502
2023-03-08,0.074047998,0.074235,0.070767,0.07113,0.07113,321627782
2023-03-09,0.071131997,0.072203003,0.064627998,0.065986998,0.065986998,523758954
2023-03-10,0.065995999,0.066071004,0.063023001,0.065833002,0.065833002,475760293
2023-03-11,0.065833002,0.068195999,0.064447001,0.066593997,0.066593997,449044632
2023-03-12,0.066582002,0.071249999,0.066068999,0.071001001,0.071001001,375272678
2023-03-13,0.071000002,0.073725998,0.068513997,0.073040999,0.073040999,537268873
2023-03-14,0.073036,0.077639997,0.071777001,0.074786998,0.074786998,652033915
2023-03-15,0.074804999,0.076058,0.068140998,0.069866002,0.069866002,528466415
2023-03-16,0.069877997,0.073477,0.069254003,0.072718002,0.072718002,326147102
2023-03-17,0.072731003,0.077297002,0.071814001,0.076508999,0.076508999,485591017
2023-03-18,0.076509997,0.078763999,0.072945997,0.07305,0.07305,517840653
2023-03-19,0.073040999,0.076601997,0.073040999,0.074813001,0.074813001,338882489
2023-03-20,0.074807003,0.075608,0.071021996,0.071487002,0.071487002,409238948
2023-03-21,0.071491003,0.077477001,0.070862003,0.076894,0.076894,631254174
2023-03-22,0.076870002,0.077643,0.072134003,0.073999003,0.073999003,693511781
2023-03-23,0.073996,0.078933999,0.073294997,0.077412002,0.077412002,637122733
2023-03-24,0.077404,0.077490002,0.073388003,0.074680001,0.074680001,396748009
2023-03-25,0.074681997,0.075914003,0.072963998,0.074043997,0.074043997,286831067
2023-03-26,0.074055001,0.075375997,0.073720999,0.074417002,0.074417002,228916506
2023-03-27,0.074426003,0.075831003,0.071755998,0.072894998,0.072894998,435284210
2023-03-28,0.072898999,0.073925003,0.071937002,0.073822998,0.073822998,276514415
2023-03-29,0.073824003,0.076733001,0.073642001,0.075626999,0.075626999,423884022
2023-03-30,0.075641997,0.076641001,0.073683999,0.074244998,0.074244998,372289117
2023-03-31,0.074258998,0.077721998,0.073807999,0.077035002,0.077035002,378314248
2023-04-01,0.077024996,0.085279003,0.076144002,0.084050998,0.084050998,933070185
2023-04-02,0.081859,0.085279003,0.077848002,0.079089001,0.079089001,929778146
2023-04-03,0.079086997,0.10264,0.076632001,0.096078999,0.096078999,3497240136
2023-04-04,0.096083,0.102538,0.092871003,0.095159002,0.095159002,3096545498
2023-04-05,0.095168002,0.098939002,0.092083998,0.092817001,0.092817001,1529520651
2023-04-06,0.092822,0.092846997,0.085412003,0.085412003,0.085412003,1410995902
2023-04-07,0.085437998,0.086098,0.081891,0.082456,0.082456,858234171
2023-04-08,0.082442999,0.083825998,0.081035003,0.081404999,0.081404999,507929909
2023-04-09,0.081400998,0.083825,0.081354,0.083290003,0.083290003,454428407
2023-04-10,0.083296999,0.085271999,0.08247,0.084852003,0.084852003,473882914
2023-04-11,0.084850997,0.085709997,0.083898999,0.084237002,0.084237002,472611203
2023-04-12,0.084237002,0.084429003,0.081318997,0.083433002,0.083433002,540510658
2023-04-13,0.083428003,0.088381,0.083020002,0.087484002,0.087484002,810485328
2023-04-14,0.087485,0.091116004,0.085878998,0.088785,0.088785,1007326042
2023-04-15,0.088785,0.090447001,0.087653004,0.088973999,0.088973999,463978095
2023-04-16,0.088968001,0.091514997,0.088230997,0.090471998,0.090471998,594760862
2023-04-17,0.090481997,0.094595,0.088577002,0.091449,0.091449,1360494890
2023-04-18,0.091458,0.094494998,0.090085998,0.093989,0.093989,839983343
2023-04-19,0.093988001,0.094021,0.086848997,0.087867998,0.087867998,1277738666
2023-04-20,0.087857001,0.092972003,0.082998,0.083936997,0.083936997,1950918834
2023-04-21,0.083934002,0.084628999,0.077517003,0.078478999,0.078478999,853137910
2023-04-22,0.078482002,0.080918998,0.078313001,0.080375001,0.080375001,396888464
2023-04-23,0.08038,0.080628,0.077436998,0.078819998,0.078819998,365182428
2023-04-24,0.078818999,0.079972997,0.077569,0.078783996,0.078783996,392854009
2023-04-25,0.078782998,0.079925999,0.077756003,0.079847001,0.079847001,343833135
2023-04-26,0.079847999,0.083371997,0.076150998,0.078622997,0.078622997,722718207
2023-04-27,0.078638002,0.080949999,0.078527004,0.080190003,0.080190003,435944109
2023-04-28,0.080192998,0.080576003,0.079423003,0.080363996,0.080363996,258987983
2023-04-29,0.080366001,0.081845999,0.080302998,0.081629999,0.081629999,268639541
2023-04-30,0.081626996,0.081701003,0.079627998,0.079769,0.079769,264245527
2023-05-01,0.07976,0.079995997,0.077628002,0.078819998,0.078819998,325694977
2023-05-02,0.078822002,0.079044998,0.077831998,0.078805998,0.078805998,234651604
2023-05-03,0.078805998,0.080527,0.077327996,0.079713002,0.079713002,306950726
2023-05-04,0.079703003,0.079736002,0.078156002,0.078449003,0.078449003,255462655
2023-05-05,0.078451999,0.081292003,0.077909999,0.080389999,0.080389999,335482524
2023-05-06,0.080385,0.080385,0.076439001,0.076998003,0.076998003,341154511
2023-05-07,0.076986998,0.077496,0.076692998,0.076710001,0.076710001,205466114
2023-05-08,0.076696999,0.077106997,0.070946001,0.072472997,0.072472997,459549555
2023-05-09,0.072472997,0.073303998,0.072287999,0.073138997,0.073138997,249148363
2023-05-10,0.073142998,0.074607998,0.071319997,0.073225997,0.073225997,344464160
2023-05-11,0.073233001,0.073233001,0.069567002,0.072085001,0.072085001,325440313
2023-05-12,0.072076,0.072567001,0.069724001,0.072458997,0.072458997,365130285
2023-05-13,0.072461002,0.072461002,0.071473002,0.071777001,0.071777001,150685494
2023-05-14,0.071777999,0.072581999,0.071422003,0.071985997,0.071985997,136339325
2023-05-15,0.071980998,0.073440999,0.071198002,0.072045997,0.072045997,225262487
2023-05-16,0.072048999,0.073137999,0.071181998,0.072728999,0.072728999,191614182
2023-05-17,0.072729997,0.075308003,0.072466001,0.074910998,0.074910998,327166551
2023-05-18,0.074901998,0.074901998,0.071909003,0.073546,0.073546,308943184
2023-05-19,0.073535003,0.073955998,0.073161997,0.073527001,0.073527001,168839396
2023-05-20,0.073540002,0.073844001,0.073224999,0.07367,0.07367,115557983
2023-05-21,0.073665999,0.073978998,0.072081998,0.072141998,0.072141998,142232849
2023-05-22,0.072144002,0.073867999,0.071133003,0.072998002,0.072998002,210015266
2023-05-23,0.072999999,0.073881999,0.072572,0.072864003,0.072864003,160114643
2023-05-24,0.072866999,0.072875999,0.070061997,0.070735,0.070735,240278483
2023-05-25,0.070734002,0.070964999,0.069224,0.070874996,0.070874996,195452304
2023-05-26,0.070877001,0.071350001,0.070442997,0.070983998,0.070983998,162190615
2023-05-27,0.070982002,0.073287003,0.070914999,0.072682999,0.072682999,152865632
2023-05-28,0.072681002,0.073917001,0.072199002,0.073613003,0.073613003,190660985
2023-05-29,0.073615998,0.073918998,0.072830997,0.073184997,0.073184997,157791026
2023-05-30,0.073183,0.073383003,0.072274998,0.072361,0.072361,248138018
2023-05-31,0.072361998,0.072632998,0.070841998,0.071659997,0.071659997,189603858
2023-06-01,0.071662001,0.072118998,0.070882,0.071492001,0.071492001,163467169
2023-06-02,0.071489997,0.073197998,0.071167998,0.072612002,0.072612002,172034498
2023-06-03,0.072609998,0.072947003,0.072333999,0.072671004,0.072671004,112049190
2023-06-04,0.072672002,0.073250003,0.072466001,0.072471,0.072471,135558595
2023-06-05,0.072475001,0.072632,0.064828001,0.066573001,0.066573001,506101788
2023-06-06,0.066568002,0.071783997,0.066111997,0.070372999,0.070372999,428926152
2023-06-07,0.070371002,0.070371002,0.066877998,0.067299999,0.067299999,278793457
2023-06-08,0.067302004,0.068425998,0.067153998,0.067965999,0.067965999,167825308
2023-06-09,0.067962997,0.070919998,0.067625999,0.069489002,0.069489002,274101529
2023-06-10,0.069489002,0.070591003,0.058536001,0.061859999,0.061859999,975736541
2023-06-11,0.061861001,0.062514998,0.061303001,0.061586998,0.061586998,235910036
2023-06-12,0.061579,0.061634999,0.060403999,0.061459001,0.061459001,210832319
2023-06-13,0.061459001,0.062453002,0.060764,0.061723001,0.061723001,204620564
2023-06-14,0.061723001,0.062109001,0.058949001,0.060387,0.060387,248200812
2023-06-15,0.060389001,0.061825,0.059796002,0.061503001,0.061503001,218623835
2023-06-16,0.061503001,0.062629998,0.060952,0.062102001,0.062102001,198520116
2023-06-17,0.062105998,0.062822998,0.061834998,0.062217001,0.062217001,153965122
2023-06-18,0.062213998,0.063749,0.061604999,0.062167,0.062167,243548821
2023-06-19,0.062167,0.062697999,0.061696,0.062341001,0.062341001,149792820
2023-06-20,0.062343001,0.063056998,0.060911,0.063045003,0.063045003,190107977
2023-06-21,0.063045003,0.066469997,0.062964998,0.065704003,0.065704003,370299722
2023-06-22,0.065696001,0.069006003,0.065549999,0.065642998,0.065642998,406178282
2023-06-23,0.065640002,0.069663003,0.065534003,0.068173997,0.068173997,319058221
2023-06-24,0.068181001,0.068309002,0.065700002,0.066742003,0.066742003,276939973
2023-06-25,0.066739,0.067962997,0.066545002,0.066763997,0.066763997,191028870
2023-06-26,0.066753998,0.066785,0.063878998,0.064749002,0.064749002,266917426
2023-06-27,0.064746998,0.065742999,0.064553,0.065545,0.065545,212409649
2023-06-28,0.065549999,0.065564997,0.061584,0.062601998,0.062601998,274764095
2023-06-29,0.062593997,0.064028002,0.062550999,0.063406996,0.063406996,192396033
2023-06-30,0.063401997,0.066711999,0.062642999,0.066478997,0.066478997,489091093
2023-07-01,0.066481002,0.070789002,0.066468,0.068478003,0.068478003,635045706
2023-07-02,0.068479002,0.068907999,0.066720001,0.068038002,0.068038002,374040291
2023-07-03,0.068042003,0.068695001,0.067459002,0.068352997,0.068352997,265466622
2023-07-04,0.068347,0.071424,0.067919999,0.068940997,0.068940997,493149432
2023-07-05,0.068947002,0.069132,0.06594,0.067033,0.067033,313972996
2023-07-06,0.067024998,0.068475999,0.065004997,0.065026,0.065026,281014235
2023-07-07,0.065030001,0.065797001,0.064553,0.065425001,0.065425001,202607383
2023-07-08,0.065421,0.065957002,0.064971,0.065761,0.065761,148945060
2023-07-09,0.065761998,0.066294,0.065332003,0.065435,0.065435,146485995
2023-07-10,0.065436997,0.066032,0.064009003,0.065242998,0.065242998,258321415
2023-07-11,0.065246999,0.065454997,0.064519003,0.065287001,0.065287001,151465120
2023-07-12,0.065288,0.065569997,0.064000003,0.065071002,0.065071002,164499091
2023-07-13,0.065072998,0.071267001,0.064675003,0.070506997,0.070506997,625261655
2023-07-14,0.070499003,0.072731003,0.067198001,0.068529002,0.068529002,632033705
2023-07-15,0.068524003,0.074708,0.067975,0.071927004,0.071927004,883881437
2023-07-16,0.071929,0.072135001,0.069398999,0.069554001,0.069554001,389882289
2023-07-17,0.069558002,0.072751999,0.068255,0.069904998,0.069904998,464403123
2023-07-18,0.069900997,0.070257001,0.067743003,0.068582997,0.068582997,284882933
2023-07-19,0.068589002,0.071212001,0.068487003,0.070159003,0.070159003,418313611
2023-07-20,0.070147999,0.071021996,0.068487003,0.070515998,0.070515998,574227832
2023-07-21,0.070525996,0.076390997,0.070407003,0.073294997,0.073294997,762216251
2023-07-22,0.073294997,0.073294997,0.070081003,0.070432998,0.070432998,353000261
2023-07-23,0.070435002,0.072803997,0.070220001,0.071819,0.071819,287153173
2023-07-24,0.071811996,0.077221997,0.070556,0.074267998,0.074267998,1446707666
2023-07-25,0.074266002,0.083341002,0.073890001,0.081845,0.081845,1525713202
2023-07-26,0.081850998,0.082079999,0.077258997,0.077958003,0.077958003,846709085
2023-07-27,0.077964,0.079732999,0.076916002,0.077561997,0.077561997,515430911
2023-07-28,0.077561997,0.077781998,0.076200999,0.077321,0.077321,370256171
2023-07-29,0.077315003,0.081316002,0.077077001,0.080187999,0.080187999,466582431
2023-07-30,0.080190003,0.080439001,0.077039003,0.078061,0.078061,436209339
2023-07-31,0.078063004,0.079655997,0.077100001,0.077817999,0.077817999,346973531
2023-08-01,0.077823997,0.078167997,0.076043002,0.078042001,0.078042001,369078156
2023-08-02,0.078038,0.078194998,0.074100003,0.074212998,0.074212998,364508311
2023-08-03,0.074212,0.074892998,0.073053002,0.073615,0.073615,374949368
2023-08-04,0.073608004,0.074785002,0.072795004,0.073416002,0.073416002,307538917
2023-08-05,0.073417,0.076802999,0.072998002,0.075686,0.075686,443213361
2023-08-06,0.075681999,0.076292001,0.074199997,0.074266002,0.074266002,311182997
2023-08-07,0.074262001,0.075466,0.07237,0.073422,0.073422,346276669
2023-08-08,0.073425002,0.075383998,0.073210001,0.074986003,0.074986003,305594303
2023-08-09,0.074983999,0.076053999,0.074463002,0.075314,0.075314,347481441
2023-08-10,0.075319,0.076706,0.075158,0.075802997,0.075802997,341419517
2023-08-11,0.075805001,0.075983003,0.075167,0.075666003,0.075666003,222363416
2023-08-12,0.075671002,0.077150002,0.075602002,0.076742001,0.076742001,301476614
2023-08-13,0.076733001,0.076788999,0.074473001,0.074782997,0.074782997,271947904
2023-08-14,0.074781001,0.076413997,0.073951997,0.074731,0.074731,347333620
2023-08-15,0.074724004,0.074809,0.070511997,0.070863001,0.070863001,400240141
2023-08-16,0.070863999,0.071116,0.066807002,0.067183003,0.067183003,409310897
2023-08-17,0.067185,0.068250999,0.058340002,0.061184999,0.061184999,684430325
2023-08-18,0.061184,0.063653,0.060196001,0.063234001,0.063234001,488755203
2023-08-19,0.063236997,0.064383999,0.063208997,0.063758001,0.063758001,246572116
2023-08-20,0.063761003,0.064586997,0.063623004,0.063830003,0.063830003,208195392
2023-08-21,0.063830003,0.063991003,0.061365001,0.062528998,0.062528998,277361290
2023-08-22,0.062528998,0.063189,0.061074998,0.062599003,0.062599003,271392247
2023-08-23,0.062592998,0.064505003,0.062514,0.063777998,0.063777998,293273521
2023-08-24,0.063780002,0.064005002,0.062226001,0.063036002,0.063036002,210634657
2023-08-25,0.063038997,0.063093998,0.061898001,0.063083999,0.063083999,202977283
2023-08-26,0.063083999,0.063285999,0.062723003,0.062867999,0.062867999,127881732
2023-08-27,0.062867001,0.063532002,0.062757,0.063170999,0.063170999,141407750
2023-08-28,0.063174002,0.063547,0.062210999,0.063437998,0.063437998,169636026
2023-08-29,0.063433997,0.068065003,0.062541999,0.06639,0.06639,445903123
2023-08-30,0.066394001,0.066437997,0.064675003,0.065838002,0.065838002,260654192
2023-08-31,0.065840997,0.066919997,0.063084997,0.063785002,0.063785002,336593454
2023-09-01,0.063786998,0.064130001,0.062595002,0.063849002,0.063849002,238777563
2023-09-02,0.063855,0.064658001,0.062960997,0.063493997,0.063493997,208019339
2023-09-03,0.063499004,0.063731,0.062927999,0.063173003,0.063173003,163140788
2023-09-04,0.063173003,0.063722,0.062456999,0.063184999,0.063184999,181249918
2023-09-05,0.063185997,0.064217001,0.062908001,0.063992001,0.063992001,209934446
2023-09-06,0.063997,0.064490996,0.062825002,0.063612998,0.063612998,208287267
2023-09-07,0.063611999,0.063763,0.062857002,0.063579001,0.063579001,164667102
2023-09-08,0.063585997,0.063922003,0.062679999,0.063648999,0.063648999,162864062
2023-09-09,0.063647002,0.063817002,0.063327998,0.063405,0.063405,108500870
2023-09-10,0.063405,0.063405,0.060844999,0.061326999,0.061326999,240746565
2023-09-11,0.061324,0.061868999,0.059486002,0.060462002,0.060462002,259096660
2023-09-12,0.060463998,0.062086001,0.060447998,0.060950998,0.060950998,231017444
2023-09-13,0.06095,0.061583001,0.060640998,0.061280001,0.061280001,191695350
2023-09-14,0.061280001,0.062385999,0.061156001,0.062072001,0.062072001,189093769
2023-09-15,0.062073998,0.062873997,0.061515,0.062553003,0.062553003,155088363
2023-09-16,0.062550999,0.062884003,0.061930001,0.062148001,0.062148001,144247521
2023-09-17,0.062151998,0.062498,0.061285999,0.061517,0.061517,156292597
2023-09-18,0.061517,0.062808,0.061144002,0.062015999,0.062015999,207651893
2023-09-19,0.062015999,0.063215002,0.061974,0.062709004,0.062709004,198507548
2023-09-20,0.062709004,0.063009001,0.061965,0.062629998,0.062629998,187443142
2023-09-21,0.062628999,0.063307002,0.061282001,0.061345998,0.061345998,518556615
2023-09-22,0.061345,0.061829001,0.061053999,0.061531,0.061531,144488200
2023-09-23,0.061528001,0.061845999,0.061377998,0.061507002,0.061507002,117222607
2023-09-24,0.061507002,0.061742999,0.060702,0.060743,0.060743,115250326
2023-09-25,0.060741998,0.0612,0.060545001,0.060959,0.060959,117409471
2023-09-26,0.060956001,0.061115999,0.059907001,0.060598999,0.060598999,141794234
2023-09-27,0.060593002,0.061331999,0.060275,0.060504001,0.060504001,153818653
2023-09-28,0.060497001,0.061661001,0.060405999,0.061484002,0.061484002,137019315
2023-09-29,0.061485998,0.062309999,0.061384998,0.062178001,0.062178001,141947701
2023-09-30,0.062180001,0.062505998,0.061799001,0.062141001,0.062141001,124411353
2023-10-01,0.062139999,0.063519001,0.061896,0.063193001,0.063193001,162108911
2023-10-02,0.063189998,0.063960999,0.061625998,0.062059999,0.062059999,275648168
2023-10-03,0.062054001,0.062268998,0.061228,0.061386,0.061386,156615776
2023-10-04,0.061388999,0.061561,0.060458001,0.061487999,0.061487999,141610437
2023-10-05,0.061485998,0.061606999,0.060839001,0.060922999,0.060922999,114148166
2023-10-06,0.06092,0.061554998,0.060821,0.061425999,0.061425999,109783884
2023-10-07,0.061425,0.061668999,0.061129,0.061455,0.061455,97620505
2023-10-08,0.061455999,0.061611,0.060876001,0.061007999,0.061007999,92483679
2023-10-09,0.061009999,0.06103,0.058260001,0.058779001,0.058779001,241183528
2023-10-10,0.058779001,0.059204001,0.058607999,0.059025001,0.059025001,123311323
2023-10-11,0.059041001,0.059454001,0.057813,0.05847,0.05847,146066511
2023-10-12,0.05847,0.058495,0.057466,0.057897002,0.057897002,116644185
2023-10-13,0.057897002,0.058756001,0.057824001,0.058398001,0.058398001,139290300
2023-10-14,0.058400001,0.05993,0.058400001,0.059859,0.059859,112567930
2023-10-15,0.059859999,0.059859999,0.059124999,0.059349999,0.059349999,105304368
2023-10-16,0.059356999,0.061225999,0.059351001,0.060114,0.060114,255254744
2023-10-17,0.060109999,0.060155999,0.058800999,0.059119999,0.059119999,154163593
2023-10-18,0.059115998,0.059273999,0.058362,0.058673002,0.058673002,113718362
2023-10-19,0.058667999,0.058883,0.058013,0.058883,0.058883,119806282
2023-10-20,0.058878001,0.060337,0.058699999,0.059965,0.059965,154146216
2023-10-21,0.059965,0.061363,0.059571002,0.061188001,0.061188001,149488431
2023-10-22,0.061189,0.061666999,0.060563002,0.061595999,0.061595999,152154020
2023-10-23,0.061827999,0.067238003,0.061769001,0.067084998,0.067084998,618990461
2023-10-24,0.067111,0.069766998,0.065123998,0.066555999,0.066555999,676497484
2023-10-25,0.066564001,0.069453999,0.065049,0.068360999,0.068360999,536305756
2023-10-26,0.068364002,0.074887998,0.068131998,0.071866997,0.071866997,1010931815
2023-10-27,0.071872003,0.072178997,0.067624003,0.067881003,0.067881003,468362462
2023-10-28,0.067882001,0.069691002,0.067709997,0.069000997,0.069000997,246982558
2023-10-29,0.069002002,0.070083998,0.067910001,0.069358997,0.069358997,203013207
2023-10-30,0.069358997,0.070200004,0.068273999,0.069650002,0.069650002,292736698
2023-10-31,0.069647998,0.070721999,0.066969998,0.068277001,0.068277001,474946795
2023-11-01,0.068278998,0.069554001,0.066128999,0.068841003,0.068841003,461539028
2023-11-02,0.068859003,0.070703998,0.067185998,0.067933999,0.067933999,501730943
2023-11-03,0.067930996,0.068208002,0.066639997,0.068144001,0.068144001,282752934
2023-11-04,0.068147004,0.069256999,0.068058997,0.069078997,0.069078997,203958701
2023-11-05,0.069078997,0.071598999,0.068980999,0.071223997,0.071223997,447538899
2023-11-06,0.071223997,0.076385997,0.070620999,0.076380998,0.076380998,707371164
2023-11-07,0.076389,0.076389,0.071897998,0.073518001,0.073518001,789220960
2023-11-08,0.073517002,0.076681003,0.073027,0.075480998,0.075480998,531673694
2023-11-09,0.075474001,0.077735998,0.070556998,0.073461004,0.073461004,964429145
2023-11-10,0.073464997,0.075453997,0.073155001,0.075443998,0.075443998,649733691
2023-11-11,0.075444996,0.081698,0.074922003,0.078405999,0.078405999,1345253621
2023-11-12,0.078419998,0.079980999,0.076144002,0.077981003,0.077981003,727221576
2023-11-13,0.077979997,0.079397999,0.074175999,0.074781999,0.074781999,829471613
2023-11-14,0.074777998,0.075427003,0.070280999,0.072457001,0.072457001,708265059
2023-11-15,0.072456002,0.076407999,0.072419003,0.076356001,0.076356001,503454120
2023-11-16,0.076352999,0.082837,0.076047003,0.079277001,0.079277001,1563730284
2023-11-17,0.079325996,0.087061003,0.079323001,0.086304002,0.086304002,2031597493
2023-11-18,0.086327001,0.086393997,0.079829,0.080383003,0.080383003,1340580447
2023-11-19,0.080394998,0.080597997,0.077983998,0.080576003,0.080576003,620299419
2023-11-20,0.080574997,0.082039997,0.077816002,0.077878997,0.077878997,668234221
2023-11-21,0.077878997,0.078698002,0.071492001,0.072118998,0.072118998,860811107
2023-11-22,0.072113998,0.076560996,0.071883999,0.075783998,0.075783998,440962821
2023-11-23,0.075769998,0.076347999,0.075162001,0.076200001,0.076200001,279606815
2023-11-24,0.076199003,0.078428999,0.076149002,0.078217,0.078217,401116993
2023-11-25,0.078216001,0.079104997,0.077762999,0.078955002,0.078955002,291859035
2023-11-26,0.078952,0.078979999,0.076346003,0.078704,0.078704,343339848
2023-11-27,0.07869,0.081320003,0.077088997,0.078787997,0.078787997,743996999
2023-11-28,0.078791998,0.081031002,0.077036999,0.081009001,0.081009001,618900678
2023-11-29,0.081004001,0.082842,0.079786003,0.080592997,0.080592997,596560786
2023-11-30,0.080599003,0.084216997,0.080536999,0.083416998,0.083416998,645565938
2023-12-01,0.083414003,0.084908001,0.082503997,0.083857,0.083857,519429439
2023-12-02,0.083856001,0.086480998,0.083548002,0.086278997,0.086278997,462433973
2023-12-03,0.086282998,0.087146997,0.083889998,0.085615002,0.085615002,550096321
2023-12-04,0.085616998,0.091954,0.085431002,0.091940001,0.091940001,1364950607
2023-12-05,0.091921002,0.095057003,0.087719999,0.094246998,0.094246998,1094480332
2023-12-06,0.094247997,0.105432,0.093773998,0.094864003,0.094864003,2606846041
2023-12-07,0.094890997,0.097939,0.093308002,0.095919997,0.095919997,1229053762
2023-12-08,0.095913999,0.103406,0.095825002,0.10147,0.10147,1017561991
2023-12-09,0.101496,0.104615,0.098040998,0.098541997,0.098541997,1122491938
2023-12-10,0.098543003,0.102636,0.097152002,0.101801,0.101801,687190079
2023-12-11,0.101812,0.105837,0.091815002,0.094384,0.094384,1973481451
2023-12-12,0.094382003,0.097452998,0.091541998,0.093835004,0.093835004,948285886
2023-12-13,0.093819998,0.097382002,0.090604998,0.096427999,0.096427999,812811810
2023-12-14,0.096427001,0.098678999,0.094975002,0.098255001,0.098255001,742258598
2023-12-15,0.098269001,0.098610997,0.092973001,0.093004003,0.093004003,614056351
2023-12-16,0.093004003,0.097075999,0.092285,0.097056001,0.097056001,498585277
2023-12-17,0.097061999,0.097585,0.092775002,0.093097001,0.093097001,482463968
2023-12-18,0.093084,0.093650997,0.087187,0.092036001,0.092036001,685264950
2023-12-19,0.092037998,0.093355,0.089607,0.090296999,0.090296999,482452805
2023-12-20,0.090290003,0.093264997,0.089744002,0.091417,0.091417,596172199
2023-12-21,0.091424003,0.097211003,0.090832002,0.095004,0.095004,808685569
2023-12-22,0.095007002,0.095494002,0.092331,0.095197998,0.095197998,622353150
2023-12-23,0.095200002,0.095200002,0.092427,0.093561999,0.093561999,357245326
2023-12-24,0.093579002,0.094802,0.091348,0.091894999,0.091894999,566323407
2023-12-25,0.091903001,0.095167004,0.091540001,0.094448999,0.094448999,435910884
2023-12-26,0.094447002,0.094447002,0.089121997,0.091356002,0.091356002,567640365
2023-12-27,0.091353998,0.093864001,0.089920998,0.093579002,0.093579002,423259088
2023-12-28,0.093594998,0.094901003,0.091376998,0.091884002,0.091884002,464569016
2023-12-29,0.091883004,0.093014002,0.089667,0.091038004,0.091038004,407349878
2023-12-30,0.091031,0.091401003,0.089593001,0.090148002,0.090148002,252403426
2023-12-31,0.090145998,0.090815999,0.088970996,0.089472003,0.089472003,259196255
2024-01-01,0.089473002,0.092046,0.088838004,0.092023998,0.092023998,298687049
2024-01-02,0.092037,0.094329998,0.090804003,0.091204002,0.091204002,496309010
2024-01-03,0.091205001,0.092092998,0.081018001,0.082042001,0.082042001,1026941029
2024-01-04,0.082048997,0.084655002,0.081551,0.084131002,0.084131002,514230239
2024-01-05,0.084120996,0.084755003,0.081234999,0.082773,0.082773,547983037
2024-01-06,0.082773,0.082773,0.078854002,0.080664001,0.080664001,414677901
2024-01-07,0.080668002,0.081473999,0.077634998,0.078225002,0.078225002,399266341
2024-01-08,0.078227997,0.081716999,0.074972004,0.081370004,0.081370004,603250657
2024-01-09,0.081377998,0.082181998,0.077233002,0.079263002,0.079263002,957047300
2024-01-10,0.079263002,0.084449999,0.076683,0.082942002,0.082942002,703451086
2024-01-11,0.082969002,0.087635003,0.082382999,0.084624998,0.084624998,778110109
2024-01-12,0.084615,0.085377999,0.078247003,0.080045998,0.080045998,607108203
2024-01-13,0.080035999,0.081260003,0.078906,0.080922998,0.080922998,297741301
2024-01-14,0.080921002,0.083824001,0.079851002,0.079977997,0.079977997,461353847
2024-01-15,0.079968996,0.081637003,0.079968996,0.081124999,0.081124999,272657967
2024-01-16,0.081106,0.082267001,0.07999,0.081309997,0.081309997,328206882
2024-01-17,0.081312001,0.081538998,0.079556003,0.080504999,0.080504999,261149597
2024-01-18,0.080509,0.080692999,0.077399001,0.077987,0.077987,314880990
2024-01-19,0.077987999,0.078704998,0.075152002,0.078535996,0.078535996,351038255
2024-01-20,0.078534,0.089997999,0.078235999,0.087888002,0.087888002,684267184
2024-01-21,0.087867998,0.089992002,0.084843002,0.085272998,0.085272998,948730356
2024-01-22,0.085291997,0.085415997,0.080195002,0.080340996,0.080340996,673330908
2024-01-23,0.080346003,0.081676997,0.076090999,0.078153998,0.078153998,555482191
2024-01-24,0.078157,0.080518,0.077749997,0.079016,0.079016,372585722
2024-01-25,0.079016,0.079136997,0.077192999,0.077932999,0.077932999,292888748
2024-01-26,0.077928998,0.080279,0.077595003,0.079901002,0.079901002,283895680
2024-01-27,0.079883002,0.080678001,0.079071,0.080141999,0.080141999,212327663
2024-01-28,0.080140002,0.081370004,0.078291997,0.078813002,0.078813002,257196385
2024-01-29,0.078813002,0.082872003,0.078222997,0.081289001,0.081289001,540569157
2024-01-30,0.081299998,0.082129002,0.079593003,0.079723001,0.079723001,333456483
2024-01-31,0.079728998,0.080222003,0.078213997,0.078763999,0.078763999,307301569
2024-02-01,0.078763001,0.079778999,0.077684,0.079327002,0.079327002,257042563
2024-02-02,0.079327002,0.079901002,0.078621998,0.079232998,0.079232998,220161256
2024-02-03,0.079233997,0.079455003,0.078616001,0.078651004,0.078651004,152907809
2024-02-04,0.078658,0.079856999,0.078083999,0.078238003,0.078238003,183715849
2024-02-05,0.078248002,0.080026999,0.077504002,0.078220002,0.078220002,257544919
2024-02-06,0.078226,0.079181001,0.077762999,0.078465998,0.078465998,192061699
2024-02-07,0.078469999,0.080255002,0.078211002,0.080104001,0.080104001,213373948
2024-02-08,0.080100998,0.080755003,0.079626001,0.079870999,0.079870999,248828595
2024-02-09,0.07987,0.082088001,0.07987,0.081579,0.081579,333635097
2024-02-10,0.081582002,0.082083002,0.080462001,0.081448004,0.081448004,212946391
2024-02-11,0.081446998,0.083278999,0.080991998,0.081193,0.081193,304303558
2024-02-12,0.081202999,0.082796998,0.079567999,0.082345001,0.082345001,360525326
2024-02-13,0.082332999,0.082953997,0.080062002,0.081088997,0.081088997,419683385
2024-02-14,0.081086002,0.087003,0.080568999,0.085542999,0.085542999,627015518
2024-02-15,0.085546002,0.088048004,0.084165998,0.085355997,0.085355997,636946996
2024-02-16,0.085354999,0.08788,0.084393002,0.086012997,0.086012997,441121282
2024-02-17,0.086015999,0.086058997,0.082204998,0.083593003,0.083593003,347758664
2024-02-18,0.083591998,0.085699998,0.083016999,0.085166,0.085166,300251530
2024-02-19,0.085169002,0.090535998,0.085120998,0.089477003,0.089477003,663450017
2024-02-20,0.089474,0.091208003,0.083567999,0.086143002,0.086143002,801458657
2024-02-21,0.086148001,0.086222,0.082172997,0.084615,0.084615,435393890
2024-02-22,0.084605001,0.085406996,0.083164997,0.084089004,0.084089004,362895383
2024-02-23,0.084082998,0.085483,0.083035998,0.084434003,0.084434003,400189069
2024-02-24,0.084448002,0.086319998,0.083954997,0.086156003,0.086156003,326082311
2024-02-25,0.086157002,0.086759001,0.085460998,0.086098999,0.086098999,290853292
2024-02-26,0.086098,0.090024002,0.084292002,0.089388996,0.089388996,523738048
2024-02-27,0.089387998,0.099956997,0.088637002,0.097671002,0.097671002,1806722811
2024-02-28,0.097672999,0.121116,0.094607003,0.116582,0.116582,3843947641
2024-02-29,0.116447,0.134409,0.111816,0.117185,0.117185,4799960277
2024-03-01,0.117167,0.145261,0.117167,0.139557,0.139557,3758449851
2024-03-02,0.139614,0.15006401,0.13692699,0.142121,0.142121,3588994520
2024-03-03,0.142131,0.15575901,0.12984,0.153836,0.153836,4012808483
2024-03-04,0.15394101,0.18430699,0.148781,0.18291,0.18291,6348241494
2024-03-05,0.182804,0.205439,0.13010301,0.153937,0.153937,9368269377
2024-03-06,0.153925,0.177433,0.14696699,0.157791,0.157791,4497901224
2024-03-07,0.157791,0.16204099,0.147082,0.158121,0.158121,3006036407
2024-03-08,0.15812001,0.175495,0.155494,0.16534699,0.16534699,3976624455
2024-03-09,0.16534699,0.184543,0.16431899,0.179083,0.179083,3451219764
2024-03-10,0.179083,0.179588,0.165952,0.16992,0.16992,2274489696
2024-03-11,0.169907,0.18250901,0.162567,0.18196499,0.18196499,2905703482
2024-03-12,0.181973,0.183108,0.16010401,0.168144,0.168144,2524942571
2024-03-13,0.168152,0.173851,0.165792,0.169158,0.169158,1930415342
2024-03-14,0.169158,0.191512,0.16562399,0.17733,0.17733,6047716785
2024-03-15,0.177329,0.18105701,0.154082,0.163231,0.163231,3584306802
2024-03-16,0.163231,0.16493601,0.138419,0.142368,0.142368,2400392026
2024-03-17,0.142364,0.15876099,0.137732,0.15433,0.15433,2329294453
2024-03-18,0.154328,0.154332,0.14019699,0.143673,0.143673,1657669949
2024-03-19,0.143673,0.145014,0.12563001,0.128728,0.128728,2946516944
2024-03-20,0.12873501,0.152868,0.123453,0.15218601,0.15218601,3190645446
2024-03-21,0.15218601,0.158759,0.14718901,0.155292,0.155292,2581283877
2024-03-22,0.15530001,0.164902,0.14559101,0.152703,0.152703,2672448713
2024-03-23,0.152703,0.174619,0.15185501,0.161768,0.161768,2912614106
2024-03-24,0.161768,0.17990001,0.161716,0.17645299,0.17645299,2848346890
2024-03-25,0.17645299,0.18599901,0.170166,0.175367,0.175367,2654389972
2024-03-26,0.175367,0.186057,0.174924,0.182486,0.182486,2877194654
2024-03-27,0.182486,0.191285,0.17984299,0.19033,0.19033,4055908716
2024-03-28,0.190317,0.22658101,0.189573,0.220056,0.220056,6553128323
2024-03-29,0.220056,0.2244,0.20881,0.21349099,0.21349099,3493454859
2024-03-30,0.213424,0.216516,0.19784699,0.199434,0.199434,2403795719
2024-03-31,0.199413,0.223933,0.199334,0.220064,0.220064,2414867092
2024-04-01,0.220065,0.22006799,0.198108,0.20557,0.20557,3408206742
2024-04-02,0.205575,0.205577,0.18046799,0.18230399,0.18230399,3855758084
2024-04-03,0.182302,0.18740299,0.170506,0.175547,0.175547,3112605374
2024-04-04,0.175547,0.1881,0.172262,0.17992599,0.17992599,2153623709
2024-04-05,0.17992599,0.18048,0.168037,0.177518,0.177518,1914940616
2024-04-06,0.17752101,0.187686,0.17679,0.18595099,0.18595099,1620171667
2024-04-07,0.185949,0.20481101,0.185803,0.199108,0.199108,2643420654
2024-04-08,0.19910599,0.20869,0.195885,0.20264,0.20264,2106344172
2024-04-09,0.20264,0.203243,0.186361,0.18900099,0.18900099,2078490138
2024-04-10,0.18900099,0.201676,0.18176199,0.199984,0.199984,2662343295
2024-04-11,0.199984,0.20311999,0.190442,0.194011,0.194011,2179869259
2024-04-12,0.194011,0.20042799,0.162513,0.174597,0.174597,3611512055
2024-04-13,0.174612,0.17557199,0.132195,0.15316799,0.15316799,4750917199
2024-04-14,0.15316799,0.16448601,0.144482,0.162285,0.162285,3723264167
2024-04-15,0.162285,0.16889,0.150884,0.161369,0.161369,3604719833
2024-04-16,0.161369,0.162237,0.146908,0.15598901,0.15598901,2473810383
2024-04-17,0.15599,0.158511,0.14483599,0.147605,0.147605,1972027907
2024-04-18,0.147606,0.153717,0.141307,0.152448,0.152448,1947482132
2024-04-19,0.152448,0.15690599,0.139644,0.156268,0.156268,2186567402
2024-04-20,0.156268,0.16484199,0.150942,0.162827,0.162827,1649509831
2024-04-21,0.162826,0.16547801,0.155606,0.15826,0.15826,1293159346
2024-04-22,0.158259,0.163361,0.15684301,0.161194,0.161194,1251987179
2024-04-23,0.161194,0.16286799,0.157169,0.159944,0.159944,1047860346
2024-04-24,0.159944,0.164094,0.149529,0.151354,0.151354,1524749099
2024-04-25,0.151356,0.154181,0.147753,0.15139399,0.15139399,1078441792
2024-04-26,0.15139399,0.15172701,0.14706101,0.147837,0.147837,877813549
2024-04-27,0.147837,0.14936399,0.143299,0.147716,0.147716,847646783
2024-04-28,0.147716,0.15096,0.146301,0.146699,0.146699,638063324
2024-04-29,0.146699,0.14794999,0.13990501,0.143492,0.143492,1030579266
2024-04-30,0.143492,0.14590199,0.12976199,0.13332701,0.13332701,1342359702
2024-05-01,0.13332701,0.133724,0.120348,0.130134,0.130134,2135887034
2024-05-02,0.130134,0.13425399,0.124227,0.13210601,0.13210601,1308884973
2024-05-03,0.132109,0.147762,0.131422,0.146146,0.146146,1266276714
2024-05-04,0.14614201,0.169092,0.146106,0.160157,0.160157,2791346636
2024-05-05,0.160157,0.16313,0.15497801,0.16106801,0.16106801,1506950274
2024-05-06,0.161066,0.16894101,0.15444501,0.156608,0.156608,1747675308
2024-05-07,0.156608,0.159802,0.149738,0.15019,0.15019,1139969527
2024-05-08,0.15019,0.151921,0.14221101,0.14329401,0.14329401,1159774226
2024-05-09,0.14329401,0.153983,0.143158,0.152117,0.152117,1093467705
2024-05-10,0.152117,0.15304799,0.142525,0.144031,0.144031,1056928481
2024-05-11,0.144031,0.146037,0.14270701,0.142924,0.142924,533516788
2024-05-12,0.14292499,0.144389,0.140016,0.141231,0.141231,601107964
2024-05-13,0.141231,0.15682501,0.136043,0.148434,0.148434,1918835792
2024-05-14,0.148433,0.15476499,0.144361,0.145419,0.145419,1899294334
2024-05-15,0.145419,0.15698899,0.1454,0.155526,0.155526,1767635344
2024-05-16,0.15552901,0.159025,0.14906999,0.149637,0.149637,1374063837
2024-05-17,0.149637,0.15636399,0.149517,0.155563,0.155563,1112782871
2024-05-18,0.155563,0.156872,0.151657,0.15307701,0.15307701,771261615
2024-05-19,0.15307701,0.155964,0.147957,0.14910699,0.14910699,786457296
2024-05-20,0.14910699,0.16594499,0.14809901,0.16568799,0.16568799,1512244150
2024-05-21,0.16568799,0.17263,0.160905,0.17047399,0.17047399,2792364765
2024-05-22,0.17047399,0.174095,0.16224401,0.166163,0.166163,1978486152
2024-05-23,0.166163,0.16914199,0.153403,0.159613,0.159613,2243999960
2024-05-24,0.159613,0.172701,0.156161,0.163803,0.163803,3012763365
2024-05-25,0.16380399,0.174086,0.16295899,0.17396,0.17396,1489582490
2024-05-26,0.173961,0.17455,0.16570801,0.16621999,0.16621999,1359410362
2024-05-27,0.16621999,0.17303599,0.16436499,0.16909,0.16909,1404874711
2024-05-28,0.16909,0.16933,0.161796,0.16496199,0.16496199,1410223091
2024-05-29,0.16496401,0.170269,0.16222,0.16369499,0.16369499,1525668595
2024-05-30,0.16369601,0.165407,0.15659501,0.15954401,0.15954401,1452218159
2024-05-31,0.159539,0.16222601,0.154907,0.159136,0.159136,945969518
2024-06-01,0.159136,0.161323,0.158391,0.1602,0.1602,496035603
2024-06-02,0.1602,0.161194,0.15496001,0.15720101,0.15720101,585756299
2024-06-03,0.15720101,0.163211,0.156027,0.158282,0.158282,929987302
2024-06-04,0.158282,0.161744,0.15716299,0.16145,0.16145,760727969
2024-06-05,0.16145,0.16472401,0.161292,0.16323499,0.16323499,820053785
2024-06-06,0.16323499,0.16517,0.158657,0.16015901,0.16015901,893170339
2024-06-07,0.16015799,0.162019,0.14311799,0.148303,0.148303,1581768204
2024-06-08,0.148296,0.14858299,0.14401001,0.14605901,0.14605901,872877278
2024-06-09,0.146045,0.14908899,0.1452,0.14677399,0.14677399,656320138
2024-06-10,0.14676701,0.14782,0.14346699,0.14474,0.14474,752565082
2024-06-11,0.144742,0.14504699,0.134103,0.13810401,0.13810401,1271975142
2024-06-12,0.138097,0.150325,0.13503,0.14619599,0.14619599,1274848212
2024-06-13,0.14619701,0.14635301,0.14038099,0.14105999,0.14105999,790003626
2024-06-14,0.141046,0.143213,0.132164,0.13496999,0.13496999,859600884
2024-06-15,0.134975,0.13727701,0.134358,0.136566,0.136566,476136328
2024-06-16,0.136576,0.137347,0.134819,0.13693701,0.13693701,385407083
2024-06-17,0.13694,0.138023,0.126495,0.12888899,0.12888899,960646592
2024-06-18,0.128866,0.129103,0.115392,0.122296,0.122296,1413960450
2024-06-19,0.122279,0.126508,0.121579,0.122341,0.122341,642487745
2024-06-20,0.122341,0.12826601,0.121454,0.124419,0.124419,734399819
2024-06-21,0.12443,0.12549999,0.121617,0.124029,0.124029,598393023
2024-06-22,0.124038,0.125365,0.122959,0.123789,0.123789,328642106
2024-06-23,0.123783,0.12612,0.121827,0.122257,0.122257,429188641
2024-06-24,0.122249,0.123675,0.114731,0.119043,0.119043,951099440
2024-06-25,0.119033,0.128236,0.118895,0.12615301,0.12615301,783244352
2024-06-26,0.12615,0.12852199,0.12192,0.122679,0.122679,526276880
2024-06-27,0.122672,0.128115,0.12063,0.126911,0.126911,616932730
2024-06-28,0.12691,0.127976,0.122361,0.122789,0.122789,634763078
2024-06-29,0.122795,0.124121,0.121389,0.121699,0.121699,285391178
2024-06-30,0.121699,0.125333,0.120452,0.124305,0.124305,369166834
2024-07-01,0.124304,0.12723599,0.123248,0.123442,0.123442,452573746
2024-07-02,0.123439,0.125094,0.122462,0.125016,0.125016,408063753
2024-07-03,0.125019,0.12532599,0.117045,0.118471,0.118471,657681923
2024-07-04,0.118448,0.118948,0.104431,0.104887,0.104887,1239123198
2024-07-05,0.104853,0.106418,0.093795002,0.105594,0.105594,1709690679
2024-07-06,0.105585,0.114079,0.104935,0.113615,0.113615,842720114
2024-07-07,0.113577,0.113577,0.103733,0.104232,0.104232,641031095
2024-07-08,0.104235,0.111021,0.099163003,0.107581,0.107581,1023119021
2024-07-09,0.10757,0.10922,0.106138,0.107513,0.107513,572733013
2024-07-10,0.107519,0.11043,0.105904,0.108022,0.108022,552090147
2024-07-11,0.108024,0.112179,0.106311,0.106667,0.106667,546104180
2024-07-12,0.106664,0.108266,0.105032,0.107685,0.107685,468503073
2024-07-13,0.107685,0.112889,0.107447,0.112356,0.112356,497448463
2024-07-14,0.11235,0.116495,0.11135,0.115449,0.115449,551768272
2024-07-15,0.115471,0.125352,0.114789,0.125228,0.125228,865334768
2024-07-16,0.125164,0.127257,0.119371,0.124931,0.124931,1023424280
2024-07-17,0.124933,0.127506,0.120643,0.121884,0.121884,731025036
2024-07-18,0.121879,0.123843,0.117573,0.119496,0.119496,710080580
2024-07-19,0.119501,0.126056,0.117908,0.12548,0.12548,724349409
2024-07-20,0.125475,0.135646,0.124485,0.13443001,0.13443001,1109519614
2024-07-21,0.13443001,0.143087,0.126405,0.14016899,0.14016899,1229665449
2024-07-22,0.140167,0.142469,0.136214,0.137881,0.137881,1468393831
2024-07-23,0.13788199,0.139202,0.128489,0.130391,0.130391,963364309
2024-07-24,0.13038599,0.134627,0.127244,0.128088,0.128088,734879689
2024-07-25,0.128089,0.12864099,0.120323,0.125221,0.125221,970420635
2024-07-26,0.125222,0.13487799,0.1252,0.13431799,0.13431799,752603628
2024-07-27,0.13431799,0.138667,0.131341,0.13159201,0.13159201,1193072781
2024-07-28,0.131597,0.1318,0.128324,0.13007499,0.13007499,755293791
2024-07-29,0.13007601,0.134949,0.127955,0.128674,0.128674,809333955
2024-07-30,0.12866201,0.13030601,0.123662,0.125595,0.125595,638122391
2024-07-31,0.12559301,0.12720101,0.121543,0.122014,0.122014,609802169
2024-08-01,0.122021,0.122932,0.112828,0.119236,0.119236,861079384
2024-08-02,0.119235,0.119513,0.110567,0.111508,0.111508,826720039
2024-08-03,0.111507,0.114497,0.105418,0.108169,0.108169,808239471
2024-08-04,0.108169,0.109214,0.099606,0.103733,0.103733,827323034
2024-08-05,0.103732,0.104166,0.080830999,0.094503,0.094503,3194029250
2024-08-06,0.094502002,0.101388,0.094366997,0.096371002,0.096371002,1124169389
2024-08-07,0.096371002,0.101847,0.094594002,0.095514998,0.095514998,1000135339
2024-08-08,0.095514998,0.107772,0.093976997,0.107404,0.107404,858015369
2024-08-09,0.107409,0.107582,0.101774,0.103974,0.103974,602450305
2024-08-10,0.103974,0.105859,0.103116,0.105202,0.105202,371267774
2024-08-11,0.105203,0.110794,0.100299,0.100566,0.100566,676944256
2024-08-12,0.100566,0.108535,0.100471,0.107767,0.107767,778786434
2024-08-13,0.107767,0.108843,0.103572,0.106416,0.106416,575505923
2024-08-14,0.106416,0.10674,0.101805,0.102555,0.102555,564943505
2024-08-15,0.102555,0.104798,0.098195001,0.100267,0.100267,617034813
2024-08-16,0.100267,0.102028,0.097741999,0.100439,0.100439,539609334
2024-08-17,0.100439,0.103631,0.100156,0.102755,0.102755,305545333
2024-08-18,0.102755,0.104306,0.100169,0.100172,0.100172,377630490
2024-08-19,0.100172,0.101807,0.098711997,0.101504,0.101504,463249309
2024-08-20,0.101506,0.105619,0.101229,0.103001,0.103001,695089222
2024-08-21,0.103,0.107825,0.102462,0.106157,0.106157,509933481
2024-08-22,0.106157,0.106822,0.104274,0.105308,0.105308,391690266
2024-08-23,0.105308,0.115239,0.105305,0.112927,0.112927,860650259
2024-08-24,0.112927,0.114947,0.111247,0.112631,0.112631,673199379
2024-08-25,0.112631,0.112758,0.108117,0.109698,0.109698,584876309
2024-08-26,0.109699,0.110292,0.104639,0.105292,0.105292,560759055
2024-08-27,0.105292,0.106478,0.097392,0.099055998,0.099055998,615156838
2024-08-28,0.099055998,0.101758,0.097291999,0.099627003,0.099627003,657073357
2024-08-29,0.099627003,0.102492,0.098535001,0.100425,0.100425,461885564
2024-08-30,0.100425,0.102382,0.097274996,0.102043,0.102043,572514236
2024-08-31,0.102043,0.102241,0.100474,0.101332,0.101332,303734469
2024-09-01,0.101332,0.101461,0.094342999,0.095353998,0.095353998,424515197
2024-09-02,0.095353998,0.099739999,0.094167002,0.099114999,0.099114999,463950026
2024-09-03,0.099114999,0.100706,0.096701004,0.096718997,0.096718997,395659305
2024-09-04,0.096715003,0.099455997,0.092978999,0.098025002,0.098025002,579587111
2024-09-05,0.098025002,0.099099003,0.096225001,0.098309003,0.098309003,452927311
2024-09-06,0.098309003,0.099379003,0.089373,0.092483997,0.092483997,802922234
2024-09-07,0.092483997,0.095618002,0.091812,0.095261,0.095261,412044016
2024-09-08,0.095261,0.096902996,0.094047002,0.096079998,0.096079998,381739751
2024-09-09,0.096079998,0.104619,0.095831998,0.103829,0.103829,698093518
2024-09-10,0.103829,0.104521,0.101661,0.102712,0.102712,465166360
2024-09-11,0.102712,0.10297,0.098090999,0.101378,0.101378,532198021
2024-09-12,0.101378,0.103207,0.100636,0.102799,0.102799,439730013
2024-09-13,0.102799,0.10829,0.101865,0.107114,0.107114,675630464
2024-09-14,0.107113,0.107558,0.104643,0.105467,0.105467,426157956
2024-09-15,0.105467,0.106359,0.102577,0.102933,0.102933,428890116
2024-09-16,0.102938,0.103132,0.098458,0.099693,0.099693,528755469
2024-09-17,0.099696003,0.102467,0.098843999,0.101137,0.101137,480290242
2024-09-18,0.101137,0.10359,0.099578001,0.103585,0.103585,549512848
2024-09-19,0.103585,0.107074,0.103585,0.105031,0.105031,656532122
2024-09-20,0.105031,0.107296,0.103748,0.105471,0.105471,595150523
2024-09-21,0.105471,0.110373,0.104152,0.110049,0.110049,502306053
2024-09-22,0.110049,0.11005,0.10402,0.106339,0.106339,480950368
2024-09-23,0.106339,0.109084,0.10472,0.108156,0.108156,644419670
2024-09-24,0.108156,0.110468,0.106983,0.109775,0.109775,708492630
2024-09-25,0.109775,0.110884,0.10817,0.108504,0.108504,696620734
2024-09-26,0.108504,0.120163,0.107145,0.118176,0.118176,1347684388
2024-09-27,0.118176,0.12808,0.117173,0.123714,0.123714,1367867354
2024-09-28,0.123714,0.13195001,0.120616,0.12867101,0.12867101,1449764972
2024-09-29,0.12867001,0.130302,0.124642,0.124674,0.124674,856945778
2024-09-30,0.124669,0.124669,0.113739,0.114428,0.114428,976744755
2024-10-01,0.114427,0.119274,0.103955,0.107043,0.107043,1332235464
2024-10-02,0.107043,0.109411,0.102509,0.104759,0.104759,910153432
2024-10-03,0.104758,0.106638,0.101529,0.105099,0.105099,825842052
2024-10-04,0.105099,0.110437,0.104959,0.109264,0.109264,670077063
2024-10-05,0.109264,0.110063,0.107727,0.109487,0.109487,391880787
2024-10-06,0.109487,0.112656,0.108512,0.11148,0.11148,435305366
2024-10-07,0.11148,0.115209,0.108655,0.108655,0.108655,849108258
2024-10-08,0.108652,0.109704,0.105352,0.107044,0.107044,615072081
2024-10-09,0.107044,0.111132,0.106377,0.107939,0.107939,667785123
2024-10-10,0.107937,0.10845,0.103308,0.10598,0.10598,749185963
2024-10-11,0.10598,0.111344,0.105702,0.110733,0.110733,650490847
2024-10-12,0.110733,0.112058,0.109457,0.111416,0.111416,519024338
2024-10-13,0.111416,0.112005,0.108799,0.111336,0.111336,573648913
2024-10-14,0.111336,0.117456,0.109429,0.116654,0.116654,1038038455
2024-10-15,0.116654,0.118792,0.110512,0.117527,0.117527,1367247373
2024-10-16,0.117525,0.129444,0.115931,0.125773,0.125773,2270276586
2024-10-17,0.125773,0.130649,0.120762,0.129658,0.129658,1557107117
2024-10-18,0.12966,0.140527,0.129647,0.13721301,0.13721301,2216997635
2024-10-19,0.13721301,0.14654399,0.13719,0.144527,0.144527,1898579280
2024-10-20,0.144526,0.145246,0.137577,0.142083,0.142083,1456913937
2024-10-21,0.142084,0.149533,0.13843299,0.14369,0.14369,2075196142
2024-10-22,0.14369,0.147883,0.136848,0.13950799,0.13950799,1647303198
2024-10-23,0.139511,0.140604,0.133279,0.13849699,0.13849699,1430747359
2024-10-24,0.139901,0.143502,0.13644999,0.141987,0.141987,1349772912
2024-10-25,0.14198799,0.1424,0.128548,0.13101301,0.13101301,1458877964
2024-10-26,0.13101301,0.137831,0.13083901,0.137357,0.137357,947921669
2024-10-27,0.137357,0.14585701,0.136057,0.14431199,0.14431199,1129296560
2024-10-28,0.144311,0.16201,0.141176,0.16114999,0.16114999,3078140199
2024-10-29,0.16115201,0.17922699,0.160826,0.17583901,0.17583901,3785378330
2024-10-30,0.17583901,0.177535,0.16525,0.168146,0.168146,2319205433
2024-10-31,0.168146,0.172997,0.156546,0.16137201,0.16137201,2213630995
2024-11-01,0.16137201,0.16824199,0.15442,0.15918501,0.15918501,2406203136
2024-11-02,0.159189,0.163298,0.15603501,0.159316,0.159316,1342216649
2024-11-03,0.159316,0.15962701,0.142823,0.151454,0.151454,2214868458
2024-11-04,0.151454,0.159894,0.148581,0.158346,0.158346,2541759238
2024-11-05,0.158345,0.17884,0.158179,0.17017999,0.17017999,4095671194
2024-11-06,0.17018799,0.21333601,0.16969401,0.196658,0.196658,12194137333
2024-11-07,0.196658,0.20347799,0.18625499,0.193159,0.193159,4338342915
2024-11-08,0.193159,0.20656399,0.19128899,0.202132,0.202132,4089504352
2024-11-09,0.202131,0.21973699,0.197825,0.218761,0.218761,4290391407
2024-11-10,0.218794,0.29661399,0.21730199,0.27909499,0.27909499,14901681717
2024-11-11,0.27909499,0.34960201,0.276142,0.34952101,0.34952101,19590715363
2024-11-12,0.34952101,0.43586299,0.33343199,0.38222101,0.38222101,39936467957
2024-11-13,0.382218,0.431624,0.35660899,0.39952299,0.39952299,28286313456
2024-11-14,0.39952299,0.41470399,0.35580799,0.361646,0.361646,15564516841
2024-11-15,0.36171299,0.38424599,0.354469,0.37918901,0.37918901,11623194182
2024-11-16,0.37919,0.38987899,0.361303,0.36374801,0.36374801,7524229950
2024-11-17,0.36375001,0.37355801,0.341699,0.36656001,0.36656001,7832273719
2024-11-18,0.36657,0.379906,0.35923499,0.371741,0.371741,8396330143
2024-11-19,0.37174001,0.41833401,0.36802,0.39135599,0.39135599,12889618537
2024-11-20,0.39133999,0.39559901,0.36656901,0.37749699,0.37749699,8029529786
2024-11-21,0.37749699,0.39494401,0.37001199,0.38761699,0.38761699,8052510566
2024-11-22,0.38762599,0.41919199,0.38152,0.41292399,0.41292399,13591947495
2024-11-23,0.41292399,0.47746,0.40556601,0.43001199,0.43001199,20873625275
2024-11-24,0.43001199,0.45242801,0.400967,0.42988199,0.42988199,12213185937
2024-11-25,0.42989501,0.437042,0.381515,0.39333999,0.39333999,9773285006
2024-11-26,0.39331099,0.40837201,0.36731899,0.38761801,0.38761801,8847260920
2024-11-27,0.387615,0.408052,0.38169101,0.40152499,0.40152499,6388400976
2024-11-28,0.40151501,0.42730501,0.392259,0.40201801,0.40201801,5955119388
2024-11-29,0.40201899,0.43708599,0.39999199,0.42583901,0.42583901,6768739922
2024-11-30,0.42583901,0.434701,0.41536099,0.42197099,0.42197099,5601447294
2024-12-01,0.42196801,0.44928101,0.417694,0.44002301,0.44002301,8333397829
2024-12-02,0.44004899,0.46024501,0.405112,0.42467001,0.42467001,13072433718
2024-12-03,0.42467201,0.428049,0.39147201,0.407882,0.407882,9362620939
2024-12-04,0.40785101,0.435626,0.401959,0.43195701,0.43195701,8065078709
2024-12-05,0.431903,0.463404,0.40901101,0.43058601,0.43058601,15284058219
2024-12-06,0.427894,0.441782,0.42126,0.435709,0.435709,6668459793
2024-12-07,0.43571201,0.466039,0.43212801,0.45388699,0.45388699,8127914572
2024-12-08,0.45389101,0.48350999,0.44824001,0.46729699,0.46729699,8171222257
2024-12-09,0.46729901,0.46729901,0.38472101,0.41471899,0.41471899,11830538830
2024-12-10,0.414722,0.422407,0.36684,0.39452001,0.39452001,11257345383
2024-12-11,0.394512,0.41878799,0.37663299,0.41449201,0.41449201,6670843571
2024-12-12,0.41449499,0.42335901,0.40174401,0.40654799,0.40654799,5601004925
2024-12-13,0.40654799,0.41168699,0.39986199,0.40908101,0.40908101,3815608761
2024-12-14,0.40908101,0.412754,0.38813901,0.39797601,0.39797601,3165759137
2024-12-15,0.39797199,0.40983501,0.39290899,0.40627199,0.40627199,2654366167
2024-12-16,0.406295,0.41359401,0.39273599,0.401934,0.401934,3891164219
2024-12-17,0.40193501,0.409899,0.39159599,0.394337,0.394337,3618256203
2024-12-18,0.39434099,0.39616299,0.35649401,0.35803899,0.35803899,5749656033
2024-12-19,0.35804701,0.36703601,0.30276901,0.31506601,0.31506601,9565836573
2024-12-20,0.315054,0.32805699,0.26444,0.31771299,0.31771299,11414899319
2024-12-21,0.31771901,0.349406,0.315249,0.32095101,0.32095101,6875286934
2024-12-22,0.32090399,0.32403201,0.305718,0.31219199,0.31219199,4115525341
2024-12-23,0.312199,0.32788199,0.303278,0.32421899,0.32421899,4390431993
2024-12-24,0.324218,0.339434,0.31639299,0.33692399,0.33692399,3138423654
2024-12-25,0.33692601,0.34136599,0.32689899,0.334319,0.334319,2538802504
2024-12-26,0.334304,0.33738101,0.30899799,0.31225601,0.31225601,2514756816
2024-12-27,0.312255,0.323847,0.309764,0.31103599,0.31103599,2157162506
2024-12-28,0.31105599,0.325858,0.31105599,0.323919,0.323919,1410132054
2024-12-29,0.323917,0.328933,0.311667,0.31432,0.31432,1654780626
2024-12-30,0.31432,0.32247999,0.30654699,0.31351399,0.31351399,2526977895
2024-12-31,0.31351799,0.32786599,0.309403,0.31568101,0.31568101,2204579838
2025-01-01,0.31568199,0.326478,0.31172299,0.32430601,0.32430601,1532271286
2025-01-02,0.32430601,0.34417799,0.324292,0.33860999,0.33860999,3205163576
2025-01-03,0.33860999,0.387797,0.335886,0.37927899,0.37927899,4823481336
2025-01-04,0.37928301,0.39799699,0.378043,0.39474601,0.39474601,4431717187
2025-01-05,0.39474601,0.39730501,0.37631601,0.38256299,0.38256299,2594267525
2025-01-06,0.382494,0.393702,0.376551,0.38795701,0.38795701,2937148475
2025-01-07,0.387952,0.39780799,0.34842199,0.34843701,0.34843701,5280516863
2025-01-08,0.348436,0.355111,0.32681,0.34224799,0.34224799,4416730765
2025-01-09,0.34224701,0.346286,0.31510299,0.320912,0.320912,3614560190
2025-01-10,0.32090899,0.338534,0.32089099,0.33398101,0.33398101,3222794655
2025-01-11,0.33397901,0.34781101,0.330075,0.34095499,0.34095499,1461005907
2025-01-12,0.34095001,0.342989,0.33227801,0.33595899,0.33595899,1436724129
2025-01-13,0.33595601,0.34521401,0.31139901,0.33829901,0.33829901,3713750868
2025-01-14,0.33829701,0.36109099,0.33605799,0.35611999,0.35611999,3143614167
2025-01-15,0.35611999,0.38735399,0.348744,0.38571,0.38571,4079184871
2025-01-16,0.38571301,0.38934901,0.36846101,0.376748,0.376748,4097841421
2025-01-17,0.376706,0.42050099,0.37597299,0.415939,0.415939,6276540245
2025-01-18,0.41591299,0.433512,0.38723901,0.396081,0.396081,7331618418
2025-01-19,0.39608499,0.40896499,0.35212001,0.357757,0.357757,9531626101
2025-01-20,0.357739,0.38497299,0.347247,0.354608,0.354608,8850825869
2025-01-21,0.35457301,0.40017,0.335899,0.37157699,0.37157699,9507969594
2025-01-22,0.37158799,0.37334201,0.35598901,0.363056,0.363056,2940097446
2025-01-23,0.36298001,0.36408699,0.34299299,0.35235301,0.35235301,3093003294
2025-01-24,0.35230201,0.363893,0.343288,0.35073999,0.35073999,2122786422
2025-01-25,0.35074499,0.359588,0.34595999,0.35377601,0.35377601,1500843148
2025-01-26,0.35378501,0.357023,0.336301,0.336326,0.336326,1263299832
2025-01-27,0.33632299,0.336741,0.30781001,0.33382201,0.33382201,4453314117
2025-01-28,0.33381799,0.33864599,0.315835,0.319074,0.319074,2019292120
2025-01-29,0.319074,0.333509,0.31794101,0.32386401,0.32386401,1981300959
2025-01-30,0.32387099,0.33808401,0.322871,0.33150899,0.33150899,1365524939
2025-01-31,0.331507,0.34067699,0.32431301,0.32872799,0.32872799,1796042122
2025-02-01,0.32872701,0.33189401,0.30426401,0.308357,0.308357,1577548524
2025-02-02,0.308377,0.31458899,0.25455499,0.26750901,0.26750901,5607210222
2025-02-03,0.26751,0.29246399,0.21172,0.28500399,0.28500399,11007373557
2025-02-04,0.285016,0.28846699,0.25629199,0.264144,0.264144,4306969827
2025-02-05,0.264128,0.26902801,0.254372,0.25623301,0.25623301,1818131454
2025-02-06,0.25623301,0.26569501,0.24394201,0.24808399,0.24808399,1892595490
2025-02-07,0.248079,0.261217,0.239544,0.246613,0.246613,2042225149
2025-02-08,0.246613,0.25395,0.244992,0.25326601,0.25326601,989182891
2025-02-09,0.25326499,0.25983599,0.240306,0.24929,0.24929,1242077795
2025-02-10,0.24928901,0.255925,0.242061,0.25525999,0.25525999,1342589439
2025-02-11,0.25526401,0.26923299,0.24903101,0.253122,0.253122,1721245015
2025-02-12,0.25312299,0.26703,0.248891,0.26412201,0.26412201,1949247514
2025-02-13,0.26413,0.266918,0.25404999,0.262492,0.262492,1492303517
2025-02-14,0.26249099,0.28529301,0.26120999,0.271929,0.271929,2320487584
2025-02-15,0.27193201,0.28267899,0.26894099,0.27172399,0.27172399,1624562147
2025-02-16,0.27172601,0.27381599,0.264238,0.26574001,0.26574001,969472255
2025-02-17,0.26575801,0.26849899,0.254484,0.25814801,0.25814801,1369340298
2025-02-18,0.25814801,0.25939399,0.242603,0.25090101,0.25090101,1601424562
2025-02-19,0.25090301,0.25522301,0.24927799,0.25476801,0.25476801,1007520306
2025-02-20,0.254767,0.25746,0.250512,0.25486001,0.25486001,1119395680
2025-02-21,0.25485799,0.26093099,0.234919,0.239308,0.239308,2024664109
2025-02-22,0.239314,0.247665,0.23834001,0.246723,0.246723,932077730
2025-02-23,0.24672399,0.247435,0.240655,0.24302299,0.24302299,707579811
2025-02-24,0.24302199,0.243828,0.208322,0.21035901,0.21035901,2239353273
2025-02-25,0.210373,0.213921,0.19676401,0.21238901,0.21238901,3432761745
2025-02-26,0.21126799,0.213502,0.196364,0.205541,0.205541,2020402428
2025-02-27,0.20285299,0.211239,0.20125499,0.206824,0.206824,1369944972
2025-02-28,0.20682301,0.20685899,0.181876,0.20196301,0.20196301,2620914147
2025-03-01,0.20196301,0.20869701,0.19946299,0.20653699,0.20653699,1197948866
2025-03-02,0.20653699,0.24167,0.201905,0.23926701,0.23926701,3319886568
2025-03-03,0.239259,0.23965301,0.194282,0.199076,0.199076,2824331185
2025-03-04,0.199082,0.201629,0.183734,0.199146,0.199146,2366639397
2025-03-05,0.19914301,0.205957,0.196583,0.20472001,0.20472001,1433656840
2025-03-06,0.20471901,0.21923099,0.19956601,0.201727,0.201727,1799078197
2025-03-07,0.201727,0.208331,0.19154701,0.197973,0.197973,1829178903
2025-03-08,0.197973,0.20066901,0.191506,0.19217201,0.19217201,949946399
2025-03-09,0.19217101,0.193997,0.166287,0.167803,0.167803,1797791194
2025-03-10,0.167803,0.180283,0.151364,0.15406001,0.15406001,2202314258
2025-03-11,0.15405799,0.16831701,0.14534999,0.164166,0.164166,2372945325
2025-03-12,0.16415501,0.17251299,0.15979099,0.172381,0.172381,1618464957
2025-03-13,0.172381,0.172711,0.162095,0.16506501,0.16506501,1437934838
2025-03-14,0.16506501,0.17570201,0.16492701,0.171799,0.171799,1042050428
2025-03-15,0.171765,0.17761201,0.171561,0.17606799,0.17606799,731309597
2025-03-16,0.17606699,0.176699,0.166227,0.168235,0.168235,935490545
2025-03-17,0.16823301,0.175992,0.168193,0.173465,0.173465,1002401452
2025-03-18,0.173472,0.173472,0.16323701,0.168029,0.168029,1046683878
2025-03-19,0.168029,0.178517,0.167004,0.178065,0.178065,1238919491
2025-03-20,0.17806999,0.179006,0.167042,0.169351,0.169351,959535286
2025-03-21,0.169351,0.17140099,0.164959,0.167062,0.167062,743835419
2025-03-22,0.167068,0.16954599,0.166804,0.16734301,0.16734301,438263314
2025-03-23,0.16734201,0.172253,0.16718,0.172253,0.172253,564898047
2025-03-24,0.17224699,0.18894599,0.17087901,0.182889,0.182889,1472602266
2025-03-25,0.18289,0.19335,0.181283,0.19091,0.19091,1549790934
2025-03-26,0.190908,0.20537899,0.189852,0.19479799,0.19479799,2068603477
2025-03-27,0.19479799,0.20038401,0.18831199,0.190495,0.190495,1282332601
2025-03-28,0.190495,0.192581,0.17748401,0.18019,0.18019,1407200953
2025-03-29,0.180191,0.182207,0.166583,0.16956501,0.16956501,1120659030
2025-03-30,0.169571,0.17220999,0.164974,0.166319,0.166319,831596449
2025-03-31,0.166319,0.168212,0.160492,0.166715,0.166715,1321114553
2025-04-01,0.16671599,0.175145,0.166215,0.174086,0.174086,1149373221
2025-04-02,0.174086,0.178698,0.16240899,0.164195,0.164195,1734215164
2025-04-03,0.164195,0.16723999,0.155735,0.16205999,0.16205999,1201472795
2025-04-04,0.16205899,0.17257901,0.16043,0.17109799,0.17109799,1645454216
2025-04-05,0.17109799,0.171413,0.16637801,0.169027,0.169027,607481980
2025-04-06,0.169027,0.169769,0.14645199,0.148845,0.148845,1267445532
2025-04-07,0.148845,0.15260001,0.13150699,0.14952099,0.14952099,3512035481
2025-04-08,0.14951999,0.156727,0.141514,0.14210699,0.14210699,1829881699
2025-04-09,0.14210901,0.16402601,0.13672,0.16037101,0.16037101,2265462273
2025-04-10,0.16037101,0.160377,0.14941899,0.153666,0.153666,1231567926
2025-04-11,0.153668,0.16214,0.153363,0.160089,0.160089,864574135
2025-04-12,0.160089,0.16933399,0.157877,0.167611,0.167611,867802910
2025-04-13,0.167611,0.16848899,0.16132,0.162792,0.162792,874509965
2025-04-14,0.162792,0.168641,0.15768901,0.158501,0.158501,988651639
2025-04-15,0.158503,0.161061,0.153258,0.15355,0.15355,777400544
2025-04-16,0.153547,0.157003,0.15094399,0.154688,0.154688,823568608
2025-04-17,0.154691,0.15935101,0.153181,0.15573999,0.15573999,586169227
2025-04-18,0.15574101,0.15876999,0.15377399,0.157616,0.157616,477534244
2025-04-19,0.157618,0.160556,0.156523,0.157333,0.157333,477710096
2025-04-20,0.157333,0.159283,0.15274499,0.155184,0.155184,637644889
2025-04-21,0.155184,0.16293401,0.15514,0.15938801,0.15938801,1038358279
2025-04-22,0.15938701,0.179371,0.15795401,0.17864799,0.17864799,1568128902
2025-04-23,0.178652,0.185022,0.175658,0.17860501,0.17860501,1860794550
2025-04-24,0.17860501,0.183145,0.170261,0.182457,0.182457,1479272164
2025-04-25,0.18246,0.18603501,0.17812,0.18183,0.18183,1731253893
2025-04-26,0.181832,0.192443,0.180411,0.18189,0.18189,1467785872
2025-04-27,0.18189099,0.183145,0.177003,0.179672,0.179672,1113159755
2025-04-28,0.179673,0.18267199,0.174373,0.17895199,0.17895199,1345897366
2025-04-29,0.17895199,0.18054099,0.172795,0.17463601,0.17463601,966758883
2025-04-30,0.17464,0.17635,0.16726901,0.17234001,0.17234001,970750123
2025-05-01,0.172341,0.18329,0.17229401,0.180759,0.180759,1018176528
2025-05-02,0.180766,0.184082,0.17944001,0.181577,0.181577,1008214455
2025-05-03,0.181577,0.182053,0.17550801,0.17575701,0.17575701,577738365
2025-05-04,0.17575701,0.177264,0.17017099,0.170552,0.170552,626186290
2025-05-05,0.170552,0.174538,0.16866601,0.17060401,0.17060401,689655044
2025-05-06,0.17060401,0.17240199,0.164398,0.172116,0.172116,831221260
2025-05-07,0.172115,0.174063,0.16948099,0.17200699,0.17200699,677248571
2025-05-08,0.17201,0.19793899,0.171893,0.197577,0.197577,1943565536
2025-05-09,0.19758099,0.212635,0.19333901,0.20529,0.20529,2387581238
2025-05-10,0.205295,0.24911,0.20361,0.248689,0.248689,3238796872
2025-05-11,0.24868201,0.25873899,0.22358,0.231508,0.231508,3518175098
2025-05-12,0.231509,0.25154099,0.222185,0.231002,0.231002,4628696012
2025-05-13,0.231002,0.242899,0.218023,0.24121501,0.24121501,2734212256
2025-05-14,0.24121501,0.246769,0.228742,0.23280799,0.23280799,2249826077
2025-05-15,0.232807,0.23643699,0.21492299,0.219189,0.219189,2477683429
2025-05-16,0.21919399,0.230296,0.218316,0.221287,0.221287,1759584218
2025-05-17,0.221287,0.222045,0.21148799,0.214698,0.214698,1499656753
2025-05-18,0.214698,0.237157,0.214378,0.234181,0.234181,2360198976
2025-05-19,0.233961,0.23514301,0.214545,0.22442099,0.22442099,2122215648
2025-05-20,0.22442099,0.230327,0.21804599,0.226126,0.226126,1815889701
2025-05-21,0.226127,0.237583,0.22329301,0.23405799,0.23405799,2813244924
2025-05-22,0.23406801,0.24543899,0.234064,0.245028,0.245028,2739121621
2025-05-23,0.245028,0.25361699,0.22377799,0.224814,0.224814,3466192197
2025-05-24,0.224814,0.230362,0.22405399,0.225297,0.225297,1223553027
2025-05-25,0.225297,0.226271,0.216231,0.22498401,0.22498401,1528958070
2025-05-26,0.22498301,0.23027501,0.22301,0.226025,0.226025,1172026172
2025-05-27,0.22603001,0.232007,0.22011,0.226164,0.226164,1406054690
2025-05-28,0.226161,0.22765701,0.217216,0.220782,0.220782,1203668237
2025-05-29,0.220782,0.227834,0.21458299,0.21483301,0.21483301,1561923823
2025-05-30,0.214837,0.2163,0.19213501,0.193436,0.193436,2466944860
2025-05-31,0.193442,0.195352,0.18606301,0.192579,0.192579,1529424800
2025-06-01,0.192578,0.19478001,0.187268,0.19363201,0.19363201,939280532
2025-06-02,0.19363201,0.19606499,0.18887199,0.19539,0.19539,1007324701
2025-06-03,0.19539601,0.200251,0.19219001,0.193138,0.193138,1062603805
2025-06-04,0.193139,0.19690999,0.187427,0.188236,0.188236,779255975
2025-06-05,0.188237,0.192376,0.16923299,0.171628,0.171628,1718819551
2025-06-06,0.171627,0.18425301,0.170184,0.178973,0.178973,1247591143
2025-06-07,0.17896999,0.188573,0.17803399,0.185168,0.185168,836264651
2025-06-08,0.185168,0.18675099,0.18122301,0.184173,0.184173,689923176
2025-06-09,0.184173,0.195425,0.180454,0.194933,0.194933,1177667689
2025-06-10,0.194933,0.1983,0.189887,0.198282,0.198282,1400212022
2025-06-11,0.198282,0.20433199,0.191594,0.193011,0.193011,1630500550
2025-06-12,0.193011,0.193619,0.18053199,0.181548,0.181548,1254786513
2025-06-13,0.181548,0.181548,0.170792,0.18038,0.18038,1883491191
2025-06-14,0.180382,0.18044201,0.174978,0.17846701,0.17846701,777784368
2025-06-15,0.17846701,0.17857599,0.171758,0.175669,0.175669,760010233
2025-06-16,0.175669,0.181015,0.17269801,0.17269801,0.17269801,1204577500
2025-06-17,0.17269699,0.17589501,0.164303,0.169668,0.169668,1273076742
2025-06-18,0.169668,0.172061,0.164379,0.170632,0.170632,970407002
2025-06-19,0.170633,0.171847,0.167936,0.170963,0.170963,542107459
2025-06-20,0.17096099,0.17188101,0.158867,0.162475,0.162475,1099193747
2025-06-21,0.162475,0.164233,0.15177999,0.15416899,0.15416899,813191920
2025-06-22,0.15419701,0.157249,0.143774,0.15132201,0.15132201,1841758169
2025-06-23,0.15132099,0.16499101,0.149158,0.164363,0.164363,1346692450
2025-06-24,0.164363,0.167427,0.162027,0.165731,0.165731,1072291444
2025-06-25,0.16573399,0.167365,0.162992,0.16457801,0.16457801,839304495
2025-06-26,0.16457801,0.167904,0.15837,0.159986,0.159986,916611999
2025-06-27,0.159986,0.162597,0.157465,0.16106801,0.16106801,638328531
2025-06-28,0.16106901,0.16489799,0.160631,0.163692,0.163692,400589442
2025-06-29,0.163692,0.16977599,0.16271199,0.16960201,0.16960201,543918306
2025-06-30,0.16960201,0.16979399,0.162627,0.16513599,0.16513599,838074434
2025-07-01,0.16513599,0.166152,0.15706301,0.15775099,0.15775099,687516950
2025-07-02,0.15775099,0.17243899,0.15703601,0.16872001,0.16872001,1151068316
2025-07-03,0.168717,0.175191,0.167758,0.172034,0.172034,1280276705
2025-07-04,0.172033,0.17266101,0.16158199,0.162871,0.162871,1005469062
2025-07-05,0.162872,0.16495501,0.162385,0.164272,0.164272,444944070
2025-07-06,0.164272,0.174711,0.163271,0.171986,0.171986,1092475819
2025-07-07,0.171986,0.17672899,0.165904,0.16796599,0.16796599,1238654782
2025-07-08,0.16796701,0.171777,0.166131,0.17098901,0.17098901,852173993
2025-07-09,0.17098901,0.18478601,0.170103,0.180755,0.180755,1657071962
2025-07-10,0.180755,0.195742,0.178921,0.194793,0.194793,1741316233
2025-07-11,0.194787,0.212934,0.19177601,0.201188,0.201188,3859031770
2025-07-12,0.201188,0.20610601,0.19224399,0.197328,0.197328,1645230470
2025-07-13,0.197328,0.203609,0.196262,0.198595,0.198595,1460860601
2025-07-14,0.198595,0.210389,0.19553,0.197431,0.197431,2642688097
2025-07-15,0.197431,0.19917899,0.188751,0.19916201,0.19916201,2108544271
2025-07-16,0.19916201,0.219732,0.195721,0.21274699,0.21274699,2865490732
2025-07-17,0.21274699,0.222055,0.20738199,0.21802799,0.21802799,3524415111
2025-07-18,0.21802001,0.25253701,0.216755,0.236129,0.236129,6909551812
2025-07-19,0.236139,0.25663301,0.236082,0.241493,0.241493,4276687151
2025-07-20,0.241493,0.27696601,0.240242,0.27292901,0.27292901,6077966743
2025-07-21,0.27292901,0.28675601,0.26493001,0.27171901,0.27171901,6129417334
2025-07-22,0.27171901,0.274409,0.25819501,0.27037901,0.27037901,4399161114
2025-07-23,0.27037799,0.270877,0.232087,0.240649,0.240649,4422461834
2025-07-24,0.24066301,0.24647801,0.223279,0.23197401,0.23197401,4245820253
2025-07-25,0.23197401,0.236812,0.221982,0.236812,0.236812,3502127057
2025-07-26,0.236808,0.23986401,0.23318499,0.235514,0.235514,1499470254
2025-07-27,0.235513,0.24357399,0.23473901,0.240803,0.240803,1975404021
2025-07-28,0.240803,0.24821401,0.224932,0.225226,0.225226,2900653769
2025-07-29,0.22523201,0.232449,0.21831299,0.223793,0.223793,2219777443
2025-07-30,0.223793,0.226144,0.211008,0.2199,0.2199,2295849760
2025-07-31,0.2199,0.225513,0.209218,0.20987301,0.20987301,1775122878
2025-08-01,0.20985401,0.212035,0.196777,0.201216,0.201216,3400021925
2025-08-02,0.201216,0.203219,0.18962701,0.191214,0.191214,2202580408
2025-08-03,0.191214,0.199928,0.189542,0.198864,0.198864,1383820507
2025-08-04,0.198863,0.211188,0.198653,0.21041299,0.21041299,1808700824
2025-08-05,0.21041299,0.210878,0.196447,0.19973899,0.19973899,1606059547
2025-08-06,0.19973999,0.207018,0.195741,0.205255,0.205255,1273212150
2025-08-07,0.205255,0.222873,0.20354301,0.22239,0.22239,2060907648
2025-08-08,0.22239099,0.232236,0.220015,0.230214,0.230214,2813209061
2025-08-09,0.23021901,0.246098,0.229958,0.240325,0.240325,3167912055
2025-08-10,0.240325,0.24313,0.229978,0.234099,0.234099,2275130914
2025-08-11,0.23410299,0.24140801,0.221562,0.22255,0.22255,2818659723
2025-08-12,0.222551,0.2378,0.21919701,0.23566601,0.23566601,2721898586
2025-08-13,0.23566601,0.24965701,0.231602,0.245202,0.245202,4066944826
2025-08-14,0.245202,0.25477901,0.218133,0.223893,0.223893,5430971906
2025-08-15,0.223894,0.232849,0.220671,0.228613,0.228613,3284438866
2025-08-16,0.228613,0.235411,0.22639699,0.23124599,0.23124599,2012788849
2025-08-17,0.231245,0.242348,0.228726,0.234565,0.234565,2308822296
2025-08-18,0.234565,0.235532,0.220459,0.222425,0.222425,3221260023
2025-08-19,0.222424,0.22556201,0.208966,0.209048,0.209048,2965240262
2025-08-20,0.20905,0.22272199,0.20852999,0.22145,0.22145,3332092604
2025-08-21,0.22145,0.22403,0.214099,0.21474899,0.21474899,2146370687
2025-08-22,0.214747,0.241725,0.20875099,0.24059001,0.24059001,4553800466
2025-08-23,0.24058799,0.240593,0.22927099,0.236009,0.236009,2633509850
2025-08-24,0.236021,0.24450199,0.228374,0.23179799,0.23179799,3243609548
2025-08-25,0.231804,0.23411,0.207201,0.209824,0.209824,3601938683
2025-08-26,0.209824,0.219824,0.20824599,0.218465,0.218465,2273426712
2025-08-27,0.21846201,0.22326501,0.216316,0.21891899,0.21891899,2291320646
2025-08-28,0.218926,0.225878,0.217237,0.22434001,0.22434001,1900714656
2025-08-29,0.224338,0.224628,0.21003801,0.214035,0.214035,2575985418
2025-08-30,0.21403401,0.21842,0.21200199,0.21597999,0.21597999,1092661803
2025-08-31,0.21598101,0.220946,0.213563,0.213815,0.213815,1044727824
2025-09-01,0.21381199,0.21962599,0.20545299,0.210254,0.210254,2726790335
2025-09-02,0.210252,0.21526299,0.206999,0.214818,0.214818,2083072411
2025-09-03,0.214818,0.22324,0.212659,0.22056,0.22056,1806352077
2025-09-04,0.22056,0.220892,0.210789,0.212477,0.212477,1600512717
2025-09-05,0.212469,0.220651,0.21210501,0.217904,0.217904,2429307965
2025-09-06,0.217904,0.21872599,0.212552,0.215886,0.215886,1195532222
2025-09-07,0.215886,0.22905201,0.215867,0.228443,0.228443,1913782985
2025-09-08,0.228443,0.24364001,0.22695,0.241881,0.241881,3729000010
2025-09-09,0.241881,0.248531,0.234089,0.24068999,0.24068999,4216668251
2025-09-10,0.24069101,0.24803901,0.23697001,0.245395,0.245395,2829953595
2025-09-11,0.24539199,0.25685599,0.244302,0.255658,0.255658,3760658715
2025-09-12,0.25565201,0.27838701,0.25516501,0.275428,0.275428,4643519794
2025-09-13,0.27542001,0.30564201,0.27314699,0.289464,0.289464,9024886352
2025-09-14,0.28946301,0.29421201,0.27318799,0.27858999,0.27858999,5708225877
2025-09-15,0.27858701,0.281681,0.25982901,0.26863,0.26863,5721394577
2025-09-16,0.26862901,0.27156201,0.25896901,0.26977101,0.26977101,4384096063
2025-09-17,0.26977101,0.283566,0.26224601,0.282464,0.282464,4837069879
2025-09-18,0.28244901,0.287902,0.27646101,0.278779,0.278779,4420244724
2025-09-19,0.27878001,0.284022,0.26371101,0.265387,0.265387,3402582767
2025-09-20,0.26538801,0.26914501,0.26356599,0.26774901,0.26774901,1791655632
2025-09-21,0.26774901,0.26968399,0.26082999,0.261159,0.261159,1759685373
2025-09-22,0.26115999,0.262041,0.23585799,0.24131601,0.24131601,5600811076
2025-09-23,0.24131501,0.24340101,0.23470201,0.237388,0.237388,2979805692
2025-09-24,0.237386,0.250155,0.232086,0.241244,0.241244,3426936081
2025-09-25,0.241245,0.241934,0.22157,0.222706,0.222706,4513449818
2025-09-26,0.22271401,0.233288,0.222036,0.232629,0.232629,3136341383
2025-09-27,0.232629,0.23421501,0.228247,0.230836,0.230836,1404236029
2025-09-28,0.230838,0.237472,0.225417,0.237388,0.237388,1629383714
2025-09-29,0.237389,0.238685,0.22916999,0.235057,0.235057,2451434578
2025-09-30,0.235067,0.235651,0.226797,0.232905,0.232905,2112968133
2025-10-01,0.232905,0.248365,0.23083299,0.248365,0.248365,2935493861
2025-10-02,0.248372,0.26341501,0.24705499,0.26193699,0.26193699,3466616007
2025-10-03,0.26194,0.26496899,0.25354701,0.25860301,0.25860301,3285893533
2025-10-04,0.25860399,0.25940499,0.247337,0.25091699,0.25091699,2121406683
2025-10-05,0.25091499,0.26466501,0.249815,0.25295401,0.25295401,3422890843
2025-10-06,0.25295401,0.27004701,0.251322,0.26631299,0.26631299,3938750191
2025-10-07,0.266312,0.26786301,0.24725699,0.247316,0.247316,4263519773
2025-10-08,0.247316,0.26093099,0.24413601,0.25556299,0.25556299,3136056857
2025-10-09,0.25556201,0.25570899,0.241941,0.24856301,0.24856301,3221293489
2025-10-10,0.24856301,0.25362399,0.114784,0.19315501,0.19315501,8989277920
2025-10-11,0.19315501,0.200234,0.179012,0.185443,0.185443,6948749972
2025-10-12,0.185441,0.214049,0.181756,0.20779499,0.20779499,5183180935
2025-10-13,0.20779499,0.21827,0.20474599,0.213991,0.213991,4745994514
2025-10-14,0.213991,0.215544,0.195104,0.204532,0.204532,4841725506
2025-10-15,0.204532,0.207973,0.195098,0.196327,0.196327,2877365449
2025-10-16,0.196328,0.201235,0.18520901,0.18836699,0.18836699,3498982322
2025-10-17,0.188366,0.190797,0.176211,0.18484201,0.18484201,3317944601
2025-10-18,0.18485001,0.19022299,0.184532,0.18959901,0.18959901,1238849111
2025-10-19,0.18959901,0.198535,0.186295,0.19532301,0.19532301,1982258702
2025-10-20,0.195324,0.202447,0.19194099,0.200114,0.200114,2148033213
2025-10-21,0.200156,0.20543499,0.192332,0.194389,0.194389,2783675973
2025-10-22,0.19438601,0.19531401,0.186501,0.19000199,0.19000199,2573427089
2025-10-23,0.19000199,0.197216,0.189832,0.19484399,0.19484399,1769172845
2025-10-24,0.194858,0.199683,0.19440199,0.197698,0.197698,1546313970
2025-10-25,0.197698,0.199718,0.196252,0.196591,0.196591,1136645097
2025-10-26,0.19659001,0.206411,0.194793,0.20567,0.20567,1679630618
2025-10-27,0.205668,0.209315,0.19980299,0.20038199,0.20038199,1984421014
2025-10-28,0.20038199,0.202907,0.19122,0.193757,0.193757,2809894306
2025-10-29,0.193755,0.19727001,0.189077,0.19238999,0.19238999,2590886109
2025-10-30,0.19238301,0.194489,0.17678601,0.18271001,0.18271001,3112664146
2025-10-31,0.182713,0.187756,0.18251,0.186433,0.186433,1579798665
2025-11-01,0.186432,0.188383,0.18529899,0.187281,0.187281,849876271
2025-11-02,0.18728,0.188677,0.18248001,0.186573,0.186573,967206772
2025-11-03,0.186572,0.18657801,0.163827,0.167243,0.167243,3648984899
2025-11-04,0.16724201,0.170885,0.152496,0.16269501,0.16269501,4796083616
2025-11-05,0.16269501,0.16846301,0.155305,0.16738001,0.16738001,2522587575
2025-11-06,0.16737901,0.16738001,0.157731,0.161406,0.161406,1870692567
2025-11-07,0.16140801,0.181384,0.160486,0.178673,0.178673,2931787387
2025-11-08,0.178674,0.183009,0.17331199,0.176182,0.176182,2236137677
2025-11-09,0.176182,0.18096399,0.17167901,0.17926,0.17926,1608940509
2025-11-10,0.179259,0.185019,0.17766,0.181814,0.181814,2127003685
2025-11-11,0.181813,0.18534601,0.17186999,0.172025,0.172025,2107396312
2025-11-12,0.17202,0.178284,0.16748101,0.170081,0.170081,1803938275
2025-11-13,0.170081,0.17679501,0.160322,0.164296,0.164296,2729846444
2025-11-14,0.164296,0.165719,0.155417,0.15746599,0.15746599,3090051874
2025-11-15,0.15746599,0.16429301,0.157465,0.163137,0.163137,1245164553
2025-11-16,0.163137,0.165328,0.15441699,0.15866099,0.15866099,1764383845
2025-11-17,0.15866099,0.163945,0.15091901,0.15189201,0.15189201,2792290270
2025-11-18,0.15189201,0.162533,0.150102,0.161704,0.161704,2444487369
2025-11-19,0.161704,0.16209701,0.14731,0.15432499,0.15432499,2265496568
2025-11-20,0.15432499,0.1591,0.14643601,0.149092,0.149092,2500681053
2025-11-21,0.149093,0.150626,0.134114,0.140182,0.140182,3788412140
2025-11-22,0.140182,0.14190599,0.13589799,0.140304,0.140304,1508164780
2025-11-23,0.140304,0.14742599,0.13976,0.144831,0.144831,1345739666
2025-11-24,0.144831,0.153595,0.14377999,0.151794,0.151794,1886500747
2025-11-25,0.151795,0.15473901,0.146309,0.152972,0.152972,1584986684
2025-11-26,0.152972,0.156602,0.1489,0.154778,0.154778,1505665002
2025-11-27,0.154778,0.155463,0.15235899,0.152689,0.152689,922512953
2025-11-28,0.15268999,0.155008,0.14862999,0.15028,0.15028,1307624427
2025-11-29,0.150279,0.150801,0.14761899,0.148569,0.148569,648320199
2025-11-30,0.148569,0.150482,0.146669,0.146669,0.146669,717631352
2025-12-01,0.146669,0.146671,0.132366,0.13558801,0.13558801,1935250412
2025-12-02,0.13558801,0.147246,0.134701,0.145972,0.145972,1442143940
2025-12-03,0.14597,0.15291899,0.14539,0.151944,0.151944,1522255570
2025-12-04,0.15192001,0.152731,0.14598399,0.147503,0.147503,1232527768
2025-12-05,0.147503,0.148284,0.137661,0.139632,0.139632,1279447426
2025-12-06,0.139632,0.14058501,0.138565,0.139743,0.139743,637344481
2025-12-07,0.139745,0.142832,0.135271,0.138576,0.138576,1065448744
2025-12-08,0.13857099,0.14460801,0.138245,0.142599,0.142599,1167700280
2025-12-09,0.1426,0.152913,0.13962699,0.148037,0.148037,1669844829
2025-12-10,0.148037,0.150121,0.14282501,0.14351501,0.14351501,1454774688
2025-12-11,0.143499,0.143543,0.136535,0.140384,0.140384,1459697025
2025-12-12,0.140384,0.14139,0.134709,0.136949,0.136949,1065894918
2025-12-13,0.136949,0.13990401,0.13694701,0.139166,0.139166,519857549
2025-12-14,0.139166,0.139238,0.133396,0.13416401,0.13416401,831077847
2025-12-15,0.134165,0.13807499,0.12731799,0.129732,0.129732,1383279585
2025-12-16,0.129732,0.13293301,0.128218,0.13174,0.13174,1026120710
2025-12-17,0.131741,0.135922,0.125113,0.126175,0.126175,1368935538
2025-12-18,0.126176,0.13042,0.120234,0.122047,0.122047,1762583322
2025-12-19,0.122048,0.133113,0.120733,0.13221399,0.13221399,1479134848
2025-12-20,0.13221499,0.132452,0.13077199,0.131952,0.131952,537943591
2025-12-21,0.131952,0.13299701,0.12890799,0.13105799,0.13105799,662389637
2025-12-22,0.13105699,0.134988,0.13,0.132434,0.132434,1123402771
2025-12-23,0.132434,0.13349999,0.128213,0.129195,0.129195,920201581
2025-12-24,0.12919299,0.130181,0.126715,0.128518,0.128518,638034560
2025-12-25,0.128517,0.128858,0.123253,0.123545,0.123545,726734769
2025-12-26,0.123545,0.127244,0.120775,0.122013,0.122013,1170409215
2025-12-27,0.122013,0.124485,0.121919,0.124224,0.124224,481541479
2025-12-28,0.124225,0.124725,0.122815,0.123825,0.123825,458322998
2025-12-29,0.123825,0.127817,0.122229,0.12273,0.12273,1128737873
2025-12-30,0.12273,0.124886,0.122391,0.123276,0.123276,915801292
2025-12-31,0.123276,0.123539,0.116188,0.117294,0.117294,1037180935
2026-01-01,0.117293,0.126957,0.117293,0.12668,0.12668,1303368853
2026-01-02,0.126683,0.144536,0.12587,0.141673,0.141673,3130956326
2026-01-03,0.141673,0.14412899,0.139617,0.143058,0.143058,1603761211
2026-01-04,0.143059,0.153908,0.143031,0.149308,0.149308,2329346323
2026-01-05,0.149307,0.15353499,0.146479,0.15181801,0.15181801,2074134256
2026-01-06,0.15181699,0.156091,0.14388099,0.15063301,0.15063301,2233301980
2026-01-07,0.15063199,0.153616,0.14525899,0.146255,0.146255,1527678668
2026-01-08,0.146256,0.14738099,0.138402,0.141995,0.141995,1645615672
2026-01-09,0.141987,0.143796,0.13852701,0.14048,0.14048,1302798478
2026-01-10,0.14048,0.140515,0.139047,0.13947301,0.13947301,468571514
2026-01-11,0.139475,0.140862,0.135924,0.13773701,0.13773701,816409422
2026-01-12,0.13773599,0.142084,0.135498,0.13654,0.13654,1327503214
2026-01-13,0.13654,0.15019,0.13620199,0.148095,0.148095,1732372910
2026-01-14,0.148096,0.151069,0.14566199,0.147223,0.147223,1778999507
2026-01-15,0.147221,0.14722601,0.139002,0.13999499,0.13999499,1541885031
2026-01-16,0.13999499,0.140315,0.135354,0.13805901,0.13805901,1398269621
2026-01-17,0.13805901,0.139742,0.13691799,0.13779201,0.13779201,617323254
2026-01-18,0.13779201,0.138236,0.131643,0.131659,0.131659,808975310
2026-01-19,0.131658,0.13166399,0.124641,0.129067,0.129067,1914066465
2026-01-20,0.129068,0.129135,0.123163,0.123267,0.123267,1323990723
2026-01-21,0.123267,0.128539,0.120743,0.12648,0.12648,1594881270
2026-01-22,0.12648,0.12774201,0.123237,0.124207,0.124207,827497183
2026-01-23,0.124207,0.127298,0.122183,0.124646,0.124646,904439765
2026-01-24,0.124646,0.124689,0.123002,0.124096,0.124096,377237700
2026-01-25,0.124096,0.124138,0.117833,0.119299,0.119299,1040862578
2026-01-26,0.119301,0.12351,0.119275,0.1223,0.1223,1151054520
2026-01-27,0.1223,0.126286,0.121439,0.12601,0.12601,1096515615
2026-01-28,0.12601,0.12727199,0.12379,0.124873,0.124873,1064072731
2026-01-29,0.124875,0.124902,0.114489,0.117099,0.117099,1681357064
2026-01-30,0.117099,0.118353,0.112456,0.115663,0.115663,1638538810
2026-01-31,0.115663,0.115663,0.099590003,0.104099,0.104099,2644125762
2026-02-01,0.104098,0.106534,0.101636,0.104344,0.104344,1460160286
2026-02-02,0.104341,0.110035,0.099735998,0.107864,0.107864,1987430619
2026-02-03,0.107864,0.109996,0.102348,0.105646,0.105646,1957004305
2026-02-04,0.105644,0.109096,0.101451,0.103767,0.103767,1647515646
2026-02-05,0.103767,0.104288,0.087361,0.088285998,0.088285998,3236639682
2026-02-06,0.088285998,0.101416,0.081573002,0.098489001,0.098489001,3019798108
2026-02-07,0.098488003,0.099253997,0.094956003,0.098277003,0.098277003,1554578203
2026-02-08,0.098277003,0.098539002,0.095297001,0.096738003,0.096738003,813743324
2026-02-09,0.096735999,0.097113997,0.092584997,0.096020997,0.096020997,945795680
2026-02-10,0.096022002,0.096414998,0.092119999,0.092698999,0.092698999,840498107
2026-02-11,0.092698999,0.093484998,0.088326,0.091049001,0.091049001,1032329246
2026-02-12,0.091049001,0.09437,0.090883002,0.092988998,0.092988998,851954055
2026-02-13,0.092988998,0.097447,0.091801003,0.096582003,0.096582003,879500779
2026-02-14,0.096583001,0.11312,0.096359998,0.111169,0.111169,1609438576
2026-02-15,0.111168,0.117099,0.101759,0.102657,0.102657,2563783568
2026-02-16,0.102657,0.103361,0.098834001,0.100982,0.100982,1222534498
2026-02-17,0.100982,0.103004,0.098596998,0.100631,0.100631,986666468
2026-02-18,0.100631,0.102227,0.097664997,0.098513,0.098513,729291583
2026-02-19,0.098513,0.099004999,0.096202999,0.098289996,0.098289996,800628206
2026-02-20,0.098291002,0.102117,0.095928997,0.100123,0.100123,1090061835
2026-02-21,0.100123,0.100866,0.098472998,0.098477997,0.098477997,500345490
2026-02-22,0.098477997,0.098480999,0.094756998,0.095453002,0.095453002,528956200
2026-02-23,0.095452003,0.097450003,0.091734,0.092573002,0.092573002,1060468925
2026-02-24,0.092573002,0.093332,0.090341002,0.091462001,0.091462001,812929133
2026-02-25,0.091462001,0.105746,0.091053002,0.100739,0.100739,1718365946
2026-02-26,0.100738,0.101444,0.095665,0.097029001,0.097029001,1132980994
2026-02-27,0.097029001,0.098990999,0.092542998,0.093369998,0.093369998,1000779753
2026-02-28,0.093369998,0.094660997,0.087917,0.094063997,0.094063997,1541167339
2026-03-01,0.094063997,0.097469002,0.090668999,0.091929004,0.091929004,1305707878
2026-03-02,0.091929004,0.097244002,0.090868004,0.093547001,0.093547001,1243748292
2026-03-03,0.093547001,0.093672998,0.088722996,0.090033002,0.090033002,1332806985
2026-03-04,0.090033002,0.10402,0.088802002,0.099027999,0.099027999,2557379537
2026-03-05,0.099027999,0.099102996,0.092914999,0.093535997,0.093535997,1361504900
2026-03-06,0.093535997,0.094254002,0.090066001,0.091261998,0.091261998,1016580083
2026-03-07,0.091261998,0.091941997,0.089541003,0.089937001,0.089937001,549955367
2026-03-08,0.089937001,0.091205001,0.087439999,0.089162998,0.089162998,902261216
2026-03-09,0.089162998,0.092533998,0.089125,0.090382002,0.090382002,1143463665
2026-03-10,0.090383999,0.100138,0.090383999,0.094547004,0.094547004,2001286838
2026-03-11,0.094547004,0.094628997,0.091635004,0.092886001,0.092886001,1392246716
2026-03-12,0.092886999,0.095717996,0.091908999,0.094736002,0.094736002,1086419780
2026-03-13,0.094736002,0.101596,0.094723001,0.095945001,0.095945001,2062953190
2026-03-14,0.095945001,0.096378997,0.094146997,0.095991001,0.095991001,796905714
2026-03-15,0.095991001,0.097955003,0.094669998,0.097393997,0.097393997,970107780
2026-03-16,0.097396001,0.103403,0.097126,0.103141,0.103141,2434118912
2026-03-17,0.103141,0.104164,0.098646998,0.100159,0.100159,1527791766
2026-03-18,0.100161,0.101733,0.09341,0.095183,0.095183,1574300234
2026-03-19,0.095183,0.095931999,0.091885999,0.093552001,0.093552001,959041027
2026-03-20,0.093552001,0.095266998,0.092990004,0.094171003,0.094171003,760919548
2026-03-21,0.094172001,0.094908997,0.091116004,0.091215998,0.091215998,522903398
2026-03-22,0.091224,0.092752002,0.089304999,0.090103999,0.090103999,938057621
2026-03-23,0.090103999,0.095633999,0.08935,0.094187997,0.094187997,1613527933
2026-03-24,0.094191,0.095484003,0.092496,0.095103003,0.095103003,1055241754
2026-03-25,0.095103003,0.097719997,0.094503999,0.096119002,0.096119002,1200850547
2026-03-26,0.096119002,0.096188001,0.090659998,0.092022002,0.092022002,1220182628
2026-03-27,0.092022002,0.092578001,0.089358002,0.090016998,0.090016998,855528672
2026-03-28,0.090017997,0.094995998,0.089699998,0.090887003,0.090887003,979449553
2026-03-29,0.090887003,0.091499001,0.088624999,0.090397,0.090397,736546723
2026-03-30,0.090397,0.093630999,0.090338998,0.090710998,0.090710998,1173367524
2026-03-31,0.090710998,0.092593998,0.089422002,0.092207998,0.092207998,1084425209
2026-04-01,0.092207998,0.094346002,0.091637,0.092191003,0.092191003,991662262
2026-04-02,0.092191003,0.092597,0.089229003,0.090374,0.090374,1039856118
2026-04-03,0.090374,0.092431001,0.089982003,0.091535002,0.091535002,678899030
2026-04-04,0.091535002,0.092942998,0.090801001,0.092018001,0.092018001,482063762
2026-04-05,0.092018001,0.092320003,0.089798003,0.092266999,0.092266999,659625530
2026-04-06,0.092266999,0.093369,0.090092003,0.090594999,0.090594999,1118708956
2026-04-07,0.090594999,0.095836997,0.090122998,0.095036,0.095036,1483465291
2026-04-08,0.095036,0.095196001,0.09228,0.092396997,0.092396997,1434291416
2026-04-09,0.092396997,0.094605997,0.091049999,0.092529997,0.092529997,1472976981
2026-04-10,0.092529997,0.095159002,0.09206,0.093734004,0.093734004,1303958868
2026-04-11,0.093734004,0.094770998,0.092428997,0.093111999,0.093111999,1023168856
2026-04-12,0.093111999,0.093226001,0.090443,0.090833999,0.090833999,1255120519
2026-04-13,0.090833999,0.094286002,0.090779997,0.094126001,0.094126001,1505950736
2026-04-14,0.094126001,0.097443998,0.092582002,0.093011998,0.093011998,2377788953
2026-04-15,0.093010999,0.096414998,0.092753999,0.094919004,0.094919004,1330401093
2026-04-16,0.094919004,0.099647,0.094632998,0.099196002,0.099196002,2821086478
2026-04-17,0.099197999,0.101999,0.096787997,0.099545002,0.099545002,2698889767
2026-04-18,0.099545002,0.099679001,0.094453,0.094903998,0.094903998,1628522617
2026-04-19,0.094902001,0.095996,0.092743002,0.093060002,0.093060002,1874450943
2026-04-20,0.093059003,0.096020997,0.093057998,0.095246002,0.095246002,1385975118
2026-04-21,0.095243998,0.095876001,0.093721002,0.095151,0.095151,1043337281
2026-04-22,0.095151998,0.098471999,0.094933003,0.095738001,0.095738001,1646535784
2026-04-23,0.095739,0.097943999,0.095385998,0.097203001,0.097203001,1613587143
2026-04-24,0.097203001,0.099160001,0.097002998,0.098456003,0.098456003,1600279263
2026-04-25,0.098456003,0.099008001,0.09747,0.098048002,0.098048002,902226862
2026-04-26,0.098048002,0.099785998,0.097570002,0.099289,0.099289,1062539949
2026-04-27,0.099289,0.100704,0.097098999,0.098977998,0.098977998,1599145745
2026-04-28,0.098980002,0.100481,0.098165996,0.099379003,0.099379003,1800926086
2026-04-29,0.099379003,0.110357,0.099329002,0.104018,0.104018,4576701689
2026-04-30,0.104018,0.108146,0.104003,0.106493,0.106493,2544825095
2026-05-01,0.106493,0.110403,0.106471,0.108394,0.108394,2242834148
2026-05-02,0.108394,0.109149,0.107291,0.108446,0.108446,1160422010
2026-05-03,0.108446,0.10945,0.107227,0.108274,0.108274,1023645466
2026-05-04,0.108274,0.113469,0.107799,0.110172,0.110172,2664862403
2026-05-05,0.110168,0.116183,0.110097,0.114884,0.114884,1813436313
2026-05-06,0.114884,0.116875,0.112092,0.112427,0.112427,2419876400
2026-05-07,0.112428,0.112441,0.107389,0.10781,0.10781,1654526434
2026-05-08,0.10781,0.109607,0.105806,0.109456,0.109456,1287284889
2026-05-09,0.109456,0.111036,0.108175,0.108717,0.108717,842193893
2026-05-10,0.108717,0.112696,0.107572,0.112518,0.112518,1381684972
2026-05-11,0.112518,0.112544,0.10858,0.111275,0.111275,1467112252
2026-05-12,0.111275,0.111496,0.107627,0.110016,0.110016,1220750077
2026-05-13,0.110016,0.114504,0.109921,0.11271,0.11271,1961859469
2026-05-14,0.11271,0.118255,0.112094,0.11529,0.11529,2701345396
2026-05-15,0.115291,0.117219,0.111,0.113359,0.113359,1734943099
2026-05-16,0.113357,0.113358,0.107882,0.109362,0.109362,1040833248
2026-05-17,0.109362,0.11262,0.107083,0.108775,0.108775,958511707
2026-05-18,0.108775,0.10895,0.102634,0.104651,0.104651,1572790953
2026-05-19,0.104651,0.105257,0.102631,0.102923,0.102923,678087083
2026-05-20,0.102923,0.104633,0.101969,0.103574,0.103574,718673911
2026-05-21,0.103574,0.106358,0.10357,0.105494,0.105494,915330742
2026-05-22,0.105495,0.106527,0.101779,0.102255,0.102255,782017162
2026-05-23,0.102255,0.104739,0.098181002,0.102982,0.102982,1148990404
2026-05-24,0.102982,0.103461,0.100581,0.102194,0.102194,576461248
2026-05-25,0.102194,0.103487,0.10167,0.102067,0.102067,512022709
2026-05-26,0.102067,0.103648,0.100286,0.100909,0.100909,794020531
2026-05-27,0.100909,0.102848,0.099835001,0.100416,0.100416,804090270
2026-05-28,0.100416,0.100643,0.096754998,0.099413,0.099413,965939870
2026-05-29,0.099413,0.100964,0.097528003,0.099638999,0.099638999,713308044
2026-05-30,0.099638999,0.101613,0.099434003,0.100385,0.100385,573303190
2026-05-31,0.100385,0.10119,0.099082999,0.100256,0.100256,519375538
2026-06-01,0.100255,0.101337,0.097773001,0.100736,0.100736,1085202118
2026-06-02,0.100736,0.101046,0.091399997,0.092578001,0.092578001,1479233067
2026-06-03,0.092575997,0.094343998,0.090778999,0.091357999,0.091357999,956689831
2026-06-04,0.091357999,0.091642998,0.086762004,0.088380001,0.088380001,1454997905
2026-06-05,0.088380001,0.088573001,0.079182997,0.081359997,0.081359997,1953394364
2026-06-06,0.081359997,0.082881004,0.078094997,0.081853002,0.081853002,938400078
2026-06-07,0.081853002,0.086903997,0.081683002,0.086089,0.086089,824946985
2026-06-08,0.086089998,0.087433003,0.084440999,0.086287998,0.086287998,653338940
2026-06-09,0.086287998,0.086630002,0.083269,0.084787004,0.084787004,760706416
2026-06-10,0.084785998,0.085082002,0.081917003,0.082955003,0.082955003,603745819
2026-06-11,0.082952999,0.086878002,0.082919002,0.085974999,0.085974999,620809279
2026-06-12,0.085974999,0.091693997,0.085134998,0.085964002,0.085964002,1233803732
2026-06-13,0.085965,0.088707998,0.085846998,0.087871,0.087871,594340596
2026-06-14,0.087871,0.088905998,0.085738003,0.088766001,0.088766001,548008068
2026-06-15,0.088766001,0.090746,0.087863997,0.088109002,0.088109002,991467900
2026-06-16,0.088109002,0.088849999,0.086328998,0.087114997,0.087114997,695949486
2026-06-17,0.087114997,0.087945998,0.085014001,0.085796997,0.085796997,582872315
2026-06-18,0.085795999,0.086432002,0.081906997,0.083425,0.083425,534177121
2026-06-19,0.083425,0.083830997,0.081891,0.083527997,0.083527997,364426485
2026-06-20,0.083526999,0.084207997,0.082627997,0.083595999,0.083595999,357318788
2026-06-21,0.083595999,0.083678998,0.082161002,0.082171999,0.082171999,306721310
2026-06-22,0.082171999,0.084941998,0.081944004,0.082405999,0.082405999,450831568
2026-06-23,0.082405999,0.082581997,0.078304,0.078841001,0.078841001,661419088
2026-06-24,0.078841001,0.079603001,0.072967,0.076011002,0.076011002,943832498
2026-06-25,0.076011002,0.077274002,0.072058998,0.074786998,0.074786998,824804872
2026-06-26,0.074786998,0.075935997,0.072267003,0.075662002,0.075662002,775998512
2026-06-27,0.075662002,0.076250002,0.074244,0.074429996,0.074429996,423128832
2026-06-28,0.074429996,0.074555002,0.072263002,0.073092997,0.073092997,451615344
2026-06-29,0.073092997,0.073977001,0.071951002,0.073284999,0.073284999,632551100
2026-06-30,0.073284999,0.073408,0.069610998,0.071993999,0.071993999,804871522
2026-07-01,0.071994998,0.073660001,0.070785001,0.072177,0.072177,634691110
2026-07-02,0.072177,0.075337999,0.071681999,0.074079998,0.074079998,720590514
2026-07-03,0.074079998,0.078229003,0.073886998,0.077490002,0.077490002,686589926
2026-07-04,0.077490002,0.079233997,0.076587997,0.077588998,0.077588998,637816413
2026-07-05,0.077587999,0.078630999,0.075383,0.077734001,0.077734001,576175431
2026-07-06,0.077734001,0.078143001,0.074459001,0.076582998,0.076582998,796943568
2026-07-07,0.076582998,0.076899,0.073873997,0.074184,0.074184,614095619
2026-07-08,0.074184,0.074325003,0.071067996,0.072310999,0.072310999,623046331
2026-07-09,0.072310999,0.073490001,0.072028004,0.072858997,0.072858997,474045659
2026-07-10,0.072857998,0.074568003,0.072682001,0.074046999,0.074046999,490630557
2026-07-11,0.074046001,0.075464003,0.073269002,0.073269002,0.073269002,418621412
2026-07-12,0.073270001,0.073781997,0.072397999,0.072682999,0.072682999,410320711
2026-07-13,0.072682999,0.073951997,0.070974,0.071851,0.071851,482776650
2026-07-14,0.071851,0.07525,0.071402997,0.074441001,0.074441001,626004788
2026-07-15,0.074440002,0.075152002,0.073427998,0.074043997,0.074043997,643787478
2026-07-16,0.074042998,0.074313998,0.072152004,0.072341003,0.072341003,479419102
2026-07-17,0.072341003,0.072841004,0.071073003,0.072511002,0.072511002,481867256
2026-07-18,0.072509997,0.072710998,0.071956001,0.072469003,0.072469003,288703070
2026-07-19,0.072469003,0.072733998,0.071878999,0.072310001,0.072310001,317317635
2026-07-20,0.072310001,0.073482998,0.071268,0.072139002,0.072139002,688263015
2026-07-21,0.072140001,0.073702998,0.071925998,0.073282003,0.073282003,563152290
2026-07-22,0.073284,0.073767997,0.072121002,0.072952002,0.072952002,550152848
2026-07-23,0.072952002,0.073156998,0.068755999,0.069132999,0.069132999,826187083
2026-07-24,0.069132999,0.070037,0.068292998,0.069521002,0.069521002,668668235
2026-07-25,0.069521002,0.073478997,0.069201,0.071675003,0.071675003,683104351
2026-07-26,0.071675003,0.073803999,0.071589999,0.073297001,0.073297001,614864450
2026-07-27,0.073297001,0.073303998,0.070198998,0.070334002,0.070334002,574579762
2026-07-28,0.070334002,0.071277,0.069340996,0.070749998,0.070749998,576281369
2026-07-29,0.070750996,0.071027003,0.069091998,0.070073999,0.070073999,593504603
2026-07-30,0.070073999,0.070910998,0.069614001,0.070551999,0.070551999,487290066
2026-07-31,0.070551999,0.070853002,0.068701997,0.069519997,0.069519997,566191793
2026-08-01,0.069519997,0.070165001,0.067973003,0.069072001,0.069072001,420631180
2026-08-02,0.069072001,0.071172997,0.069072001,0.070679002,0.070679002,422700048
2026-08-03,0.07068,0.070730999,0.068958998,0.070143998,0.070143998,479807812
2026-08-04,0.070143998,0.070525996,0.069798999,0.070042998,0.070042998,401984213
2026-08-05,0.070044003,0.070433997,0.069325,0.069982,0.069982,413765662
2026-08-06,0.069982,0.070070997,0.068348996,0.068988003,0.068988003,406618557
2026-08-07,0.068986997,0.070122004,0.068865001,0.069623001,0.069623001,456543350
2026-08-08,0.069623001,0.071405999,0.069569997,0.070390999,0.070390999,389867619
2026-08-09,0.070390999,0.070814997,0.069251999,0.069255002,0.069255002,312351818
2026-08-10,0.069255002,0.070055,0.069182001,0.069688,0.069688,369763045
2026-08-11,0.069688,0.072864003,0.069608003,0.071831003,0.071831003,539009187
2026-08-12,0.071831003,0.072402999,0.068951003,0.069591999,0.069591999,498657507
2026-08-13,0.069592997,0.070725001,0.069592997,0.070088997,0.070088997,309518926
2026-08-14,0.070088997,0.070279002,0.069188997,0.070001997,0.070001997,247717787
2026-08-15,0.070001997,0.070439003,0.069498003,0.06955,0.06955,176737108
2026-08-16,0.06955,0.070054002,0.069288999,0.069481999,0.069481999,195718032
2026-08-17,0.069481999,0.07051,0.069463998,0.070348002,0.070348002,306135508
2026-08-18,0.070349999,0.070472002,0.069611996,0.070212997,0.070212997,290520298
2026-08-19,0.070214003,0.076183997,0.069834001,0.074972004,0.074972004,877902423
2026-08-20,0.074970998,0.083242998,0.074470997,0.080421999,0.080421999,1541557560
2026-08-21,0.080422997,0.094227001,0.080399998,0.091627002,0.091627002,2201173402
2026-08-22,0.091626003,0.099978998,0.087991998,0.091952004,0.091952004,3404861007
2026-08-23,0.091953002,0.094389997,0.088982001,0.093418002,0.093418002,1323580928
2026-08-24,0.093418002,0.093424998,0.088469997,0.089910001,0.089910001,1363440627
2026-08-25,0.089910001,0.092958003,0.085279003,0.085716002,0.085716002,1122888607
2026-08-26,0.085715003,0.087752998,0.083995998,0.087741002,0.087741002,738992340
2026-08-27,0.087739997,0.089883998,0.086297996,0.089143001,0.089143001,834834507
2026-08-28,0.089140996,0.090107001,0.083910003,0.085219003,0.085219003,869184736
2026-08-29,0.085217997,0.085607998,0.084284,0.085281,0.085281,348058007
2026-08-30,0.085281,0.086424001,0.081169002,0.082097001,0.082097001,667536995
2026-08-31,0.082094997,0.083800003,0.081551,0.082814001,0.082814001,563787768
2026-09-01,0.082814001,0.083864003,0.080941997,0.081644997,0.081644997,634877651
2026-09-02,0.081644997,0.081982002,0.080283001,0.081635997,0.081635997,648266844
2026-09-03,0.081635997,0.089772999,0.081279002,0.087780997,0.087780997,1215155961
2026-09-04,0.087780997,0.088170998,0.084031999,0.084815003,0.084815003,1027896104
2026-09-05,0.084816001,0.094209,0.084501997,0.089684002,0.089684002,1323590367
2026-09-06,0.089683004,0.091872998,0.088307999,0.090819001,0.090819001,1026914316
2026-09-07,0.090821996,0.091700003,0.088812999,0.090627,0.090627,927287322
2026-09-08,0.090628996,0.091472,0.088278003,0.089993998,0.089993998,1013827765
2026-09-09,0.089993998,0.091456003,0.085308999,0.086162999,0.086162999,1047109420
2026-09-10,0.086162999,0.086199999,0.082850002,0.082914002,0.082914002,898538634
2026-09-11,0.082915001,0.087801002,0.082895003,0.084284,0.084284,929079065
2026-09-12,0.084285997,0.085263997,0.084151998,0.084853001,0.084853001,346142564
2026-09-13,0.084853001,0.085128002,0.082202002,0.082420997,0.082420997,417755598
2026-09-14,0.082420997,0.085954003,0.082080998,0.083632,0.083632,746197216
2026-09-15,0.083632,0.083880998,0.079016,0.080076002,0.080076002,983582349
2026-09-16,0.080076002,0.080925003,0.078405,0.080866002,0.080866002,800535316
2026-09-17,0.080863997,0.082333997,0.080487996,0.081717998,0.081717998,621490965
2026-09-18,0.081717998,0.088549003,0.081380002,0.087411001,0.087411001,1428256992
2026-09-19,0.087411001,0.090989999,0.086533003,0.087722003,0.087722003,1165656069
2026-09-20,0.087720998,0.087757997,0.084541,0.087283,0.087283,924305412
2026-09-21,0.087283,0.101702,0.087275997,0.099621996,0.099621996,3256030668
2026-09-22,0.099623002,0.105281,0.097528003,0.100367,0.100367,2758120977
2026-09-23,0.100368,0.104187,0.091746002,0.092689998,0.092689998,2426774618
