Date,Open,High,Low,Close,Adj Close,Volume
2017-11-09,13.9772,14.4961,13.8964,14.2095,14.2095,129201000
2017-11-10,14.1883,15.3535,13.9178,14.6031,14.6031,299856992
2017-11-11,14.6245,19.813299,14.5908,19.4209,19.4209,958982016
2017-11-12,19.4611,21.754101,15.0365,15.1837,15.1837,697452992
2017-11-13,15.3094,16.6626,14.4697,16.1059,16.1059,350880000
2017-11-14,16.0807,18.7358,16.0807,17.865999,17.865999,449737984
2017-11-15,17.8412,17.9182,17.2136,17.548,17.548,149567008
2017-11-16,17.502701,17.502701,16.385599,16.880699,16.880699,182720992
2017-11-17,16.772699,17.5776,16.7621,17.244499,17.244499,150956992
2017-11-18,17.2143,18.121201,16.9979,17.7185,17.7185,159452992
2017-11-19,17.7349,18.072701,17.5835,17.916599,17.916599,110618000
2017-11-20,17.935801,18.6838,17.8381,18.394899,18.394899,147752000
2017-11-21,18.3986,18.473499,17.284201,17.7997,17.7997,186210000
2017-11-22,17.743401,18.1465,17.730801,17.992001,17.992001,93779000
2017-11-23,18.021099,18.774799,17.770901,18.225,18.225,186523008
2017-11-24,18.264299,21.7633,18.066,21.448799,21.448799,373044992
2017-11-25,21.325199,22.747499,20.212799,21.705601,21.705601,370135008
2017-11-26,21.7283,22.613001,21.3456,22.216,22.216,494332992
2017-11-27,22.1577,26.549299,21.703199,25.7535,25.7535,718945024
2017-11-28,25.744499,34.851002,25.596001,33.9828,33.9828,1640679936
2017-11-29,33.985001,34.245701,24.6663,25.4223,25.4223,919393024
2017-11-30,26.005301,29.4412,22.5945,28.188999,28.188999,968075008
2017-12-01,27.9512,31.5434,25.497101,31.203699,31.203699,853734976
2017-12-02,31.181499,32.6576,29.808901,30.7999,30.7999,605113024
2017-12-03,30.7708,31.7908,29.8734,30.4575,30.4575,401675008
2017-12-04,30.442301,30.8839,29.616501,30.396799,30.396799,274351008
2017-12-05,30.399,31.232599,29.583,30.386101,30.386101,331676992
2017-12-06,30.493799,30.5109,27.3139,27.8636,27.8636,407100000
2017-12-07,27.9041,30.0368,26.766199,26.8216,26.8216,449012992
2017-12-08,26.8894,30.0527,25.4461,30.0527,30.0527,581400000
2017-12-09,29.766199,33.049099,26.721701,29.092699,29.092699,585616000
2017-12-10,29.2178,29.2178,24.1991,26.5075,26.5075,463748000
2017-12-11,26.477699,29.4277,26.477699,27.642099,27.642099,470359008
2017-12-12,27.754999,33.388302,27.4161,30.318501,30.318501,819044992
2017-12-13,30.2922,33.2444,27.945601,29.7204,29.7204,688510976
2017-12-14,29.635,34.069199,29.608101,31.961901,31.961901,632755008
2017-12-15,32.023201,32.697601,28.468201,32.085098,32.085098,526729984
2017-12-16,32.027302,39.019501,31.299101,34.7784,34.7784,1104770048
2017-12-17,34.7841,36.4062,34.200699,34.786598,34.786598,428825984
2017-12-18,34.852901,42.403,32.530499,39.397598,39.397598,1072099968
2017-12-19,39.405602,46.2407,38.613098,40.270199,40.270199,931713024
2017-12-20,40.372101,44.855801,37.321201,44.047501,44.047501,920793024
2017-12-21,43.8601,47.774799,39.689098,42.1007,42.1007,825238976
2017-12-22,42.421101,42.683102,23.756901,30.958799,30.958799,817384000
2017-12-23,31.543699,35.1409,31.1257,32.724998,32.724998,385223008
2017-12-24,33.004002,33.004002,28.223101,30.7833,30.7833,316552992
2017-12-25,30.9065,32.4356,30.691099,32.3526,32.3526,258235008
2017-12-26,32.459999,33.987598,31.9694,32.901901,32.901901,317646016
2017-12-27,32.830002,33.216801,31.262199,32.1353,32.1353,217743008
2017-12-28,32.159599,32.240101,28.2815,29.526501,29.526501,307104000
2017-12-29,29.6458,30.665501,28.161301,30.0345,30.0345,239663008
2017-12-30,30.038401,30.038401,26.249701,26.9158,26.9158,241644992
2017-12-31,26.7374,28.427601,26.638599,27.997999,27.997999,169331008
2018-01-01,28.048599,37.031799,27.3239,34.1679,34.1679,870412992
2018-01-02,34.461899,38.034901,34.051201,34.917099,34.917099,615984000
2018-01-03,34.9114,35.5079,32.841801,34.8634,34.8634,910507008
2018-01-04,34.442902,39.354,32.311298,36.318001,36.318001,1733939968
2018-01-05,36.172001,38.283501,35.8974,36.199501,36.199501,517583008
2018-01-06,36.314701,38.986599,35.902,38.424801,38.424801,362468992
2018-01-07,38.440399,42.436501,38.422901,40.793098,40.793098,423276000
2018-01-08,41.121601,44.411098,29.528299,34.186298,34.186298,798928000
2018-01-09,34.091202,39.045601,31.762501,38.321602,38.321602,808371008
2018-01-10,38.128101,39.2654,34.682899,36.952202,36.952202,862859008
2018-01-11,36.906101,37.973701,31.4349,32.7939,32.7939,586657984
2018-01-12,33.061798,37.026699,31.9091,36.4039,36.4039,536064000
2018-01-13,36.1819,43.161999,35.782398,42.393902,42.393902,876580992
2018-01-14,42.893799,46.498299,40.8494,42.957298,42.957298,1314400000
2018-01-15,42.680099,43.699299,40.433601,40.495602,40.495602,615006976
2018-01-16,40.486698,40.490898,23.259399,28.4573,28.4573,699985024
2018-01-17,28.3846,30.3568,22.491699,29.1236,29.1236,598707008
2018-01-18,29.244101,32.8913,28.0236,30.186199,30.186199,455046016
2018-01-19,30.027599,34.341499,29.065201,31.7043,31.7043,394036992
2018-01-20,32.091099,35.559799,32.091099,35.009102,35.009102,418291008
2018-01-21,35.493999,36.209599,29.2806,30.3221,30.3221,381507008
2018-01-22,30.591499,32.8353,26.9228,29.264601,29.264601,321230016
2018-01-23,29.275999,30.1747,26.5453,28.366501,28.366501,230031008
2018-01-24,28.4722,30.543699,28.0844,29.604099,29.604099,187788992
2018-01-25,29.8888,30.391199,28.7878,29.194201,29.194201,162748992
2018-01-26,29.102699,29.685801,26.8209,28.795099,28.795099,198044992
2018-01-27,28.756001,30.134399,28.1541,29.4935,29.4935,127839000
2018-01-28,29.6206,34.4049,29.6206,32.9006,32.9006,350799008
2018-01-29,33.2127,33.6558,30.970699,31.714899,31.714899,197076000
2018-01-30,31.769699,31.770201,26.9778,27.133699,27.133699,235160000
2018-01-31,27.209,28.7572,25.9589,28.7572,28.7572,271852000
2018-02-01,28.7735,28.8815,23.740101,24.969999,24.969999,251254000
2018-02-02,24.953699,24.953699,18.369801,23.0728,23.0728,340095008
2018-02-03,23.1528,24.7363,20.756701,24.196699,24.196699,179080992
2018-02-04,24.188999,24.7272,19.91,21.037399,21.037399,218348000
2018-02-05,20.7616,21.193001,15.895,16.5268,16.5268,171500000
2018-02-06,16.754499,19.421301,14.061,19.3885,19.3885,318212000
2018-02-07,19.1833,20.4524,17.4543,18.157499,18.157499,212987008
2018-02-08,18.1485,21.959299,18.1485,21.793501,21.793501,265155008
2018-02-09,21.8871,26.214899,21.0007,25.997999,25.997999,393048992
2018-02-10,25.9534,26.652901,23.0814,24.515499,24.515499,256180992
2018-02-11,24.531601,26.0007,21.4219,24.129,24.129,378188992
2018-02-12,24.309299,30.330299,24.309299,29.8815,29.8815,541766016
2018-02-13,29.8829,34.731899,28.318199,33.9613,33.9613,1135949952
2018-02-14,34.324001,36.437302,33.396801,35.041801,35.041801,1055340032
2018-02-15,34.827599,35.648701,32.828602,34.531799,34.531799,635228032
2018-02-16,34.431198,35.335499,32.903999,35.034,35.034,456753984
2018-02-17,34.968201,35.400002,34.3759,34.9865,34.9865,418534016
2018-02-18,35.0075,35.076599,31.517099,34.880001,34.880001,456828992
2018-02-19,34.693802,40.257,33.926899,39.293999,39.293999,992256000
2018-02-20,39.408001,43.9632,38.231602,38.469799,38.469799,1175890048
2018-02-21,38.072201,40.257801,34.984901,36.633099,36.633099,904092032
2018-02-22,36.4576,37.625599,31.933201,32.806499,32.806499,711134016
2018-02-23,32.499699,38.111099,31.3248,38.039799,38.039799,1132690048
2018-02-24,37.8251,40.7146,36.917198,38.842701,38.842701,1324419968
2018-02-25,38.573299,38.773602,34.875401,36.4128,36.4128,685424000
2018-02-26,36.851799,37.110199,34.670601,36.079201,36.079201,622099008
2018-02-27,36.236301,37.474602,35.513,36.2481,36.2481,513289984
2018-02-28,36.001598,36.416,33.4128,33.694302,33.694302,501651008
2018-03-01,33.6366,34.797199,32.107201,33.761002,33.761002,514648000
2018-03-02,33.752899,34.023701,30.429899,30.7659,30.7659,556803968
2018-03-03,30.7941,32.001598,28.622,29.190399,29.190399,699657024
2018-03-04,29.1565,31.3542,28.776699,29.685499,29.685499,647561984
2018-03-05,29.6467,30.2467,26.51,26.843201,26.843201,637222016
2018-03-06,26.825001,27.2917,24.911699,25.0987,25.0987,387811008
2018-03-07,25.0623,25.4758,21.047701,22.117001,22.117001,417288992
2018-03-08,22.1854,25.1663,21.1777,22.667601,22.667601,619476992
2018-03-09,22.7083,23.262699,20.512501,22.4755,22.4755,499608992
2018-03-10,22.514299,22.9324,20.777,20.911699,20.911699,262771008
2018-03-11,20.875999,21.8487,19.9657,21.575399,21.575399,278368000
2018-03-12,21.567699,21.792999,20.138201,20.4991,20.4991,222694000
2018-03-13,20.458099,20.8416,19.740801,19.924,19.924,178296000
2018-03-14,19.948,20.2206,16.2521,17.1518,17.1518,201571008
2018-03-15,17.191401,19.309601,15.9362,18.413,18.413,368177984
2018-03-16,18.498899,18.5138,17.329201,17.7756,17.7756,201540992
2018-03-17,17.757799,17.974001,16.086,16.318399,16.318399,154703008
2018-03-18,16.2477,16.910601,14.4822,16.787001,16.787001,233156992
2018-03-19,16.910101,19.6546,16.3342,19.6546,19.6546,315268000
2018-03-20,19.612801,21.0737,18.010099,20.206699,20.206699,432819008
2018-03-21,20.2887,21.521601,19.292,19.799,19.799,295532000
2018-03-22,19.7883,20.730101,18.5515,19.6679,19.6679,242384000
2018-03-23,19.687,19.687,18.154699,19.039101,19.039101,196326000
2018-03-24,19.1313,19.387699,18.4498,18.4995,18.4995,137104992
2018-03-25,18.370399,18.562401,17.9998,18.089899,18.089899,110957000
2018-03-26,18.094299,18.132099,15.5221,16.483601,16.483601,189408000
2018-03-27,16.481501,17.057199,15.3574,15.9087,15.9087,184083008
2018-03-28,15.8709,16.837299,15.8409,16.0987,16.0987,144663008
2018-03-29,16.110001,16.1684,14.5633,14.6758,14.6758,172103008
2018-03-30,14.6446,15.0793,13.8948,14.3911,14.3911,171606000
2018-03-31,14.4032,14.9359,14.289,14.3682,14.3682,123343000
2018-04-01,14.407,14.5179,13.1363,13.576,13.576,122407000
2018-04-02,13.6188,14.3291,13.5159,14.1277,14.1277,123715000
2018-04-03,14.1579,15.2708,14.016,15.1641,15.1641,140058000
2018-04-04,15.1178,15.1178,13.5262,13.6432,13.6432,106000000
2018-04-05,13.6479,13.8068,13.2445,13.716,13.716,97405600
2018-04-06,13.6877,13.8484,13.0447,13.1502,13.1502,84228496
2018-04-07,13.1516,13.7963,13.1423,13.4698,13.4698,79211104
2018-04-08,13.4713,14.4751,13.4452,14.1194,14.1194,95690304
2018-04-09,14.1441,14.5114,13.3521,13.6318,13.6318,94279200
2018-04-10,13.6543,13.7776,13.3512,13.6521,13.6521,73476000
2018-04-11,13.6867,14.605,13.6078,14.5934,14.5934,104725000
2018-04-12,14.5628,16.252001,13.7973,16.1658,16.1658,211979008
2018-04-13,16.059601,16.6089,15.5181,15.6083,15.6083,190710000
2018-04-14,15.5683,16.307301,15.5049,16.024401,16.024401,130820000
2018-04-15,16.075001,16.832701,16.034901,16.751499,16.751499,121745000
2018-04-16,16.7292,16.8536,15.6632,16.119801,16.119801,122772000
2018-04-17,16.1569,16.738899,16.072599,16.072599,16.072599,133100000
2018-04-18,16.0781,17.769899,16.0781,17.617701,17.617701,200759008
2018-04-19,17.625099,18.3843,17.504101,18.3843,18.3843,172275008
2018-04-20,18.418501,19.760099,17.955999,19.636499,19.636499,256292000
2018-04-21,19.6978,19.978001,17.7337,18.687,18.687,216888000
2018-04-22,18.662399,19.4049,18.301201,18.7896,18.7896,157018000
2018-04-23,18.7705,20.747601,18.739,20.4814,20.4814,278155008
2018-04-24,20.4828,22.8242,20.455099,22.248699,22.248699,320566016
2018-04-25,22.1061,22.127399,18.2675,18.5774,18.5774,358536000
2018-04-26,18.5979,21.541599,18.206499,21.0627,21.0627,280513984
2018-04-27,21.0058,21.9303,20.244699,20.556801,20.556801,273598016
2018-04-28,20.570801,22.2789,20.570801,21.7292,21.7292,246408992
2018-04-29,21.7166,22.257299,20.4755,21.830601,21.830601,271380000
2018-04-30,21.842899,22.952801,21.4151,21.676901,21.676901,351048992
2018-05-01,21.8568,21.8568,20.697001,21.5819,21.5819,210024992
2018-05-02,21.5569,21.7544,21.094,21.6682,21.6682,193015008
2018-05-03,21.643801,23.4305,21.484699,22.757601,22.757601,370436992
2018-05-04,22.7178,22.7178,21.762899,22.398001,22.398001,299227008
2018-05-05,22.3692,23.185699,22.3307,22.7609,22.7609,263167008
2018-05-06,22.739201,25.7955,22.7202,25.344101,25.344101,666931968
2018-05-07,25.454599,25.454599,22.7444,23.6369,23.6369,411630016
2018-05-08,23.649599,23.748699,22.172701,22.466499,22.466499,257408992
2018-05-09,22.427,22.427,20.469801,21.496099,21.496099,293584000
2018-05-10,21.514799,21.7644,19.727501,19.743601,19.743601,225995008
2018-05-11,19.776699,19.836901,17.179001,17.7251,17.7251,354950016
2018-05-12,17.785999,18.4877,16.5296,18.149099,18.149099,258036992
2018-05-13,18.118999,19.100901,17.8283,18.7267,18.7267,201048000
2018-05-14,18.7971,19.097601,17.5606,18.7855,18.7855,221006000
2018-05-15,18.7593,19.931299,18.2085,18.262899,18.262899,239530000
2018-05-16,18.195101,18.2838,17.0056,17.761999,17.761999,204932000
2018-05-17,17.7621,18.3326,16.833099,17.038601,17.038601,166820000
2018-05-18,16.930599,18.119101,16.656099,17.9967,17.9967,178787008
2018-05-19,17.998501,18.107599,17.568899,17.7013,17.7013,148970000
2018-05-20,17.700701,18.338699,17.521099,18.156601,18.156601,144931008
2018-05-21,18.187799,18.225901,17.551901,17.679501,17.679501,125063000
2018-05-22,17.675699,17.700199,16.455999,16.469101,16.469101,133700000
2018-05-23,16.4977,16.634199,14.6464,14.9545,14.9545,172594000
2018-05-24,14.9095,15.7307,14.5865,15.7088,15.7088,184862000
2018-05-25,15.7293,15.7293,14.8816,15.1883,15.1883,141072000
2018-05-26,15.2013,15.7957,15.0271,15.2548,15.2548,141440992
2018-05-27,15.2681,15.3519,14.9891,15.2076,15.2076,132207000
2018-05-28,15.1965,15.5304,14.3104,14.4021,14.4021,147459008
2018-05-29,14.5095,15.4857,14.3306,15.2235,15.2235,157135008
2018-05-30,15.3074,15.5033,14.8036,15.2017,15.2017,129317000
2018-05-31,15.2274,15.5786,15.0365,15.3058,15.3058,122136000
2018-06-01,15.3383,15.5297,15.1442,15.5174,15.5174,137170000
2018-06-02,15.5011,16.065701,15.3676,15.8207,15.8207,143692000
2018-06-03,15.8078,16.3995,15.8078,16.249599,16.249599,144260992
2018-06-04,16.2509,16.351801,15.1387,15.2298,15.2298,140176992
2018-06-05,15.2308,15.5927,14.872,15.5322,15.5322,124282000
2018-06-06,15.5541,15.6454,14.9525,15.2479,15.2479,110481000
2018-06-07,15.2806,15.5583,15.1278,15.2491,15.2491,109763000
2018-06-08,15.2529,15.6297,15.1458,15.4083,15.4083,131086000
2018-06-09,15.4317,15.6347,15.1287,15.1574,15.1574,106269000
2018-06-10,15.1434,15.1434,12.264,12.6368,12.6368,173647008
2018-06-11,12.6268,13.0583,12.3425,12.9178,12.9178,128249000
2018-06-12,12.9262,16.2227,12.8398,14.8501,14.8501,686019008
2018-06-13,14.8747,14.9739,13.2001,13.8805,13.8805,325870016
2018-06-14,13.9177,14.2424,13.2916,14.0603,14.0603,280585984
2018-06-15,14.0832,14.0832,13.657,13.9015,13.9015,194460992
2018-06-16,13.8789,14.7734,13.8563,14.5115,14.5115,232232000
2018-06-17,14.4697,14.656,14.2167,14.334,14.334,164312000
2018-06-18,14.302,15.4289,14.068,15.0902,15.0902,235592992
2018-06-19,15.112,15.7799,15.0468,15.5644,15.5644,263659008
2018-06-20,15.5877,17.273701,14.8668,17.273701,17.273701,356187008
2018-06-21,17.1651,17.824699,16.6422,17.580999,17.580999,399804000
2018-06-22,17.552,17.598499,14.41,14.6233,14.6233,455676992
2018-06-23,14.6564,15.1515,14.2919,14.8108,14.8108,214750000
2018-06-24,14.8153,15.1086,13.3638,14.8836,14.8836,270734016
2018-06-25,14.8796,15.9731,14.6925,15.839,15.839,232960000
2018-06-26,15.802,15.9239,14.8729,14.8787,14.8787,211464992
2018-06-27,14.8394,15.5141,14.3081,15.3839,15.3839,232582000
2018-06-28,15.3984,15.5644,14.4404,14.5413,14.5413,189564992
2018-06-29,14.594,15.4654,14.2472,15.268,15.268,226952000
2018-06-30,15.3169,16.5467,15.3169,16.098301,16.098301,253512000
2018-07-01,16.1185,16.2526,15.5369,15.9679,15.9679,244395008
2018-07-02,15.9943,16.963699,15.6216,16.639999,16.639999,290288000
2018-07-03,16.585699,16.992701,16.1115,16.1842,16.1842,269278016
2018-07-04,16.1751,17.453699,15.8014,16.7686,16.7686,275641984
2018-07-05,16.830999,17.3992,16.7516,17.3405,17.3405,270719008
2018-07-06,17.4415,18.4699,16.969801,18.4699,18.4699,448598016
2018-07-07,18.3953,19.0606,17.603901,19.039101,19.039101,304575008
2018-07-08,18.964701,19.1206,18.2458,18.2878,18.2878,249696992
2018-07-09,18.3407,18.699499,18.2113,18.2952,18.2952,298020000
2018-07-10,18.214899,18.287901,16.084801,16.131701,16.131701,394620992
2018-07-11,16.146601,16.7276,15.8393,16.4599,16.4599,249134000
2018-07-12,16.459801,16.459801,15.8017,16.328501,16.328501,212922000
2018-07-13,16.368999,16.7635,16.1192,16.2862,16.2862,241580000
2018-07-14,16.326,16.6215,16.1486,16.432699,16.432699,156358000
2018-07-15,16.463499,16.8794,16.2815,16.600901,16.600901,164426000
2018-07-16,16.6649,17.4666,16.5457,17.3843,17.3843,223788000
2018-07-17,17.420601,18.122999,16.969101,17.945601,17.945601,266384992
2018-07-18,17.916901,18.283501,17.2155,17.3925,17.3925,248274000
2018-07-19,17.3505,17.8179,17.1255,17.3937,17.3937,222698000
2018-07-20,17.406601,17.561899,15.8587,16.212099,16.212099,233146000
2018-07-21,16.1544,16.57,15.8702,16.3535,16.3535,148059008
2018-07-22,16.357901,16.623301,16.0774,16.1222,16.1222,139591008
2018-07-23,16.1336,16.808201,15.9323,16.1642,16.1642,170788992
2018-07-24,16.0905,16.8764,15.7522,16.628201,16.628201,209846000
2018-07-25,16.556801,16.796101,16.127199,16.5023,16.5023,165899008
2018-07-26,16.493099,17.361401,16.4058,16.722799,16.722799,198975008
2018-07-27,16.6842,17.1308,16.3407,16.954901,16.954901,169216992
2018-07-28,17.003099,17.0333,16.680099,16.953199,16.953199,139036000
2018-07-29,16.9571,17.0291,16.6847,16.914499,16.914499,154180000
2018-07-30,16.927999,17.2339,16.6698,17.1194,17.1194,237202000
2018-07-31,17.1127,17.116501,15.9151,16.2432,16.2432,184935000
2018-08-01,16.2159,16.275999,15.0905,15.475,15.475,167916000
2018-08-02,15.4933,15.6027,14.7013,14.9895,14.9895,158264000
2018-08-03,15.0185,16.916,14.2174,16.5987,16.5987,266154000
2018-08-04,16.541201,16.9065,15.904,16.415899,16.415899,236249000
2018-08-05,16.4657,17.739799,16.285101,17.6933,17.6933,218174000
2018-08-06,17.5832,18.758101,17.153999,18.664801,18.664801,347516000
2018-08-07,18.751801,20.5819,17.1455,17.326401,17.326401,721105000
2018-08-08,17.334499,17.334499,14.6743,15.1391,15.1391,421786000
2018-08-09,15.1879,15.464,14.457,15.1055,15.1055,281762000
2018-08-10,15.0795,15.3416,14.1461,14.2961,14.2961,273050000
2018-08-11,14.2939,14.2948,12.6416,13.2772,13.2772,258674000
2018-08-12,13.2548,13.6119,12.9739,13.1955,13.1955,197004000
2018-08-13,13.2552,13.5715,12.0624,12.0624,12.0624,226746000
2018-08-14,12.0387,12.0394,10.3322,11.7358,11.7358,296484000
2018-08-15,12.0285,13.1061,11.6813,13.0281,13.0281,303255000
2018-08-16,13.2179,14.91,12.9503,13.8991,13.8991,551305000
2018-08-17,13.5535,14.5549,13.2334,14.4651,14.4651,467499000
2018-08-18,14.4193,14.4972,12.7998,13.2744,13.2744,281553000
2018-08-19,13.2869,13.7536,12.966,13.3391,13.3391,196340000
2018-08-20,13.348,13.5117,12.3469,12.4374,12.4374,231594000
2018-08-21,12.4036,12.8942,12.3243,12.6979,12.6979,200951000
2018-08-22,12.8501,13.5151,11.9897,12.2388,12.2388,251982000
2018-08-23,12.2212,12.5911,12.1307,12.4833,12.4833,213442000
2018-08-24,12.5183,12.6243,12.2902,12.5919,12.5919,173345000
2018-08-25,12.6015,12.7495,12.4537,12.5542,12.5542,149757000
2018-08-26,12.5669,12.6687,12.1691,12.5623,12.5623,203880000
2018-08-27,12.588,12.7173,12.3123,12.6518,12.6518,191951000
2018-08-28,12.7787,13.3639,12.629,13.2786,13.2786,218125000
2018-08-29,13.1937,13.3855,12.8963,13.014,13.014,187637000
2018-08-30,13.0479,13.1407,12.4553,12.9242,12.9242,168594000
2018-08-31,12.9237,12.9844,12.5979,12.7944,12.7944,190517000
2018-09-01,12.9006,13.4117,12.819,13.2226,13.2226,182146000
2018-09-02,13.2503,13.4403,13.0351,13.3274,13.3274,153472000
2018-09-03,13.3713,14.5237,13.3566,14.0628,14.0628,285040000
2018-09-04,14.0832,14.2231,13.8092,13.9768,13.9768,185368000
2018-09-05,13.9933,14.0768,11.8854,11.8854,11.8854,237372000
2018-09-06,11.8664,12.0196,11.2874,11.9828,11.9828,222766000
2018-09-07,11.9657,12.1731,11.591,11.6971,11.6971,179172000
2018-09-08,11.6957,11.9406,10.794,11.0188,11.0188,168330000
2018-09-09,11.008,11.6397,10.9616,11.239,11.239,177693000
2018-09-10,11.29,11.4185,11.0571,11.3154,11.3154,169260000
2018-09-11,11.3838,11.5294,11.0268,11.3199,11.3199,182031000
2018-09-12,11.3025,11.3773,10.283,10.6939,10.6939,195188000
2018-09-13,10.7442,11.2982,10.7393,11.1334,11.1334,192363000
2018-09-14,11.1765,11.341,10.9583,10.9985,10.9985,193196000
2018-09-15,10.9593,11.5546,10.9406,11.3706,11.3706,156127000
2018-09-16,11.3039,11.3186,11.04,11.2196,11.2196,153507000
2018-09-17,11.2143,11.3407,10.1621,10.3435,10.3435,164247000
2018-09-18,10.3082,10.8013,10.2895,10.5974,10.5974,165477000
2018-09-19,10.6061,11.0012,10.3947,10.7893,10.7893,177159000
2018-09-20,10.7964,11.18,10.6659,11.1709,11.1709,169241000
2018-09-21,11.1812,11.7538,11.0565,11.6662,11.6662,247448000
2018-09-22,11.6746,11.8137,11.2439,11.4132,11.4132,167522000
2018-09-23,11.4353,11.7292,11.3644,11.5986,11.5986,162975000
2018-09-24,11.5867,11.5867,11.0276,11.0541,11.0541,145599000
2018-09-25,11.0621,11.2727,10.5113,11.0877,11.0877,183283000
2018-09-26,11.0616,11.3129,10.881,10.9944,10.9944,154050000
2018-09-27,11.0063,11.4827,10.8327,11.4174,11.4174,175910000
2018-09-28,11.4045,11.5728,11.1677,11.2595,11.2595,157811000
2018-09-29,11.2471,11.4605,11.071,11.4039,11.4039,155294000
2018-09-30,11.384,11.4053,11.1802,11.332,11.332,197595000
2018-10-01,11.3065,11.3597,11.1283,11.2111,11.2111,178803000
2018-10-02,11.2004,11.3375,11.1495,11.1692,11.1692,148728000
2018-10-03,11.1489,11.1573,10.8887,11.1183,11.1183,160819000
2018-10-04,11.1262,11.1935,11.0196,11.0469,11.0469,132819000
2018-10-05,11.0502,11.0976,10.9669,11.0535,11.0535,147212000
2018-10-06,11.0549,11.0549,10.8759,10.918,10.918,146455000
2018-10-07,10.9393,10.9463,10.6791,10.8981,10.8981,152882000
2018-10-08,10.9161,11.0149,10.8155,10.9549,10.9549,159584000
2018-10-09,10.9767,10.9816,10.8368,10.8934,10.8934,157706000
2018-10-10,10.8745,10.9119,10.7177,10.8275,10.8275,175735000
2018-10-11,10.823,10.823,9.1160603,9.1719999,9.1719999,255593000
2018-10-12,9.1421804,9.6202402,9.1421804,9.4635601,9.4635601,195087000
2018-10-13,9.4630899,9.57757,9.4067602,9.4823103,9.4823103,114944000
2018-10-14,9.4749899,9.6484404,9.3903198,9.4081202,9.4081202,113477000
2018-10-15,9.4077396,10.2344,9.3092804,9.7775297,9.7775297,243513000
2018-10-16,9.8049803,9.8503904,9.6918602,9.71457,9.71457,110875000
2018-10-17,9.7388096,10.0003,9.5994396,9.8061705,9.8061705,156238000
2018-10-18,9.81534,9.83494,9.5532999,9.5939598,9.5939598,135906000
2018-10-19,9.5943499,9.6620102,9.5085802,9.59793,9.59793,131854000
2018-10-20,9.6108904,9.6939297,9.5723495,9.6882496,9.6882496,89769700
2018-10-21,9.6687603,9.7745504,9.5984001,9.64013,9.64013,123219000
2018-10-22,9.6193504,10.1698,9.5708399,9.99823,9.99823,177641000
2018-10-23,10.0083,10.1305,9.7134895,9.7985296,9.7985296,149643000
2018-10-24,9.7856903,9.8847399,9.6952896,9.71807,9.71807,128267000
2018-10-25,9.72367,9.7402697,9.6092596,9.6438599,9.6438599,106770000
2018-10-26,9.6429901,9.68367,9.5383997,9.6385698,9.6385698,115908000
2018-10-27,9.6279602,9.6553097,9.5660601,9.6051197,9.6051197,103230000
2018-10-28,9.6312399,9.6439104,9.54879,9.6135998,9.6135998,110869000
2018-10-29,9.5894699,9.6676502,9.0051498,9.0754995,9.0754995,157042000
2018-10-30,9.0775099,9.1196203,8.9256001,9.0067101,9.0067101,136682000
2018-10-31,9.0268898,9.0268898,8.8229303,8.9803305,8.9803305,125670000
2018-11-01,8.9965601,9.2318296,8.9351397,9.0466805,9.0466805,115387000
2018-11-02,9.0555296,9.1600199,9.0150099,9.14048,9.14048,113927000
2018-11-03,9.1436501,9.1584997,9.0722303,9.1094904,9.1094904,112902000
2018-11-04,9.12008,9.4814501,9.1012201,9.3662205,9.3662205,143710000
2018-11-05,9.33459,9.4409199,9.2943497,9.3994303,9.3994303,135752000
2018-11-06,9.4125004,9.87815,9.3699703,9.87815,9.87815,161376000
2018-11-07,9.8795204,9.8795204,9.5736799,9.6374903,9.6374903,142023000
2018-11-08,9.62397,9.6526299,9.4237003,9.4383898,9.4383898,125338000
2018-11-09,9.4487495,9.5692902,9.4158497,9.45473,9.45473,142040000
2018-11-10,9.4491701,9.5337696,9.4232998,9.4615002,9.4615002,123221000
2018-11-11,9.4511003,9.4639301,9.1032696,9.2631197,9.2631197,148242000
2018-11-12,9.28339,9.3414803,9.1646404,9.1943398,9.1943398,119261000
2018-11-13,9.1792698,9.2034798,9.0286102,9.0816603,9.0816603,130398000
2018-11-14,9.0722198,9.2841101,7.2393999,7.9478102,7.9478102,360972000
2018-11-15,7.9295301,7.9321198,7.1807799,7.72258,7.72258,285111000
2018-11-16,7.7569299,7.8474798,7.4137502,7.4596701,7.4596701,165776000
2018-11-17,7.4711699,7.50843,7.3396301,7.3856201,7.3856201,149058000
2018-11-18,7.40832,7.61975,7.3701,7.4488902,7.4488902,164022000
2018-11-19,7.44977,7.4567499,6.1189499,6.1979699,6.1979699,241759000
2018-11-20,6.2058001,6.4008298,5.1796999,5.5026398,5.5026398,323667000
2018-11-21,5.5241799,5.8730998,5.3304901,5.7520599,5.7520599,182373000
2018-11-22,5.7612901,5.7935901,5.3401198,5.3401198,5.3401198,135517000
2018-11-23,5.3156199,5.39398,5.0229802,5.2125602,5.2125602,190000000
2018-11-24,5.2179499,5.33322,4.4804401,4.7660999,4.7660999,159911000
2018-11-25,4.7722802,4.8665199,4.2526002,4.7646999,4.7646999,214075000
2018-11-26,4.7757101,4.8572798,4.2088099,4.3157501,4.3157501,173389000
2018-11-27,4.30446,4.6205401,4.2054501,4.5317001,4.5317001,152596000
2018-11-28,4.5334001,5.12397,4.5246801,4.98876,4.98876,236086000
2018-11-29,5.0074039,5.07761,4.7892098,4.9317141,4.9317141,229957883
2018-11-30,4.91397,4.99929,4.518158,4.6012192,4.6012192,212580092
2018-12-01,4.6103811,4.9598441,4.494751,4.852973,4.852973,182630934
2018-12-02,4.8436699,5.3170199,4.8197908,5.1523671,5.1523671,185846834
2018-12-03,5.1712379,5.1874008,4.4968991,4.5133519,4.5133519,190323995
2018-12-04,4.5065699,4.7585559,4.3823018,4.4095201,4.4095201,193022630
2018-12-05,4.433094,4.4876871,4.026145,4.0291152,4.0291152,146132326
2018-12-06,4.0351129,4.2009449,3.498965,3.5166869,3.5166869,167476883
2018-12-07,3.5242059,3.981365,3.3206029,3.8439469,3.8439469,257953590
2018-12-08,3.8318839,3.9877651,3.60866,3.859453,3.859453,172036529
2018-12-09,3.849,4.2449861,3.8453979,3.99561,3.99561,124556605
2018-12-10,3.9825339,4.1333818,3.8290551,3.911864,3.911864,103578969
2018-12-11,3.902281,4.1349001,3.7230279,3.744005,3.744005,110590535
2018-12-12,3.728991,3.9734509,3.700618,3.9051349,3.9051349,90010557
2018-12-13,3.9093709,3.9469869,3.76578,3.8757949,3.8757949,103018928
2018-12-14,3.862946,3.862946,3.6361129,3.7200379,3.7200379,97721744
2018-12-15,3.732471,3.7391961,3.5484691,3.6413541,3.6413541,77444858
2018-12-16,3.6308041,3.7851779,3.619482,3.6394739,3.6394739,74065191
2018-12-17,3.630285,4.1231742,3.630285,4.0053911,4.0053911,111966937
2018-12-18,4.0015888,4.2136421,3.8959391,4.202455,4.202455,112062954
2018-12-19,4.233007,4.7630391,4.1810379,4.4237938,4.4237938,151584656
2018-12-20,4.4226298,4.962584,4.400948,4.7920518,4.7920518,189562996
2018-12-21,4.7860131,4.8742309,4.5355229,4.545229,4.545229,149205559
2018-12-22,4.5410042,4.7017002,4.3679771,4.6961808,4.6961808,116468770
2018-12-23,4.7050748,4.9996319,4.6795111,4.9460759,4.9460759,152610338
2018-12-24,4.9426112,5.5406342,4.9426112,5.159986,5.159986,192486916
2018-12-25,5.148963,5.148963,4.5371332,4.7280889,4.7280889,170618977
2018-12-26,4.7393441,5.5497389,4.7180781,5.531466,5.531466,209148907
2018-12-27,5.523684,5.7297521,4.7351589,4.8165898,4.8165898,249141104
2018-12-28,4.814878,5.453968,4.7262201,5.280323,5.280323,182310818
2018-12-29,5.3178921,5.4512882,5.1578231,5.1913452,5.1913452,137872770
2018-12-30,5.2020679,5.3669438,5.1337528,5.3082309,5.3082309,118057574
2018-12-31,5.321897,5.321897,4.9832268,5.0480461,5.0480461,99735815
2019-01-01,5.0496478,5.2273111,5.0124059,5.2272611,5.2272611,101629380
2019-01-02,5.319499,5.4734821,5.2204828,5.4387002,5.4387002,121887313
2019-01-03,5.4338331,5.4407768,5.0615978,5.0946169,5.0946169,105163400
2019-01-04,5.0889912,5.2716789,5.053772,5.254148,5.254148,115827900
2019-01-05,5.2492251,5.2824669,5.1300111,5.1362729,5.1362729,106525711
2019-01-06,5.1276779,5.5036869,5.0995779,5.5036869,5.5036869,132701649
2019-01-07,5.5030909,5.5073252,4.9066482,4.915885,4.915885,144351122
2019-01-08,4.9197292,5.1194382,4.8563509,4.9879122,4.9879122,146348077
2019-01-09,4.991425,5.0978689,4.9689488,4.982934,4.982934,110333470
2019-01-10,4.9822321,5.0589499,4.275929,4.4319968,4.4319968,141589286
2019-01-11,4.428895,4.5753059,4.411891,4.4859562,4.4859562,126990517
2019-01-12,4.480474,4.7506032,4.4598408,4.5611711,4.5611711,123170899
2019-01-13,4.5579481,4.5929518,4.1942611,4.2433729,4.2433729,119300252
2019-01-14,4.2524872,4.450429,4.2358751,4.3521881,4.3521881,107429405
2019-01-15,4.350512,4.3986349,4.1367431,4.2084708,4.2084708,113889722
2019-01-16,4.2114468,4.378437,4.2078819,4.310122,4.310122,124052759
2019-01-17,4.3190522,4.5248351,4.2888322,4.5230789,4.5230789,138597579
2019-01-18,4.5124722,4.5124722,4.3009858,4.3849139,4.3849139,127610385
2019-01-19,4.3955131,4.5755939,4.3835421,4.401402,4.401402,143016607
2019-01-20,4.3875041,4.4655361,4.2514639,4.2864609,4.2864609,146017540
2019-01-21,4.2887249,4.3552041,4.2549429,4.3023219,4.3023219,128824699
2019-01-22,4.2787948,4.348227,4.2159748,4.3268461,4.3268461,129965929
2019-01-23,4.3222022,4.3719659,4.3015361,4.3038769,4.3038769,143324316
2019-01-24,4.3141751,4.3360901,4.2423849,4.3094392,4.3094392,120565684
2019-01-25,4.3212438,4.392138,4.2758751,4.3529782,4.3529782,134448462
2019-01-26,4.3533769,4.3931341,4.3009901,4.307116,4.307116,116034521
2019-01-27,4.313498,4.3463469,4.2138472,4.2530522,4.2530522,128215641
2019-01-28,4.2499418,4.2684822,3.8390019,3.9462409,3.9462409,152797683
2019-01-29,3.9548731,4.0065331,3.8691571,3.918153,3.918153,151481276
2019-01-30,3.9111969,4.0712662,3.8891129,4.0218511,4.0218511,165889423
2019-01-31,4.0218101,4.0739431,3.9187069,3.953604,3.953604,162458828
2019-02-01,3.962847,3.99348,3.888545,3.950758,3.950758,164662002
2019-02-02,3.942807,4.003933,3.918247,4.003933,4.003933,208180743
2019-02-03,4.0062828,4.011652,3.8858161,3.919903,3.919903,156280488
2019-02-04,3.9204111,3.9413099,3.8848331,3.892931,3.892931,138267542
2019-02-05,3.8780091,3.9114571,3.8546021,3.86903,3.86903,122844063
2019-02-06,3.867291,3.86795,3.6743159,3.7591259,3.7591259,157423403
2019-02-07,3.7533,3.899725,3.7310619,3.864886,3.864886,158124456
2019-02-08,3.870055,4.213984,3.8503239,4.1559138,4.1559138,218549539
2019-02-09,4.1608391,4.1724081,4.0294042,4.0944958,4.0944958,176440582
2019-02-10,4.0946622,4.1737099,3.9572909,4.173543,4.173543,185806940
2019-02-11,4.1749029,4.1749029,4.0160909,4.0799718,4.0799718,213644605
2019-02-12,4.0868058,4.1913528,4.0455451,4.086503,4.086503,206268322
2019-02-13,4.089561,4.1714029,4.0746422,4.125669,4.125669,198122371
2019-02-14,4.122911,4.1739912,4.0773482,4.1284518,4.1284518,218223238
2019-02-15,4.1292539,4.1996918,4.0854712,4.105525,4.105525,208797069
2019-02-16,4.1320019,4.1504879,4.0775089,4.0927558,4.0927558,210057396
2019-02-17,4.0896201,4.1763248,4.0777178,4.1762161,4.1762161,203869852
2019-02-18,4.1742129,4.4894009,4.1604819,4.4074488,4.4074488,274458033
2019-02-19,4.4218249,4.8329558,4.4218249,4.5954418,4.5954418,343292544
2019-02-20,4.5874028,4.7682581,4.4832621,4.701045,4.701045,263413409
2019-02-21,4.7109332,4.7109332,4.4386668,4.507195,4.507195,226428873
2019-02-22,4.526422,4.8034911,4.496778,4.7222991,4.7222991,232494721
2019-02-23,4.709733,4.891613,4.6322031,4.8432789,4.8432789,248665482
2019-02-24,4.8424878,4.973649,4.1947312,4.1950469,4.1950469,301941105
2019-02-25,4.165194,4.3883448,4.165194,4.299788,4.299788,227287641
2019-02-26,4.2926679,4.3841038,4.2507691,4.3280129,4.3280129,168459035
2019-02-27,4.3238959,4.4269009,4.2477198,4.334064,4.334064,201608400
2019-02-28,4.3335261,4.383543,4.257236,4.2782631,4.2782631,185561611
2019-03-01,4.2778502,4.3521791,4.2440529,4.285974,4.285974,165314927
2019-03-02,4.2801471,4.4358191,4.221941,4.281075,4.281075,207971306
2019-03-03,4.2742991,4.3129072,4.252111,4.2843199,4.2843199,182638030
2019-03-04,4.2841201,4.3027458,4.0788188,4.16185,4.16185,213298598
2019-03-05,4.1615238,4.3850651,4.1410422,4.3199201,4.3199201,242636788
2019-03-06,4.3173461,4.3609061,4.260098,4.3131299,4.3131299,219478810
2019-03-07,4.315814,4.5343938,4.3092899,4.3909888,4.3909888,234214382
2019-03-08,4.3942862,4.4321008,4.1730289,4.2435031,4.2435031,227329229
2019-03-09,4.237175,4.3520932,4.2319498,4.3019242,4.3019242,216292812
2019-03-10,4.307723,4.3878608,4.2223039,4.3607039,4.3607039,224014423
2019-03-11,4.3634219,4.3859258,4.2385478,4.2612062,4.2612062,204629223
2019-03-12,4.2617431,4.3414402,4.2136931,4.3014598,4.3014598,198416033
2019-03-13,4.3023348,4.3322339,4.2446432,4.2715712,4.2715712,160265628
2019-03-14,4.2702322,4.3812299,4.23172,4.3390269,4.3390269,187331020
2019-03-15,4.3411131,4.464509,4.3411131,4.4335928,4.4335928,187814628
2019-03-16,4.432848,4.6259098,4.4262109,4.5239258,4.5239258,203176719
2019-03-17,4.523241,4.5319362,4.4197698,4.4643641,4.4643641,183446354
2019-03-18,4.465632,4.5271049,4.3882151,4.4395318,4.4395318,394491335
2019-03-19,4.4410448,4.6969728,4.4151678,4.65448,4.65448,459013224
2019-03-20,4.6598029,4.7607551,4.5408511,4.684371,4.684371,243257735
2019-03-21,4.6884961,4.877214,4.6147418,4.8033938,4.8033938,330828877
2019-03-22,4.8014808,4.9987998,4.7929611,4.890974,4.890974,262391505
2019-03-23,4.884501,4.9137721,4.8316441,4.8942862,4.8942862,196468772
2019-03-24,4.891643,4.9009242,4.7794499,4.8351102,4.8351102,183730901
2019-03-25,4.8404059,4.843575,4.6480279,4.7269592,4.7269592,206919526
2019-03-26,4.7288771,4.7445111,4.6297569,4.707087,4.707087,189888273
2019-03-27,4.712903,4.8769722,4.6992888,4.857326,4.857326,182403471
2019-03-28,4.8556342,4.8569012,4.7341161,4.7669129,4.7669129,162636599
2019-03-29,4.7663741,4.9571991,4.732141,4.8660722,4.8660722,212643300
2019-03-30,4.8616891,5.0832992,4.760828,4.7862201,4.7862201,153581340
2019-03-31,4.786159,4.837245,4.7629032,4.8239732,4.8239732,149120803
2019-04-01,4.823576,4.8479438,4.7989392,4.8232908,4.8232908,203584706
2019-04-02,4.8253422,5.4667912,4.808495,5.455277,5.455277,490865719
2019-04-03,5.4563131,6.1166902,5.2259269,5.4591379,5.4591379,607791272
2019-04-04,5.4386339,5.6192222,5.260623,5.3566141,5.3566141,426653091
2019-04-05,5.3566751,5.931355,5.3566751,5.8221688,5.8221688,434760409
2019-04-06,5.8220239,6.0731359,5.5513082,5.9952598,5.9952598,422594961
2019-04-07,5.9981289,7.920733,5.9981289,7.6697192,7.6697192,1367951558
2019-04-08,7.6767941,7.8958941,6.8671989,7.201416,7.201416,870935829
2019-04-09,7.197495,7.4010692,6.7828102,6.9871612,6.9871612,605526747
2019-04-10,6.987186,7.2307711,6.957911,7.0459671,7.0459671,530422510
2019-04-11,7.043663,7.0522609,6.069026,6.2933531,6.2933531,596379347
2019-04-12,6.2880979,6.4767599,5.9835138,6.370122,6.370122,467890649
2019-04-13,6.3708458,6.4338579,6.2024298,6.3408718,6.3408718,371860556
2019-04-14,6.342391,6.44665,6.198081,6.441833,6.441833,371013644
2019-04-15,6.441833,6.531847,6.083663,6.1924362,6.1924362,438340736
2019-04-16,6.194356,6.3186121,6.0920668,6.30515,6.30515,373441627
2019-04-17,6.3061709,6.3427162,6.1602998,6.2267189,6.2267189,359614141
2019-04-18,6.225276,6.3929648,6.2102981,6.3371611,6.3371611,405282923
2019-04-19,6.3407068,6.3601141,6.2213721,6.2896032,6.2896032,370875841
2019-04-20,6.2918162,6.3321919,6.1857829,6.2467618,6.2467618,346816506
2019-04-21,6.2432561,6.245441,5.7577968,5.927187,5.927187,425303026
2019-04-22,5.926064,5.976984,5.8321929,5.9409609,5.9409609,377418221
2019-04-23,5.937839,6.1325879,5.883173,5.9562469,5.9562469,392368632
2019-04-24,5.9548779,5.9554491,5.4635258,5.601913,5.601913,491679409
2019-04-25,5.5993118,5.720057,5.2980261,5.3965778,5.3965778,401668998
2019-04-26,5.4028268,5.489831,5.3004899,5.4357791,5.4357791,425208370
2019-04-27,5.4365091,5.5567622,5.4309301,5.5019832,5.5019832,381560781
2019-04-28,5.5069261,5.6538978,5.4497919,5.5818982,5.5818982,369284399
2019-04-29,5.5856032,5.701786,5.4988871,5.56848,5.56848,451768362
2019-04-30,5.5701051,5.9245582,5.5698161,5.8996282,5.8996282,469034065
2019-05-01,5.9020038,5.9679971,5.7730732,5.8387671,5.8387671,437370461
2019-05-02,5.8403559,5.8450508,5.7552872,5.7865548,5.7865548,433550376
2019-05-03,5.7894769,6.1626582,5.7661839,6.07341,6.07341,523886695
2019-05-04,6.0718222,6.1608982,5.739861,5.8319268,5.8319268,476232964
2019-05-05,5.8301592,5.8638701,5.6592989,5.7378068,5.7378068,424731401
2019-05-06,5.7372842,5.773108,5.5316949,5.6925168,5.6925168,457954181
2019-05-07,5.6920199,5.8926239,5.650929,5.665072,5.665072,476896645
2019-05-08,5.6656022,5.7716732,5.5909491,5.7338881,5.7338881,429553716
2019-05-09,5.733501,5.8065782,5.4963799,5.5680928,5.5680928,392012219
2019-05-10,5.5659499,5.723455,5.5053329,5.6370769,5.6370769,483140799
2019-05-11,5.6377711,6.3651171,5.6157041,6.07759,6.07759,776014181
2019-05-12,6.0776968,6.212811,5.7640891,5.823905,5.823905,735292770
2019-05-13,5.8272748,6.2414422,5.7812681,6.0889769,6.0889769,718560259
2019-05-14,6.09446,6.6818781,6.0773091,6.5556231,6.5556231,855242308
2019-05-15,6.5705972,7.5969791,6.5207529,7.584796,7.584796,877976799
2019-05-16,7.5719471,8.3889551,7.0953012,7.647676,7.647676,1311469891
2019-05-17,7.6527691,7.7790909,6.8427191,7.2201638,7.2201638,988083259
2019-05-18,7.221652,7.4144888,7.0714269,7.1646762,7.1646762,615035489
2019-05-19,7.1728911,7.947566,7.136517,7.8439651,7.8439651,690201760
2019-05-20,7.8603549,7.8603549,7.1836739,7.4104648,7.4104648,631457067
2019-05-21,7.4148932,7.631278,7.2355781,7.4577541,7.4577541,584199673
2019-05-22,7.4605718,7.5073428,6.8639798,6.9580951,6.9580951,576207968
2019-05-23,6.948626,7.124589,6.7196188,7.0668521,7.0668521,498397530
2019-05-24,7.0909491,7.4249039,6.9619589,7.2856159,7.2856159,645224198
2019-05-25,7.2831922,7.36941,7.1819949,7.301825,7.301825,465778838
2019-05-26,7.302722,7.7046452,7.1046758,7.6616378,7.6616378,626354051
2019-05-27,7.6597028,8.2625399,7.5854602,8.1946325,8.1946325,769918617
2019-05-28,8.1597347,8.3980474,8.0258389,8.2200603,8.2200603,837088101
2019-05-29,8.2206907,8.4158907,7.7061172,8.1762657,8.1762657,688912471
2019-05-30,8.1699677,8.8150339,7.9151201,8.1344452,8.1344452,957435239
2019-05-31,8.1440248,8.6967592,7.9450021,8.6586714,8.6586714,839281824
2019-06-01,8.6515503,8.8518543,8.4627848,8.573451,8.573451,859858805
2019-06-02,8.5798759,9.5529556,8.5798759,9.5151653,9.5151653,992624941
2019-06-03,9.5183811,9.6938934,9.1150665,9.4111137,9.4111137,1170920227
2019-06-04,9.398345,9.398345,7.7113008,8.2120743,8.2120743,1156648679
2019-06-05,8.2421761,8.3579597,7.839231,8.1662598,8.1662598,882398657
2019-06-06,8.1650295,8.2065001,7.381988,7.9790282,7.9790282,762379591
2019-06-07,7.9696431,8.386899,7.808372,8.2160025,8.2160025,717510077
2019-06-08,8.2214375,8.7256422,8.0725298,8.4616642,8.4616642,830432073
2019-06-09,8.4596233,8.5319681,7.9183221,8.1543646,8.1543646,728018275
2019-06-10,8.1360302,8.3923588,7.9257288,8.2950058,8.2950058,675313606
2019-06-11,8.2849588,8.3469172,8.0332298,8.2578869,8.2578869,508941952
2019-06-12,8.2628918,8.7812672,8.1412315,8.5552235,8.5552235,705350374
2019-06-13,8.5777674,8.6918421,8.4526873,8.5450029,8.5450029,684549128
2019-06-14,8.5179052,8.5814981,8.1832781,8.5406075,8.5406075,670586440
2019-06-15,8.5620813,8.7290287,8.4211588,8.601738,8.601738,620126945
2019-06-16,8.6023808,8.9221668,8.5292511,8.6915321,8.6915321,848979267
2019-06-17,8.7186823,8.8865995,8.6347151,8.8089371,8.8089371,507799796
2019-06-18,8.7353458,8.8383408,8.326705,8.4286203,8.4286203,622052950
2019-06-19,8.430418,8.6548719,8.4003143,8.5381651,8.5381651,590876271
2019-06-20,8.5247641,8.6083603,8.3467674,8.4966822,8.4966822,587709880
2019-06-21,8.5009069,8.8029385,8.4508553,8.7204494,8.7204494,815961669
2019-06-22,8.7335577,9.289299,8.7026768,9.1444674,9.1444674,1107874156
2019-06-23,9.1413574,9.5885458,9.0574799,9.2759104,9.2759104,958883927
2019-06-24,9.2783012,9.3882189,8.9685602,9.2620258,9.2620258,771250120
2019-06-25,9.2685146,9.3020191,9.0517387,9.2521324,9.2521324,769322239
2019-06-26,9.2485495,9.6198092,8.8490887,9.0404081,9.0404081,1216912857
2019-06-27,9.0237455,9.105916,7.1842542,7.6529188,7.6529188,1407240749
2019-06-28,7.667274,8.0398645,7.5509882,8.0272274,8.0272274,975712142
2019-06-29,8.0284634,8.289608,7.6239619,8.2739859,8.2739859,810346203
2019-06-30,8.2706051,8.6203251,7.7257018,7.7257018,7.7257018,892040483
2019-07-01,7.712996,7.9753242,7.332737,7.763763,7.763763,874437054
2019-07-02,7.7610869,7.8568912,7.3235559,7.704987,7.704987,855230260
2019-07-03,7.7055922,7.9055452,7.6545281,7.8711739,7.8711739,789429913
2019-07-04,7.8430161,8.1544676,7.7212911,7.7592888,7.7592888,822719239
2019-07-05,7.7515121,7.9240298,7.6183481,7.8429198,7.8429198,750356955
2019-07-06,7.8444071,7.9669628,7.7440391,7.8141899,7.8141899,707657234
2019-07-07,7.813817,8.0056267,7.7386851,7.9307628,7.9307628,666411772
2019-07-08,7.968698,8.0349092,7.8794231,8.0157127,8.0157127,684112433
2019-07-09,8.0220404,8.1182222,7.8074799,7.9055409,7.9055409,654848641
2019-07-10,7.9002199,7.9388232,7.0248361,7.2931552,7.2931552,674630757
2019-07-11,7.29599,7.3019171,6.3314261,6.6344199,6.6344199,671496898
2019-07-12,6.6386561,6.8575768,6.557198,6.8067341,6.8067341,578739666
2019-07-13,6.8085322,6.8158741,6.4450812,6.628459,6.628459,494753959
2019-07-14,6.637157,6.6631231,5.6618052,5.6704969,5.6704969,635115700
2019-07-15,5.6763701,5.849194,5.2203102,5.7901449,5.7901449,684348176
2019-07-16,5.789793,6.0704551,5.217514,5.347034,5.347034,659446809
2019-07-17,5.3353982,5.8916478,5.2456141,5.7017579,5.7017579,620406765
2019-07-18,5.7032762,6.0914388,5.4599528,6.0547848,6.0547848,615658793
2019-07-19,6.0561328,6.0566049,5.7096758,5.8727651,5.8727651,575039548
2019-07-20,5.8693051,6.3155479,5.8574438,6.1773052,6.1773052,550207510
2019-07-21,6.171536,6.2850161,6.0646262,6.2626438,6.2626438,505774986
2019-07-22,6.261971,6.4855051,6.2447901,6.3569059,6.3569059,588449945
2019-07-23,6.3634219,6.3634219,5.966074,6.037621,6.037621,558743150
2019-07-24,6.0380902,6.2216291,5.775166,6.124433,6.124433,559195944
2019-07-25,6.1102128,6.2460279,5.9980698,6.0199642,6.0199642,475705830
2019-07-26,6.0208888,6.2541718,5.9158039,6.2233891,6.2233891,453543240
2019-07-27,6.2239332,6.3075771,5.8182278,5.930459,5.930459,488309293
2019-07-28,5.937501,6.0130682,5.632122,5.906333,5.906333,467643759
2019-07-29,5.8958468,6.0488448,5.8700209,5.9394789,5.9394789,463010341
2019-07-30,5.9391718,5.9950991,5.8170528,5.9430919,5.9430919,405428794
2019-07-31,5.9427409,6.0933952,5.8233519,6.0568871,6.0568871,446334660
2019-08-01,6.0571899,6.0696449,5.8633151,5.9795122,5.9795122,442291025
2019-08-02,5.9807978,6.0188222,5.8474731,5.882802,5.882802,412140426
2019-08-03,5.88448,5.958622,5.8596549,5.899529,5.899529,382130888
2019-08-04,5.8983679,6.1306968,5.8421001,6.122252,6.122252,409522410
2019-08-05,6.1179152,6.3619318,6.114243,6.1890039,6.1890039,516749115
2019-08-06,6.200593,6.2814808,5.8141351,5.8565688,5.8565688,506916264
2019-08-07,5.860486,5.9798751,5.8569031,5.9140258,5.9140258,496341489
2019-08-08,5.9128251,6.1815491,5.8861022,5.989007,5.989007,527592626
2019-08-09,5.9898372,6.0286431,5.7577538,5.809371,5.809371,506900373
2019-08-10,5.8088598,5.8813648,5.561398,5.6622849,5.6622849,534176092
2019-08-11,5.659987,5.8817601,5.659987,5.816359,5.816359,478382424
2019-08-12,5.8162541,5.8883739,5.7250619,5.7888231,5.7888231,426450751
2019-08-13,5.792891,5.9488988,5.7548528,5.9040861,5.9040861,475382320
2019-08-14,5.8991489,6.144104,5.550231,5.5863008,5.5863008,638164389
2019-08-15,5.5931149,5.7605891,5.3660159,5.658577,5.658577,624458131
2019-08-16,5.6564078,5.6593442,5.456758,5.5371342,5.5371342,459452954
2019-08-17,5.53719,5.5511041,5.3973479,5.4654269,5.4654269,365985942
2019-08-18,5.4656019,5.6600981,5.431138,5.5801001,5.5801001,365608038
2019-08-19,5.5813332,5.676064,5.4533391,5.5593538,5.5593538,426317832
2019-08-20,5.5619941,6.1683669,5.4908552,6.0165129,6.0165129,692319363
2019-08-21,6.023952,6.3791862,5.8895469,6.1281719,6.1281719,851827746
2019-08-22,6.1334858,7.6407251,6.0032091,7.2640438,7.2640438,1555872315
2019-08-23,7.2445669,7.5438342,6.8899498,7.1513572,7.1513572,1157799956
2019-08-24,7.155582,7.2236838,6.77917,6.8811221,6.8811221,816032136
2019-08-25,6.8721099,7.408515,6.866611,7.1510758,7.1510758,829563023
2019-08-26,7.1392078,7.454751,7.0765781,7.3494902,7.3494902,840730995
2019-08-27,7.3486319,7.3486319,7.126626,7.194519,7.194519,621991582
2019-08-28,7.2013102,7.2407532,6.3746071,6.4787202,6.4787202,934624853
2019-08-29,6.4796391,6.4801159,5.8743572,5.9520111,5.9520111,846389901
2019-08-30,5.9520102,6.4557309,5.7575889,6.3161039,6.3161039,733067936
2019-08-31,6.3095489,6.4375472,6.1976762,6.292562,6.292562,596645771
2019-09-01,6.2917891,6.3353362,6.15835,6.2686472,6.2686472,512252388
2019-09-02,6.2690368,6.7974319,6.2148609,6.6805282,6.6805282,714610831
2019-09-03,6.6834259,6.9898272,6.616468,6.8180718,6.8180718,623258546
2019-09-04,6.822608,6.8501282,6.7035189,6.781858,6.781858,478438887
2019-09-05,6.7781339,7.1949992,6.7326121,7.056777,7.056777,711840607
2019-09-06,7.0514712,7.0658259,6.7177048,6.7177048,6.7177048,576063126
2019-09-07,6.701849,6.8006649,6.3817992,6.6778722,6.6778722,707777741
2019-09-08,6.6757631,6.784297,6.6183681,6.659811,6.659811,510581786
2019-09-09,6.6749201,6.7831659,6.4268861,6.6153989,6.6153989,575646640
2019-09-10,6.6074171,6.7588658,6.453135,6.5283289,6.5283289,528197076
2019-09-11,6.5318251,6.5730929,6.1646981,6.3417091,6.3417091,516192334
2019-09-12,6.3438768,6.3717742,6.2140679,6.2164631,6.2164631,474472676
2019-09-13,6.2131052,6.264039,6.125082,6.1591511,6.1591511,451985629
2019-09-14,6.1632051,6.2950878,6.1019368,6.2495642,6.2495642,430056608
2019-09-15,6.253376,6.3564892,6.2202878,6.2650828,6.2650828,445611168
2019-09-16,6.2650952,6.3369431,6.1744022,6.2236362,6.2236362,401888918
2019-09-17,6.2236991,6.427537,6.171792,6.319694,6.319694,455827350
2019-09-18,6.3104272,6.5308132,6.3011179,6.3951001,6.3951001,538218941
2019-09-19,6.3975582,6.4010358,5.9443998,6.2300739,6.2300739,655804393
2019-09-20,6.2285042,6.2820969,6.0626769,6.1667581,6.1667581,590628441
2019-09-21,6.1725612,6.2043929,6.0728078,6.1405492,6.1405492,462204520
2019-09-22,6.1377211,6.1424432,5.9807382,6.0277252,6.0277252,467907075
2019-09-23,6.0211921,6.0740972,5.8384228,5.8403411,5.8403411,501788923
2019-09-24,5.8400092,5.8835311,4.3495831,4.6421218,4.6421218,831306956
2019-09-25,4.647686,4.9493809,4.5296812,4.8363371,4.8363371,900076390
2019-09-26,4.836834,4.863482,4.5088811,4.7080231,4.7080231,607503520
2019-09-27,4.708364,4.7330928,4.5326848,4.7024579,4.7024579,540705633
2019-09-28,4.7005358,4.782269,4.6613312,4.6852322,4.6852322,474231715
2019-09-29,4.6848068,4.7095151,4.494462,4.5779362,4.5779362,439473026
2019-09-30,4.5784111,4.7673602,4.4500299,4.7097678,4.7097678,536326456
2019-10-01,4.712369,4.8198872,4.6031318,4.6392512,4.6392512,490706755
2019-10-02,4.6366072,4.6996851,4.5891252,4.6961842,4.6961842,374779559
2019-10-03,4.6966462,4.7001948,4.5378308,4.621798,4.621798,391705827
2019-10-04,4.6218719,4.681396,4.5390539,4.615634,4.615634,405656119
2019-10-05,4.6127272,4.6778541,4.5592728,4.6155429,4.6155429,409673132
2019-10-06,4.6164608,4.6712251,4.4878259,4.5456042,4.5456042,375661291
2019-10-07,4.5424118,4.734026,4.5122519,4.6940889,4.6940889,469114687
2019-10-08,4.6931982,4.7322798,4.6076231,4.6488371,4.6488371,408171738
2019-10-09,4.646616,5.1810002,4.6141729,5.0737081,5.0737081,642659911
2019-10-10,5.0734701,5.0976272,4.840456,4.8493948,4.8493948,632364947
2019-10-11,4.8430419,4.943749,4.6813121,4.6827531,4.6827531,534869638
2019-10-12,4.6808152,4.772583,4.680553,4.7267609,4.7267609,446424414
2019-10-13,4.7259068,4.8167291,4.7061682,4.761198,4.761198,454486029
2019-10-14,4.7589469,4.8384099,4.7387462,4.8049698,4.8049698,454214757
2019-10-15,4.803092,4.8184848,4.5271869,4.569263,4.569263,564318896
2019-10-16,4.5632558,4.7175469,4.2938251,4.4546099,4.4546099,625342215
2019-10-17,4.4537282,4.5783548,4.416935,4.513628,4.513628,500500275
2019-10-18,4.5139799,4.5408468,4.3836079,4.435514,4.435514,451869519
2019-10-19,4.4358559,4.4785042,4.411005,4.4451218,4.4451218,414370283
2019-10-20,4.447124,4.5537782,4.4102378,4.517396,4.517396,391423115
2019-10-21,4.5149488,4.6618962,4.4598498,4.6018028,4.6018028,505011469
2019-10-22,4.6026621,4.6610541,4.4544811,4.4768758,4.4768758,477586597
2019-10-23,4.4762068,4.5031562,4.1153822,4.2584772,4.2584772,581417199
2019-10-24,4.259274,4.3809199,4.2299461,4.3045621,4.3045621,519242450
2019-10-25,4.3028388,4.9006119,4.2648792,4.751359,4.751359,712500670
2019-10-26,4.752306,5.0161929,4.5239239,4.5785398,4.5785398,904622915
2019-10-27,4.5804491,4.8719611,4.5527339,4.7978029,4.7978029,752486783
2019-10-28,4.7990451,4.9979839,4.7196012,4.765583,4.765583,645944532
2019-10-29,4.761663,5.142827,4.7596259,4.9349651,4.9349651,711859815
2019-10-30,4.9339309,4.974577,4.75634,4.817831,4.817831,619239698
2019-10-31,4.8187981,4.9867492,4.715138,4.8398771,4.8398771,674303500
2019-11-01,4.8406868,4.9553971,4.8207769,4.8852768,4.8852768,593824584
2019-11-02,4.8844032,5.020165,4.8541031,4.9423628,4.9423628,531399924
2019-11-03,4.9441109,5.005127,4.8484659,4.9009242,4.9009242,526681932
2019-11-04,4.9013162,4.991931,4.8781772,4.97439,4.97439,572024807
2019-11-05,4.9746499,5.0850291,4.900568,5.034236,5.034236,625522699
2019-11-06,5.0370908,5.1724238,5.020678,5.0856438,5.0856438,704728094
2019-11-07,5.08285,5.3049731,5.0664072,5.2601538,5.2601538,911678619
2019-11-08,5.2594628,5.2856641,4.850348,4.9933829,4.9933829,857629851
2019-11-09,4.9919529,5.0548868,4.9452319,4.959321,4.959321,699334676
2019-11-10,4.9597359,5.0860691,4.9513049,5.0526209,5.0526209,746139797
2019-11-11,5.0545559,5.0773931,4.876883,4.9008312,4.9008312,621011038
2019-11-12,4.9030628,4.9488578,4.846179,4.9052901,4.9052901,646259068
2019-11-13,4.903934,4.930757,4.8488488,4.8629551,4.8629551,618297626
2019-11-14,4.8635101,4.8705888,4.7296081,4.7827058,4.7827058,640805147
2019-11-15,4.785646,4.7895041,4.5549598,4.5657482,4.5657482,643961644
2019-11-16,4.5662322,4.6791682,4.5506048,4.6665988,4.6665988,558701705
2019-11-17,4.6671028,4.7215581,4.635963,4.6504259,4.6504259,578014319
2019-11-18,4.6498451,4.688179,4.3378892,4.439559,4.439559,655761973
2019-11-19,4.4382019,4.5734501,4.3249531,4.4244409,4.4244409,778985434
2019-11-20,4.4249249,4.4867539,4.3520179,4.3696141,4.3696141,664823714
2019-11-21,4.3694019,4.4203219,4.1146798,4.1812601,4.1812601,653833319
2019-11-22,4.1829882,4.2292638,3.6141319,3.8938169,3.8938169,834882911
2019-11-23,3.89467,4.073493,3.8420329,4.0472422,4.0472422,664470921
2019-11-24,4.048872,4.0528202,3.762265,3.762265,3.762265,573155295
2019-11-25,3.764925,3.945605,3.5827439,3.7907839,3.7907839,681165688
2019-11-26,3.7954569,3.915096,3.7797141,3.8982191,3.8982191,480595473
2019-11-27,3.8893931,4.032537,3.7353499,3.9601369,3.9601369,598461972
2019-11-28,3.9619551,4.0447841,3.920193,3.954536,3.954536,517442386
2019-11-29,3.95679,4.1133542,3.9475851,4.096221,4.096221,535165008
2019-11-30,4.0965948,4.13591,3.907057,3.9592149,3.9592149,485334729
2019-12-01,3.9530621,4.0159669,3.8478031,3.942127,3.942127,510987606
2019-12-02,3.9417131,3.9794459,3.8310299,3.8680029,3.8680029,476342423
2019-12-03,3.864574,3.9263251,3.811286,3.847271,3.847271,439965460
2019-12-04,3.845474,3.880023,3.7427299,3.7816761,3.7816761,499945124
2019-12-05,3.780858,3.9434531,3.7577469,3.8145399,3.8145399,518444076
2019-12-06,3.8157499,3.9115839,3.7977309,3.8947771,3.8947771,480712620
2019-12-07,3.8958039,3.9440861,3.8827801,3.8910649,3.8910649,443951607
2019-12-08,3.890043,3.974308,3.8651099,3.9234519,3.9234519,432413867
2019-12-09,3.922179,3.93766,3.8077381,3.81777,3.81777,437567031
2019-12-10,3.8173809,3.817987,3.743366,3.8031371,3.8031371,437552956
2019-12-11,3.8015699,3.8392489,3.7723789,3.7778621,3.7778621,740021397
2019-12-12,3.7770071,3.8515029,3.7559061,3.8404269,3.8404269,566866698
2019-12-13,3.840724,3.8874531,3.8225119,3.8611619,3.8611619,511254438
2019-12-14,3.86008,3.880444,3.7788911,3.8204899,3.8204899,452726314
2019-12-15,3.8215959,3.856524,3.737483,3.8226919,3.8226919,460833864
2019-12-16,3.82059,3.8622551,3.6566169,3.6997969,3.6997969,555505101
2019-12-17,3.6988139,3.7215991,3.4306321,3.4723871,3.4723871,560517229
2019-12-18,3.475456,3.785233,3.4336901,3.7765141,3.7765141,741670263
2019-12-19,3.778343,3.8078671,3.658622,3.7650411,3.7650411,545993350
2019-12-20,3.766629,4.1201749,3.735106,4.0629959,4.0629959,699804591
2019-12-21,4.0639491,4.1643839,4.0201192,4.102632,4.102632,751856618
2019-12-22,4.1025462,4.2419529,4.0749459,4.203783,4.203783,738381970
2019-12-23,4.2035298,4.239964,3.982347,4.0089669,4.0089669,716022188
2019-12-24,4.0110989,4.0657878,3.933537,3.963841,3.963841,650962000
2019-12-25,3.9673309,4.1055961,3.949316,4.0793729,4.0793729,651227271
2019-12-26,4.0783701,4.6188598,4.0777049,4.5064111,4.5064111,1038713351
2019-12-27,4.5054278,4.6268611,4.434268,4.52492,4.52492,1051285597
2019-12-28,4.5246139,4.5563302,4.4093151,4.420311,4.420311,702721446
2019-12-29,4.418972,4.7540798,4.4120421,4.660553,4.660553,864464994
2019-12-30,4.6600971,4.7854609,4.5790858,4.6411638,4.6411638,889697901
2019-12-31,4.6405869,4.7422261,4.438776,4.4969549,4.4969549,855008050
2020-01-01,4.4974279,4.5589762,4.4784641,4.5027919,4.5027919,578070570
2020-01-02,4.5026388,4.5082068,4.2035098,4.255888,4.255888,692082812
2020-01-03,4.2499051,4.6338091,4.2030811,4.5762372,4.5762372,853611122
2020-01-04,4.5717292,4.7322879,4.5421319,4.7268419,4.7268419,771746505
2020-01-05,4.7739191,5.0147109,4.771709,4.9078989,4.9078989,929077856
2020-01-06,4.9086599,5.116159,4.8923059,5.0461192,5.0461192,935281051
2020-01-07,5.0451198,5.0603161,4.7571421,4.8345971,4.8345971,1006600642
2020-01-08,4.8354092,5.060874,4.7992601,4.9733958,4.9733958,998712344
2020-01-09,4.9717178,5.2125759,4.9339962,5.2125759,5.2125759,1014858991
2020-01-10,5.2156911,5.3764892,4.9374838,5.3357491,5.3357491,1230740496
2020-01-11,5.3307781,5.7683678,5.3247471,5.5801082,5.5801082,1355984730
2020-01-12,5.5788388,5.6435862,5.4040618,5.5641098,5.5641098,1012635723
2020-01-13,5.5641642,5.585412,5.3582449,5.49685,5.49685,817167779
2020-01-14,5.4967179,6.9319992,5.4902458,6.8097382,6.8097382,2077666220
2020-01-15,6.8039322,8.0686131,6.6692271,7.9760962,7.9760962,3050686528
2020-01-16,7.9769182,8.5096645,7.3401871,8.3777237,8.3777237,2591162120
2020-01-17,8.36584,11.912229,8.1318417,9.5196257,9.5196257,4699240278
2020-01-18,9.5837889,9.7153339,8.189579,8.3291569,8.3291569,3191984633
2020-01-19,8.3233986,9.3630505,7.8975148,8.5089531,8.5089531,3071743046
2020-01-20,8.5086765,9.0768232,8.1307039,8.673727,8.673727,2181334260
2020-01-21,8.6727781,9.1040068,8.5602694,8.9456034,8.9456034,1792016776
2020-01-22,8.9478359,9.4693804,8.9436731,9.3379631,9.3379631,1893350417
2020-01-23,9.3371735,9.3643036,8.2685213,8.4634542,8.4634542,1878541112
2020-01-24,8.4722261,8.8091946,7.9620371,8.623168,8.623168,1962297204
2020-01-25,8.6202564,8.6202564,8.2118902,8.4334583,8.4334583,1429389665
2020-01-26,8.4306898,9.2772589,8.2746582,9.1437731,9.1437731,1685344365
2020-01-27,9.1400928,10.998803,9.1359997,10.424935,10.424935,3089196032
2020-01-28,10.424812,11.615152,10.350886,11.530346,11.530346,3491046321
2020-01-29,11.487793,12.737597,11.388391,12.319812,12.319812,4198264074
2020-01-30,12.293618,12.614086,11.734573,12.274305,12.274305,3429768630
2020-01-31,12.268274,12.268671,10.827655,11.300946,11.300946,2910829193
2020-02-01,11.321859,11.746797,11.134864,11.541697,11.541697,2507607885
2020-02-02,11.52321,11.725974,11.200713,11.388737,11.388737,2230362843
2020-02-03,11.382748,12.155769,11.336669,11.79246,11.79246,2572871754
2020-02-04,11.78708,11.869724,11.205737,11.432574,11.432574,2163865570
2020-02-05,11.42526,12.574313,11.366085,12.33817,12.33817,2630503881
2020-02-06,12.343172,13.148558,11.473717,12.098636,12.098636,3578970064
2020-02-07,12.12024,12.206459,11.428929,11.702788,11.702788,2864925900
2020-02-08,11.704146,11.910501,11.214234,11.67279,11.67279,2458728176
2020-02-09,11.672274,12.019037,11.41982,11.710107,11.710107,2256308242
2020-02-10,11.71556,12.0429,11.479985,11.83901,11.83901,2949720160
2020-02-11,11.843911,12.088294,11.63787,11.947535,11.947535,2623748665
2020-02-12,11.93992,12.429328,11.924166,12.242922,12.242922,2558687675
2020-02-13,12.240053,13.021754,11.693109,12.042051,12.042051,3267500938
2020-02-14,12.043076,12.049499,11.708147,11.980769,11.980769,2197029671
2020-02-15,11.9763,12.054794,9.945034,10.388147,10.388147,2720972975
2020-02-16,10.396425,10.636585,9.030407,9.6354733,9.6354733,2727702320
2020-02-17,9.6022205,9.7941256,8.8012333,9.6099644,9.6099644,2840284893
2020-02-18,9.6129856,9.8913431,9.2160997,9.8223667,9.8223667,2025728374
2020-02-19,9.8246279,9.8305321,8.7841473,8.8790369,8.8790369,1807922284
2020-02-20,8.8702745,9.0154314,8.4551926,8.9017611,8.9017611,1908879598
2020-02-21,8.8937826,9.8368168,8.8247614,9.4332914,9.4332914,2112160851
2020-02-22,9.4467773,9.7183685,9.3648787,9.5224247,9.5224247,1724873520
2020-02-23,9.5200071,9.9029207,9.4834003,9.7346554,9.7346554,1745180317
2020-02-24,9.7348604,9.7420349,9.0797834,9.3430986,9.3430986,1691831980
2020-02-25,9.341053,9.4101973,9.0439329,9.2592411,9.2592411,1633614476
2020-02-26,9.2463217,9.3320217,7.4172339,7.680284,7.680284,2112171652
2020-02-27,7.6816568,8.0366278,7.3743982,7.6847048,7.6847048,1837427407
2020-02-28,7.6836171,7.8356252,7.2269731,7.437552,7.437552,1543271140
2020-02-29,7.4336429,7.6453562,7.3562708,7.4074798,7.4074798,1233126529
2020-03-01,7.4025712,7.8987222,7.4010458,7.7625771,7.7625771,1537094857
2020-03-02,7.7570801,8.5915699,7.724371,8.4008636,8.4008636,1891308432
2020-03-03,8.3962126,8.5901184,8.1976013,8.4974556,8.4974556,1872178655
2020-03-04,8.4825974,8.5164261,7.7639089,7.952631,7.952631,1806626129
2020-03-05,7.9535098,8.4069843,7.9535098,8.1991043,8.1991043,1723095649
2020-03-06,8.1956968,8.2990294,8.0032768,8.1951962,8.1951962,1574406337
2020-03-07,8.1956635,8.1986504,7.8057051,7.8194022,7.8194022,1346672683
2020-03-08,7.8207512,7.8207512,6.4124842,6.4937849,6.4937849,1587136600
2020-03-09,6.4796329,7.0125461,6.4441028,6.9255691,6.9255691,2021714081
2020-03-10,6.9359279,6.9409852,6.6534419,6.8110561,6.8110561,1364787040
2020-03-11,6.8127308,6.8720241,6.2088261,6.5772891,6.5772891,1481692354
2020-03-12,6.5768161,6.594697,3.9603,3.9639461,3.9639461,1769379393
2020-03-13,3.938297,5.1351829,3.3044579,4.8461232,4.8461232,2669299626
2020-03-14,4.844975,4.9222651,4.5328412,4.6257391,4.6257391,1355484541
2020-03-15,4.6238828,5.2189951,4.5611291,5.056345,5.056345,1312008231
2020-03-16,5.056654,5.057734,4.14431,4.4489679,4.4489679,1574944809
2020-03-17,4.454577,4.7979169,4.4178152,4.526495,4.526495,1398800638
2020-03-18,4.510231,4.5748839,4.3799119,4.472723,4.472723,1283190472
2020-03-19,4.4734111,5.2432919,4.4578691,5.0587268,5.0587268,1684507154
2020-03-20,5.0636592,5.4599748,4.6527281,4.9258132,4.9258132,1881649280
2020-03-21,4.9110188,5.1117272,4.7319379,5.0106359,5.0106359,1687706453
2020-03-22,5.0125089,5.219945,4.6060939,4.6182928,4.6182928,1760932487
2020-03-23,4.6182928,4.9691439,4.5901532,4.9500952,4.9500952,1828322376
2020-03-24,4.93998,5.1769848,4.8823061,5.0648761,5.0648761,1775927078
2020-03-25,5.0647941,5.2404218,4.9173508,5.0227361,5.0227361,1801753591
2020-03-26,5.0234561,5.0949001,4.935123,5.0785551,5.0785551,1441482949
2020-03-27,5.0800452,5.1872058,4.9999232,5.0202651,5.0202651,1338792021
2020-03-28,5.017705,5.017705,4.6858521,4.8097768,4.8097768,1463133173
2020-03-29,4.809484,5.068387,4.7856789,4.8428068,4.8428068,1402356922
2020-03-30,4.8380532,4.9963369,4.8203669,4.9686198,4.9686198,1425404966
2020-03-31,4.9789329,4.9959412,4.880281,4.947474,4.947474,1321446702
2020-04-01,4.9505959,5.0483599,4.825458,5.0266662,5.0266662,1532599748
2020-04-02,5.0299568,5.2605238,4.9920149,5.1038909,5.1038909,1580471357
2020-04-03,5.1066518,5.2397399,5.0421071,5.1265378,5.1265378,1364260521
2020-04-04,5.1222391,5.2212219,5.056551,5.1687131,5.1687131,1256811376
2020-04-05,5.169662,5.1867771,4.9558101,5.0452929,5.0452929,1219161342
2020-04-06,5.0436931,5.5713739,5.042696,5.5668101,5.5668101,1730258832
2020-04-07,5.5711279,5.8083739,5.4365921,5.4628139,5.4628139,1738216500
2020-04-08,5.4672041,5.8429132,5.400485,5.8072062,5.8072062,1984800766
2020-04-09,5.8102388,5.9363079,5.6021762,5.9051542,5.9051542,1851126100
2020-04-10,5.9032321,5.9201798,5.1167221,5.249578,5.249578,1842083519
2020-04-11,5.2497849,5.3845329,5.1633482,5.2586188,5.2586188,1551445460
2020-04-12,5.2620201,5.4226718,5.1961179,5.3425131,5.3425131,1469741651
2020-04-13,5.3582559,5.3582559,5.0619478,5.179718,5.179718,1518502806
2020-04-14,5.181757,5.3463302,5.1315088,5.2107759,5.2107759,1555969424
2020-04-15,5.2111011,5.3469262,5.0879312,5.1042099,5.1042099,1522761187
2020-04-16,5.1048322,5.5349531,4.9214549,5.476419,5.476419,1981857114
2020-04-17,5.4781761,5.485394,5.3584328,5.4203,5.4203,1594796299
2020-04-18,5.4138932,5.672286,5.4125862,5.6540399,5.6540399,1677466730
2020-04-19,5.650218,5.721487,5.4927258,5.526423,5.526423,1652540328
2020-04-20,5.5229101,5.6228938,5.2352152,5.2708378,5.2708378,1770249826
2020-04-21,5.2625079,5.3202229,5.164505,5.2292871,5.2292871,1600170558
2020-04-22,5.2269611,5.4513278,5.194037,5.380271,5.380271,1504974250
2020-04-23,5.38203,5.6794801,5.3356891,5.5688858,5.5688858,1738396629
2020-04-24,5.5722742,5.6875162,5.5682292,5.6270871,5.6270871,1706994130
2020-04-25,5.626564,5.8315549,5.5951071,5.7772698,5.7772698,1749266189
2020-04-26,5.7745872,6.2424841,5.7516098,6.2240548,6.2240548,2277087076
2020-04-27,6.2165718,6.2770309,5.99578,6.0801249,6.0801249,2171209635
2020-04-28,6.0838442,6.1986122,6.0160928,6.1904988,6.1904988,1798070168
2020-04-29,6.192699,6.8574371,6.1499572,6.7842932,6.7842932,2680399907
2020-04-30,6.7804732,6.9997158,6.4014921,6.470458,6.470458,2720908294
2020-05-01,6.4715528,6.7234259,6.470583,6.67768,6.67768,2149345979
2020-05-02,6.6787462,7.5841818,6.6306729,7.4772768,7.4772768,2886988124
2020-05-03,7.4795341,7.6033611,7.1176658,7.2264318,7.2264318,2920876669
2020-05-04,7.2269301,7.3202958,6.7718148,7.2427001,7.2427001,2925477275
2020-05-05,7.2496791,7.4816771,7.125103,7.191884,7.191884,2657879225
2020-05-06,7.195827,7.3050909,6.9491668,6.9491668,6.9491668,2229841906
2020-05-07,6.9839869,7.1860528,6.847743,7.0979571,7.0979571,2463492782
2020-05-08,7.0982919,7.3228469,6.9606128,7.1769261,7.1769261,2151071895
2020-05-09,7.1659942,7.258687,7.0422039,7.0843968,7.0843968,2010448165
2020-05-10,7.0947719,7.0947719,5.8636861,6.2024598,6.2024598,2812295899
2020-05-11,6.2041211,6.3059349,5.7112188,6.038579,6.038579,2234666490
2020-05-12,6.0470161,6.2106409,5.9732289,6.0807228,6.0807228,1767977850
2020-05-13,6.0828252,6.2443771,6.0316019,6.214365,6.214365,1683631591
2020-05-14,6.196454,6.3316941,6.1039939,6.254076,6.254076,1797848517
2020-05-15,6.2489882,6.6783071,6.1387601,6.496613,6.496613,1856718372
2020-05-16,6.513761,6.8233051,6.4740772,6.687623,6.687623,1908326129
2020-05-17,6.6856289,6.769712,6.590621,6.6729479,6.6729479,1432909061
2020-05-18,6.6683369,6.90593,6.6324401,6.708868,6.708868,1494512382
2020-05-19,6.7111669,6.7127752,6.5966072,6.6459761,6.6459761,1313089147
2020-05-20,6.6414862,6.6767821,6.3584518,6.4445639,6.4445639,1311339518
2020-05-21,6.444685,6.5179911,5.962553,6.1404548,6.1404548,1314068624
2020-05-22,6.1396708,6.5821362,6.09302,6.4658551,6.4658551,1379531120
2020-05-23,6.4679399,6.6171589,6.366168,6.5874848,6.5874848,1190218864
2020-05-24,6.5885282,6.7701082,6.5481882,6.6106229,6.6106229,1422089791
2020-05-25,6.6061692,6.8882942,6.5569229,6.8090029,6.8090029,1477766580
2020-05-26,6.8078518,6.8315639,6.5656848,6.7004352,6.7004352,1291253572
2020-05-27,6.7025452,6.8193779,6.6688972,6.7793121,6.7793121,1285148249
2020-05-28,6.7818241,6.8655658,6.7067041,6.8507152,6.8507152,1199343323
2020-05-29,6.8503289,7.258863,6.8485498,7.23805,7.23805,1510000396
2020-05-30,7.2364569,7.4953799,7.1188941,7.4862232,7.4862232,1483066910
2020-05-31,7.4849091,7.489408,6.7234359,6.9327698,6.9327698,1500617569
2020-06-01,6.9276328,7.2309251,6.886342,7.2113972,7.2113972,1604432000
2020-06-02,7.1956682,7.3071561,6.8164568,6.9594879,6.9594879,1473469097
2020-06-03,6.9625759,6.9896269,6.8650498,6.9382119,6.9382119,1197427709
2020-06-04,6.9399648,7.0324512,6.8184729,6.92769,6.92769,1164672923
2020-06-05,6.9309731,6.9717598,6.8106852,6.8678112,6.8678112,1043967573
2020-06-06,6.8683949,6.9453549,6.802629,6.8506951,6.8506951,937320669
2020-06-07,6.8508062,6.8867688,6.6708121,6.8466182,6.8466182,1005669612
2020-06-08,6.845324,6.9017868,6.7427988,6.8985262,6.8985262,785110815
2020-06-09,6.8965988,6.9049168,6.7554789,6.8052378,6.8052378,730110943
2020-06-10,6.8050261,6.8419561,6.7199392,6.8078141,6.8078141,659043308
2020-06-11,6.8074341,6.8301792,6.1748381,6.2857838,6.2857838,807881145
2020-06-12,6.2825832,6.4705758,6.2330961,6.416594,6.416594,733932453
2020-06-13,6.4183059,6.5050602,6.3582292,6.4977212,6.4977212,642231893
2020-06-14,6.497056,6.4998279,6.314992,6.3518848,6.3518848,605317659
2020-06-15,6.3518848,6.3518848,6.029809,6.253314,6.253314,712617540
2020-06-16,6.2529898,6.308445,6.1785798,6.2508039,6.2508039,605751792
2020-06-17,6.250948,6.3441749,6.1848879,6.2781692,6.2781692,627966131
2020-06-18,6.278317,6.2902141,6.1276302,6.2255092,6.2255092,512432929
2020-06-19,6.2238722,6.3975239,6.1749072,6.3100362,6.3100362,658458958
2020-06-20,6.3100362,6.3564682,6.1844902,6.2539892,6.2539892,605399060
2020-06-21,6.2500792,6.2864161,6.2007389,6.2207012,6.2207012,508650064
2020-06-22,6.2208629,6.374794,6.2129731,6.3595109,6.3595109,561565050
2020-06-23,6.3593059,6.4195948,6.2829709,6.3874068,6.3874068,551108487
2020-06-24,6.3900499,6.5159912,6.1721072,6.2225299,6.2225299,526968781
2020-06-25,6.222476,6.24575,6.1059632,6.1575632,6.1575632,435301522
2020-06-26,6.1556931,6.1817031,6.0259771,6.0396008,6.0396008,444438720
2020-06-27,6.0388179,6.0695658,5.4370561,5.6125169,5.6125169,534396395
2020-06-28,5.6125169,5.839026,5.5647202,5.759665,5.759665,462999765
2020-06-29,5.7581501,5.8787522,5.7411952,5.831562,5.831562,533800507
2020-06-30,5.8267851,5.8581829,5.6959929,5.7347112,5.7347112,433251874
2020-07-01,5.7323718,5.7894349,5.6454072,5.7180309,5.7180309,446564362
2020-07-02,5.7193379,5.7952709,5.5991492,5.7154179,5.7154179,423367188
2020-07-03,5.7135758,5.7332382,5.6214042,5.6563501,5.6563501,373323476
2020-07-04,5.651195,5.7373471,5.6464958,5.6966772,5.6966772,409246657
2020-07-05,5.6955428,5.7125511,5.5523462,5.6546559,5.6546559,436857863
2020-07-06,5.6546559,6.141088,5.6484971,6.1015191,6.1015191,630686359
2020-07-07,6.0961332,6.3136601,5.9563799,6.21138,6.21138,627000193
2020-07-08,6.2116938,6.6302662,6.1413889,6.6302662,6.6302662,701385528
2020-07-09,6.6288109,6.7745428,6.43433,6.6691079,6.6691079,874499722
2020-07-10,6.6668992,6.6672592,6.2791958,6.3780971,6.3780971,624332622
2020-07-11,6.3781281,6.5527611,6.3781281,6.5083938,6.5083938,559981464
2020-07-12,6.510241,6.5535889,6.3790121,6.4500179,6.4500179,492359785
2020-07-13,6.4500179,6.5318222,6.234715,6.3056479,6.3056479,560726589
2020-07-14,6.3013239,6.322547,6.1836629,6.3194079,6.3194079,577979368
2020-07-15,6.3175402,6.3544092,6.1865301,6.2158031,6.2158031,578896464
2020-07-16,6.2160702,6.2497029,5.9517269,6.0254178,6.0254178,636508435
2020-07-17,6.0252652,6.1010771,5.9732108,6.0291581,6.0291581,549806440
2020-07-18,6.0286188,6.0975008,5.9542298,6.0429091,6.0429091,463666673
2020-07-19,6.0430641,6.0986891,5.967927,6.0790792,6.0790792,471087490
2020-07-20,6.0823331,6.1779528,6.010251,6.0372839,6.0372839,494239655
2020-07-21,6.0372181,6.176868,6.0192661,6.1723881,6.1723881,536241008
2020-07-22,6.1731491,6.3738599,6.1077781,6.3444571,6.3444571,550582710
2020-07-23,6.3473978,6.4782519,6.3041449,6.4239459,6.4239459,623580969
2020-07-24,6.4278808,6.433949,6.2220731,6.251893,6.251893,564877717
2020-07-25,6.2537498,6.7017732,6.2363558,6.6768618,6.6768618,691476129
2020-07-26,6.6813521,6.8551688,6.4915128,6.6202302,6.6202302,738583538
2020-07-27,6.6203799,7.3236008,6.6203799,7.110229,7.110229,1204981144
2020-07-28,7.1156301,7.3713622,6.8517561,7.2272558,7.2272558,1079244852
2020-07-29,7.2276111,7.5229259,7.161818,7.2711792,7.2711792,923782910
2020-07-30,7.2772732,7.4625602,7.0498528,7.3525472,7.3525472,851785157
2020-07-31,7.3476648,7.5616202,7.271071,7.4084368,7.4084368,911572840
2020-08-01,7.4084368,7.9010458,7.3164001,7.8149772,7.8149772,1106870390
2020-08-02,7.8206692,8.2321625,6.906106,7.1786819,7.1786819,1219211807
2020-08-03,7.1819768,7.3407359,7.0862222,7.1680632,7.1680632,854381374
2020-08-04,7.16783,7.254159,7.059104,7.1320672,7.1320672,755847370
2020-08-05,7.1344991,7.3474278,7.1024799,7.2331028,7.2331028,711927892
2020-08-06,7.23208,7.2517018,7.0263491,7.1126051,7.1126051,778677628
2020-08-07,7.1048551,7.2605152,6.7112331,6.8811588,6.8811588,932695027
2020-08-08,6.88097,6.9810052,6.8021998,6.9054732,6.9054732,637807950
2020-08-09,6.9262791,7.1837158,6.770359,6.8935928,6.8935928,711013786
2020-08-10,6.896112,7.1287618,6.8420091,7.0673642,7.0673642,744754117
2020-08-11,7.0678749,7.175221,6.5500278,6.766376,6.766376,772362352
2020-08-12,6.7686801,6.859457,6.5362511,6.82687,6.82687,670533879
2020-08-13,6.828032,7.0627122,6.6032681,7.0221839,7.0221839,710580436
2020-08-14,7.0115409,7.0612531,6.8489599,6.884367,6.884367,656398497
2020-08-15,6.8798571,7.283,6.8798571,7.196795,7.196795,786821353
2020-08-16,7.1967969,7.2899442,7.0111542,7.2445698,7.2445698,769055730
2020-08-17,7.2445698,7.512291,7.1361771,7.374474,7.374474,802217402
2020-08-18,7.3731828,7.7744069,7.2376952,7.2898369,7.2898369,863281171
2020-08-19,7.289115,7.3965192,6.7066669,6.8144531,6.8144531,752855503
2020-08-20,6.8163552,7.0432801,6.7792988,6.9772172,6.9772172,552303520
2020-08-21,6.9820881,7.0882969,6.6649132,6.665637,6.665637,613628634
2020-08-22,6.6511331,6.7920489,6.581634,6.783627,6.783627,584249050
2020-08-23,6.7774048,6.825676,6.6379528,6.7775288,6.7775288,546905153
2020-08-24,6.7764611,6.8969231,6.729938,6.8643632,6.8643632,552674423
2020-08-25,6.865653,6.8700929,6.4144778,6.4981661,6.4981661,612092126
2020-08-26,6.4955282,6.5512362,6.4391651,6.4809971,6.4809971,584905070
2020-08-27,6.4760399,6.7330518,6.278492,6.356853,6.356853,686461970
2020-08-28,6.3606558,6.6309891,6.3172498,6.5095949,6.5095949,612795217
2020-08-29,6.5035419,6.6528368,6.4863,6.5307789,6.5307789,614938597
2020-08-30,6.5244088,6.6949172,6.4711928,6.685411,6.685411,687597705
2020-08-31,6.6959491,6.7595329,6.5734501,6.6110182,6.6110182,539993003
2020-09-01,6.607481,6.8264508,6.548461,6.7625899,6.7625899,654830012
2020-09-02,6.761416,6.8080468,6.2161121,6.317802,6.317802,629725612
2020-09-03,6.3138561,6.3556328,4.9028692,5.671927,5.671927,682999663
2020-09-04,5.6510301,5.6510301,4.9787121,5.3634362,5.3634362,1057957439
2020-09-05,5.3814211,5.4474068,4.907465,5.0479341,5.0479341,959438111
2020-09-06,5.0479341,5.4422078,4.9733438,5.1929598,5.1929598,653562868
2020-09-07,5.1931648,5.2187238,4.906702,5.1141291,5.1141291,729376600
2020-09-08,5.1157031,5.2057018,4.9816928,5.1023598,5.1023598,1008973015
2020-09-09,5.1045852,5.161644,5.0026088,5.073534,5.073534,915539324
2020-09-10,5.0758071,5.2403312,5.0708628,5.208734,5.208734,941957394
2020-09-11,5.208734,5.2605858,5.0930209,5.2355499,5.2355499,1099058524
2020-09-12,5.2355499,5.2764492,5.1760201,5.2580128,5.2580128,744301331
2020-09-13,5.2580128,5.37181,5.0144739,5.0751438,5.0751438,674335392
2020-09-14,5.0748529,5.2614179,5.025187,5.1880431,5.1880431,688824616
2020-09-15,5.1839228,5.3428321,5.1691771,5.208786,5.208786,771249844
2020-09-16,5.211072,5.2132788,5.080689,5.1630621,5.1630621,663689104
2020-09-17,5.162818,5.2523432,5.1215549,5.2343469,5.2343469,572999419
2020-09-18,5.2343469,5.2418718,5.1095839,5.2326541,5.2326541,585843660
2020-09-19,5.2235198,5.2754912,5.1949081,5.2556829,5.2556829,491693943
2020-09-20,5.25283,5.2546992,5.0482349,5.1099148,5.1099148,602081639
2020-09-21,5.122036,5.154139,4.7018132,4.8727012,4.8727012,941205369
2020-09-22,4.8754549,4.9968758,4.7923522,4.970047,4.970047,743445295
2020-09-23,4.9561701,5.0024328,4.8500981,4.872941,4.872941,787235225
2020-09-24,4.8603539,5.0173969,4.8355908,5.0106401,5.0106401,650546154
2020-09-25,5.0074501,5.0230422,4.8908629,4.991107,4.991107,533604891
2020-09-26,4.9953151,5.4426341,4.9953151,5.3885298,5.3885298,724951141
2020-09-27,5.3794341,5.7743602,5.3737621,5.447577,5.447577,766307208
2020-09-28,5.4635849,5.597312,5.4119272,5.4284739,5.4284739,637243339
2020-09-29,5.4177222,5.4617209,5.3364391,5.4196382,5.4196382,542531185
2020-09-30,5.407249,5.431675,5.269599,5.3984399,5.3984399,512220706
2020-10-01,5.4025722,5.4905448,5.2066979,5.325449,5.325449,531628981
2020-10-02,5.3368111,5.3698392,5.0598912,5.1930542,5.1930542,567075230
2020-10-03,5.1927042,5.208673,5.1014161,5.137197,5.137197,591103525
2020-10-04,5.1311421,5.197309,5.0853758,5.1629372,5.1629372,737462321
2020-10-05,5.164876,5.1954331,5.0810442,5.1092119,5.1092119,654199813
2020-10-06,5.1093049,5.326293,5.081635,5.2434769,5.2434769,660520819
2020-10-07,5.2394609,5.2484651,5.162097,5.1752791,5.1752791,474681909
2020-10-08,5.1804328,5.2414789,5.1194658,5.1808782,5.1808782,550790859
2020-10-09,5.1902452,5.3091221,5.1430421,5.2744761,5.2744761,633564795
2020-10-10,5.272913,5.4349561,5.2718501,5.302433,5.302433,514817451
2020-10-11,5.2949882,5.4520192,5.279108,5.437757,5.437757,458773819
2020-10-12,5.4364648,5.5462799,5.4148421,5.4626279,5.4626279,585420652
2020-10-13,5.4685392,5.520802,5.3127661,5.355473,5.355473,607968961
2020-10-14,5.3659339,5.4516282,5.3230329,5.3810248,5.3810248,602199143
2020-10-15,5.3791852,5.4250951,5.3080788,5.330966,5.330966,505312350
2020-10-16,5.3384061,5.3641438,5.1487341,5.1782818,5.1782818,620883094
2020-10-17,5.1806812,5.2560039,5.1552219,5.1901798,5.1901798,610272085
2020-10-18,5.1879721,5.2480769,5.1773109,5.2227349,5.2227349,617839279
2020-10-19,5.2319312,5.2858701,5.1619382,5.2218118,5.2218118,473409560
2020-10-20,5.2242908,5.2595038,5.0609722,5.0972462,5.0972462,431135509
2020-10-21,5.0935922,5.3986449,5.0804629,5.369103,5.369103,489997722
2020-10-22,5.3671141,5.7231822,5.36656,5.6202722,5.6202722,602470749
2020-10-23,5.6220889,5.6539211,5.412066,5.482522,5.482522,582003737
2020-10-24,5.482522,5.5603809,5.4556499,5.5255628,5.5255628,472797656
2020-10-25,5.5255628,5.6035709,5.445765,5.5480819,5.5480819,738314183
2020-10-26,5.5480819,5.6008272,5.4045601,5.4505472,5.4505472,700462079
2020-10-27,5.4505472,5.526125,5.418098,5.4540658,5.4540658,572965375
2020-10-28,5.4540658,5.5761108,5.2446418,5.2796988,5.2796988,594927317
2020-10-29,5.2796988,5.468358,5.2251749,5.3976498,5.3976498,686973859
2020-10-30,5.3976488,5.4527059,5.2020612,5.2570238,5.2570238,620039414
2020-10-31,5.2570238,5.3136988,5.2161589,5.2670031,5.2670031,438423238
2020-11-01,5.2670031,5.288877,5.1710672,5.2149801,5.2149801,434742209
2020-11-02,5.2149792,5.2641449,4.9086709,4.9569979,4.9569979,696015911
2020-11-03,4.9569979,4.9569979,4.6829839,4.8537669,4.8537669,638480036
2020-11-04,4.853766,4.9397192,4.6849341,4.8647761,4.8647761,776353466
2020-11-05,4.8647761,5.0927148,4.7998981,5.0926008,5.0926008,716892261
2020-11-06,5.0926008,5.4295669,5.0577769,5.355967,5.355967,579096370
2020-11-07,5.355967,5.538744,4.9610429,5.0726609,5.0726609,460073699
2020-11-08,5.0726609,5.262629,5.0442338,5.1781378,5.1781378,386130835
2020-11-09,5.1781378,5.2136011,4.9170632,5.0335131,5.0335131,413108147
2020-11-10,5.0335212,5.195755,5.0149531,5.1227789,5.1227789,663080326
2020-11-11,5.1227798,5.2008901,5.072134,5.089673,5.089673,1429155325
2020-11-12,5.089673,5.1198468,4.9747052,5.0320258,5.0320258,1001159037
2020-11-13,5.0320258,5.150352,5.0031648,5.1318989,5.1318989,426788741
2020-11-14,5.1318989,5.1615462,4.9904151,5.0395098,5.0395098,376806344
2020-11-15,5.0395098,5.0537901,4.9452882,5.0277238,5.0277238,385247536
2020-11-16,5.0277238,5.392848,4.9915762,5.3124328,5.3124328,561294196
2020-11-17,5.5803342,5.951334,5.5049438,5.7662902,5.7662902,896581894
2020-11-18,5.7662892,6.3350291,5.4328632,6.061841,6.061841,1857196416
2020-11-19,6.0618272,6.1433439,5.7531981,5.9207768,5.9207768,1060495098
2020-11-20,5.920783,6.0746121,5.8513441,6.051115,6.051115,1031112251
2020-11-21,6.051115,6.572062,5.871676,6.5660019,6.5660019,1320305778
2020-11-22,6.5660019,6.6836848,5.7476039,6.0203762,6.0203762,1162351895
2020-11-23,6.0203772,6.53163,5.951179,6.5313902,6.5313902,1134816057
2020-11-24,6.5312529,7.3751249,6.457747,7.2592769,7.2592769,1926616509
2020-11-25,7.2597122,7.8786139,6.7620778,7.0021148,7.0021148,2487592318
2020-11-26,7.000277,7.1585469,5.6336842,6.1251512,6.1251512,2187891310
2020-11-27,6.1272259,6.4443269,5.9501691,6.2027278,6.2027278,1129287986
2020-11-28,6.2035508,6.4608741,6.0925479,6.3263779,6.3263779,1061296762
2020-11-29,6.326499,6.4457941,6.1698632,6.3922982,6.3922982,810402854
2020-11-30,6.3922558,6.7835102,6.3197322,6.7167439,6.7167439,1166399340
2020-12-01,6.717308,6.9672809,6.113256,6.174108,6.174108,1624176560
2020-12-02,6.17413,6.3739791,6.0914068,6.2344518,6.2344518,884508035
2020-12-03,6.235208,6.5997558,6.1884732,6.5806718,6.5806718,1179242850
2020-12-04,6.5805578,6.5807161,5.9253149,6.0030851,6.0030851,993689938
2020-12-05,6.0019302,6.1939788,5.917398,6.1939788,6.1939788,1045936325
2020-12-06,6.1938672,6.2520018,6.0373759,6.1618099,6.1618099,766801976
2020-12-07,6.1619029,6.2084851,6.0795879,6.1505818,6.1505818,586148263
2020-12-08,6.1513438,6.1554408,5.7128658,5.7723279,5.7723279,629688669
2020-12-09,5.7718272,6.19838,5.6297102,6.0692201,6.0692201,954056392
2020-12-10,6.0694032,6.1053572,5.8131599,5.9007282,5.9007282,607067842
2020-12-11,5.9010348,5.9605761,5.7162228,5.8021698,5.8021698,570772568
2020-12-12,5.8012938,6.0319428,5.7931809,5.9669032,5.9669032,444777617
2020-12-13,5.967165,6.2573552,5.9254918,6.1141319,6.1141319,487181246
2020-12-14,6.1141691,6.1340261,5.9432321,6.0293179,6.0293179,461612748
2020-12-15,6.029635,6.1119728,5.947783,6.0547709,6.0547709,453664751
2020-12-16,6.054811,6.4471068,5.9607558,6.4372292,6.4372292,728122062
2020-12-17,6.4384518,6.8077831,6.3591142,6.478168,6.478168,1134523198
2020-12-18,6.4788232,6.6066718,6.29462,6.4025869,6.4025869,762202781
2020-12-19,6.4025078,6.533216,6.3702679,6.4241338,6.4241338,685902898
2020-12-20,6.4238162,6.8207679,6.2639489,6.474916,6.474916,964200699
2020-12-21,6.476047,6.9075518,6.0982552,6.1317811,6.1317811,1078055757
2020-12-22,6.1298399,6.193635,5.7856078,6.1239939,6.1239939,874866456
2020-12-23,6.12327,6.1567512,4.8351378,5.079751,5.079751,1024946251
2020-12-24,5.0820198,5.620595,5.0375109,5.5823121,5.5823121,1107049394
2020-12-25,5.5825868,5.855865,5.4847369,5.7506542,5.7506542,948453689
2020-12-26,5.751029,5.8730531,5.6030068,5.8259678,5.8259678,760151411
2020-12-27,5.8261409,6.0928488,5.5443978,5.8072371,5.8072371,988741542
2020-12-28,5.8081002,6.1420798,5.7908211,5.923213,5.923213,836276543
2020-12-29,5.922092,6.0158968,5.5011969,5.7313399,5.7313399,667001510
2020-12-30,5.729239,5.7970829,5.6285081,5.6869111,5.6869111,916370306
2020-12-31,5.6866441,5.8063908,5.585835,5.6775889,5.6775889,709023166
2021-01-01,5.6776161,5.857801,5.6287141,5.7043481,5.7043481,556639553
2021-01-02,5.704999,5.947958,5.5960231,5.782465,5.782465,715306867
2021-01-03,5.7834311,6.676415,5.7781081,6.5574079,6.5574079,1377349497
2021-01-04,6.5653791,7.5983782,6.2983112,7.0147882,7.0147882,1821321887
2021-01-05,7.015214,7.3725662,6.702179,7.2493219,7.2493219,1291674762
2021-01-06,7.2507329,7.771709,7.0152411,7.5899992,7.5899992,1676433214
2021-01-07,7.5902429,7.7372189,7.044405,7.2147679,7.2147679,1770317764
2021-01-08,7.2153339,7.3077469,6.6681199,6.947144,6.947144,1650346807
2021-01-09,6.947371,8.0407162,6.7372851,7.77458,7.77458,2051312079
2021-01-10,7.7751918,9.4668589,7.7751918,8.8949051,8.8949051,3946510254
2021-01-11,8.8918409,8.8918409,6.33571,7.248311,7.248311,2935227025
2021-01-12,7.2453232,7.6577392,6.8665709,7.008719,7.008719,1775054609
2021-01-13,7.0088458,7.6319551,6.8748002,7.5912738,7.5912738,1223601377
2021-01-14,7.5903821,8.0878744,7.398406,7.7458,7.7458,1318500838
2021-01-15,7.750854,7.9987168,7.2146449,7.5940089,7.5940089,1369887263
2021-01-16,7.5900321,8.0989561,7.4357982,7.801343,7.801343,1259158007
2021-01-17,7.8014932,7.9434729,7.3948569,7.6511831,7.6511831,1136556771
2021-01-18,7.6529422,7.8738461,7.4597068,7.6994958,7.6994958,1092338048
2021-01-19,7.6991448,8.4880047,7.666759,7.8472662,7.8472662,1768930960
2021-01-20,7.8434639,8.0350904,7.4267669,7.9168372,7.9168372,1729793613
2021-01-21,7.9167619,8.1565475,7.0407209,7.1060281,7.1060281,1351386979
2021-01-22,7.1084599,7.506093,6.7256289,7.4364719,7.4364719,1150937853
2021-01-23,7.43399,7.5960422,7.2468972,7.4392681,7.4392681,915104167
2021-01-24,7.439136,7.8046551,7.3924398,7.6330819,7.6330819,853417339
2021-01-25,7.63276,7.9600139,7.3979831,7.5124412,7.5124412,1055845770
2021-01-26,7.5116758,7.601676,7.1155448,7.43471,7.43471,806232079
2021-01-27,7.434907,7.4373922,6.6665988,6.9050741,6.9050741,816336746
2021-01-28,6.9041448,8.3143921,6.803535,7.6861639,7.6861639,1365365782
2021-01-29,7.8223419,8.0331373,7.409761,7.6285,7.6285,1345784779
2021-01-30,7.6269369,7.7832589,7.338264,7.5638309,7.5638309,966166730
2021-01-31,7.564291,7.6933608,7.2370019,7.4120378,7.4120378,858550701
2021-02-01,7.4129672,7.6263161,7.2828069,7.5137539,7.5137539,867354238
2021-02-02,7.5138988,7.9125562,7.467814,7.8029842,7.8029842,927985178
2021-02-03,7.8026161,7.9878459,7.6686759,7.9265919,7.9265919,1056168045
2021-02-04,7.9273539,8.0746593,7.5697479,7.6480141,7.6480141,991881671
2021-02-05,7.6485109,8.861331,7.6377039,8.518878,8.518878,1525968265
2021-02-06,8.5187178,9.0551739,8.2516899,8.7604036,8.7604036,1585778785
2021-02-07,8.7595501,8.8436813,7.8917341,8.2938757,8.2938757,1318453489
2021-02-08,8.2920866,8.7392807,8.1287022,8.695138,8.695138,1421064289
2021-02-09,8.6960917,9.9320469,8.6620331,9.5699072,9.5699072,1776235455
2021-02-10,9.5679808,11.404177,9.5679808,10.395907,10.395907,2845720874
2021-02-11,10.392331,11.672607,10.363343,11.672607,11.672607,2295170444
2021-02-12,11.666696,12.221803,11.148126,12.028255,12.028255,1912353387
2021-02-13,12.022012,17.751038,11.841765,16.592817,16.592817,4767114007
2021-02-14,16.605288,17.571846,15.645705,16.143665,16.143665,4709725460
2021-02-15,16.143177,16.547306,13.451436,14.642385,14.642385,3259111462
2021-02-16,14.635143,15.456415,13.793352,14.35354,14.35354,2332812588
2021-02-17,14.359669,15.710879,13.765339,15.248035,15.248035,2573562260
2021-02-18,15.248596,15.744486,14.67242,14.970126,14.970126,1555231634
2021-02-19,14.971031,15.828891,14.36715,15.376612,15.376612,2345226652
2021-02-20,15.376647,17.32851,14.451834,15.105356,15.105356,2589293778
2021-02-21,15.094329,16.270617,14.859602,15.662422,15.662422,1564244576
2021-02-22,15.660725,15.670935,11.648613,13.945222,13.945222,2172383155
2021-02-23,13.94243,13.947314,9.370183,11.318226,11.318226,2358360486
2021-02-24,11.32295,12.484312,10.915415,11.883303,11.883303,1796018617
2021-02-25,11.881364,12.142844,10.978755,10.993837,10.993837,1381012967
2021-02-26,11.002611,11.278554,10.123517,10.723517,10.723517,1583919447
2021-02-27,10.726233,11.436719,10.726233,11.112076,11.112076,1091641277
2021-02-28,11.11065,11.115086,9.7950897,10.312784,10.312784,1105003274
2021-03-01,10.317604,11.138906,10.215783,10.994433,10.994433,942888235
2021-03-02,10.993455,11.467464,10.597997,10.903848,10.903848,987035689
2021-03-03,10.905038,11.728115,10.850385,11.287715,11.287715,1066025293
2021-03-04,11.284957,11.686569,10.713695,11.018293,11.018293,1066962092
2021-03-05,11.017228,11.072335,10.383295,10.947262,10.947262,913522947
2021-03-06,10.946422,11.219386,10.656872,11.146799,11.146799,752329048
2021-03-07,11.1469,11.756056,11.114445,11.52658,11.52658,894072080
2021-03-08,11.526946,11.960414,11.075108,11.688627,11.688627,1029331064
2021-03-09,11.689076,12.640584,11.533908,12.402166,12.402166,1198339180
2021-03-10,12.400021,12.666088,11.732788,11.990689,11.990689,1184671771
2021-03-11,11.984032,12.560472,11.763593,12.236422,12.236422,1147959108
2021-03-12,12.239516,12.482123,11.616752,11.939381,11.939381,1047735920
2021-03-13,11.940264,14.218599,11.57721,13.827466,13.827466,1481862952
2021-03-14,13.822986,14.080549,12.784166,12.784166,12.784166,1134554617
2021-03-15,12.779202,13.082439,11.893624,12.169474,12.169474,1301008665
2021-03-16,12.167573,12.546516,11.634022,12.420075,12.420075,1120201396
2021-03-17,12.421069,12.50202,11.833444,12.483177,12.483177,959502545
2021-03-18,12.486889,12.624095,12.175766,12.21466,12.21466,753948208
2021-03-19,12.214136,12.432815,11.999395,12.28908,12.28908,653393039
2021-03-20,12.288664,12.866542,12.265468,12.328921,12.328921,765654172
2021-03-21,12.329683,12.48305,11.963087,11.999412,11.999412,772462921
2021-03-22,11.999988,12.425601,11.677507,11.749688,11.749688,909034193
2021-03-23,11.748014,12.64773,11.695519,12.325803,12.325803,1355496005
2021-03-24,12.324544,12.637275,11.296597,11.409787,11.409787,955942125
2021-03-25,11.403748,11.507045,10.853666,11.141898,11.141898,915262697
2021-03-26,11.140513,11.770349,11.114334,11.769035,11.769035,756466306
2021-03-27,11.768967,11.97412,11.486063,11.789006,11.789006,657272572
2021-03-28,11.788681,12.051736,11.743222,11.88067,11.88067,626362299
2021-03-29,11.879184,12.615362,11.782263,12.574763,12.574763,793403663
2021-03-30,12.578175,13.037834,12.352134,13.013592,13.013592,871468963
2021-03-31,13.019128,14.332059,12.724376,14.079754,14.079754,1414616249
2021-04-01,14.083183,14.512464,13.68868,14.410887,14.410887,1318418510
2021-04-02,14.411135,15.605242,14.178388,15.288599,15.288599,1423061752
2021-04-03,15.287084,15.347866,13.663631,13.665507,13.665507,1249465436
2021-04-04,13.668491,14.639416,13.574623,14.617213,14.617213,1073143924
2021-04-05,14.618994,16.127941,14.490295,16.127941,16.127941,1785209149
2021-04-06,16.124739,18.597815,16.076374,17.861551,17.861551,2841602885
2021-04-07,17.84984,20.805937,17.185072,19.191849,19.191849,4946490947
2021-04-08,19.23361,19.83379,18.070652,19.503685,19.503685,2265440249
2021-04-09,19.512377,20.014534,18.639412,18.769871,18.769871,1331482647
2021-04-10,18.776571,21.173512,18.369932,20.393379,20.393379,1800282748
2021-04-11,20.424089,21.499508,19.869282,20.433681,20.433681,1686351598
2021-04-12,20.412703,20.512613,19.040409,19.532633,19.532633,1333744032
2021-04-13,19.523561,21.992971,19.402653,21.223061,21.223061,1841866798
2021-04-14,21.211296,22.715536,20.239262,21.977852,21.977852,2105367284
2021-04-15,21.9503,29.80587,21.521152,28.652197,28.652197,3896283267
2021-04-16,28.634155,46.070629,28.634155,38.537415,38.537415,10635029251
2021-04-17,38.406704,49.668842,37.776535,38.321636,38.321636,9132671645
2021-04-18,38.21883,39.50737,31.797495,37.008114,37.008114,6861788500
2021-04-19,37.092709,38.270817,32.252907,33.496964,33.496964,4391182156
2021-04-20,33.425922,35.176125,30.271864,33.633831,33.633831,3696862219
2021-04-21,33.689014,35.304169,31.629433,32.156216,32.156216,2464254899
2021-04-22,32.017269,39.27874,31.656593,33.512146,33.512146,4988827208
2021-04-23,33.658535,34.482563,25.807697,32.55838,32.55838,4530870972
2021-04-24,32.636204,32.72076,29.343462,29.569832,29.569832,1855281855
2021-04-25,29.621351,31.73324,27.899961,29.111286,29.111286,1960770020
2021-04-26,29.223223,32.842869,28.944847,32.811047,32.811047,1890402741
2021-04-27,32.80167,34.253658,32.001617,33.712147,33.712147,2039178894
2021-04-28,33.751141,36.265255,32.388077,35.015038,35.015038,2635029772
2021-04-29,35.056461,35.269428,33.636299,34.458008,34.458008,1644247877
2021-04-30,34.458412,36.688152,33.790577,36.368431,36.368431,1769693902
2021-05-01,36.334682,46.325809,36.285934,44.609253,44.609253,4173185417
2021-05-02,44.672249,46.573193,42.157829,44.903751,44.903751,4473424689
2021-05-03,44.904888,52.278656,44.276192,52.059887,52.059887,5107814937
2021-05-04,52.12421,71.931435,49.612114,69.490906,69.490906,13630779722
2021-05-05,69.239098,100.02932,68.122284,94.266441,94.266441,23543754709
2021-05-06,94.151756,176.1577,87.642822,134.10179,134.10179,42721411413
2021-05-07,133.68358,144.48424,109.39552,120.12973,120.12973,31255577303
2021-05-08,119.61689,133.47163,110.45548,126.48834,126.48834,19606452022
2021-05-09,127.33495,129.26511,114.15461,117.37633,117.37633,13429218382
2021-05-10,118.00037,129.29414,92.643051,105.02526,105.02526,14313956067
2021-05-11,105.20496,116.44064,102.48921,111.14028,111.14028,11373003544
2021-05-12,111.29967,114.03497,82.578117,82.759163,82.759163,9277358255
2021-05-13,84.906914,94.531914,78.788223,87.773842,87.773842,11340588570
2021-05-14,88.028786,109.43942,86.77478,104.12318,104.12318,12253450514
2021-05-15,103.54786,114.1228,94.886581,95.167503,95.167503,10228314533
2021-05-16,95.183296,103.1745,87.052582,93.789879,93.789879,7457832416
2021-05-17,93.727417,94.405922,81.225082,89.938034,89.938034,8050265428
2021-05-18,89.560577,95.254593,86.265701,88.677086,88.677086,6764331594
2021-05-19,88.805099,90.202026,40.967583,60.121788,60.121788,10670122121
2021-05-20,59.627125,79.24633,54.898148,74.055763,74.055763,9733835035
2021-05-21,73.878227,78.290131,54.708961,64.04541,64.04541,8127575426
2021-05-22,64.31636,64.83197,54.651676,58.537743,58.537743,5398882569
2021-05-23,58.675503,62.445305,40.239956,51.964794,51.964794,6820065999
2021-05-24,51.673264,73.973114,49.046852,73.421158,73.421158,8536319378
2021-05-25,73.533325,82.591187,70.486099,78.243523,78.243523,11026112416
2021-05-26,78.388847,83.247597,74.369263,79.929764,79.929764,6584747586
2021-05-27,79.914452,79.914452,71.448471,74.307976,74.307976,4931141867
2021-05-28,74.552681,78.999931,63.718189,68.35733,68.35733,7253044146
2021-05-29,68.314468,70.787697,61.183205,64.28093,64.28093,4719305772
2021-05-30,64.319344,68.181183,60.133713,66.365997,66.365997,3798698595
2021-05-31,66.21199,70.52195,62.071918,70.218208,70.218208,3476431785
2021-06-01,70.086609,71.640205,65.860252,67.788902,67.788902,3205445345
2021-06-02,67.772942,70.332443,65.901741,68.3936,68.3936,2843370083
2021-06-03,68.440987,72.460007,67.30265,69.80143,69.80143,2913129860
2021-06-04,69.871635,69.871635,61.559185,64.881088,64.881088,3607554276
2021-06-05,64.859589,67.36779,61.787323,63.140297,63.140297,3137036325
2021-06-06,63.144913,65.50161,62.826832,64.106697,64.106697,2618835050
2021-06-07,64.095825,65.101738,57.635731,57.86179,57.86179,2868782848
2021-06-08,58.020378,59.148876,49.799309,56.907257,56.907257,3791046087
2021-06-09,56.78754,62.584427,53.725464,61.981735,61.981735,4113067210
2021-06-10,62.297253,63.375397,57.240513,57.942951,57.942951,3163850050
2021-06-11,57.969158,60.429337,56.200466,56.956169,56.956169,2907275844
2021-06-12,56.919971,56.919971,53.303734,55.265533,55.265533,2621237907
2021-06-13,55.244621,60.26059,53.835949,59.056625,59.056625,2644959954
2021-06-14,59.041878,60.534233,56.764736,59.156742,59.156742,2789936710
2021-06-15,59.03603,60.140816,57.467056,59.377216,59.377216,2398590865
2021-06-16,58.244179,58.306313,54.919903,55.272236,55.272236,2071407832
2021-06-17,55.325092,57.215145,54.412849,55.535297,55.535297,1772611691
2021-06-18,55.559963,55.559963,50.669113,52.545502,52.545502,1876860732
2021-06-19,52.564121,53.236919,50.99184,51.148327,51.148327,1634610713
2021-06-20,51.048889,51.449242,47.124889,51.112251,51.112251,1774866299
2021-06-21,51.031391,51.360329,38.639523,39.428169,39.428169,2361396365
2021-06-22,39.466213,42.651417,32.5051,36.526569,36.526569,2749863356
2021-06-23,36.574688,42.383484,34.781616,40.566021,40.566021,2409661134
2021-06-24,40.793877,43.480167,38.828461,43.092899,43.092899,1858527477
2021-06-25,43.132145,45.300934,39.069424,39.625717,39.625717,2177915889
2021-06-26,39.513557,40.914352,37.652641,40.515644,40.515644,2088072905
2021-06-27,40.543343,42.443108,39.521927,42.331085,42.331085,1782621295
2021-06-28,42.349052,44.471149,41.166683,43.329647,43.329647,1965963965
2021-06-29,43.356319,58.318737,43.23605,56.301651,56.301651,4689117273
2021-06-30,56.635754,62.013443,51.843906,57.627308,57.627308,5960519765
2021-07-01,57.525776,58.286865,52.518772,53.237743,53.237743,3707356637
2021-07-02,53.122971,55.108807,50.908916,53.769508,53.769508,2881211051
2021-07-03,53.733353,58.316437,52.564014,56.83176,56.83176,3073360923
2021-07-04,56.824352,58.794556,55.942295,56.245659,56.245659,2864592305
2021-07-05,56.278759,56.852386,53.180626,53.682632,53.682632,2590824643
2021-07-06,53.712578,56.831779,53.663555,54.714554,54.714554,2587432849
2021-07-07,54.710674,55.522724,52.748306,52.810429,52.810429,2720318046
2021-07-08,52.87484,52.975246,48.799496,49.624294,49.624294,2700936105
2021-07-09,49.542088,51.297722,46.682194,50.118374,50.118374,2565416588
2021-07-10,50.177238,51.323765,48.346821,49.170948,49.170948,1994248806
2021-07-11,49.147923,50.482544,48.330132,49.690426,49.690426,1712977479
2021-07-12,49.698444,50.573582,46.815323,47.814808,47.814808,2037499132
2021-07-13,47.769833,48.207363,45.202271,45.567032,45.567032,1820339496
2021-07-14,45.5714,47.715328,42.706623,45.660995,45.660995,2176650881
2021-07-15,45.654953,47.098919,42.454384,43.163799,43.163799,1743714198
2021-07-16,43.198292,43.841087,40.693291,41.263046,41.263046,1707455111
2021-07-17,41.186893,43.183502,40.356998,41.451954,41.451954,1548467310
2021-07-18,41.488499,43.236675,41.254158,41.989151,41.989151,1363112045
2021-07-19,41.937408,43.826355,40.71505,41.507572,41.507572,1936295534
2021-07-20,41.604034,42.039841,37.946568,39.393887,39.393887,1850974248
2021-07-21,39.378536,43.76199,38.693935,42.85841,42.85841,2046744526
2021-07-22,42.92749,44.125053,41.985172,43.405724,43.405724,1769937892
2021-07-23,43.420551,46.577633,43.099121,45.78722,45.78722,2202023616
2021-07-24,45.780922,51.428982,45.014893,49.482761,49.482761,2499607035
2021-07-25,49.479599,49.76889,46.002533,48.462284,48.462284,2049032675
2021-07-26,48.451328,55.732574,47.644375,48.526089,48.526089,3989649716
2021-07-27,48.456875,50.316681,46.216801,49.454422,49.454422,2657227035
2021-07-28,49.534248,51.022606,48.022133,49.170399,49.170399,2222871049
2021-07-29,49.251575,49.947052,48.413303,49.248177,49.248177,1722137225
2021-07-30,49.334591,51.334198,47.608334,51.08884,51.08884,2340116831
2021-07-31,50.947662,52.271381,49.820633,51.415771,51.415771,2215637166
2021-08-01,51.37019,53.969898,49.486534,50.417011,50.417011,2396071059
2021-08-02,50.342094,52.297379,49.405579,51.373199,51.373199,2186652120
2021-08-03,51.367195,52.200684,48.538956,49.370571,49.370571,2044483663
2021-08-04,49.449482,52.231735,48.624725,51.611771,51.611771,2136513800
2021-08-05,51.606995,53.438297,49.02903,52.46418,52.46418,2298437228
2021-08-06,52.449215,53.670433,51.37133,52.995911,52.995911,2036092733
2021-08-07,53.065456,61.070736,52.698143,60.535854,60.535854,4164501388
2021-08-08,60.62376,63.066586,56.080006,57.159027,57.159027,3664544589
2021-08-09,57.141258,60.315212,55.12373,59.156113,59.156113,2985335853
2021-08-10,59.06723,60.255836,57.146408,58.87056,58.87056,2726719327
2021-08-11,58.866062,63.841167,58.644493,60.896935,60.896935,3526560000
2021-08-12,60.83371,65.736244,57.673664,59.978035,59.978035,3754280016
2021-08-13,60.150364,64.322388,59.432465,64.236801,64.236801,3603599501
2021-08-14,64.26577,67.420456,62.110531,67.082825,67.082825,4127859988
2021-08-15,67.285545,76.937103,67.167366,74.896851,74.896851,6630629514
2021-08-16,74.952782,75.740211,66.040657,69.38633,69.38633,4156604958
2021-08-17,69.148483,71.613533,61.654797,62.945004,62.945004,3748229988
2021-08-18,62.931541,66.10704,60.331894,64.053024,64.053024,3329266114
2021-08-19,64.028648,66.995415,60.775627,66.995415,66.995415,2983367131
2021-08-20,66.981918,70.201904,66.171829,70.031517,70.031517,3467031776
2021-08-21,70.138214,70.14669,67.253868,67.537636,67.537636,3139529064
2021-08-22,67.577293,68.598251,65.012794,67.515518,67.515518,2667284711
2021-08-23,67.460182,69.522636,66.875565,68.238503,68.238503,3239426516
2021-08-24,68.320854,68.597931,61.279106,62.908855,62.908855,2825985421
2021-08-25,62.962601,64.754852,61.027805,63.645954,63.645954,2840666334
2021-08-26,63.786484,64.344482,59.218544,59.787136,59.787136,3233221421
2021-08-27,59.845802,64.122749,58.719254,64.122749,64.122749,4271041609
2021-08-28,64.106461,66.463692,62.981361,64.238808,64.238808,4961854196
2021-08-29,64.244492,65.937035,63.114517,63.44128,63.44128,4469112045
2021-08-30,63.45293,64.798042,61.273163,61.772453,61.772453,4154592979
2021-08-31,61.872623,65.01683,60.912071,63.92841,63.92841,4245939530
2021-09-01,63.976151,69.004265,62.342686,68.966385,68.966385,5866856734
2021-09-02,68.788498,70.05761,66.67865,67.741814,67.741814,5747579836
2021-09-03,67.691528,72.304977,66.181503,69.958778,69.958778,6738399616
2021-09-04,69.943275,71.088173,68.236504,68.860504,68.860504,5970471763
2021-09-05,68.84375,73.892883,68.209282,73.595299,73.595299,7808675999
2021-09-06,73.560715,77.068504,71.493423,73.580124,73.580124,7759668523
2021-09-07,73.503853,73.746788,49.367424,59.186974,59.186974,7526787177
2021-09-08,59.205021,61.311512,53.616535,58.61784,58.61784,7398220382
2021-09-09,58.035332,60.361782,57.597038,58.92979,58.92979,1268434463
2021-09-10,58.905586,60.373581,55.223179,56.376526,56.376526,1174476720
2021-09-11,56.371204,58.312027,55.725117,57.13562,57.13562,815837444
2021-09-12,57.15984,58.880329,56.188564,58.17897,58.17897,820616061
2021-09-13,58.168968,58.333008,53.78603,55.785412,55.785412,1127501424
2021-09-14,55.822697,57.328152,55.328434,57.113487,57.113487,807095294
2021-09-15,57.135311,59.358189,56.377964,59.18858,59.18858,874155278
2021-09-16,59.189945,60.100506,56.889366,58.056187,58.056187,891237786
2021-09-17,58.043629,59.022903,56.165951,56.662579,56.662579,792091717
2021-09-18,56.682735,58.386284,55.848492,57.285027,57.285027,705744421
2021-09-19,57.207474,57.207474,54.889492,55.337086,55.337086,638130825
2021-09-20,55.374325,55.41552,47.56535,48.927265,48.927265,1467013886
2021-09-21,49.157757,50.421013,44.805195,45.773006,45.773006,1046475847
2021-09-22,45.768002,51.343102,45.009144,51.317547,51.317547,886130730
2021-09-23,51.309669,51.550274,49.53936,51.382168,51.382168,671676601
2021-09-24,51.381653,51.832676,44.324245,47.708351,47.708351,1056241355
2021-09-25,47.709995,49.482399,46.294117,47.429131,47.429131,780572060
2021-09-26,47.437328,48.260555,44.073547,47.196301,47.196301,953120465
2021-09-27,47.308311,48.415779,45.396301,45.466827,45.466827,713423818
2021-09-28,45.407063,48.620316,44.871166,45.035667,45.035667,911252123
2021-09-29,45.059349,46.822296,44.663528,45.595875,45.595875,788760882
2021-09-30,45.552238,47.254929,45.346844,46.976051,46.976051,709962936
2021-10-01,47.044266,52.520664,46.695957,51.923729,51.923729,1202916057
2021-10-02,51.93671,55.040955,51.206581,53.390301,53.390301,1268800373
2021-10-03,53.31102,54.886024,52.186172,53.716927,53.716927,992987917
2021-10-04,53.72419,53.836849,50.807804,52.51487,52.51487,939355459
2021-10-05,52.578667,54.843609,52.345852,54.408985,54.408985,970419398
2021-10-06,54.389687,55.958668,51.219616,54.899742,54.899742,1255412246
2021-10-07,54.865425,55.782207,53.244926,54.310539,54.310539,1026319168
2021-10-08,54.293659,55.101124,53.165375,53.666538,53.666538,824433818
2021-10-09,53.591476,57.330742,53.341217,55.594398,55.594398,1120407508
2021-10-10,55.648746,56.378735,52.799065,53.044128,53.044128,810816148
2021-10-11,52.988331,55.317017,52.385651,54.022728,54.022728,848864949
2021-10-12,54.028614,54.028614,51.054893,52.781895,52.781895,989565578
2021-10-13,52.764473,53.557224,51.444817,53.39188,53.39188,776812976
2021-10-14,53.38361,54.997486,53.074364,54.440117,54.440117,780543507
2021-10-15,54.515141,56.661171,52.735847,54.326191,54.326191,1300005715
2021-10-16,54.342758,55.552078,53.668922,54.092724,54.092724,764926594
2021-10-17,54.107899,54.705704,50.751305,53.069523,53.069523,699413872
2021-10-18,53.102989,53.730145,51.852474,52.488514,52.488514,728366989
2021-10-19,52.504795,53.453777,52.041691,52.928364,52.928364,697069823
2021-10-20,52.895432,55.752556,52.332638,55.51733,55.51733,979419241
2021-10-21,55.554527,59.970787,55.39922,55.426262,55.426262,1599836761
2021-10-22,55.465485,57.052166,53.769138,54.555889,54.555889,1110296793
2021-10-23,54.577511,56.120117,53.960434,55.949425,55.949425,762721355
2021-10-24,55.953217,56.088192,53.685638,55.043842,55.043842,700531000
2021-10-25,54.98782,56.29443,54.710423,55.366089,55.366089,834387362
2021-10-26,55.38163,56.136208,53.741962,54.158817,54.158817,948005899
2021-10-27,54.179199,55.218994,43.727535,48.74828,48.74828,1711007599
2021-10-28,48.700806,52.679543,48.519505,52.27647,52.27647,1198301419
2021-10-29,52.269394,54.065243,51.872746,53.672665,53.672665,830906889
2021-10-30,53.698761,53.928822,51.72369,52.817459,52.817459,678236117
2021-10-31,52.915199,58.490013,52.44767,54.325451,54.325451,1780458503
2021-11-01,54.34938,55.065308,52.435478,53.7966,53.7966,842372552
2021-11-02,53.852329,55.417377,53.261314,55.138458,55.138458,816460547
2021-11-03,55.146832,56.790913,53.413429,55.526825,55.526825,1112673647
2021-11-04,55.516575,56.197353,52.818417,53.771214,53.771214,770146060
2021-11-05,53.73103,54.090401,52.700809,53.251099,53.251099,720552953
2021-11-06,53.21896,53.573578,50.991917,52.859222,52.859222,642382625
2021-11-07,52.928234,54.482983,52.610497,53.896797,53.896797,669308587
2021-11-08,54.117908,56.466606,53.898193,56.432747,56.432747,1015816115
2021-11-09,56.643101,64.943413,55.932438,60.831482,60.831482,3497997259
2021-11-10,60.900356,64.489067,52.788643,56.76796,56.76796,2620037522
2021-11-11,56.743553,58.044731,55.43697,56.882465,56.882465,1026168853
2021-11-12,56.832375,57.704861,53.829552,55.550697,55.550697,1045363354
2021-11-13,55.573895,56.585682,55.003849,56.364773,56.364773,767419015
2021-11-14,56.387196,56.894131,54.833134,56.160709,56.160709,625698360
2021-11-15,56.179855,56.706696,54.457157,54.788841,54.788841,704618852
2021-11-16,54.920547,54.920547,48.010788,50.92017,50.92017,1359081930
2021-11-17,50.892097,51.501369,49.455849,51.251263,51.251263,804716668
2021-11-18,51.283199,51.774906,47.091629,48.447266,48.447266,872872153
2021-11-19,48.475899,50.881264,47.995815,50.751888,50.751888,750752371
2021-11-20,50.744709,51.426033,49.214199,51.046558,51.046558,637556443
2021-11-21,51.074284,51.818085,49.990009,50.567883,50.567883,604389352
2021-11-22,50.511475,50.538601,47.854771,48.615643,48.615643,709670738
2021-11-23,48.652431,49.80756,48.010891,49.573547,49.573547,668364172
2021-11-24,49.567348,49.76543,47.314476,48.365555,48.365555,665976319
2021-11-25,48.256016,53.317196,47.896172,48.192665,48.192665,638443919
2021-11-26,50.574505,50.744041,45.419567,46.50042,46.50042,1036513627
2021-11-27,46.664459,47.754246,46.441238,46.856796,46.856796,521616621
2021-11-28,46.913967,47.580139,44.843422,47.523163,47.523163,620209619
2021-11-29,47.583836,48.733864,47.168613,48.283283,48.283283,549362716
2021-11-30,48.273228,50.130978,46.976189,48.37569,48.37569,717579056
2021-12-01,48.310467,49.662666,47.144138,47.891624,47.891624,686936042
2021-12-02,47.891022,47.918846,46.454536,47.064156,47.064156,553325937
2021-12-03,47.054649,47.719299,44.031876,44.883007,44.883007,633498396
2021-12-04,44.998535,45.048222,28.701641,39.413906,39.413906,1722950364
2021-12-05,39.40461,40.574207,37.001453,38.837849,38.837849,962518924
2021-12-06,38.841293,39.9352,35.195782,39.461784,39.461784,1011112941
2021-12-07,39.463116,40.49968,38.813339,39.738747,39.738747,666985908
2021-12-08,39.692291,41.814548,39.007832,40.966866,40.966866,814582570
2021-12-09,40.941898,41.383076,37.438953,37.62373,37.62373,529325366
2021-12-10,37.63419,38.919575,36.33559,36.506599,36.506599,570916172
2021-12-11,36.483555,38.300247,35.798946,38.027756,38.027756,469221189
2021-12-12,37.994244,38.399372,36.936939,37.964539,37.964539,368519908
2021-12-13,38.001987,38.195007,33.726395,34.244843,34.244843,512564278
2021-12-14,34.247555,36.444099,33.853401,34.471756,34.471756,605335950
2021-12-15,35.46965,36.56086,33.427757,36.086788,36.086788,591000520
2021-12-16,36.101463,36.791817,35.111893,35.201,35.201,414726295
2021-12-17,35.211037,35.508389,33.460209,34.36132,34.36132,411845549
2021-12-18,34.386158,35.524986,33.87711,35.062862,35.062862,329065362
2021-12-19,35.067642,35.982277,34.833683,34.860554,34.860554,347627484
2021-12-20,34.888428,35.352909,33.562836,34.511219,34.511219,415319025
2021-12-21,34.52737,35.519489,34.403156,35.362305,35.362305,329149081
2021-12-22,35.361092,36.527069,35.230377,35.729881,35.729881,368391865
2021-12-23,35.736519,37.722038,35.243835,37.5317,37.5317,404601895
2021-12-24,37.543686,38.430267,37.099083,37.457817,37.457817,418344364
2021-12-25,37.47171,38.776772,37.284325,38.119514,38.119514,347196980
2021-12-26,38.112476,38.344749,37.068478,37.973763,37.973763,363301358
2021-12-27,37.963036,38.695889,37.565556,37.642139,37.642139,370084443
2021-12-28,37.634151,37.634617,34.703918,35.01548,35.01548,435831739
2021-12-29,34.990231,35.431187,33.885574,34.123405,34.123405,391312820
2021-12-30,34.160328,35.006683,33.616707,34.618679,34.618679,345438515
2021-12-31,34.626827,35.542892,33.588573,34.124432,34.124432,375350743
2022-01-01,34.127926,34.868908,34.10437,34.868908,34.868908,296981997
2022-01-02,34.861294,35.827923,34.393417,35.396397,35.396397,317124380
2022-01-03,35.396278,35.396278,34.238834,34.707752,34.707752,321506032
2022-01-04,34.707985,34.969547,34.000286,34.171375,34.171375,320064071
2022-01-05,34.170959,34.774685,30.916988,32.077309,32.077309,406196500
2022-01-06,32.076229,32.078541,30.829008,31.661449,31.661449,404049801
2022-01-07,31.658976,31.7174,29.469898,30.440365,30.440365,484193365
2022-01-08,30.441378,30.996729,28.557243,29.407278,29.407278,346457416
2022-01-09,29.408775,30.246172,29.242329,29.766279,29.766279,276026108
2022-01-10,29.767237,30.040804,27.443287,28.478306,28.478306,437938047
2022-01-11,28.475517,29.973925,28.429838,29.620909,29.620909,341828298
2022-01-12,29.624203,31.17157,29.582251,31.102137,31.102137,336313166
2022-01-13,31.105473,31.880732,30.199631,30.248398,30.248398,352161269
2022-01-14,30.25082,33.247181,30.171028,31.98551,31.98551,633811819
2022-01-15,31.988277,33.325935,31.912998,32.889877,32.889877,419586220
2022-01-16,32.886749,32.886749,32.046768,32.263412,32.263412,298442320
2022-01-17,32.267937,32.352436,30.570562,31.023306,31.023306,333216016
2022-01-18,31.022324,33.78207,30.887133,32.710354,32.710354,797662732
2022-01-19,32.709915,34.545712,31.408035,31.434788,31.434788,742607092
2022-01-20,31.428324,31.931004,29.172312,29.177019,29.177019,389210164
2022-01-21,29.194311,29.645391,25.489017,25.880375,25.880375,618051020
2022-01-22,25.888176,26.323462,21.740164,24.166948,24.166948,810971706
2022-01-23,24.175749,25.201727,23.665649,25.083496,25.083496,469925870
2022-01-24,25.094929,25.116028,21.93799,24.10092,24.10092,612589414
2022-01-25,24.103094,24.234768,23.281893,23.99962,23.99962,402838370
2022-01-26,23.998079,26.194874,23.710981,24.378592,24.378592,453411169
2022-01-27,24.371527,24.713898,23.444992,24.275904,24.275904,380651752
2022-01-28,24.271404,25.186296,23.952026,25.181864,25.181864,346953272
2022-01-29,25.182716,25.65036,24.987921,25.315771,25.315771,283967335
2022-01-30,25.322762,25.831991,24.635639,25.012617,25.012617,269828468
2022-01-31,25.013502,25.713186,24.116646,25.712955,25.712955,296050611
2022-02-01,25.710981,26.907312,25.493444,26.824762,26.824762,306140940
2022-02-02,26.82424,28.359758,26.274807,26.315659,26.315659,474387133
2022-02-03,26.310682,28.008919,25.778723,27.905363,27.905363,373740648
2022-02-04,27.891878,29.729788,27.519661,29.691204,29.691204,446084424
2022-02-05,29.691946,29.907396,28.843367,29.436607,29.436607,449093613
2022-02-06,29.438141,30.063414,29.030376,29.89213,29.89213,380525790
2022-02-07,29.88942,33.123871,29.397537,32.640053,32.640053,664157968
2022-02-08,32.647305,33.096958,30.562765,32.098488,32.098488,541902409
2022-02-09,32.084148,34.81889,31.394798,33.834221,33.834221,697858875
2022-02-10,33.834583,36.716866,33.669525,34.451885,34.451885,1099591417
2022-02-11,34.454578,37.398586,32.076477,32.697678,32.697678,1142950705
2022-02-12,32.695301,33.175362,31.263655,31.636627,31.636627,655274817
2022-02-13,31.639854,34.019756,31.563835,32.686333,32.686333,679194912
2022-02-14,32.666321,33.170444,30.583305,31.39625,31.39625,573999778
2022-02-15,31.400587,33.604557,31.187826,33.470978,33.470978,535764588
2022-02-16,33.471867,33.472267,31.61447,32.306591,32.306591,441489736
2022-02-17,32.295925,32.602257,29.05739,29.398533,29.398533,474090611
2022-02-18,29.412699,30.358444,28.45295,29.047697,29.047697,470073994
2022-02-19,29.038404,29.160522,27.741022,28.76228,28.76228,365626825
2022-02-20,28.763432,28.763432,26.956923,27.411936,27.411936,393217221
2022-02-21,27.39838,28.351837,24.969473,25.035254,25.035254,495906826
2022-02-22,25.032413,26.759539,24.650385,26.694725,26.694725,474041889
2022-02-23,26.692305,28.098961,26.346111,26.566523,26.566523,434361715
2022-02-24,26.560881,27.044363,23.651573,26.583481,26.583481,727754447
2022-02-25,26.5849,28.394878,26.020016,28.02692,28.02692,422016558
2022-02-26,28.026505,29.592964,27.917221,28.883129,28.883129,475426003
2022-02-27,28.882151,29.174177,27.016516,27.370371,27.370371,420392967
2022-02-28,27.368704,30.115137,27.017731,30.115137,30.115137,447172107
2022-03-01,30.182611,31.268188,29.591187,30.311501,30.311501,519476943
2022-03-02,30.311943,30.537594,29.148619,29.539988,29.539988,423495882
2022-03-03,29.539799,31.512363,29.073954,30.219975,30.219975,614581526
2022-03-04,30.225842,30.780508,27.134378,27.583031,27.583031,485774638
2022-03-05,27.594345,28.056885,26.769087,27.835602,27.835602,275979595
2022-03-06,27.837229,28.044081,26.60675,26.608168,26.608168,292835138
2022-03-07,26.6089,27.399391,25.422356,26.182199,26.182199,382197113
2022-03-08,26.183126,26.896362,26.038713,26.698889,26.698889,357119403
2022-03-09,26.706059,28.598032,26.583576,28.103668,28.103668,409909747
2022-03-10,28.098518,28.482279,26.303568,26.689917,26.689917,385573406
2022-03-11,26.689667,26.933968,26.019766,26.511923,26.511923,332253936
2022-03-12,26.511171,26.965572,26.311035,26.312866,26.312866,274383939
2022-03-13,26.307775,26.632002,25.277245,25.411287,25.411287,258108992
2022-03-14,25.405851,26.066435,25.180685,25.928703,25.928703,311361318
2022-03-15,25.927982,26.22159,25.167088,25.874031,25.874031,294748657
2022-03-16,25.870222,27.53517,25.756445,27.35623,27.35623,429310820
2022-03-17,27.350058,27.480753,26.807425,27.165171,27.165171,318025683
2022-03-18,27.162783,28.268438,26.587374,28.089842,28.089842,337050448
2022-03-19,28.085155,34.144352,28.065285,33.922703,33.922703,1299924351
2022-03-20,33.920795,40.633392,33.079922,38.191559,38.191559,3452240744
2022-03-21,38.196121,39.698956,36.425098,38.43457,38.43457,2096773980
2022-03-22,38.436695,46.65675,38.278336,45.970421,45.970421,2931573283
2022-03-23,45.970791,48.579666,43.475182,45.287472,45.287472,3108874518
2022-03-24,45.252541,50.368122,42.90501,48.503448,48.503448,3409098627
2022-03-25,48.512039,49.791897,45.487545,48.154869,48.154869,2435667309
2022-03-26,48.155979,48.562874,46.927132,47.200062,47.200062,1263387129
2022-03-27,47.209785,48.411564,44.886425,48.083649,48.083649,1348892929
2022-03-28,48.089695,50.826206,46.781044,47.320564,47.320564,1865858263
2022-03-29,47.264187,52.170746,47.164455,49.309242,49.309242,2627720352
2022-03-30,49.304504,51.367714,48.729218,49.685337,49.685337,1810886130
2022-03-31,49.682896,50.626488,46.691982,47.275455,47.275455,1747664401
2022-04-01,47.319702,47.950783,44.022743,47.151009,47.151009,1517068863
2022-04-02,47.152878,48.199589,45.353996,45.520195,45.520195,948703973
2022-04-03,45.514053,47.787849,44.644211,46.744572,46.744572,1055294208
2022-04-04,46.735912,48.497631,44.767384,46.8895,46.8895,1327165596
2022-04-05,46.878258,46.878258,44.51173,44.522079,44.522079,788788942
2022-04-06,44.520298,44.529053,38.395,38.412773,38.412773,1331006838
2022-04-07,38.424244,44.526127,38.424244,43.465057,43.465057,1481567537
2022-04-08,43.481468,43.966644,39.903988,40.441429,40.441429,903187859
2022-04-09,40.435406,42.906387,40.435406,41.933262,41.933262,768029902
2022-04-10,41.931969,42.539719,40.473557,40.473557,40.473557,586585965
2022-04-11,40.460621,40.480476,36.060905,37.008202,37.008202,871093293
2022-04-12,37.013367,39.000416,36.608067,38.104332,38.104332,791351288
2022-04-13,38.102486,38.677269,36.897015,38.545532,38.545532,612735039
2022-04-14,38.539616,39.070026,36.524956,37.077145,37.077145,545155783
2022-04-15,37.075386,37.579697,36.710827,37.35157,37.35157,477703263
2022-04-16,37.351326,38.650734,37.226006,38.222946,38.222946,577430840
2022-04-17,38.220821,38.398026,36.530193,36.64056,36.64056,453227922
2022-04-18,36.639153,36.994827,34.708603,36.886311,36.886311,630826386
2022-04-19,36.886688,37.8573,36.24654,37.805466,37.805466,534331667
2022-04-20,37.80434,37.983284,36.117783,36.523823,36.523823,564996899
2022-04-21,36.523399,37.70137,34.654194,34.906933,34.906933,579559950
2022-04-22,34.90498,35.785522,34.610798,35.546722,35.546722,502669078
2022-04-23,35.545666,35.628098,34.551453,34.577717,34.577717,360739473
2022-04-24,34.571117,34.812801,33.629696,33.634155,33.634155,421918163
2022-04-25,33.638069,33.989685,31.596489,33.648376,33.648376,608579157
2022-04-26,33.645489,33.874214,30.118757,30.632242,30.632242,499384644
2022-04-27,30.633402,31.624762,30.405497,31.257376,31.257376,440634931
2022-04-28,31.258797,31.660122,30.517565,31.138372,31.138372,447937007
2022-04-29,31.134966,31.361164,28.843809,29.16305,29.16305,438906497
2022-04-30,29.1628,29.567499,25.43726,25.922829,25.922829,466379233
2022-05-01,25.92981,27.904387,25.903542,27.692961,27.692961,478216502
2022-05-02,27.687607,28.19577,26.69272,27.463392,27.463392,426621553
2022-05-03,27.461393,27.9701,26.571417,26.843395,26.843395,357362704
2022-05-04,26.841343,30.690132,26.841343,30.688597,30.688597,527659266
2022-05-05,30.681713,32.356636,27.701399,28.296774,28.296774,885336779
2022-05-06,28.299383,28.582546,27.26877,27.940626,27.940626,522941578
2022-05-07,27.942181,27.952917,26.387436,26.888554,26.888554,384217363
2022-05-08,26.885826,27.185324,26.232302,26.449799,26.449799,439272298
2022-05-09,26.454386,27.170614,22.85829,22.975199,22.975199,626815685
2022-05-10,22.930136,25.449972,22.238247,23.85516,23.85516,697471954
2022-05-11,23.852345,24.316648,18.943836,19.777037,19.777037,981666471
2022-05-12,19.785236,20.672735,16.413841,18.945532,18.945532,845587349
2022-05-13,18.932545,21.735975,18.735943,20.49399,20.49399,490694536
2022-05-14,20.492821,21.287367,19.680971,21.137943,21.137943,463784281
2022-05-15,21.135023,22.118715,20.461866,22.117476,22.117476,384169456
2022-05-16,22.117434,22.58474,20.415257,20.824879,20.824879,427508733
2022-05-17,20.829859,21.766329,20.786963,21.755756,21.755756,380183084
2022-05-18,21.756422,21.895103,19.806284,19.806284,19.806284,343465012
2022-05-19,19.805553,20.94451,19.527109,20.890049,20.890049,384731924
2022-05-20,20.888935,21.137012,19.781094,20.18461,20.18461,372539195
2022-05-21,20.185026,20.504757,19.931564,20.332399,20.332399,294450725
2022-05-22,20.33363,21.203709,20.175964,21.132465,21.132465,360685753
2022-05-23,21.125168,23.955944,20.69968,21.786467,21.786467,886821524
2022-05-24,21.7915,24.320301,21.21032,24.259579,24.259579,774366174
2022-05-25,24.249113,25.543154,23.592413,23.696537,23.696537,736302204
2022-05-26,23.700579,23.889341,21.011629,22.021523,22.021523,616643387
2022-05-27,22.007788,23.282974,21.62785,22.43409,22.43409,748265629
2022-05-28,22.809565,23.022423,22.393162,22.767677,22.767677,374064042
2022-05-29,22.766577,23.717281,22.244448,23.668785,23.668785,366060486
2022-05-30,23.669893,24.925306,23.4545,24.806215,24.806215,435679833
2022-05-31,24.805853,25.041224,23.132097,23.755859,23.755859,504023242
2022-06-01,23.754087,24.097343,21.716534,22.038174,22.038174,413381295
2022-06-02,22.036005,22.477238,21.703846,22.431602,22.431602,313670165
2022-06-03,22.431896,22.549839,21.368286,21.845867,21.845867,285291834
2022-06-04,21.847216,22.020952,21.604389,21.951826,21.951826,245245189
2022-06-05,21.953732,22.147638,21.706806,21.817276,21.817276,218160674
2022-06-06,21.817848,23.344519,21.797169,22.505026,22.505026,322542641
2022-06-07,22.505602,22.505602,20.955898,21.572859,21.572859,323142514
2022-06-08,21.57168,21.785501,21.088089,21.307806,21.307806,237563367
2022-06-09,21.307976,21.625973,21.065947,21.162531,21.162531,217964014
2022-06-10,21.161741,21.258633,19.976095,19.98114,19.98114,282269988
2022-06-11,19.984154,20.365337,17.970867,18.152842,18.152842,279436244
2022-06-12,18.157633,18.360756,16.671265,16.671265,16.671265,309838926
2022-06-13,16.65757,16.793121,14.058229,14.395306,14.395306,479566301
2022-06-14,14.393507,15.067166,13.214699,14.622905,14.622905,405914938
2022-06-15,14.618267,15.955539,12.972289,15.827472,15.827472,490511925
2022-06-16,15.833519,16.020609,13.629654,13.796279,13.796279,291279325
2022-06-17,13.798649,14.549179,13.748162,14.360857,14.360857,245894238
2022-06-18,14.359659,14.562634,12.595764,13.70491,13.70491,309729178
2022-06-19,13.70022,15.502042,13.299207,15.342697,15.342697,304360020
2022-06-20,15.341317,16.494646,14.67419,16.288752,16.288752,330719574
2022-06-21,16.287582,16.907164,15.884993,16.07835,16.07835,293771662
2022-06-22,16.084982,16.129232,15.085963,15.2124,15.2124,248239736
2022-06-23,15.212844,15.999119,15.195697,15.934258,15.934258,217025373
2022-06-24,15.932944,16.775434,15.900183,16.378384,16.378384,249470326
2022-06-25,16.382402,16.668142,15.851185,16.550266,16.550266,216209696
2022-06-26,16.549288,17.77277,16.139448,16.684273,16.684273,285254440
2022-06-27,16.684025,17.478397,16.224344,16.528332,16.528332,316000289
2022-06-28,16.524458,16.762278,15.375976,15.4251,15.4251,259626548
2022-06-29,15.425656,15.656231,14.99002,15.169245,15.169245,224617799
2022-06-30,15.173997,15.258329,14.191248,14.917182,14.917182,239732937
2022-07-01,14.933161,15.293823,14.339531,14.560435,14.560435,248651748
2022-07-02,14.576523,14.912228,14.358437,14.771755,14.771755,202055890
2022-07-03,14.771245,14.957059,14.375603,14.805074,14.805074,177074365
2022-07-04,14.803762,15.419361,14.42214,15.399097,15.399097,208315956
2022-07-05,15.395438,15.456393,14.470736,14.947303,14.947303,239578947
2022-07-06,14.949836,15.313015,14.770588,15.198587,15.198587,246973577
2022-07-07,15.200139,15.984328,15.09419,15.91334,15.91334,265628871
2022-07-08,15.912457,16.278471,15.450828,15.63769,15.63769,308264520
2022-07-09,15.638065,15.982001,15.600567,15.870729,15.870729,246533855
2022-07-10,15.869936,15.869936,15.003977,15.135858,15.135858,210235217
2022-07-11,15.132654,15.132654,14.156506,14.194421,14.194421,225517147
2022-07-12,14.196536,14.353881,13.853881,13.864528,13.864528,239001572
2022-07-13,13.864486,14.396218,13.478993,14.394467,14.394467,290420002
2022-07-14,14.395219,14.766918,13.961957,14.700039,14.700039,261830924
2022-07-15,14.70182,15.26271,14.586851,15.066509,15.066509,243757608
2022-07-16,15.065372,17.450752,14.658986,17.235464,17.235464,411998768
2022-07-17,17.239071,20.336266,16.887033,19.183924,19.183924,1175526482
2022-07-18,19.195309,25.449633,19.195309,25.419828,25.419828,1661377755
2022-07-19,25.395535,27.421164,24.359804,25.375338,25.375338,1907620185
2022-07-20,25.359983,25.631327,23.215368,23.279903,23.279903,1076747410
2022-07-21,23.283804,26.041756,22.288122,26.041756,26.041756,1067365719
2022-07-22,26.035307,26.790787,24.286411,24.960176,24.960176,1047442655
2022-07-23,24.940372,27.888248,24.661404,25.589022,25.589022,1329432871
2022-07-24,25.588257,26.543915,25.384104,25.603914,25.603914,864046594
2022-07-25,25.584616,25.710794,23.388132,23.391447,23.391447,875321733
2022-07-26,23.393261,25.036226,23.172726,25.036226,25.036226,942728012
2022-07-27,25.035191,32.952286,24.98325,32.721581,32.721581,4409691605
2022-07-28,32.759163,42.045158,32.122925,40.694286,40.694286,4392435456
2022-07-29,40.694202,44.967537,37.869446,40.609489,40.609489,4747356951
2022-07-30,40.639839,41.642548,38.723392,39.112087,39.112087,2283223844
2022-07-31,39.15686,41.348595,36.353134,36.453609,36.453609,1983357332
2022-08-01,36.458443,37.474144,33.847061,35.078812,35.078812,1621179906
2022-08-02,35.079891,38.547653,32.353863,36.563282,36.563282,2429206876
2022-08-03,36.55901,38.380074,35.471169,36.005997,36.005997,1550712524
2022-08-04,36.001945,36.986294,34.294506,34.805119,34.805119,1026930108
2022-08-05,34.796062,38.43586,34.73756,38.258743,38.258743,1404760475
2022-08-06,38.262566,39.308098,37.415749,37.843441,37.843441,1004207115
2022-08-07,37.838062,38.491169,36.960556,37.721149,37.721149,724741490
2022-08-08,37.724564,39.570004,37.019409,38.003372,38.003372,1195514823
2022-08-09,38.009804,38.169735,35.749092,36.420509,36.420509,884621887
2022-08-10,36.41787,39.293167,36.312904,38.726295,38.726295,1585151839
2022-08-11,38.735577,44.311081,38.391933,42.255386,42.255386,2550069903
2022-08-12,42.249588,43.625126,41.294617,43.443085,43.443085,1525317047
2022-08-13,43.410114,45.5061,42.991257,43.52581,43.52581,1337557002
2022-08-14,43.530357,44.173008,40.777992,41.584866,41.584866,1155300764
2022-08-15,41.589211,43.4478,40.423138,41.98328,41.98328,1112550146
2022-08-16,41.974777,42.200253,39.61145,39.93877,39.93877,855533055
2022-08-17,39.935474,42.327835,38.97261,40.195396,40.195396,1254980730
2022-08-18,40.223793,41.792694,39.504448,39.575481,39.575481,1110209025
2022-08-19,39.576084,39.583008,32.788544,32.938362,32.938362,2100519390
2022-08-20,32.934219,34.504826,31.536892,32.852367,32.852367,1183124063
2022-08-21,32.837551,34.086895,32.279705,33.668453,33.668453,817838932
2022-08-22,33.664742,34.010273,31.437956,34.010273,34.010273,859089222
2022-08-23,34.015045,34.606216,32.382393,34.297916,34.297916,912497079
2022-08-24,34.296329,36.629528,33.036243,35.309185,35.309185,1125022262
2022-08-25,35.312546,37.972614,35.312546,37.1329,37.1329,1316217518
2022-08-26,37.132378,38.154541,33.677547,33.887104,33.887104,1657422977
2022-08-27,33.890697,34.337322,32.201263,32.988548,32.988548,1000543071
2022-08-28,32.98978,33.336605,30.866867,30.87097,30.87097,726812376
2022-08-29,30.872253,33.629326,30.552778,33.581272,33.581272,1002076005
2022-08-30,33.581589,34.283573,31.583858,32.307384,32.307384,906147774
2022-08-31,32.315086,33.643616,32.137306,32.416504,32.416504,774652248
2022-09-01,32.416492,32.914597,31.24589,32.914597,32.914597,692651430
2022-09-02,32.912636,33.807774,32.057381,32.468163,32.468163,737539966
2022-09-03,32.462948,32.658089,32.097191,32.252167,32.252167,388296753
2022-09-04,32.251534,32.476376,31.7024,32.452961,32.452961,396140476
2022-09-05,32.454018,39.668625,31.732061,39.506489,39.506489,1741586696
2022-09-06,39.564991,41.867558,34.598377,34.616344,34.616344,3115389697
2022-09-07,34.589886,37.905563,33.395092,37.259884,37.259884,2146173021
2022-09-08,37.260452,37.66227,35.794235,37.109631,37.109631,1483617164
2022-09-09,37.104042,39.884525,36.75782,39.236404,39.236404,1567990654
2022-09-10,39.231949,40.149052,38.217854,39.35231,39.35231,1054514941
2022-09-11,39.342014,39.360065,37.890385,38.492989,38.492989,734939902
2022-09-12,38.495975,40.222301,37.35503,38.374458,38.374458,1260223137
2022-09-13,38.374763,38.802776,34.875351,36.103222,36.103222,1261969556
2022-09-14,35.337883,39.680889,35.177925,39.325844,39.325844,1603747406
2022-09-15,39.320751,39.582394,35.538033,35.594475,35.594475,2665688218
2022-09-16,35.614567,35.705494,33.147076,34.05143,34.05143,1442267534
2022-09-17,34.060143,34.790596,33.637917,34.435448,34.435448,620990379
2022-09-18,34.436024,34.436024,29.506504,29.540106,29.540106,822950019
2022-09-19,29.535227,30.729645,27.911213,30.420671,30.420671,1220703291
2022-09-20,30.418259,30.476175,28.855042,29.164686,29.164686,746563421
2022-09-21,29.164284,30.442005,27.225683,27.912081,27.912081,1013987401
2022-09-22,27.896992,28.871918,27.717241,28.634653,28.634653,610545878
2022-09-23,28.632675,29.399183,27.441458,28.920994,28.920994,710700524
2022-09-24,28.919998,29.464193,28.410629,28.726303,28.726303,532590848
2022-09-25,28.721344,29.38056,28.127022,28.326349,28.326349,482690513
2022-09-26,28.33432,28.507887,27.685802,28.444138,28.444138,468448600
2022-09-27,28.445181,30.022818,27.702742,28.144712,28.144712,706269114
2022-09-28,28.138206,28.232365,26.829836,27.670719,27.670719,514303183
2022-09-29,27.668903,28.139109,27.148388,27.808571,27.808571,440548063
2022-09-30,27.8088,28.234436,27.461157,27.726498,27.726498,422806584
2022-10-01,27.725813,27.862377,27.34392,27.547535,27.547535,251507532
2022-10-02,27.545315,27.733244,26.91251,26.930599,26.930599,299909672
2022-10-03,26.92758,27.582354,26.748753,27.46586,27.46586,326991712
2022-10-04,27.46649,28.070257,27.317505,27.941849,27.941849,338128005
2022-10-05,27.938572,27.977356,27.209019,27.629908,27.629908,301157659
2022-10-06,27.631258,28.90929,27.628384,27.816284,27.816284,491859402
2022-10-07,27.818481,27.854454,27.210114,27.48455,27.48455,347151091
2022-10-08,27.488626,27.57692,26.801123,26.96048,26.96048,263673332
2022-10-09,26.961143,27.144377,26.801888,26.974228,26.974228,271151753
2022-10-10,26.973017,27.132915,23.841389,24.221279,24.221279,543231067
2022-10-11,24.209772,24.224848,23.679279,23.725306,23.725306,396919252
2022-10-12,23.724537,24.394257,23.648787,23.814137,23.814137,326384056
2022-10-13,23.809641,23.896267,20.883026,22.998968,22.998968,799183657
2022-10-14,22.994675,24.436357,22.895203,23.15938,23.15938,496015066
2022-10-15,23.159351,23.225725,22.643349,22.773537,22.773537,282062942
2022-10-16,22.775112,23.378754,22.775112,23.125603,23.125603,267766808
2022-10-17,23.125923,23.931574,22.956175,23.849106,23.849106,318526984
2022-10-18,23.850117,24.089016,22.929901,23.409042,23.409042,337779781
2022-10-19,23.409826,23.444366,22.319988,22.350306,22.350306,282074315
2022-10-20,22.349665,22.842745,21.498196,21.676868,21.676868,292496953
2022-10-21,21.676218,22.094898,20.928146,22.045107,22.045107,297010750
2022-10-22,22.045147,23.340059,21.720243,23.235781,23.235781,390333675
2022-10-23,23.235518,23.554785,22.762526,23.407028,23.407028,352468259
2022-10-24,23.409342,23.489727,22.402761,22.661222,22.661222,286859419
2022-10-25,22.658735,25.657475,22.39463,24.741207,24.741207,512621833
2022-10-26,24.732801,26.112127,24.545336,25.495594,25.495594,613031594
2022-10-27,25.497082,25.712143,24.770739,24.804192,24.804192,498141656
2022-10-28,24.803347,25.661562,24.210545,25.506454,25.506454,433891041
2022-10-29,25.505741,26.771048,25.333265,25.868937,25.868937,568416662
2022-10-30,25.869049,25.886311,24.318209,24.531824,24.531824,398054663
2022-10-31,24.527519,24.921808,23.869713,24.277479,24.277479,424002690
2022-11-01,24.275509,24.558552,23.918419,24.049183,24.049183,334512852
2022-11-02,24.047619,24.408894,22.390064,22.932665,22.932665,518123163
2022-11-03,22.933821,24.66902,22.901539,23.996574,23.996574,413358245
2022-11-04,23.998268,25.963387,23.959347,25.781977,25.781977,552307033
2022-11-05,25.7822,26.794567,25.673805,26.47303,26.47303,477929577
2022-11-06,26.474979,26.963329,24.798944,24.851177,24.851177,413777412
2022-11-07,24.846073,25.664577,24.513605,25.050898,25.050898,380479371
2022-11-08,25.046328,25.24568,20.513908,21.853853,21.853853,770535234
2022-11-09,21.854492,22.065939,17.891912,18.34642,18.34642,705069044
2022-11-10,18.347162,22.741104,18.173016,21.96015,21.96015,719427270
2022-11-11,21.958952,22.171303,20.646708,21.468937,21.468937,409716001
2022-11-12,21.472967,21.519226,20.287647,20.472977,20.472977,220722638
2022-11-13,20.475403,20.879789,19.606304,19.957649,19.957649,224649263
2022-11-14,19.953545,20.668484,18.904015,20.388111,20.388111,328293818
2022-11-15,20.390833,20.835316,20.228277,20.553934,20.553934,232950850
2022-11-16,20.552544,20.618839,19.659748,19.936831,19.936831,238935115
2022-11-17,19.937634,20.002413,19.300938,19.654377,19.654377,231007694
2022-11-18,19.65439,20.013786,19.344999,19.556849,19.556849,208482752
2022-11-19,19.555742,19.626612,19.072445,19.512028,19.512028,211056131
2022-11-20,19.512054,19.678869,18.132956,18.179649,18.179649,226279454
2022-11-21,18.178619,18.184292,17.302204,18.028023,18.028023,257461172
2022-11-22,18.022659,18.57626,17.514606,18.43442,18.43442,247904723
2022-11-23,18.43973,20.356455,18.266897,20.356455,20.356455,360344288
2022-11-24,20.35379,20.650036,20.011002,20.211464,20.211464,299119856
2022-11-25,20.208546,20.540392,19.730955,20.088219,20.088219,155427327
2022-11-26,20.087831,20.880236,19.789854,19.874025,19.874025,167585425
2022-11-27,19.874205,20.343826,19.795736,19.824287,19.824287,146509470
2022-11-28,19.821564,19.866524,18.603567,19.331095,19.331095,189956729
2022-11-29,19.331688,19.786797,19.163326,19.521519,19.521519,121650272
2022-11-30,19.523912,20.425982,19.511683,20.291523,20.291523,183528671
2022-12-01,20.29117,20.294434,19.716345,19.730707,19.730707,120022531
2022-12-02,19.73418,19.86978,19.367226,19.858551,19.858551,118796757
2022-12-03,19.858719,19.890802,19.173094,19.232702,19.232702,96276409
2022-12-04,19.232555,19.538137,19.22686,19.512384,19.512384,93690201
2022-12-05,19.510139,20.130766,19.229202,19.441296,19.441296,133661456
2022-12-06,19.440607,19.557392,19.271412,19.552807,19.552807,80713618
2022-12-07,19.553774,19.606859,18.611383,18.707273,18.707273,101056666
2022-12-08,18.708403,19.234667,18.585611,19.172129,19.172129,95654416
2022-12-09,19.171026,19.422262,19.00312,19.145382,19.145382,94627914
2022-12-10,19.146914,19.328899,19.043842,19.136305,19.136305,73264510
2022-12-11,19.137247,19.410309,18.8699,18.914009,18.914009,73343061
2022-12-12,18.912542,18.915522,18.190815,18.544683,18.544683,101991689
2022-12-13,18.544224,19.671431,17.969482,19.252872,19.252872,159895563
2022-12-14,19.253193,19.446995,18.749201,18.787687,18.787687,112460759
2022-12-15,18.786705,18.85128,18.034607,18.142052,18.142052,97502492
2022-12-16,18.144022,18.332592,15.752276,15.927059,15.927059,147545416
2022-12-17,15.926407,16.258339,15.836864,16.192484,16.192484,118867548
2022-12-18,16.193842,16.218372,15.826361,15.967289,15.967289,66505304
2022-12-19,15.968917,16.152834,14.886865,15.162722,15.162722,116696227
2022-12-20,15.170513,16.057316,15.13765,15.949491,15.949491,105342124
2022-12-21,15.94921,16.6427,15.592526,16.621147,16.621147,155075215
2022-12-22,16.620375,16.684973,15.903621,16.489723,16.489723,136356111
2022-12-23,16.489386,16.499035,16.319229,16.393715,16.393715,104362698
2022-12-24,16.393864,16.47724,16.362757,16.458059,16.458059,57006990
2022-12-25,16.4578,16.46932,15.889013,16.188864,16.188864,91897882
2022-12-26,16.187881,16.288565,16.052465,16.257605,16.257605,89110442
2022-12-27,16.257532,16.301193,15.654452,15.845549,15.845549,88371270
2022-12-28,15.845592,15.867802,14.977885,15.115043,15.115043,113417288
2022-12-29,15.114955,16.011269,14.922153,15.734686,15.734686,139756361
2022-12-30,15.733065,15.846146,15.381544,15.540749,15.540749,98139465
2022-12-31,15.541705,15.921656,15.517413,15.69444,15.69444,72084876
2023-01-01,15.694401,15.822981,15.615783,15.772024,15.772024,56090451
2023-01-02,15.773082,16.230122,15.540663,16.112904,16.112904,89970297
2023-01-03,16.113806,16.165335,15.672698,15.893769,15.893769,88486338
2023-01-04,15.89393,19.603304,15.866254,19.186888,19.186888,514665601
2023-01-05,19.185896,19.395088,18.127031,18.215586,18.215586,355882822
2023-01-06,18.215511,20.675533,17.941557,20.440617,20.440617,381873531
2023-01-07,20.440741,20.500309,19.889921,20.034187,20.034187,260022509
2023-01-08,20.033228,20.328836,19.623135,20.320839,20.320839,247522173
2023-01-09,20.319818,21.616049,20.046366,20.151056,20.151056,429474620
2023-01-10,20.149431,20.372084,19.833878,20.247227,20.247227,230744972
2023-01-11,20.246143,20.520643,19.502588,20.520643,20.520643,195726943
2023-01-12,21.167206,21.198666,19.950911,20.917759,20.917759,312030298
2023-01-13,20.917381,21.827747,20.692137,21.610418,21.610418,320452820
2023-01-14,21.611317,23.767977,21.611317,22.532696,22.532696,555257337
2023-01-15,22.535711,22.837044,21.523634,22.458284,22.458284,235304970
2023-01-16,22.456276,22.851255,21.395769,21.862385,21.862385,227173332
2023-01-17,21.865807,22.47142,21.777163,21.850454,21.850454,235183876
2023-01-18,21.848627,22.455303,20.413754,20.423105,20.423105,271102126
2023-01-19,20.421589,20.782593,20.36097,20.74007,20.74007,169801202
2023-01-20,20.739759,22.578154,20.568722,22.504631,22.504631,198889097
2023-01-21,22.503202,22.838367,21.810139,21.813906,21.813906,265591578
2023-01-22,21.815786,23.445555,21.715662,22.542543,22.542543,369174434
2023-01-23,22.541378,23.775776,22.45335,22.76845,22.76845,437071208
2023-01-24,22.76392,22.962065,21.058277,21.206024,21.206024,250866930
2023-01-25,21.210335,22.292217,20.735329,21.867121,21.867121,234651398
2023-01-26,21.860697,22.248709,21.647646,21.990841,21.990841,279294587
2023-01-27,21.990362,22.231024,21.376814,22.000475,22.000475,167689168
2023-01-28,22.001099,22.202658,21.568575,21.725712,21.725712,153144714
2023-01-29,21.72551,22.792833,21.618933,22.774588,22.774588,258986708
2023-01-30,22.773056,23.47006,21.084839,21.360216,21.360216,347514634
2023-01-31,21.357897,21.927813,21.258812,21.706961,21.706961,173744739
2023-02-01,21.705996,22.460979,21.047543,22.367514,22.367514,202912924
2023-02-02,22.366554,24.002827,22.187393,22.368582,22.368582,371986088
2023-02-03,22.364326,23.826506,22.364326,23.188374,23.188374,449351545
2023-02-04,23.186195,24.792164,23.145298,23.813284,23.813284,449272462
2023-02-05,23.810913,23.996166,22.501637,22.880299,22.880299,308025306
2023-02-06,22.879412,23.052769,22.037832,22.142923,22.142923,217195842
2023-02-07,22.141218,23.265928,22.124727,23.200802,23.200802,221619492
2023-02-08,23.201824,23.327139,22.2318,22.60364,22.60364,218422167
2023-02-09,22.60755,22.858488,20.581215,20.889055,20.889055,307946632
2023-02-10,20.88946,21.358849,20.873247,21.02767,21.02767,192151396
2023-02-11,21.024012,21.491203,20.973459,21.489086,21.489086,132478842
2023-02-12,21.488909,21.629534,20.816107,21.043528,21.043528,132060728
2023-02-13,21.044701,21.172371,20.084679,20.67662,20.67662,185855820
2023-02-14,20.672995,21.236603,20.414509,21.220442,21.220442,162916457
2023-02-15,21.220306,22.454418,20.914974,22.44441,22.44441,209721966
2023-02-16,22.445574,22.768206,21.354267,21.375454,21.375454,265237638
2023-02-17,21.372339,22.578995,21.290977,22.432041,22.432041,206107255
2023-02-18,22.431971,23.045145,22.159052,22.653645,22.653645,228292000
2023-02-19,22.651558,23.197348,22.370621,22.485346,22.485346,282967344
2023-02-20,22.502785,23.63843,21.997286,23.171848,23.171848,309406972
2023-02-21,23.173944,24.147724,22.496078,22.799854,22.799854,558324519
2023-02-22,22.801367,22.906443,21.815689,22.476511,22.476511,239488436
2023-02-23,22.476038,22.696608,21.893906,22.122812,22.122812,164608456
2023-02-24,22.120226,22.242445,20.850901,21.106165,21.106165,175031381
2023-02-25,21.108034,21.229445,20.389109,20.991755,20.991755,131696109
2023-02-26,20.98978,21.542967,20.857466,21.415094,21.415094,114746392
2023-02-27,21.415743,21.581783,20.873194,21.315908,21.315908,140093799
2023-02-28,21.315125,21.459839,20.616161,20.736492,20.736492,126550808
2023-03-01,20.736938,21.421303,20.711615,21.276655,21.276655,124029434
2023-03-02,21.277533,21.350431,20.60737,21.085732,21.085732,126383929
2023-03-03,21.086138,21.103548,19.30953,20.367121,20.367121,176096009
2023-03-04,20.366203,20.415039,19.56513,19.943558,19.943558,104540377
2023-03-05,19.943426,20.368738,19.668842,19.769028,19.769028,100537101
2023-03-06,19.766104,19.802271,19.264376,19.658699,19.658699,136305309
2023-03-07,19.658054,19.798597,18.921186,19.215797,19.215797,111776033
2023-03-08,19.216999,19.258202,18.115808,18.244635,18.244635,132949424
2023-03-09,18.245556,18.5756,16.808531,17.055964,17.055964,151661086
2023-03-10,17.060066,17.528214,16.250717,17.444176,17.444176,185796884
2023-03-11,17.442934,17.870625,16.692963,17.301785,17.301785,170456003
2023-03-12,17.299337,18.833534,17.052736,18.808155,18.808155,149812179
2023-03-13,18.81151,20.197838,18.77825,19.622255,19.622255,350927041
2023-03-14,19.621466,21.006308,19.176285,20.256357,20.256357,265999291
2023-03-15,20.259817,20.64694,18.150436,18.43685,18.43685,236986198
2023-03-16,18.443235,18.902857,18.276215,18.776987,18.776987,141044632
2023-03-17,18.777956,20.322252,18.593779,20.322252,20.322252,167893088
2023-03-18,20.323097,22.49379,20.241848,20.753071,20.753071,489675356
2023-03-19,20.753336,21.71722,20.753336,21.143641,21.143641,230496321
2023-03-20,21.140766,21.302486,19.515778,19.578869,19.578869,237013223
2023-03-21,19.587099,21.031391,19.430746,21.001995,21.001995,249758676
2023-03-22,20.990475,21.023787,19.475002,20.07445,20.07445,242857037
2023-03-23,20.073017,21.293928,20.015816,20.814522,20.814522,209120142
2023-03-24,20.81292,20.875263,19.808558,20.199209,20.199209,176250312
2023-03-25,20.199463,20.59704,19.631845,20.024912,20.024912,145094869
2023-03-26,20.025482,20.470409,19.97459,20.351091,20.351091,114171383
2023-03-27,20.351215,20.365393,19.114647,19.682447,19.682447,149422688
2023-03-28,19.682865,20.213907,19.592953,20.176567,20.176567,146556626
2023-03-29,20.17601,21.030563,20.098034,20.6577,20.6577,156392161
2023-03-30,20.662518,20.894218,20.024137,20.273718,20.273718,150353905
2023-03-31,20.276043,20.835194,20.050922,20.74254,20.74254,129894153
2023-04-01,20.742392,21.582312,20.517162,21.123592,21.123592,180767970
2023-04-02,21.261938,21.261938,20.225677,20.436399,20.436399,152013748
2023-04-03,20.436283,20.870214,19.967897,20.696724,20.696724,182119507
2023-04-04,20.69632,21.479504,20.400023,21.12318,21.12318,192356864
2023-04-05,21.122795,21.531403,20.684912,21.131804,21.131804,173895475
2023-04-06,21.131498,21.131498,20.504608,20.688374,20.688374,126636885
2023-04-07,20.688898,20.783066,20.215155,20.486353,20.486353,107455973
2023-04-08,20.485229,20.602942,20.273149,20.359203,20.359203,75510078
2023-04-09,20.360407,20.682522,20.221819,20.563625,20.563625,88199439
2023-04-10,20.563656,21.037321,20.305002,20.977295,20.977295,107253752
2023-04-11,20.980549,22.145018,20.886988,21.51082,21.51082,262875695
2023-04-12,21.50988,22.528057,20.750816,21.89563,21.89563,447193922
2023-04-13,22.041716,22.689478,21.634348,22.443859,22.443859,308915074
2023-04-14,22.442968,23.088909,21.880653,22.443089,22.443089,317435586
2023-04-15,22.443813,22.488482,21.969894,22.120443,22.120443,148070420
2023-04-16,22.119549,22.455893,21.948568,22.270786,22.270786,145474299
2023-04-17,22.270012,22.271235,21.521008,21.703037,21.703037,166783779
2023-04-18,21.705164,22.212076,21.404684,21.878279,21.878279,157359412
2023-04-19,21.87591,21.877285,20.123032,20.323299,20.323299,214916017
2023-04-20,20.319439,20.65127,19.808531,20.069265,20.069265,168010637
2023-04-21,20.069883,20.193897,19.127869,19.33349,19.33349,149780811
2023-04-22,19.333012,20.449976,19.330244,20.21084,20.21084,175109135
2023-04-23,20.211349,20.223026,19.43285,19.715067,19.715067,116039425
2023-04-24,19.715351,20.002525,19.147221,19.424379,19.424379,109779287
2023-04-25,19.422998,20.006348,19.122068,19.800358,19.800358,109126833
2023-04-26,19.800571,20.333948,18.686502,19.348349,19.348349,165722581
2023-04-27,19.350231,20.036432,19.318287,19.819239,19.819239,564221852
2023-04-28,19.820562,19.871223,19.472225,19.771976,19.771976,161764612
2023-04-29,19.771109,19.987469,19.729115,19.811304,19.811304,72144576
2023-04-30,19.810247,19.992369,19.344355,19.476402,19.476402,78316875
2023-05-01,19.473755,19.538387,18.937792,19.209673,19.209673,97948433
2023-05-02,19.210041,19.356283,18.948397,19.264841,19.264841,80409896
2023-05-03,19.265289,19.775406,18.85321,19.558622,19.558622,102939097
2023-05-04,19.560272,19.57703,19.167377,19.295521,19.295521,76809674
2023-05-05,19.297104,19.703487,19.183233,19.63389,19.63389,89192732
2023-05-06,19.633638,19.757378,18.814079,19.003761,19.003761,95355140
2023-05-07,19.002916,19.124746,18.749668,18.765842,18.765842,62995792
2023-05-08,18.764017,18.815359,17.706621,18.295128,18.295128,120342256
2023-05-09,18.294527,19.177454,18.118317,18.753092,18.753092,126251071
2023-05-10,18.753553,19.299166,17.99711,18.860861,18.860861,127046344
2023-05-11,18.860416,18.949787,17.888111,18.121777,18.121777,108964838
2023-05-12,18.120605,18.250164,17.704865,18.228081,18.228081,95997066
2023-05-13,18.22784,18.268076,18.025526,18.125999,18.125999,67321461
2023-05-14,18.125641,18.344494,18.036261,18.125557,18.125557,62163202
2023-05-15,18.12602,18.473307,17.939569,18.296387,18.296387,85464032
2023-05-16,18.297197,18.344328,18.070948,18.274799,18.274799,75682193
2023-05-17,18.275274,18.672075,18.237364,18.563303,18.563303,92251277
2023-05-18,18.563349,18.716589,17.929358,18.344576,18.344576,91899219
2023-05-19,18.342777,18.472799,18.269857,18.308222,18.308222,64827297
2023-05-20,18.30896,18.429707,18.199928,18.332972,18.332972,62343202
2023-05-21,18.332891,18.39399,17.894978,17.940706,17.940706,70454419
2023-05-22,17.941708,18.468266,17.799322,18.248655,18.248655,86222141
2023-05-23,18.248709,18.517235,18.188099,18.368244,18.368244,79210090
2023-05-24,18.369072,18.379995,17.604511,17.789009,17.789009,91036659
2023-05-25,17.788048,17.821463,17.475624,17.71513,17.71513,81572297
2023-05-26,17.715469,18.268408,17.652437,18.036119,18.036119,71091860
2023-05-27,18.0359,18.205452,17.915241,18.181927,18.181927,50501435
2023-05-28,18.181654,18.651762,18.161743,18.546942,18.546942,71689479
2023-05-29,18.546352,18.61342,18.258373,18.368479,18.368479,65344018
2023-05-30,18.367914,18.465742,18.205622,18.269901,18.269901,68180229
2023-05-31,18.269522,18.32534,17.859394,18.005371,18.005371,66162040
2023-06-01,18.007416,18.056208,17.709309,17.81971,17.81971,71630669
2023-06-02,17.819887,18.18749,17.719513,18.154699,18.154699,74861876
2023-06-03,18.154993,18.311888,18.063881,18.136406,18.136406,68680251
2023-06-04,18.136354,18.390251,18.102739,18.218,18.218,67454282
2023-06-05,18.218941,18.228664,16.690613,17.015717,17.015717,141812820
2023-06-06,17.015028,17.663095,16.943136,17.599556,17.599556,100312340
2023-06-07,17.598618,17.606241,16.781935,16.908236,16.908236,100753379
2023-06-08,16.90868,17.092691,16.807949,16.990864,16.990864,87553513
2023-06-09,16.990835,17.16238,16.827183,16.940594,16.940594,88461211
2023-06-10,16.940832,16.948248,13.423341,15.065045,15.065045,328662649
2023-06-11,15.065425,15.342771,14.886592,15.077999,15.077999,101667604
2023-06-12,15.077199,15.253964,14.821678,15.149862,15.149862,99473343
2023-06-13,15.149917,15.472409,15.052201,15.24944,15.24944,99172916
2023-06-14,15.249438,15.34205,14.481436,14.737949,14.737949,98842105
2023-06-15,14.737886,15.141986,14.674662,15.051906,15.051906,106217309
2023-06-16,15.052367,15.253071,14.764035,15.233614,15.233614,92176641
2023-06-17,15.233731,15.528321,15.118736,15.33372,15.33372,83444573
2023-06-18,15.332727,15.516101,15.150588,15.226117,15.226117,83291246
2023-06-19,15.22737,15.420318,15.123609,15.359856,15.359856,84043880
2023-06-20,15.360491,15.811989,15.018917,15.797637,15.797637,102088587
2023-06-21,15.796507,16.96188,15.766566,16.795992,16.795992,197537711
2023-06-22,16.794874,17.463249,16.559912,16.648348,16.648348,162814719
2023-06-23,16.647802,19.062599,16.635084,18.84627,18.84627,318253898
2023-06-24,18.849869,19.67392,18.150124,19.340263,19.340263,387531305
2023-06-25,19.330458,19.429916,18.17968,18.363539,18.363539,217231644
2023-06-26,18.363007,19.399536,17.883965,18.615053,18.615053,287432575
2023-06-27,18.611914,18.895378,18.307467,18.691011,18.691011,193456623
2023-06-28,18.690374,18.694271,17.303467,17.507273,17.507273,181311863
2023-06-29,17.502089,18.517632,17.482588,18.013086,18.013086,153800471
2023-06-30,18.012905,21.096655,18.00576,20.966318,20.966318,877096516
2023-07-01,20.960899,23.105724,20.706919,20.891191,20.891191,773491982
2023-07-02,20.893595,20.893595,19.785664,20.380796,20.380796,328877830
2023-07-03,20.380592,20.712326,19.870861,20.021351,20.021351,214731297
2023-07-04,20.023785,20.395796,19.420486,19.514297,19.514297,189811230
2023-07-05,19.511499,19.691462,18.665354,19.400782,19.400782,197834391
2023-07-06,19.399422,20.060108,18.681866,18.773458,18.773458,235540240
2023-07-07,18.77858,19.267202,18.637976,19.201351,19.201351,152680231
2023-07-08,19.201248,19.296801,18.706444,18.990917,18.990917,113510198
2023-07-09,18.99082,19.129524,18.580151,18.623983,18.623983,98112392
2023-07-10,18.624746,19.299803,18.237795,18.934135,18.934135,154960455
2023-07-11,18.936188,19.03668,18.626976,18.893341,18.893341,104222158
2023-07-12,18.893257,19.144646,18.583399,18.797688,18.797688,107463231
2023-07-13,18.797377,20.209112,18.625063,20.208361,20.208361,234436192
2023-07-14,20.203293,20.318924,18.54879,19.096869,19.096869,269090606
2023-07-15,19.096966,19.710922,18.996639,19.252296,19.252296,134552774
2023-07-16,19.251677,19.392765,18.793531,18.801546,18.801546,123609138
2023-07-17,18.801062,19.163481,18.650389,19.082527,19.082527,145849231
2023-07-18,19.081747,19.147938,18.538986,18.751217,18.751217,130632153
2023-07-19,18.751587,19.067774,18.742731,18.790121,18.790121,125558545
2023-07-20,18.788942,19.022915,18.530478,18.686157,18.686157,140163260
2023-07-21,18.687454,18.885508,18.616781,18.742205,18.742205,112149210
2023-07-22,18.743256,18.862803,18.382601,18.467686,18.467686,109579676
2023-07-23,18.471317,18.876726,18.422743,18.699596,18.699596,112838229
2023-07-24,18.69882,18.743374,17.91651,18.115522,18.115522,140825821
2023-07-25,18.115541,18.169043,17.972654,18.079538,18.079538,100195117
2023-07-26,18.080008,18.459482,17.947828,18.302341,18.302341,103996072
2023-07-27,18.303398,18.407938,18.061489,18.35367,18.35367,88837045
2023-07-28,18.354193,18.776438,18.354193,18.480721,18.480721,118292608
2023-07-29,18.480356,18.617878,18.421467,18.616789,18.616789,73729017
2023-07-30,18.617001,19.07583,18.419245,18.869024,18.869024,176443654
2023-07-31,18.869453,19.022566,18.434412,18.493885,18.493885,129275511
2023-08-01,18.493435,18.54232,18.023355,18.528124,18.528124,133739671
2023-08-02,18.525604,18.565323,17.954086,18.06566,18.06566,119575727
2023-08-03,18.065933,18.153452,17.839874,17.943872,17.943872,111933015
2023-08-04,17.941717,18.106718,17.778687,17.912268,17.912268,105368578
2023-08-05,17.911533,17.941868,17.725542,17.915222,17.915222,71390238
2023-08-06,17.914923,17.977591,17.80632,17.811514,17.811514,71580698
2023-08-07,17.811506,17.955841,17.376144,17.674719,17.674719,113527985
2023-08-08,17.674946,18.107445,17.584263,17.948997,17.948997,110866601
2023-08-09,17.94858,18.048595,17.713415,17.839289,17.839289,127456660
2023-08-10,17.840761,17.860649,17.64324,17.704409,17.704409,82081038
2023-08-11,17.704504,17.731504,17.559757,17.620455,17.620455,65259199
2023-08-12,17.620344,17.729786,17.6036,17.722281,17.722281,61291312
2023-08-13,17.722092,17.799168,17.472281,17.514399,17.514399,71696120
2023-08-14,17.514477,17.602905,17.386822,17.497169,17.497169,74151757
2023-08-15,17.497166,17.500422,16.435253,16.70532,16.70532,117434721
2023-08-16,16.705624,16.730452,15.894302,16.233858,16.233858,109377419
2023-08-17,16.233473,16.350212,13.944385,14.973391,14.973391,184209729
2023-08-18,14.974323,15.793887,14.942194,15.424569,15.424569,148865339
2023-08-19,15.424673,15.713538,15.312695,15.544931,15.544931,74493653
2023-08-20,15.545827,15.630724,15.375025,15.560738,15.560738,71233002
2023-08-21,15.560833,15.903081,15.471016,15.789591,15.789591,117841571
2023-08-22,15.787189,15.819518,15.092752,15.495649,15.495649,88711318
2023-08-23,15.496068,16.214073,15.492414,16.181025,16.181025,99635381
2023-08-24,16.181448,16.214462,15.829573,16.043789,16.043789,73759326
2023-08-25,16.044199,16.084358,15.760733,15.997551,15.997551,75525219
2023-08-26,15.997672,16.069233,15.758236,15.858824,15.858824,52039101
2023-08-27,15.85815,16.027212,15.790769,16.007809,16.007809,62912978
2023-08-28,16.007841,16.007841,15.65264,15.906695,15.906695,69780181
2023-08-29,15.905886,17.168373,15.601795,16.881355,16.881355,176637461
2023-08-30,16.881729,16.897217,16.024912,16.025431,16.025431,116906061
2023-08-31,16.025589,16.177816,15.326268,15.50077,15.50077,116117946
2023-09-01,15.501063,15.622311,15.254253,15.386296,15.386296,84319220
2023-09-02,15.386855,15.513004,15.311688,15.456302,15.456302,63935520
2023-09-03,15.457273,15.512833,15.278185,15.380009,15.380009,58045044
2023-09-04,15.378942,15.532898,15.213447,15.360376,15.360376,65387079
2023-09-05,15.360694,15.42096,15.162105,15.37471,15.37471,62896692
2023-09-06,15.375053,15.606839,15.215681,15.486616,15.486616,69874315
2023-09-07,15.487035,15.65987,15.341248,15.572793,15.572793,49967991
2023-09-08,15.573232,15.641168,15.272858,15.409734,15.409734,52837023
2023-09-09,15.409659,15.49119,15.360142,15.400557,15.400557,37922555
2023-09-10,15.400777,15.400777,14.845066,15.090849,15.090849,71426901
2023-09-11,15.090962,15.15108,14.467574,14.697254,14.697254,83212536
2023-09-12,14.698171,15.24394,14.693007,14.980931,14.980931,83603125
2023-09-13,14.982199,15.185282,14.870659,15.160271,15.160271,112188326
2023-09-14,15.160416,15.346111,15.034989,15.250063,15.250063,121426956
2023-09-15,15.251172,15.808154,15.230176,15.692466,15.692466,120074888
2023-09-16,15.693129,15.925877,15.528929,15.655214,15.655214,95846688
2023-09-17,15.654218,15.654542,15.276631,15.404819,15.404819,58624215
2023-09-18,15.405264,16.014862,15.303429,15.69035,15.69035,94248079
2023-09-19,15.690496,15.943417,15.626876,15.758441,15.758441,77078766
2023-09-20,15.758158,15.786841,15.433817,15.584322,15.584322,91268601
2023-09-21,15.584563,15.62614,15.14145,15.215891,15.215891,79965558
2023-09-22,15.216109,15.312697,15.121014,15.186545,15.186545,56709996
2023-09-23,15.18688,15.277095,15.152717,15.259869,15.259869,47538697
2023-09-24,15.259236,15.377376,15.041372,15.08225,15.08225,60491751
2023-09-25,15.082228,15.325961,15.03572,15.223185,15.223185,68276141
2023-09-26,15.223001,15.267192,14.976089,15.092748,15.092748,65685073
2023-09-27,15.093157,15.680545,15.064724,15.337711,15.337711,102247619
2023-09-28,15.337518,15.939966,15.326114,15.798474,15.798474,80080403
2023-09-29,15.799073,16.004566,15.735266,15.879463,15.879463,68970399
2023-09-30,15.87954,16.812841,15.835519,16.365599,16.365599,105815020
2023-10-01,16.362541,16.77729,16.252804,16.682211,16.682211,91646004
2023-10-02,16.682274,16.855757,16.084496,16.173798,16.173798,143890448
2023-10-03,16.172323,16.590496,15.663461,15.682571,15.682571,189328517
2023-10-04,15.681921,15.6979,15.322476,15.654332,15.654332,96136569
2023-10-05,15.654866,15.781417,15.456499,15.456619,15.456619,87112236
2023-10-06,15.454824,15.830816,15.440383,15.729506,15.729506,79309320
2023-10-07,15.729088,15.765622,15.572459,15.652796,15.652796,61436403
2023-10-08,15.652931,15.699754,15.420738,15.507917,15.507917,52286969
2023-10-09,15.50773,15.50773,14.817219,15.038891,15.038891,83609010
2023-10-10,15.038522,15.13957,14.850307,14.952602,14.952602,57250183
2023-10-11,14.952675,14.961291,14.714786,14.92851,14.92851,62288480
2023-10-12,14.929107,15.019625,14.721068,14.773999,14.773999,71885800
2023-10-13,14.77414,14.951994,14.716748,14.844541,14.844541,58882802
2023-10-14,14.845235,15.015082,14.839663,15.001739,15.001739,38864506
2023-10-15,15.001175,15.049348,14.882525,14.940232,14.940232,46060696
2023-10-16,14.939809,15.716015,14.93868,15.262339,15.262339,115123412
2023-10-17,15.261697,15.261697,14.869696,14.962552,14.962552,85201974
2023-10-18,14.961725,15.048923,14.807581,14.83052,14.83052,71275877
2023-10-19,14.830747,14.858016,14.667469,14.811905,14.811905,65610813
2023-10-20,14.811933,15.484686,14.7637,15.301395,15.301395,92640126
2023-10-21,15.300901,15.792649,15.272941,15.736008,15.736008,85309440
2023-10-22,15.736344,15.85919,15.400098,15.832367,15.832367,76986349
2023-10-23,15.86029,16.710079,15.725376,16.611437,16.611437,178926983
2023-10-24,16.611523,17.239599,16.221674,16.453541,16.453541,255999831
2023-10-25,16.456743,16.748835,16.234867,16.390762,16.390762,156451809
2023-10-26,16.391113,17.101124,16.165476,16.574284,16.574284,246941547
2023-10-27,16.574205,16.574913,15.933294,16.083078,16.083078,139826534
2023-10-28,16.082256,16.37278,16.057858,16.234375,16.234375,101169603
2023-10-29,16.234129,16.69429,16.094112,16.659636,16.659636,101780542
2023-10-30,16.658049,16.897282,16.339176,16.788202,16.788202,146964245
2023-10-31,16.787735,17.7033,16.566854,17.467875,17.467875,316837547
2023-11-01,17.47064,17.969608,17.089451,17.779638,17.779638,282733068
2023-11-02,17.780106,17.940418,16.986769,17.299013,17.299013,207034506
2023-11-03,17.299397,17.305222,16.780142,17.257347,17.257347,175494960
2023-11-04,17.258232,17.575361,17.160975,17.507172,17.507172,90516996
2023-11-05,17.506893,18.227261,17.425583,18.013462,18.013462,199413349
2023-11-06,18.012728,18.798208,17.739235,18.505444,18.505444,219291457
2023-11-07,18.507385,18.516863,17.581825,18.137945,18.137945,140040965
2023-11-08,18.138683,18.43651,18.038073,18.3692,18.3692,141189284
2023-11-09,18.366018,20.622894,18.270157,20.622894,20.622894,699714007
2023-11-10,20.622849,21.751251,20.285212,20.782042,20.782042,652543799
2023-11-11,20.780401,20.791595,19.602013,20.041468,20.041468,290524179
2023-11-12,20.043524,20.32958,19.356592,20.035318,20.035318,213838113
2023-11-13,20.036989,21.068628,19.65093,20.044626,20.044626,364225555
2023-11-14,20.041166,20.149099,18.663031,19.079735,19.079735,254373129
2023-11-15,19.080301,19.880526,18.826986,19.880526,19.880526,211183093
2023-11-16,19.882294,20.537125,19.000158,19.293484,19.293484,334380912
2023-11-17,19.291037,19.681108,18.528378,19.363716,19.363716,230551001
2023-11-18,19.362398,19.379204,18.529779,19.215057,19.215057,148865570
2023-11-19,19.21447,19.6185,18.919119,19.61545,19.61545,108421552
2023-11-20,19.615732,19.941044,19.356985,19.454239,19.454239,159457866
2023-11-21,19.453802,19.608154,17.969675,18.153027,18.153027,209997243
2023-11-22,18.149824,19.29051,18.102819,19.008965,19.008965,166675928
2023-11-23,19.009371,19.175396,18.74301,18.919369,18.919369,112303390
2023-11-24,18.918982,19.504093,18.882868,19.207676,19.207676,146934078
2023-11-25,19.207134,19.502951,19.175837,19.43524,19.43524,104702459
2023-11-26,19.435232,19.544296,18.810343,19.115627,19.115627,147354691
2023-11-27,19.113235,19.181026,18.2391,18.564442,18.564442,174492983
2023-11-28,18.564608,18.992754,18.228912,18.83869,18.83869,160019303
2023-11-29,18.839432,19.039408,18.583437,18.73579,18.73579,153470499
2023-11-30,18.736534,18.807875,18.513241,18.640305,18.640305,239514391
2023-12-01,18.641226,19.090721,18.559752,18.972383,18.972383,131315122
2023-12-02,18.97131,19.648548,18.962776,19.600574,19.600574,127973015
2023-12-03,19.60018,19.96557,19.433655,19.82089,19.82089,193962209
2023-12-04,19.820229,20.370184,19.579067,19.948772,19.948772,320803112
2023-12-05,19.950968,20.419069,19.423819,20.261206,20.261206,311832176
2023-12-06,20.262852,20.748816,19.932428,20.258884,20.258884,390528737
2023-12-07,20.26306,22.204857,20.26306,21.969517,21.969517,556633646
2023-12-08,21.969526,22.592129,21.793415,22.257908,22.257908,310134328
2023-12-09,22.258671,23.271467,21.97831,22.065554,22.065554,375657175
2023-12-10,22.065996,22.449087,21.520189,21.951166,21.951166,226915871
2023-12-11,21.952461,21.999279,19.509741,20.148258,20.148258,384504880
2023-12-12,20.147879,20.534117,19.898697,20.315989,20.315989,202030314
2023-12-13,20.31308,20.878164,19.527802,20.738445,20.738445,192771356
2023-12-14,20.738592,20.96929,20.295927,20.883959,20.883959,209343194
2023-12-15,20.884024,20.888741,19.881111,19.921867,19.921867,152466359
2023-12-16,19.92288,20.745743,19.811174,20.726999,20.726999,152079671
2023-12-17,20.726875,20.726875,19.91716,19.990297,19.990297,146605293
2023-12-18,19.986761,20.046701,18.918707,19.896391,19.896391,192709536
2023-12-19,19.897596,20.13969,19.460905,19.650387,19.650387,133500538
2023-12-20,19.650265,20.508032,19.643986,20.167578,20.167578,165865192
2023-12-21,20.167694,20.845688,20.011314,20.650764,20.650764,161158100
2023-12-22,20.650263,22.087067,20.611385,21.916395,21.916395,452865387
2023-12-23,21.916555,22.101599,21.141411,21.485302,21.485302,203998249
2023-12-24,21.484097,21.655115,20.712152,20.876226,20.876226,200481891
2023-12-25,20.875265,21.631092,20.704498,21.470182,21.470182,182146996
2023-12-26,21.470036,21.470036,20.213503,20.823652,20.823652,228053755
2023-12-27,20.823887,22.693478,20.371296,22.69066,22.69066,363920203
2023-12-28,22.693718,24.198944,22.127615,22.497866,22.497866,681559681
2023-12-29,22.496408,23.334885,21.968239,22.459976,22.459976,481680130
2023-12-30,22.467016,23.175009,22.199329,22.278959,22.278959,260320118
2023-12-31,22.276443,22.421062,21.692768,21.908712,21.908712,177735070
2024-01-01,21.910362,22.500179,21.536385,22.500179,22.500179,177075162
2024-01-02,22.502632,23.008404,21.981787,22.001184,22.001184,250417181
2024-01-03,22.000816,22.409204,19.483999,20.031158,20.031158,387454680
2024-01-04,20.032539,20.686432,19.887676,20.501585,20.501585,208865143
2024-01-05,20.501404,20.605591,19.474167,20.122894,20.122894,203060517
2024-01-06,20.123863,20.221842,19.383278,19.882305,19.882305,169594311
2024-01-07,19.882528,20.031467,19.094204,19.235271,19.235271,122322213
2024-01-08,19.237886,20.418844,18.504581,20.332895,20.332895,237158856
2024-01-09,20.334904,21.187775,19.621248,21.187775,21.187775,365999857
2024-01-10,21.189011,26.30525,20.493765,26.218678,26.218678,1077458957
2024-01-11,26.245953,31.993589,25.966953,29.509329,29.509329,2717342240
2024-01-12,29.542147,32.361862,27.844999,29.024063,29.024063,1783811837
2024-01-13,29.004517,29.969398,27.977493,28.589973,28.589973,782197638
2024-01-14,28.591091,28.591843,26.262403,26.44903,26.44903,568914756
2024-01-15,26.452538,27.757612,26.139803,26.755678,26.755678,546658912
2024-01-16,26.744028,27.69128,26.202587,27.316952,27.316952,502696374
2024-01-17,27.313871,27.382093,25.75878,26.157564,26.157564,346535995
2024-01-18,26.158743,26.162367,24.187925,24.413349,24.413349,408342604
2024-01-19,24.413849,25.428017,23.018644,25.341202,25.341202,457621525
2024-01-20,25.341141,25.341141,24.199787,24.68825,24.68825,262139208
2024-01-21,24.68692,25.350554,24.482134,24.482134,24.482134,217488400
2024-01-22,24.488468,24.589729,22.824223,22.884027,22.884027,333833046
2024-01-23,22.883272,23.78384,21.823757,23.08499,23.08499,369037644
2024-01-24,23.085358,23.395567,22.562054,22.982058,22.982058,229798413
2024-01-25,22.983198,23.50152,22.248205,23.240587,23.240587,258590878
2024-01-26,23.239653,24.069883,22.917213,23.905046,23.905046,254117420
2024-01-27,23.903151,24.526953,23.828636,24.010351,24.010351,198903936
2024-01-28,24.011267,24.404169,23.396549,23.495054,23.495054,191727243
2024-01-29,23.494486,24.84849,23.080759,24.69758,24.69758,211970154
2024-01-30,24.69758,26.209244,24.524572,25.340477,25.340477,410938069
2024-01-31,25.335743,25.781912,24.240715,24.361816,24.361816,371706810
2024-02-01,24.360397,24.895369,23.565916,24.407036,24.407036,262317913
2024-02-02,24.406675,25.353674,24.362228,25.087465,25.087465,211323379
2024-02-03,25.090578,25.659962,24.566402,24.825609,24.825609,203438564
2024-02-04,24.827065,25.616869,24.699123,24.992704,24.992704,213909452
2024-02-05,24.990242,25.142815,24.058666,24.288532,24.288532,225349338
2024-02-06,24.286461,24.944679,24.165541,24.723478,24.723478,175969380
2024-02-07,24.723989,25.34074,24.318693,25.164587,25.164587,177552454
2024-02-08,25.164385,25.821253,25.047422,25.625675,25.625675,188131715
2024-02-09,25.626799,26.655107,25.58654,26.168697,26.168697,288685224
2024-02-10,26.167616,26.402908,25.437887,25.898844,25.898844,160574553
2024-02-11,25.898237,26.333212,25.567476,25.89167,25.89167,179034879
2024-02-12,25.890619,27.158407,25.478649,27.128933,27.128933,236671384
2024-02-13,27.062992,27.23167,25.816017,26.217875,26.217875,277678164
2024-02-14,26.217953,27.146067,25.751095,26.886316,26.886316,278034331
2024-02-15,26.888186,27.450628,26.42993,26.792051,26.792051,358346903
2024-02-16,26.79402,27.419836,26.29678,26.80452,26.80452,275649039
2024-02-17,26.804577,26.804577,25.524172,26.061373,26.061373,182496646
2024-02-18,26.061565,26.714907,25.755089,26.517443,26.517443,155463567
2024-02-19,26.519461,27.800135,26.263483,27.394705,27.394705,277390208
2024-02-20,27.393692,27.621689,26.024094,27.055895,27.055895,340182194
2024-02-21,27.059704,27.275385,25.280209,26.080612,26.080612,259661532
2024-02-22,26.080601,26.397804,25.519341,25.795212,25.795212,179240069
2024-02-23,25.796217,25.910019,25.123684,25.419277,25.419277,160582671
2024-02-24,25.420813,26.179298,25.125019,26.101389,26.101389,130102414
2024-02-25,26.100788,27.300938,25.966068,27.188622,27.188622,229533619
2024-02-26,27.186842,27.943602,26.575483,27.79748,27.79748,360457534
2024-02-27,27.797956,28.644636,27.651571,28.107882,28.107882,379330662
2024-02-28,28.106655,30.971405,27.759104,29.614609,29.614609,693232308
2024-02-29,29.615688,31.40637,28.237888,28.87949,28.87949,766746880
2024-03-01,28.865725,30.37542,28.832262,30.35969,30.35969,297549759
2024-03-02,30.364277,34.633785,30.301182,34.199467,34.199467,1027526616
2024-03-03,34.210819,35.755257,32.394398,33.535038,33.535038,869132563
2024-03-04,33.554108,36.61953,33.166252,36.000008,36.000008,790707342
2024-03-05,36.004742,39.539356,30.108282,34.26276,34.26276,1823274431
2024-03-06,34.260307,38.4067,33.013779,37.218975,37.218975,934977808
2024-03-07,37.22097,38.41634,36.100178,37.944206,37.944206,536035057
2024-03-08,37.943855,39.456577,37.071709,38.125488,38.125488,652439233
2024-03-09,38.125488,39.618526,37.1134,37.320423,37.320423,480625017
2024-03-10,37.320469,37.729553,35.454067,36.160984,36.160984,421535580
2024-03-11,36.160923,39.326519,34.567219,37.990486,37.990486,747592363
2024-03-12,37.990486,38.173794,35.232426,36.868355,36.868355,418477352
2024-03-13,36.868355,37.613396,35.938183,36.565521,36.565521,356708087
2024-03-14,36.565521,36.721233,33.736561,35.100746,35.100746,465605554
2024-03-15,35.100544,35.537636,31.187078,33.240471,33.240471,583927649
2024-03-16,33.240471,33.587494,30.136751,30.682331,30.682331,376535590
2024-03-17,30.682331,32.335083,29.591841,31.946257,31.946257,358881401
2024-03-18,31.946257,32.05003,30.321363,31.391985,31.391985,291098796
2024-03-19,31.392412,31.573195,27.232256,27.71735,27.71735,492883843
2024-03-20,27.71735,30.704191,26.88516,30.616354,30.616354,423204229
2024-03-21,30.616354,30.824385,29.45952,30.320139,30.320139,281549944
2024-03-22,30.320051,30.714483,28.560253,29.26914,29.26914,240278534
2024-03-23,29.26914,31.364916,29.115705,30.264578,30.264578,211699689
2024-03-24,30.264767,31.690149,30.257935,31.573196,31.573196,259658661
2024-03-25,31.573196,32.690563,31.028284,32.495823,32.495823,279141099
2024-03-26,32.495823,33.19622,31.781164,32.137074,32.137074,285312552
2024-03-27,32.137074,32.532631,31.002054,31.803864,31.803864,280910664
2024-03-28,31.803864,32.823792,31.379238,32.537586,32.537586,245938566
2024-03-29,32.537586,34.90221,31.823229,34.236248,34.236248,442445757
2024-03-30,34.236248,34.530224,32.850216,32.931007,32.931007,229532049
2024-03-31,32.931007,34.460571,32.854263,34.311298,34.311298,206375125
2024-04-01,34.311298,34.754021,31.867348,32.734024,32.734024,353927804
2024-04-02,32.734024,32.734444,29.876539,29.970011,29.970011,347092840
2024-04-03,29.970011,30.949665,29.05447,30.63685,30.63685,228219941
2024-04-04,30.63685,33.172478,30.088846,32.890923,32.890923,368170681
2024-04-05,32.885941,34.039795,31.729471,33.156452,33.156452,491697243
2024-04-06,33.156452,33.559574,32.789715,33.507851,33.507851,195826881
2024-04-07,33.507851,34.732864,33.320518,33.893021,33.893021,252726864
2024-04-08,33.893021,35.861427,33.170021,35.705177,35.705177,377368567
2024-04-09,35.705177,35.751488,32.678822,32.780308,32.780308,350413058
2024-04-10,32.780308,33.562263,31.731674,33.49696,33.49696,297131185
2024-04-11,33.49696,34.551609,33.23381,33.764542,33.764542,280484300
2024-04-12,33.764542,34.038689,27.008928,29.534063,29.534063,452734315
2024-04-13,29.534239,29.879574,22.967175,25.526031,25.526031,587374317
2024-04-14,25.526405,27.15605,24.614515,27.04413,27.04413,487092284
2024-04-15,27.04413,28.197784,25.575296,26.453842,26.453842,400317083
2024-04-16,26.453842,26.854774,25.116312,26.158686,26.158686,280315809
2024-04-17,26.158649,26.620203,24.706482,25.410484,25.410484,213581987
2024-04-18,25.41066,26.359465,24.933992,26.134924,26.134924,196760726
2024-04-19,26.134924,26.550514,24.155281,26.086321,26.086321,296809403
2024-04-20,26.08634,28.150869,25.855127,27.894875,27.894875,206761681
2024-04-21,27.894875,28.307571,27.149136,27.450272,27.450272,156320139
2024-04-22,27.450272,28.559883,27.389997,28.356771,28.356771,182324362
2024-04-23,28.356771,28.502342,27.778767,28.154791,28.154791,136558474
2024-04-24,28.154779,28.458603,26.138283,26.364439,26.364439,227694797
2024-04-25,26.36532,26.915674,25.831795,26.457581,26.457581,177920945
2024-04-26,26.457581,27.924959,25.997486,27.105074,27.105074,200792499
2024-04-27,27.105074,28.174219,26.349789,27.813515,27.813515,210355550
2024-04-28,27.813515,29.931793,27.706858,27.968964,27.968964,318917738
2024-04-29,27.968964,28.473686,26.931681,27.584372,27.584372,234656943
2024-04-30,27.584324,28.004238,24.887186,25.442833,25.442833,292000384
2024-05-01,25.442833,25.61223,24.097811,25.536282,25.536282,336291923
2024-05-02,25.536282,25.908146,24.839655,25.679646,25.679646,189463250
2024-05-03,25.679646,27.349281,25.520466,26.923174,26.923174,200281481
2024-05-04,26.923174,27.476961,26.861254,26.957998,26.957998,166307076
2024-05-05,26.957998,27.84761,26.484707,27.681726,27.681726,164557962
2024-05-06,27.681677,28.964594,27.004457,27.004684,27.004684,249983845
2024-05-07,27.004684,27.822744,26.798386,27.110155,27.110155,186522738
2024-05-08,27.110209,29.252205,26.625175,27.157541,27.157541,388061307
2024-05-09,27.157541,27.813841,26.894724,27.668243,27.668243,197018850
2024-05-10,27.668243,27.799395,26.167841,26.396765,26.396765,201724914
2024-05-11,26.396765,26.78474,26.220989,26.457214,26.457214,114437523
2024-05-12,26.457195,26.900816,26.388815,26.713799,26.713799,94506937
2024-05-13,26.713799,26.9342,25.30154,26.275,26.275,228965010
2024-05-14,26.275,26.412771,25.286236,25.327702,25.327702,197644213
2024-05-15,25.328039,27.162704,25.327614,27.100901,27.100901,229858488
2024-05-16,27.10116,27.509401,26.689461,27.253609,27.253609,232683977
2024-05-17,27.253609,28.734671,26.957533,28.310291,28.310291,235679740
2024-05-18,28.310291,29.108644,28.15233,28.622232,28.622232,203576918
2024-05-19,28.621687,28.87097,27.372168,27.600697,27.600697,174019294
2024-05-20,27.600697,32.920368,27.525936,32.311031,32.311031,528257362
2024-05-21,32.311089,32.791943,30.918581,31.736706,31.736706,735159841
2024-05-22,31.736708,31.819769,29.773247,30.39006,30.39006,469072432
2024-05-23,30.39006,34.180099,30.38007,32.38665,32.38665,1458497162
2024-05-24,32.38665,33.841801,31.034199,31.595058,31.595058,605404264
2024-05-25,31.595104,32.294296,31.32942,31.668777,31.668777,295309659
2024-05-26,31.668777,32.675385,31.485905,31.716913,31.716913,330785772
2024-05-27,31.716913,32.669437,31.631744,31.940979,31.940979,334186291
2024-05-28,31.9394,31.941544,30.645605,31.390787,31.390787,318830374
2024-05-29,31.390787,31.597647,30.170177,30.423717,30.423717,258234413
2024-05-30,30.423813,30.695576,29.225277,29.808336,29.808336,247193481
2024-05-31,29.808336,30.424879,29.13896,29.617893,29.617893,215407237
2024-06-01,29.617872,29.777912,29.429314,29.532154,29.532154,122920723
2024-06-02,29.532167,29.773493,28.60187,28.934589,28.934589,162376008
2024-06-03,28.934547,29.422565,28.572044,28.628445,28.628445,199897147
2024-06-04,28.628445,29.955601,28.199825,29.737282,29.737282,226692924
2024-06-05,29.737282,30.012533,29.249672,29.799065,29.799065,187940824
2024-06-06,29.799065,29.804882,28.818125,29.062695,29.062695,156748853
2024-06-07,29.062696,29.38036,25.656778,27.059429,27.059429,350100519
2024-06-08,27.054796,27.170786,26.470194,26.850828,26.850828,198339683
2024-06-09,26.850664,27.066492,26.764393,26.963499,26.963499,142199898
2024-06-10,26.963423,27.039516,26.374498,26.612732,26.612732,175532362
2024-06-11,26.613701,26.613701,25.167852,25.671314,25.671314,247729693
2024-06-12,25.671362,26.697361,25.308887,26.114582,26.114582,196151302
2024-06-13,26.114374,26.136116,25.130798,25.294464,25.294464,148318615
2024-06-14,25.293678,25.647396,24.163015,25.129519,25.129519,177831648
2024-06-15,25.126991,25.67049,25.001909,25.618931,25.618931,107033878
2024-06-16,25.618982,25.629335,25.268209,25.439159,25.439159,95740013
2024-06-17,25.439203,25.514484,23.527172,24.089752,24.089752,193417356
2024-06-18,24.087303,24.102999,21.689058,23.067171,23.067171,298128390
2024-06-19,23.058239,24.151817,22.9251,23.948961,23.948961,150265966
2024-06-20,23.948961,24.772312,23.792646,24.048656,24.048656,149369998
2024-06-21,24.048235,24.07509,23.186405,23.536007,23.536007,145767984
2024-06-22,23.536833,23.624954,23.302275,23.372034,23.372034,81628450
2024-06-23,23.371651,23.520882,22.575026,22.637993,22.637993,94760566
2024-06-24,22.640118,23.014446,22.038937,22.987734,22.987734,192471786
2024-06-25,22.98871,23.70647,22.900778,23.484547,23.484547,118967394
2024-06-26,23.48391,23.941511,23.293325,23.673,23.673,100541129
2024-06-27,23.671839,24.351679,23.134766,24.040548,24.040548,115219630
2024-06-28,24.041628,24.386057,23.353594,23.35907,23.35907,115583830
2024-06-29,23.36031,23.697174,23.091761,23.109632,23.109632,75813364
2024-06-30,23.109829,23.828993,22.710253,23.668491,23.668491,88703594
2024-07-01,23.66205,24.021999,23.179928,23.215845,23.215845,110226001
2024-07-02,23.214741,23.413473,22.953426,23.252089,23.252089,92175875
2024-07-03,23.252808,23.301313,22.314857,22.546047,22.546047,228817003
2024-07-04,22.541656,22.600683,20.737047,20.775536,20.775536,208511818
2024-07-05,20.768435,20.781933,18.229471,20.254847,20.254847,372878714
2024-07-06,20.250204,21.28681,20.082129,21.207142,21.207142,131894285
2024-07-07,21.203787,21.226053,19.670179,19.75034,19.75034,131264097
2024-07-08,19.750814,21.08799,18.971012,20.400549,20.400549,203991016
2024-07-09,20.399189,20.975632,20.308115,20.624428,20.624428,128967917
2024-07-10,20.624727,21.189285,20.456043,21.002131,21.002131,113474070
2024-07-11,21.002234,21.695272,20.609325,20.664009,20.664009,125315853
2024-07-12,20.663216,21.733589,20.533522,21.470861,21.470861,118074072
2024-07-13,21.470875,22.526615,21.458696,22.415607,22.415607,147844922
2024-07-14,22.412161,22.722153,22.189156,22.578892,22.578892,120578220
2024-07-15,22.580036,23.966261,22.545141,23.919535,23.919535,163997450
2024-07-16,23.916452,23.974264,22.83359,23.579149,23.579149,201651464
2024-07-17,23.582417,23.894346,22.926485,22.978439,22.978439,166969627
2024-07-18,22.977777,23.440823,22.597082,23.019087,23.019087,143155284
2024-07-19,23.017595,23.683302,22.597513,23.630808,23.630808,145818104
2024-07-20,23.630827,24.205233,23.418833,23.934381,23.934381,122549997
2024-07-21,23.934414,24.324047,22.980989,24.167196,24.167196,153498540
2024-07-22,24.166492,24.291601,23.149988,23.442038,23.442038,378104764
2024-07-23,23.442038,25.039095,23.442038,24.049177,24.049177,385636773
2024-07-24,24.049728,24.086786,22.692736,22.873642,22.873642,168623054
2024-07-25,22.873846,22.932611,21.313198,22.09387,22.09387,189504984
2024-07-26,22.093748,22.979143,22.075535,22.935356,22.935356,120868369
2024-07-27,22.935841,23.271305,22.646261,22.847073,22.847073,121598211
2024-07-28,22.846807,22.920219,22.418205,22.646202,22.646202,92039883
2024-07-29,22.64633,23.534225,22.610413,22.870733,22.870733,139044273
2024-07-30,22.870062,23.028021,22.052725,22.243355,22.243355,110570756
2024-07-31,22.243057,22.544376,21.680391,21.782871,21.782871,109821320
2024-08-01,21.783838,22.147438,20.477222,21.564363,21.564363,163205879
2024-08-02,21.564363,21.583878,20.141895,20.204199,20.204199,159278750
2024-08-03,20.204199,20.567139,19.174582,19.660519,19.660519,146663558
2024-08-04,19.660519,19.845251,18.383148,18.90181,18.90181,148363980
2024-08-05,18.90181,18.991644,15.810763,17.685778,17.685778,452351744
2024-08-06,17.685364,18.571239,17.670528,18.130812,18.130812,176462037
2024-08-07,18.130783,18.54043,17.772507,18.146023,18.146023,181745421
2024-08-08,18.146099,20.011217,17.925896,19.861681,19.861681,182517083
2024-08-09,19.861681,19.885508,18.953711,19.431931,19.431931,129552842
2024-08-10,19.431931,19.611027,19.284767,19.360434,19.360434,77443181
2024-08-11,19.360613,19.725782,18.399965,18.421486,18.421486,107846772
2024-08-12,18.421486,19.239698,18.244665,19.182728,19.182728,123086230
2024-08-13,19.182728,19.258902,18.731474,19.165302,19.165302,98576625
2024-08-14,19.166529,19.281082,18.559769,18.848219,18.848219,113439182
2024-08-15,18.848219,19.132116,18.334204,18.549475,18.549475,108197364
2024-08-16,18.549475,18.876427,18.35498,18.748775,18.748775,95051637
2024-08-17,18.748775,18.922911,18.595486,18.761353,18.761353,58976352
2024-08-18,18.761353,19.163336,18.58169,18.582972,18.582972,71321052
2024-08-19,18.582972,19.031027,18.54211,18.962646,18.962646,84767804
2024-08-20,18.962646,19.393398,18.705685,18.888964,18.888964,308469669
2024-08-21,18.888964,19.597935,18.79912,19.484055,19.484055,95078609
2024-08-22,19.484055,19.595915,19.288748,19.492855,19.492855,77025122
2024-08-23,19.492855,20.828192,19.492743,20.592445,20.592445,112153776
2024-08-24,20.592113,20.97224,20.415068,20.635164,20.635164,91794622
2024-08-25,20.635164,20.67581,19.914371,20.122183,20.122183,91087484
2024-08-26,20.122183,20.250458,19.402239,19.471968,19.471968,96701839
2024-08-27,19.471968,19.590729,17.959986,18.309734,18.309734,115524621
2024-08-28,18.309734,19.069111,18.147701,18.591957,18.591957,124764996
2024-08-29,18.591957,18.934713,18.332781,18.472271,18.472271,80837437
2024-08-30,18.472271,18.609053,17.969671,18.578594,18.578594,87162051
2024-08-31,18.578594,18.608301,18.234035,18.397429,18.397429,44893911
2024-09-01,18.397429,18.402092,17.51045,17.633566,17.633566,83132738
2024-09-02,17.633566,18.399063,17.543751,18.274233,18.274233,86135248
2024-09-03,18.274233,18.401646,17.65414,17.65414,17.65414,72447167
2024-09-04,17.65414,18.277639,17.018251,18.065487,18.065487,102773873
2024-09-05,18.065504,18.150026,17.472977,17.598907,17.598907,83967275
2024-09-06,17.598907,17.842108,16.812035,17.286203,17.286203,201172573
2024-09-07,17.286203,17.738863,17.250587,17.621895,17.621895,93816353
2024-09-08,17.621895,17.996716,17.568913,17.935143,17.935143,59558195
2024-09-09,17.935352,18.518459,17.826494,18.343801,18.343801,84839604
2024-09-10,18.343801,18.709036,18.152134,18.573372,18.573372,76513455
2024-09-11,18.573372,18.581097,17.96472,18.464497,18.464497,86302923
2024-09-12,18.464497,18.618784,18.335567,18.548622,18.548622,78582891
2024-09-13,18.548622,18.911482,18.25926,18.862608,18.862608,83150418
2024-09-14,18.862608,18.880169,18.521519,18.602705,18.602705,72983440
2024-09-15,18.602705,18.641205,17.758493,17.816959,17.816959,78354240
2024-09-16,17.816959,17.879396,17.513493,17.741636,17.741636,86997329
2024-09-17,17.741636,18.210714,17.635675,17.990213,17.990213,91170318
2024-09-18,17.990213,18.290325,17.513718,18.289248,18.289248,111710740
2024-09-19,18.289248,19.14135,18.289248,18.798281,18.798281,123757889
2024-09-20,18.798281,19.248793,18.591187,18.984858,18.984858,131900172
2024-09-21,18.984858,19.427706,18.874725,19.387779,19.387779,88869676
2024-09-22,19.387779,19.462723,18.488859,18.908186,18.908186,98712649
2024-09-23,18.908186,19.378263,18.635609,19.119347,19.119347,123292387
2024-09-24,19.119347,19.499298,18.85491,19.424875,19.424875,111169393
2024-09-25,19.424875,19.800508,19.270655,19.2964,19.2964,122165836
2024-09-26,19.296362,20.342546,19.066898,20.303762,20.303762,150696445
2024-09-27,20.303762,21.041037,20.256874,20.847507,20.847507,130915801
2024-09-28,20.84754,20.948505,20.215603,20.575834,20.575834,107257903
2024-09-29,20.575834,20.694996,20.188576,20.450212,20.450212,99322616
2024-09-30,20.450212,20.467079,19.363241,19.46925,19.46925,124128655
2024-10-01,19.46925,19.828611,18.119188,18.425423,18.425423,185788786
2024-10-02,18.425423,18.716688,17.796446,17.94956,17.94956,144196751
2024-10-03,17.94956,18.606646,17.828651,18.514149,18.514149,168953213
2024-10-04,18.514149,18.902477,18.380535,18.767237,18.767237,101415286
2024-10-05,18.767237,18.836897,18.3598,18.547552,18.547552,68361398
2024-10-06,18.547552,18.873844,18.458429,18.750303,18.750303,69535143
2024-10-07,18.750303,19.110394,18.57308,18.575083,18.575083,104965002
2024-10-08,18.575083,18.830513,18.197662,18.331409,18.331409,93252229
2024-10-09,18.331409,18.506739,17.954008,18.106911,18.106911,85330824
2024-10-10,18.106911,18.33135,17.886827,18.176922,18.176922,83994707
2024-10-11,18.176922,18.700335,18.15881,18.562872,18.562872,81660924
2024-10-12,18.562872,18.910591,18.495117,18.768692,18.768692,67564130
2024-10-13,18.768692,18.817835,18.290207,18.543957,18.543957,66402229
2024-10-14,18.543957,19.590126,18.397955,19.479387,19.479387,112771591
2024-10-15,19.479387,19.649439,18.727024,19.340805,19.340805,149055455
2024-10-16,19.340805,19.728109,19.195539,19.369314,19.369314,107110153
2024-10-17,19.369314,19.58157,18.784655,19.03273,19.03273,101003672
2024-10-18,19.03273,19.387756,18.998137,19.354561,19.354561,81923132
2024-10-19,19.354561,19.898149,19.217094,19.894627,19.894627,82220890
2024-10-20,19.894627,20.294716,19.565092,20.159779,20.159779,96526632
2024-10-21,20.159779,20.252258,19.352238,19.41754,19.41754,118051984
2024-10-22,19.41754,19.502563,18.882656,19.042665,19.042665,88746731
2024-10-23,19.042665,19.060225,18.226645,18.598856,18.598856,107127410
2024-10-24,18.628578,18.987209,18.445534,18.861567,18.861567,81178806
2024-10-25,18.861567,19.441868,17.705177,18.175863,18.175863,191516354
2024-10-26,18.175863,18.47147,18.009483,18.205812,18.205812,85435823
2024-10-27,18.205812,18.515596,18.054907,18.395817,18.395817,64405335
2024-10-28,18.395817,19.090948,18.140017,18.985975,18.985975,102595675
2024-10-29,18.985975,19.508406,18.974819,19.426254,19.426254,112903305
2024-10-30,19.426254,19.791208,19.154526,19.458033,19.458033,121005127
2024-10-31,19.458033,19.485687,18.438343,18.592287,18.592287,112829734
2024-11-01,18.592329,18.978085,18.189112,18.457861,18.457861,120333414
2024-11-02,18.457861,18.604231,18.011944,18.099976,18.099976,64458463
2024-11-03,18.099976,18.149195,17.443287,17.786804,17.786804,106256608
2024-11-04,17.786804,17.955591,17.339569,17.592512,17.592512,91968388
2024-11-05,17.592512,18.313644,17.537983,18.229683,18.229683,88995250
2024-11-06,18.229683,19.71397,18.226923,19.709763,19.709763,233034776
2024-11-07,19.709763,20.689157,19.541964,20.276489,20.276489,230984114
2024-11-08,20.276489,20.524,19.883551,20.443678,20.443678,159475765
2024-11-09,20.443678,22.051884,20.162104,21.776987,21.776987,215074238
2024-11-10,21.779268,24.105776,21.307632,23.066057,23.066057,547718449
2024-11-11,23.066057,24.423599,22.286673,24.329742,24.329742,479097039
2024-11-12,24.329742,24.556362,21.953566,22.850761,22.850761,691785100
2024-11-13,22.850761,23.077719,21.219496,22.086519,22.086519,445800729
2024-11-14,22.086519,22.714226,21.431284,21.770563,21.770563,379052659
2024-11-15,21.770563,23.483912,21.610073,23.031675,23.031675,384969170
2024-11-16,22.983896,28.560663,22.88685,26.7125,26.7125,1340835765
2024-11-17,26.7125,29.958067,25.209372,25.81916,25.81916,1438539064
2024-11-18,25.81916,27.362995,25.625069,27.107452,27.107452,554503641
2024-11-19,27.107452,27.589785,25.606411,26.162565,26.162565,306572802
2024-11-20,26.162565,26.638985,24.768629,25.373652,25.373652,314660569
2024-11-21,25.373734,28.48642,24.701969,27.40041,27.40041,804672487
2024-11-22,27.400927,28.610132,26.868147,28.49765,28.49765,561727088
2024-11-23,28.49765,31.208012,28.391733,29.622818,29.622818,919830563
2024-11-24,29.622818,30.618437,27.295738,28.858877,28.858877,649097776
2024-11-25,28.858992,31.841248,27.899958,29.809553,29.809553,1048252578
2024-11-26,29.809525,30.339197,27.493347,28.35216,28.35216,526693907
2024-11-27,28.35216,33.261509,27.899376,32.988922,32.988922,964969753
2024-11-28,32.988922,33.411766,31.374327,31.949133,31.949133,952322406
2024-11-29,31.949142,32.370773,31.068178,31.959078,31.959078,393273803
2024-11-30,31.959078,33.932278,31.729347,32.741894,32.741894,814983332
2024-12-01,32.74173,33.513626,31.710602,33.213421,33.213421,483205962
2024-12-02,33.213432,34.515179,31.18438,33.845745,33.845745,1069174132
2024-12-03,33.847496,35.285896,31.264851,34.771423,34.771423,1230032723
2024-12-04,34.771336,38.839474,34.712681,37.68626,37.68626,1557913229
2024-12-05,37.68626,37.956512,35.33522,35.898613,35.898613,973888363
2024-12-06,35.63728,39.915676,34.374138,38.431686,38.431686,1165561569
2024-12-07,38.426056,38.608837,36.899452,37.306061,37.306061,499360560
2024-12-08,37.49165,37.589558,35.869225,37.154095,37.154095,361578594
2024-12-09,37.154095,37.154095,29.526365,31.431873,31.431873,931260251
2024-12-10,31.431873,32.168667,28.023912,30.23348,30.23348,885237803
2024-12-11,30.23385,34.037258,28.935177,33.553596,33.553596,735908544
2024-12-12,33.553596,35.127464,33.330982,33.827351,33.827351,730499006
2024-12-13,33.827351,34.764877,33.177593,34.02784,34.02784,504926630
2024-12-14,34.02784,34.22263,31.878626,32.551636,32.551636,344301247
2024-12-15,32.551636,33.854809,32.237934,33.704178,33.704178,346923862
2024-12-16,33.704178,35.012466,32.149769,33.210892,33.210892,622590160
2024-12-17,33.210892,33.953655,32.07888,32.41613,32.41613,439298160
2024-12-18,32.416454,32.613373,29.334311,29.38501,29.38501,520652731
2024-12-19,29.38501,29.898521,26.12137,26.81922,26.81922,650152382
2024-12-20,26.81922,27.549732,23.549217,27.42594,27.42594,700106932
2024-12-21,27.42594,28.510195,25.732277,26.04517,26.04517,354928790
2024-12-22,26.04517,26.636358,25.321493,25.951639,25.951639,246943697
2024-12-23,25.951639,27.893446,25.471382,27.486017,27.486017,281225273
2024-12-24,27.486017,28.378071,26.748627,27.940636,27.940636,252397897
2024-12-25,27.940636,28.214392,26.940899,27.288179,27.288179,207535618
2024-12-26,27.288179,27.454018,25.532616,25.832432,25.832432,225639820
2024-12-27,25.832396,27.100452,25.753149,25.926815,25.926815,204118829
2024-12-28,25.926815,26.609556,25.75787,26.535089,26.535089,138069650
2024-12-29,26.535089,26.638174,25.263317,25.527992,25.527992,150806321
2024-12-30,25.527943,26.242744,24.793379,25.412146,25.412146,200960050
2024-12-31,25.412146,25.925938,24.787054,25.014282,25.014282,156819699
2025-01-01,25.014317,25.89345,24.630281,25.757832,25.757832,194369936
2025-01-02,25.757807,27.005804,25.752846,26.877279,26.877279,235116148
2025-01-03,26.877279,28.460321,26.623125,28.427494,28.427494,230100824
2025-01-04,28.427494,28.751007,27.952793,28.386564,28.386564,213861250
2025-01-05,28.386387,28.555328,27.475739,28.117928,28.117928,165390878
2025-01-06,28.117928,29.1772,27.780727,28.656628,28.656628,222943112
2025-01-07,28.656824,28.771532,25.899414,25.941055,25.941055,291165356
2025-01-08,25.941055,26.270411,24.386818,25.273888,25.273888,280283063
2025-01-09,25.273888,25.565628,24.368246,24.873474,24.873474,227306926
2025-01-10,24.873413,25.882696,24.850746,25.690548,25.690548,218935126
2025-01-11,25.690548,25.906313,25.170132,25.547606,25.547606,237196813
2025-01-12,25.547606,25.736307,25.009705,25.257734,25.257734,147584630
2025-01-13,25.257734,25.785948,23.150709,24.57683,24.57683,235935079
2025-01-14,24.576771,25.483208,24.472473,25.391878,25.391878,144541334
2025-01-15,25.391893,27.144516,24.907623,27.127281,27.127281,202325675
2025-01-16,27.127588,27.314552,26.107067,26.700691,26.700691,199956645
2025-01-17,26.700691,28.632856,26.695499,28.293324,28.293324,210508021
2025-01-18,28.293324,28.47464,26.37541,26.924946,26.924946,214817140
2025-01-19,26.924582,28.036999,24.965055,25.369774,25.369774,408248983
2025-01-20,25.369106,27.847752,24.836494,25.782959,25.782959,397501769
2025-01-21,25.782433,27.802292,24.977863,27.116962,27.116962,246412600
2025-01-22,27.116962,27.638083,26.496996,26.810514,26.810514,197826522
2025-01-23,26.809717,29.167231,26.664089,29.039192,29.039192,585611931
2025-01-24,29.038746,29.180513,27.331783,27.352106,27.352106,329890938
2025-01-25,27.352137,27.508722,26.674494,27.049343,27.049343,163962238
2025-01-26,27.050011,27.118965,26.161802,26.235241,26.235241,145662157
2025-01-27,26.235241,26.624731,24.740997,25.950033,25.950033,278891230
2025-01-28,25.950033,26.261909,24.654383,24.968418,24.968418,140825840
2025-01-29,24.968431,25.986916,24.867132,25.510263,25.510263,171347010
2025-01-30,25.51156,26.638777,25.410528,26.289902,26.289902,130801399
2025-01-31,26.289902,27.586529,25.949537,26.821812,26.821812,209846372
2025-02-01,26.820604,27.339695,24.835142,24.989992,24.989992,164935199
2025-02-02,24.989983,25.321245,21.834414,22.482935,22.482935,304506574
2025-02-03,22.482935,22.488443,17.513048,22.054806,22.054806,703596951
2025-02-04,22.054806,22.24588,20.090076,20.69566,20.69566,264580202
2025-02-05,20.69566,21.419447,20.476498,20.704351,20.704351,154089684
2025-02-06,20.704351,21.239504,19.586952,19.697702,19.697702,158855133
2025-02-07,19.697748,20.842627,19.319111,19.804298,19.804298,166797142
2025-02-08,19.804298,20.23362,19.645054,20.141085,20.141085,109769834
2025-02-09,20.141068,20.482668,19.398184,20.191494,20.191494,122337323
2025-02-10,20.191494,20.789661,19.695412,20.662453,20.662453,130576632
2025-02-11,20.662453,21.331163,19.900833,20.251282,20.251282,139691623
2025-02-12,20.251299,21.638321,19.929523,21.37166,21.37166,177782135
2025-02-13,21.371641,21.56069,20.853628,21.152718,21.152718,135490415
2025-02-14,21.152718,21.903976,21.035994,21.402929,21.402929,133966281
2025-02-15,21.402929,21.491652,20.670252,20.808416,20.808416,102638301
2025-02-16,20.808413,20.882938,20.32445,20.440729,20.440729,93523813
2025-02-17,20.440729,21.554167,20.253317,20.883324,20.883324,151510675
2025-02-18,20.883324,20.917648,19.590071,20.150875,20.150875,159185703
2025-02-19,20.150875,21.241385,19.997511,21.177731,21.177731,135421517
2025-02-20,21.177731,21.58584,20.735294,20.956409,20.956409,142113053
2025-02-21,20.956289,21.605892,19.917379,20.187654,20.187654,180557149
2025-02-22,20.187654,20.759199,20.073942,20.486162,20.486162,125517145
2025-02-23,20.486162,21.021502,20.471821,20.788483,20.788483,103832481
2025-02-24,20.784628,20.872799,18.567453,18.619144,18.619144,185405126
2025-02-25,18.619144,19.069458,17.510252,18.86655,18.86655,266681402
2025-02-26,18.86655,19.155304,18.094975,18.705526,18.705526,148750218
2025-02-27,18.705526,19.13905,18.286407,18.700317,18.700317,129155682
2025-02-28,18.700205,19.603533,17.679707,19.556334,19.556334,252887337
2025-03-01,19.556362,19.730719,18.830347,19.049152,19.049152,120799691
2025-03-02,19.049152,21.187822,18.897381,20.982513,20.982513,223351276
2025-03-03,20.982498,20.989172,18.491573,18.702591,18.702591,203759545
2025-03-04,18.702591,19.174263,17.883457,18.952728,18.952728,192739145
2025-03-05,18.953529,20.817284,18.853094,20.523502,20.523502,170107060
2025-03-06,20.523502,21.324102,19.876848,19.985874,19.985874,174431210
2025-03-07,19.985874,21.209681,19.265516,20.362858,20.362858,225357625
2025-03-08,20.363043,20.576572,19.504026,20.212061,20.212061,115024257
2025-03-09,20.212055,20.43289,17.712366,17.914574,17.914574,142189897
2025-03-10,17.91139,18.720459,16.77107,16.91116,16.91116,196372344
2025-03-11,16.910469,18.162046,15.99701,17.832836,17.832836,172469806
2025-03-12,17.832836,18.32641,17.300129,17.990187,17.990187,106185596
2025-03-13,17.990187,18.092474,17.420221,17.893349,17.893349,103593189
2025-03-14,17.893349,18.46427,17.847198,18.003599,18.003599,112003255
2025-03-15,18.003387,18.216938,17.86594,17.958206,17.958206,86420171
2025-03-16,17.958199,18.052879,17.243496,17.479427,17.479427,92103074
2025-03-17,17.479427,18.1399,17.47336,17.848825,17.848825,97171575
2025-03-18,17.848825,17.848825,17.263926,17.691587,17.691587,130227802
2025-03-19,17.691587,18.585468,17.689514,18.55652,18.55652,158151927
2025-03-20,18.556152,18.594515,17.608295,17.859451,17.859451,104218604
2025-03-21,17.860159,17.969925,17.526302,17.701101,17.701101,89776955
2025-03-22,17.701113,17.979027,17.633551,17.647982,17.647982,73537081
2025-03-23,17.647978,17.82333,17.54784,17.793901,17.793901,74610205
2025-03-24,17.793901,18.399096,17.664572,18.289677,18.289677,108566176
2025-03-25,18.289692,18.655975,18.062077,18.428398,18.428398,86204438
2025-03-26,18.428398,18.663242,17.840824,18.007259,18.007259,92782228
2025-03-27,18.007259,18.294611,17.730204,17.788176,17.788176,86106737
2025-03-28,17.788153,17.936054,16.869719,17.146053,17.146053,101268364
2025-03-29,17.146059,17.236141,16.390339,16.601978,16.601978,70739332
2025-03-30,16.601673,16.844749,16.254766,16.48015,16.48015,66954544
2025-03-31,16.480097,16.949068,16.247248,16.786446,16.786446,94315384
2025-04-01,16.786434,17.255222,16.694021,16.908295,16.908295,93468462
2025-04-02,16.908302,17.245741,15.874147,16.120985,16.120985,134804776
2025-04-03,16.120752,16.889517,15.604671,16.220425,16.220425,120323408
2025-04-04,16.220407,16.466818,15.793811,16.229471,16.229471,89830649
2025-04-05,16.229471,16.37089,15.717072,15.880665,15.880665,68424462
2025-04-06,15.881079,15.965283,13.878175,14.133412,14.133412,136191574
2025-04-07,14.133097,14.788694,12.876909,14.514539,14.514539,252938354
2025-04-08,14.514539,14.940401,14.000535,14.056871,14.056871,97947439
2025-04-09,14.056871,15.532111,13.620919,15.301083,15.301083,146921089
2025-04-10,15.301083,15.301216,14.255691,14.80009,14.80009,88463023
2025-04-11,14.800454,15.231229,14.759003,15.169492,15.169492,75230257
2025-04-12,15.169492,15.776974,15.082642,15.531542,15.531542,80368979
2025-04-13,15.531542,15.701181,15.048702,15.229037,15.229037,81284856
2025-04-14,15.229113,15.798225,15.220633,15.225095,15.225095,95716616
2025-04-15,15.225277,15.368474,14.841309,14.854529,14.854529,81920947
2025-04-16,14.854329,15.077888,14.601742,14.851108,14.851108,87169285
2025-04-17,14.851108,15.195211,14.737288,15.063632,15.063632,68102566
2025-04-18,15.065524,15.569613,15.008934,15.432672,15.432672,62734559
2025-04-19,15.432672,16.03698,15.432534,15.956114,15.956114,72833838
2025-04-20,15.956113,16.085276,15.782236,16.06801,16.06801,72435396
2025-04-21,16.06801,16.311575,15.533282,15.610109,15.610109,86972951
2025-04-22,15.610027,16.744963,15.365596,16.675083,16.675083,114031847
2025-04-23,16.674894,17.042501,16.585432,16.782738,16.782738,111156946
2025-04-24,16.782799,16.818251,16.165497,16.752399,16.752399,86463052
2025-04-25,16.752399,17.414255,16.599815,17.250443,17.250443,107112381
2025-04-26,17.250637,17.518543,16.906704,17.050428,17.050428,86885110
2025-04-27,17.050428,17.635948,16.583063,16.586521,16.586521,104189854
2025-04-28,16.587433,17.090605,16.291714,16.995129,16.995129,89330250
2025-04-29,16.995129,17.523573,16.657375,16.728729,16.728729,106321118
2025-04-30,16.728725,16.876308,16.257664,16.513252,16.513252,81350016
2025-05-01,16.513288,17.089998,16.513165,16.895693,16.895693,74250436
2025-05-02,16.895985,17.326517,16.892069,17.205612,17.205612,72868492
2025-05-03,17.205593,17.247198,16.484285,16.642113,16.642113,64995355
2025-05-04,16.642113,16.744682,15.925992,16.010334,16.010334,74992862
2025-05-05,16.010485,16.222351,15.792837,16.025131,16.025131,82718505
2025-05-06,16.025118,16.28503,15.611835,16.248034,16.248034,80364130
2025-05-07,16.248234,16.45668,15.845161,16.191517,16.191517,89907067
2025-05-08,16.191475,18.645119,16.191397,18.581472,18.581472,173620212
2025-05-09,18.581472,19.692362,18.399466,19.200544,19.200544,195750041
2025-05-10,19.200544,20.738184,19.017126,20.699253,20.699253,171524063
2025-05-11,20.698732,20.745834,19.562971,19.938099,19.938099,145266738
2025-05-12,19.937897,20.813166,19.282936,19.767712,19.767712,179693454
2025-05-13,19.767712,20.975576,18.980583,20.700073,20.700073,159814835
2025-05-14,20.700073,20.964521,19.706451,19.886185,19.886185,136383834
2025-05-15,19.886189,20.055891,18.587912,18.915854,18.915854,146182366
2025-05-16,18.915865,19.365795,18.595226,18.704775,18.704775,145060964
2025-05-17,18.704775,18.729479,17.924133,18.119406,18.119406,144816792
2025-05-18,18.119406,19.073797,17.756689,18.750654,18.750654,169034530
2025-05-19,18.750654,18.751289,17.395376,18.532948,18.532948,160068298
2025-05-20,18.532948,18.798138,17.923309,18.406235,18.406235,125280442
2025-05-21,18.406448,19.273602,18.277592,19.003662,19.003662,147355340
2025-05-22,19.003662,19.88262,18.999153,19.684578,19.684578,143117896
2025-05-23,19.684256,20.12245,18.438156,18.477497,18.477497,141405876
2025-05-24,18.477497,18.810646,18.337929,18.411489,18.411489,78933457
2025-05-25,18.411489,18.442087,17.869839,18.353172,18.353172,75959804
2025-05-26,18.353172,18.719551,18.113789,18.236036,18.236036,84580824
2025-05-27,18.236244,18.974957,17.978973,18.636499,18.636499,91524709
2025-05-28,18.63628,18.836269,18.017117,18.428213,18.428213,92946933
2025-05-29,18.430651,19.15951,18.084442,18.106113,18.106113,108077480
2025-05-30,18.106113,18.212494,16.964203,16.964254,16.964254,119734680
2025-05-31,16.964405,17.107555,16.464424,16.949987,16.949987,86091637
2025-06-01,16.949987,17.16728,16.643879,17.090088,17.090088,66570142
2025-06-02,17.090252,17.581244,16.790001,17.571878,17.571878,69276286
2025-06-03,17.571163,17.810173,17.412203,17.5748,17.5748,66399329
2025-06-04,17.57478,17.896173,17.177782,17.279291,17.279291,70394147
2025-06-05,17.279291,17.46101,16.194841,16.333082,16.333082,93347139
2025-06-06,16.333082,16.988409,16.262583,16.718439,16.718439,85125281
2025-06-07,16.718439,17.366882,16.691544,17.234535,17.234535,68210496
2025-06-08,17.233841,17.234577,16.858397,16.944063,16.944063,72808080
2025-06-09,16.944063,17.911118,16.64283,17.884731,17.884731,81627468
2025-06-10,17.884731,18.579357,17.625402,18.505404,18.505404,107063810
2025-06-11,18.505404,18.702393,17.968153,18.098032,18.098032,100416127
2025-06-12,18.098032,18.11334,17.049185,17.164963,17.164963,94909319
2025-06-13,17.164963,17.164963,16.02516,16.911226,16.911226,134950180
2025-06-14,16.911226,16.91296,16.496126,16.65354,16.65354,67757445
2025-06-15,16.65354,16.791567,16.387909,16.680134,16.680134,56906507
2025-06-16,16.680134,17.506638,16.5072,16.969749,16.969749,80629146
2025-06-17,16.969393,17.167524,16.221182,16.508307,16.508307,83464877
2025-06-18,16.508307,16.676878,16.058315,16.534548,16.534548,76075927
2025-06-19,16.534548,16.776346,16.41647,16.725067,16.725067,70146617
2025-06-20,16.725109,16.901003,15.875276,16.118557,16.118557,81378164
2025-06-21,16.118557,16.277569,15.336114,15.543843,15.543843,95683297
2025-06-22,15.543983,15.75323,14.507298,15.173989,15.173989,134185065
2025-06-23,15.173989,16.50828,15.16123,16.415598,16.415598,89775652
2025-06-24,16.415598,16.564039,16.251606,16.431536,16.431536,72547163
2025-06-25,16.431536,16.549185,16.161224,16.229359,16.229359,72432807
2025-06-26,16.229359,16.58886,16.0611,16.119259,16.119259,72233247
2025-06-27,16.119259,16.301962,15.907618,16.196442,16.196442,72118924
2025-06-28,16.196442,16.325378,16.070986,16.281282,16.281282,49454590
2025-06-29,16.281282,17.137848,16.187254,16.971308,16.971308,64682696
2025-06-30,16.971308,16.991806,16.458693,16.589968,16.589968,60668893
2025-07-01,16.589968,16.637617,15.866646,15.945415,15.945415,56471407
2025-07-02,15.945415,17.195366,15.88381,16.964581,16.964581,76152735
2025-07-03,16.964581,17.302807,16.917946,16.982695,16.982695,68746948
2025-07-04,16.982695,17.022776,16.116512,16.287342,16.287342,59914188
2025-07-05,16.287342,16.428858,16.118711,16.368635,16.368635,40841589
2025-07-06,16.368635,16.848192,16.262938,16.639206,16.639206,46021838
2025-07-07,16.639206,16.766962,16.398342,16.637911,16.637911,51603189
2025-07-08,16.637911,17.010092,16.364428,16.948141,16.948141,85048377
2025-07-09,16.948141,17.765919,16.804853,17.678644,17.678644,86457334
2025-07-10,17.678644,18.537897,17.493483,18.500902,18.500902,121044672
2025-07-11,18.500902,18.883369,18.046244,18.26811,18.26811,155819834
2025-07-12,18.26811,18.519615,17.779003,18.140228,18.140228,96233390
2025-07-13,18.140228,18.663109,18.083755,18.458712,18.458712,75372188
2025-07-14,18.458712,19.181459,18.32992,18.547083,18.547083,129770156
2025-07-15,18.547083,19.054573,17.839172,19.030352,19.030352,134037470
2025-07-16,19.030352,20.326345,18.941795,19.880848,19.880848,248140875
2025-07-17,19.880848,20.423967,19.37664,20.291655,20.291655,216900573
2025-07-18,20.291655,24.928734,20.178398,23.122232,23.122232,931349045
2025-07-19,23.122444,25.682249,22.535824,24.334406,24.334406,711852191
2025-07-20,24.332323,25.507515,24.008863,24.733217,24.733217,548303985
2025-07-21,24.733217,24.91238,23.678225,24.030195,24.030195,331227630
2025-07-22,24.030195,24.756771,23.00576,24.258223,24.258223,343543232
2025-07-23,24.258223,24.461592,22.005514,22.563614,22.563614,316600662
2025-07-24,22.563747,23.307304,21.448727,22.274801,22.274801,296708080
2025-07-25,22.274801,22.722488,21.579376,22.721449,22.721449,208453252
2025-07-26,22.72023,23.328699,22.498775,22.809975,22.809975,149745599
2025-07-27,22.809975,23.414154,22.506607,23.301636,23.301636,160867276
2025-07-28,23.301636,23.753628,21.803118,21.831661,21.831661,212204292
2025-07-29,21.828962,22.409733,21.486526,21.760857,21.760857,135155144
2025-07-30,21.760857,21.903513,20.674372,21.390064,21.390064,162133735
2025-07-31,21.390064,21.830959,20.590754,20.601158,20.601158,128650508
2025-08-01,20.601158,20.611715,19.439503,19.805326,19.805326,202167956
2025-08-02,19.805153,20.05093,19.048914,19.183838,19.183838,132213601
2025-08-03,19.183838,20.071238,19.043999,19.86651,19.86651,301083474
2025-08-04,19.86651,21.034151,19.865761,20.940884,20.940884,130189122
2025-08-05,20.940866,21.081114,19.875858,20.16964,20.16964,159846947
2025-08-06,20.16964,20.423447,19.746758,20.289379,20.289379,113342646
2025-08-07,20.289379,21.53816,20.123569,21.532049,21.532049,175270929
2025-08-08,21.532093,22.672253,21.298803,22.399408,22.399408,375596905
2025-08-09,22.399408,23.85347,22.396603,23.659939,23.659939,314742236
2025-08-10,23.659939,24.306112,22.659044,23.195711,23.195711,310926829
2025-08-11,23.195711,23.662155,22.117302,22.261393,22.261393,233473579
2025-08-12,22.261393,23.881163,21.942537,23.621777,23.621777,252398021
2025-08-13,23.621777,24.419487,23.348282,24.300066,24.300066,289586041
2025-08-14,24.300066,24.421585,21.870365,22.202576,22.202576,335758881
2025-08-15,22.202576,22.684511,21.592445,22.200855,22.200855,169749328
2025-08-16,22.200855,22.454636,22.018501,22.386993,22.386993,102378948
2025-08-17,22.386972,22.929466,22.24589,22.24589,22.24589,124902998
2025-08-18,22.24589,22.280663,21.20948,21.523109,21.523109,169956847
2025-08-19,21.523109,21.732426,20.497269,20.499949,20.499949,149715396
2025-08-20,20.499949,21.653849,20.458248,21.524576,21.524576,122935881
2025-08-21,21.524576,21.666965,20.88118,20.999937,20.999937,104331730
2025-08-22,20.999937,25.335325,20.593704,24.479399,24.479399,589427022
2025-08-23,24.480463,24.739929,23.780802,24.200903,24.200903,259126492
2025-08-24,24.200666,24.387016,22.975479,23.248413,23.248413,291776769
2025-08-25,23.248413,23.310698,20.941839,21.090832,21.090832,277942374
2025-08-26,21.090832,21.823236,21.000582,21.682743,21.682743,213117671
2025-08-27,21.683203,21.980257,21.425167,21.476019,21.476019,153093628
2025-08-28,21.476221,21.936916,21.390587,21.682539,21.682539,131993847
2025-08-29,21.682302,21.706825,20.547928,20.937065,20.937065,159108371
2025-08-30,20.937065,21.085445,20.609318,20.947176,20.947176,83940862
2025-08-31,20.947176,21.206104,20.694008,20.694141,20.694141,97349485
2025-09-01,20.694141,21.248831,20.153271,20.485899,20.485899,155580839
2025-09-02,20.486095,20.907232,20.317234,20.800043,20.800043,120877301
2025-09-03,20.800043,21.150583,20.622667,20.83839,20.83839,102508433
2025-09-04,20.83839,20.914196,20.056725,20.20779,20.20779,107915579
2025-09-05,20.207611,20.932514,20.200294,20.36656,20.36656,131701911
2025-09-06,20.36656,20.430111,20.074856,20.209406,20.209406,74866957
2025-09-07,20.209406,20.555309,20.209131,20.479427,20.479427,82369815
2025-09-08,20.479427,21.059614,20.378258,20.75658,20.75658,108343675
2025-09-09,20.75658,21.11138,20.347603,20.480616,20.480616,130552186
2025-09-10,20.480005,21.118528,20.388105,20.943401,20.943401,134446474
2025-09-11,20.943401,21.522335,20.889559,21.427586,21.427586,133485998
2025-09-12,21.427427,22.009909,21.283966,21.997585,21.997585,130684902
2025-09-13,21.997761,22.495283,21.825893,22.071796,22.071796,193376641
2025-09-14,22.071796,22.094627,20.968376,21.157084,21.157084,167736100
2025-09-15,21.157084,21.382421,20.203903,20.371948,20.371948,181515537
2025-09-16,20.372129,20.592724,20.163933,20.529007,20.529007,161935437
2025-09-17,20.528807,21.021877,20.141621,20.893581,20.893581,170330245
2025-09-18,20.893581,21.186747,20.712406,20.997595,20.997595,143286250
2025-09-19,20.997595,21.175623,20.068434,20.197969,20.197969,141811933
2025-09-20,20.197969,20.424231,20.125786,20.192631,20.192631,84141963
2025-09-21,20.192631,20.30864,19.84564,19.913774,19.913774,114612852
2025-09-22,19.912821,19.94212,18.144871,18.707073,18.707073,247954881
2025-09-23,18.707073,19.086061,18.451174,18.81798,18.81798,96948001
2025-09-24,18.81798,19.078579,18.518187,18.613146,18.613146,135449211
2025-09-25,18.613342,18.668175,17.641947,17.873001,17.873001,135930805
2025-09-26,17.873001,18.537001,17.756763,18.409029,18.409029,99178204
2025-09-27,18.409029,18.40955,18.064217,18.259834,18.259834,62246916
2025-09-28,18.259834,18.569437,17.884739,18.534195,18.534195,87562113
2025-09-29,18.534872,18.717705,18.167471,18.647505,18.647505,93976182
2025-09-30,18.647324,18.676723,18.066671,18.43458,18.43458,92817274
2025-10-01,18.43458,19.562592,18.219683,19.538176,19.538176,134421715
2025-10-02,19.538553,20.083002,19.452286,20.054005,20.054005,159056587
2025-10-03,20.054005,20.191448,19.501797,19.948908,19.948908,119285818
2025-10-04,19.948908,19.990505,19.267565,19.453085,19.453085,78394205
2025-10-05,19.453072,20.269711,19.340275,19.422073,19.422073,127542414
2025-10-06,19.421888,20.196871,19.358465,20.000448,20.000448,105646083
2025-10-07,20.000448,20.103525,18.989595,19.046551,19.046551,151435980
2025-10-08,19.046551,19.808582,18.966696,19.63982,19.63982,105058842
2025-10-09,19.63982,19.650806,18.701067,19.192196,19.192196,125304916
2025-10-10,19.19215,20.538349,10.236784,14.375882,14.375882,683657823
2025-10-11,14.375882,15.552033,13.927923,15.051285,15.051285,494299725
2025-10-12,15.051285,16.977917,14.758245,16.741156,16.741156,261854342
2025-10-13,16.741236,17.815691,16.551746,17.49794,17.49794,209132901
2025-10-14,17.49794,17.598545,16.107157,16.890102,16.890102,221410137
2025-10-15,16.889891,17.163504,16.201071,16.289076,16.289076,113432514
2025-10-16,16.289076,16.613747,15.667149,15.800984,15.800984,126742995
2025-10-17,15.800984,15.96022,14.706832,15.359663,15.359663,132796792
2025-10-18,15.359663,15.678123,15.298259,15.467012,15.467012,76697203
2025-10-19,15.467012,15.960773,15.174941,15.757182,15.757182,100684353
2025-10-20,15.757182,16.220573,15.474755,16.003052,16.003052,92451094
2025-10-21,16.005548,16.605989,15.512228,15.719933,15.719933,127892541
2025-10-22,15.719933,15.795325,15.105465,15.443349,15.443349,102041112
2025-10-23,15.443349,15.917061,15.410151,15.678228,15.678228,74289134
2025-10-24,15.678214,16.04356,15.639999,15.990455,15.990455,69144375
2025-10-25,15.990455,16.056253,15.829233,15.988531,15.988531,54696170
2025-10-26,15.988531,16.712223,15.83704,16.641092,16.641092,100195571
2025-10-27,16.641081,16.873934,16.35755,16.513569,16.513569,105848021
2025-10-28,16.513569,16.618828,15.743359,15.911213,15.911213,110926946
2025-10-29,15.911213,16.474901,15.865497,15.977028,15.977028,103486430
2025-10-30,15.977028,16.132223,14.881787,15.395568,15.395568,123329261
2025-10-31,15.395312,16.141562,15.380434,15.8541,15.8541,95218111
2025-11-01,15.8541,16.490736,15.819889,16.325285,16.325285,88696306
2025-11-02,16.325285,16.659203,15.94104,16.383249,16.383249,84072340
2025-11-03,16.383249,16.383478,14.623615,14.999344,14.999344,151651498
2025-11-04,14.999526,15.314722,13.614653,14.316309,14.316309,195331595
2025-11-05,14.316309,14.726823,13.654834,14.641719,14.641719,119033168
2025-11-06,14.641719,14.682814,14.010201,14.540791,14.540791,109113734
2025-11-07,14.540893,18.761665,14.539906,17.813135,17.813135,622650340
2025-11-08,17.811161,18.332846,16.095716,16.405996,16.405996,287348658
2025-11-09,16.405996,16.429897,15.821477,16.156668,16.156668,189572403
2025-11-10,16.156668,16.68667,15.992539,16.468952,16.468952,196795832
2025-11-11,16.468952,16.732298,15.604857,15.626643,15.626643,130509990
2025-11-12,15.626643,16.06295,15.120497,15.288271,15.288271,116033635
2025-11-13,15.288271,15.796951,14.746918,15.094326,15.094326,120114096
2025-11-14,15.094326,15.132815,14.49116,14.69958,14.69958,133649469
2025-11-15,14.69958,15.752797,14.69958,15.298536,15.298536,140103148
2025-11-16,15.298166,15.334108,14.328902,14.796114,14.796114,123417750
2025-11-17,14.796114,15.102106,14.08988,14.26924,14.26924,133575591
2025-11-18,14.26924,14.847204,14.107289,14.64743,14.64743,116494073
2025-11-19,14.64743,14.64743,13.640444,14.189285,14.189285,109049031
2025-11-20,14.189285,14.393733,13.390636,13.482761,13.482761,117561024
2025-11-21,13.482384,13.653527,12.867783,13.530247,13.530247,153301046
2025-11-22,13.530247,13.764829,13.233129,13.499508,13.499508,95836172
2025-11-23,13.499508,13.774704,13.462703,13.556331,13.556331,82411852
2025-11-24,13.556331,14.321309,13.449298,14.159579,14.159579,95504103
2025-11-25,14.159833,14.236083,13.735558,14.156011,14.156011,82949062
2025-11-26,14.156011,14.162522,13.708631,14.134871,14.134871,98566327
2025-11-27,14.134871,14.184777,13.840752,13.886819,13.886819,74255011
2025-11-28,13.886835,14.060929,13.622666,13.809341,13.809341,79105595
2025-11-29,13.809341,13.89582,13.587772,13.729058,13.729058,58886118
2025-11-30,13.729058,14.027977,13.657422,13.739219,13.739219,61597628
2025-12-01,13.739219,13.740256,12.699598,12.970904,12.970904,111227595
2025-12-02,12.970904,13.896558,12.862017,13.596886,13.596886,81358219
2025-12-03,13.596644,14.306226,13.554894,14.206909,14.206909,81518563
2025-12-04,14.206353,14.285621,13.589787,13.743214,13.743214,60610299
2025-12-05,13.743214,13.873013,12.992912,13.15053,13.15053,68234816
2025-12-06,13.15053,13.467792,13.105096,13.322183,13.322183,52372040
2025-12-07,13.322183,13.46136,12.833487,13.117788,13.117788,67171947
2025-12-08,13.117788,13.580204,13.077479,13.443032,13.443032,65802828
2025-12-09,13.443032,14.214416,13.246263,13.884374,13.884374,80016897
2025-12-10,13.884374,14.230343,13.568139,13.689341,13.689341,86189197
2025-12-11,13.689077,13.689077,12.975927,13.250153,13.250153,81098678
2025-12-12,13.250153,13.32369,12.694698,12.932952,12.932952,74250091
2025-12-13,12.932952,13.241375,12.932121,13.197083,13.197083,47342969
2025-12-14,13.197083,13.221094,12.713654,12.791573,12.791573,54890211
2025-12-15,12.791737,13.210871,12.134701,12.346829,12.346829,91165938
2025-12-16,12.346829,12.924065,12.110826,12.676103,12.676103,89860453
2025-12-17,12.676103,12.765621,11.937008,12.04507,12.04507,93271502
2025-12-18,12.04507,12.384301,11.497007,11.623377,11.623377,90777343
2025-12-19,11.623377,12.472195,11.545796,12.345897,12.345897,82608676
2025-12-20,12.345897,12.579811,12.299823,12.367219,12.367219,50984520
2025-12-21,12.367219,12.402692,12.021222,12.201783,12.201783,52120571
2025-12-22,12.201783,12.48766,12.1179,12.257112,12.257112,64405026
2025-12-23,12.257112,12.313979,11.918939,12.064797,12.064797,58054119
2025-12-24,12.06501,12.086335,11.816246,12.011482,12.011482,49118320
2025-12-25,12.011482,12.122857,11.658275,11.663635,11.663635,54259959
2025-12-26,11.663635,11.994018,11.570931,11.710309,11.710309,63003371
2025-12-27,11.710309,12.211022,11.660063,12.211022,12.211022,58298793
2025-12-28,12.211127,12.274729,12.019585,12.179569,12.179569,57529333
2025-12-29,12.180078,12.47299,11.868995,11.916054,11.916054,69591653
2025-12-30,11.916054,12.031742,11.818842,11.864646,11.864646,65708270
2025-12-31,11.864646,11.926529,11.324176,11.460597,11.460597,64796217
2026-01-01,11.460597,12.114446,11.447331,12.040455,12.040455,73220414
2026-01-02,12.040455,12.583657,11.905655,12.503341,12.503341,80149180
2026-01-03,12.503341,12.673208,12.284605,12.569274,12.569274,60977871
2026-01-04,12.569274,12.913246,12.565219,12.801531,12.801531,66415086
2026-01-05,12.80151,13.40048,12.795311,13.326257,13.326257,96541556
2026-01-06,13.326257,13.51177,12.802198,13.362103,13.362103,83720002
2026-01-07,13.362103,13.362357,12.714837,12.870075,12.870075,61149389
2026-01-08,12.870075,12.936136,12.34273,12.606625,12.606625,59338140
2026-01-09,12.60672,12.904835,12.50031,12.594231,12.594231,54406728
2026-01-10,12.594231,12.694292,12.461654,12.534234,12.534234,41117970
2026-01-11,12.534234,12.597416,12.225632,12.343557,12.343557,47037835
2026-01-12,12.343557,12.673348,12.142113,12.248922,12.248922,56995505
2026-01-13,12.248922,13.45031,12.233794,13.275815,13.275815,92627071
2026-01-14,13.275815,13.484245,13.083193,13.204228,13.204228,91076319
2026-01-15,13.204228,13.204469,12.452119,12.639159,12.639159,73522971
2026-01-16,12.639159,12.852351,12.296136,12.760825,12.760825,67899439
2026-01-17,12.76064,13.164392,12.706389,12.847965,12.847965,62751807
2026-01-18,12.847965,12.908554,12.246191,12.248404,12.248404,72469013
2026-01-19,12.248404,12.248648,11.58963,12.025489,12.025489,107918921
2026-01-20,12.025489,12.057972,11.446929,11.516645,11.516645,73634760
2026-01-21,11.51683,11.879703,11.343896,11.648679,11.648679,74928199
2026-01-22,11.648679,11.796183,11.425814,11.559103,11.559103,64894860
2026-01-23,11.559103,11.78767,11.510693,11.657368,11.657368,57812258
2026-01-24,11.657368,11.698743,11.542061,11.577178,11.577178,41687571
2026-01-25,11.576966,11.586014,11.010191,11.121826,11.121826,69419704
2026-01-26,11.121826,11.498169,11.118565,11.38672,11.38672,60023896
2026-01-27,11.38672,11.599833,11.209299,11.566505,11.566505,61933852
2026-01-28,11.566505,11.589364,11.407479,11.534643,11.534643,58000610
2026-01-29,11.534792,11.543265,10.588993,10.78389,10.78389,87849946
2026-01-30,10.78389,10.841641,10.426795,10.577946,10.577946,97230429
2026-01-31,10.577946,10.619851,9.4055815,9.7524385,9.7524385,136479199
2026-02-01,9.7524385,9.9037962,9.3379774,9.5153742,9.5153742,84496176
2026-02-02,9.5153742,9.894845,9.2214499,9.8161764,9.8161764,84217107
2026-02-03,9.816184,9.9004383,9.1991386,9.5275402,9.5275402,87662549
2026-02-04,9.5275402,9.7656393,9.1627331,9.3342533,9.3342533,92123984
2026-02-05,9.3342533,9.3972273,7.9312978,8.0361328,8.0361328,170121688
2026-02-06,8.0361328,8.9784584,7.3492532,8.8372068,8.8372068,162036483
2026-02-07,8.8372068,8.8822651,8.4870033,8.7832785,8.7832785,92586507
2026-02-08,8.7832785,8.7835693,8.5047531,8.5730085,8.5730085,58939425
2026-02-09,8.5729408,8.6889114,8.2213736,8.5884085,8.5884085,65596114
2026-02-10,8.5884085,8.6177197,8.2628841,8.3306751,8.3306751,59529648
2026-02-11,8.3306751,8.3818083,7.9949579,8.1280804,8.1280804,73580334
2026-02-12,8.1280804,8.3946362,8.0055122,8.2413158,8.2413158,76368410
2026-02-13,8.2413158,8.5756073,8.1091261,8.5256004,8.5256004,67175615
2026-02-14,8.5256023,9.0467739,8.5255051,9.0002327,9.0002327,74851932
2026-02-15,9.0002327,9.1410713,8.6152668,8.7268524,8.7268524,69322738
2026-02-16,8.7268524,8.8668547,8.6200542,8.8293362,8.8293362,57167906
2026-02-17,8.8295479,8.8494997,8.5951824,8.6824903,8.6824903,52509235
2026-02-18,8.6824903,8.7763376,8.3939667,8.4325314,8.4325314,49219318
2026-02-19,8.4325314,8.4738207,8.178916,8.2661219,8.2661219,52439388
2026-02-20,8.2661219,8.7608986,8.2109938,8.7603674,8.7603674,64787928
2026-02-21,8.7603674,9.7619667,8.6961727,9.0369186,9.0369186,140486295
2026-02-22,9.0371151,9.0407705,8.4726496,8.5186758,8.5186758,63422438
2026-02-23,8.5186758,8.5249643,8.142581,8.3538246,8.3538246,76554718
2026-02-24,8.3538246,8.4359694,8.1093988,8.2958698,8.2958698,64141147
2026-02-25,8.2958698,9.5928831,8.2729769,9.1251459,9.1251459,94995943
2026-02-26,9.1251268,9.2264786,8.6841974,8.8645515,8.8645515,79090274
2026-02-27,8.8645515,9.0650129,8.5240383,8.6443043,8.6443043,74268466
2026-02-28,8.64429,8.7255573,8.1413488,8.6755638,8.6755638,78139913
2026-03-01,8.6757908,8.8891354,8.3236055,8.4814081,8.4814081,67921014
2026-03-02,8.4814081,8.9420137,8.4676495,8.7178564,8.7178564,71641873
2026-03-03,8.7178516,8.7320261,8.3443909,8.5019932,8.5019932,66935940
2026-03-04,8.5019932,8.9995403,8.3702431,8.8490467,8.8490467,83577001
2026-03-05,8.8490467,8.9274187,8.5366573,8.6499472,8.6499472,73805926
2026-03-06,8.6499472,8.715764,8.1352243,8.2493067,8.2493067,63286757
2026-03-07,8.2493067,8.2581682,8.0677433,8.1156921,8.1156921,47151934
2026-03-08,8.1157064,8.1755171,7.8945951,7.984695,7.984695,58726942
2026-03-09,7.984695,8.3384542,7.9839358,8.1562271,8.1562271,58124280
2026-03-10,8.1562271,8.5242119,8.1562271,8.2357397,8.2357397,66666650
2026-03-11,8.2357397,8.4049139,8.1555128,8.2842054,8.2842054,60508430
2026-03-12,8.2842054,8.3167124,8.1149073,8.2707062,8.2707062,51955673
2026-03-13,8.2707062,8.8216372,8.2592516,8.4869165,8.4869165,75193245
2026-03-14,8.486908,8.506381,8.1947889,8.2570019,8.2570019,52974892
2026-03-15,8.2570019,8.5119524,8.2039652,8.4630356,8.4630356,56567640
2026-03-16,8.4630356,9.2122869,8.4537363,9.038064,9.038064,110639193
2026-03-17,9.038064,9.0647659,8.7731228,8.8626614,8.8626614,65337274
2026-03-18,8.8626614,8.9413605,8.3294449,8.4992828,8.4992828,62891705
2026-03-19,8.4992828,8.6271458,8.2496462,8.3423872,8.3423872,56762741
2026-03-20,8.3421869,8.4991913,8.3228331,8.4088936,8.4088936,48259666
2026-03-21,8.4088936,8.4519958,8.1767406,8.1824694,8.1824694,42681602
2026-03-22,8.1826773,8.2699108,7.9679589,8.0306082,8.0306082,53096268
2026-03-23,8.0306082,8.704896,7.9958062,8.5791864,8.5791864,72411113
2026-03-24,8.5791864,8.7046423,8.3761787,8.6574183,8.6574183,58252792
2026-03-25,8.6574183,8.7929602,8.6184139,8.669734,8.669734,57344119
2026-03-26,8.669734,8.689106,8.1511049,8.2091808,8.2091808,55730202
2026-03-27,8.2091551,8.2299614,7.9923849,8.0890789,8.0890789,55335617
2026-03-28,8.0890799,8.2219915,8.0296631,8.0312901,8.0312901,42745591
2026-03-29,8.0312843,8.076251,7.84624,7.9280772,7.9280772,48917786
2026-03-30,7.9280772,8.371438,7.927938,8.0595179,8.0595179,57477750
2026-03-31,8.0595179,8.2202921,8.0017138,8.1764936,8.1764936,48393718
2026-04-01,8.1764936,8.3500032,8.126935,8.1883564,8.1883564,45676910
2026-04-02,8.1883373,8.2533436,7.8147898,7.8730712,7.8730712,53720218
2026-04-03,7.8730712,8.1821451,7.840282,8.0831041,8.0831041,44973152
2026-04-04,8.0831041,8.9856787,8.0736694,8.6351461,8.6351461,109695078
2026-04-05,8.6351461,8.8110838,8.4205942,8.731225,8.731225,71453137
2026-04-06,8.731225,8.797761,8.3923635,8.4242811,8.4242811,55325713
2026-04-07,8.4242811,8.9319067,8.1119328,8.8555584,8.8555584,74684530
2026-04-08,8.8555183,8.864171,8.4069185,8.4194021,8.4194021,60498830
2026-04-09,8.4194021,8.5809689,8.3420439,8.4453506,8.4453506,48621086
2026-04-10,8.4453506,8.6288834,8.3999472,8.4965868,8.4965868,50622891
2026-04-11,8.4965954,8.5612726,8.2925234,8.43575,8.43575,52537115
2026-04-12,8.43575,8.4479008,8.1207552,8.1329613,8.1329613,54910814
2026-04-13,8.1329613,8.5876455,8.1326742,8.5872803,8.5872803,57110718
2026-04-14,8.5872803,8.6108484,8.2819595,8.3177271,8.3177271,63317703
2026-04-15,8.3177204,8.5312872,8.2766809,8.4464293,8.4464293,45504613
2026-04-16,8.4464293,8.8528299,8.3818893,8.748908,8.748908,71089183
2026-04-17,8.748908,8.9211702,8.5283737,8.7828979,8.7828979,68450566
2026-04-18,8.7828979,8.8198214,8.4472256,8.5114555,8.5114555,51797374
2026-04-19,8.5114555,8.5193834,8.2046242,8.2379885,8.2379885,53365940
2026-04-20,8.2379885,8.4751015,8.2370644,8.3972807,8.3972807,42134441
2026-04-21,8.3972807,8.5198231,8.2940664,8.4291658,8.4291658,47742237
2026-04-22,8.4291658,8.7340984,8.426239,8.4589682,8.4589682,52992145
2026-04-23,8.458971,8.5476904,8.35812,8.5200357,8.5200357,48650732
2026-04-24,8.5200357,8.6005392,8.4368773,8.533679,8.533679,44770863
2026-04-25,8.533679,8.5749187,8.408186,8.446558,8.446558,38940973
2026-04-26,8.446558,8.5405464,8.3985987,8.528615,8.528615,43310395
2026-04-27,8.5286188,8.6259432,8.2680712,8.3907003,8.3907003,54134622
2026-04-28,8.3907003,8.477293,8.3355904,8.3942871,8.3942871,45125977
2026-04-29,8.3942871,8.5951414,8.1694374,8.3358297,8.3358297,59354332
2026-04-30,8.3358297,8.4553413,8.2851496,8.336297,8.336297,43820535
2026-05-01,8.3361092,8.5085917,8.3356018,8.4038029,8.4038029,48676399
2026-05-02,8.4038029,8.5720749,8.4024868,8.5239344,8.5239344,40205134
2026-05-03,8.5239344,8.540904,8.4211702,8.4900408,8.4900408,41092757
2026-05-04,8.4900408,8.8480072,8.4385405,8.6831398,8.6831398,74201129
2026-05-05,8.6831398,9.0415287,8.6828737,9.0153866,9.0153866,67126364
2026-05-06,9.0153866,9.4849796,9.010066,9.3795671,9.3795671,96849129
2026-05-07,9.3793259,9.3891888,9.090579,9.2121973,9.2121973,67274896
2026-05-08,9.2121973,9.852354,9.2121973,9.7652702,9.7652702,91985240
2026-05-09,9.7652702,9.909584,9.4496021,9.585741,9.585741,62692602
2026-05-10,9.585741,10.034231,9.5637732,9.959734,9.959734,76323108
2026-05-11,9.959734,10.051725,9.6377993,9.7826128,9.7826128,65576290
2026-05-12,9.7826128,9.7832499,9.2175951,9.394248,9.394248,61172131
2026-05-13,9.394248,9.5799131,9.1379328,9.2550268,9.2550268,60294131
2026-05-14,9.2550201,9.6671934,9.1383486,9.4695301,9.4695301,60894749
2026-05-15,9.4695301,9.523139,8.9464273,9.2521467,9.2521467,62872054
2026-05-16,9.2521467,9.2849569,8.7814693,9.0397978,9.0397978,61662225
2026-05-17,9.0397978,9.1736202,8.7461338,8.8502359,8.8502359,47215515
2026-05-18,8.8502359,9.007822,8.6424999,8.9236698,8.9236698,57004362
2026-05-19,8.9236698,9.1341248,8.8011618,8.9582777,8.9582777,53045205
2026-05-20,8.9582777,9.0989571,8.8500309,8.990284,8.990284,48017135
2026-05-21,8.990284,9.0686426,8.8438234,8.9702673,8.9702673,43633520
2026-05-22,8.9702702,9.4711733,8.7341948,8.7749548,8.7749548,74418131
2026-05-23,8.7749548,9.140789,8.6161709,8.9927425,8.9927425,53602000
2026-05-24,8.9927425,9.1378222,8.7919359,8.907691,8.907691,46484109
2026-05-25,8.907712,9.1168795,8.8581686,8.9372187,8.9372187,40260343
2026-05-26,8.9372187,8.9842253,8.5808573,8.6239862,8.6239862,54200544
2026-05-27,8.6239853,8.6905165,8.4190788,8.4518366,8.4518366,47221965
2026-05-28,8.4518337,8.4556971,8.0606556,8.2392073,8.2392073,63711034
2026-05-29,8.2392149,8.2855911,8.0380058,8.194561,8.194561,52790800
2026-05-30,8.194561,8.3671188,8.1788912,8.1923552,8.1923552,39986214
2026-05-31,8.1923552,8.2626982,8.0554028,8.1717854,8.1717854,36797048
2026-06-01,8.1717854,8.2135277,7.9545698,8.073781,8.073781,53077815
2026-06-02,8.073781,8.0824251,7.4882669,7.5997739,7.5997739,61834550
2026-06-03,7.5997739,7.9330621,7.5988569,7.7240019,7.7240019,59511574
2026-06-04,7.7240019,7.7692499,7.2028742,7.251184,7.251184,63323426
2026-06-05,7.2513962,7.2765589,6.5387201,6.7779179,6.7779179,76257771
2026-06-06,6.7779179,6.866909,6.4595799,6.787961,6.787961,44605107
2026-06-07,6.787961,7.1882191,6.7818589,7.0984702,7.0984702,37737505
2026-06-08,7.0984702,7.2061801,6.9757171,7.1012349,7.1012349,34976228
2026-06-09,7.1012349,7.1051888,6.8584309,6.999167,6.999167,37098265
2026-06-10,6.999167,7.0639439,6.8184638,6.957727,6.957727,34148213
2026-06-11,6.957727,7.354311,6.9538069,7.2464318,7.2464318,37083195
2026-06-12,7.2464318,7.3140841,7.1136022,7.140161,7.140161,35322327
2026-06-13,7.140161,7.222527,7.1103158,7.1801691,7.1801691,29186337
2026-06-14,7.1801691,7.2128658,6.9418411,7.2121558,7.2121558,34055719
2026-06-15,7.2119179,7.6277981,7.156826,7.4200292,7.4200292,50734094
2026-06-16,7.4200292,7.4685879,7.2515802,7.3689718,7.3689718,35535220
2026-06-17,7.3689718,7.517149,7.224997,7.3067851,7.3067851,39036591
2026-06-18,7.3067851,7.3825588,6.9754472,7.2026529,7.2026529,38862589
2026-06-19,7.2026529,7.7400341,7.0855918,7.5961828,7.5961828,59359090
2026-06-20,7.5961828,7.6783829,7.3593402,7.4650831,7.4650831,41622054
2026-06-21,7.4643102,7.4646158,7.2736678,7.2866139,7.2866139,30156173
2026-06-22,7.2866139,7.426156,7.1331558,7.1680932,7.1680932,34190679
2026-06-23,7.1680932,7.2016358,6.8487401,7.0567021,7.0567021,47018352
2026-06-24,7.0566988,7.1534972,6.649189,6.9790359,6.9790359,56072984
2026-06-25,6.9790359,7.1511488,6.7573452,7.0227618,7.0227618,54539933
2026-06-26,7.0227618,7.352284,6.834403,7.2391338,7.2391338,45019785
2026-06-27,7.2380171,7.313498,7.106111,7.11098,7.11098,32401243
2026-06-28,7.11098,7.1252351,6.976985,7.048852,7.048852,29200668
2026-06-29,7.048852,7.1400261,6.960258,7.132122,7.132122,32656427
2026-06-30,7.132122,7.138279,6.872664,6.8852758,6.8852758,34117182
2026-07-01,6.8851991,7.0715261,6.8127532,7.0053468,7.0053468,38822865
2026-07-02,7.0053468,7.2190242,6.9764562,7.0695891,7.0695891,35545352
2026-07-03,7.0700431,7.2863441,7.0389438,7.2292318,7.2292318,34655916
2026-07-04,7.2292452,7.3755331,7.1283741,7.259088,7.259088,38213544
2026-07-05,7.2590561,7.2596021,7.0387678,7.2267551,7.2267551,35693559
2026-07-06,7.2267561,7.2306709,6.9934812,7.1159439,7.1159439,39326554
2026-07-07,7.1159401,7.1518021,6.9095149,6.9667921,6.9667921,35830458
2026-07-08,6.9667921,6.9775152,6.8294172,6.8950138,6.8950138,32034203
2026-07-09,6.8950138,7.039722,6.8780928,7.028223,7.028223,31011950
2026-07-10,7.0281911,7.1179218,7.0128942,7.0650272,7.0650272,31227319
2026-07-11,7.0650272,7.1185861,6.9663591,6.967896,6.967896,27254316
2026-07-12,6.9679108,6.9679108,6.8379812,6.84481,6.84481,34058646
2026-07-13,6.8448248,7.0596399,6.8242621,6.8722272,6.8722272,33769774
2026-07-14,6.8722272,7.1035242,6.828022,7.0953302,7.0953302,37179401
2026-07-15,7.0953789,7.1898608,6.9964099,7.077261,7.077261,32645187
2026-07-16,7.077261,7.0887618,6.922761,6.9357152,6.9357152,28186861
2026-07-17,6.9357152,7.0876098,6.8646588,7.0410032,7.0410032,30650910
2026-07-18,7.0410032,7.0624552,6.9677472,7.0069909,7.0069909,24858676
2026-07-19,7.0069909,7.0345502,6.8352761,6.9467158,6.9467158,28784360
2026-07-20,6.9467158,7.0015168,6.7386651,6.912312,6.912312,40849255
2026-07-21,6.9128909,7.0789652,6.8848,6.987452,6.987452,30353601
2026-07-22,6.987452,7.0335131,6.9058652,6.9367871,6.9367871,24297297
2026-07-23,6.9367461,6.9858861,6.8063021,6.829052,6.829052,30624118
2026-07-24,6.828959,6.8407412,6.5156202,6.5514512,6.5514512,41407656
2026-07-25,6.5514588,6.7160888,6.5442491,6.7004948,6.7004948,27978308
2026-07-26,6.7004948,7.176764,6.7004309,7.0898209,7.0898209,50573632
2026-07-27,7.0898809,7.1004219,6.7598252,6.7908201,6.7908201,33892658
2026-07-28,6.7908282,6.795588,6.6586661,6.740109,6.740109,30378304
2026-07-29,6.7401528,6.7573481,6.5910869,6.673552,6.673552,29512459
2026-07-30,6.6736131,6.806426,6.6693349,6.7665262,6.7665262,26734884
2026-07-31,6.766531,6.7897739,6.5714669,6.5983491,6.5983491,27665566
2026-08-01,6.5983539,6.7108121,6.4306631,6.5072942,6.5072942,29727003
2026-08-02,6.5072918,6.65483,6.5072832,6.6176138,6.6176138,27745471
2026-08-03,6.6175981,6.6390648,6.4858861,6.5909128,6.5909128,30150778
2026-08-04,6.590971,6.6289949,6.5572791,6.5810399,6.5810399,51984357
2026-08-05,6.5810299,6.5815349,6.4298782,6.5161929,6.5161929,31020044
2026-08-06,6.5161929,6.576952,6.3229589,6.488265,6.488265,33298537
2026-08-07,6.489069,6.5347738,6.452601,6.4756732,6.4756732,27212958
2026-08-08,6.4756732,6.574748,6.4579291,6.5096412,6.5096412,23434079
2026-08-09,6.5096259,6.5240951,6.4173608,6.4188018,6.4188018,24125452
2026-08-10,6.4188018,6.5315061,6.377974,6.3876181,6.3876181,25841550
2026-08-11,6.387641,6.430696,6.2871952,6.3757768,6.3757768,26334714
2026-08-12,6.3757901,6.4782572,6.1736112,6.2340002,6.2340002,28058670
2026-08-13,6.2339501,6.3032012,6.1929121,6.2366529,6.2366529,22826131
2026-08-14,6.2366529,6.2446718,6.1130109,6.2008662,6.2008662,23828580
2026-08-15,6.2006421,6.2805228,6.2006421,6.2108302,6.2108302,19794774
2026-08-16,6.2108302,6.219059,6.0485749,6.0994339,6.0994339,20202508
2026-08-17,6.0994339,6.2213178,6.0994191,6.1888342,6.1888342,22074657
2026-08-18,6.1888342,6.189682,6.0184312,6.0765939,6.0765939,25321068
2026-08-19,6.0765939,6.6789088,6.0500689,6.534265,6.534265,36443443
2026-08-20,6.5342011,6.9626608,6.5012498,6.96105,6.96105,45701369
2026-08-21,6.96105,8.3216085,6.9445872,8.3216085,8.3216085,77769502
2026-08-22,8.32129,9.043581,7.7082601,7.8988438,7.8988438,145286507
2026-08-23,7.8988881,8.022871,7.6410918,7.9473138,7.9473138,62238807
2026-08-24,7.9473138,7.9526701,7.6553311,7.7486949,7.7486949,53960361
2026-08-25,7.7486949,8.087183,7.5542479,7.6605682,7.6605682,61222591
2026-08-26,7.6605048,7.8939719,7.5117698,7.8886442,7.8886442,42335068
2026-08-27,7.8886709,7.9708352,7.7738142,7.8467798,7.8467798,40138360
2026-08-28,7.8467212,7.912221,7.4115462,7.5102959,7.5102959,36906250
2026-08-29,7.5104952,7.5801268,7.4620352,7.5260739,7.5260739,23032725
2026-08-30,7.5260739,7.5269561,7.120369,7.1838288,7.1838288,30872824
2026-08-31,7.1838231,7.368134,7.1294389,7.2847009,7.2847009,29341226
2026-09-01,7.2847471,7.3859472,7.196878,7.2440419,7.2440419,28587678
2026-09-02,7.2440429,7.3162909,7.1324759,7.2674742,7.2674742,26859397
2026-09-03,7.2675471,7.6819062,7.2465119,7.58848,7.58848,36632086
2026-09-04,7.5885272,7.6864839,7.3162122,7.4455838,7.4455838,36387658
2026-09-05,7.445529,7.8398991,7.431653,7.7393079,7.7393079,37813391
2026-09-06,7.7393899,7.8648558,7.6372218,7.8586168,7.8586168,34833373
2026-09-07,7.8585491,8.0292568,7.6623492,7.9072862,7.9072862,42064354
2026-09-08,7.9072862,8.8477325,7.89884,8.5983038,8.5983038,93457133
2026-09-09,8.5982304,8.9934425,7.9432101,8.0192146,8.0192146,90231021
2026-09-10,8.0190945,8.0222397,7.5762348,7.5762348,7.5762348,45592306
2026-09-11,7.5762348,8.0206938,7.43752,7.6253161,7.6253161,50178090
2026-09-12,7.62536,7.7835951,7.5950608,7.613163,7.613163,25920449
2026-09-13,7.6131649,7.6899471,7.4054098,7.4271541,7.4271541,33369667
2026-09-14,7.4271631,7.7565351,7.4269719,7.5642018,7.5642018,34216919
2026-09-15,7.5639391,7.5734568,7.1285672,7.192347,7.192347,41983947
2026-09-16,7.1924858,7.3762541,7.0934539,7.372333,7.372333,33909944
2026-09-17,7.3722172,7.5207481,7.3208208,7.5089531,7.5089531,36504549
2026-09-18,7.5087142,8.2244101,7.467001,8.1476278,8.1476278,57494200
2026-09-19,8.1476278,8.5807514,8.1395597,8.5654783,8.5654783,54477278
2026-09-20,8.5654001,8.7488852,8.2241755,8.5256109,8.5256109,51100321
2026-09-21,8.5255394,8.9693956,8.4333563,8.8777733,8.8777733,74439454
2026-09-22,8.8776608,9.4778957,8.5699558,9.4214659,9.4214659,102052873
2026-09-23,9.4214706,9.6488228,8.6753693,8.7319622,8.7319622,108657268
