Date,Open,High,Low,Close,Adj Close,Volume
2017-11-09,308.64499,329.452,307.056,320.884,320.884,893249984
2017-11-10,320.67099,324.71799,294.54199,299.25299,299.25299,885985984
2017-11-11,298.586,319.453,298.19199,314.681,314.681,842300992
2017-11-12,314.69,319.15302,298.513,307.90799,307.90799,1613479936
2017-11-13,307.02499,328.41501,307.02499,316.716,316.716,1041889984
2017-11-14,316.763,340.177,316.763,337.63101,337.63101,1069680000
2017-11-15,337.96399,340.91199,329.81299,333.35699,333.35699,722665984
2017-11-16,333.44299,336.159,323.60599,330.92401,330.92401,797254016
2017-11-17,330.16699,334.96399,327.52301,332.39401,332.39401,621732992
2017-11-18,331.98001,349.616,327.68701,347.612,347.612,649638976
2017-11-19,347.401,371.29099,344.73999,354.38599,354.38599,1181529984
2017-11-20,354.09399,372.13699,353.289,366.73001,366.73001,807027008
2017-11-21,367.44299,372.47,350.69299,360.401,360.401,949912000
2017-11-22,360.31201,381.42001,360.147,380.65201,380.65201,800819008
2017-11-23,381.439,425.548,376.08801,410.16599,410.16599,1845680000
2017-11-24,412.50101,480.97299,402.758,474.91101,474.91101,2292829952
2017-11-25,475.67599,485.19199,461.05301,466.276,466.276,1422080000
2017-11-26,465.974,472.72299,451.60599,471.32999,471.32999,1197779968
2017-11-27,471.53101,493.405,468.48499,480.35501,480.35501,1396480000
2017-11-28,480.51801,482.48001,466.34698,472.90201,472.90201,1346499968
2017-11-29,473.28101,522.30701,425.07101,427.52301,427.52301,2675940096
2017-11-30,431.215,465.49701,401.24301,447.11401,447.11401,1903040000
2017-12-01,445.20901,472.60901,428.31201,466.54001,466.54001,1247879936
2017-12-02,466.85101,476.23901,456.65302,463.44901,463.44901,943649984
2017-12-03,463.70499,482.814,451.85199,465.853,465.853,990556992
2017-12-04,466.05399,474.77701,453.31201,470.20401,470.20401,1005550016
2017-12-05,470.29401,473.55801,457.66,463.28101,463.28101,1216720000
2017-12-06,462.604,462.70801,420.20999,428.58801,428.58801,1998259968
2017-12-07,426.36899,441.397,414.41101,434.40799,434.40799,2129570048
2017-12-08,434.98901,466.06201,422.367,456.03101,456.03101,2336379904
2017-12-09,457.34399,504.147,456.25299,473.50201,473.50201,2003849984
2017-12-10,472.789,472.789,429.51401,441.72101,441.72101,1404179968
2017-12-11,440.358,516.96899,439.104,515.13599,515.13599,1771440000
2017-12-12,522.28601,657.31799,504.49399,651.43103,651.43103,5179829760
2017-12-13,644.90601,747.99298,597.79797,702.76703,702.76703,4524539904
2017-12-14,700.59399,753.12097,664.98901,695.81598,695.81598,3821580032
2017-12-15,696.37598,697.13202,621.06097,684.448,684.448,2758710016
2017-12-16,686.19202,718.38501,680.78601,696.20898,696.20898,2165690112
2017-12-17,696.237,735.82501,696.237,719.97498,719.97498,2147389952
2017-12-18,721.73199,803.92798,689.23102,794.64502,794.64502,3249230080
2017-12-19,793.901,881.94397,785.34198,826.823,826.823,4096549888
2017-12-20,827.51599,845.06201,756.00403,819.086,819.086,3969939968
2017-12-21,820.23602,880.54303,792.68903,821.06299,821.06299,3569060096
2017-12-22,822.64301,827.68298,543.76202,674.85999,674.85999,4977710080
2017-12-23,681.31598,763.89502,679.73102,719.38702,719.38702,2480339968
2017-12-24,721.76898,721.76898,614.922,694.14801,694.14801,2300549888
2017-12-25,698.87,782.521,698.87,765.83398,765.83398,2491760128
2017-12-26,763.37,786.78998,760.935,773.836,773.836,2201159936
2017-12-27,774.96997,789.25299,738.41302,762.84198,762.84198,2100029952
2017-12-28,762.20801,763.31897,701.18701,737.02301,737.02301,2389149952
2017-12-29,740.38898,770.117,729.60797,753.59198,753.59198,2648969984
2017-12-30,753.815,753.815,685.23102,717.25702,717.25702,3187780096
2017-12-31,712.21198,760.34802,710.11902,756.73297,756.73297,2554269952
2018-01-01,755.75702,782.53003,742.00403,772.64099,772.64099,2595760128
2018-01-02,772.34601,914.83002,772.34601,884.44397,884.44397,5783349760
2018-01-03,886,974.47101,868.45099,962.71997,962.71997,5093159936
2018-01-04,961.71301,1045.08,946.086,980.922,980.922,6502859776
2018-01-05,975.75,1075.39,956.32501,997.71997,997.71997,6683149824
2018-01-06,995.15399,1060.71,994.62201,1041.6801,1041.6801,4662219776
2018-01-07,1043.01,1153.17,1043.01,1153.17,1153.17,5569880064
2018-01-08,1158.26,1266.9301,1016.05,1148.53,1148.53,8450970112
2018-01-09,1146,1320.98,1145.49,1299.74,1299.74,7965459968
2018-01-10,1300.34,1417.38,1226.6,1255.8199,1255.8199,9214950400
2018-01-11,1268.09,1337.3,1135.17,1154.9301,1154.9301,7235899904
2018-01-12,1158.29,1296.04,1120.09,1273.2,1273.2,5222300160
2018-01-13,1270.47,1432.88,1270.47,1396.42,1396.42,5746760192
2018-01-14,1397.48,1400.5601,1286.21,1366.77,1366.77,4841630208
2018-01-15,1365.21,1390.59,1290.6,1291.92,1291.92,4781100032
2018-01-16,1292.63,1292.63,875.54498,1053.6899,1053.6899,8405139968
2018-01-17,1061.34,1090.23,780.922,1014.25,1014.25,8545160192
2018-01-18,1016.44,1100.3101,967.75897,1036.28,1036.28,5938319872
2018-01-19,1028.8199,1093.22,1003.71,1039.1,1039.1,4084450048
2018-01-20,1044.95,1167.11,1044.95,1155.15,1155.15,3975190016
2018-01-21,1155.6801,1155.6801,1021.5,1049.58,1049.58,3378089984
2018-01-22,1055.35,1089.1,930.74103,1003.26,1003.26,3810099968
2018-01-23,1004.17,1023.23,920.53998,986.229,986.229,3556699904
2018-01-24,987.47699,1062.4399,965.80798,1058.78,1058.78,3944039936
2018-01-25,1063.22,1104.66,1034.74,1056.03,1056.03,4050190080
2018-01-26,1052.7,1080.6,996.784,1055.17,1055.17,3617690112
2018-01-27,1055.75,1121.98,1042.12,1107.0699,1107.0699,3002870016
2018-01-28,1111.78,1257.77,1111.78,1246.01,1246.01,5372329984
2018-01-29,1246.7,1256.7,1169.08,1182.36,1182.36,3715079936
2018-01-30,1184.13,1184.63,1058.97,1071.13,1071.13,4107859968
2018-01-31,1071.09,1128.66,1034.5,1118.3101,1118.3101,3757560064
2018-02-01,1119.37,1161.35,984.81897,1036.79,1036.79,5261680128
2018-02-02,1035.77,1035.77,757.97998,915.78497,915.78497,6713290240
2018-02-03,919.211,991.94299,847.69,964.01898,964.01898,3243480064
2018-02-04,964.66699,969.03198,805.06403,834.68201,834.68201,2997090048
2018-02-05,834.95801,856.646,644.599,697.95099,697.95099,4269530112
2018-02-06,707.737,796.43903,574.41901,793.12201,793.12201,6518269952
2018-02-07,790.42798,851.20001,723.43298,757.06799,757.06799,3896179968
2018-02-08,755.84302,845.086,755.84302,817.80701,817.80701,3708189952
2018-02-09,818.47998,884.00403,788.83398,883.86499,883.86499,2495820032
2018-02-10,882.46698,917.40002,825.57703,860.41498,860.41498,2930530048
2018-02-11,859.28802,859.28802,788.22198,814.65997,814.65997,2486650112
2018-02-12,817.508,875.93701,817.508,868.70697,868.70697,2243450112
2018-02-13,869.29303,870.70898,828.83698,845.258,845.258,2081170048
2018-02-14,844.27899,926.42902,844.27899,923.56097,923.56097,2818370048
2018-02-15,923.72803,951.948,911.11102,936.97601,936.97601,2900100096
2018-02-16,934.78601,950.005,917.84802,944.21002,944.21002,2369449984
2018-02-17,944.74799,976.59497,940.75403,974.11499,974.11499,2525720064
2018-02-18,973.349,982.93298,915.44501,923.92102,923.92102,2567290112
2018-02-19,921.66803,957.77698,921.55402,943.86499,943.86499,2169019904
2018-02-20,943.56702,965.26501,892.95398,895.37097,895.37097,2545260032
2018-02-21,894.13501,912.375,830.56299,849.97101,849.97101,2531729920
2018-02-22,849.26202,875.92603,802.66803,812.84497,812.84497,2150370048
2018-02-23,811.58502,886.31799,794.79102,864.18903,864.18903,2334820096
2018-02-24,861.59302,879.53101,818.54999,840.51501,840.51501,1926579968
2018-02-25,839.45898,853.146,822.38098,844.81,844.81,1646960000
2018-02-26,845.27802,880.39203,842.31897,869.315,869.315,2044480000
2018-02-27,870.36499,896.25897,867.09698,878.26501,878.26501,2053980032
2018-02-28,877.93402,890.10797,855.12402,855.19897,855.19897,1963980032
2018-03-01,856.01202,880.302,851.91998,872.20001,872.20001,1868519936
2018-03-02,871.76398,876.37799,852.422,856.85303,856.85303,1894419968
2018-03-03,856.711,868.45398,855.20697,857.22498,857.22498,1699369984
2018-03-04,856.18597,867.95001,840.28003,866.67798,866.67798,1697939968
2018-03-05,866.84601,869.91998,853.52002,853.68402,853.68402,1898489984
2018-03-06,853.81702,853.81702,809.93103,816.95099,816.95099,1943069952
2018-03-07,816.271,825.60699,726.547,752.83099,752.83099,2175419904
2018-03-08,752.57001,773.76703,696.16901,704.59601,704.59601,1891640064
2018-03-09,702.19702,729.15601,648.10699,728.91602,728.91602,2233019904
2018-03-10,730.15997,748.03101,682.69501,686.89001,686.89001,1532960000
2018-03-11,685.31201,735.83099,668.12299,723.33899,723.33899,1562680064
2018-03-12,724.40601,742.51398,683.26801,699.83099,699.83099,1764999936
2018-03-13,698.15302,713.73499,682.34998,690.82703,690.82703,1425959936
2018-03-14,691.21899,702.784,594.09998,614.29102,614.29102,1810560000
2018-03-15,614.83899,620.61603,579.505,611.30402,611.30402,1770460032
2018-03-16,611.77802,623.16803,587.862,601.66602,601.66602,1417350016
2018-03-17,601.67798,609.151,549.09601,552.77899,552.77899,1267810048
2018-03-18,551.64001,551.64001,460.08801,538.64398,538.64398,2685499904
2018-03-19,546.62598,558.09998,519.12299,556.72601,556.72601,2046790016
2018-03-20,556.72198,567.09003,521.20398,557.17499,557.17499,1833680000
2018-03-21,559.09998,589.60699,550.57202,561.73199,561.73199,1781270016
2018-03-22,562.10303,577.56598,523.08899,539.70203,539.70203,1523459968
2018-03-23,539.86401,540.487,512.12701,539.61902,539.61902,1596349952
2018-03-24,542.57202,545.38202,526.08002,526.43903,526.43903,1300009984
2018-03-25,522.703,535.82098,515.659,524.28699,524.28699,1151170048
2018-03-26,524.28699,526.37903,470.44,489.95099,489.95099,1638880000
2018-03-27,489.59,491.45901,449.97101,450.116,450.116,1617939968
2018-03-28,450.29099,466.211,444.86099,446.27899,446.27899,1514179968
2018-03-29,448.07501,450.81299,385.81299,385.96799,385.96799,1970230016
2018-03-30,385.905,409.92899,368.633,394.64499,394.64499,1878130048
2018-03-31,395.004,418.46799,392.953,396.457,396.457,1323920000
2018-04-01,397.254,400.52802,363.80499,379.60699,379.60699,1256930048
2018-04-02,379.69901,395.17099,377.59299,386.42499,386.42499,1102259968
2018-04-03,387.31201,418.96799,383.53201,416.89301,416.89301,1363399936
2018-04-04,416.48499,417.47198,375.31,380.543,380.543,1287730048
2018-04-05,379.94699,387.716,369.81601,383.23199,383.23199,1210680064
2018-04-06,382.73099,385.19501,366.91101,370.285,370.285,967105984
2018-04-07,370.38,393.05899,369.936,385.314,385.314,951475008
2018-04-08,385.74301,402.59,385.60199,400.508,400.508,948488000
2018-04-09,400.85699,429.25101,390.60999,398.526,398.526,1478390016
2018-04-10,399.41101,415.888,393.879,414.24301,414.24301,1196000000
2018-04-11,415.02399,430.54001,412.47101,430.54001,430.54001,1439040000
2018-04-12,430.16101,493.05801,417.41299,492.94101,492.94101,2519360000
2018-04-13,493.16,526.46997,482.659,492.73499,492.73499,2419249920
2018-04-14,492.57999,512.02399,488.27899,501.478,501.478,1519079936
2018-04-15,502.88,531.70203,502.88,531.70203,531.70203,1726089984
2018-04-16,532.07397,534.19702,500.25,511.147,511.147,1758979968
2018-04-17,511.14499,518.03101,502.564,502.89401,502.89401,1760359936
2018-04-18,503.30899,525.09198,503.04501,524.789,524.789,1762940032
2018-04-19,524.03802,567.88898,523.26202,567.88898,567.88898,2256869888
2018-04-20,567.98901,618.71503,560.28302,615.71802,615.71802,2849469952
2018-04-21,616.00403,621.888,578.54999,605.39502,605.39502,2612460032
2018-04-22,606.11902,640.76703,593.86902,621.85999,621.85999,2426269952
2018-04-23,621.19897,646.70001,621.03497,642.54797,642.54797,2386830080
2018-04-24,643.39801,708.875,643.39801,708.15802,708.15802,3581860096
2018-04-25,707.06201,707.06201,600.21198,615.41602,615.41602,4216140032
2018-04-26,618.07898,663.18103,604.00702,662.80902,662.80902,2984009984
2018-04-27,662.10901,684.86798,647.03198,647.03198,647.03198,2598129920
2018-04-28,644.646,691.44202,644.646,683.67798,683.67798,2496659968
2018-04-29,683.91199,697.75598,670.513,688.88098,688.88098,2740559872
2018-04-30,689.76099,694.43903,666.117,669.92401,669.92401,2853100032
2018-05-01,670.46301,674.40302,637.53998,673.61298,673.61298,2678960128
2018-05-02,674.07501,688.84198,667.41998,687.14899,687.14899,2822269952
2018-05-03,686.591,784.341,686.591,779.54303,779.54303,4210939904
2018-05-04,776.77502,803.74597,762.63202,785.62402,785.62402,3533410048
2018-05-05,784.58301,827.45502,784.237,816.12,816.12,3035040000
2018-05-06,816.08801,835.05701,764.883,792.31097,792.31097,3105570048
2018-05-07,793.33899,795.758,710.17798,753.72498,753.72498,4316120064
2018-05-08,755.00897,774.24902,728.12903,752.85699,752.85699,2920489984
2018-05-09,752.90198,759.52899,718.47198,752.27502,752.27502,2877870080
2018-05-10,752.57898,766.74799,726.664,727.27698,727.27698,2748950016
2018-05-11,727.013,736.97699,669.82501,679.586,679.586,3290080000
2018-05-12,679.87701,691.41101,644.06598,686.04797,686.04797,2668480000
2018-05-13,687.17499,741.31201,675.31897,733.49597,733.49597,2362500096
2018-05-14,732.73297,742.16998,695.79199,730.54901,730.54901,3005110016
2018-05-15,731.14301,739.052,700.995,708.87097,708.87097,2523069952
2018-05-16,708.08698,710.20001,682.54102,707.04999,707.04999,2476130048
2018-05-17,708.71802,718.83301,668.83398,672.65698,672.65698,2350619904
2018-05-18,672.10199,695.03101,663.80902,694.367,694.367,2305740032
2018-05-19,695.07202,715.578,686.79102,696.53003,696.53003,2021549952
2018-05-20,697.92297,723.75299,692.66901,715.36902,715.36902,2156910080
2018-05-21,717.19299,719.27802,692.49402,699.22198,699.22198,2005170048
2018-05-22,700.17798,700.97601,644.026,647.74103,647.74103,2230469888
2018-05-23,646.66998,651.63599,572.95203,583.58502,583.58502,2995429888
2018-05-24,584.53601,610.81799,557.20599,601.755,601.755,2791099904
2018-05-25,602.14001,617.18597,575.62402,586.73401,586.73401,2110919936
2018-05-26,587.42603,606.17499,583.51202,587.28003,587.28003,1694300032
2018-05-27,588.52002,590.328,562.86603,572.66803,572.66803,1788790016
2018-05-28,573.04498,576.04901,512.552,516.03601,516.03601,2356900096
2018-05-29,516.14801,572.26398,516.14801,565.388,565.388,2330820096
2018-05-30,566.83002,583.13599,545.43103,559.59003,559.59003,2053970048
2018-05-31,558.49701,585.53802,557.06598,577.64502,577.64502,1985040000
2018-06-01,578.672,589.09302,567.66498,580.04303,580.04303,1945890048
2018-06-02,580.42902,597.07703,577.32202,591.80798,591.80798,1880390016
2018-06-03,591.25897,624.513,591.25897,618.32898,618.32898,1832550016
2018-06-04,619.43701,623.42902,583.74701,592.98499,592.98499,1903430016
2018-06-05,593.40601,611.33002,580.98199,609.30298,609.30298,1844269952
2018-06-06,610.26202,611.64301,596.396,607.12402,607.12402,1756530048
2018-06-07,607.68701,616.14398,601.69299,605.18701,605.18701,1880140032
2018-06-08,605.44299,608.81097,595.59302,601.07703,601.07703,1637779968
2018-06-09,600.90503,608.58301,597.56201,597.56201,597.56201,1519309952
2018-06-10,594.34497,594.34497,511.88901,526.479,526.479,2234880000
2018-06-11,524.85699,536.85797,515.26898,533.284,533.284,1982119936
2018-06-12,532.71002,538.95502,491.23499,496.84299,496.84299,1932760064
2018-06-13,498.01801,501.905,459.004,477.49399,477.49399,2080130048
2018-06-14,478.38101,523.54498,467.466,519.742,519.742,2458650112
2018-06-15,520.47998,521.30499,487.46899,491.004,491.004,1808269952
2018-06-16,490.414,503.22299,488.85101,499.642,499.642,1314109952
2018-06-17,499.45999,507.64099,498.64801,500.448,500.448,1264870016
2018-06-18,499.383,521.79602,494.06601,518.89099,518.89099,1513869952
2018-06-19,519.02301,542.35303,516.31201,537.95697,537.95697,1726569984
2018-06-20,538.50598,541.01501,519.36902,536.26801,536.26801,1596290048
2018-06-21,536.44702,543.71698,524.25897,527.367,527.367,1462070016
2018-06-22,527.19397,527.19397,456.87701,465.81699,465.81699,2226030080
2018-06-23,466.27399,479.129,462.39301,474.51999,474.51999,1651379968
2018-06-24,474.76801,475.35901,426.46899,457.672,457.672,2490579968
2018-06-25,455.936,470.34399,448.896,460.31,460.31,4007950080
2018-06-26,460.733,461.21301,432.772,432.772,432.772,1356560000
2018-06-27,432.24399,444.24301,424.83899,442.36499,442.36499,1368940032
2018-06-28,442.29001,443.61801,419.68301,422.36499,422.36499,1360790016
2018-06-29,422.58701,441.793,407.94699,436.009,436.009,1564499968
2018-06-30,436.20901,458.797,436.20901,455.17999,455.17999,1475939968
2018-07-01,455.242,457.13901,446.38501,453.918,453.918,1511730048
2018-07-02,453.82401,479.13,447.11099,475.34698,475.34698,1625789952
2018-07-03,475.38599,483.854,462.582,464.19501,464.19501,1683939968
2018-07-04,464.151,481.436,455.185,467.31799,467.31799,1549769984
2018-07-05,467.28699,483.22501,464.629,474.41199,474.41199,1828610048
2018-07-06,474.35699,479.65201,457.61499,474.01199,474.01199,1627609984
2018-07-07,474.05701,491.66,466.836,491.66,491.66,1358360064
2018-07-08,492.06799,503.19901,488.41699,489.11899,489.11899,1344560000
2018-07-09,488.87799,490.85199,475.17499,476.68201,476.68201,1533799936
2018-07-10,476.16199,478.31799,433.95999,434.42401,434.42401,1789069952
2018-07-11,434.51501,447.31601,429.50699,446.51801,446.51801,1422470016
2018-07-12,446.50201,446.50201,422.81,430.07401,430.07401,1495440000
2018-07-13,430.741,442.36301,430.741,434.02701,434.02701,1489670016
2018-07-14,434.51099,439.43399,431.474,436.086,436.086,1235820032
2018-07-15,435.883,454.00101,433.92099,449.85001,449.85001,1350160000
2018-07-16,450.42499,480.65799,446.798,480.65799,480.65799,1858680064
2018-07-17,480.077,508.78,468.91501,501.00201,501.00201,2288100096
2018-07-18,500.83801,513.43298,474.35901,480.513,480.513,2371559936
2018-07-19,480.62799,483.23999,465.142,469.61899,469.61899,2068739968
2018-07-20,469.30701,469.30701,443.69299,450.698,450.698,1821350016
2018-07-21,450.67899,468.08301,445.776,462.436,462.436,1504310016
2018-07-22,462.43799,470.89801,458.11899,459.65701,459.65701,1338589952
2018-07-23,459.439,469.76599,449.728,450.853,450.853,1596999936
2018-07-24,451.13599,481.142,450.565,479.37299,479.37299,2287520000
2018-07-25,479.90601,482.86801,466.474,472.49301,472.49301,1930780032
2018-07-26,472.33099,483.69601,461.42401,464.03699,464.03699,1621560064
2018-07-27,464.009,473.22198,458.29099,469.66599,469.66599,1734259968
2018-07-28,469.67801,471.59399,462.98901,466.89801,466.89801,1531890048
2018-07-29,466.91501,470.35599,462.71201,466.66501,466.66501,1631910016
2018-07-30,466.827,467.952,448.64099,457.08099,457.08099,2141590000
2018-07-31,457.245,457.245,430.444,433.867,433.867,1820680000
2018-08-01,433.86899,435.457,410.46399,420.74701,420.74701,1888060000
2018-08-02,420.806,425.034,410.30899,412.621,412.621,1569300000
2018-08-03,412.56699,420.54901,399.91,418.26199,418.26199,1722340000
2018-08-04,418.237,420.186,403.776,407.25201,407.25201,1466540000
2018-08-05,407.34601,413.716,402.43201,410.51599,410.51599,1396820000
2018-08-06,410.56699,414.54001,403.315,406.65799,406.65799,1384880000
2018-08-07,406.80099,411.405,376.077,380.215,380.215,1828350000
2018-08-08,379.892,380.67099,353.73401,356.61301,356.61301,2016080000
2018-08-09,356.97101,370.94601,353.61401,365.58801,365.58801,1616610000
2018-08-10,365.776,367.04501,329.586,334.17599,334.17599,1699400000
2018-08-11,334.26401,334.26401,308.48801,322.112,322.112,1790370000
2018-08-12,320.823,328.59,318.60199,319.57001,319.57001,1625420000
2018-08-13,320.20999,323.55099,284.93399,286.495,286.495,1751190000
2018-08-14,286.36499,286.36499,254.64999,278.93201,278.93201,2137850000
2018-08-15,280.38699,303.59,280.11899,282.36401,282.36401,1878150000
2018-08-16,282.741,298.47601,280.92801,288.04599,288.04599,1552970000
2018-08-17,287.68301,316.17001,287.34601,315.729,315.729,1995460000
2018-08-18,316.79099,320.44601,286.55099,295.81201,295.81201,1764020000
2018-08-19,295.67001,307.09799,291.332,300.83401,300.83401,1447910000
2018-08-20,301.38101,304.37201,273.51099,274.315,274.315,1413790000
2018-08-21,273.33099,285.97,273.33099,281.944,281.944,1164120000
2018-08-22,281.96799,297.48599,264.99799,271.341,271.341,1507660000
2018-08-23,271.74799,279.54599,271.09,277.104,277.104,1271160000
2018-08-24,278.11099,283.302,273.85999,282.96701,282.96701,1450170000
2018-08-25,283.28101,283.51501,278.47101,279.646,279.646,1208360000
2018-08-26,279.52499,279.52499,272.444,275.19699,275.19699,1206650000
2018-08-27,275.35001,285.603,273.64999,285.603,285.603,1406790000
2018-08-28,286.64899,297.39999,283.57199,296.49899,296.49899,1513350000
2018-08-29,296.16299,297.07101,287.28699,289.31201,289.31201,1474460000
2018-08-30,289.75299,291.24301,275.211,284.10501,284.10501,1513100000
2018-08-31,284.12,284.55099,278.513,283.004,283.004,1411910000
2018-09-01,283.496,301.14401,283.496,295.341,295.341,1546630000
2018-09-02,295.453,298.686,290.92599,294.371,294.371,1321050000
2018-09-03,295.181,295.591,287.43201,289.259,289.259,1394490000
2018-09-04,289.297,291.57999,284.255,285.72299,285.72299,1554870000
2018-09-05,286.04501,288.16299,232.33099,232.33099,232.33099,2390390000
2018-09-06,231.64799,231.755,218.123,230.215,230.215,2097310000
2018-09-07,229.535,233.896,217.075,217.203,217.203,1678260000
2018-09-08,217.912,220.367,193.259,197.951,197.951,1517200000
2018-09-09,198.38499,207.666,188.306,196.924,196.924,1585980000
2018-09-10,197.851,201.883,189.584,197.07899,197.07899,1502960000
2018-09-11,198.177,198.506,180.59599,185.06599,185.06599,1568900000
2018-09-12,185.423,185.58701,170.257,183.33099,183.33099,1874850000
2018-09-13,183.679,214.002,183.679,211.354,211.354,2330720000
2018-09-14,212.66901,222.79401,204.871,211.74899,211.74899,2232190000
2018-09-15,209.814,226.604,209.606,223.07401,223.07401,1670490000
2018-09-16,222.80299,222.80299,211.118,220.589,220.589,1502260000
2018-09-17,221.582,224.261,195.308,197.875,197.875,2019910000
2018-09-18,197.095,213.35699,195.93401,209.97501,209.97501,1800640000
2018-09-19,209.472,213.871,201.65601,209.96899,209.96899,1733330000
2018-09-20,210.28799,224.81799,207.789,224.591,224.591,1782070000
2018-09-21,225.25101,248.388,221.567,246.584,246.584,2836200000
2018-09-22,247.33701,251.196,233.81,240.48,240.48,1921820000
2018-09-23,240.992,247.464,237.85699,244.33,244.33,1693470000
2018-09-24,244.84399,245.108,227.49001,228.73,228.73,1748740000
2018-09-25,228.327,228.327,206.49001,218.505,218.505,2120360000
2018-09-26,218.647,221.437,209.11301,215.847,215.847,1756100000
2018-09-27,215.44,230.60699,212.65401,228.494,228.494,2030320000
2018-09-28,229.041,231.748,218.66901,222.40199,222.40199,2018120000
2018-09-29,221.705,234.01401,216.078,231.63499,231.63499,2208720000
2018-09-30,231.32899,236.98599,228.44501,232.84801,232.84801,1765560000
2018-10-01,233.22,234.145,226.94501,230.76801,230.76801,1597500000
2018-10-02,231.10001,231.16701,225.838,227.181,227.181,1542080000
2018-10-03,226.407,226.45799,213.97099,220.489,220.489,1683930000
2018-10-04,220.446,226.14799,220.09,222.218,222.218,1479500000
2018-10-05,222.267,228.319,220.957,227.601,227.601,1547330000
2018-10-06,227.552,227.92599,224.246,225.12,225.12,1505070000
2018-10-07,225.435,226.37,222.996,226.119,226.119,1470480000
2018-10-08,226.509,230.765,224.55701,229.255,229.255,1470740000
2018-10-09,229.71001,230.161,226.401,227.98199,227.98199,1405130000
2018-10-10,227.61501,227.707,224.495,225.769,225.769,1384040000
2018-10-11,225.61,225.61,189.283,189.49899,189.49899,2167620000
2018-10-12,188.707,199.401,188.707,196.72701,196.72701,1487900000
2018-10-13,196.364,201.27901,196.364,199.841,199.841,1167610000
2018-10-14,199.69099,201.827,195.243,195.715,195.715,1169260000
2018-10-15,195.27,222.118,194.159,209.70399,209.70399,2865830000
2018-10-16,209.62801,212.173,207.98399,210.12,210.12,1532280000
2018-10-17,210.217,211.125,205.92799,207.08299,207.08299,1444130000
2018-10-18,207.40401,208.47,201.743,203.35201,203.35201,1365860000
2018-10-19,203.257,204.66299,201.84399,203.72701,203.72701,1264480000
2018-10-20,203.515,206.222,203.08501,205.42999,205.42999,1238780000
2018-10-21,205.39,208.155,204.621,205.142,205.142,1190300000
2018-10-22,205.174,206.93201,203.377,204.04401,204.04401,1328980000
2018-10-23,204.01601,205.151,201.911,204.336,204.336,1237490000
2018-10-24,204.127,205.58099,203.354,203.85201,203.85201,1102220000
2018-10-25,203.868,204.132,201.823,202.71899,202.71899,1102900000
2018-10-26,202.336,204.78,201.55099,203.32899,203.32899,1161310000
2018-10-27,203.356,206.082,203.12601,204.21001,204.21001,1084810000
2018-10-28,204.50999,205.91901,203.52299,205.366,205.366,1139140000
2018-10-29,205.174,205.597,195.73399,197.24699,197.24699,1517230000
2018-10-30,197.203,198.12199,196.351,197.556,197.556,1363500000
2018-10-31,197.649,198.338,196.53101,197.381,197.381,1442380000
2018-11-01,197.537,203.754,197.328,198.87199,198.87199,1336700000
2018-11-02,198.98199,201.269,198.755,200.63499,200.63499,1451870000
2018-11-03,200.74001,200.74001,199.52499,200.186,200.186,1307150000
2018-11-04,200.158,211.272,198.98599,207.48599,207.48599,1749300000
2018-11-05,207.10001,210.819,206.573,209.091,209.091,1613510000
2018-11-06,209.474,218.452,207.894,218.452,218.452,1856940000
2018-11-07,218.899,221.65199,216.79601,217.183,217.183,1927830000
2018-11-08,217.327,218.338,212.19901,212.231,212.231,1769080000
2018-11-09,211.987,213.31599,209.515,210.07401,210.07401,1554750000
2018-11-10,209.97501,213.85699,209.80499,212.533,212.533,1377760000
2018-11-11,212.479,212.99899,208.868,211.34,211.34,1501600000
2018-11-12,211.513,212.623,208.924,210.418,210.418,1452380000
2018-11-13,210.149,210.515,206.13499,206.826,206.826,1610260000
2018-11-14,206.534,207.045,174.084,181.397,181.397,2595330000
2018-11-15,181.899,184.25101,170.189,180.806,180.806,2638410000
2018-11-16,180.86501,181.35001,173.12601,175.177,175.177,2015330000
2018-11-17,175.36,175.851,172.869,174.00101,174.00101,1832800000
2018-11-18,174.175,179.15199,174.175,177.067,177.067,1810920000
2018-11-19,177.179,177.179,147.851,149.175,149.175,2745160000
2018-11-20,148.811,151.25301,126.36,130.339,130.339,3134410000
2018-11-21,131.142,138.89,125.758,136.701,136.701,2685930000
2018-11-22,136.811,137.74001,126.706,126.706,126.706,1792150000
2018-11-23,126.419,127.028,119.559,123.296,123.296,1998010000
2018-11-24,123.304,126.788,110.825,113.494,113.494,1800960000
2018-11-25,113.126,118.881,101.77,116.45,116.45,2466750000
2018-11-26,116.343,118.201,104.893,108.335,108.335,2139490000
2018-11-27,107.913,111.842,102.452,110.01,110.01,2320010000
2018-11-28,110.198,126.048,110.198,122.438,122.438,2673470000
2018-11-29,122.72155,123.22972,115.29769,117.54265,117.54265,2196099151
2018-11-30,117.7281,119.42377,111.74496,113.17142,113.17142,2020748396
2018-12-01,113.39776,120.84145,111.61913,118.63556,118.63556,2131475768
2018-12-02,118.26815,120.56205,116.09204,116.3889,116.3889,1856199149
2018-12-03,116.37876,116.61906,107.41566,108.92502,108.92502,1772756193
2018-12-04,108.80316,113.14291,107.40272,110.21419,110.21419,1748116495
2018-12-05,110.33552,110.59861,102.47556,102.47556,102.47556,1990157607
2018-12-06,102.45059,104.10349,91.761055,91.761055,91.761055,2310716932
2018-12-07,91.649834,96.089844,83.469719,93.294563,93.294563,2554304530
2018-12-08,93.41008,97.059883,86.825668,92.159637,92.159637,1855759401
2018-12-09,92.035431,98.900032,91.031281,95.142059,95.142059,1875567180
2018-12-10,94.992172,96.257301,90.654251,91.685654,91.685654,1756437577
2018-12-11,91.578934,92.782326,87.688408,88.945305,88.945305,1707497898
2018-12-12,88.610703,92.240555,88.263557,90.5933,90.5933,1533050103
2018-12-13,90.655228,91.111603,85.518311,86.539314,86.539314,1754475622
2018-12-14,86.630356,87.144943,83.226479,84.308296,84.308296,1651491877
2018-12-15,84.279694,85.342743,82.829887,84.440811,84.440811,1496176898
2018-12-16,84.469406,87.568123,84.469406,85.2621,85.2621,1565817037
2018-12-17,85.382111,96.805054,85.382111,95.133827,95.133827,2101453024
2018-12-18,95.10804,101.32024,92.968521,101.11246,101.11246,2277514076
2018-12-19,101.68385,108.54906,100.69146,101.26858,101.26858,2456482115
2018-12-20,101.09044,117.17013,100.63996,116.21687,116.21687,3063842618
2018-12-21,115.8354,119.09416,107.58479,109.49623,109.49623,2632539990
2018-12-22,109.45594,116.7595,107.50317,116.7595,116.7595,2338772939
2018-12-23,117.2739,133.0753,117.2739,130.76526,130.76526,3579715061
2018-12-24,130.64166,157.6687,130.64166,140.23801,140.23801,4370343387
2018-12-25,140.99759,140.99759,125.11329,129.84435,129.84435,3298280609
2018-12-26,129.88882,136.67725,126.29291,131.86563,131.86563,2720469126
2018-12-27,131.92358,132.67706,115.6501,116.57591,116.57591,2612804378
2018-12-28,116.8982,137.64702,115.69313,137.64702,137.64702,3130201009
2018-12-29,138.46878,147.03433,134.57018,138.01834,138.01834,3169029972
2018-12-30,137.62746,140.68909,133.98233,139.85945,139.85945,2660086834
2018-12-31,140.03107,140.18115,132.51939,133.36826,133.36826,2358360234
2019-01-01,133.41815,141.39751,132.65071,140.81941,140.81941,2258709868
2019-01-02,141.51952,156.92914,140.65096,155.04768,155.04768,3328240369
2019-01-03,155.19604,155.86305,147.19836,149.13501,149.13501,2676164880
2019-01-04,148.91289,156.87898,147.9071,154.58194,154.58194,3126192535
2019-01-05,154.33742,160.82489,154.33742,155.6386,155.6386,3338211928
2019-01-06,155.80423,159.37144,152.08592,157.7462,157.7462,3231294371
2019-01-07,157.80949,158.45042,151.15073,151.69922,151.69922,2712108388
2019-01-08,151.96754,153.62578,148.66954,150.35963,150.35963,2459808140
2019-01-09,150.55469,153.62225,150.28838,150.80312,150.80312,2369241197
2019-01-10,150.84351,152.14827,126.52937,128.62518,128.62518,3397734456
2019-01-11,127.81396,130.16594,125.24494,127.54832,127.54832,2667585234
2019-01-12,127.52808,128.66612,125.44675,125.96653,125.96653,2212109224
2019-01-13,125.90723,126.26788,116.08597,116.8978,116.8978,2268263944
2019-01-14,116.9791,130.85674,116.96756,129.06873,129.06873,2798085735
2019-01-15,129.17268,130.74356,120.31152,122.03271,122.03271,2735449164
2019-01-16,121.80924,127.11825,121.44141,123.54707,123.54707,2746469340
2019-01-17,123.57354,124.27072,120.81703,123.74192,123.74192,2594091285
2019-01-18,123.65466,123.84169,120.2419,121.01026,121.01026,2305389800
2019-01-19,121.61443,125.90423,121.16103,124.51902,124.51902,3048261797
2019-01-20,124.6324,125.07039,118.70232,119.47483,119.47483,2964108269
2019-01-21,119.63646,119.71544,116.15744,117.15785,117.15785,2421720343
2019-01-22,117.11076,119.66434,114.67668,118.74755,118.74755,2552507405
2019-01-23,118.71381,119.4228,116.37665,117.45261,117.45261,2556952198
2019-01-24,117.46278,118.0321,116.0068,117.36288,117.36288,2520843420
2019-01-25,117.59496,117.80299,115.83015,116.37834,116.37834,2606881898
2019-01-26,116.37353,118.08411,115.98058,116.48874,116.48874,2412181169
2019-01-27,116.51031,116.68541,113.40529,113.40529,113.40529,2775888287
2019-01-28,113.28523,113.68823,103.33646,106.58997,106.58997,3366895505
2019-01-29,106.72195,107.16579,103.99923,105.59821,105.59821,2900418606
2019-01-30,105.4072,109.45298,104.8438,108.90754,108.90754,2874370355
2019-01-31,108.90077,110.45836,106.52535,107.06101,107.06101,2828796031
2019-02-01,107.14768,108.63871,105.0465,107.60979,107.60979,2541271519
2019-02-02,107.46642,110.65388,106.76402,110.43026,110.43026,2385157838
2019-02-03,110.49032,110.82735,106.56399,107.49267,107.49267,2519334757
2019-02-04,107.62582,108.70103,107.06742,107.8216,107.8216,2491888675
2019-02-05,107.62817,108.13479,106.9099,107.44352,107.44352,2515863999
2019-02-06,107.56931,107.56931,102.93456,104.91929,104.91929,2593048199
2019-02-07,104.83578,106.05888,104.40913,104.5353,104.5353,2326764622
2019-02-08,104.64505,119.80582,104.19444,119.26775,119.26775,3656841347
2019-02-09,119.21411,120.68974,118.0004,119.43089,119.43089,2884650400
2019-02-10,119.40897,124.85362,117.10577,124.80649,124.80649,3148766590
2019-02-11,124.87154,124.87154,120.31175,121.29839,121.29839,3222473887
2019-02-12,121.17857,123.4683,119.60002,122.57229,122.57229,3149576429
2019-02-13,122.54429,125.5507,121.6125,122.5536,122.5536,3386585799
2019-02-14,122.41698,124.45199,121.33489,121.39021,121.39021,3331701628
2019-02-15,121.4537,123.66013,121.37192,122.10039,122.10039,3021741615
2019-02-16,122.39645,124.13481,122.2953,123.26022,123.26022,2905833287
2019-02-17,123.18208,134.4601,123.09161,133.59888,133.59888,4236081130
2019-02-18,133.03255,147.68658,133.00194,146.09837,146.09837,5387525773
2019-02-19,146.39882,149.92998,145.12846,145.34619,145.34619,5310842625
2019-02-20,145.17273,149.55434,142.50212,149.55434,149.55434,4500094965
2019-02-21,149.35233,149.35233,144.56381,146.13084,146.13084,3995766856
2019-02-22,146.07326,149.26862,145.20654,149.09245,149.09245,3731099284
2019-02-23,148.67662,159.12587,147.33105,158.79543,158.79543,4519468458
2019-02-24,158.9024,165.54962,135.85266,135.85266,135.85266,5957715043
2019-02-25,135.49973,142.52557,135.48384,139.82286,139.82286,4914392068
2019-02-26,139.64609,139.97644,136.57961,138.08968,138.08968,3791292839
2019-02-27,138.02957,141.33623,131.60292,136.12596,136.12596,4469776860
2019-02-28,136.28308,138.84714,135.65759,136.74625,136.74625,4535438953
2019-03-01,136.83624,138.99527,136.43478,136.44362,136.44362,3756124824
2019-03-02,136.35008,137.1848,132.43639,134.20695,134.20695,3747176425
2019-03-03,134.78612,135.84929,131.32886,132.24942,132.24942,3454374053
2019-03-04,132.15788,132.72914,125.4027,127.77412,127.77412,4008171341
2019-03-05,127.79295,138.22998,126.7353,137.82239,137.82239,4764849990
2019-03-06,137.95874,139.96883,136.14592,138.78935,138.78935,4589054219
2019-03-07,138.94238,140.85788,137.27313,138.0345,138.0345,4339206292
2019-03-08,138.31136,139.4991,133.55769,135.12708,135.12708,4678816794
2019-03-09,134.88756,139.11942,134.67712,137.96533,137.96533,5011918715
2019-03-10,138.1805,138.27031,135.68568,136.75868,136.75868,4578438499
2019-03-11,136.84953,137.35341,133.1028,133.83403,133.83403,4689807419
2019-03-12,134.01285,135.27347,130.94415,134.44289,134.44289,4709988000
2019-03-13,134.61177,134.61177,132.71973,133.26308,133.26308,4265162099
2019-03-14,133.2039,135.18085,132.75008,133.71159,133.71159,4476532147
2019-03-15,133.56715,138.39514,133.56715,137.69179,137.69179,4506861856
2019-03-16,137.91196,144.55844,137.91196,142.39818,142.39818,4839003569
2019-03-17,142.2383,142.37192,139.32352,140.00055,140.00055,3827157729
2019-03-18,140.10486,142.26721,138.84155,139.3746,139.3746,4551739879
2019-03-19,139.25401,140.98906,139.14302,140.5192,140.5192,4251488129
2019-03-20,140.48471,140.94557,138.30704,140.68636,140.68636,4664134462
2019-03-21,140.47849,141.00323,135.85542,136.63606,136.63606,5087247796
2019-03-22,136.56226,138.7943,136.22861,137.18144,137.18144,4490899266
2019-03-23,137.03987,139.38539,136.91202,138.23987,138.23987,4436568613
2019-03-24,138.31535,138.37561,136.31375,136.98692,136.98692,4266845458
2019-03-25,137.08136,137.69534,133.49016,135.03102,135.03102,4480516753
2019-03-26,135.05432,135.46036,133.75734,135.46036,135.46036,4499271679
2019-03-27,135.45436,141.07547,135.34166,140.98816,140.98816,5228240093
2019-03-28,141.00584,141.00793,138.42517,139.41647,139.41647,4163212475
2019-03-29,139.3432,142.54924,138.0451,142.49742,142.49742,5125602702
2019-03-30,142.35915,149.61324,141.03174,142.09268,142.09268,5144662127
2019-03-31,142.13922,142.18921,140.69737,141.5141,141.5141,4249050197
2019-04-01,141.46548,142.73399,140.73756,141.83032,141.83032,4611999536
2019-04-02,141.83952,165.22682,141.63646,163.96175,163.96175,9826645698
2019-04-03,164.00864,178.32205,157.32214,161.4588,161.4588,10622456246
2019-04-04,161.43176,164.92921,155.2411,158.05254,158.05254,7953123529
2019-04-05,158.02,167.22038,157.44395,165.51485,165.51485,7531316908
2019-04-06,165.51125,172.51578,161.79947,165.9472,165.9472,7167016221
2019-04-07,165.97725,175.21317,164.9321,174.53165,174.53165,7596176020
2019-04-08,174.44968,184.37785,174.161,180.25882,180.25882,9304964610
2019-04-09,180.22212,180.25423,175.09175,176.11458,176.11458,7632529578
2019-04-10,176.06784,183.13428,175.23038,177.33748,177.33748,7856924879
2019-04-11,177.34276,177.48749,162.32062,165.49702,165.49702,7859383417
2019-04-12,165.33521,166.12752,161.02974,164.73633,164.73633,6237185309
2019-04-13,164.62285,166.36243,163.01186,164.51335,164.51335,4959301561
2019-04-14,164.47609,168.59103,162.78148,167.83852,167.83852,4846298303
2019-04-15,167.89748,168.81845,159.55574,161.57417,161.57417,5672311824
2019-04-16,161.52655,167.66632,160.88875,167.62344,167.62344,5180105341
2019-04-17,167.5537,168.93858,165.50189,166.95076,166.95076,5596102715
2019-04-18,166.91321,175.36533,166.67212,173.81403,173.81403,6971581464
2019-04-19,173.78789,173.9789,170.62021,173.70844,173.70844,6541053061
2019-04-20,173.71881,176.70581,171.78883,173.75127,173.75127,6142567812
2019-04-21,173.71541,174.42078,167.42859,170.04652,170.04652,6005571688
2019-04-22,170.01749,173.06912,168.72955,171.87466,171.87466,6094878077
2019-04-23,172.00722,176.85078,170.89676,171.4478,171.4478,7097827092
2019-04-24,171.34953,171.57321,161.97668,165.8261,165.8261,7351304156
2019-04-25,165.91473,166.51341,153.847,154.4594,154.4594,6820332362
2019-04-26,154.57944,158.02901,152.08568,156.34709,156.34709,7505283355
2019-04-27,156.27086,160.58942,155.62189,158.43494,158.43494,5863109118
2019-04-28,158.49977,159.56538,157.12552,157.29507,157.29507,5379894433
2019-04-29,157.29106,158.33392,153.18652,155.202,155.202,6053776253
2019-04-30,155.17278,162.43225,155.17278,162.16603,162.16603,6275803460
2019-05-01,162.18655,164.06068,159.66022,160.81834,160.81834,5789172433
2019-05-02,160.85358,162.93701,160.0607,162.12279,162.12279,6044171062
2019-05-03,162.07516,170.06874,161.08063,167.95241,167.95241,7299410672
2019-05-04,167.88722,170.64594,161.79143,164.02658,164.02658,6658100049
2019-05-05,164.01526,165.39998,159.70065,163.4507,163.4507,5938415562
2019-05-06,163.33798,175.7601,159.98819,172.65321,172.65321,7540096853
2019-05-07,172.42728,180.39441,169.69472,169.79866,169.79866,8411140170
2019-05-08,169.90421,172.18355,166.40924,170.94817,170.94817,6416569598
2019-05-09,170.95187,172.8804,167.24788,170.28931,170.28931,6546914198
2019-05-10,170.31297,175.88527,168.99142,173.14275,173.14275,8036919053
2019-05-11,173.13931,203.46664,173.13931,194.30434,194.30434,12578331654
2019-05-12,194.16302,201.88148,183.65393,187.32532,187.32532,10326050090
2019-05-13,187.41792,205.09827,185.30591,196.84628,196.84628,10367149039
2019-05-14,196.73828,217.87465,196.05481,217.14857,217.14857,12751049755
2019-05-15,217.01012,247.44659,216.82211,247.15306,247.15306,13460006534
2019-05-16,246.94196,275.39444,245.79529,264.01001,264.01001,18661465873
2019-05-17,263.84836,266.97961,227.76743,243.76459,243.76459,16037551694
2019-05-18,243.9113,246.36276,233.09985,234.59523,234.59523,10933142646
2019-05-19,234.44946,263.741,233.75867,261.29221,261.29221,12049250894
2019-05-20,261.26749,261.55127,241.80365,251.86441,251.86441,10834541285
2019-05-21,251.64784,262.10754,248.1963,255.21588,255.21588,11545049593
2019-05-22,254.99532,258.80185,242.73048,244.69891,244.69891,9818257463
2019-05-23,244.66512,247.61664,233.79309,245.96567,245.96567,10671663487
2019-05-24,245.98709,255.25934,243.2401,249.48499,249.48499,9929433206
2019-05-25,249.69405,257.35684,249.08879,251.75987,251.75987,8924985385
2019-05-26,251.72479,269.16653,247.24539,267.06964,267.06964,9664267731
2019-05-27,267.14188,278.50726,265.4447,272.86264,272.86264,12074664736
2019-05-28,272.59048,274.32083,267.51437,271.76871,271.76871,10362846898
2019-05-29,271.77905,273.75629,263.0914,269.45569,269.45569,9819132174
2019-05-30,269.55188,287.20163,247.3486,255.85895,255.85895,13604268584
2019-05-31,256.01526,268.65994,249.11185,268.11356,268.11356,11255023515
2019-06-01,268.43335,273.55798,263.5246,265.39127,265.39127,9942869852
2019-06-02,265.51273,272.80722,265.04187,270.22552,270.22552,8744111713
2019-06-03,270.08856,270.33411,251.26219,252.60793,252.60793,9375712917
2019-06-04,252.51164,252.51164,236.12721,241.33879,241.33879,10132549747
2019-06-05,241.49704,248.13814,239.98346,247.05101,247.05101,8548917062
2019-06-06,246.92525,249.9445,238.50111,249.47433,249.47433,8265146806
2019-06-07,249.33528,254.35229,246.5979,250.93036,250.93036,8379534528
2019-06-08,251.24931,252.3774,243.22911,245.7381,245.7381,7225996863
2019-06-09,245.54048,245.97282,229.25743,233.0867,233.0867,7566421456
2019-06-10,232.83014,247.66217,229.34177,247.52013,247.52013,8141159848
2019-06-11,247.86212,248.66258,239.82535,245.78183,245.78183,7382269700
2019-06-12,245.92549,261.01758,244.49132,260.90329,260.90329,8645598618
2019-06-13,260.91351,262.16312,255.59628,256.16879,256.16879,8442077836
2019-06-14,256.17966,265.3714,254.14743,264.08746,264.08746,8676891267
2019-06-15,263.93414,271.50558,262.12122,269.01932,269.01932,8126853944
2019-06-16,268.90115,278.14319,265.53534,269.22321,269.22321,9676746453
2019-06-17,269.09058,275.44257,268.35379,274.3511,274.3511,6009795781
2019-06-18,274.32025,274.32025,263.14444,265.05185,265.05185,6205242504
2019-06-19,265.05685,270.33337,264.75479,269.43179,269.43179,5516510947
2019-06-20,269.40787,274.07352,265.50046,271.69501,271.69501,6408981097
2019-06-21,271.7431,295.30331,271.7431,294.91028,294.91028,9331694140
2019-06-22,295.11508,315.18973,294.72824,309.38031,309.38031,10613731255
2019-06-23,309.41669,318.56567,305.76459,307.82779,307.82779,8161062380
2019-06-24,307.72214,312.32935,299.55954,310.42468,310.42468,8205712062
2019-06-25,310.67862,318.12631,307.64316,318.12631,318.12631,9641764965
2019-06-26,317.99258,361.39868,315.95486,336.75317,336.75317,16437084081
2019-06-27,336.9599,343.43344,278.57324,294.26764,294.26764,14038092503
2019-06-28,294.14304,313.03156,292.93982,311.2261,311.2261,11514656820
2019-06-29,311.28442,322.04355,294.75385,320.0589,320.0589,10929374565
2019-06-30,319.58405,322.78958,290.69598,290.69598,290.69598,10303111000
2019-07-01,290.26849,301.02615,280.02283,293.64111,293.64111,10292223948
2019-07-02,293.53726,295.65585,272.60257,291.59644,291.59644,10618413952
2019-07-03,291.76462,303.34204,291.40164,303.09998,303.09998,9926711979
2019-07-04,303.02509,303.96115,282.76575,284.52322,284.52322,8403513106
2019-07-05,284.38092,293.92114,282.6947,287.99753,287.99753,8723493015
2019-07-06,287.89383,295.99142,286.66586,287.54712,287.54712,7674615025
2019-07-07,287.60361,310.13931,286.10919,305.70056,305.70056,8119724981
2019-07-08,305.73477,314.26788,303.50046,313.2514,313.2514,9078905628
2019-07-09,313.32516,318.22311,305.28583,308.88101,308.88101,10055159803
2019-07-10,308.85129,313.06946,285.5658,290.00232,290.00232,11679985167
2019-07-11,289.94598,290.02106,266.09467,268.70404,268.70404,10216287022
2019-07-12,268.69226,278.85559,268.00003,276.2767,276.2767,8148936015
2019-07-13,276.28912,276.68524,263.06827,269.4588,269.4588,6716829429
2019-07-14,269.28162,269.64124,227.26921,227.57806,227.57806,8578339386
2019-07-15,227.96506,235.02565,210.39127,229.776,229.776,9723674244
2019-07-16,229.74866,234.51384,197.3779,199.18867,199.18867,9036620494
2019-07-17,199.06679,217.97563,193.99042,211.48497,211.48497,9387747640
2019-07-18,211.44461,229.2394,208.03773,226.56616,226.56616,9327816059
2019-07-19,226.6577,226.94048,215.83824,221.33342,221.33342,7606433131
2019-07-20,221.41266,234.19846,221.18948,229.11922,229.11922,7976245988
2019-07-21,229.16769,229.86166,219.02776,225.63077,225.63077,6685082868
2019-07-22,225.69865,226.86258,213.44838,217.56001,217.56001,6338843919
2019-07-23,217.56847,218.51805,209.63812,212.72852,212.72852,6976091534
2019-07-24,212.55382,217.53543,203.8934,217.04637,217.04637,7168982843
2019-07-25,216.96912,224.2542,216.13515,219.618,219.618,6731281160
2019-07-26,219.62813,220.23639,214.12569,219.62961,219.62961,5729852178
2019-07-27,219.61763,223.51726,204.90393,207.40831,207.40831,6257703908
2019-07-28,207.41377,212.04184,202.2529,211.18655,211.18655,5504887934
2019-07-29,211.12366,213.93205,208.76431,211.26805,211.26805,5485190664
2019-07-30,211.3392,213.61407,206.86761,210.5226,210.5226,5489918859
2019-07-31,210.49242,218.65414,210.43791,218.65414,218.65414,6003828340
2019-08-01,218.5546,218.81265,212.91451,217.80844,217.80844,5965442642
2019-08-02,217.88446,222.18257,215.97583,217.87157,217.87157,6159440229
2019-08-03,217.89555,224.62323,217.33174,222.49034,222.49034,5697798687
2019-08-04,222.58081,224.22729,218.49217,222.66972,222.66972,5238542572
2019-08-05,222.65088,235.63528,222.60388,234.21503,234.21503,7765060287
2019-08-06,234.24559,239.11591,223.55118,226.02065,226.02065,7647742672
2019-08-07,225.92529,229.65657,222.77545,226.39101,226.39101,7020342210
2019-08-08,226.51848,226.77472,216.51625,220.94186,220.94186,6713525644
2019-08-09,220.90865,221.36433,208.24597,210.48891,210.48891,6964818795
2019-08-10,210.53017,213.73483,203.79311,206.73354,206.73354,6584748527
2019-08-11,206.73224,216.59865,206.5108,216.09286,216.09286,6440605605
2019-08-12,216.05591,216.14256,210.94649,211.28807,211.28807,5674315559
2019-08-13,211.3427,211.38441,205.4225,208.70905,208.70905,5946313205
2019-08-14,208.60399,209.06644,186.33192,186.60774,186.60774,7444456154
2019-08-15,186.6835,189.46216,178.14256,188.50206,188.50206,8197244441
2019-08-16,188.64426,188.90559,180.38484,185.44008,185.44008,7133915837
2019-08-17,185.53166,186.70314,182.59389,185.68768,185.68768,5512696513
2019-08-18,185.84109,197.52249,183.69225,194.49353,194.49353,5969012024
2019-08-19,194.55603,203.56015,193.10825,203.09193,203.09193,6145148692
2019-08-20,202.81314,203.01599,195.61954,196.56541,196.56541,6408417610
2019-08-21,196.62169,197.02744,182.68918,186.89163,186.89163,7775772700
2019-08-22,186.94124,194.41551,183.38452,191.33292,191.33292,7569043874
2019-08-23,191.10687,195.90649,189.56232,194.70621,194.70621,6658162377
2019-08-24,194.67163,194.78499,187.62726,191.28957,191.28957,6249737982
2019-08-25,191.23479,192.16333,184.96475,186.84239,186.84239,5826017143
2019-08-26,186.73555,193.44218,186.73555,188.92938,188.92938,7207986636
2019-08-27,188.95006,188.96318,185.47293,187.51666,187.51666,6042327402
2019-08-28,187.4955,187.93088,172.18561,173.88997,173.88997,6696604087
2019-08-29,173.95869,173.9964,167.1709,169.51674,169.51674,7129569083
2019-08-30,169.48929,170.77351,167.07141,168.83487,168.83487,5776520220
2019-08-31,168.88789,174.32397,167.80258,172.46979,172.46979,5830212249
2019-09-01,172.4584,173.69685,169.53128,171.62943,171.62943,5554799576
2019-09-02,171.6976,180.14522,170.45169,178.34735,178.34735,6503447137
2019-09-03,178.35776,182.34799,175.97017,179.49933,179.49933,6962728938
2019-09-04,179.49199,180.1366,175.32536,175.99289,175.99289,5938120494
2019-09-05,175.96628,176.16391,171.74683,174.21713,174.21713,5589476516
2019-09-06,174.17223,177.7187,168.34134,169.95618,169.95618,6797611878
2019-09-07,169.95528,180.85161,169.44412,178.26262,178.26262,6791531342
2019-09-08,178.28259,182.97708,178.1425,181.35553,181.35553,6472677266
2019-09-09,181.36249,184.14946,177.41936,181.14946,181.14946,7232938985
2019-09-10,181.21284,184.06343,178.12242,179.78717,179.78717,6291476772
2019-09-11,179.83949,181.75746,176.50092,178.72549,178.72549,7157139035
2019-09-12,178.80377,181.99857,177.84732,181.0161,181.0161,5838605477
2019-09-13,180.97559,181.49829,178.58205,181.10973,181.10973,5955041237
2019-09-14,181.32158,188.44693,180.37221,188.10551,188.10551,6500686511
2019-09-15,188.06844,190.39934,186.44733,189.78912,189.78912,6222874780
2019-09-16,189.68933,198.20497,189.68933,197.11317,197.11317,8242029488
2019-09-17,197.11476,213.73195,196.71548,208.60875,208.60875,10232590812
2019-09-18,208.0506,216.7115,208.0506,211.39304,211.39304,9194634557
2019-09-19,211.24724,222.87169,204.68578,221.28085,221.28085,10620070913
2019-09-20,221.06963,221.59856,215.15964,218.05005,218.05005,8027974273
2019-09-21,217.89738,220.9583,215.00017,215.5162,215.5162,7743309778
2019-09-22,215.48656,216.08624,207.64493,211.54538,211.54538,7812854576
2019-09-23,211.71321,211.84052,201.88724,201.92131,201.92131,7494673136
2019-09-24,201.84209,203.50055,162.72778,168.11073,168.11073,11757739233
2019-09-25,168.13358,174.71977,164.91348,170.8927,170.8927,9766632018
2019-09-26,170.75691,171.69264,157.13033,166.72713,166.72713,7848286154
2019-09-27,166.6517,175.61078,163.2095,174.711,174.711,7909313625
2019-09-28,174.68083,175.77873,170.77396,174.57289,174.57289,6895423445
2019-09-29,174.61275,175.21022,166.9977,170.50348,170.50348,6497088199
2019-09-30,170.46135,179.87221,167.03661,179.87221,179.87221,7552915148
2019-10-01,180.20912,185.04553,175.81265,177.34042,177.34042,7676276225
2019-10-02,177.22406,180.82613,175.33427,180.71051,180.71051,6335595250
2019-10-03,180.7037,180.79921,172.59987,175.19934,175.19934,6381403725
2019-10-04,175.23843,178.55208,173.56409,176.985,176.985,6248928449
2019-10-05,176.94632,177.71324,173.06956,176.35152,176.35152,5837211771
2019-10-06,176.36438,177.36455,171.29977,173.05914,173.05914,5852890674
2019-10-07,172.94034,182.35635,171.52782,181.18634,181.18634,7844316834
2019-10-08,181.11336,184.35997,179.13339,182.02156,182.02156,7466282780
2019-10-09,182.0363,194.30049,180.66844,193.29326,193.29326,9088122101
2019-10-10,193.19107,193.89693,188.30647,191.65967,191.65967,8375913276
2019-10-11,191.80107,195.3188,181.66183,182.56969,182.56969,9128522970
2019-10-12,182.53403,186.30489,179.98483,180.82664,180.82664,7494328840
2019-10-13,180.86131,185.07591,180.31715,182.07515,182.07515,6733182273
2019-10-14,182.02847,187.30362,181.66228,186.96091,186.96091,7276520699
2019-10-15,186.97705,187.75987,179.46278,181.40607,181.40607,7731456579
2019-10-16,181.34373,181.66861,174.06416,176.0135,176.0135,7691244590
2019-10-17,175.90689,178.89955,174.56583,178.02835,178.02835,6737237423
2019-10-18,177.98856,178.17979,171.00505,173.62134,173.62134,7566257807
2019-10-19,173.64944,175.60823,172.21545,172.91302,172.91302,6551453871
2019-10-20,172.97476,176.71869,171.21072,175.53438,175.53438,6801091120
2019-10-21,175.52475,177.74173,173.28775,174.92099,174.92099,6815820627
2019-10-22,174.90506,175.65002,172.26624,172.30086,172.30086,6990951966
2019-10-23,172.2628,172.42058,157.46342,162.40279,162.40279,9624925919
2019-10-24,162.51411,164.14757,160.88795,162.16855,162.16855,7300917537
2019-10-25,162.18971,183.00012,161.96602,181.52321,181.52321,10358594018
2019-10-26,181.66707,195.9425,176.1338,179.83548,179.83548,13831784986
2019-10-27,179.93263,188.15533,177.68236,184.24222,184.24222,10815941952
2019-10-28,184.39751,187.88316,180.24956,182.66281,182.66281,10406734124
2019-10-29,182.67038,191.84676,182.36436,190.34258,190.34258,10622761958
2019-10-30,190.3364,191.11194,181.54637,184.69217,184.69217,10484902804
2019-10-31,184.79762,188.75127,180.06836,183.96692,183.96692,9607939606
2019-11-01,183.8037,185.05971,181.0945,183.96989,183.96989,9145611130
2019-11-02,184.01816,185.70895,182.79767,183.92572,183.92572,8087991830
2019-11-03,183.99483,185.02422,179.81815,182.42502,182.42502,8760247744
2019-11-04,182.31903,188.02293,181.82161,186.35519,186.35519,10551917945
2019-11-05,186.30931,191.25783,184.33199,189.30417,189.30417,10024177342
2019-11-06,189.11349,193.54726,188.66768,191.59384,191.59384,10156458684
2019-11-07,191.5043,191.8611,186.567,187.97655,187.97655,9081247799
2019-11-08,187.92427,188.81598,182.54137,184.21147,184.21147,9176780911
2019-11-09,184.31172,185.83853,183.90224,185.02872,185.02872,7277418704
2019-11-10,184.94336,190.92061,184.68678,189.47728,189.47728,8752784211
2019-11-11,189.50293,190.33842,185.08632,185.48964,185.48964,7877424106
2019-11-12,185.56483,187.94803,184.19106,186.84341,186.84341,7792186666
2019-11-13,186.94244,189.33188,185.93794,188.25874,188.25874,7343173596
2019-11-14,188.27251,188.6346,184.99229,185.99963,185.99963,7872664470
2019-11-15,186.05817,186.25183,179.37956,180.52118,180.52118,8815678477
2019-11-16,180.4991,184.15527,179.98567,183.34836,183.34836,6789888120
2019-11-17,183.35083,188.19135,182.33681,185.11923,185.11923,7364325471
2019-11-18,185.04146,186.92715,179.17551,180.5596,180.5596,7787662111
2019-11-19,180.50246,182.528,175.19711,177.45555,177.45555,7536699743
2019-11-20,177.41528,178.99315,175.29044,175.69835,175.69835,7205785149
2019-11-21,175.6736,176.20921,159.36513,161.46272,161.46272,8546371325
2019-11-22,161.50589,163.02809,142.3441,150.26817,150.26817,12020749863
2019-11-23,150.21222,154.10156,147.60124,153.41779,153.41779,8289198330
2019-11-24,153.43053,153.96591,142.8347,142.8347,142.8347,7782769098
2019-11-25,142.69701,150.20796,133.80234,146.47653,146.47653,10962753356
2019-11-26,146.40431,150.00476,145.21687,148.96507,148.96507,7648516297
2019-11-27,148.39682,154.88721,143.5256,153.01056,153.01056,8778095308
2019-11-28,153.06924,156.61359,151.09113,151.71758,151.71758,7346531960
2019-11-29,151.7686,156.8484,151.46043,155.30415,155.30415,7503898278
2019-11-30,155.28641,156.6913,151.22534,152.53969,152.53969,6565950868
2019-12-01,152.49193,152.49193,147.06793,151.18573,151.18573,7102780298
2019-12-02,151.17548,152.11696,147.6068,149.05916,149.05916,6670561362
2019-12-03,149.05824,150.31042,146.00168,147.95642,147.95642,6204379850
2019-12-04,147.91838,150.68082,145.00089,146.74774,146.74774,7865937094
2019-12-05,146.68649,153.1554,145.45908,149.24899,149.24899,6745910228
2019-12-06,149.39648,149.67052,147.60652,149.19444,149.19444,6458766441
2019-12-07,149.1976,149.79971,148.37477,148.76816,148.76816,5911233284
2019-12-08,148.74368,152.39293,148.31334,151.26472,151.26472,6441727252
2019-12-09,151.2244,151.91394,147.62137,148.22517,148.22517,6744206747
2019-12-10,148.17986,148.56447,144.90796,146.26704,146.26704,6859512025
2019-12-11,146.32065,147.13921,143.04536,143.608,143.608,7037180049
2019-12-12,143.61566,145.75165,141.43698,145.604,145.604,7890383413
2019-12-13,145.65569,145.8571,143.74652,144.94475,144.94475,7264810247
2019-12-14,144.95341,145.52908,142.43456,142.86923,142.86923,7048066973
2019-12-15,142.86499,143.92535,139.42696,143.11499,143.11499,7235153411
2019-12-16,143.13953,143.22485,132.45667,133.61403,133.61403,8992282119
2019-12-17,133.64719,134.01154,121.39508,122.60389,122.60389,9057166141
2019-12-18,122.65684,133.39417,119.78006,133.09219,133.09219,11864518321
2019-12-19,133.05278,134.19064,125.97166,129.32114,129.32114,9564699140
2019-12-20,129.38437,129.7563,126.98535,129.06606,129.06606,8173594150
2019-12-21,129.09596,129.14766,127.61209,128.13095,128.13095,7449064703
2019-12-22,128.09813,133.16003,127.92849,132.37251,132.37251,9121058481
2019-12-23,132.30699,134.73175,127.41672,128.61409,128.61409,9622497693
2019-12-24,128.62926,131.67229,127.30877,129.06389,129.06389,7961819689
2019-12-25,129.0685,129.0685,124.88549,126.45464,126.45464,8418019054
2019-12-26,126.48633,130.89835,125.40644,126.36122,126.36122,8600871980
2019-12-27,126.3688,128.09756,124.82081,127.21461,127.21461,8299390176
2019-12-28,127.21301,130.25816,126.8997,128.32271,128.32271,8069298610
2019-12-29,128.26688,136.8112,127.99766,134.75798,134.75798,9708776786
2019-12-30,134.79652,136.75735,131.54556,132.63348,132.63348,9796951716
2019-12-31,132.61227,133.73268,128.79816,129.61086,129.61086,8936866397
2020-01-01,129.63066,132.83536,129.19829,130.802,130.802,7935230330
2020-01-02,130.82004,130.82004,126.95491,127.41018,127.41018,8032709256
2020-01-03,127.41126,134.55402,126.49002,134.17171,134.17171,10476845358
2020-01-04,134.16852,136.05272,133.04056,135.06937,135.06937,7430904515
2020-01-05,135.0721,139.4102,135.04562,136.27678,136.27678,7526675353
2020-01-06,136.30554,144.32819,136.07964,144.30415,144.30415,9093747121
2020-01-07,144.312,145.00177,140.48888,143.54399,143.54399,9257954672
2020-01-08,143.48782,146.828,138.2682,141.25813,141.25813,9387194957
2020-01-09,141.15578,141.39398,136.2364,138.9792,138.9792,7697325348
2020-01-10,138.96704,144.16733,135.5204,143.96378,143.96378,9084816203
2020-01-11,143.4091,146.48091,142.20796,142.92711,142.92711,9332208590
2020-01-12,143.03255,146.14586,142.70764,145.87393,145.87393,8528167453
2020-01-13,146.22014,146.79123,142.90714,144.22659,144.22659,8378529470
2020-01-14,144.25105,167.68155,144.06493,165.95535,165.95535,16712318373
2020-01-15,165.73462,170.42567,161.10962,166.23068,166.23068,15173694057
2020-01-16,166.33282,167.05815,159.70964,164.39101,164.39101,13735193018
2020-01-17,164.48938,173.06921,162.7756,170.77995,170.77995,14997091826
2020-01-18,170.74773,178.52878,166.78902,175.36568,175.36568,14929342256
2020-01-19,175.46759,177.24763,163.67686,166.96985,166.96985,13713374132
2020-01-20,166.90413,169.11488,162.3316,167.12051,167.12051,11144529787
2020-01-21,167.06047,169.91011,165.81972,169.69716,169.69716,9789369362
2020-01-22,169.60854,171.0087,166.77423,168.29416,168.29416,9209827928
2020-01-23,168.2957,168.31224,160.29532,162.92856,162.92856,10396868698
2020-01-24,162.89937,164.30945,156.74974,163.05118,163.05118,10657671162
2020-01-25,163.06729,163.22723,158.63248,161.28394,161.28394,8256956802
2020-01-26,161.17682,168.22032,160.28113,168.0771,168.0771,9261861590
2020-01-27,168.00885,172.92291,166.90109,170.93089,170.93089,11004476145
2020-01-28,170.88486,176.37032,170.73807,176.37032,176.37032,11772875064
2020-01-29,176.34789,178.84297,175.05034,175.05034,175.05034,10725267311
2020-01-30,174.91771,186.26048,172.37463,184.69048,184.69048,12604789338
2020-01-31,184.73691,185.40584,176.29681,180.16017,180.16017,11728616394
2020-02-01,180.11377,183.84555,179.74518,183.67395,183.67395,11569697182
2020-02-02,183.5325,193.0804,180.17395,188.61754,188.61754,14054425389
2020-02-03,188.60741,193.43689,188.0127,189.86507,189.86507,12392875241
2020-02-04,189.86172,191.1115,185.40363,189.2506,189.2506,11714191695
2020-02-05,189.2991,206.804,188.75269,204.23024,204.23024,14865434435
2020-02-06,204.1297,214.59772,201.90407,212.33908,212.33908,16425589683
2020-02-07,212.31589,223.14093,212.3042,222.72606,222.72606,16673443564
2020-02-08,222.51097,226.58809,215.38629,223.14651,223.14651,16741203125
2020-02-09,222.98224,229.86424,222.98224,228.57857,228.57857,15031356241
2020-02-10,228.54913,229.18462,218.08005,223.52271,223.52271,16210008511
2020-02-11,223.38493,236.54713,218.61761,235.8512,235.8512,16964695963
2020-02-12,235.89822,272.39883,235.89627,265.40613,265.40613,24545049386
2020-02-13,265.0527,273.74106,258.92252,268.09924,268.09924,25801317504
2020-02-14,268.02328,285.05643,262.76251,284.2175,284.2175,23558253463
2020-02-15,284.56131,287.12369,264.27966,264.72858,264.72858,23682452994
2020-02-16,264.90405,272.88245,242.48441,259.89471,259.89471,25152366643
2020-02-17,259.89056,266.87125,244.33533,266.36343,266.36343,26024080089
2020-02-18,266.50882,283.19614,261.4639,281.94458,281.94458,26511477187
2020-02-19,282.03629,283.53793,259.76398,259.76398,259.76398,22679414413
2020-02-20,259.81985,263.6954,250.95126,257.94946,257.94946,23229828870
2020-02-21,257.89111,267.00485,255.68909,265.60062,265.60062,20867593292
2020-02-22,265.55157,266.38721,258.91315,262.33173,262.33173,16906032862
2020-02-23,262.27841,273.75415,261.96051,273.75415,273.75415,19585998814
2020-02-24,273.70508,275.53952,259.62515,265.21643,265.21643,22400845640
2020-02-25,265.28339,265.43149,246.85899,247.8176,247.8176,21878882134
2020-02-26,247.7402,249.6497,221.26656,225.68027,225.68027,26235617201
2020-02-27,225.68704,237.22893,212.66452,226.75339,226.75339,25645522790
2020-02-28,226.98761,234.20894,216.34621,226.7605,226.7605,22563530559
2020-02-29,226.83345,232.25662,219.84851,219.84851,219.84851,18181296376
2020-03-01,219.75269,226.67789,214.13043,218.9706,218.9706,18179807469
2020-03-02,218.71162,232.81158,217.28429,230.56978,230.56978,20305587789
2020-03-03,230.52397,232.32581,221.73267,224.47963,224.47963,19853178572
2020-03-04,224.56534,228.04042,222.08888,224.51797,224.51797,16567075208
2020-03-05,224.64189,234.36446,224.64189,229.26819,229.26819,18201291785
2020-03-06,229.16843,243.55498,228.74358,243.5253,243.5253,19374772256
2020-03-07,243.7502,249.97849,237.55128,237.85309,237.85309,19431652027
2020-03-08,237.78069,237.78069,200.60298,200.68906,200.68906,21381823651
2020-03-09,201.3185,207.4514,192.2699,201.98633,201.98633,23645428606
2020-03-10,202.86395,205.71425,198.0645,200.76724,200.76724,18344930072
2020-03-11,200.76804,202.9543,184.36215,194.86853,194.86853,16984790291
2020-03-12,194.73892,195.14793,111.21071,112.34712,112.34712,22134741655
2020-03-13,112.68999,137.42953,95.184303,133.20181,133.20181,27864623061
2020-03-14,133.58247,134.48438,122.41447,123.30602,123.30602,12740784545
2020-03-15,123.24606,132.24214,121.85365,125.2143,125.2143,12719251813
2020-03-16,124.99612,124.99612,105.17144,110.60587,110.60587,15984904590
2020-03-17,110.40678,118.98828,110.40678,113.94275,113.94275,12087490572
2020-03-18,113.85764,116.02162,111.74311,114.84227,114.84227,11617854009
2020-03-19,114.83983,140.52773,114.73286,136.59386,136.59386,16396753275
2020-03-20,136.64928,150.85381,122.60566,132.73717,132.73717,18960388062
2020-03-21,133.10176,135.97241,127.16376,132.81871,132.81871,13684083308
2020-03-22,132.85114,136.15164,122.90933,123.32115,123.32115,12497707224
2020-03-23,123.36598,134.91161,121.86788,134.91161,134.91161,14149877968
2020-03-24,135.19414,141.94853,133.16878,138.76144,138.76144,14609068673
2020-03-25,138.91496,141.40379,134.30423,136.19589,136.19589,13433092920
2020-03-26,136.19067,138.83057,134.88603,138.36156,138.36156,11367261176
2020-03-27,138.36993,139.90269,133.93794,133.93794,133.93794,11396286629
2020-03-28,134.03275,134.03275,126.96219,130.9865,130.9865,12162403960
2020-03-29,131.01534,131.17409,125.45005,125.58373,125.58373,9938133669
2020-03-30,125.5779,133.91147,125.28968,132.90454,132.90454,11841123306
2020-03-31,132.82092,134.27414,131.65289,133.59357,133.59357,11065246317
2020-04-01,133.61232,135.63455,129.73094,135.63455,135.63455,12456564435
2020-04-02,135.73218,146.78709,135.73218,142.02914,142.02914,15322861686
2020-04-03,142.11046,146.89987,139.61938,142.09131,142.09131,13184603402
2020-04-04,142.21518,145.3773,140.12183,145.21939,145.21939,11946658257
2020-04-05,145.26102,146.12852,142.10208,143.54665,143.54665,11280993591
2020-04-06,143.60822,169.27264,143.5446,169.13588,169.13588,21636382525
2020-04-07,169.14745,175.20413,164.20332,165.10194,165.10194,21659346091
2020-04-08,165.24033,173.21027,164.49319,172.64174,172.64174,17063110836
2020-04-09,172.76126,172.89778,167.98712,170.80714,170.80714,14901696210
2020-04-10,170.82927,170.94977,154.91447,158.41245,158.41245,17980944616
2020-04-11,158.53899,161.16757,155.29834,158.21602,158.21602,13555089447
2020-04-12,158.23239,164.51695,156.32051,161.14243,161.14243,15123721386
2020-04-13,160.72067,160.74969,151.61449,156.27956,156.27956,16465282133
2020-04-14,156.35596,160.94427,155.86594,157.59639,157.59639,14723156630
2020-04-15,157.56564,160.71112,152.80284,153.2869,153.2869,14171753737
2020-04-16,153.20042,173.15727,150.35942,172.15738,172.15738,22910469236
2020-04-17,172.27942,174.27591,169.75157,171.63858,171.63858,16714684266
2020-04-18,171.61807,187.94048,171.61807,186.914,186.914,20160323443
2020-04-19,186.86198,188.09892,180.12082,181.61496,181.61496,19146038381
2020-04-20,181.48022,186.08354,170.32127,172.29716,172.29716,21266681335
2020-04-21,172.01772,175.17847,170.55284,172.7377,172.7377,16458767984
2020-04-22,172.67039,183.75101,171.8266,182.59958,182.59958,17994666395
2020-04-23,182.62018,189.08887,180.34065,185.02867,185.02867,21275740032
2020-04-24,185.22211,190.21039,185.22211,189.23694,189.23694,16788555028
2020-04-25,189.2074,196.79237,188.45953,195.5153,195.5153,18260969748
2020-04-26,195.41359,199.34497,194.76807,197.31754,197.31754,18335367012
2020-04-27,197.47572,199.5528,193.45416,197.22472,197.22472,18670194595
2020-04-28,197.27351,198.78654,194.84943,198.41539,198.41539,18217507467
2020-04-29,198.46519,218.45464,198.12451,216.96823,216.96823,26397548759
2020-04-30,216.90913,227.52969,206.43692,207.60205,207.60205,28089191904
2020-05-01,207.90173,217.62802,207.78088,214.2191,214.2191,20816320834
2020-05-02,214.23009,215.84753,212.87868,215.32538,215.32538,18260876092
2020-05-03,215.35207,219.27087,208.69237,210.93315,210.93315,20469034664
2020-05-04,210.89085,211.82838,199.04773,208.17401,208.17401,22602446422
2020-05-05,208.013,211.77863,204.03113,206.7744,206.7744,19004689099
2020-05-06,206.48135,211.53462,204.04088,204.05579,204.05579,20343543799
2020-05-07,203.91286,214.39247,202.07484,212.28941,212.28941,23594744655
2020-05-08,212.19824,216.32768,208.83073,212.99158,212.99158,20445139356
2020-05-09,213.14217,214.73912,209.07152,211.60013,211.60013,18950547549
2020-05-10,211.5522,211.5522,182.71117,188.59956,188.59956,25211575193
2020-05-11,188.63219,191.36234,180.71834,185.91284,185.91284,20054601647
2020-05-12,185.87733,191.60135,185.7018,189.3125,189.3125,15899726284
2020-05-13,189.3741,200.19733,189.1277,199.19328,199.19328,17054662289
2020-05-14,198.89151,204.1176,196.86882,202.9491,202.9491,20150524861
2020-05-15,202.9554,203.56639,193.75568,195.62267,195.62267,16602342092
2020-05-16,195.61339,202.77119,194.50159,200.67712,200.67712,15379081645
2020-05-17,200.60887,209.16093,200.1028,207.15869,207.15869,15470397303
2020-05-18,207.17978,215.90846,207.10907,214.52505,214.52505,17411566928
2020-05-19,214.60493,214.60493,210.14305,213.45111,213.45111,14346192779
2020-05-20,213.44624,214.71683,207.97581,210.09674,210.09674,12730175511
2020-05-21,210.12915,211.62518,193.34644,199.88361,199.88361,13308321229
2020-05-22,199.83711,208.59154,198.04086,207.16919,207.16919,12041592114
2020-05-23,207.19449,210.38646,205.29422,208.6944,208.6944,10665476768
2020-05-24,208.71606,210.59508,202.37035,202.37035,202.37035,11833299572
2020-05-25,201.98265,206.36145,200.66756,205.31975,205.31975,10415044124
2020-05-26,205.25957,205.75255,200.26428,201.90231,201.90231,10159741290
2020-05-27,201.89301,208.86343,201.78506,208.86343,208.86343,10631034756
2020-05-28,208.88544,220.2765,206.24266,219.84042,219.84042,12212469604
2020-05-29,219.92505,224.21687,218.23805,220.67513,220.67513,12265816557
2020-05-30,220.71721,243.94315,218.74446,242.3456,242.3456,15027397867
2020-05-31,242.35138,244.04526,230.05283,230.97571,230.97571,12234904813
2020-06-01,230.86026,248.23628,230.48805,246.99176,246.99176,13951727936
2020-06-02,246.82819,252.222,233.2253,237.21906,237.21906,13782107567
2020-06-03,237.39522,244.17932,235.46445,244.17932,244.17932,9861760817
2020-06-04,244.10529,245.92897,236.7653,244.42639,244.42639,10170414304
2020-06-05,244.34959,247.3295,240.68205,241.22198,241.22198,9293963914
2020-06-06,241.20135,245.98105,239.72453,241.93132,241.93132,8114873845
2020-06-07,241.90808,245.43526,236.32526,245.16725,245.16725,9544883157
2020-06-08,245.17857,246.6442,241.54219,246.30991,246.30991,8076783299
2020-06-09,246.17502,248.34244,242.33855,244.91145,244.91145,8446545788
2020-06-10,244.82207,248.65115,242.81975,247.44495,247.44495,8792990206
2020-06-11,247.54854,249.88831,229.94298,231.70267,231.70267,12356528860
2020-06-12,231.62546,239.35469,229.64507,237.49321,237.49321,8868955009
2020-06-13,237.54462,239.1931,235.88968,238.90884,238.90884,7141624980
2020-06-14,238.96819,239.10146,232.95819,234.1147,234.1147,7439385176
2020-06-15,234.0583,234.23784,221.24176,229.92891,229.92891,10536099884
2020-06-16,229.7623,236.3943,228.42615,234.41617,234.41617,7965648016
2020-06-17,234.49237,235.95406,229.34164,233.02827,233.02827,7701391592
2020-06-18,232.8987,234.57065,228.95143,232.10117,232.10117,6713800872
2020-06-19,231.95497,232.15411,226.79518,227.13829,227.13829,6946372590
2020-06-20,226.97636,231.44902,226.64062,229.27426,229.27426,6252830566
2020-06-21,229.21614,232.35895,228.493,228.98982,228.98982,5600408178
2020-06-22,229.00337,243.77602,228.93474,242.53319,242.53319,9079586552
2020-06-23,242.53702,244.86441,239.75974,244.14215,244.14215,6624530348
2020-06-24,244.18593,248.50803,232.80774,235.77246,235.77246,8815030025
2020-06-25,235.70285,236.05341,230.2966,232.94449,232.94449,7010426122
2020-06-26,232.87749,233.90193,229.25946,229.66805,229.66805,7187490226
2020-06-27,229.63148,232.49342,220.56458,222.95979,222.95979,6918380955
2020-06-28,222.91449,228.59828,219.47267,225.34717,225.34717,6205925718
2020-06-29,225.36143,229.90321,222.25499,228.19487,228.19487,6726164653
2020-06-30,227.96843,229.47681,224.81519,226.315,226.315,6094093001
2020-07-01,226.13458,232.75612,224.83574,231.11342,231.11342,6463737443
2020-07-02,231.28891,232.39688,225.46196,229.3922,229.3922,6212210566
2020-07-03,229.31895,229.62932,224.91397,225.38707,225.38707,5109032700
2020-07-04,225.28848,230.05414,225.13332,229.07411,229.07411,5228310135
2020-07-05,228.9762,229.85672,224.54449,227.6646,227.6646,5292172429
2020-07-06,227.68501,242.13271,227.02953,241.51022,241.51022,8782917553
2020-07-07,240.9726,242.68185,234.21866,239.07553,239.07553,6441497597
2020-07-08,239.15997,248.30887,238.39838,246.67001,246.67001,9892586411
2020-07-09,246.74829,247.29167,239.89865,243.01596,243.01596,8429099199
2020-07-10,242.86801,242.88379,236.73053,240.98499,240.98499,7281370522
2020-07-11,241.04478,241.52748,238.33124,239.45818,239.45818,5643067316
2020-07-12,239.45964,243.31114,237.77022,242.1317,242.1317,6596394718
2020-07-13,242.18187,244.31052,238.23238,239.60458,239.60458,7787751468
2020-07-14,239.97562,242.00378,237.79619,240.21149,240.21149,7357458555
2020-07-15,240.14365,241.40269,237.09618,238.42352,238.42352,6189328448
2020-07-16,238.45091,239.00626,231.62117,233.64088,233.64088,5832057567
2020-07-17,233.69139,234.41507,232.10997,232.77309,232.77309,5859850529
2020-07-18,232.85568,236.54398,232.32489,235.48381,235.48381,5397402117
2020-07-19,235.4583,239.16069,233.27974,238.48752,238.48752,6251377305
2020-07-20,238.49487,239.57625,234.85265,236.15317,236.15317,5600686192
2020-07-21,236.30251,246.18626,235.68097,245.01672,245.01672,6806696015
2020-07-22,245.03726,262.98505,242.48434,262.19064,262.19064,7702077383
2020-07-23,262.38864,277.58347,261.04709,274.68906,274.68906,10281309262
2020-07-24,274.72269,286.19284,269.23978,279.21542,279.21542,9466060358
2020-07-25,279.02637,306.741,279.02637,304.05676,304.05676,10785021813
2020-07-26,303.69238,316.38632,300.26782,309.64362,309.64362,12003973026
2020-07-27,309.65793,330.7012,309.65793,321.5141,321.5141,15644257058
2020-07-28,321.82974,325.90598,307.72134,316.65726,316.65726,12357108065
2020-07-29,316.55536,324.3808,313.10959,318.19089,318.19089,10878845706
2020-07-30,318.14499,338.6312,315.7511,334.58664,334.58664,11827689045
2020-07-31,334.63373,348.61136,329.34094,345.55466,345.55466,12030600492
2020-08-01,345.79861,388.84796,343.58743,385.19971,385.19971,14045259477
2020-08-02,385.54987,411.2283,357.14365,370.67172,370.67172,18909744275
2020-08-03,371.13385,396.50699,369.33633,386.29517,386.29517,12834648062
2020-08-04,386.15646,400.70062,382.98511,389.87549,389.87549,14086704221
2020-08-05,389.71082,406.30396,386.21848,401.59058,401.59058,12875466638
2020-08-06,401.58386,403.48868,392.60019,394.96194,394.96194,11304626458
2020-08-07,395.22687,398.24902,367.93552,379.51285,379.51285,12751687084
2020-08-08,379.55157,393.98737,377.34973,393.98737,393.98737,9342060531
2020-08-09,395.30524,399.73709,385.83072,391.12045,391.12045,9451065592
2020-08-10,391.0415,399.37595,391.0415,395.88757,395.88757,11685827893
2020-08-11,395.89471,398.47891,370.86063,380.38406,380.38406,12792218737
2020-08-12,380.06381,391.31232,367.92361,391.02417,391.02417,12408772745
2020-08-13,390.8381,432.9046,379.71088,428.74179,428.74179,18480303526
2020-08-14,428.67728,444.57776,423.34586,437.39783,437.39783,15064589987
2020-08-15,437.56299,441.75461,429.8746,433.35492,433.35492,12416067894
2020-08-16,433.35059,436.26584,415.08624,433.78662,433.78662,12168816874
2020-08-17,433.97375,442.73499,422.64728,429.53125,429.53125,13227089410
2020-08-18,429.66962,432.58029,419.6741,423.66931,423.66931,11978984079
2020-08-19,423.73859,427.02466,396.67834,406.46378,406.46378,13137391167
2020-08-20,406.75891,418.73444,404.02609,416.43979,416.43979,10043032427
2020-08-21,416.14877,418.63797,387.44113,389.12634,389.12634,11781796374
2020-08-22,389.0311,396.46658,382.81464,395.83514,395.83514,10131847985
2020-08-23,395.56284,396.49042,385.03979,391.38449,391.38449,8137303970
2020-08-24,391.67899,409.38858,389.31461,408.1442,408.1442,10328860398
2020-08-25,408.07169,408.52792,374.35538,384.00104,384.00104,12428442042
2020-08-26,383.97745,391.87326,378.70584,386.46613,386.46613,9967343483
2020-08-27,386.60986,395.34918,374.86649,382.63263,382.63263,10457777652
2020-08-28,382.62958,397.75763,381.27383,395.87466,395.87466,9120674421
2020-08-29,395.68759,405.61636,393.03741,399.92148,399.92148,8777703481
2020-08-30,399.6167,428.66397,399.60837,428.39572,428.39572,11211948040
2020-08-31,428.509,438.56033,419.77017,435.07974,435.07974,12774741797
2020-09-01,434.87445,487.21188,432.07919,477.05191,477.05191,18862763756
2020-09-02,477.00787,480.33099,424.46002,440.0405,440.0405,19691854014
2020-09-03,440.23999,449.53247,381.1297,385.67194,385.67194,19622845896
2020-09-04,384.67163,402.41174,371.63669,388.24115,388.24115,16747106257
2020-09-05,388.03839,394.17227,316.77435,335.26007,335.26007,29880047640
2020-09-06,335.33456,359.76404,319.0419,353.36227,353.36227,27643678917
2020-09-07,353.45026,358.21188,326.25436,352.67349,352.67349,21763614732
2020-09-08,353.20227,355.56287,328.81677,337.60211,337.60211,17991403432
2020-09-09,337.82492,359.16449,332.16501,351.11002,351.11002,14547933520
2020-09-10,351.42932,377.39359,351.11176,368.1019,368.1019,31421134556
2020-09-11,368.1185,376.6304,355.58258,374.69559,374.69559,27296269329
2020-09-12,374.5954,387.53845,367.84219,387.18311,387.18311,13295405814
2020-09-13,387.51929,388.95981,354.34018,365.57001,365.57001,15005899191
2020-09-14,365.69958,384.4852,357.56976,377.26886,377.26886,17536695361
2020-09-15,377.15402,381.5083,363.60681,364.8392,364.8392,16140584321
2020-09-16,364.74399,372.76743,356.68274,365.81229,365.81229,16107612177
2020-09-17,365.86578,393.90161,364.79514,389.01923,389.01923,19899531080
2020-09-18,389.33749,391.90414,376.965,384.36453,384.36453,14108357740
2020-09-19,384.04166,387.07635,378.72406,385.54437,385.54437,11049507684
2020-09-20,385.59799,385.59799,367.09436,371.05283,371.05283,12292195784
2020-09-21,371.40015,375.73703,336.06897,341.78607,341.78607,17398267133
2020-09-22,341.72382,346.60083,336.85504,344.50317,344.50317,12732578043
2020-09-23,344.5899,344.67139,318.96921,321.1163,321.1163,12899346599
2020-09-24,320.98502,351.46149,318.5451,349.35559,349.35559,15714304470
2020-09-25,349.41144,357.77274,339.01593,352.18326,352.18326,14381086966
2020-09-26,352.35089,355.85477,348.10712,355.4881,355.4881,13049148579
2020-09-27,354.9599,361.98441,349.83408,357.43851,357.43851,13598126926
2020-09-28,357.92593,366.43216,354.54764,355.15942,355.15942,14258455166
2020-09-29,354.36301,360.35336,352.14685,359.75739,359.75739,11600013236
2020-09-30,360.03851,361.17877,353.32794,359.93787,359.93787,11818610610
2020-10-01,360.30914,369.2644,346.47705,353.2059,353.2059,14679481911
2020-10-02,352.94968,354.11542,336.46716,346.23892,346.23892,14215390463
2020-10-03,346.21863,351.30771,344.66656,346.52209,346.52209,10060167889
2020-10-04,346.60223,354.04575,345.13101,352.57901,352.57901,10696959020
2020-10-05,352.73682,355.21408,349.6799,353.95679,353.95679,11809507622
2020-10-06,353.95648,354.98901,338.0033,340.81586,340.81586,12830796112
2020-10-07,340.94308,342.45084,334.54556,341.80865,341.80865,11929918060
2020-10-08,342.04465,352.21149,335.64749,350.76614,350.76614,13461017711
2020-10-09,351.11288,368.31033,348.20584,365.59048,365.59048,13043501763
2020-10-10,365.40247,378.26715,365.35403,370.96759,370.96759,13618484324
2020-10-11,370.92844,377.2468,369.82803,375.14206,375.14206,12584512533
2020-10-12,374.79874,395.12216,366.64233,387.73126,387.73126,15867455424
2020-10-13,387.14294,387.37567,375.58246,381.19077,381.19077,14226744838
2020-10-14,381.97147,387.29617,374.17502,379.48404,379.48404,13918846567
2020-10-15,379.19223,381.20877,371.35413,377.44183,377.44183,14964182545
2020-10-16,377.8685,380.02151,362.59741,366.229,366.229,14670784817
2020-10-17,366.01572,369.76813,364.48901,368.85593,368.85593,10951115359
2020-10-18,368.72754,378.59766,368.12915,378.21368,378.21368,11047103109
2020-10-19,378.46964,383.31766,373.70227,379.93561,379.93561,12811242092
2020-10-20,379.7197,380.76102,367.60107,369.1369,369.1369,13741586582
2020-10-21,369.05942,400.62726,368.72797,392.18997,392.18997,20241324322
2020-10-22,391.48862,420.14166,391.27631,413.77298,413.77298,15772846485
2020-10-23,414.05133,418.95993,403.08203,409.76669,409.76669,14256222052
2020-10-24,409.76724,416.59967,407.85172,412.45761,412.45761,12201739194
2020-10-25,412.45764,417.15921,405.35065,406.21777,406.21777,10890207469
2020-10-26,406.21799,411.27988,383.7829,393.88831,393.88831,15155684229
2020-10-27,393.88818,409.77286,390.60846,403.99704,403.99704,13940434102
2020-10-28,403.9971,408.96475,381.14633,388.65076,388.65076,15276441134
2020-10-29,388.65106,393.22769,381.28876,386.7301,386.7301,12920477749
2020-10-30,386.73026,391.46472,375.09241,382.81998,382.81998,13688056970
2020-10-31,382.82004,393.01013,381.29526,386.59033,386.59033,11276963426
2020-11-01,386.59033,397.11612,385.16553,396.35818,396.35818,10475146018
2020-11-02,396.35599,403.24075,381.01764,383.15674,383.15674,13997574252
2020-11-03,383.15604,389.51538,371.31274,387.60217,387.60217,12588494762
2020-11-04,387.60321,407.66565,377.82761,402.142,402.142,15126077675
2020-11-05,402.14294,417.52594,397.24582,414.06735,414.06735,15440711038
2020-11-06,414.06671,456.20062,412.9823,454.7193,454.7193,16738305610
2020-11-07,454.72256,465.67548,428.45636,435.71313,435.71313,18873289788
2020-11-08,435.71881,457.78046,433.15378,453.55478,453.55478,11292383601
2020-11-09,453.57416,457.34961,435.16388,444.16306,444.16306,13704320630
2020-11-10,444.16638,453.75836,439.60013,449.67963,449.67963,12090381666
2020-11-11,449.67966,473.57886,449.52493,462.96054,462.96054,14075403511
2020-11-12,462.95953,467.67783,452.07242,461.00528,461.00528,12877327234
2020-11-13,461.00549,475.21725,457.29825,474.62643,474.62643,13191505725
2020-11-14,474.62643,475.16144,452.98608,460.14984,460.14984,10312037942
2020-11-15,460.1499,460.99408,440.25433,447.55908,447.55908,10308617165
2020-11-16,447.55899,463.83102,445.50162,459.94031,459.94031,11441239444
2020-11-17,464.40665,482.23221,460.77661,480.36008,480.36008,14593057877
2020-11-18,480.34683,491.99991,465.83096,479.48407,479.48407,17880199224
2020-11-19,479.48102,480.12173,465.70425,471.63043,471.63043,12473929218
2020-11-20,471.63147,513.61035,471.63147,509.74457,509.74457,18629943296
2020-11-21,509.7446,550.22742,504.23776,549.48663,549.48663,20757099184
2020-11-22,549.48663,579.3725,514.51721,558.06812,558.06812,21967049601
2020-11-23,558.05951,609.98761,551.26526,608.45404,608.45404,27272302872
2020-11-24,608.52277,621.1734,593.83514,603.89777,603.89777,23281758100
2020-11-25,603.90204,605.09418,559.67139,570.68665,570.68665,20088492893
2020-11-26,570.51489,575.64148,485.49731,518.80115,518.80115,31104004592
2020-11-27,519.10809,530.77716,497.24261,517.49371,517.49371,16831105703
2020-11-28,517.59735,548.04486,508.12537,538.2298,538.2298,14770243833
2020-11-29,538.26459,576.60242,531.98755,575.75806,575.75806,15017517758
2020-11-30,575.75708,615.24054,571.53778,614.84253,614.84253,20276867833
2020-12-01,615.07031,635.16058,571.75397,587.32416,587.32416,27178964465
2020-12-02,587.2616,604.02246,578.74103,598.35236,598.35236,16883292129
2020-12-03,598.45923,622.4527,588.34637,616.70874,616.70874,16146190946
2020-12-04,616.72278,618.98315,569.28351,569.35419,569.35419,16337589997
2020-12-05,569.34766,596.59546,563.10663,596.59546,596.59546,13498010566
2020-12-06,596.56866,606.79193,584.41174,601.909,601.909,11290893016
2020-12-07,601.79712,602.91791,585.42865,591.84338,591.84338,10720480962
2020-12-08,591.90082,594.75159,552.46924,554.82776,554.82776,14398919320
2020-12-09,554.79291,577.28839,532.99841,573.47913,573.47913,15855915840
2020-12-10,573.50403,574.60016,549.78406,559.67853,559.67853,11672582040
2020-12-11,559.6792,560.37671,537.81165,545.79736,545.79736,11098819124
2020-12-12,545.57855,573.33942,545.24561,568.56732,568.56732,8534557897
2020-12-13,568.60986,593.78125,564.56598,589.66321,589.66321,9070377862
2020-12-14,589.78247,590.49298,577.11841,586.01117,586.01117,8125837102
2020-12-15,586.02179,596.24774,580.62878,589.35559,589.35559,9326645840
2020-12-16,589.37866,636.64032,582.03912,636.18182,636.18182,15817248373
2020-12-17,636.15417,673.83423,628.74939,642.86896,642.86896,25479532147
2020-12-18,642.91699,662.6991,632.35608,654.81195,654.81195,15756303983
2020-12-19,654.62421,668.76959,646.61621,659.29791,659.29791,12830893778
2020-12-20,659.18506,659.92371,625.01447,638.29083,638.29083,13375855442
2020-12-21,638.31519,646.84656,600.83606,609.81787,609.81787,14419493621
2020-12-22,609.42053,635.0766,589.552,634.85419,634.85419,14745890080
2020-12-23,634.82458,637.1228,560.36426,583.7146,583.7146,15261413038
2020-12-24,584.13562,613.81519,568.59637,611.60718,611.60718,14317413703
2020-12-25,611.55457,633.0614,605.42444,626.41071,626.41071,13520927700
2020-12-26,626.49805,650.72144,617.4021,635.83582,635.83582,14761125202
2020-12-27,635.88715,711.39355,628.33496,682.64233,682.64233,26093552821
2020-12-28,683.20581,745.87775,683.20581,730.39734,730.39734,24222565862
2020-12-29,730.3587,737.95288,692.14941,731.52014,731.52014,18710683199
2020-12-30,731.47284,754.30322,720.98889,751.61896,751.61896,17294574210
2020-12-31,751.62665,754.29944,726.5119,737.80341,737.80341,13926846861
2021-01-01,737.70837,749.20184,719.79224,730.36755,730.36755,13652004358
2021-01-02,730.40265,786.79846,718.1095,774.53497,774.53497,19740771179
2021-01-03,774.51184,1006.565,771.56165,975.50769,975.50769,45200463368
2021-01-04,977.05884,1153.1892,912.30536,1040.233,1040.233,56945985763
2021-01-05,1041.4988,1129.3715,986.81128,1100.0061,1100.0061,41535932781
2021-01-06,1101.005,1209.4286,1064.2334,1207.1122,1207.1122,44699914188
2021-01-07,1208.0784,1282.5796,1167.4431,1225.6781,1225.6781,40468027280
2021-01-08,1225.9679,1273.8275,1076.0815,1224.1971,1224.1971,44334826666
2021-01-09,1223.7405,1303.8718,1182.2704,1281.0773,1281.0773,33233105361
2021-01-10,1280.8711,1347.9261,1194.7156,1262.2467,1262.2467,40616938053
2021-01-11,1261.6229,1261.6229,924.92261,1090.1454,1090.1454,60733630300
2021-01-12,1088.5267,1149.2402,1012.7642,1043.4346,1043.4346,37494601692
2021-01-13,1043.741,1134.3385,994.54907,1130.7394,1130.7394,30109792795
2021-01-14,1130.2312,1244.1631,1093.0608,1218.453,1218.453,33410915929
2021-01-15,1221.8772,1250.5059,1090.7211,1171.8346,1171.8346,35972039310
2021-01-16,1171.4431,1290.0536,1157.6238,1233.5376,1233.5376,32319240157
2021-01-17,1233.4534,1265.6447,1174.3885,1230.1722,1230.1722,29258032819
2021-01-18,1230.3132,1259.4501,1187.311,1257.2795,1257.2795,25817455560
2021-01-19,1257.4346,1432.3,1254.5229,1377.2959,1377.2959,47195935190
2021-01-20,1375.2484,1405.7441,1243.2999,1382.274,1382.274,46784030909
2021-01-21,1382.6844,1382.6844,1098.4762,1121.5709,1121.5709,45932464754
2021-01-22,1118.889,1271.6876,1046.5966,1236.5122,1236.5122,43918338506
2021-01-23,1235.2679,1272.1511,1200.8933,1230.9906,1230.9906,27253895441
2021-01-24,1231.2106,1395.1113,1225.274,1391.6094,1391.6094,36418163554
2021-01-25,1390.6399,1467.7849,1304.974,1324.4148,1324.4148,43565777745
2021-01-26,1323.7417,1376.0851,1253.3403,1357.0581,1357.0581,41572917750
2021-01-27,1358.3334,1368.0741,1215.3113,1253.1871,1253.1871,39394416990
2021-01-28,1251.2798,1356.2887,1226.174,1332.4922,1332.4922,34637234789
2021-01-29,1369.0868,1428.9812,1292.2401,1382.5228,1382.5228,53611955259
2021-01-30,1382.2319,1402.3998,1328.5291,1376.1155,1376.1155,30616574234
2021-01-31,1376.8236,1378.916,1288.5016,1314.9862,1314.9862,25198853581
2021-02-01,1314.8552,1373.8458,1274.3578,1369.0405,1369.0405,29210670920
2021-02-02,1369.5051,1542.991,1362.7712,1515.1937,1515.1937,45437142801
2021-02-03,1514.7697,1660.9095,1510.0103,1660.9095,1660.9095,41874566399
2021-02-04,1661.1702,1689.1866,1561.8535,1594.7627,1594.7627,44396871836
2021-02-05,1594.7933,1756.511,1594.7933,1718.6509,1718.6509,40108628454
2021-02-06,1717.7975,1738.3145,1649.0687,1677.8468,1677.8468,39873420648
2021-02-07,1677.6057,1690.0366,1501.7502,1614.2278,1614.2278,39889440151
2021-02-08,1613.6422,1770.5908,1571.58,1746.6168,1746.6168,48012285956
2021-02-09,1746.9261,1815.9636,1711.6206,1768.035,1768.035,44180727529
2021-02-10,1768.0398,1826.6968,1686.5424,1744.2434,1744.2434,41916084617
2021-02-11,1743.7142,1806.5391,1708.6792,1783.798,1783.798,36021495262
2021-02-12,1783.4891,1861.3569,1744.1689,1843.5326,1843.5326,37905036865
2021-02-13,1843.9868,1871.6035,1770.6121,1814.1099,1814.1099,35359490535
2021-02-14,1814.3723,1848.1541,1789.9142,1805.0841,1805.0841,31439114900
2021-02-15,1804.6768,1833.8306,1683.9066,1779.791,1779.791,38955610883
2021-02-16,1778.9456,1824.5187,1729.642,1781.0675,1781.0675,34269369268
2021-02-17,1781.3501,1853.6676,1736.7058,1848.4583,1848.4583,35955412703
2021-02-18,1848.2063,1949.9034,1848.2063,1937.4492,1937.4492,28255902969
2021-02-19,1938.8599,1969.547,1896.6844,1960.1648,1960.1648,26268814253
2021-02-20,1959.903,2036.2865,1830.5315,1919.5341,1919.5341,34696091102
2021-02-21,1918.6731,1974.2596,1890.3682,1935.6011,1935.6011,23626547717
2021-02-22,1935.5579,1936.4537,1580.6266,1781.9929,1781.9929,42409646036
2021-02-23,1781.4091,1781.4091,1378.8409,1570.204,1570.204,52029864713
2021-02-24,1571.4764,1710.9838,1511.0189,1626.5757,1626.5757,31329000537
2021-02-25,1625.3939,1670.2241,1465.059,1475.7037,1475.7037,24481681873
2021-02-26,1478.6533,1559.0289,1407.9792,1446.0337,1446.0337,31435997881
2021-02-27,1446.9294,1524.9324,1433.787,1459.9731,1459.9731,20742103233
2021-02-28,1459.8605,1468.3915,1300.4722,1416.049,1416.049,27637026080
2021-03-01,1417.1511,1567.6946,1416.4161,1564.7076,1564.7076,24032838645
2021-03-02,1564.0635,1597.6101,1461.3254,1492.6088,1492.6088,22523669722
2021-03-03,1491.4512,1650.3606,1481.9058,1575.8531,1575.8531,22674780680
2021-03-04,1574.6238,1622.9539,1511.1034,1541.9143,1541.9143,22906118718
2021-03-05,1541.5417,1547.8782,1450.8914,1533.275,1533.275,21067146937
2021-03-06,1532.3728,1669.1066,1519.1411,1654.7416,1654.7416,22746262366
2021-03-07,1655.3925,1730.9242,1636.5645,1723.1538,1723.1538,23809935410
2021-03-08,1724.2292,1835.1921,1670.942,1834.7279,1834.7279,27630991158
2021-03-09,1835.1481,1868.0488,1804.2664,1868.0488,1868.0488,23461244507
2021-03-10,1868.489,1873.8032,1766.4905,1799.1663,1799.1663,25154173185
2021-03-11,1798.0339,1843.8188,1734.6171,1826.1949,1826.1949,24013132909
2021-03-12,1826.5468,1839.4973,1728.981,1772.1024,1772.1024,22435821312
2021-03-13,1772.1664,1937.6455,1733.6399,1924.6854,1924.6854,25014689475
2021-03-14,1923.8638,1930.7798,1845.12,1854.5643,1854.5643,19344589211
2021-03-15,1854.0867,1889.1967,1749.6063,1791.7023,1791.7023,26244738810
2021-03-16,1792.4138,1817.0602,1720.0532,1806.9718,1806.9718,23828509590
2021-03-17,1807.0562,1839.819,1749.1799,1823.4493,1823.4493,24512917348
2021-03-18,1823.1584,1848.6461,1705.7161,1782.8551,1782.8551,23263845504
2021-03-19,1782.5687,1841.196,1746.4734,1817.6241,1817.6241,21249297710
2021-03-20,1817.5227,1874.709,1811.7286,1812.6346,1812.6346,22677674970
2021-03-21,1812.6066,1823.353,1764.1393,1788.217,1788.217,22977404620
2021-03-22,1788.3622,1811.9683,1674.2998,1691.334,1691.334,23599296129
2021-03-23,1690.8718,1725.1088,1662.5399,1678.6501,1678.6501,21998237965
2021-03-24,1678.0026,1740.4282,1570.788,1593.4135,1593.4135,31228051473
2021-03-25,1593.1233,1625.9115,1560.3705,1595.3593,1595.3593,29650328701
2021-03-26,1595.2101,1702.9229,1594.7367,1702.842,1702.842,22548516548
2021-03-27,1703.0361,1732.8243,1674.3193,1716.4946,1716.4946,18102277710
2021-03-28,1716.4056,1728.5841,1672.6604,1691.356,1691.356,16599472938
2021-03-29,1691.2632,1837.188,1683.7166,1819.6849,1819.6849,22796570548
2021-03-30,1819.4663,1860.9747,1793.9224,1846.0337,1846.0337,22512781703
2021-03-31,1846.0983,1947.8378,1793.0022,1918.3621,1918.3621,30226902621
2021-04-01,1919.1572,1989.0551,1912.1785,1977.2769,1977.2769,30914259795
2021-04-02,1976.9327,2152.4519,1960.6787,2143.2256,2143.2256,34862511022
2021-04-03,2142.896,2144.9624,2028.4225,2028.4225,2028.4225,32011518871
2021-04-04,2027.6713,2110.3535,2007.1118,2093.1228,2093.1228,26006501902
2021-04-05,2093.2607,2140.9854,2032.3877,2107.8872,2107.8872,28889391170
2021-04-06,2109.4932,2151.2234,2057.6091,2118.3789,2118.3789,29222865881
2021-04-07,2117.7285,2133.1875,1945.4421,1971.0773,1971.0773,36116271935
2021-04-08,1969.1332,2091.5164,1959.0795,2088.5737,2088.5737,25312956529
2021-04-09,2088.7722,2102.8738,2055.1633,2072.1089,2072.1089,19812472092
2021-04-10,2071.1116,2196.9963,2062.7876,2135.9421,2135.9421,24986243611
2021-04-11,2136.157,2165.1914,2119.8657,2157.657,2157.657,19692836132
2021-04-12,2157.3618,2199.7188,2110.3689,2139.3533,2139.3533,21727936609
2021-04-13,2139.3643,2318.4233,2138.5596,2299.1877,2299.1877,29456642939
2021-04-14,2299.3479,2449.6875,2284.5637,2435.105,2435.105,35592822986
2021-04-15,2436.0347,2544.2673,2409.9241,2519.1162,2519.1162,32325606817
2021-04-16,2516.6018,2547.5557,2318.675,2431.9465,2431.9465,36196928256
2021-04-17,2429.981,2497.3853,2333.6829,2344.895,2344.895,32349808978
2021-04-18,2346.4524,2365.4604,2011.7668,2237.137,2237.137,50696368718
2021-04-19,2238.0327,2276.7769,2086.6887,2166.1887,2166.1887,34060654971
2021-04-20,2161.9395,2345.835,2060.1438,2330.2109,2330.2109,39433483315
2021-04-21,2331.1602,2467.2007,2238.3669,2364.7517,2364.7517,38899067643
2021-04-22,2357.8711,2641.095,2315.9602,2403.5352,2403.5352,53575904724
2021-04-23,2401.2563,2439.5371,2117.0396,2363.5862,2363.5862,55413933925
2021-04-24,2367.1992,2367.741,2163.6931,2211.6257,2211.6257,31854226936
2021-04-25,2214.4138,2354.0867,2172.5151,2316.0596,2316.0596,31814355546
2021-04-26,2319.478,2536.3374,2308.3152,2534.4817,2534.4817,35208325408
2021-04-27,2534.0312,2676.3928,2485.375,2662.8652,2662.8652,32275969215
2021-04-28,2664.6855,2757.4773,2564.0815,2746.3801,2746.3801,34269031076
2021-04-29,2748.6497,2797.9724,2672.1067,2756.877,2756.877,32578127990
2021-04-30,2757.7341,2796.0549,2728.1699,2773.207,2773.207,29777179889
2021-05-01,2772.8384,2951.4409,2755.9084,2945.8928,2945.8928,28726205272
2021-05-02,2945.5601,2984.8918,2860.5261,2952.0562,2952.0562,28032013047
2021-05-03,2951.1758,3450.0378,2951.1758,3431.0862,3431.0862,49174290212
2021-05-04,3431.1316,3523.5859,3180.7427,3253.6294,3253.6294,62402045158
2021-05-05,3240.5547,3541.4626,3213.1016,3522.7832,3522.7832,48334198383
2021-05-06,3524.9309,3598.896,3386.24,3490.8804,3490.8804,44300394788
2021-05-07,3490.1052,3573.29,3370.262,3484.729,3484.729,39607240515
2021-05-08,3481.988,3950.165,3453.7686,3902.6477,3902.6477,50208491286
2021-05-09,3911.4631,3981.259,3743.989,3928.8447,3928.8447,50568290278
2021-05-10,3924.4133,4197.4731,3684.4517,3952.2939,3952.2939,62691789007
2021-05-11,3948.272,4178.209,3783.8894,4168.7012,4168.7012,52679737865
2021-05-12,4174.6357,4362.3506,3785.8486,3785.8486,3785.8486,69023382175
2021-05-13,3828.9185,4032.5635,3549.4072,3715.1484,3715.1484,78398214539
2021-05-14,3720.1223,4171.0171,3703.3999,4079.0574,4079.0574,48174271215
2021-05-15,4075.9517,4129.1855,3638.1221,3638.1221,3638.1221,42422321751
2021-05-16,3641.8308,3878.896,3350.9517,3587.5061,3587.5061,47359478734
2021-05-17,3581.343,3587.7656,3129.0088,3282.3977,3282.3977,54061732774
2021-05-18,3276.8723,3562.4651,3246.4041,3380.0701,3380.0701,40416525218
2021-05-19,3382.6572,3437.9358,1952.4602,2460.6792,2460.6792,84482912776
2021-05-20,2439.6387,2993.1453,2170.229,2784.2942,2784.2942,67610826680
2021-05-21,2772.3413,2938.2051,2113.3472,2430.6213,2430.6213,53774070802
2021-05-22,2436.0146,2483.9832,2168.1243,2295.7056,2295.7056,42089937660
2021-05-23,2298.3672,2384.4116,1737.4688,2109.5798,2109.5798,56005721977
2021-05-24,2099.936,2672.5957,2090.6396,2643.5911,2643.5911,53697121740
2021-05-25,2649.0332,2750.5349,2394.3555,2706.6289,2706.6289,49558333256
2021-05-26,2707.0527,2911.7356,2652.0945,2888.6987,2888.6987,42499766020
2021-05-27,2888.7524,2888.7524,2642.6079,2736.4885,2736.4885,33373635283
2021-05-28,2742.469,2761.3633,2336.3613,2419.9062,2419.9062,39999114805
2021-05-29,2414.0671,2566.9385,2208.491,2279.5142,2279.5142,33773720220
2021-05-30,2278.2888,2472.1877,2188.8345,2390.3054,2390.3054,25876619428
2021-05-31,2387.1985,2715.855,2279.5051,2714.9453,2714.9453,31007383150
2021-06-01,2707.5605,2739.7375,2531.1606,2633.5183,2633.5183,27363223090
2021-06-02,2634.4561,2801.3923,2555.4014,2706.125,2706.125,27723267359
2021-06-03,2708.3762,2891.2549,2667.6843,2855.1265,2855.1265,30038207402
2021-06-04,2857.1655,2857.1655,2562.6375,2688.1951,2688.1951,34173841611
2021-06-05,2691.6194,2817.4849,2558.2336,2630.5769,2630.5769,30496672724
2021-06-06,2629.7488,2743.4412,2616.1624,2715.0928,2715.0928,25311639414
2021-06-07,2713.0474,2845.1851,2583.9951,2590.2632,2590.2632,30600111277
2021-06-08,2594.6023,2620.8462,2315.5466,2517.4387,2517.4387,41909736778
2021-06-09,2510.1992,2625.0706,2412.1978,2608.2671,2608.2671,36075832186
2021-06-10,2611.1426,2619.9578,2435.4016,2471.5186,2471.5186,28753626390
2021-06-11,2472.8589,2495.4148,2326.8696,2353.7688,2353.7688,24832564195
2021-06-12,2354.7522,2447.2278,2265.7581,2372.4844,2372.4844,25724364410
2021-06-13,2372.6902,2547.3679,2312.6401,2508.3916,2508.3916,27092945370
2021-06-14,2508.7705,2606.4329,2469.3882,2537.8911,2537.8911,26964576331
2021-06-15,2587.7627,2639.2292,2515.1531,2610.9368,2610.9368,29005279219
2021-06-16,2544.8647,2554.6289,2354.3506,2367.6636,2367.6636,24101926180
2021-06-17,2367.3064,2457.1755,2312.3015,2372.002,2372.002,21871633186
2021-06-18,2374.5869,2377.1951,2147.3083,2231.7332,2231.7332,22752818388
2021-06-19,2235.1592,2278.415,2168.885,2178.499,2178.499,18765854896
2021-06-20,2171.3379,2275.3828,2049.9626,2246.3645,2246.3645,22535930423
2021-06-21,2245.3179,2259.4641,1867.1854,1888.4475,1888.4475,33745173825
2021-06-22,1886.6676,1993.1598,1707.6006,1874.9501,1874.9501,35547251725
2021-06-23,1878.625,2043.5304,1827.5715,1989.7363,1989.7363,28408659206
2021-06-24,1968.9574,2032.3394,1887.432,1988.4563,1988.4563,20272845769
2021-06-25,1989.2158,2017.7595,1794.4004,1813.2173,1813.2173,22774334998
2021-06-26,1810.8843,1850.1798,1719.5594,1829.2393,1829.2393,20637542361
2021-06-27,1830.9969,1979.9581,1811.2458,1978.8947,1978.8947,19885474742
2021-06-28,1981.3865,2139.8054,1963.6155,2079.6575,2079.6575,25514602841
2021-06-29,2083.4487,2242.2388,2076.2402,2160.7683,2160.7683,24815124419
2021-06-30,2164.2163,2282.989,2090.7607,2274.5476,2274.5476,25828056268
2021-07-01,2274.3975,2274.3975,2081.0811,2113.6055,2113.6055,29061701793
2021-07-02,2109.8926,2155.5964,2021.8248,2150.0403,2150.0403,31796212554
2021-07-03,2150.835,2237.5671,2117.5901,2226.1143,2226.1143,17433361641
2021-07-04,2226.5503,2384.2869,2190.8376,2321.7241,2321.7241,18787107473
2021-07-05,2321.9229,2321.9229,2163.0415,2198.5825,2198.5825,20103794829
2021-07-06,2197.9194,2346.2949,2197.9194,2324.6794,2324.6794,20891861314
2021-07-07,2323.2085,2403.7734,2298.0269,2315.1619,2315.1619,22398345285
2021-07-08,2317.9492,2324.0068,2089.4143,2120.0264,2120.0264,23188123689
2021-07-09,2115.574,2185.3762,2051.0667,2146.6924,2146.6924,23029574602
2021-07-10,2146.9998,2190.124,2081.9236,2111.4036,2111.4036,17581542471
2021-07-11,2110.8757,2172.6533,2083.8037,2139.6648,2139.6648,14705386138
2021-07-12,2140.5068,2167.7102,2011.0189,2036.7211,2036.7211,17768129077
2021-07-13,2034.0984,2040.6936,1922.5779,1940.084,1940.084,16621628658
2021-07-14,1941.1678,2015.1074,1869.2231,1994.3313,1994.3313,17342819679
2021-07-15,1994.712,2037.7426,1883.2722,1911.1757,1911.1757,15688092552
2021-07-16,1916.5984,1959.6963,1853.5903,1880.3829,1880.3829,14884569147
2021-07-17,1876.8813,1917.5979,1855.5908,1898.8252,1898.8252,13364282076
2021-07-18,1900.1943,1988.3364,1883.0126,1895.5521,1895.5521,13791868728
2021-07-19,1893.0536,1916.118,1807.9099,1817.2966,1817.2966,14157735481
2021-07-20,1819.082,1836.998,1722.0508,1787.5107,1787.5107,17368597636
2021-07-21,1786.2762,2025.6804,1759.0233,1990.9708,1990.9708,21253359756
2021-07-22,1994.8229,2044.1165,1954.2979,2025.2028,2025.2028,17495480331
2021-07-23,2025.1057,2129.4412,2000.4363,2124.7766,2124.7766,16200392492
2021-07-24,2123.9612,2197.6494,2107.3235,2189.2188,2189.2188,16057446601
2021-07-25,2187.1455,2194.4382,2108.8298,2191.3738,2191.3738,14566483636
2021-07-26,2191.3098,2428.8171,2177.3296,2233.3667,2233.3667,29614324233
2021-07-27,2230.197,2316.9502,2154.7312,2298.3335,2298.3335,23067480378
2021-07-28,2302.0813,2341.7778,2250.9141,2296.5454,2296.5454,18991302378
2021-07-29,2299.012,2396.4519,2273.4048,2380.9568,2380.9568,16313373113
2021-07-30,2382.5452,2469.7048,2322.3372,2466.9614,2466.9614,20212848934
2021-07-31,2461.5757,2551.1611,2423.8162,2536.21,2536.21,18001710283
2021-08-01,2530.4629,2695.4294,2520.9319,2561.8521,2561.8521,22697987055
2021-08-02,2557.7747,2665.731,2511.3752,2610.1533,2610.1533,22162754104
2021-08-03,2609.4131,2630.3142,2449.3535,2502.3496,2502.3496,22696753413
2021-08-04,2508.5449,2764.4436,2463.4695,2724.6199,2724.6199,25038698173
2021-08-05,2725.6697,2840.4307,2540.6841,2827.3289,2827.3289,31057928075
2021-08-06,2827.5034,2944.9033,2727.7927,2890.9417,2890.9417,26528577879
2021-08-07,2891.7075,3170.2297,2868.5356,3157.2388,3157.2388,33081467129
2021-08-08,3161.2327,3184.604,2951.7473,3013.7327,3013.7327,28433638008
2021-08-09,3012.8857,3185.7012,2900.926,3167.8562,3167.8562,31983260936
2021-08-10,3163.05,3228.9407,3059.229,3141.6912,3141.6912,27605221710
2021-08-11,3142.8303,3269.2095,3122.9165,3164.2451,3164.2451,26729035052
2021-08-12,3164.1758,3236.3147,2984.167,3043.4143,3043.4143,25403699845
2021-08-13,3049.0012,3324.6716,3037.676,3322.2117,3322.2117,23868866254
2021-08-14,3322.7627,3329.281,3214.5198,3265.4434,3265.4434,19860862133
2021-08-15,3266.2761,3320.0842,3117.7917,3310.5042,3310.5042,22166205051
2021-08-16,3309.4221,3333.9949,3139.7786,3156.5095,3156.5095,23080039949
2021-08-17,3149.3804,3288.8127,2996.4683,3014.8459,3014.8459,25509056745
2021-08-18,3011.9636,3124.9761,2959.0283,3020.0898,3020.0898,21539248425
2021-08-19,3019.127,3184.4355,2963.1501,3182.7021,3182.7021,19546290360
2021-08-20,3182.1626,3298.2466,3178.1038,3286.9353,3286.9353,20885619828
2021-08-21,3286.9316,3307.3516,3209.8662,3226.084,3226.084,18113977628
2021-08-22,3226.2273,3272.7332,3142.0071,3242.1155,3242.1155,15983278460
2021-08-23,3241.3574,3373.3843,3235.8513,3319.2573,3319.2573,20511110509
2021-08-24,3324.8555,3358.6882,3154.1213,3172.4563,3172.4563,20131028906
2021-08-25,3174.2698,3248.7273,3086.115,3224.9153,3224.9153,18902728235
2021-08-26,3228.7473,3249.6553,3060.2288,3100.3254,3100.3254,17405668117
2021-08-27,3096.406,3281.8406,3064.4851,3270.6008,3270.6008,18489602004
2021-08-28,3275.1045,3284.8459,3217.4036,3244.4033,3244.4033,13709633698
2021-08-29,3246.771,3283.2356,3158.8403,3227.0027,3227.0027,13296586731
2021-08-30,3227.1926,3346.5811,3151.4446,3224.3743,3224.3743,19306924485
2021-08-31,3227.7581,3466.9922,3195.2166,3433.7327,3433.7327,27280502987
2021-09-01,3430.7625,3836.8674,3387.4084,3834.8281,3834.8281,30070890104
2021-09-02,3825.0278,3830.7114,3726.7505,3790.99,3790.99,24387397330
2021-09-03,3787.4866,4022.4692,3712.6782,3940.6147,3940.6147,26207765094
2021-09-04,3937.9102,3969.4487,3837.9312,3887.8284,3887.8284,20806963328
2021-09-05,3886.3311,3979.1865,3838.4873,3952.1335,3952.1335,18371468576
2021-09-06,3951.5208,3968.4265,3868.9944,3928.3794,3928.3794,18674691198
2021-09-07,3926.5276,3945.3142,3062.2224,3426.3943,3426.3943,39131346397
2021-09-08,3428.3782,3559.1213,3224.7649,3497.3152,3497.3152,31738430771
2021-09-09,3452.5483,3562.9927,3400.5171,3427.3401,3427.3401,24118055831
2021-09-10,3425.5649,3512.5713,3157.0591,3211.5059,3211.5059,22355974097
2021-09-11,3209.0305,3346.5264,3208.9619,3270.2781,3270.2781,18627122934
2021-09-12,3270.2917,3462.4683,3235.1094,3410.1345,3410.1345,16810411424
2021-09-13,3407.4719,3426.5022,3121.5142,3285.5117,3285.5117,22721552948
2021-09-14,3286.3164,3429.1697,3273.6309,3429.1697,3429.1697,19125420848
2021-09-15,3431.2173,3615.2827,3365.9131,3615.2827,3615.2827,17548551804
2021-09-16,3613.0737,3673.3108,3489.8057,3571.2949,3571.2949,20093903064
2021-09-17,3569.5681,3589.3052,3356.45,3398.5388,3398.5388,17722363229
2021-09-18,3397.4229,3540.8076,3371.8923,3432.0183,3432.0183,15995220233
2021-09-19,3433.2878,3448.322,3286.1724,3329.448,3329.448,14257609743
2021-09-20,3329.6707,3343.3254,2940.8391,2958.9934,2958.9934,27371684581
2021-09-21,2977.3105,3101.6975,2676.4075,2764.4312,2764.4312,30405062665
2021-09-22,2763.2092,3089.083,2741.4407,3077.8679,3077.8679,23742102645
2021-09-23,3077.9744,3173.5447,3038.0979,3155.5237,3155.5237,18516291047
2021-09-24,3154.562,3159.644,2747.3376,2931.6692,2931.6692,25595422789
2021-09-25,2930.8848,2968.9946,2818.9705,2925.5657,2925.5657,18932786754
2021-09-26,2926.343,3114.8574,2744.583,3062.2654,3062.2654,21172766310
2021-09-27,3065.8379,3163.665,2932.6929,2934.1389,2934.1389,19164053681
2021-09-28,2928.9634,2970.7705,2793.3606,2807.2966,2807.2966,16895079070
2021-09-29,2809.2976,2946.8813,2786.9883,2853.1433,2853.1433,15763456158
2021-09-30,2852.5588,3046.5195,2840.2896,3001.679,3001.679,17661065099
2021-10-01,3001.1294,3329.8535,2978.6543,3307.5161,3307.5161,22307625573
2021-10-02,3308.8704,3464.8374,3260.0276,3391.6943,3391.6943,19202671704
2021-10-03,3390.7676,3484.6057,3348.1201,3418.3586,3418.3586,15516566862
2021-10-04,3418.7764,3434.7754,3283.4487,3380.0891,3380.0891,17747154101
2021-10-05,3381.7844,3541.4517,3365.8176,3518.5186,3518.5186,16632591670
2021-10-06,3516.5703,3622.5513,3354.4697,3580.562,3580.562,21855226591
2021-10-07,3576.8145,3650.0132,3479.9092,3587.9749,3587.9749,19090322927
2021-10-08,3587.8328,3667.9575,3547.8281,3563.7593,3563.7593,16222029488
2021-10-09,3559.9978,3628.2373,3544.6404,3575.7168,3575.7168,12707036942
2021-10-10,3575.0205,3603.2449,3414.9709,3425.8528,3425.8528,16171746693
2021-10-11,3419.7268,3622.2896,3385.7617,3545.354,3545.354,18579189588
2021-10-12,3546.4778,3546.4778,3407.3381,3492.5732,3492.5732,18109578443
2021-10-13,3492.7537,3607.7417,3417.6021,3606.2017,3606.2017,16211275589
2021-10-14,3604.959,3819.2585,3590.2751,3786.0142,3786.0142,19443499909
2021-10-15,3790.1543,3895.4663,3735.3635,3862.6348,3862.6348,20966841512
2021-10-16,3865.6665,3962.4531,3805.886,3830.3821,3830.3821,16578095629
2021-10-17,3829.8589,3914.8979,3660.7234,3847.1045,3847.1045,15908090346
2021-10-18,3847.73,3888.2092,3686.7505,3748.7603,3748.7603,17386204158
2021-10-19,3747.1628,3883.9287,3736.7803,3877.6509,3877.6509,15998757133
2021-10-20,3877.731,4167.4722,3833.2881,4155.9922,4155.9922,20338319988
2021-10-21,4161.7134,4366.0884,4032.4839,4054.3228,4054.3228,28220661820
2021-10-22,4055.6865,4162.9756,3908.3403,3970.1819,3970.1819,19432937968
2021-10-23,3971.3564,4171.6636,3944.6318,4171.6636,4171.6636,14781537792
2021-10-24,4171.856,4185.7295,3967.1204,4087.9031,4087.9031,14978083638
2021-10-25,4084.4258,4236.667,4072.0347,4217.877,4217.877,15995727040
2021-10-26,4217.3379,4289.1313,4106.8237,4131.1021,4131.1021,17157714562
2021-10-27,4132.1733,4299.1528,3930.2573,3930.2573,3930.2573,26219530404
2021-10-28,3924.8154,4293.1509,3905.7061,4287.3188,4287.3188,25958154575
2021-10-29,4288.6865,4455.7354,4271.7075,4414.7466,4414.7466,22967641914
2021-10-30,4414.2437,4426.8486,4252.4941,4325.6504,4325.6504,14615490626
2021-10-31,4322.7441,4394.4497,4179.0161,4288.0742,4288.0742,17498160238
2021-11-01,4288.2173,4377.3223,4160.9668,4324.627,4324.627,17985288261
2021-11-02,4322.501,4599.9482,4288.6865,4584.7988,4584.7988,20794448222
2021-11-03,4589.6846,4664.9102,4462.9761,4607.1938,4607.1938,21220463155
2021-11-04,4604.6787,4606.5161,4426.6226,4537.3242,4537.3242,18415244464
2021-11-05,4537.4233,4570.896,4447.4873,4486.2432,4486.2432,15086003586
2021-11-06,4482.6479,4530.9971,4334.9736,4521.5811,4521.5811,14429076700
2021-11-07,4523.9819,4640.9219,4510.9844,4620.5547,4620.5547,13541376033
2021-11-08,4619.6494,4822.3633,4619.6494,4812.0874,4812.0874,19290896267
2021-11-09,4810.0713,4837.5894,4718.0391,4735.0688,4735.0688,20834172627
2021-11-10,4733.3628,4859.5029,4485.0933,4636.1743,4636.1743,22748160545
2021-11-11,4635.4536,4778.0591,4580.9902,4730.3843,4730.3843,17933201129
2021-11-12,4724.3066,4808.7388,4510.9204,4667.1152,4667.1152,18316060208
2021-11-13,4666.7192,4702.1152,4582.1807,4651.4604,4651.4604,14457436261
2021-11-14,4648.6328,4689.8428,4516.9355,4626.3589,4626.3589,12172962219
2021-11-15,4627.0908,4764.6362,4546.5991,4557.5039,4557.5039,16275851299
2021-11-16,4570.478,4891.7046,4144.335,4216.3652,4216.3652,27417502801
2021-11-17,4213.9106,4300.3066,4107.126,4287.5938,4287.5938,22183461850
2021-11-18,4287.8022,4343.5571,3959.2278,4000.6509,4000.6509,21383250893
2021-11-19,3995.7295,4311.7139,3982.9175,4298.3066,4298.3066,20626269711
2021-11-20,4298.3506,4434.3882,4209.2427,4409.9312,4409.9312,15448261277
2021-11-21,4412.1953,4422.4917,4255.4551,4269.7329,4269.7329,14094831413
2021-11-22,4266.5093,4302.0229,4033.5723,4088.4578,4088.4578,19752218877
2021-11-23,4089.6804,4385.4834,4069.7666,4340.7637,4340.7637,22133497059
2021-11-24,4340.0361,4376.876,4176.1836,4239.9814,4239.9814,21838037128
2021-11-25,4271.3945,4550.5181,4249.7744,4274.7432,4274.7432,18705358318
2021-11-26,4522.209,4550.8423,3933.5066,4030.9089,4030.9089,26281795488
2021-11-27,4042.999,4187.6841,4033.5139,4096.9121,4096.9121,16515693874
2021-11-28,4101.6489,4297.9165,3989.97,4294.4536,4294.4536,15953126340
2021-11-29,4296.9468,4460.8486,4284.5049,4445.105,4445.105,19086475837
2021-11-30,4447.7681,4753.2661,4358.0742,4631.479,4631.479,28626354111
2021-12-01,4623.6797,4780.7324,4530.2725,4586.9902,4586.9902,27634826695
2021-12-02,4586.333,4628.9199,4441.5078,4511.3022,4511.3022,21502671027
2021-12-03,4514.356,4647.2891,4100.1455,4220.7061,4220.7061,25879591528
2021-12-04,4227.7622,4242.7256,3525.4941,4119.5874,4119.5874,38478999182
2021-12-05,4119.6289,4246.9233,4040.2175,4198.3228,4198.3228,25533062707
2021-12-06,4199,4375.5205,3930.8066,4358.7373,4358.7373,28229518513
2021-12-07,4358.5869,4428.5894,4264.3237,4315.0615,4315.0615,22366213354
2021-12-08,4311.6743,4453.1123,4234.5376,4439.3579,4439.3579,18704315119
2021-12-09,4433.0249,4482.314,4078.8442,4119.8159,4119.8159,22296131874
2021-12-10,4113.5884,4227.1118,3897.7676,3908.4961,3908.4961,28014595631
2021-12-11,3909.6677,4095.6484,3846.0544,4084.4524,4084.4524,19131502454
2021-12-12,4084.8113,4173.6089,3993.0559,4134.4531,4134.4531,14057603914
2021-12-13,4136.3599,4145.9551,3680.6091,3784.2268,3784.2268,23999841386
2021-12-14,3782.8228,3866.6338,3700.1047,3745.4404,3745.4404,23836759957
2021-12-15,3862.2515,4086.3728,3664.72,4018.3887,4018.3887,26411188833
2021-12-16,4020.415,4110.3687,3956.0571,3962.4697,3962.4697,19825531254
2021-12-17,3959.0125,3992.7925,3711.4246,3879.4866,3879.4866,23143541098
2021-12-18,3880.2915,3993.8298,3774.615,3960.8601,3960.8601,19530895889
2021-12-19,3960.8723,4018.6584,3894.3987,3922.5925,3922.5925,16167785597
2021-12-20,3923.6958,3980.0986,3759.4033,3933.8445,3933.8445,21589690675
2021-12-21,3938.4639,4058.8213,3918.8379,4020.26,4020.26,16388555198
2021-12-22,4018.6958,4073.7915,3947.6902,3982.0996,3982.0996,13921756199
2021-12-23,3981.9617,4149.0269,3897.2344,4108.0156,4108.0156,18007273742
2021-12-24,4111.3452,4134.1064,4029.0645,4047.9829,4047.9829,12769090623
2021-12-25,4049.782,4138.5649,4027.927,4093.281,4093.281,10894785525
2021-12-26,4094.1516,4105.0239,4013.0264,4067.3281,4067.3281,11197244172
2021-12-27,4064.7463,4126.0015,4033.4924,4037.5476,4037.5476,11424360002
2021-12-28,4037.5381,4037.5381,3769.28,3800.8931,3800.8931,17299472803
2021-12-29,3797.4363,3827.9819,3612.7959,3628.5317,3628.5317,15722555672
2021-12-30,3632.2197,3767.5598,3595.2048,3713.8521,3713.8521,12925377999
2021-12-31,3713.4302,3807.2888,3636.8699,3682.6328,3682.6328,14157285268
2022-01-01,3683.0471,3769.918,3682.2866,3769.697,3769.697,9776191466
2022-01-02,3769.2983,3836.1619,3727.3574,3829.5649,3829.5649,9881471548
2022-01-03,3829.5356,3836.1987,3698.0476,3761.3804,3761.3804,12080777893
2022-01-04,3761.3616,3876.7852,3723.3499,3794.0566,3794.0566,14030925983
2022-01-05,3794.269,3842.0598,3456.7454,3550.387,3550.387,18061338502
2022-01-06,3549.709,3549.709,3335.3767,3418.4082,3418.4082,24293791313
2022-01-07,3417.8379,3420.4619,3117.3813,3193.2104,3193.2104,24494179209
2022-01-08,3193.5024,3240.3044,3020.8809,3091.9727,3091.9727,16037732700
2022-01-09,3091.6963,3206.7908,3075.9114,3157.7515,3157.7515,12334683863
2022-01-10,3157.5706,3177.2134,2947.6836,3083.0979,3083.0979,19535744145
2022-01-11,3082.991,3247.512,3061.1406,3238.1116,3238.1116,15211447193
2022-01-12,3238.45,3401.22,3216.718,3372.2583,3372.2583,16662871689
2022-01-13,3372.105,3396.9697,3247.9175,3248.2886,3248.2886,15294466275
2022-01-14,3248.6487,3330.7661,3203.8237,3310.0015,3310.0015,13562957230
2022-01-15,3309.8442,3364.5378,3278.6709,3330.5308,3330.5308,9619999078
2022-01-16,3330.3872,3376.4011,3291.5637,3350.9219,3350.9219,9505934874
2022-01-17,3350.9473,3355.8193,3157.2241,3212.3049,3212.3049,12344309617
2022-01-18,3212.2876,3236.0161,3096.1235,3164.0251,3164.0251,13024154091
2022-01-19,3163.8503,3171.1584,3055.2124,3095.8259,3095.8259,13187424144
2022-01-20,3095.2717,3265.3369,3000.9082,3001.1201,3001.1201,10645922764
2022-01-21,3002.9568,3029.0811,2496.813,2557.9316,2557.9316,26796291874
2022-01-22,2561.1453,2615.2473,2330.2473,2405.1812,2405.1812,27369692036
2022-01-23,2406.9243,2542.1448,2381.5151,2535.0391,2535.0391,16481489511
2022-01-24,2535.8911,2537.2085,2172.3013,2440.3523,2440.3523,28220804648
2022-01-25,2440.3936,2498.5071,2359.3848,2455.9351,2455.9351,16179776932
2022-01-26,2455.5791,2705.7842,2417.6831,2468.0303,2468.0303,21229909340
2022-01-27,2467.1885,2510.4517,2328.4521,2423.0012,2423.0012,16126522783
2022-01-28,2421.647,2548.7786,2367.8337,2547.092,2547.092,14666227351
2022-01-29,2546.5906,2627.6094,2526.9897,2597.0847,2597.0847,11172062661
2022-01-30,2598.5649,2631.4084,2550.4609,2603.4666,2603.4666,9501221177
2022-01-31,2603.2634,2697.7354,2489.0723,2688.2788,2688.2788,13778234614
2022-02-01,2687.8989,2802.3154,2682.6218,2792.1172,2792.1172,13194846235
2022-02-02,2791.959,2802.2122,2630.1204,2682.854,2682.854,13876301217
2022-02-03,2682.2261,2712.4827,2587.7834,2679.1626,2679.1626,12755505065
2022-02-04,2681.0576,2983.5869,2675.4438,2983.5869,2983.5869,18987223729
2022-02-05,2984.446,3054.1301,2966.781,3014.6482,3014.6482,13102093957
2022-02-06,3014.9597,3061.2612,2965.4299,3057.4761,3057.4761,9466018022
2022-02-07,3057.4221,3182.5283,3002.927,3142.4707,3142.4707,15197063785
2022-02-08,3143.0085,3219.4727,3038.3779,3122.6086,3122.6086,17136080906
2022-02-09,3121.1826,3263.1558,3063.1602,3239.457,3239.457,13951308490
2022-02-10,3240.113,3271.3162,3070.3782,3077.4822,3077.4822,18629485080
2022-02-11,3077.4131,3127.4507,2888.7078,2927.3835,2927.3835,16043881065
2022-02-12,2927.3865,2980.0793,2870.177,2917.3628,2917.3628,11254355757
2022-02-13,2916.7896,2947.7766,2845.3977,2883.4634,2883.4634,9054963563
2022-02-14,2880.1877,2957.9636,2840.2576,2933.479,2933.479,12164552172
2022-02-15,2933.729,3185.5208,2917.8572,3179.8772,3179.8772,13921257873
2022-02-16,3180.4468,3181.6169,3055.1682,3127.8301,3127.8301,12352406833
2022-02-17,3126.8584,3154.6152,2861.8521,2881.4819,2881.4819,15860206214
2022-02-18,2884.3406,2937.3086,2761.6433,2785.7275,2785.7275,15748173433
2022-02-19,2784.8728,2826.3479,2707.3784,2763.7012,2763.7012,9774183169
2022-02-20,2763.7566,2763.7566,2585.9463,2628.6484,2628.6484,11641437834
2022-02-21,2627.6655,2752.4585,2568.2544,2573.8162,2573.8162,18646392740
2022-02-22,2572.8987,2648.9167,2510.6787,2639.2993,2639.2993,16360200507
2022-02-23,2639.447,2741.3684,2587.4128,2590.3596,2590.3596,13382637240
2022-02-24,2588.1663,2689.0476,2308.9148,2598.0671,2598.0671,29312342666
2022-02-25,2598.4363,2821.9724,2579.208,2764.5356,2764.5356,17208902048
2022-02-26,2764.9895,2849.4241,2745.009,2781.1118,2781.1118,11724648351
2022-02-27,2780.5044,2831.1255,2581.6157,2621.8018,2621.8018,16150857254
2022-02-28,2621.1721,2929.1804,2586.3882,2919.2012,2919.2012,19266124733
2022-03-01,2919.7759,3029.6516,2868.939,2972.4851,2972.4851,18757425786
2022-03-02,2972.4719,3026.8682,2919.9431,2950.1184,2950.1184,16636517503
2022-03-03,2950.1567,2964.6733,2797.3193,2834.469,2834.469,13091199728
2022-03-04,2834.9873,2835.1763,2587.7483,2617.156,2617.156,14496939024
2022-03-05,2618.4736,2679.1025,2596.99,2664.8311,2664.8311,8072368396
2022-03-06,2664.9436,2673.6372,2555.0374,2555.0374,2555.0374,8872976607
2022-03-07,2555.2976,2639.9431,2455.5938,2497.7712,2497.7712,14594098731
2022-03-08,2497.7214,2618.166,2489.7551,2576.7476,2576.7476,13922922903
2022-03-09,2577.1653,2761.7964,2573.6553,2729.7834,2729.7834,14173665398
2022-03-10,2729.1165,2729.1165,2566.1931,2608.0486,2608.0486,13292477213
2022-03-11,2608.2712,2664.5586,2534.6882,2559.563,2559.563,12382419582
2022-03-12,2559.6606,2606.4387,2559.127,2574.7542,2574.7542,6532996574
2022-03-13,2573.488,2594.5498,2503.8853,2518.9446,2518.9446,8632000379
2022-03-14,2518.4863,2604.0344,2505.2993,2590.696,2590.696,11244398839
2022-03-15,2590.6689,2662.3296,2515.7659,2620.1497,2620.1497,12861105614
2022-03-16,2620.0286,2781.3071,2610.7644,2772.0557,2772.0557,17915109769
2022-03-17,2771.9641,2826.1606,2751.5608,2814.8545,2814.8545,12685265194
2022-03-18,2814.4346,2973.6162,2774.8557,2945.343,2945.343,15830879093
2022-03-19,2944.7217,2979.9871,2910.8022,2946.2571,2946.2571,11576463120
2022-03-20,2946.5476,2956.9656,2826.1074,2860.4592,2860.4592,12684727326
2022-03-21,2860.1033,2954.5566,2838.2505,2897.9766,2897.9766,15206116098
2022-03-22,2897.7742,3040.3828,2892.5444,2973.1311,2973.1311,16830539230
2022-03-23,2973.145,3036.7522,2933.3066,3031.0671,3031.0671,16008767658
2022-03-24,3031.0608,3118.3877,3012.3267,3108.062,3108.062,18070503166
2022-03-25,3108.449,3183.958,3087.4907,3106.6714,3106.6714,17030503831
2022-03-26,3106.4053,3146.8254,3091.8254,3143.179,3143.179,8876420740
2022-03-27,3143.7957,3291.5776,3129.9978,3291.5776,3291.5776,13431866834
2022-03-28,3292.3225,3424.0193,3279.0271,3336.6345,3336.6345,20620450770
2022-03-29,3335.0212,3470.1863,3335.0212,3401.9878,3401.9878,19533323636
2022-03-30,3401.5261,3435.2861,3349.2371,3385.158,3385.158,15302506131
2022-03-31,3385.2893,3435.1284,3272.9346,3281.6428,3281.6428,17685495686
2022-04-01,3282.5762,3467.5559,3223.8914,3449.5522,3449.5522,20982988937
2022-04-02,3449.7886,3521.2847,3442.0002,3445.0593,3445.0593,23571556215
2022-04-03,3444.8105,3573.9602,3421.2598,3522.8335,3522.8335,15333808649
2022-04-04,3522.365,3535.1482,3422.001,3521.2412,3521.2412,18209969743
2022-04-05,3521.2397,3546.7068,3410.5476,3411.7925,3411.7925,16681503199
2022-04-06,3411.6721,3411.6721,3171.2051,3171.6919,3171.6919,25632563639
2022-04-07,3172.1973,3263.4746,3155.5811,3233.2747,3233.2747,16745496605
2022-04-08,3233.2725,3301.6074,3179.1423,3192.074,3192.074,17557050669
2022-04-09,3191.9761,3261.9631,3187.4692,3261.9163,3261.9163,9908112156
2022-04-10,3261.2915,3303.0032,3211.8669,3211.8669,3211.8669,10427054790
2022-04-11,3209.5769,3214.4619,2962.7566,2981.0522,2981.0522,21891804831
2022-04-12,2981.4207,3077.4526,2957.8723,3030.3765,3030.3765,20235707410
2022-04-13,3029.8779,3123.5754,3006.4817,3118.3442,3118.3442,16088473629
2022-04-14,3117.8218,3139.9287,2988.4353,3019.9094,3019.9094,15821419931
2022-04-15,3020.1345,3044.2874,3001.1233,3040.9165,3040.9165,11256651536
2022-04-16,3041.1233,3074.887,3016.4211,3062.3103,3062.3103,8766710365
2022-04-17,3061.8818,3075.7759,2989.0439,2993.4033,2993.4033,10463091281
2022-04-18,2993.4839,3062.521,2893.9128,3057.6067,3057.6067,18629381299
2022-04-19,3057.5703,3125.0842,3035.5352,3104.1064,3104.1064,14156035096
2022-04-20,3103.9351,3157.8857,3045.2883,3077.7458,3077.7458,15547362265
2022-04-21,3077.8293,3173.4514,2962.4104,2987.4807,2987.4807,20783591093
2022-04-22,2986.9387,3024.8545,2942.3586,2964.8357,2964.8357,16782795477
2022-04-23,2964.8022,2975.3228,2926.7402,2938.114,2938.114,9116955609
2022-04-24,2937.3472,2961.8821,2922.1287,2922.7327,2922.7327,9696829579
2022-04-25,2922.9902,3018.4155,2804.5071,3009.3936,3009.3936,22332690614
2022-04-26,3008.9463,3026.415,2786.2532,2808.2983,2808.2983,19052045399
2022-04-27,2808.646,2911.8774,2802.2734,2888.9297,2888.9297,17419284041
2022-04-28,2888.8499,2973.135,2861.8215,2936.9409,2936.9409,18443524633
2022-04-29,2936.7766,2943.4458,2782.4353,2815.6018,2815.6018,18771041399
2022-04-30,2815.5334,2836.8276,2727.4062,2730.1868,2730.1868,13520941867
2022-05-01,2729.9941,2838.7043,2728.0789,2827.7561,2827.7561,15332730152
2022-05-02,2827.614,2874.146,2785.5229,2857.4104,2857.4104,18609741545
2022-05-03,2857.1523,2859.1934,2762.1187,2783.4763,2783.4763,13026093219
2022-05-04,2783.1311,2956.6868,2779.2737,2940.6448,2940.6448,18186749944
2022-05-05,2940.2266,2948.9607,2704.9163,2749.2131,2749.2131,22642925048
2022-05-06,2748.9316,2754.8376,2645.3352,2694.9797,2694.9797,21027599270
2022-05-07,2694.9919,2696.6528,2599.5234,2636.093,2636.093,13369276367
2022-05-08,2636.1218,2638.8306,2498.4302,2517.46,2517.46,20802269935
2022-05-09,2518.5083,2528.2581,2238.0627,2245.4304,2245.4304,36333567678
2022-05-10,2242.6504,2450.7603,2206.7568,2343.511,2343.511,38202099639
2022-05-11,2342.7542,2441.0793,2018.8556,2072.1086,2072.1086,45743399154
2022-05-12,2072.5046,2170.458,1748.3031,1961.7015,1961.7015,42463486402
2022-05-13,1960.1226,2139.7134,1941.976,2014.4182,2014.4182,24816096567
2022-05-14,2014.2806,2063.4299,1956.573,2056.2739,2056.2739,15457044616
2022-05-15,2056.1831,2147.1943,2008.1627,2145.7068,2145.7068,14846088335
2022-05-16,2145.8369,2145.8369,1988.8118,2022.726,2022.726,21459552191
2022-05-17,2022.8823,2113.0598,2015.9716,2090.4092,2090.4092,18509929297
2022-05-18,2090.46,2102.3267,1916.6561,1916.6561,1916.6561,17740965589
2022-05-19,1916.1495,2028.3882,1907.0205,2018.3362,2018.3362,18734247914
2022-05-20,2018.0001,2054.7959,1926.6768,1961.3157,1961.3157,15892482289
2022-05-21,1961.0179,1985.396,1944.2651,1974.5183,1974.5183,8546822406
2022-05-22,1974.6707,2047.1914,1966.0388,2043.1702,2043.1702,10941123403
2022-05-23,2042.3447,2080.3335,1964.3866,1972.1819,1972.1819,16434529708
2022-05-24,1972.3909,1991.5355,1920.6881,1978.9828,1978.9828,13057109007
2022-05-25,1978.677,2014.3695,1943.9386,1944.8279,1944.8279,13364545730
2022-05-26,1945.0333,1962.1711,1759.1996,1803.9133,1803.9133,23458681818
2022-05-27,1802.5438,1814.6565,1721.2648,1724.9229,1724.9229,25470760032
2022-05-28,1724.636,1757.9418,1724.636,1757.9418,1757.9418,23214777872
2022-05-29,1792.1844,1818.7766,1765.9374,1812.031,1812.031,10642556101
2022-05-30,1811.886,2005.2108,1804.4561,1996.4413,1996.4413,19580808705
2022-05-31,1996.4081,2005.491,1932.3521,1942.328,1942.328,18363115560
2022-06-01,1942.0507,1965.1666,1776.0532,1823.5693,1823.5693,21037797760
2022-06-02,1822.4121,1845.314,1789.6642,1834.1505,1834.1505,17065041354
2022-06-03,1834.135,1840.0588,1746.5098,1775.0786,1775.0786,14878001811
2022-06-04,1775.2208,1810.2997,1751.5333,1801.6095,1801.6095,8677951273
2022-06-05,1801.819,1825.8596,1777.1333,1805.205,1805.205,8850385937
2022-06-06,1805.636,1915.0305,1804.9902,1859.2897,1859.2897,16518471852
2022-06-07,1859.3337,1862.9149,1729.4136,1814.0483,1814.0483,24020076750
2022-06-08,1814.1007,1830.676,1770.2312,1793.5723,1793.5723,18041476023
2022-06-09,1793.5128,1827.2931,1779.8676,1789.826,1789.826,12013083393
2022-06-10,1789.6899,1797.6078,1663.434,1665.0422,1665.0422,18504740451
2022-06-11,1665.2179,1679.3142,1507.0389,1529.6635,1529.6635,21127089064
2022-06-12,1530.1897,1539.7051,1436.184,1445.2166,1445.2166,23465074882
2022-06-13,1443.8354,1448.738,1181.9482,1204.5828,1204.5828,45162788786
2022-06-14,1204.5553,1252.4718,1094.7019,1211.6628,1211.6628,33327826525
2022-06-15,1211.366,1236.6276,1025.6842,1233.2064,1233.2064,37539999450
2022-06-16,1233.6035,1246.1406,1058.7845,1067.7307,1067.7307,18907671369
2022-06-17,1067.9877,1112.4716,1060.8677,1086.5193,1086.5193,14591486540
2022-06-18,1086.3779,1095.1669,896.10901,993.63678,993.63678,21655406608
2022-06-19,993.40063,1142.3408,943.11633,1127.6565,1127.6565,21795481981
2022-06-20,1127.6562,1159.9854,1066.1132,1127.6425,1127.6425,19739691429
2022-06-21,1127.5118,1185.4325,1112.5726,1124.8246,1124.8246,15632089439
2022-06-22,1125.3729,1126.2617,1049.7633,1051.4219,1051.4219,15010593493
2022-06-23,1051.3293,1146.4943,1050.2196,1143.3867,1143.3867,14657862919
2022-06-24,1143.2047,1238.6169,1134.514,1226.8447,1226.8447,16981552654
2022-06-25,1226.7247,1246.3943,1184.562,1243.4469,1243.4469,12481946184
2022-06-26,1242.9875,1272.1312,1199.4064,1199.8317,1199.8317,12096607824
2022-06-27,1199.7131,1234.1808,1179.7925,1193.6807,1193.6807,12492225250
2022-06-28,1193.254,1229.739,1141.1597,1144.5792,1144.5792,14023205651
2022-06-29,1144.5244,1152.6848,1092.0991,1098.9438,1098.9438,15386286815
2022-06-30,1099.3531,1103.6904,1009.0948,1067.2988,1067.2988,16350755497
2022-07-01,1068.3168,1100.2239,1040.1508,1059.7673,1059.7673,17499453625
2022-07-02,1060.1212,1073.0526,1033.9622,1066.5128,1066.5128,9935603640
2022-07-03,1066.4674,1083.4189,1044.0056,1073.767,1073.767,8557248150
2022-07-04,1073.7943,1152.9438,1048.3964,1151.0591,1151.0591,13670889311
2022-07-05,1150.5098,1165.6827,1086.83,1134.541,1134.541,16195518291
2022-07-06,1134.8223,1193.6367,1116.2476,1186.974,1186.974,15373536703
2022-07-07,1186.9609,1246.8949,1165.6232,1237.5934,1237.5934,14230795894
2022-07-08,1237.5803,1262.8857,1200.6322,1222.5062,1222.5062,16315929082
2022-07-09,1222.3069,1228.7679,1209.3776,1216.9783,1216.9783,8821353104
2022-07-10,1216.9044,1216.9044,1157.1755,1168.4016,1168.4016,10984558039
2022-07-11,1168.139,1169.1938,1095.0028,1097.2366,1097.2366,12064180410
2022-07-12,1097.2592,1097.2592,1038.1356,1038.1917,1038.1917,12583282453
2022-07-13,1038.1866,1113.5872,1019.2203,1113.5872,1113.5872,18302588147
2022-07-14,1113.5157,1202.9534,1077.4058,1191.5262,1191.5262,16688640823
2022-07-15,1191.6748,1275.7782,1182.9032,1233.1292,1233.1292,17411448225
2022-07-16,1232.7916,1377.9446,1195.606,1352.6265,1352.6265,18364013796
2022-07-17,1353.2051,1378.4175,1329.7633,1338.6357,1338.6357,16079711737
2022-07-18,1338.806,1578.7179,1338.806,1578.7179,1578.7179,27440420623
2022-07-19,1578.3839,1607.0331,1501.7975,1542.9752,1542.9752,27753529276
2022-07-20,1542.9543,1612.6458,1500.8032,1520.2007,1520.2007,22942708340
2022-07-21,1520.3745,1595.762,1472.1854,1576.7495,1576.7495,20009556587
2022-07-22,1576.7454,1641.2092,1523.6417,1537.4052,1537.4052,18926100582
2022-07-23,1536.4574,1591.6326,1495.6781,1549.2975,1549.2975,14998811383
2022-07-24,1549.2225,1654.4287,1548.6711,1599.4767,1599.4767,17217849557
2022-07-25,1599.1572,1605.3369,1445.3834,1445.3834,1445.3834,20585056021
2022-07-26,1445.1511,1445.1511,1362.9517,1441.8068,1441.8068,18238563509
2022-07-27,1443.7268,1636.7994,1423.6189,1636.2327,1636.2327,23007524016
2022-07-28,1636.2319,1774.5764,1604.891,1725.4681,1725.4681,27231399966
2022-07-29,1725.6239,1759.884,1662.7911,1727.407,1727.407,23249531113
2022-07-30,1727.0619,1738.0168,1678.108,1695.9695,1695.9695,15576977870
2022-07-31,1695.8848,1745.8832,1672.6128,1681.5173,1681.5173,14200735370
2022-08-01,1681.4456,1700.1709,1613.416,1635.1958,1635.1958,16191371176
2022-08-02,1634.6459,1672.6298,1567.8511,1632.9454,1632.9454,20426082309
2022-08-03,1633.0513,1678.0983,1595.6345,1618.8745,1618.8745,16786218830
2022-08-04,1618.8867,1658.5116,1585.3265,1608.2058,1608.2058,14467440626
2022-08-05,1607.5239,1732.2546,1606.4971,1732.2546,1732.2546,18546491876
2022-08-06,1732.6611,1744.3264,1691.6581,1691.6581,1691.6581,11757911705
2022-08-07,1691.778,1724.7892,1672.9084,1699.3508,1699.3508,10252090340
2022-08-08,1699.6935,1806.8865,1697.408,1775.5161,1775.5161,16841424404
2022-08-09,1776.0713,1786.1226,1675.8499,1703.025,1703.025,16368619692
2022-08-10,1702.9065,1869.4006,1665.0905,1851.7427,1851.7427,23512477984
2022-08-11,1851.8284,1927.9392,1851.8284,1881.2241,1881.2241,23826986482
2022-08-12,1880.8992,1957.553,1860.0835,1957.2465,1957.2465,17168141904
2022-08-13,1957.334,2013.7557,1948.5952,1981.3365,1981.3365,16038975216
2022-08-14,1981.7825,2022.7915,1919.0101,1936.802,1936.802,14062754456
2022-08-15,1936.7605,2007.2103,1881.8568,1904.2281,1904.2281,20349931313
2022-08-16,1902.8331,1910.7454,1862.2734,1878.1394,1878.1394,15637578930
2022-08-17,1877.9343,1951.6757,1823.5322,1832.9996,1832.9996,20308508124
2022-08-18,1833.7156,1876.377,1826.9578,1847.0078,1847.0078,14999352229
2022-08-19,1847.0953,1847.0953,1611.3389,1612.9873,1612.9873,25906358731
2022-08-20,1612.6506,1652.2188,1534.2988,1577.0038,1577.0038,18334580263
2022-08-21,1576.5436,1640.9365,1569.0465,1619.319,1619.319,15849221752
2022-08-22,1619.1669,1622.7788,1535.0148,1622.5059,1622.5059,18557078599
2022-08-23,1622.9393,1666.6765,1569.4286,1662.7699,1662.7699,18322041914
2022-08-24,1662.6954,1686.5577,1610.0992,1657.0592,1657.0592,16780932907
2022-08-25,1657.3365,1718.1832,1656.8561,1696.457,1696.457,14818795695
2022-08-26,1696.3246,1698.561,1498.7712,1507.7828,1507.7828,26713710143
2022-08-27,1508.157,1517.15,1454.283,1491.395,1491.395,18120831899
2022-08-28,1491.2068,1505.792,1430.5474,1430.5474,1430.5474,12823572918
2022-08-29,1430.4395,1556.3096,1427.7284,1553.0374,1553.0374,17965837488
2022-08-30,1553.189,1600.4612,1480.8318,1523.8389,1523.8389,21835784470
2022-08-31,1524.2865,1612.3589,1524.2865,1553.6849,1553.6849,20591680941
2022-09-01,1553.7563,1593.0828,1520.1884,1586.1768,1586.1768,16434276817
2022-09-02,1586.0179,1643.1832,1551.8779,1577.2205,1577.2205,17708478709
2022-09-03,1577.2137,1579.4543,1541.6721,1556.8727,1556.8727,9516825994
2022-09-04,1556.8959,1578.0093,1543.6989,1577.6416,1577.6416,8884144998
2022-09-05,1577.884,1621.6614,1559.7819,1617.1832,1617.1832,13060541168
2022-09-06,1617.2402,1680.5953,1561.7485,1561.7485,1561.7485,22946059125
2022-09-07,1560.9067,1651.0511,1500.0137,1629.9064,1629.9064,19560363854
2022-09-08,1629.8052,1655.0641,1603.0638,1635.3477,1635.3477,17621046717
2022-09-09,1635.1877,1735.8098,1632.8365,1719.0854,1719.0854,20242323690
2022-09-10,1718.9613,1784.4978,1710.297,1776.2037,1776.2037,13130928217
2022-09-11,1775.9761,1782.7299,1730.1648,1761.8,1761.8,12464301922
2022-09-12,1762.0848,1778.1635,1698.2935,1713.7653,1713.7653,17688391310
2022-09-13,1713.9625,1745.7791,1564.0319,1580.788,1580.788,23066821734
2022-09-14,1574.8582,1642.1572,1564.0319,1634.755,1634.755,17897150206
2022-09-15,1635.083,1648.9457,1466.1394,1471.6935,1471.6935,26946275878
2022-09-16,1471.9283,1480.5642,1415.5813,1432.4478,1432.4478,16764804299
2022-09-17,1432.8765,1473.0604,1415.0424,1469.7417,1469.7417,10798098671
2022-09-18,1469.7054,1469.7054,1331.4948,1335.3291,1335.3291,15762284723
2022-09-19,1335.2708,1388.2722,1287.4209,1377.5414,1377.5414,18712714223
2022-09-20,1377.619,1381.9657,1319.2014,1324.3882,1324.3882,14722317220
2022-09-21,1324.2156,1384.4769,1229.4268,1252.6078,1252.6078,20643507800
2022-09-22,1251.5674,1336.1578,1240.9683,1327.6802,1327.6802,18461527259
2022-09-23,1327.4812,1353.2883,1270.1984,1328.2595,1328.2595,18771106339
2022-09-24,1328.2446,1346.2552,1312.6403,1317.9933,1317.9933,12098209717
2022-09-25,1317.9385,1333.3713,1275.6277,1294.2168,1294.2168,11802651633
2022-09-26,1294.3861,1335.5264,1282.0493,1335.3202,1335.3202,16034549271
2022-09-27,1335.337,1396.8915,1308.9915,1330.1277,1330.1277,17870598937
2022-09-28,1329.5414,1351.9645,1267.8693,1337.4109,1337.4109,18994979566
2022-09-29,1337.5544,1348.1077,1293.1934,1335.6523,1335.6523,13796915736
2022-09-30,1335.6465,1368.7434,1320.3832,1327.9786,1327.9786,14250100093
2022-10-01,1328.1937,1332.5165,1306.1025,1311.6444,1311.6444,6227961237
2022-10-02,1311.7534,1316.3301,1275.3361,1276.0935,1276.0935,7578351650
2022-10-03,1276.1635,1326.5544,1271.1509,1323.4392,1323.4392,10153070907
2022-10-04,1323.2783,1364.9709,1320.0767,1362.1266,1362.1266,10139774963
2022-10-05,1361.9729,1362.4518,1320.8551,1352.8372,1352.8372,9774451820
2022-10-06,1352.8066,1380.4049,1349.45,1351.7095,1351.7095,12033514861
2022-10-07,1351.8364,1359.3281,1321.7461,1332.517,1332.517,10061619355
2022-10-08,1332.3713,1335.9548,1307.073,1315.5005,1315.5005,5804676208
2022-10-09,1315.4602,1327.6688,1309.3446,1322.6042,1322.6042,5486230123
2022-10-10,1322.6187,1335.6627,1291.3376,1291.3376,1291.3376,8794491050
2022-10-11,1291.1096,1296.2739,1272.7377,1279.5757,1279.5757,9274845260
2022-10-12,1279.7323,1303.0752,1277.5275,1294.9064,1294.9064,8355638578
2022-10-13,1294.9174,1297.5642,1209.2782,1288.1239,1288.1239,17499038202
2022-10-14,1288.0487,1339.7448,1285.3783,1297.4221,1297.4221,13113767755
2022-10-15,1297.3059,1300.746,1268.4685,1274.8717,1274.8717,6798512624
2022-10-16,1275.0055,1312.6345,1275.0055,1306.2966,1306.2966,7491625206
2022-10-17,1306.3096,1335.6478,1297.4473,1331.7136,1331.7136,9401189650
2022-10-18,1331.6699,1339.0859,1291.6606,1310.447,1310.447,10416747806
2022-10-19,1310.5631,1312.4424,1283.9653,1285.7443,1285.7443,8350692785
2022-10-20,1285.6603,1307.8551,1275.324,1283.2009,1283.2009,9009111996
2022-10-21,1283.1881,1305.0813,1260.6667,1299.9464,1299.9464,10412565245
2022-10-22,1299.9023,1317.1011,1295.9469,1314.2992,1314.2992,7175324564
2022-10-23,1314.2495,1367.7607,1302.9088,1363.447,1363.447,9909510925
2022-10-24,1363.4918,1368.4255,1327.854,1344.9985,1344.9985,13092820173
2022-10-25,1344.7113,1509.9855,1336.9789,1461.6654,1461.6654,25367291294
2022-10-26,1461.1332,1584.6367,1460.4287,1566.5667,1566.5667,32705548427
2022-10-27,1566.8414,1574.4034,1510.8168,1514.3749,1514.3749,22813499245
2022-10-28,1514.3231,1568.6339,1493.8711,1555.4779,1555.4779,19974623205
2022-10-29,1555.2747,1652.3822,1549.9836,1619.6985,1619.6985,21618154775
2022-10-30,1619.6979,1637.0378,1579.4852,1590.7833,1590.7833,13930073427
2022-10-31,1590.4813,1630.4529,1555.9189,1572.7145,1572.7145,19306919714
2022-11-01,1572.6454,1606.6057,1568.0985,1579.7046,1579.7046,14507311208
2022-11-02,1579.4979,1613.4106,1507.2448,1519.7118,1519.7118,23254218281
2022-11-03,1519.7249,1556.7596,1517.1017,1531.5417,1531.5417,14248351007
2022-11-04,1531.3976,1661.3347,1529.2684,1645.0934,1645.0934,20806964347
2022-11-05,1645.1565,1660.4865,1625.9642,1627.968,1627.968,11006973190
2022-11-06,1627.9011,1634.1324,1572.2347,1572.2347,1572.2347,11632744705
2022-11-07,1572.017,1604.4753,1550.4155,1568.5913,1568.5913,15279963349
2022-11-08,1568.3296,1574.7998,1259.4431,1332.8356,1332.8356,42048003440
2022-11-09,1333.1224,1335.7435,1083.2856,1100.1698,1100.1698,38864492427
2022-11-10,1100.1072,1341.7911,1093.1226,1299.4646,1299.4646,28581002122
2022-11-11,1298.8824,1302.2953,1211.3296,1287.2211,1287.2211,20920539099
2022-11-12,1287.4384,1288.1509,1242.1522,1255.2683,1255.2683,10964962767
2022-11-13,1255.4413,1271.7125,1208.521,1221.8192,1221.8192,10717455214
2022-11-14,1221.8955,1284.2177,1178.4291,1241.6042,1241.6042,15028035663
2022-11-15,1241.6777,1283.1987,1238.6882,1251.7362,1251.7362,11798011594
2022-11-16,1251.8088,1264.4863,1192.9878,1215.6025,1215.6025,11939561598
2022-11-17,1215.8486,1224.9657,1189.1527,1200.8086,1200.8086,9723646871
2022-11-18,1200.8021,1226.7374,1200.8021,1212.3003,1212.3003,7979913378
2022-11-19,1212.2155,1227.8373,1200.4756,1218.4268,1218.4268,5978745776
2022-11-20,1218.4363,1224.0778,1137.9332,1142.4667,1142.4667,9651002684
2022-11-21,1142.3958,1142.3958,1084.8573,1108.353,1108.353,14080099208
2022-11-22,1107.896,1136.4426,1081.1382,1135.1735,1135.1735,12040670755
2022-11-23,1135.4215,1184.9973,1130.0228,1183.1996,1183.1996,11242676044
2022-11-24,1183.3451,1211.6274,1180.3798,1203.9832,1203.9832,9706372376
2022-11-25,1203.7994,1203.7994,1174.8234,1198.9259,1198.9259,5483308196
2022-11-26,1198.7905,1227.0381,1198.0979,1205.8979,1205.8979,5074160558
2022-11-27,1205.9053,1220.3495,1195.0391,1195.127,1195.127,4486976868
2022-11-28,1194.9603,1198.7377,1156.0625,1170.0862,1170.0862,7275411870
2022-11-29,1169.8744,1222.1642,1163.4775,1216.9012,1216.9012,7639405818
2022-11-30,1216.9287,1302.0387,1215.4979,1295.6886,1295.6886,9836925304
2022-12-01,1295.7695,1295.9999,1267.7085,1276.2739,1276.2739,6857935276
2022-12-02,1276.3286,1294.3033,1269.2432,1294.3033,1294.3033,6213645709
2022-12-03,1294.4565,1299.8403,1241.4319,1243.3348,1243.3348,5672609405
2022-12-04,1243.2192,1281.4923,1242.9117,1280.2566,1280.2566,5174128454
2022-12-05,1279.9989,1302.2375,1252.4724,1259.6768,1259.6768,6120359523
2022-12-06,1259.8542,1271.9232,1247.6299,1271.6538,1271.6538,5089212680
2022-12-07,1271.5531,1272.6941,1224.448,1232.4375,1232.4375,5752205180
2022-12-08,1232.4518,1286.2297,1226.3585,1281.1163,1281.1163,6227269815
2022-12-09,1281.0773,1290.0554,1260.8187,1264.2848,1264.2848,5706183865
2022-12-10,1264.3755,1279.528,1262.1199,1266.3842,1266.3842,3282499999
2022-12-11,1266.4178,1281.7832,1260.6637,1263.8685,1263.8685,3362005848
2022-12-12,1263.5735,1275.6104,1243.4778,1274.619,1274.619,5151109364
2022-12-13,1274.6625,1341.4393,1258.4724,1320.5492,1320.5492,8812883119
2022-12-14,1320.6886,1346.1744,1305.8334,1309.3287,1309.3287,7830915428
2022-12-15,1309.1908,1311.0671,1262.6893,1266.3539,1266.3539,6032859783
2022-12-16,1266.4606,1278.157,1162.1757,1168.2594,1168.2594,9297811507
2022-12-17,1168.0668,1189.045,1165.4078,1188.1495,1188.1495,5077258586
2022-12-18,1188.1285,1194.2145,1176.1858,1184.7152,1184.7152,3350092519
2022-12-19,1184.7583,1192.9238,1160.3772,1167.6099,1167.6099,4943628091
2022-12-20,1167.8827,1224.0927,1165.5995,1217.7036,1217.7036,6684951715
2022-12-21,1217.5864,1218.1923,1206.4401,1213.6,1213.6,4217182733
2022-12-22,1213.6726,1221.9868,1187.1278,1218.1821,1218.1821,5297471739
2022-12-23,1218.0793,1226.9988,1215.9949,1220.1594,1220.1594,4835831923
2022-12-24,1220.1179,1224.9116,1216.3387,1221.1486,1221.1486,2626153345
2022-12-25,1221.1715,1223.5178,1203.7196,1218.962,1218.962,3942720070
2022-12-26,1218.9202,1226.9744,1214.3359,1226.9744,1226.9744,3282098400
2022-12-27,1226.9871,1230.4181,1205.8956,1212.7916,1212.7916,4091530737
2022-12-28,1212.7366,1213.1289,1185.7021,1189.9861,1189.9861,4991669631
2022-12-29,1190.0101,1204.1416,1188.3602,1201.5953,1201.5953,4132233940
2022-12-30,1201.5696,1202.0347,1187.4625,1199.2328,1199.2328,4055668253
2022-12-31,1199.3601,1205.0886,1194.2037,1196.7712,1196.7712,3018513333
2023-01-01,1196.7136,1203.4753,1192.8854,1200.9648,1200.9648,2399674550
2023-01-02,1201.1033,1219.8606,1195.215,1214.6566,1214.6566,3765758498
2023-01-03,1214.744,1219.0953,1207.4916,1214.7788,1214.7788,3392972131
2023-01-04,1214.7186,1264.8075,1213.1688,1256.5266,1256.5266,6404416893
2023-01-05,1256.4846,1258.5715,1245.1731,1250.4386,1250.4386,4001786456
2023-01-06,1250.459,1273.2203,1240.9475,1269.379,1269.379,4977252792
2023-01-07,1269.4198,1270.5983,1262.2711,1264.2704,1264.2704,2565213548
2023-01-08,1264.1819,1287.3595,1260.2268,1287.3595,1287.3595,3495088905
2023-01-09,1287.4508,1342.1442,1286.6808,1321.5389,1321.5389,7990438824
2023-01-10,1321.3955,1342.7572,1318.5272,1336.5861,1336.5861,5830173253
2023-01-11,1336.4868,1387.9327,1323.5831,1387.9327,1387.9327,6314904311
2023-01-12,1405.3514,1432.2812,1378.4221,1417.9385,1417.9385,12230193038
2023-01-13,1417.9462,1461.6727,1404.0239,1451.6149,1451.6149,7684148212
2023-01-14,1451.4285,1563.7391,1450.9884,1550.7069,1550.7069,15444626014
2023-01-15,1550.7316,1556.9508,1520.8938,1552.4795,1552.4795,6774614499
2023-01-16,1552.5193,1594.0398,1529.5736,1576.8335,1576.8335,8454485431
2023-01-17,1577.1074,1594.001,1553.3359,1567.8461,1567.8461,7599462786
2023-01-18,1567.699,1602.1067,1509.4229,1515.507,1515.507,10354880595
2023-01-19,1515.2496,1557.9703,1514.38,1552.5565,1552.5565,6432638856
2023-01-20,1552.3737,1659.8857,1544.9178,1659.7542,1659.7542,8528894754
2023-01-21,1659.7061,1674.1793,1626.813,1627.1182,1627.1182,8859250310
2023-01-22,1627.366,1658.0234,1612.0857,1628.3821,1628.3821,7517988734
2023-01-23,1628.5508,1641.2181,1607.9031,1628.2511,1628.2511,8264507375
2023-01-24,1627.8483,1639.7239,1551.3898,1556.6042,1556.6042,8180274691
2023-01-25,1556.8075,1632.2417,1530.7979,1611.7111,1611.7111,10598973448
2023-01-26,1611.0809,1626.1982,1586.5981,1603.106,1603.106,8395315241
2023-01-27,1603.0801,1617.0009,1565.245,1598.1565,1598.1565,8124465373
2023-01-28,1598.1254,1604.7041,1565.3901,1572.4351,1572.4351,5803653357
2023-01-29,1572.6295,1653.725,1568.9849,1646.1556,1646.1556,8801292300
2023-01-30,1646.1477,1646.6516,1546.6608,1567.3265,1567.3265,9180418120
2023-01-31,1567.4199,1598.5176,1563.8043,1586.5354,1586.5354,6585191019
2023-02-01,1586.4882,1644.7275,1566.8573,1641.7927,1641.7927,8116969489
2023-02-02,1641.366,1704.4581,1641.3226,1643.2416,1643.2416,10558081069
2023-02-03,1642.9047,1670.6969,1634.2234,1664.7456,1664.7456,8169519805
2023-02-04,1664.4723,1690.0996,1648.1892,1667.0592,1667.0592,5843302512
2023-02-05,1667.1665,1671.7703,1616.3918,1631.6459,1631.6459,6926696531
2023-02-06,1631.6453,1653.7155,1611.3191,1616.2471,1616.2471,6919871886
2023-02-07,1616.0096,1673.7979,1614.863,1672.0035,1672.0035,8030277434
2023-02-08,1671.9053,1688.5272,1635.265,1650.7168,1650.7168,7806089579
2023-02-09,1651.0823,1655.2349,1537.1823,1546.4382,1546.4382,10524969124
2023-02-10,1546.5966,1553.3257,1504.8345,1514.8691,1514.8691,8397387897
2023-02-11,1514.9419,1541.3347,1510.147,1539.9268,1539.9268,5064007416
2023-02-12,1539.776,1545.5542,1501.462,1515.0337,1515.0337,5319698775
2023-02-13,1514.917,1524.7314,1470.0239,1507.1659,1507.1659,9363855114
2023-02-14,1506.9921,1562.0343,1497.1945,1556.8751,1556.8751,9249575045
2023-02-15,1556.7651,1674.2898,1545.6897,1673.746,1673.746,10015035156
2023-02-16,1673.8674,1732.8011,1638.1455,1640.0676,1640.0676,12704861676
2023-02-17,1640.2802,1716.7819,1636.1738,1694.7833,1694.7833,9802443159
2023-02-18,1694.7418,1705.3091,1683.6702,1691.8195,1691.8195,5491437195
2023-02-19,1691.6802,1718.9476,1673.9066,1681.4362,1681.4362,6959144003
2023-02-20,1682.337,1716.4894,1659.295,1702.6752,1702.6752,7703604237
2023-02-21,1702.7979,1714.2856,1642.3967,1658.0364,1658.0364,8721608198
2023-02-22,1658.141,1663.9968,1604.8033,1643.2317,1643.2317,9189387004
2023-02-23,1643.2986,1674.6016,1632.5662,1651.0739,1651.0739,9013236167
2023-02-24,1650.8951,1661.0913,1583.1478,1608.3732,1608.3732,8909129423
2023-02-25,1608.6583,1608.8651,1567.6317,1594.9149,1594.9149,5657686235
2023-02-26,1594.7611,1645.2734,1590.3931,1640.8171,1640.8171,5727967432
2023-02-27,1640.7637,1662.5757,1615.3879,1634.3264,1634.3264,7239824677
2023-02-28,1634.5024,1644.4358,1602.4281,1605.8951,1605.8951,6323676957
2023-03-01,1606.0404,1663.4337,1601.5486,1663.4337,1663.4337,7701847224
2023-03-02,1663.5491,1672.0511,1622.6,1647.3193,1647.3193,7080950926
2023-03-03,1647.5577,1648.4753,1552.4515,1569.1676,1569.1676,9922240199
2023-03-04,1569.2781,1575.6372,1551.7368,1566.924,1566.924,4389045367
2023-03-05,1567.1793,1584.2089,1559.9541,1564.4688,1564.4688,5020886238
2023-03-06,1564.3832,1579.4563,1557.3635,1567.3987,1567.3987,5245153345
2023-03-07,1567.4247,1579.1622,1543.1276,1561.9331,1561.9331,6854058349
2023-03-08,1561.9779,1568.1753,1534.0883,1534.0883,1534.0883,7130327525
2023-03-09,1534.0316,1544.1084,1423.2648,1438.6608,1438.6608,9457897583
2023-03-10,1438.7601,1438.7601,1378.5254,1429.1581,1429.1581,12665194936
2023-03-11,1429.1008,1484.137,1428.7231,1482.6167,1482.6167,14917080154
2023-03-12,1482.4319,1607.1526,1461.611,1590.293,1590.293,11480965122
2023-03-13,1590.8312,1699.9117,1572.0747,1680.309,1680.309,15711468959
2023-03-14,1680.2953,1779.9178,1665.9023,1703.5071,1703.5071,16159781303
2023-03-15,1705.1899,1721.0792,1616.6304,1656.1805,1656.1805,12715339905
2023-03-16,1656.332,1693.1393,1639.2617,1677.2155,1677.2155,9364980166
2023-03-17,1677.2968,1799.344,1667.1318,1792.4851,1792.4851,12467445117
2023-03-18,1793.5924,1840.3575,1751.2628,1761.6597,1761.6597,10317822213
2023-03-19,1762.9633,1843.8441,1762.9633,1785.5765,1785.5765,9170565472
2023-03-20,1785.4163,1807.7252,1728.1038,1735.3213,1735.3213,10978325507
2023-03-21,1735.6179,1836.2886,1725.0073,1806.7607,1806.7607,10758627746
2023-03-22,1804.957,1821.4583,1717.7651,1737.717,1737.717,12484103560
2023-03-23,1737.1409,1853.8881,1732.5247,1816.4052,1816.4052,11012966854
2023-03-24,1815.8198,1819.9353,1730.3495,1752.0448,1752.0448,10913669383
2023-03-25,1751.4695,1762.6746,1716.652,1743.7648,1743.7648,6614309912
2023-03-26,1743.8422,1797.8802,1741.1829,1775.6768,1775.6768,6990313307
2023-03-27,1775.4813,1781.3793,1690.5166,1715.4608,1715.4608,8585750760
2023-03-28,1715.3274,1791.111,1702.5647,1772.7856,1772.7856,8346890042
2023-03-29,1772.8999,1825.601,1772.8999,1793.0018,1793.0018,9136176952
2023-03-30,1793.3459,1827.2803,1766.2489,1792.7372,1792.7372,9724496987
2023-03-31,1793.6201,1844.6774,1783.1422,1822.0221,1822.0221,9149379763
2023-04-01,1821.7043,1840.1731,1811.1185,1813.8606,1813.8606,5556443606
2023-04-02,1821.1921,1824.3289,1774.8724,1795.7081,1795.7081,6199721188
2023-04-03,1794.9225,1839.1578,1765.5189,1810.2971,1810.2971,9643826401
2023-04-04,1810.1421,1886.5946,1802.9554,1871.0051,1871.0051,10398322335
2023-04-05,1870.9651,1937.4976,1865.9419,1909.114,1909.114,10319231689
2023-04-06,1909.1436,1909.2717,1857.0851,1872.9226,1872.9226,8263191830
2023-04-07,1872.7341,1882.2992,1845.9939,1865.6361,1865.6361,8356130492
2023-04-08,1864.6791,1879.1078,1848.8755,1849.4982,1849.4982,5016362733
2023-04-09,1849.6722,1873.0574,1828.7001,1859.3878,1859.3878,6361497715
2023-04-10,1859.7412,1917.3002,1848.1642,1911.2075,1911.2075,8380134275
2023-04-11,1911.3759,1936.7283,1886.5342,1892.1897,1892.1897,8877222956
2023-04-12,1891.9497,1929.8812,1860.0369,1920.6821,1920.6821,11010714187
2023-04-13,1917.6984,2022.1501,1901.8604,2012.6346,2012.6346,12546950499
2023-04-14,2013.9307,2126.3167,2011.5033,2101.6355,2101.6355,16298099411
2023-04-15,2101.6165,2111.0754,2076.5107,2092.4668,2092.4668,8036468153
2023-04-16,2092.281,2137.4451,2076.832,2120.0059,2120.0059,7898126856
2023-04-17,2120.0012,2120.1135,2063.0386,2076.2429,2076.2429,9648882546
2023-04-18,2075.8552,2121.5315,2057.6538,2104.5374,2104.5374,9134015143
2023-04-19,2103.9463,2104.8572,1928.5829,1936.4034,1936.4034,13779745451
2023-04-20,1936.418,1979.5734,1918.1328,1943.0977,1943.0977,11324135406
2023-04-21,1943.4099,1955.6492,1827.7889,1849.9999,1849.9999,12044274581
2023-04-22,1849.2865,1886.7816,1845.8492,1874.2286,1874.2286,6970642726
2023-04-23,1874.1715,1882.2297,1838.9924,1862.062,1862.062,6607451862
2023-04-24,1862.0853,1888.1937,1811.7921,1842.7574,1842.7574,8438191338
2023-04-25,1842.2043,1877.485,1805.3229,1866.7537,1866.7537,8677255481
2023-04-26,1866.1489,1962.5676,1792.4639,1866.5642,1866.5642,14356524696
2023-04-27,1866.6932,1936.9452,1863.1479,1908.7864,1908.7864,14008145806
2023-04-28,1909.2731,1923.1992,1876.2919,1892.5128,1892.5128,7691759733
2023-04-29,1892.5651,1916.9738,1887.9905,1908.917,1908.917,4796651246
2023-04-30,1908.7413,1938.418,1876.9243,1876.9243,1876.9243,6539641957
2023-05-01,1868.8911,1886.2064,1809.1932,1831.9548,1831.9548,8625783201
2023-05-02,1831.7266,1879.7595,1824.327,1870.7893,1870.7893,7536785767
2023-05-03,1870.6871,1915.5042,1845.8718,1904.6519,1904.6519,8306390869
2023-05-04,1905.1689,1915.8717,1868.6298,1877.7041,1877.7041,6578438233
2023-05-05,1877.8331,1998.4136,1876.9467,1995.0609,1995.0609,9498261360
2023-05-06,1995.4791,2017.5594,1870.6056,1900.2218,1900.2218,9623243037
2023-05-07,1899.9176,1933.9984,1873.0764,1873.0764,1873.0764,6883942236
2023-05-08,1872.4751,1886.1621,1818.4506,1849.0427,1849.0427,9895102899
2023-05-09,1849.061,1860.6675,1832.907,1848.6031,1848.6031,6129516088
2023-05-10,1848.2135,1886.8003,1795.6688,1842.4015,1842.4015,9945549603
2023-05-11,1842.4921,1842.4921,1774.1326,1796.4906,1796.4906,8353828312
2023-05-12,1795.1766,1812.4249,1742.4038,1808.0198,1808.0198,9047198660
2023-05-13,1808.375,1816.0585,1788.4756,1796.1149,1796.1149,4647630864
2023-05-14,1796.1079,1823.4907,1793.2288,1800.501,1800.501,4711210241
2023-05-15,1800.3712,1845.6954,1787.5364,1817.5499,1817.5499,6748889346
2023-05-16,1816.8242,1830.3516,1797.8438,1824.1215,1824.1215,5595959668
2023-05-17,1824.0684,1835.5546,1786.672,1821.8596,1821.8596,6352161579
2023-05-18,1822.0682,1831.4503,1774.1951,1801.7285,1801.7285,5673124255
2023-05-19,1800.9944,1826.1942,1797.4344,1812.5895,1812.5895,4796110259
2023-05-20,1812.7661,1829.0096,1808.0468,1820.478,1820.478,2951655969
2023-05-21,1820.1381,1827.922,1799.9469,1804.5314,1804.5314,3386768865
2023-05-22,1804.8419,1826.6965,1793.224,1817.5348,1817.5348,4534841049
2023-05-23,1817.7811,1869.344,1816.288,1854.3806,1854.3806,6820047160
2023-05-24,1854.2997,1854.2997,1780.9255,1800.1,1800.1,7101647419
2023-05-25,1799.8452,1815.9948,1763.3651,1805.9537,1805.9537,6321689859
2023-05-26,1805.7255,1837.8658,1798.406,1828.6897,1828.6897,5451414258
2023-05-27,1828.5757,1836.1846,1817.4921,1831.1183,1831.1183,3216737652
2023-05-28,1831.0986,1915.7233,1825.4673,1910.9142,1910.9142,6359610561
2023-05-29,1909.2975,1926.4218,1879.0775,1893.0781,1893.0781,5884674572
2023-05-30,1893.0931,1916.575,1883.9347,1901.0266,1901.0266,5363439784
2023-05-31,1901.0983,1907.0354,1852.0947,1874.1305,1874.1305,5984512548
2023-06-01,1873.9147,1887.7053,1846.2274,1862.2014,1862.2014,5640027197
2023-06-02,1862.4237,1910.2784,1851.9647,1907.2566,1907.2566,6097746022
2023-06-03,1907.4208,1908.8223,1885.4855,1892.4125,1892.4125,3472274607
2023-06-04,1892.3982,1912.2057,1885.6519,1890.5135,1890.5135,3747042696
2023-06-05,1890.4176,1890.6405,1780.2115,1811.8284,1811.8284,9246593033
2023-06-06,1810.5814,1896.2227,1801.4053,1884.4949,1884.4949,8704411776
2023-06-07,1884.3729,1893.8091,1822.3031,1832.396,1832.396,7919894455
2023-06-08,1832.5135,1861.1361,1830.165,1846.3019,1846.3019,4536041931
2023-06-09,1846.0779,1854.825,1828.5446,1840.2252,1840.2252,4610831509
2023-06-10,1840.392,1844.7856,1721.4431,1752.3848,1752.3848,10788500406
2023-06-11,1752.5276,1776.8472,1741.1105,1753.4153,1753.4153,4559112981
2023-06-12,1753.0754,1757.6598,1722.9064,1742.5287,1742.5287,6031384958
2023-06-13,1742.3901,1761.9554,1727.7499,1739.0376,1739.0376,6214125203
2023-06-14,1739.2501,1749.1632,1637.1877,1650.5193,1650.5193,7462905534
2023-06-15,1650.4982,1676.4066,1624.1383,1665.5198,1665.5198,7328564880
2023-06-16,1665.4106,1727.2896,1653.1709,1716.6688,1716.6688,6281023479
2023-06-17,1716.6718,1766.7632,1714.1509,1727.2041,1727.2041,4875187477
2023-06-18,1727.1937,1746.5092,1718.1115,1720.5775,1720.5775,3820038842
2023-06-19,1720.5054,1745.1346,1705.8135,1737.6594,1737.6594,5210480121
2023-06-20,1736.8798,1793.314,1715.3425,1792.12,1792.12,7171072578
2023-06-21,1791.995,1898.6689,1788.4893,1891.0072,1891.0072,11731457711
2023-06-22,1889.7944,1932.0656,1867.8766,1872.943,1872.943,8477657143
2023-06-23,1872.5408,1932.5316,1865.192,1892.8621,1892.8621,8290615074
2023-06-24,1893.772,1905.2274,1867.8115,1876.0597,1876.0597,5026191704
2023-06-25,1875.8491,1929.0791,1870.8501,1900.5061,1900.5061,6937581709
2023-06-26,1900.0503,1905.3605,1840.2151,1859.4329,1859.4329,8619702292
2023-06-27,1859.3462,1911.3112,1856.8384,1889.7034,1889.7034,7686042202
2023-06-28,1889.9065,1890.209,1822.1028,1827.9712,1827.9712,7135265016
2023-06-29,1828.0593,1876.5303,1828.0593,1852.2273,1852.2273,5677228612
2023-06-30,1852.0084,1945.2743,1831.281,1933.189,1933.189,12895131248
2023-07-01,1933.3239,1942.7015,1910.8486,1924.5659,1924.5659,5136809625
2023-07-02,1924.4481,1958.1608,1895.907,1937.4384,1937.4384,6343966490
2023-07-03,1937.8838,1974.775,1934.6888,1955.3892,1955.3892,7858509087
2023-07-04,1955.5242,1966.3654,1932.6113,1936.6335,1936.6335,5683423776
2023-07-05,1936.7968,1942.4325,1897.1248,1910.588,1910.588,6034088075
2023-07-06,1910.4171,1956.0123,1847.8507,1848.6365,1848.6365,8905008384
2023-07-07,1847.5126,1876.9633,1832.0254,1870.6025,1870.6025,6468885150
2023-07-08,1871.0021,1872.5016,1844.6417,1865.5396,1865.5396,4299007854
2023-07-09,1865.595,1878.6689,1857.7483,1863.0098,1863.0098,4392863807
2023-07-10,1863.2402,1905.4608,1848.7772,1880.5564,1880.5564,6336468234
2023-07-11,1880.6549,1889.3817,1863.2186,1878.3361,1878.3361,4905225892
2023-07-12,1878.322,1901.1484,1865.7101,1872.1138,1872.1138,6379007000
2023-07-13,1872.0403,2011.8853,1864.4961,2006.5115,2006.5115,11114853969
2023-07-14,2005.6862,2026.205,1901.3612,1939.347,1939.347,10627449471
2023-07-15,1939.1296,1946.0192,1928.1874,1931.4666,1931.4666,4380084234
2023-07-16,1931.645,1942.0309,1917.2941,1923.6819,1923.6819,4329306566
2023-07-17,1923.6943,1936.1776,1875.1204,1911.6461,1911.6461,6678090758
2023-07-18,1911.697,1916.4684,1878.7185,1897.5992,1897.5992,5814708445
2023-07-19,1897.7972,1919.2644,1883.0671,1889.0079,1889.0079,6018487800
2023-07-20,1889.0737,1919.2644,1879.7344,1890.9691,1890.9691,7366830684
2023-07-21,1891.5813,1905.3862,1885.2963,1892.0801,1892.0801,4668158260
2023-07-22,1891.9551,1897.088,1855.0928,1864.9124,1864.9124,4101305643
2023-07-23,1866.0942,1904.4833,1859.5688,1889.1917,1889.1917,4480604100
2023-07-24,1888.8096,1889.762,1836.8524,1850.0021,1850.0021,6344373569
2023-07-25,1850.028,1867.3232,1845.9816,1857.7419,1857.7419,4163381707
2023-07-26,1857.6965,1886.9741,1849.4369,1872.1599,1872.1599,5781548155
2023-07-27,1872.0863,1885.5916,1855.3215,1860.3572,1860.3572,4291339248
2023-07-28,1860.7025,1881.4573,1857.049,1874.7449,1874.7449,3800973336
2023-07-29,1874.5604,1885.5293,1870.3339,1881.0688,1881.0688,2497302218
2023-07-30,1880.8716,1884.1442,1851.728,1861.6438,1861.6438,4003005547
2023-07-31,1861.7552,1875.6294,1851.9154,1856.1624,1856.1624,4391613314
2023-08-01,1856.1902,1873.0299,1817.9208,1871.7921,1871.7921,7634860636
2023-08-02,1873.4681,1877.5115,1822.3483,1839.0897,1839.0897,6448512422
2023-08-03,1838.8979,1856.4076,1825.3478,1835.1365,1835.1365,4710581074
2023-08-04,1834.8905,1847.9122,1817.4138,1827.7129,1827.7129,4861242484
2023-08-05,1827.7986,1836.4648,1824.808,1834.9879,1834.9879,2866049749
2023-08-06,1834.8452,1836.2489,1824.9867,1827.462,1827.462,2963395076
2023-08-07,1827.2395,1842.5226,1804.7167,1826.9388,1826.9388,5837881974
2023-08-08,1826.931,1873.8472,1824.4301,1855.8074,1855.8074,5812855406
2023-08-09,1855.7794,1869.7366,1845.4897,1854.2976,1854.2976,5870081833
2023-08-10,1854.3483,1863.3109,1845.4423,1850.7534,1850.7534,3760304518
2023-08-11,1850.7417,1855.066,1839.5692,1847.1244,1847.1244,3353025102
2023-08-12,1847.172,1852.281,1845.7192,1848.8899,1848.8899,2291124840
2023-08-13,1849.0538,1859.9164,1834.8043,1839.2802,1839.2802,3054625661
2023-08-14,1839.3235,1853.8363,1834.8004,1844.1858,1844.1858,4083364724
2023-08-15,1844.1642,1845.5476,1816.3251,1826.9327,1826.9327,4483923893
2023-08-16,1827.0364,1829.3612,1798.9667,1805.6591,1805.6591,4976573383
2023-08-17,1805.5674,1807.7148,1551.7133,1684.9335,1684.9335,14208462072
2023-08-18,1682.0385,1698.1243,1644.9309,1660.9451,1660.9451,9645084584
2023-08-19,1660.8444,1693.2281,1654.0758,1669.4719,1669.4719,4871231360
2023-08-20,1669.5878,1692.3287,1662.9015,1684.8521,1684.8521,4105056995
2023-08-21,1685.0223,1685.0826,1651.9598,1667.269,1667.269,5077248383
2023-08-22,1667.2793,1668.6387,1596.384,1633.8926,1633.8926,7244623133
2023-08-23,1634.4017,1696.594,1629.5811,1679.2744,1679.2744,7191868448
2023-08-24,1679.2483,1682.4897,1641.6271,1659.9446,1659.9446,5104531920
2023-08-25,1660.2699,1671.9707,1635.9674,1652.9351,1652.9351,5396997823
2023-08-26,1652.9272,1654.7777,1643.7126,1646.3068,1646.3068,2423247747
2023-08-27,1646.272,1659.2671,1645.9028,1657.5131,1657.5131,2624065031
2023-08-28,1657.4398,1659.3287,1627.4468,1652.4574,1652.4574,4855588534
2023-08-29,1652.2742,1742.6373,1639.5762,1729.7257,1729.7257,11304916729
2023-08-30,1729.6766,1730.5647,1697.1472,1705.1122,1705.1122,5023904190
2023-08-31,1705.3645,1720.012,1634.851,1645.6392,1645.6392,6593153505
2023-09-01,1645.5813,1653.5317,1603.0342,1628.4912,1628.4912,6104510092
2023-09-02,1628.5597,1644.0306,1627.9761,1637.0254,1637.0254,2943590996
2023-09-03,1637.0436,1645.6451,1626.0892,1636.1177,1636.1177,3151878318
2023-09-04,1635.7247,1642.6532,1618.5237,1629.6553,1629.6553,3887968912
2023-09-05,1629.911,1645.9484,1610.1412,1633.6294,1633.6294,4417491902
2023-09-06,1633.9121,1656.9327,1611.1477,1632.2523,1632.2523,4987397046
2023-09-07,1632.2628,1657.3037,1623.2205,1647.5983,1647.5983,4907290296
2023-09-08,1647.8076,1657.1364,1617.7965,1636.1378,1636.1378,4598495496
2023-09-09,1636.0504,1636.8707,1629.6609,1635.1624,1635.1624,2081625742
2023-09-10,1635.2117,1635.4331,1604.0405,1616.8289,1616.8289,4339499949
2023-09-11,1616.7698,1618.3058,1533.4268,1551.6377,1551.6377,7693700923
2023-09-12,1551.4978,1619.114,1549.4938,1592.4294,1592.4294,6813819740
2023-09-13,1592.8923,1615.0503,1582.2175,1607.9885,1607.9885,4979469106
2023-09-14,1608.0316,1640.5227,1607.7354,1626.9744,1626.9744,5538958553
2023-09-15,1626.8701,1652.1132,1613.2487,1641.6404,1641.6404,4348584771
2023-09-16,1641.4464,1649.9886,1632.5779,1635.2217,1635.2217,2819575929
2023-09-17,1635.201,1635.5129,1616.7793,1622.8967,1622.8967,3032716258
2023-09-18,1623.0819,1669.0154,1609.9574,1637.347,1637.347,5916674789
2023-09-19,1637.312,1659.5317,1628.4132,1643.5447,1643.5447,4405868861
2023-09-20,1643.4954,1649.6191,1610.4208,1622.8906,1622.8906,5156431986
2023-09-21,1622.5918,1625.2046,1573.3058,1584.307,1584.307,5191732312
2023-09-22,1584.0026,1601.5377,1579.1013,1593.2683,1593.2683,3460791634
2023-09-23,1593.2131,1598.0017,1588.329,1593.8578,1593.8578,2101436678
2023-09-24,1593.8257,1600.2073,1576.7833,1580.8534,1580.8534,3086456944
2023-09-25,1580.7474,1595.8441,1565.0255,1588.3229,1588.3229,4394930984
2023-09-26,1588.0232,1598.0978,1580.1655,1593.4172,1593.4172,3544861160
2023-09-27,1593.1083,1631.9108,1585.3689,1597.4912,1597.4912,5533036096
2023-09-28,1597.672,1666.0242,1597.2947,1652.8827,1652.8827,6658092168
2023-09-29,1652.9999,1687.2812,1648.6565,1667.9438,1667.9438,5529687537
2023-09-30,1667.8345,1692.5311,1666.5638,1671.1619,1671.1619,3155292192
2023-10-01,1671.1615,1750.5957,1670.0822,1733.8104,1733.8104,5054880180
2023-10-02,1732.984,1743.5636,1646.0776,1663.6276,1663.6276,8420552922
2023-10-03,1662.8872,1670.3563,1644.4965,1656.6857,1656.6857,4742827302
2023-10-04,1656.736,1657.2535,1629.4266,1647.8381,1647.8381,5127524863
2023-10-05,1647.7882,1654.379,1609.85,1611.4764,1611.4764,5403759057
2023-10-06,1611.3657,1659.6099,1611.3657,1645.8315,1645.8315,4941208729
2023-10-07,1645.8109,1648.1837,1631.1582,1634.5112,1634.5112,2578994988
2023-10-08,1634.6573,1641.1824,1618.1892,1633.5486,1633.5486,3315554175
2023-10-09,1633.4548,1635.4479,1553.007,1579.8066,1579.8066,7020801716
2023-10-10,1580.1121,1593.7413,1553.0317,1567.713,1567.713,5254966125
2023-10-11,1567.6808,1578.2235,1548.9805,1566.2548,1566.2548,5416504273
2023-10-12,1566.356,1566.8782,1523.2375,1539.6124,1539.6124,5003930677
2023-10-13,1539.4329,1571.7506,1537.9211,1552.0895,1552.0895,4575141511
2023-10-14,1552.2638,1560.3251,1545.7388,1555.2568,1555.2568,2429214718
2023-10-15,1555.076,1565.7609,1550.5546,1558.0698,1558.0698,2923337883
2023-10-16,1558.3135,1628.1562,1555.9896,1600.5343,1600.5343,8846928526
2023-10-17,1600.6356,1601.2947,1554.403,1565.4396,1565.4396,5032686973
2023-10-18,1565.3828,1584.7269,1556.7363,1563.7499,1563.7499,4354138855
2023-10-19,1563.9581,1573.7377,1543.5851,1567.457,1567.457,5035110867
2023-10-20,1567.5709,1628.609,1562.3029,1604.6669,1604.6669,6747486127
2023-10-21,1604.8223,1641.2418,1593.448,1629.3044,1629.3044,4212179634
2023-10-22,1629.2977,1667.6666,1623.9847,1663.4299,1663.4299,5248406817
2023-10-23,1674.8492,1794.0704,1663.448,1765.3827,1765.3827,14362295879
2023-10-24,1766.0146,1852.6844,1758.6901,1784.4375,1784.4375,15888690475
2023-10-25,1784.905,1814.4847,1762.1471,1787.3976,1787.3976,9439066475
2023-10-26,1787.4819,1865.0952,1764.0131,1804.0393,1804.0393,11196672635
2023-10-27,1803.7949,1804.1359,1751.4401,1780.0453,1780.0453,7493399771
2023-10-28,1780.0842,1800.6053,1773.4366,1776.6182,1776.6182,4226112731
2023-10-29,1776.564,1810.4886,1766.053,1795.546,1795.546,4358528382
2023-10-30,1795.5891,1829.2495,1779.3645,1810.0886,1810.0886,7534051038
2023-10-31,1810.1316,1819.9727,1784.5676,1816.459,1816.459,6477922747
2023-11-01,1815.8721,1858.3129,1786.4095,1847.0897,1847.0897,10628825648
2023-11-02,1847.2599,1873.885,1790.1147,1800.621,1800.621,9004197724
2023-11-03,1800.9165,1835.0725,1779.6355,1832.7952,1832.7952,7622864055
2023-11-04,1833.3689,1867.2614,1825.7366,1857.6986,1857.6986,4845080427
2023-11-05,1857.3956,1911.6086,1848.6201,1894.1577,1894.1577,8867152645
2023-11-06,1894.0271,1914.5826,1871.973,1899.8374,1899.8374,8104122602
2023-11-07,1900.5997,1907.5614,1852.7909,1888.1243,1888.1243,9203228152
2023-11-08,1887.119,1904.5463,1874.5457,1889.3224,1889.3224,6751627017
2023-11-09,1888.9403,2130.8853,1884.2043,2120.561,2120.561,24709695029
2023-11-10,2121.0674,2134.6914,2068.1343,2078.2898,2078.2898,14740624457
2023-11-11,2078.0583,2089.5305,2035.0822,2052.7139,2052.7139,10228351203
2023-11-12,2053.1187,2066.0034,2019.0281,2045.187,2045.187,7951011698
2023-11-13,2045.3545,2116.0107,2031.9542,2055.2654,2055.2654,14322027970
2023-11-14,2054.7654,2065.0669,1939.2804,1979.0526,1979.0526,13087862495
2023-11-15,1979.4727,2061.9917,1968.7747,2060.4084,2060.4084,12626326991
2023-11-16,2059.9658,2088.6624,1940.5742,1960.8816,1960.8816,14651619483
2023-11-17,1961.8676,1990.0505,1910.4454,1961.2808,1961.2808,11881648738
2023-11-18,1961.6713,1971.4623,1921.0624,1963.285,1963.285,8064677046
2023-11-19,1963.1801,2015.6339,1944.9009,2013.2045,2013.2045,7716048818
2023-11-20,2011.8534,2066.4099,1996.0443,2022.2391,2022.2391,12866464824
2023-11-21,2022.2173,2035.0359,1937.0668,1937.0668,1937.0668,13653500841
2023-11-22,1933.5831,2089.5142,1933.163,2064.4253,2064.4253,13372200584
2023-11-23,2063.9055,2088.032,2041.4642,2062.2107,2062.2107,7828437946
2023-11-24,2062.4119,2132.4812,2060.999,2081.1521,2081.1521,12141148820
2023-11-25,2081.2961,2091.3428,2067.9172,2084.4131,2084.4131,5362623390
2023-11-26,2084.1775,2094.0959,2038.6005,2063.2861,2063.2861,8054814154
2023-11-27,2062.3909,2070.6062,1988.1204,2027.4174,2027.4174,10574810069
2023-11-28,2027.5172,2074.9541,1996.8147,2049.3381,2049.3381,9910633038
2023-11-29,2049.1868,2071.9944,2020.7566,2029.9292,2029.9292,8945151861
2023-11-30,2029.3584,2054.4443,2022.4618,2052.5562,2052.5562,8107789163
2023-12-01,2052.0967,2109.3191,2046.557,2087.1399,2087.1399,10866891430
2023-12-02,2087.6636,2182.8179,2087.408,2165.7041,2165.7041,9130124831
2023-12-03,2165.8958,2213.1758,2151.7209,2193.6917,2193.6917,8278465782
2023-12-04,2193.6633,2273.0698,2193.0073,2243.2158,2243.2158,16149367134
2023-12-05,2243.0925,2306.5703,2191.1763,2293.8418,2293.8418,15383072559
2023-12-06,2293.6282,2310.7131,2225.0811,2231.6614,2231.6614,12790612571
2023-12-07,2233.2178,2380.7297,2225.0505,2357.5796,2357.5796,14766891042
2023-12-08,2357.1692,2387.5144,2340.9204,2358.7319,2358.7319,12543458699
2023-12-09,2358.686,2401.7605,2331.666,2341.1753,2341.1753,10613312823
2023-12-10,2341.4402,2376.7498,2323.4058,2352.4626,2352.4626,7369608905
2023-12-11,2352.4966,2354.9141,2160.3582,2224.5789,2224.5789,17989249470
2023-12-12,2224.3911,2242.5513,2166.77,2202.0381,2202.0381,11391132228
2023-12-13,2202.6003,2283.0991,2150.7544,2260.6487,2260.6487,12576395493
2023-12-14,2260.7361,2331.6016,2239.3662,2316.5791,2316.5791,12608711052
2023-12-15,2316.1104,2316.8928,2214.2632,2219.3374,2219.3374,10259157898
2023-12-16,2220.4155,2260.8098,2213.5508,2226.9265,2226.9265,6866555430
2023-12-17,2226.8926,2244.3665,2195.7617,2196.4812,2196.4812,7410453853
2023-12-18,2195.3418,2222.0193,2120.1274,2217.2734,2217.2734,10366536490
2023-12-19,2218.241,2253.3489,2139.7234,2177.8726,2177.8726,10619179629
2023-12-20,2177.2395,2263.3291,2161.2188,2201.9114,2201.9114,12652290807
2023-12-21,2201.79,2278.1216,2184.8567,2239.5425,2239.5425,12616530536
2023-12-22,2239.5981,2341.9475,2233.5327,2326.5249,2326.5249,16137246310
2023-12-23,2326.7158,2332.072,2270.429,2309.0464,2309.0464,7995772945
2023-12-24,2309.6267,2325.7051,2249.9844,2265.6921,2265.6921,9450799236
2023-12-25,2265.3406,2303.551,2254.5745,2272.5618,2272.5618,8036302656
2023-12-26,2272.2188,2274.5574,2180.2253,2231.4653,2231.4653,10668581464
2023-12-27,2231.3931,2392.6086,2215.1404,2378.74,2378.74,14161342927
2023-12-28,2380.2007,2445.0176,2338.7039,2347.5662,2347.5662,15660799060
2023-12-29,2346.8438,2386.0046,2262.9758,2300.6907,2300.6907,12536968996
2023-12-30,2300.3997,2322.0215,2270.012,2292.0654,2292.0654,6888195427
2023-12-31,2291.9453,2318.5129,2261.3943,2281.4712,2281.4712,6871481744
2024-01-01,2282.8704,2352.3279,2267.0181,2352.3279,2352.3279,6906765990
2024-01-02,2352.5935,2431.2124,2348.8923,2355.8364,2355.8364,12910543630
2024-01-03,2355.9814,2385.1177,2113.9253,2210.762,2210.762,19332933581
2024-01-04,2210.5291,2294.6082,2204.8657,2269.0381,2269.0381,11044564896
2024-01-05,2269.4094,2276.7646,2209.5371,2268.6472,2268.6472,10860953290
2024-01-06,2269.54,2271.3594,2219.782,2241.6248,2241.6248,5970741680
2024-01-07,2242.0127,2257.1279,2211.5625,2222.866,2222.866,6490053615
2024-01-08,2222.8577,2358.8157,2171.9937,2333.0327,2333.0327,13830287095
2024-01-09,2332.8682,2369.6416,2243.2192,2344.8271,2344.8271,14891130716
2024-01-10,2344.9236,2626.9768,2341.9431,2582.1035,2582.1035,29042100476
2024-01-11,2584.1716,2687.7791,2567.9937,2619.6191,2619.6191,22575246883
2024-01-12,2619.177,2710.4219,2460.9255,2524.4602,2524.4602,23623839263
2024-01-13,2522.9338,2589.0798,2498.5945,2576.5979,2576.5979,12250316867
2024-01-14,2578.0037,2578.3323,2470.4243,2472.2412,2472.2412,9405587417
2024-01-15,2471.667,2550.769,2470.8208,2511.3638,2511.3638,9700630000
2024-01-16,2510.6272,2613.5669,2500.0039,2587.6912,2587.6912,11063317095
2024-01-17,2587.0447,2592.7371,2508.4329,2528.3694,2528.3694,10441017520
2024-01-18,2528.5933,2546.2639,2426.1355,2467.0188,2467.0188,11900028080
2024-01-19,2468.689,2501.3052,2414.7109,2489.4985,2489.4985,11405278376
2024-01-20,2489.8477,2489.8477,2456.0957,2469.5891,2469.5891,5297826161
2024-01-21,2469.7986,2479.7605,2452.3777,2453.9131,2453.9131,4578471955
2024-01-22,2454.9873,2463.4473,2303.5027,2310.8264,2310.8264,13923771728
2024-01-23,2310.9517,2348.0312,2167.2825,2240.686,2240.686,16182147521
2024-01-24,2241.7498,2261.3845,2197.6567,2233.5618,2233.5618,10134722960
2024-01-25,2233.97,2240.3809,2173.6865,2217.7102,2217.7102,9302247037
2024-01-26,2217.4419,2280.3838,2196.1401,2267.1997,2267.1997,9975117607
2024-01-27,2267.3193,2282.5444,2252.3853,2267.886,2267.886,5144367230
2024-01-28,2268.1929,2306.8987,2242.6838,2257.2087,2257.2087,7296214994
2024-01-29,2256.9954,2320.0273,2237.7117,2317.0642,2317.0642,8948195551
2024-01-30,2317.4358,2388.8706,2298.282,2344.4937,2344.4937,10173440062
2024-01-31,2343.5588,2349.6113,2264.4436,2282.5444,2282.5444,10807883277
2024-02-01,2282.1753,2309.8425,2243.5718,2303.8247,2303.8247,8895583113
2024-02-02,2303.7061,2323.0535,2282.2302,2308.0381,2308.0381,7186143091
2024-02-03,2307.9802,2327.3469,2293.5381,2296.0383,2296.0383,4647754021
2024-02-04,2296.1169,2309.0112,2272.3049,2289.5461,2289.5461,5438100035
2024-02-05,2289.2056,2334.6768,2270.0679,2298.8889,2298.8889,7277068110
2024-02-06,2298.9551,2389.8262,2296.7886,2372.2019,2372.2019,9520885493
2024-02-07,2372.2627,2442.6362,2353.7061,2423.7451,2423.7451,9660628536
2024-02-08,2424.0801,2459.5566,2414.7495,2419.9065,2419.9065,9941841732
2024-02-09,2419.7737,2522.7246,2419.3628,2487.5156,2487.5156,13634203177
2024-02-10,2487.6504,2516.7197,2475.8577,2501.2283,2501.2283,6474444159
2024-02-11,2501.1299,2537.6792,2495.2144,2507.5706,2507.5706,7347245813
2024-02-12,2507.5789,2663.8428,2473.812,2658.116,2658.116,13022696866
2024-02-13,2659.5862,2686.4551,2599.1694,2642.1853,2642.1853,18271237044
2024-02-14,2641.6853,2786.8936,2621.0254,2777.9023,2777.9023,21448973822
2024-02-15,2777.6013,2865.8455,2764.0105,2824.3789,2824.3789,23734481937
2024-02-16,2825.4807,2858.4504,2760.3311,2803.6914,2803.6914,17057114638
2024-02-17,2803.7358,2805.1287,2724.387,2786.6726,2786.6726,17932379943
2024-02-18,2786.7097,2892.8435,2767.9131,2878.998,2878.998,23355830478
2024-02-19,2881.2969,2983.3706,2860.2637,2943.5747,2943.5747,15163110589
2024-02-20,2944.1064,3031.5244,2879.9033,3013.5037,3013.5037,20341598470
2024-02-21,3015.6533,3017.1904,2875.4185,2970.3555,2970.3555,18897136867
2024-02-22,2969.5999,3030.666,2907.1094,2971.0073,2971.0073,18058908246
2024-02-23,2970.1396,2991.3296,2906.5837,2921.6582,2921.6582,12822717059
2024-02-24,2921.9629,3003.1951,2907.7007,2992.386,2992.386,10701688842
2024-02-25,2992.3667,3117.429,2984.3931,3112.6973,3112.6973,14620450464
2024-02-26,3112.5291,3197.375,3037.9546,3178.9937,3178.9937,17504464351
2024-02-27,3178.405,3287.958,3167.8306,3244.5193,3244.5193,21090315368
2024-02-28,3243.8933,3485.4509,3201.5759,3385.7039,3385.7039,32885894265
2024-02-29,3386.8027,3518.9692,3303.9053,3341.9197,3341.9197,28469171094
2024-03-01,3341.9658,3452.6262,3341.8511,3435.054,3435.054,16880101987
2024-03-02,3436.1592,3459.7473,3398.8989,3422.0498,3422.0498,12024340617
2024-03-03,3422.8752,3491.1685,3372.2141,3490.9937,3490.9937,13643324467
2024-03-04,3489.3401,3641.4592,3446.0176,3630.4338,3630.4338,26772963830
2024-03-05,3631.929,3828.1597,3224.1194,3554.9646,3554.9646,47706899137
2024-03-06,3554.0679,3901.4343,3502.8025,3819.2263,3819.2263,34938642613
2024-03-07,3818.311,3939.594,3738.6853,3874.3477,3874.3477,22457177587
2024-03-08,3874.8308,3998.8264,3828.3633,3892.061,3892.061,26135487051
2024-03-09,3892.1191,3950.3965,3880.6589,3915.4189,3915.4189,11926623780
2024-03-10,3915.5906,3968.7236,3800.5645,3881.1931,3881.1931,15783924355
2024-03-11,3881.2378,4087.05,3745.1252,4066.4451,4066.4451,28806262507
2024-03-12,4066.6904,4092.2842,3831.8899,3980.2732,3980.2732,26917010932
2024-03-13,3980.2651,4083.0073,3936.6272,4006.457,4006.457,22028114691
2024-03-14,4005.7451,4011.1028,3721.7886,3883.1404,3883.1404,25434810823
2024-03-15,3882.8569,3928.7756,3571.7747,3735.2202,3735.2202,33505075433
2024-03-16,3736.105,3780.8945,3468.0793,3522.8601,3522.8601,20199855932
2024-03-17,3523.0298,3676.2634,3414.1724,3642.4131,3642.4131,19938757095
2024-03-18,3642.2988,3642.4971,3456.0913,3517.9851,3517.9851,21162220224
2024-03-19,3518.3477,3546.5823,3149.2869,3157.6182,3157.6182,34166976701
2024-03-20,3158.3967,3534.8264,3059.6548,3513.3931,3513.3931,36605316331
2024-03-21,3514.0176,3586.905,3412.2227,3492.9912,3492.9912,22213647922
2024-03-22,3492.8979,3541.8982,3254.9692,3333.688,3333.688,20574952329
2024-03-23,3335.5925,3433.7581,3273.1155,3336.594,3336.594,13242137554
2024-03-24,3336.666,3470.3445,3301.2773,3454.6365,3454.6365,12156660941
2024-03-25,3454.8857,3657.1189,3421.7905,3590.8838,3590.8838,18603921705
2024-03-26,3591.0852,3678.7898,3545.4287,3587.5049,3587.5049,18505553577
2024-03-27,3587.3137,3664.3831,3460.3936,3500.1152,3500.1152,18753082145
2024-03-28,3500.2161,3609.7053,3465.3323,3561.2939,3561.2939,16419674157
2024-03-29,3561.0117,3583.7014,3475.7256,3511.8062,3511.8062,12712701619
2024-03-30,3511.8276,3566.0845,3489.9021,3507.9443,3507.9443,9389066783
2024-03-31,3507.9517,3655.219,3507.2427,3647.8564,3647.8564,10499881424
2024-04-01,3647.8196,3648.1292,3418.6953,3505.03,3505.03,16002098681
2024-04-02,3504.8184,3506.9629,3215.9851,3277.2346,3277.2346,22076539151
2024-04-03,3277.3242,3368.1116,3205.6492,3311.4419,3311.4419,16010734587
2024-04-04,3311.4954,3443.2075,3253.3193,3330.0405,3330.0405,14476330517
2024-04-05,3330.0059,3345.6665,3214.2441,3318.8853,3318.8853,15214447092
2024-04-06,3318.8647,3397.5925,3308.9834,3354.1838,3354.1838,8956926798
2024-04-07,3354.2139,3458.5083,3346.1147,3453.4946,3453.4946,9931108526
2024-04-08,3453.4988,3727.6165,3409.5117,3695.2927,3695.2927,19055143129
2024-04-09,3695.3418,3724.9224,3455.1077,3505.1633,3505.1633,18279773833
2024-04-10,3505.156,3561.5164,3415.1804,3543.7371,3543.7371,16872482726
2024-04-11,3543.4521,3616.1943,3477.1711,3505.2478,3505.2478,14076734489
2024-04-12,3505.3298,3552.5891,3103.4302,3243.0349,3243.0349,22104869556
2024-04-13,3242.9409,3299.6638,2862.3936,3004.9004,3004.9004,29930408174
2024-04-14,3005.5476,3174.6665,2914.4229,3156.9419,3156.9419,25486284994
2024-04-15,3156.8301,3277.5615,3026.5388,3101.6003,3101.6003,21925843181
2024-04-16,3101.1406,3127.1609,2997.7546,3084.9202,3084.9202,19441391169
2024-04-17,3084.9236,3123.6697,2918.5537,2984.7275,2984.7275,17711869375
2024-04-18,2984.7053,3094.842,2956.1274,3066.0276,3066.0276,15183777035
2024-04-19,3065.9531,3127.115,2868.7959,3059.2786,3059.2786,20399982867
2024-04-20,3059.478,3170.6729,3021.7849,3157.6272,3157.6272,9918642130
2024-04-21,3157.571,3197.5063,3119.552,3147.2886,3147.2886,9394387894
2024-04-22,3147.6636,3236.6592,3131.3674,3201.6521,3201.6521,12063858733
2024-04-23,3201.5886,3264.4194,3154.5898,3219.9116,3219.9116,11054442653
2024-04-24,3219.957,3292.9216,3105.9822,3139.8052,3139.8052,14000234760
2024-04-25,3139.6243,3190.9763,3074.8047,3156.5095,3156.5095,13989030260
2024-04-26,3156.384,3166.1887,3103.104,3130.1648,3130.1648,10622333862
2024-04-27,3129.7271,3279.4512,3071.3401,3252.1682,3252.1682,11820785577
2024-04-28,3252.2456,3351.1765,3249.1492,3262.7747,3262.7747,11379192678
2024-04-29,3262.3408,3285.4688,3116.2,3215.429,3215.429,15032246816
2024-04-30,3215.3811,3249.3784,2918.2288,3012.2869,3012.2869,18266894653
2024-05-01,3011.0156,3020.1733,2815.9233,2969.7847,2969.7847,20005057445
2024-05-02,2969.7944,3015.0503,2894.3298,2988.1685,2988.1685,13163903903
2024-05-03,2988.1345,3127.1553,2960.1821,3103.542,3103.542,12862183229
2024-05-04,3103.6196,3167.5413,3096.2676,3117.5764,3117.5764,8283229638
2024-05-05,3117.637,3170.0552,3075.5862,3137.249,3137.249,8783447639
2024-05-06,3137.5103,3220.1523,3048.2385,3062.7288,3062.7288,13008587255
2024-05-07,3062.751,3129.0813,3003.0137,3006.5771,3006.5771,11743187337
2024-05-08,3006.3157,3037.196,2938.4727,2973.6572,2973.6572,11791662158
2024-05-09,2973.9717,3057.9583,2951.2239,3036.0205,3036.0205,10861947179
2024-05-10,3036.2312,3052.7295,2881.0007,2909.7913,2909.7913,12278653601
2024-05-11,2909.8455,2942.1787,2888.0833,2911.6021,2911.6021,6795916454
2024-05-12,2911.6582,2953.0474,2902.2019,2928.7019,2928.7019,5908941395
2024-05-13,2928.814,2994.8691,2865.1345,2949.3596,2949.3596,13352264795
2024-05-14,2949.2131,2959.5466,2863.5459,2881.158,2881.158,12444516140
2024-05-15,2881.2246,3041.6023,2864.7354,3037.0566,3037.0566,14666902956
2024-05-16,3036.0142,3041.8071,2925.0874,2945.1311,2945.1311,13035465176
2024-05-17,2945.137,3120.3018,2934.1125,3094.1187,3094.1187,14449438097
2024-05-18,3094.5535,3146.7905,3087.7043,3122.949,3122.949,9407051320
2024-05-19,3122.8247,3137.1484,3056.7544,3071.843,3071.843,8747800800
2024-05-20,3071.8589,3690.8059,3050.2979,3663.8555,3663.8555,31228143948
2024-05-21,3663.0112,3837.3728,3628.0964,3789.3127,3789.3127,37643853967
2024-05-22,3789.3728,3810.9485,3655.0752,3737.2178,3737.2178,25155809461
2024-05-23,3737.1785,3943.554,3552.6426,3776.9272,3776.9272,45623656317
2024-05-24,3776.9924,3825.1226,3631.9902,3726.9346,3726.9346,22257061429
2024-05-25,3726.9756,3776.0066,3710.5283,3749.2366,3749.2366,10000027764
2024-05-26,3749.1799,3879.4707,3732.0229,3825.8975,3825.8975,14650794791
2024-05-27,3826.1272,3973.5564,3821.9304,3892.0068,3892.0068,18949181813
2024-05-28,3892.0969,3924.8958,3771.2139,3840.2563,3840.2563,19846044324
2024-05-29,3840.2351,3880.6484,3742.0413,3763.1965,3763.1965,17411416736
2024-05-30,3763.3577,3823.6433,3702.2637,3746.8496,3746.8496,15065849797
2024-05-31,3746.8616,3843.8577,3723.8352,3760.0266,3760.0266,15290700646
2024-06-01,3759.8843,3829.2947,3749.8401,3813.199,3813.199,8661024535
2024-06-02,3813.2756,3834.9119,3752.4146,3780.896,3780.896,11126903059
2024-06-03,3780.8542,3848.603,3758.9199,3766.3892,3766.3892,14082454300
2024-06-04,3766.4763,3831.365,3738.1343,3812.5159,3812.5159,13331489271
2024-06-05,3812.5608,3887.4858,3778.6558,3864.261,3864.261,15480034434
2024-06-06,3864.2634,3878.0522,3761.7754,3811.606,3811.606,13606583873
2024-06-07,3811.666,3838.4521,3615.2803,3678.6292,3678.6292,18220286186
2024-06-08,3677.4004,3707.4973,3669.6379,3680.95,3680.95,9096091805
2024-06-09,3680.936,3719.3677,3668.1235,3705.9038,3705.9038,7910768788
2024-06-10,3705.8772,3711.4287,3648.1646,3666.7175,3666.7175,10377300126
2024-06-11,3666.3589,3669.8909,3434.749,3498.3306,3498.3306,19184721538
2024-06-12,3497.897,3652.4922,3463.7849,3559.6177,3559.6177,17142905351
2024-06-13,3559.7253,3559.7253,3431.3335,3469.2812,3469.2812,14472382154
2024-06-14,3467.97,3528.6023,3366.2239,3480.272,3480.272,15793876596
2024-06-15,3479.7856,3589.8875,3473.4526,3565.5496,3565.5496,12733651076
2024-06-16,3566.762,3648.093,3541.5344,3620.5635,3620.5635,9878388158
2024-06-17,3622.3835,3634.2854,3468.1489,3511.3789,3511.3789,17838856988
2024-06-18,3510.5652,3514.1772,3371.5903,3483.6814,3483.6814,21022514455
2024-06-19,3482.3508,3583.3201,3466.481,3559.3474,3559.3474,15275373778
2024-06-20,3559.3474,3623.8865,3485.46,3511.0869,3511.0869,16115123753
2024-06-21,3511.2683,3542.9573,3447.9355,3516.0757,3516.0757,15933353456
2024-06-22,3516.5513,3519.4976,3477.1699,3494.8135,3494.8135,7423703673
2024-06-23,3494.9539,3519.325,3408.583,3418.6118,3418.6118,9418141333
2024-06-24,3418.7832,3430.699,3244.2415,3350.2563,3350.2563,23137744903
2024-06-25,3350.5557,3422.2134,3335.5569,3395.0291,3395.0291,13235546063
2024-06-26,3394.3733,3421.5095,3328.3906,3369.4773,3369.4773,11694054195
2024-06-27,3368.8862,3470.9231,3362.2646,3444.8005,3444.8005,11771834016
2024-06-28,3445.4988,3482.9575,3363.4375,3373.636,3373.636,12861158844
2024-06-29,3373.6899,3401.7302,3369.5527,3372.9678,3372.9678,6584792001
2024-06-30,3373.0757,3453.2114,3352.2844,3432.8892,3432.8892,8396416013
2024-07-01,3432.6074,3513.3108,3425.3232,3440.3416,3440.3416,12281551839
2024-07-02,3439.3813,3459.7615,3399.0261,3416.3547,3416.3547,9421757718
2024-07-03,3416.2549,3426.3323,3254.5212,3292.9167,3292.9167,16121324440
2024-07-04,3291.8179,3309.2036,3054.522,3054.522,3054.522,20252514386
2024-07-05,3057.8333,3106.1526,2826.0144,2981.5986,2981.5986,31131942647
2024-07-06,2981.988,3080.1074,2957.3958,3069.3779,3069.3779,11586293705
2024-07-07,3067.405,3072.8145,2923.9592,2929.3872,2929.3872,10857947538
2024-07-08,2929.8616,3090.6646,2826.4817,3018.7319,3018.7319,22627377457
2024-07-09,3018.8032,3105.8005,3005.5222,3064.033,3064.033,15269945822
2024-07-10,3066.1372,3148.4075,3026.6084,3102.2188,3102.2188,14578679176
2024-07-11,3101.3352,3208.9385,3057.2192,3100.3308,3100.3308,15230095766
2024-07-12,3099.99,3154.6016,3048.5081,3134.1587,3134.1587,12751638331
2024-07-13,3134.5505,3199.9895,3115.0803,3177.1987,3177.1987,8565105946
2024-07-14,3176.7415,3266.4875,3166.4312,3244.0791,3244.0791,10517709666
2024-07-15,3246.1316,3494.0984,3235.7761,3489.5527,3489.5527,18305490390
2024-07-16,3486.144,3498.219,3351.7798,3443.5134,3443.5134,20446664416
2024-07-17,3446.7368,3516.1042,3379.0996,3388.7524,3388.7524,16739123962
2024-07-18,3388.03,3488.7156,3374.9905,3426.2585,3426.2585,15035622003
2024-07-19,3425.9087,3540.5884,3377.8777,3505.7349,3505.7349,17705629736
2024-07-20,3505.7214,3539.9043,3482.489,3519.2954,3519.2954,10360198325
2024-07-21,3519.4265,3546.6191,3415.4438,3536.6055,3536.6055,13845913681
2024-07-22,3536.6272,3560.0754,3425.7957,3440.4199,3440.4199,18723199034
2024-07-23,3440.7683,3539.5317,3395.4209,3481.9958,3481.9958,24468405650
2024-07-24,3482.1519,3487.6531,3304.0393,3336.3394,3336.3394,16040945448
2024-07-25,3336.3623,3341.4385,3088.7644,3174.4272,3174.4272,25293745810
2024-07-26,3174.051,3285.761,3172.7771,3275.9514,3275.9514,15993893521
2024-07-27,3275.8916,3327.4265,3195.3567,3247.6079,3247.6079,15198233287
2024-07-28,3247.5073,3283.1521,3201.7632,3271.4646,3271.4646,8959236446
2024-07-29,3271.4534,3396.6257,3257.7156,3320.5393,3320.5393,18334852719
2024-07-30,3320.6353,3365.3225,3235.76,3278.6677,3278.6677,14045773047
2024-07-31,3278.6865,3347.6365,3216.0718,3231.2957,3231.2957,16135380637
2024-08-01,3231.2488,3241.7773,3078.5439,3201.5645,3201.5645,20217639556
2024-08-02,3201.5994,3214.5271,2965.7339,2986.0132,2986.0132,21400241741
2024-08-03,2985.9509,3015.2961,2861.1775,2903.3857,2903.3857,17844091431
2024-08-04,2903.0886,2931.4717,2639.5667,2686.3989,2686.3989,21139601426
2024-08-05,2686.0276,2695.8867,2122.5461,2417.2063,2417.2063,67668132244
2024-08-06,2417.2698,2553.5811,2416.5271,2458.7239,2458.7239,26041995921
2024-08-07,2458.989,2551.5608,2312.1687,2336.5894,2336.5894,24264218606
2024-08-08,2336.915,2721.9546,2322.5295,2683.3528,2683.3528,23468291180
2024-08-09,2683.72,2706.4512,2555.2295,2599.5986,2599.5986,17907141655
2024-08-10,2599.5823,2642.9258,2580.6619,2610.0229,2610.0229,9361014219
2024-08-11,2609.9697,2718.7976,2544.1748,2553.2522,2553.2522,13595441987
2024-08-12,2553.4966,2749.135,2513.394,2724.4319,2724.4319,21653090666
2024-08-13,2724.3035,2737.9905,2613.8013,2703.6719,2703.6719,16383053029
2024-08-14,2703.5869,2775.281,2636.7053,2662.9148,2662.9148,15825365408
2024-08-15,2662.8855,2675.3145,2518.6707,2570.0876,2570.0876,16345801912
2024-08-16,2570.0852,2629.3835,2553.0715,2593.1865,2593.1865,13275561555
2024-08-17,2593.167,2626.6729,2588.7852,2614.5469,2614.5469,6676568717
2024-08-18,2614.1096,2684.031,2596.7351,2613.3572,2613.3572,9207267415
2024-08-19,2612.7185,2648.2844,2566.4011,2637.3064,2637.3064,11968963282
2024-08-20,2637.3064,2695.9138,2556.7476,2573.1069,2573.1069,13249483464
2024-08-21,2573.1089,2662.9534,2538.6577,2631.3955,2631.3955,12766015263
2024-08-22,2630.8643,2644.8237,2587.1106,2622.9514,2622.9514,10723280428
2024-08-23,2622.916,2799.3298,2622.5811,2764.447,2764.447,16857181970
2024-08-24,2765.4814,2820.0205,2737.7766,2769.3896,2769.3896,11765811307
2024-08-25,2769.0981,2793.0129,2736.0889,2749.1577,2749.1577,9375535539
2024-08-26,2749.2476,2763.0042,2668.8867,2681.3406,2681.3406,12282035835
2024-08-27,2681.6228,2700.1528,2401.175,2458.7266,2458.7266,18028996056
2024-08-28,2458.9048,2553.8201,2422.2937,2528.4155,2528.4155,20359545410
2024-08-29,2528.3623,2595.9771,2507.5024,2528.7927,2528.7927,13946434277
2024-08-30,2528.7322,2539.9153,2432.8345,2525.822,2525.822,15526218255
2024-08-31,2525.8591,2532.3899,2493.7056,2513.3938,2513.3938,6646876013
2024-09-01,2513.4243,2515.4673,2401.8892,2427.9023,2427.9023,11800443265
2024-09-02,2427.9734,2563.0859,2426.0959,2538.1873,2538.1873,12520444224
2024-09-03,2538.1606,2552.8027,2419.8752,2420.6038,2420.6038,11406800197
2024-09-04,2420.1924,2488.9165,2313.2651,2448.9771,2448.9771,16709600747
2024-09-05,2448.9868,2465.3853,2348.8633,2367.7375,2367.7375,13632325040
2024-09-06,2367.7009,2406.512,2150.8633,2223.8765,2223.8765,25825618367
2024-09-07,2223.9292,2310.1948,2222.1008,2274.1072,2274.1072,11124608320
2024-09-08,2274.4377,2332.3594,2243.9114,2297.293,2297.293,10718443487
2024-09-09,2297.8962,2379.7866,2274.1155,2358.4822,2358.4822,15887712451
2024-09-10,2358.4978,2398.5039,2323.0718,2389.5811,2389.5811,12795818970
2024-09-11,2389.6038,2389.7183,2279.0537,2339.8416,2339.8416,15355180967
2024-09-12,2339.8408,2390.1868,2316.1577,2361.7817,2361.7817,12162634681
2024-09-13,2361.741,2462.803,2338.144,2441.6072,2441.6072,13759640866
2024-09-14,2441.5808,2442.6321,2386.9797,2418.5957,2418.5957,8170291680
2024-09-15,2418.2661,2430.3833,2286.6282,2320.8972,2320.8972,10155470375
2024-09-16,2320.8945,2334.7898,2253.7151,2295.2837,2295.2837,16819033263
2024-09-17,2295.2844,2392.1492,2263.793,2341.7078,2341.7078,15356783863
2024-09-18,2341.7329,2369.729,2278.6646,2369.729,2369.729,18159056422
2024-09-19,2369.3748,2492.2046,2369.3748,2464.7522,2464.7522,18437147349
2024-09-20,2464.7822,2571.9927,2439.3779,2561.072,2561.072,19112788620
2024-09-21,2560.8796,2621.6226,2530.8379,2615.8572,2615.8572,10797825021
2024-09-22,2615.8481,2632.0393,2528.5222,2582.8625,2582.8625,13180663011
2024-09-23,2582.7749,2701.6777,2541.9104,2648.5464,2648.5464,19912841456
2024-09-24,2648.4822,2671.2759,2593.1521,2654.355,2654.355,16658812503
2024-09-25,2654.3616,2672.4619,2557.7244,2579.3887,2579.3887,14119729962
2024-09-26,2579.2175,2665.9927,2559.9543,2632.2,2632.2,17336033595
2024-09-27,2632.2419,2728.0676,2616.9509,2695.9006,2695.9006,17023020294
2024-09-28,2695.8159,2704.9287,2652.2505,2677.5391,2677.5391,10252590559
2024-09-29,2677.6287,2683.4458,2635.585,2659.3469,2659.3469,11126215671
2024-09-30,2659.2927,2662.489,2576.9761,2603.0627,2603.0627,17826446789
2024-10-01,2603.2642,2657.6155,2415.0786,2448.9211,2448.9211,25482371785
2024-10-02,2448.8772,2498.1213,2354.5393,2365.2317,2365.2317,20148256472
2024-10-03,2365.2136,2402.8625,2311.0278,2349.7913,2349.7913,18051447791
2024-10-04,2349.7329,2440.2424,2339.8708,2414.7939,2414.7939,14879264082
2024-10-05,2414.8472,2427.5176,2390.8445,2415.6318,2415.6318,8152969183
2024-10-06,2415.5317,2456.6306,2407.0994,2439.9578,2439.9578,8458690205
2024-10-07,2439.9448,2520.4062,2405.1343,2421.7966,2421.7966,17414044416
2024-10-08,2421.981,2464.1274,2400.5107,2439.8408,2439.8408,14067361080
2024-10-09,2439.8401,2470.9131,2350.9465,2368.2834,2368.2834,14954047093
2024-10-10,2368.2732,2417.2881,2329.7847,2383.8579,2383.8579,15327769940
2024-10-11,2383.9402,2470.3958,2380.5046,2436.5134,2436.5134,13489061564
2024-10-12,2436.5156,2488.2378,2434.2029,2476.5232,2476.5232,9372169184
2024-10-13,2476.5203,2484.1294,2436.9697,2467.677,2467.677,9189490605
2024-10-14,2467.6475,2652.8818,2443.553,2628.8999,2628.8999,21434687898
2024-10-15,2629.0176,2685.1667,2537.9409,2606.022,2606.022,22003780898
2024-10-16,2606.0195,2644.8542,2589.6069,2611.1021,2611.1021,17012396419
2024-10-17,2611.1921,2646.874,2577.3059,2604.2734,2604.2734,15150712321
2024-10-18,2604.8145,2674.3718,2595.959,2641.5522,2641.5522,17043738652
2024-10-19,2641.4883,2661.8728,2631.657,2648.657,2648.657,8557834553
2024-10-20,2648.6658,2756.4368,2635.9458,2746.364,2746.364,14559296242
2024-10-21,2746.3057,2765.5496,2655.2944,2665.7122,2665.7122,17328615363
2024-10-22,2665.6567,2669.79,2605.6187,2620.1975,2620.1975,15541911074
2024-10-23,2620.0886,2624.4504,2457.1699,2509.0989,2509.0989,17876984551
2024-10-24,2523.6069,2559.1514,2506.7229,2534.4985,2534.4985,16128627601
2024-10-25,2534.4548,2563.7341,2381.4507,2435.9341,2435.9341,22560233078
2024-10-26,2436.05,2503.2305,2427.4614,2479.6033,2479.6033,13597102184
2024-10-27,2479.937,2523.1714,2462.272,2505.9407,2505.9407,9801434566
2024-10-28,2505.5906,2587.4302,2470.2683,2565.3481,2565.3481,18971841402
2024-10-29,2565.418,2680.0544,2560.1538,2637.9575,2637.9575,22185845095
2024-10-30,2637.6401,2720.2715,2600.6096,2657.3726,2657.3726,22382690746
2024-10-31,2657.2131,2667.5596,2501.5723,2515.7993,2515.7993,19760409505
2024-11-01,2515.8704,2583.7771,2467.8193,2511.8855,2511.8855,20215438328
2024-11-02,2512.2083,2522.3606,2471.9556,2491.0686,2491.0686,9639457439
2024-11-03,2491.0945,2495.4365,2411.3984,2456.4253,2456.4253,15667779706
2024-11-04,2456.0952,2488.3503,2359.5781,2397.0264,2397.0264,17110200696
2024-11-05,2397.0364,2478.6189,2380.6013,2422.6506,2422.6506,17894057485
2024-11-06,2422.5393,2743.9641,2421.813,2724.1692,2724.1692,41887574364
2024-11-07,2724.0059,2918.7444,2701.5908,2895.5854,2895.5854,35352318438
2024-11-08,2895.5979,2983.7449,2889.4844,2962.2966,2962.2966,32303261101
2024-11-09,2962.791,3156.3662,2957.1824,3131.1445,3131.1445,29210133088
2024-11-10,3130.7292,3249.9141,3073.2488,3191.3313,3191.3313,47418730187
2024-11-11,3191.657,3389.5293,3109.7695,3374.813,3374.813,55417771668
2024-11-12,3375.1548,3444.1541,3211.1985,3246.2573,3246.2573,56686078066
2024-11-13,3244.5432,3337.8772,3121.666,3192.5959,3192.5959,52010205682
2024-11-14,3192.5205,3240.2708,3032.9719,3058.9487,3058.9487,35743352141
2024-11-15,3059.5261,3130.7039,3016.144,3103.0405,3103.0405,32701369872
2024-11-16,3089.74,3218.0896,3073.2864,3133.2739,3133.2739,26650658846
2024-11-17,3133.3066,3160.1526,3039.2468,3075.6616,3075.6616,28348163224
2024-11-18,3075.7229,3225.1306,3052.4912,3207.8564,3207.8564,35445557613
2024-11-19,3208.2505,3222.0044,3070.3628,3111.384,3111.384,29823634432
2024-11-20,3111.1169,3159.9495,3032.6033,3072.188,3072.188,29785491216
2024-11-21,3072.0552,3388.543,3035.8467,3361.054,3361.054,51619069348
2024-11-22,3360.6543,3428.4604,3262.8088,3331.6008,3331.6008,36775716442
2024-11-23,3331.6455,3499.3708,3317.6548,3396.2234,3396.2234,38835184688
2024-11-24,3396.9995,3451.8022,3288.4309,3363.6599,3363.6599,27901454185
2024-11-25,3364.6016,3545.2788,3304.094,3413.5439,3413.5439,51544793988
2024-11-26,3412.9509,3461.293,3255.543,3326.5173,3326.5173,39902959158
2024-11-27,3326.0291,3687.009,3303.5679,3657.2493,3657.2493,43383987191
2024-11-28,3656.6096,3664.8782,3531.8706,3579.8115,3579.8115,32362724276
2024-11-29,3579.9106,3647.2644,3538.4468,3593.4944,3593.4944,27622629486
2024-11-30,3593.5981,3739.9348,3572.2542,3705.7053,3705.7053,30670867436
2024-12-01,3706.6199,3747.4553,3663.2341,3711.165,3711.165,28018113530
2024-12-02,3710.4954,3761.343,3557.2522,3644.1985,3644.1985,47284967570
2024-12-03,3643.7422,3670.2197,3504.2263,3620.7117,3620.7117,36839829742
2024-12-04,3620.0376,3895.1743,3617.7446,3841.3311,3841.3311,56799745752
2024-12-05,3840.8445,3956.5415,3683.4209,3811.0083,3811.0083,60568296606
2024-12-06,3792.2085,4093.1721,3782.6814,4005.8105,4005.8105,52853668566
2024-12-07,4006.0288,4029.4529,3974.1763,4002.6926,4002.6926,22574636761
2024-12-08,4007.6907,4018,3927.854,4005.7046,4005.7046,20943378971
2024-12-09,4006.1018,4008.7778,3525.2329,3718.6904,3718.6904,57029832059
2024-12-10,3719.0005,3780.7534,3520.3652,3631.8337,3631.8337,58416417599
2024-12-11,3631.2761,3850.7654,3567.5664,3832.822,3832.822,35968053196
2024-12-12,3833.1721,3987.0059,3800.0908,3883.1016,3883.1016,42971675764
2024-12-13,3883.03,3967.3953,3855.0237,3911.2053,3911.2053,34895127659
2024-12-14,3910.8479,3943.2781,3826.762,3868.4053,3868.4053,28756190559
2024-12-15,3868.4412,3971.498,3832.0967,3951.9412,3951.9412,25069616984
2024-12-16,3951.6528,4106.9556,3882.7053,3987.481,3987.481,46536359669
2024-12-17,3987.334,4040.3379,3849.2866,3886.7661,3886.7661,35418700472
2024-12-18,3886.887,3902.7156,3617.8406,3618.7913,3618.7913,48946681636
2024-12-19,3619.582,3717.6624,3330.8726,3417.928,3417.928,58879190250
2024-12-20,3417.9302,3496.3274,3098.2036,3472.5535,3472.5535,66383827229
2024-12-21,3472.5891,3552.9216,3293.5056,3337.2224,3337.2224,31579389836
2024-12-22,3336.9988,3398.6575,3219.2949,3277.5352,3277.5352,24780768375
2024-12-23,3277.5142,3461.5278,3217.3687,3415.7854,3415.7854,34496081389
2024-12-24,3415.738,3535.8577,3355.6091,3492.0498,3492.0498,23083678195
2024-12-25,3491.9575,3542.8337,3440.0972,3493.2354,3493.2354,17651873225
2024-12-26,3493.3042,3512.6045,3302.3064,3331.2258,3331.2258,22247726776
2024-12-27,3331.0537,3436.7107,3302.5757,3328.917,3328.917,24091627403
2024-12-28,3328.7747,3419.9202,3318.0339,3397.9023,3397.9023,14305648523
2024-12-29,3397.8625,3406.6484,3321.6648,3349.5134,3349.5134,13440907792
2024-12-30,3349.5859,3428.5273,3298.8044,3356.3926,3356.3926,26981583962
2024-12-31,3356.3948,3444.3967,3311.4126,3332.5317,3332.5317,20845452085
2025-01-01,3332.4065,3366.5315,3310.2559,3353.5042,3353.5042,14195410493
2025-01-02,3353.4121,3493.4482,3348.3521,3451.3926,3451.3926,22243574698
2025-01-03,3451.6809,3627.0557,3421.8315,3605.0098,3605.0098,21877299255
2025-01-04,3605.2007,3669.1968,3574.3269,3657.7068,3657.7068,16060610759
2025-01-05,3657.7432,3673.813,3594.6169,3634.1038,3634.1038,12830306908
2025-01-06,3634.1138,3743.9417,3611.2144,3688.6113,3688.6113,23973574043
2025-01-07,3688.3413,3701.1069,3358.0898,3381.5774,3381.5774,32235312545
2025-01-08,3381.6155,3413.6829,3209.2146,3326.3293,3326.3293,34337730882
2025-01-09,3326.3596,3355.8623,3159.384,3219.4307,3219.4307,28815726276
2025-01-10,3219.4966,3320.5005,3196.1104,3267.49,3267.49,26503845190
2025-01-11,3267.5225,3317.6543,3219.6987,3282.2178,3282.2178,11772144561
2025-01-12,3282.1504,3298.0183,3224.5105,3265.9512,3265.9512,11647743556
2025-01-13,3266.0955,3335.1936,2920.5928,3135.4998,3135.4998,39911742769
2025-01-14,3135.6702,3254.7515,3126.8059,3223.6846,3223.6846,22847737224
2025-01-15,3223.6846,3473.1016,3186.1399,3450.5376,3450.5376,25991614661
2025-01-16,3450.3052,3458.1807,3265.6758,3308.3452,3308.3452,26395516475
2025-01-17,3308.1912,3525.5435,3307.311,3474.1072,3474.1072,28200207229
2025-01-18,3473.5637,3493.0601,3228.3337,3305.7896,3305.7896,32420094038
2025-01-19,3305.3979,3444.2065,3127.623,3208.9644,3208.9644,57242875399
2025-01-20,3208.9338,3444.2827,3147.5229,3278.0354,3278.0354,52383187336
2025-01-21,3278.436,3365.7781,3202.4927,3327.4062,3327.4062,32804001146
2025-01-22,3327.2373,3364.7461,3223.386,3240.2246,3240.2246,22171220981
2025-01-23,3240.4753,3346.7324,3184.0669,3334.7141,3334.7141,32419520084
2025-01-24,3334.8083,3424.8999,3277.3232,3309.5549,3309.5549,25578325671
2025-01-25,3309.7117,3349.2983,3270.2732,3317.2695,3317.2695,13744316078
2025-01-26,3317.2915,3359.3125,3233.9221,3236.1343,3236.1343,14471528757
2025-01-27,3235.8552,3250.3965,3024.0916,3178.9204,3178.9204,39412486482
2025-01-28,3179.0869,3222.7373,3040.0923,3077.1125,3077.1125,20718206194
2025-01-29,3076.3801,3177.9805,3055.1816,3112.999,3112.999,22727786058
2025-01-30,3113.2898,3282.9863,3093.1238,3247.78,3247.78,19958405782
2025-01-31,3247.8672,3437.5691,3214.9355,3298.2651,3298.2651,30128115902
2025-02-01,3298.8223,3329.6553,3103.9189,3118.3286,3118.3286,19917507079
2025-02-02,3118.6116,3161.8943,2755.4746,2868.6929,2868.6929,42060930305
2025-02-03,2868.0786,2919.4773,2159.2805,2884.5667,2884.5667,92453553253
2025-02-04,2883.8184,2888.25,2636.1658,2735.0513,2735.0513,48795275985
2025-02-05,2735.2258,2824.4001,2701.105,2787.7791,2787.7791,31960764447
2025-02-06,2787.6587,2857.1421,2662.4458,2688.4009,2688.4009,29500645692
2025-02-07,2688.8975,2798.0288,2564.9683,2622.2112,2622.2112,29526663418
2025-02-08,2623.002,2665.4846,2591.7786,2632.3083,2632.3083,17059263074
2025-02-09,2632.5781,2695.2224,2530.4358,2628.7212,2628.7212,17517088276
2025-02-10,2628.6501,2692.8086,2564.0186,2661.1667,2661.1667,19414208113
2025-02-11,2661.3157,2724.9023,2565.3972,2602.782,2602.782,21156550492
2025-02-12,2602.8281,2794.8674,2551.1746,2736.9021,2736.9021,26919387954
2025-02-13,2737.0286,2756.4434,2615.6677,2675.9026,2675.9026,19481004625
2025-02-14,2675.9395,2790.0237,2666.2681,2726.0916,2726.0916,17732289901
2025-02-15,2726.0747,2738.6812,2668.5317,2693.5598,2693.5598,10803019357
2025-02-16,2693.5625,2724.0964,2655.2976,2663.3159,2663.3159,10593602117
2025-02-17,2663.2295,2848.7842,2640.1821,2743.1997,2743.1997,24170425078
2025-02-18,2743.0229,2754.6768,2606.9004,2669.3389,2669.3389,23004152928
2025-02-19,2669.2134,2735.9177,2656.3757,2715.771,2715.771,15272401903
2025-02-20,2715.6826,2770.0305,2708.2161,2740.3865,2740.3865,15917259320
2025-02-21,2740.0222,2842.8271,2616.9194,2659.6555,2659.6555,31441524621
2025-02-22,2660.0359,2797.0579,2653.8674,2764.0293,2764.0293,16403164397
2025-02-23,2764.031,2850.6104,2746.7737,2821.3103,2821.3103,20493767269
2025-02-24,2820.4563,2839.01,2478.8994,2513.8213,2513.8213,29127380459
2025-02-25,2514.2109,2529.6692,2326.6321,2493.5925,2493.5925,40044790246
2025-02-26,2493.3816,2503.4221,2255.0549,2331.4526,2331.4526,28815111323
2025-02-27,2331.5103,2378.0874,2230.4482,2305.4844,2305.4844,24286213447
2025-02-28,2305.5601,2310.9492,2076.1699,2237.9053,2237.9053,35737904667
2025-03-01,2237.9421,2279.873,2144.0901,2216.6433,2216.6433,16135258239
2025-03-02,2216.5217,2548.8118,2175.3215,2519.6946,2519.6946,34854193845
2025-03-03,2519.531,2522.3167,2097.0762,2145.574,2145.574,31473561910
2025-03-04,2145.6528,2220.3586,1996.7676,2170.0151,2170.0151,33935738380
2025-03-05,2169.9868,2272.7974,2156.0994,2241.9773,2241.9773,22105432727
2025-03-06,2241.9065,2319.3962,2177.677,2202.4768,2202.4768,18509069102
2025-03-07,2202.4983,2254.2324,2103.4727,2138.9875,2138.9875,22425792863
2025-03-08,2139.7979,2232.3271,2107.728,2201.5103,2201.5103,10533204814
2025-03-09,2201.7087,2210.3137,1991.1935,2015.5092,2015.5092,16103964994
2025-03-10,2015.4304,2150.7063,1812.7668,1861.1514,1861.1514,35005066442
2025-03-11,1859.7777,1961.7977,1760.9418,1919.845,1919.845,30898385863
2025-03-12,1919.6648,1954.5712,1832.019,1908.9827,1908.9827,22898872951
2025-03-13,1909.0154,1919.6882,1823.5254,1862.9696,1862.9696,17977225564
2025-03-14,1862.9979,1945.0914,1861.106,1909.4675,1909.4675,12122715282
2025-03-15,1909.5281,1955.2384,1904.9657,1937.3947,1937.3947,6456484591
2025-03-16,1937.3848,1940.4744,1863.489,1887.4351,1887.4351,9292997638
2025-03-17,1887.4492,1951.626,1880.4844,1927.0029,1927.0029,10436892087
2025-03-18,1927.0057,1935.182,1872.5089,1932.5435,1932.5435,10170844746
2025-03-19,1932.5446,2068.7644,1928.2495,2057.749,2057.749,20065206266
2025-03-20,2057.9512,2067.4836,1952.2433,1982.0999,1982.0999,13217865782
2025-03-21,1981.853,1994.8915,1937.2115,1964.8475,1964.8475,9708125480
2025-03-22,1964.9404,2005.0411,1964.271,1980.0378,1980.0378,6117036512
2025-03-23,1979.9836,2019.8894,1977.7094,2005.2992,2005.2992,7522339707
2025-03-24,2005.7184,2101.9834,1978.7638,2077.479,2077.479,14044912402
2025-03-25,2078.5681,2096.5183,2038.6445,2067.7642,2067.7642,11735658914
2025-03-26,2067.5088,2078.3691,1982.4124,2009.1893,2009.1893,13178523590
2025-03-27,2008.9406,2037.3961,1987.7178,2002.3574,2002.3574,11593274543
2025-03-28,2002.4105,2015.4543,1863.0106,1895.5029,1895.5029,18160526498
2025-03-29,1895.5497,1911.9009,1799.2008,1827.3203,1827.3203,12194771785
2025-03-30,1827.311,1847.5706,1769.4127,1806.2186,1806.2186,9854857162
2025-03-31,1806.3165,1852.5514,1778.6923,1823.48,1823.48,15765030938
2025-04-01,1823.5624,1926.303,1820.3503,1905.4915,1905.4915,15001220420
2025-04-02,1905.4846,1951.1803,1782.7603,1795.3132,1795.3132,22593742104
2025-04-03,1794.9761,1844.071,1751.3809,1815.6372,1815.6372,16450974373
2025-04-04,1815.6099,1833.9568,1760.5886,1815.3352,1815.3352,18061720814
2025-04-05,1815.345,1826.2986,1767.5135,1805.9733,1805.9733,6374712479
2025-04-06,1805.963,1815.5748,1539.438,1576.728,1576.728,22154445576
2025-04-07,1576.9498,1634.0411,1415.3735,1555.241,1555.241,46073959047
2025-04-08,1554.9321,1617.3398,1447.6101,1472.5531,1472.5531,21315312919
2025-04-09,1472.6014,1687.188,1386.7993,1668.04,1668.04,39252195855
2025-04-10,1668.2018,1669.3942,1474.9142,1522.5188,1522.5188,21379604307
2025-04-11,1522.473,1587.5386,1505.002,1567.1498,1567.1498,14871838813
2025-04-12,1567.1558,1666.0176,1546.8196,1643.5286,1643.5286,12110995013
2025-04-13,1643.5011,1648.2867,1564.8389,1596.6858,1596.6858,13909890792
2025-04-14,1596.8818,1689.8575,1596.0865,1622.7699,1622.7699,16518325094
2025-04-15,1622.7719,1659.8362,1585.2291,1588.6324,1588.6324,13175452875
2025-04-16,1589.031,1610.7821,1540.0338,1578.1053,1578.1053,15339621551
2025-04-17,1578.0142,1615.3069,1564.1957,1582.5483,1582.5483,11312160796
2025-04-18,1582.3972,1599.4169,1573.9039,1588.9247,1588.9247,7123507323
2025-04-19,1588.9697,1629.0515,1585.473,1612.9229,1612.9229,7168138700
2025-04-20,1612.9661,1618.4368,1566.6915,1587.5143,1587.5143,7642784469
2025-04-21,1587.4609,1656.1196,1566.1475,1579.7345,1579.7345,15403785611
2025-04-22,1579.8152,1773.6392,1542.0004,1757.3317,1757.3317,23747917555
2025-04-23,1757.1965,1829.71,1746.9241,1796.1042,1796.1042,22904644756
2025-04-24,1795.9795,1801.6914,1724.7407,1769.8317,1769.8317,15207402759
2025-04-25,1770.0037,1826.696,1740.3319,1786.6345,1786.6345,17459399281
2025-04-26,1786.533,1839.363,1781.4739,1821.8811,1821.8811,11926379867
2025-04-27,1822.1755,1856.4438,1785.9021,1792.865,1792.865,11321944113
2025-04-28,1792.4462,1827.4823,1747.7268,1798.8518,1798.8518,17043640437
2025-04-29,1798.9122,1842.0331,1782.2812,1799.1757,1799.1757,14734257744
2025-04-30,1799.2091,1816.6899,1736.1429,1793.7754,1793.7754,14810431362
2025-05-01,1794.041,1872.9396,1793.1511,1839.2216,1839.2216,15861442721
2025-05-02,1839.1748,1869.53,1814.7305,1842.7079,1842.7079,13570171872
2025-05-03,1842.7181,1848.2468,1812.8157,1833.8397,1833.8397,8344452620
2025-05-04,1833.6472,1849.9985,1804.4951,1808.5942,1808.5942,8918979887
2025-05-05,1808.705,1832.0508,1783.3148,1819.6975,1819.6975,11389336489
2025-05-06,1819.734,1820.7966,1753.3154,1815.0875,1815.0875,13206516310
2025-05-07,1815.0189,1849.6584,1788.6874,1811.6067,1811.6067,50540755039
2025-05-08,1811.5464,2222.2056,1809.4569,2206.5146,2206.5146,37777245241
2025-05-09,2206.1282,2486.0068,2186.0544,2345.5073,2345.5073,43766026875
2025-05-10,2345.7605,2597.5435,2320.2351,2582.4226,2582.4226,30265913403
2025-05-11,2582.7104,2603.2644,2441.7307,2510.2378,2510.2378,26496368543
2025-05-12,2510.2893,2620.8972,2411.5945,2496.3977,2496.3977,32121858921
2025-05-13,2496.3374,2736.8901,2418.3257,2680.1296,2680.1296,33528741590
2025-05-14,2680.2622,2721.95,2549.6851,2610.0632,2610.0632,26602676588
2025-05-15,2610.0278,2645.0742,2482.2129,2546.8569,2546.8569,26637688883
2025-05-16,2547.0583,2645.6079,2532.0271,2536.2976,2536.2976,21298907763
2025-05-17,2536.2976,2537.7817,2449.0693,2475.7544,2475.7544,18830706230
2025-05-18,2475.7695,2585.697,2344.6682,2498.2336,2498.2336,25005164865
2025-05-19,2498.8,2545.4612,2353.427,2529.1667,2529.1667,27351331811
2025-05-20,2529.135,2585.6199,2446.4468,2524.1731,2524.1731,23453322578
2025-05-21,2524.1592,2614.0608,2454.5378,2552.3472,2552.3472,31952904125
2025-05-22,2552.7668,2691.1023,2546.4348,2664.157,2664.157,26596978352
2025-05-23,2664.082,2731.2207,2504.8735,2526.4419,2526.4419,30536501878
2025-05-24,2526.3879,2575.1313,2516.0181,2530.6462,2530.6462,11380899856
2025-05-25,2530.8901,2553.8691,2467.8801,2551.7639,2551.7639,14556431364
2025-05-26,2551.3809,2598.5667,2530.3215,2564.1384,2564.1384,14936610009
2025-05-27,2564.1409,2712.2852,2512.5886,2663.0698,2663.0698,26264200536
2025-05-28,2663.0103,2688.7422,2611.1609,2682.2129,2682.2129,19087366068
2025-05-29,2681.8433,2784.7524,2620.9827,2632.6548,2632.6548,27567479811
2025-05-30,2632.8359,2648.2607,2510.1638,2529.9436,2529.9436,24599403943
2025-05-31,2529.834,2550.4836,2484.2156,2529.0874,2529.0874,13992843765
2025-06-01,2529.0967,2547.7729,2472.5408,2536.2664,2536.2664,13287852482
2025-06-02,2536.1848,2615.5156,2477.2927,2607.0974,2607.0974,16744168824
2025-06-03,2607.1975,2652.4187,2582.2505,2593.2803,2593.2803,18291179016
2025-06-04,2593.4827,2677.9705,2585.7378,2608.6431,2608.6431,18621211035
2025-06-05,2608.6072,2640.604,2395.7537,2416.2856,2416.2856,26194462737
2025-06-06,2416.4551,2530.3918,2387.6086,2477.1948,2477.1948,19407449565
2025-06-07,2477.1833,2543.0488,2459.1372,2526.5054,2526.5054,11664303387
2025-06-08,2526.1934,2547.467,2493.9202,2510.7871,2510.7871,12097170203
2025-06-09,2510.8381,2693.8066,2479.8679,2681.5171,2681.5171,20605172560
2025-06-10,2681.2854,2824.8081,2658.6772,2813.5176,2813.5176,35555755055
2025-06-11,2813.7397,2877.6294,2746.46,2773.5293,2773.5293,30705408054
2025-06-12,2773.5979,2784.2627,2619.9666,2651.7952,2651.7952,25924959613
2025-06-13,2651.9155,2651.9155,2443.9626,2579.4861,2579.4861,37986747138
2025-06-14,2579.7214,2580.1582,2491.4907,2533.4441,2533.4441,14285000473
2025-06-15,2533.1833,2558.6777,2493.2046,2546.8372,2546.8372,13961893828
2025-06-16,2547.2268,2680.0876,2517.1453,2540.605,2540.605,22792449577
2025-06-17,2540.3145,2617.9014,2456.6489,2510.7615,2510.7615,25653232897
2025-06-18,2510.8169,2546.6274,2469.0503,2524.3015,2524.3015,19873957905
2025-06-19,2524.4041,2546.7695,2486.1018,2521.6536,2521.6536,12782730709
2025-06-20,2521.5264,2569.0146,2371.4744,2407.3042,2407.3042,22592586688
2025-06-21,2407.3477,2448.4116,2222.8125,2300.4956,2300.4956,16108791762
2025-06-22,2298.8428,2313.853,2116.6814,2228.2131,2228.2131,28458151601
2025-06-23,2228.4846,2434.2397,2191.4182,2421.825,2421.825,26247439429
2025-06-24,2421.8306,2481.2229,2379.5693,2448.0088,2448.0088,19539047009
2025-06-25,2448.7373,2468.678,2394.6074,2419.3103,2419.3103,17158118625
2025-06-26,2419.1548,2519.6199,2399.5339,2416.1467,2416.1467,18300413888
2025-06-27,2416.0232,2463.1548,2386.325,2423.8669,2423.8669,15309834970
2025-06-28,2423.9253,2448.1917,2407.7617,2437.1094,2437.1094,8273074809
2025-06-29,2437.1147,2523.3206,2417.6252,2500.96,2500.96,12500580479
2025-06-30,2500.6055,2521.7205,2438.0549,2486.4644,2486.4644,16859727663
2025-07-01,2486.4285,2500.5918,2389.8159,2405.7927,2405.7927,15025451796
2025-07-02,2405.8574,2616.7837,2378.3936,2571.3354,2571.3354,22792512025
2025-07-03,2570.7966,2635.1921,2558.5825,2591.0073,2591.0073,20873559425
2025-07-04,2590.8457,2601.1196,2475.7549,2508.5183,2508.5183,17222740209
2025-07-05,2508.0959,2529.8423,2489.0024,2517.28,2517.28,9289382302
2025-07-06,2517.28,2603.0647,2505.3708,2571.2366,2571.2366,13190436110
2025-07-07,2571.3953,2589.325,2517.9036,2543.0132,2543.0132,18440266947
2025-07-08,2542.9727,2626.6646,2525.4377,2615.5059,2615.5059,17537487206
2025-07-09,2615.5059,2794.5186,2591.947,2770.7776,2770.7776,27229452849
2025-07-10,2770.7373,2995.1521,2757.2666,2954.8452,2954.8452,33929201261
2025-07-11,2954.8328,3038.1411,2916.9565,2957.8862,2957.8862,36226558863
2025-07-12,2958.3337,2979.78,2907.1936,2942.9116,2942.9116,16317198254
2025-07-13,2942.8535,3016.3936,2938.7366,2973.3589,2973.3589,17361753131
2025-07-14,2973.2251,3079.9856,2965.3237,3013.3508,3013.3508,36349290556
2025-07-15,3013.2935,3142.4272,2934.3713,3139.8896,3139.8896,39013656112
2025-07-16,3139.8896,3422.603,3102.4778,3371.5068,3371.5068,46771354461
2025-07-17,3371.5068,3521.6853,3315.999,3476.7844,3476.7844,47532846793
2025-07-18,3476.124,3674.8552,3463.3862,3549.0164,3549.0164,59198465810
2025-07-19,3548.926,3608.2756,3512.9731,3595.2737,3595.2737,26031719746
2025-07-20,3595.2405,3819.3987,3582.3496,3759.4714,3759.4714,44600451066
2025-07-21,3758.9207,3856.7671,3705.3538,3763.3713,3763.3713,42611467663
2025-07-22,3762.8821,3798.1003,3624.1404,3749.1455,3749.1455,45248868820
2025-07-23,3749.2385,3765.0264,3532.8564,3629.7036,3629.7036,41283228953
2025-07-24,3629.7317,3771.3816,3514.9993,3708.0056,3708.0056,40377960354
2025-07-25,3708.0056,3744.8201,3579.9629,3727.2668,3727.2668,42264509577
2025-07-26,3727.2373,3789.7898,3702.7742,3741.396,3741.396,24635287361
2025-07-27,3741.2573,3876.9336,3733.6816,3875.2466,3875.2466,28897450394
2025-07-28,3875.2559,3940.6521,3756.5159,3787.4258,3787.4258,35831336149
2025-07-29,3788.3196,3883.9978,3716.8833,3793.4548,3793.4548,35540435995
2025-07-30,3793.5825,3832.884,3683.1445,3808.2017,3808.2017,34392494235
2025-07-31,3808.2461,3877.4702,3685.0042,3696.7078,3696.7078,32839839444
2025-08-01,3696.1443,3722.5857,3432.3799,3488.366,3488.366,46261558200
2025-08-02,3487.9568,3535.5588,3370.9431,3392.7412,3392.7412,30165065282
2025-08-03,3392.7444,3520.8313,3357.939,3497.3792,3497.3792,19363593865
2025-08-04,3497.613,3734.9775,3491.5549,3718.9861,3718.9861,30905749658
2025-08-05,3719.8179,3720.6565,3547.6211,3611.8994,3611.8994,32778742296
2025-08-06,3612.0388,3698.1248,3567.0959,3683.9207,3683.9207,26924415763
2025-08-07,3684.062,3926.2043,3650.366,3914.3259,3914.3259,38627826066
2025-08-08,3914.1106,4068.8477,3882.4431,4009.8489,4009.8489,45460293892
2025-08-09,4009.1506,4323.7612,4007.7092,4263.5991,4263.5991,45279715746
2025-08-10,4263.5527,4332.2104,4163.9404,4254.2178,4254.2178,36173931367
2025-08-11,4254.2314,4362.0928,4168.875,4226.9668,4226.9668,49989853803
2025-08-12,4227.207,4634.0552,4222.3623,4590.9248,4590.9248,57237189036
2025-08-13,4590.6577,4784.6689,4566.2388,4756.2759,4756.2759,62550014642
2025-08-14,4756.0435,4788.5518,4461.2817,4548.1665,4548.1665,75681632806
2025-08-15,4549.0757,4667.73,4375.5454,4439.9888,4439.9888,55445715824
2025-08-16,4439.998,4493.1494,4379.1646,4426.1802,4426.1802,26816931514
2025-08-17,4426.2598,4575.8765,4400.7134,4473.2715,4473.2715,31348101438
2025-08-18,4473.3306,4484.0098,4229.3799,4312.5049,4312.5049,53518423360
2025-08-19,4312.5303,4355.0752,4070.5354,4073.4641,4073.4641,50440367102
2025-08-20,4073.1682,4376.7896,4064.9651,4334.5005,4334.5005,49577862965
2025-08-21,4334.5674,4338.8262,4205.7769,4223.21,4223.21,33618359942
2025-08-22,4223.731,4884.228,4209.4722,4831.3486,4831.3486,75965521535
2025-08-23,4831.0884,4831.6108,4669.7251,4776.0903,4776.0903,36503623278
2025-08-24,4776.7046,4953.7329,4714.4727,4779.6475,4779.6475,52405003873
2025-08-25,4779.7695,4796.3501,4343.9473,4372.9878,4372.9878,63936163545
2025-08-26,4372.8804,4632.0732,4316.3008,4600.4268,4600.4268,53829747706
2025-08-27,4600.5103,4659.9873,4489.2979,4503.3931,4503.3931,43509902322
2025-08-28,4503.6313,4629.0312,4435.1094,4507.1777,4507.1777,36045274078
2025-08-29,4507.6313,4513.8594,4272.4595,4360.1528,4360.1528,46899991962
2025-08-30,4360.0889,4413.2749,4264.1953,4374.1533,4374.1533,25883112278
2025-08-31,4374.8936,4497.1768,4373.5967,4390.019,4390.019,26683044984
2025-09-01,4389.626,4490.3467,4221.2476,4314.4702,4314.4702,37530746508
2025-09-02,4314.3911,4414.9341,4260.4595,4325.3657,4325.3657,39884692334
2025-09-03,4324.6963,4489.1987,4286.2061,4450.3892,4450.3892,35260873497
2025-09-04,4450.2158,4483.4512,4268.5889,4298.7441,4298.7441,34919798552
2025-09-05,4298.8369,4484.3613,4258.0498,4306.9888,4306.9888,44163736676
2025-09-06,4306.9731,4327.4399,4244.7549,4274.2422,4274.2422,18108246446
2025-09-07,4274.167,4334.2744,4271.5342,4305.3477,4305.3477,17426783536
2025-09-08,4305.3813,4381.2749,4279.9722,4308.0723,4308.0723,32277142378
2025-09-09,4308.2832,4381.2266,4277.853,4309.0415,4309.0415,30703320925
2025-09-10,4309.0918,4450.418,4286.0625,4349.146,4349.146,39521365146
2025-09-11,4349.2002,4471.6987,4339.7168,4461.2334,4461.2334,35959212991
2025-09-12,4461.4795,4734.2739,4453.2847,4715.2461,4715.2461,43839753626
2025-09-13,4714.7036,4763.3613,4609.1255,4668.1797,4668.1797,34843845977
2025-09-14,4668.1714,4690.6421,4581.8472,4609.5977,4609.5977,28394160275
2025-09-15,4609.7231,4670.5303,4469.8613,4526.8203,4526.8203,40224062009
2025-09-16,4526.0781,4537.5996,4428.3301,4503.5645,4503.5645,32761501436
2025-09-17,4503.6357,4617.2349,4429.6445,4592.7334,4592.7334,44120899417
2025-09-18,4592.4429,4643.9727,4556.27,4589.9189,4589.9189,33497259158
2025-09-19,4589.5059,4620.793,4443.2646,4470.917,4470.917,30352619653
2025-09-20,4470.9785,4509.812,4459.1592,4482.2656,4482.2656,18056494322
2025-09-21,4482.584,4499.3892,4447.1191,4451.3291,4451.3291,19330306133
2025-09-22,4451.5806,4457.0825,4092.3967,4202.8774,4202.8774,58221334533
2025-09-23,4203.0215,4227.7314,4120.8154,4165.5039,4165.5039,32460075911
2025-09-24,4165.4126,4206.9019,4081.3477,4153.4692,4153.4692,33538388785
2025-09-25,4153.521,4162.0625,3829.0107,3868.334,3868.334,68963092031
2025-09-26,3868.6909,4069.1687,3868.4336,4035.8879,4035.8879,47873508328
2025-09-27,4035.9146,4038.4517,3975.7581,4018.6582,4018.6582,20382555776
2025-09-28,4018.6597,4143.0039,3969.793,4141.4766,4141.4766,24631307054
2025-09-29,4141.3564,4234.7827,4087.9272,4217.3418,4217.3418,38560429932
2025-09-30,4217.0552,4238.6714,4095.4436,4145.9575,4145.9575,37679153330
2025-10-01,4146.0337,4351.1123,4125.542,4351.1123,4351.1123,46161664723
2025-10-02,4352.2407,4517.665,4336.5264,4487.9238,4487.9238,48074066058
2025-10-03,4486.9346,4591.4438,4431.479,4514.8706,4514.8706,49603450230
2025-10-04,4514.9092,4519.5269,4444.0127,4489.1973,4489.1973,21832270764
2025-10-05,4489.0532,4616.5332,4472.1387,4515.4229,4515.4229,44880806324
2025-10-06,4515.3008,4736.209,4492.8701,4687.7715,4687.7715,44992456374
2025-10-07,4687.71,4755.2202,4443.5713,4451.1519,4451.1519,54879425294
2025-10-08,4451.1079,4556.2217,4417.7681,4527.6479,4527.6479,40456628235
2025-10-09,4526.9609,4531.7168,4273.5596,4369.1436,4369.1436,47903074596
2025-10-10,4369.0654,4395.5708,3460.2224,3843.0088,3843.0088,97736621123
2025-10-11,3840.9604,3882.2415,3652.79,3750.6116,3750.6116,62475475938
2025-10-12,3750.946,4195.3975,3701.4783,4164.4277,4164.4277,61216174681
2025-10-13,4164.0493,4292.8457,4061.2246,4245.4678,4245.4678,50253782420
2025-10-14,4245.3726,4265.1055,3895.9736,4125.4121,4125.4121,67094148347
2025-10-15,4125.3613,4213.856,3935.1614,3987.4595,3987.4595,50462889453
2025-10-16,3987.1489,4079.6482,3829.6541,3894.7544,3894.7544,49147390731
2025-10-17,3894.3777,3950.5669,3678.6204,3832.5588,3832.5588,57404271888
2025-10-18,3833.0095,3927.2456,3822.2664,3890.3462,3890.3462,23815676385
2025-10-19,3890.5835,4029.3555,3843.7729,3984.6497,3984.6497,32870655221
2025-10-20,3984.6963,4084.1597,3911.7263,3980.7603,3980.7603,40224612563
2025-10-21,3980.7405,4109.5332,3843.2278,3876.7642,3876.7642,49960290350
2025-10-22,3877.363,3890.6323,3718.0771,3808.1223,3808.1223,46173305673
2025-10-23,3808.085,3930.9749,3801.2415,3856.0264,3856.0264,36361652714
2025-10-24,3856.0332,4002.5618,3849.7249,3934.5674,3934.5674,34090708715
2025-10-25,3934.49,3967.6455,3914.6406,3953.4709,3953.4709,15245229017
2025-10-26,3953.4373,4177.3105,3923.1926,4157.9893,4157.9893,29120786315
2025-10-27,4158.0107,4250.6699,4099.5698,4120.1221,4120.1221,40271333201
2025-10-28,4120.2749,4173.5054,3940.8342,3982.2625,3982.2625,39684155177
2025-10-29,3980.759,4036.353,3849.5388,3903.353,3903.353,35255876156
2025-10-30,3903.3225,3948.2227,3681.9094,3804.3752,3804.3752,39981939289
2025-10-31,3805.0828,3900.5803,3797.6692,3847.0803,3847.0803,37800100395
2025-11-01,3847.1714,3906.7803,3832.6348,3874.188,3874.188,17490279524
2025-11-02,3873.8943,3914.8755,3839.9973,3911.0632,3911.0632,20479611654
2025-11-03,3911.7478,3912.6333,3560.2637,3602.3081,3602.3081,53091469560
2025-11-04,3602.0408,3652.6873,3063.0869,3292.5745,3292.5745,76827517773
2025-11-05,3292.1482,3479.8096,3170.5139,3425.1711,3425.1711,46955882330
2025-11-06,3425.3611,3454.3359,3245.2817,3312.2578,3312.2578,36731850433
2025-11-07,3312.0293,3471.8049,3195.8967,3435.301,3435.301,42609994022
2025-11-08,3435.1475,3482.2683,3357.7131,3400.376,3400.376,23613870398
2025-11-09,3400.0986,3616.437,3359.7175,3582.6213,3582.6213,28821543888
2025-11-10,3583.4448,3656.1489,3508.9858,3568.46,3568.46,35638045619
2025-11-11,3568.4727,3644.5283,3404.8618,3415.2822,3415.2822,39734688531
2025-11-12,3415.7959,3586.0139,3373.7117,3413.0942,3413.0942,34898956623
2025-11-13,3412.9949,3561.8608,3156.0308,3232.7571,3232.7571,50283416669
2025-11-14,3232.2952,3252.6609,3071.9707,3103.7856,3103.7856,47003809463
2025-11-15,3104.2302,3227.6902,3104.2302,3166.6313,3166.6313,19932940649
2025-11-16,3166.7935,3244.8376,3007.0728,3092.8474,3092.8474,30987886524
2025-11-17,3092.9417,3218.1304,2957.3096,3024.5388,3024.5388,41026793235
2025-11-18,3024.4141,3167.9326,2948.3293,3122.979,3122.979,41581494270
2025-11-19,3122.646,3122.646,2871.228,3023.0708,3023.0708,40229739844
2025-11-20,3022.8855,3057.7886,2790.5979,2831.7776,2831.7776,43917885207
2025-11-21,2829.2646,2880.603,2626.8716,2765.6992,2765.6992,51476486049
2025-11-22,2766.0906,2795.4268,2704.5022,2767.6074,2767.6074,15408928941
2025-11-23,2767.595,2856.4465,2767.4729,2801.676,2801.676,20358404499
2025-11-24,2801.2043,2982.822,2763.3779,2952.7134,2952.7134,32491657389
2025-11-25,2952.5845,2978.7043,2857.8359,2957.9363,2957.9363,23336017779
2025-11-26,2958.3296,3043.927,2889.8906,3027.812,3027.812,21433162961
2025-11-27,3027.7991,3070.7319,2987.1978,3014.5422,3014.5422,16972780500
2025-11-28,3014.5437,3095.0332,2995.7651,3032.3044,3032.3044,20659958964
2025-11-29,3032.2954,3051.9629,2966.8508,2991.6853,2991.6853,12775481230
2025-11-30,2991.3752,3051.5979,2978.8262,2992.1125,2992.1125,11530446514
2025-12-01,2991.9231,2996.8818,2720.4365,2800.189,2800.189,36679598313
2025-12-02,2800.2231,3032.7612,2784.3906,2997.9397,2997.9397,26593645111
2025-12-03,2997.8015,3212.5598,2988.1421,3191.5718,3191.5718,29949301036
2025-12-04,3188.3435,3238.5554,3071.3101,3134.3164,3134.3164,27434991113
2025-12-05,3134.3574,3192.457,2989.8315,3024.4329,3024.4329,28000268228
2025-12-06,3024.4875,3067.6614,3013.9819,3040.2078,3040.2078,10962819760
2025-12-07,3040.1792,3148.7734,2930.6453,3061.3018,3061.3018,20383496376
2025-12-08,3061.0137,3177.8677,3043.7039,3125.198,3125.198,25262165670
2025-12-09,3124.9426,3395.8386,3092.8765,3321.115,3321.115,32012553374
2025-12-10,3321.2041,3446.6228,3290.147,3325.3901,3325.3901,30694387989
2025-12-11,3324.3867,3327.3445,3149.0344,3237.0569,3237.0569,29066243707
2025-12-12,3237.0256,3265.3726,3050.2673,3084.1726,3084.1726,24391003174
2025-12-13,3084.1296,3134.8494,3080.0786,3116.6953,3116.6953,9916869400
2025-12-14,3116.7439,3128.6228,3034.6926,3060.5947,3060.5947,15619543350
2025-12-15,3060.4814,3175.1182,2899.6858,2964.1831,2964.1831,28765976892
2025-12-16,2964.3796,2978.9214,2890.0117,2964.1809,2964.1809,22709189818
2025-12-17,2964.0195,3025.8154,2791.334,2831.4036,2831.4036,26159825528
2025-12-18,2831.4883,2994.5527,2777.1196,2827.0691,2827.0691,29194181349
2025-12-19,2827.4104,3014.6123,2811.3916,2977.9707,2977.9707,27870687989
2025-12-20,2977.8691,2992.3101,2967.8386,2977.5825,2977.5825,7612418215
2025-12-21,2977.5085,3009.8071,2945.3948,3001.6138,3001.6138,11178096676
2025-12-22,3001.6128,3073.3538,2965.175,3006.0737,3006.0737,20342034264
2025-12-23,3006.074,3033.1963,2902.333,2963.374,2963.374,21453213168
2025-12-24,2962.9226,2975.1711,2888.988,2945.5906,2945.5906,13984770325
2025-12-25,2945.4231,2968.7051,2891.1089,2903.5796,2903.5796,11828871179
2025-12-26,2903.625,2991.22,2894.1538,2925.7456,2925.7456,18562196049
2025-12-27,2925.7451,2957.3005,2917.2712,2947.9983,2947.9983,7378783299
2025-12-28,2947.8982,2957.1387,2925.7454,2948.5681,2948.5681,9227601389
2025-12-29,2948.5591,3051.9419,2908.748,2934.5383,2934.5383,25957694515
2025-12-30,2934.4163,3002.8047,2916.3301,2971.4167,2971.4167,18816704381
2025-12-31,2971.4075,3021.8496,2959.1438,2967.0376,2967.0376,16451891101
2026-01-01,2966.9973,3006.0103,2966.8452,3000.3943,3000.3943,10268796662
2026-01-02,3000.4531,3146.9844,2989.9014,3124.4226,3124.4226,25242778003
2026-01-03,3124.3103,3135.0256,3077.4658,3125.9175,3125.9175,11460707919
2026-01-04,3125.9602,3160.551,3119.4275,3140.7104,3140.7104,13890479323
2026-01-05,3141.4863,3261.2458,3134.0928,3226.1304,3226.1304,27211995956
2026-01-06,3226.1165,3303.5635,3184.0146,3295.9468,3295.9468,27853981622
2026-01-07,3295.9126,3296.3943,3126.552,3166.844,3166.844,22665982583
2026-01-08,3166.9241,3179.8665,3052.5098,3104.3826,3104.3826,22760237888
2026-01-09,3104.3347,3140.7092,3058.0969,3083.0471,3083.0471,18879517395
2026-01-10,3083.1665,3099.1675,3075.1355,3082.396,3082.396,6960662969
2026-01-11,3082.4075,3141.958,3080.7478,3118.8853,3118.8853,10497219711
2026-01-12,3118.8289,3166.22,3068.0728,3092.3252,3092.3252,21152711365
2026-01-13,3092.0085,3352.5801,3088.5129,3322.0955,3322.0955,27237310134
2026-01-14,3322.1921,3397.8977,3280.3787,3354.7227,3354.7227,33926411912
2026-01-15,3354.7659,3382.4487,3276.8201,3317.1013,3317.1013,27598686935
2026-01-16,3317.3418,3325.2505,3251.8145,3295.4822,3295.4822,22732887284
2026-01-17,3295.4827,3328.2834,3282.6619,3308.8643,3308.8643,11206492253
2026-01-18,3308.9058,3367.1677,3278.4268,3281.1577,3281.1577,13557863288
2026-01-19,3282.1992,3282.6548,3166.0166,3186.6211,3186.6211,27956112545
2026-01-20,3186.6211,3197.3918,2925.5435,2935.6057,2935.6057,32985301273
2026-01-21,2935.8821,3064.3906,2867.2644,2978.9011,2978.9011,35797876195
2026-01-22,2979.3079,3034.3381,2905.5627,2949.6333,2949.6333,21993593333
2026-01-23,2949.4458,3013.9541,2892.521,2953.2563,2953.2563,22417700837
2026-01-24,2953.2383,2965.4688,2942.4446,2948.7407,2948.7407,8198666763
2026-01-25,2948.5344,2955.0168,2785.8967,2815.9023,2815.9023,22414089670
2026-01-26,2815.7688,2945.9976,2811.075,2926.457,2926.457,29668620102
2026-01-27,2926.2012,3031.0386,2898.3115,3022.2109,3022.2109,27976005223
2026-01-28,3022.2375,3040.7185,2981.5896,3006.6074,3006.6074,21751566455
2026-01-29,3006.2617,3008.0376,2751.645,2818.2327,2818.2327,37487198041
2026-01-30,2818.1355,2823.9146,2633.8389,2702.3752,2702.3752,41877689970
2026-01-31,2702.3015,2709.5337,2248.6987,2445.0918,2445.0918,47569532203
2026-02-01,2445.0693,2472.6462,2224.1179,2267.9648,2267.9648,40358630560
2026-02-02,2267.5625,2393.0635,2158.9373,2344.3567,2344.3567,48844346396
2026-02-03,2344.4458,2357.2061,2109.0552,2227.5588,2227.5588,47906083919
2026-02-04,2227.967,2291.1313,2074.1028,2143.5042,2143.5042,45219604814
2026-02-05,2143.6189,2167.1399,1818.6643,1821.6831,1821.6831,60381662655
2026-02-06,1821.1294,2090.3281,1748.6277,2063.387,2063.387,64998454203
2026-02-07,2063.3337,2115.825,1995.9186,2090.5493,2090.5493,41145430304
2026-02-08,2090.6335,2148.1206,2066.3838,2088.7629,2088.7629,19541713443
2026-02-09,2087.9214,2144.9761,2008.3623,2103.5676,2103.5676,26750982266
2026-02-10,2104.1819,2122.0215,1990.1405,2019.4974,2019.4974,23267337087
2026-02-11,2019.5801,2030.4094,1903.6852,1940.6213,1940.6213,23922680362
2026-02-12,1940.8412,1999.5028,1897.3348,1946.9407,1946.9407,20106364835
2026-02-13,1946.6107,2069.4568,1924.137,2048.5273,2048.5273,20412430639
2026-02-14,2048.3303,2105.0676,2042.6415,2086.0098,2086.0098,16925555543
2026-02-15,2085.9536,2100.479,1929.3944,1966.043,1966.043,31030538835
2026-02-16,1965.9232,2021.0836,1938.545,1997.9177,1997.9177,19219250473
2026-02-17,1997.9218,2013.8561,1941.7789,1992.1943,1992.1943,20929890501
2026-02-18,1992.1951,2037.1586,1923.8135,1953.9741,1953.9741,20187307041
2026-02-19,1953.9941,1985.8076,1906.822,1948.201,1948.201,17380103826
2026-02-20,1948.2688,1980.2438,1923.6228,1969.0223,1969.0223,21682976627
2026-02-21,1968.8618,1994.8278,1955.7942,1973.7372,1973.7372,11561261802
2026-02-22,1973.5708,1982.2142,1934.8607,1957.8059,1957.8059,9488829492
2026-02-23,1958.1396,1958.1396,1838.0416,1855.5028,1855.5028,23731172668
2026-02-24,1855.4728,1868.3207,1804.1136,1852.9695,1852.9695,18475122228
2026-02-25,1852.8755,2145.5061,1847.0542,2054.6279,2054.6279,27717195805
2026-02-26,2053.7827,2082.7866,1976.3575,2026.7926,2026.7926,23327720766
2026-02-27,2026.7351,2062.6272,1888.6288,1930.7618,1930.7618,21136821039
2026-02-28,1930.7469,1983.9928,1837.3035,1965.0505,1965.0505,21675923669
2026-03-01,1965.3903,2053.2856,1909.0984,1939.0667,1939.0667,23649071468
2026-03-02,1939.0587,2085.428,1922.4391,2027.2689,2027.2689,26235436166
2026-03-03,2027.408,2040.7916,1930.403,1982.7689,1982.7689,24100196312
2026-03-04,1982.7112,2198.6567,1946.0397,2126.5054,2126.5054,33610946768
2026-03-05,2126.5605,2163.0361,2056.019,2071.6055,2071.6055,22383576284
2026-03-06,2072.0256,2092.5151,1957.015,1978.7512,1978.7512,19733648079
2026-03-07,1978.6906,1994.9706,1950.0225,1969.4554,1969.4554,10236899078
2026-03-08,1969.4523,1978.7072,1915.301,1936.6047,1936.6047,16314032554
2026-03-09,1936.6375,2052.3274,1930.5991,1992.9382,1992.9382,24015826480
2026-03-10,1992.9861,2087.9854,1992.0142,2037.1205,2037.1205,23552353781
2026-03-11,2037.1212,2085.2864,2008.0387,2051.5732,2051.5732,19031715359
2026-03-12,2051.7666,2094.3257,2019.2778,2073.1362,2073.1362,20624954899
2026-03-13,2073.2893,2206.8132,2071.5823,2092.5635,2092.5635,29345212033
2026-03-14,2092.5583,2105.5713,2062.6594,2097.0867,2097.0867,10073411269
2026-03-15,2096.8809,2201.9556,2084.2095,2177.4763,2177.4763,15333885132
2026-03-16,2177.783,2384.4666,2166.0024,2351.176,2351.176,38938369545
2026-03-17,2351.1348,2375.4551,2297.6687,2318.0535,2318.0535,26737564550
2026-03-18,2318.5569,2348.9043,2154.5842,2203.6716,2203.6716,25617966362
2026-03-19,2203.4788,2232.2039,2099.8892,2137.4238,2137.4238,24090913749
2026-03-20,2137.3943,2175.6995,2117.2761,2146.4971,2146.4971,17970488517
2026-03-21,2146.71,2166.7158,2072.3833,2076.6899,2076.6899,8654913047
2026-03-22,2077.2012,2125.9766,2027.0479,2053.0483,2053.0483,16438149794
2026-03-23,2052.9531,2195.9917,2023.2719,2152.146,2152.146,28509077302
2026-03-24,2152.1145,2174.3259,2103.3828,2155.7043,2155.7043,18389631713
2026-03-25,2155.7195,2198.3699,2146.6162,2168.0215,2168.0215,17086301657
2026-03-26,2168.0288,2171.157,2033.7311,2059.5784,2059.5784,18628112246
2026-03-27,2059.4487,2075.1704,1971.5067,1991.272,1991.272,19453998121
2026-03-28,1991.2834,2038.703,1982.13,1992.6946,1992.6946,8641221084
2026-03-29,1992.6938,2016.5452,1939.5287,1982.5597,1982.5597,9451184647
2026-03-30,1982.5507,2082.0647,1979.0769,2023.5149,2023.5149,17840662425
2026-03-31,2023.5206,2118.7969,2011.7953,2104.7083,2104.7083,21278561395
2026-04-01,2104.7175,2165.6663,2082.2917,2138.7371,2138.7371,19542997434
2026-04-02,2138.7236,2158.1577,2016.99,2056.8525,2056.8525,18847170816
2026-04-03,2056.7048,2075.7644,2042.176,2053.3853,2053.3853,9609678843
2026-04-04,2053.5845,2082.0024,2044.8716,2065.3516,2065.3516,6926913517
2026-04-05,2065.3706,2120.4995,2022.6454,2108.9956,2108.9956,9928800793
2026-04-06,2108.9358,2172.9851,2089.1001,2107.7615,2107.7615,19097527675
2026-04-07,2107.7849,2270.595,2061.4675,2241.8066,2241.8066,22588914083
2026-04-08,2242.2766,2269.8799,2181.2312,2190.3354,2190.3354,21469476310
2026-04-09,2190.3325,2243.9729,2158.0176,2189.144,2189.144,17218638798
2026-04-10,2189.3809,2257.1841,2176.8513,2245.1487,2245.1487,17131968712
2026-04-11,2245.1045,2327.4578,2230.752,2285.3901,2285.3901,12620960384
2026-04-12,2285.4302,2288.4485,2177.4856,2192.2012,2192.2012,15307071617
2026-04-13,2192.3315,2393.759,2176.3247,2370.7148,2370.7148,23709131572
2026-04-14,2370.3145,2415.5273,2304.4124,2323.3086,2323.3086,25185167270
2026-04-15,2323.3433,2384.9993,2310.707,2359.437,2359.437,17004367348
2026-04-16,2359.7046,2369.1724,2285.71,2348.645,2348.645,20602833116
2026-04-17,2348.855,2464.7834,2318.1418,2421.0718,2421.0718,26467618336
2026-04-18,2421.1023,2427.2781,2341.1257,2351.1006,2351.1006,14400085617
2026-04-19,2350.8618,2355.7832,2254.6975,2264.917,2264.917,17083701612
2026-04-20,2264.8735,2346.2734,2262.053,2315.2124,2315.2124,19084768822
2026-04-21,2315.1785,2338.0125,2287.3799,2327.9705,2327.9705,16107716719
2026-04-22,2327.9648,2422.8604,2314.5901,2376.0881,2376.0881,22465555335
2026-04-23,2376.0879,2380.136,2287.5532,2331.5139,2331.5139,19909161913
2026-04-24,2331.5688,2337.2666,2301.5273,2315.6902,2315.6902,13371168064
2026-04-25,2315.7415,2323.4104,2302.2012,2318.8291,2318.8291,6545621782
2026-04-26,2318.9065,2379.3242,2307.5652,2369.729,2369.729,10622966933
2026-04-27,2369.8418,2403.7266,2267.4094,2303.064,2303.064,17879618684
2026-04-28,2303.0798,2310.4421,2259.0574,2289.4197,2289.4197,12761522276
2026-04-29,2289.4121,2345.9397,2221.2239,2253.4158,2253.4158,21884731493
2026-04-30,2253.4844,2277.7183,2232.1309,2256.2512,2256.2512,12309496389
2026-05-01,2256.345,2324.7881,2256.0781,2295.0938,2295.0938,13243880777
2026-05-02,2295.0444,2339.7437,2292.7227,2316.2319,2316.2319,6905015549
2026-05-03,2316.2109,2354.7102,2297.5532,2321.6357,2321.6357,9861070993
2026-05-04,2321.8164,2397.6084,2309.261,2346.397,2346.397,25497505008
2026-05-05,2346.415,2398.8335,2344.9343,2361.1826,2361.1826,17739612383
2026-05-06,2361.2908,2423.0403,2338.4832,2350.802,2350.802,22745786496
2026-05-07,2350.8525,2351.738,2280.8147,2291.1077,2291.1077,23409823896
2026-05-08,2291.0757,2320.6921,2265.8333,2306.9722,2306.9722,20013463010
2026-05-09,2307.0696,2336.927,2300.5449,2326.7273,2326.7273,12217205123
2026-05-10,2326.7444,2381.2639,2313.1272,2369.0439,2369.0439,19587186882
2026-05-11,2369.1934,2374.3035,2305.0808,2339.3608,2339.3608,15525623296
2026-05-12,2339.2871,2339.6904,2256.4194,2274.6436,2274.6436,16145394773
2026-05-13,2274.5918,2322.2332,2233.5532,2257.5764,2257.5764,15193768365
2026-05-14,2257.5718,2317.9485,2238.4719,2280.9348,2280.9348,17563432027
2026-05-15,2280.9333,2298.6863,2204.7654,2223.3289,2223.3289,18146855938
2026-05-16,2223.3384,2229.8459,2162.0488,2179.752,2179.752,11451672017
2026-05-17,2179.8545,2196.7822,2097.021,2127.6453,2127.6453,10143205921
2026-05-18,2127.6814,2155.9641,2078.6162,2128.5161,2128.5161,19890789125
2026-05-19,2128.532,2143.563,2093.4753,2109.9639,2109.9639,12030742868
2026-05-20,2109.854,2146.5063,2101.8335,2126.9834,2126.9834,12076799234
2026-05-21,2127.1724,2154.2222,2103.4604,2131.4106,2131.4106,14344389472
2026-05-22,2131.3701,2138.98,2056.9292,2064.637,2064.637,13229489284
2026-05-23,2064.6348,2145.5793,2010.5504,2115.9514,2115.9514,16650709488
2026-05-24,2115.5449,2127.3098,2061.3298,2097.9939,2097.9939,10602558120
2026-05-25,2097.9939,2138.4114,2090.5164,2111.3704,2111.3704,10167436482
2026-05-26,2111.3665,2138.0061,2054.3611,2070.8582,2070.8582,15924080901
2026-05-27,2070.8667,2092.9807,2014.6326,2022.1982,2022.1982,14534289020
2026-05-28,2022.0908,2025.7589,1966.2794,2007.5527,2007.5527,18109844096
2026-05-29,2007.5497,2042.5431,1975.1915,2011.9785,2011.9785,14941194039
2026-05-30,2011.9094,2028.4418,2000.1658,2019.4583,2019.4583,7478416074
2026-05-31,2019.2424,2034.1193,1991.9067,2004.3416,2004.3416,9253505209
2026-06-01,2004.2426,2017.6078,1956.1522,2003.2212,2003.2212,19458810001
2026-06-02,2003.2603,2003.9707,1838.0586,1857.7163,1857.7163,25205401403
2026-06-03,1857.6417,1889.0588,1771.3146,1811.7323,1811.7323,24083350214
2026-06-04,1811.7426,1817.3466,1717.8025,1769.5806,1769.5806,27112623897
2026-06-05,1769.9861,1772.1078,1540.162,1580.8608,1580.8608,39924177669
2026-06-06,1580.8804,1599.9535,1506.5057,1568.7677,1568.7677,18426248218
2026-06-07,1568.7495,1714.9707,1563.7759,1686.3962,1686.3962,15172606860
2026-06-08,1686.2512,1713.4711,1644.7915,1690.1486,1690.1486,17427269148
2026-06-09,1690.2134,1695.5229,1613.8342,1637.7067,1637.7067,15196855528
2026-06-10,1637.6349,1665.7607,1603.8258,1620.1377,1620.1377,12655731412
2026-06-11,1620.14,1690.4489,1620.0845,1672.2806,1672.2806,12379882531
2026-06-12,1671.819,1689.4443,1650.6287,1665.1278,1665.1278,9989137815
2026-06-13,1665.0487,1693.6033,1661.6091,1680.2146,1680.2146,6101094488
2026-06-14,1680.1465,1729.3508,1654.2106,1724.6133,1724.6133,7804982667
2026-06-15,1724.5717,1847.7698,1709.2537,1794.9612,1794.9612,17921331594
2026-06-16,1794.938,1837.2041,1758.1301,1790.3982,1790.3982,14698492893
2026-06-17,1790.3962,1807.2828,1724.7179,1747.8855,1747.8855,14185457929
2026-06-18,1747.8778,1760.8809,1670.1039,1709.5334,1709.5334,12942260783
2026-06-19,1709.4987,1717.1932,1678.1963,1710.9824,1710.9824,7855725190
2026-06-20,1710.9822,1747.2595,1702.8018,1739.3014,1739.3014,7773536600
2026-06-21,1739.3411,1739.4858,1701.9364,1704.5806,1704.5806,8498711726
2026-06-22,1704.6305,1776.8322,1704.5166,1726.5109,1726.5109,13584368622
2026-06-23,1726.5198,1733.6123,1638.2532,1665.4368,1665.4368,10431438278
2026-06-24,1665.3098,1687.4923,1551.4843,1619.9249,1619.9249,14059894232
2026-06-25,1619.8854,1656.6465,1531.7804,1564.8167,1564.8167,15976182558
2026-06-26,1564.6136,1590.2001,1510.5059,1576.6161,1576.6161,15272225856
2026-06-27,1576.5912,1607.866,1561.9729,1571.5883,1571.5883,6111411513
2026-06-28,1571.5645,1585.2197,1548.762,1570.3612,1570.3612,6231562560
2026-06-29,1569.9934,1633.645,1550.0364,1610.2058,1610.2058,11882501822
2026-06-30,1610.1638,1611.3473,1549.252,1569.5839,1569.5839,9639804637
2026-07-01,1569.9097,1642.4548,1551.1393,1608.9607,1608.9607,11666600557
2026-07-02,1609.0126,1720.3433,1595.9393,1698.1694,1698.1694,13538465176
2026-07-03,1698.418,1772.5432,1693.0383,1756.5187,1756.5187,10177742550
2026-07-04,1756.5757,1804.5887,1743.5642,1779.033,1779.033,8083146790
2026-07-05,1779.0427,1805.9141,1749.1377,1783.006,1783.006,11323496681
2026-07-06,1783.0027,1829.5137,1728.9652,1797.5737,1797.5737,16997487730
2026-07-07,1797.5623,1810.3298,1756.7126,1768.5115,1768.5115,9901110376
2026-07-08,1768.3896,1782.8584,1711.9,1742.6776,1742.6776,10110272581
2026-07-09,1742.6648,1760.2063,1721.2986,1744.4846,1744.4846,7763668656
2026-07-10,1744.4731,1809.7583,1736.7231,1795.6932,1795.6932,9431692646
2026-07-11,1795.8193,1827.8315,1786.2957,1788.0996,1788.0996,6901680020
2026-07-12,1787.5684,1824.9805,1779.6371,1805.7881,1805.7881,6064480351
2026-07-13,1805.7579,1842.4551,1749.3475,1773.5007,1773.5007,11436340419
2026-07-14,1773.4714,1894.0623,1772.0177,1889.4799,1889.4799,13835437084
2026-07-15,1889.5009,1944.1608,1863.6355,1916.9437,1916.9437,12684088080
2026-07-16,1916.9781,1927.0859,1856.7756,1863.1934,1863.1934,11412820341
2026-07-17,1863.2163,1869.0671,1803.054,1840.9882,1840.9882,10651207679
2026-07-18,1841.1022,1864.132,1836.6085,1861.3921,1861.3921,4754880124
2026-07-19,1861.4199,1877.0319,1852.7275,1871.5085,1871.5085,7004738486
2026-07-20,1871.2758,1916.2417,1842.8157,1903.7589,1903.7589,12042633315
2026-07-21,1903.6897,1949.5477,1900.0662,1928.3838,1928.3838,12526770542
2026-07-22,1928.1976,1955.1475,1909.6101,1933.4901,1933.4901,10800957306
2026-07-23,1933.4709,1940.2828,1868.5204,1877.1002,1877.1002,9768559906
2026-07-24,1877.0977,1907.5436,1846.8223,1860.1768,1860.1768,9056489653
2026-07-25,1860.1757,1875.1448,1849.8289,1873.2224,1873.2224,4367514252
2026-07-26,1873.2356,1963.246,1872.3849,1953.4113,1953.4113,6638236222
2026-07-27,1953.4054,1976.4602,1882.4198,1890.6135,1890.6135,13679804759
2026-07-28,1890.6345,1926.504,1856.3416,1919.9485,1919.9485,11476069704
2026-07-29,1919.9916,1929.9009,1873.6193,1908.519,1908.519,12003429702
2026-07-30,1908.5861,1934.5773,1892.1965,1917.3729,1917.3729,8075086285
2026-07-31,1917.1417,1933.7778,1847.4688,1860.3459,1860.3459,10253082786
2026-08-01,1860.3711,1873.1713,1821.4851,1843.4177,1843.4177,4889749337
2026-08-02,1843.4175,1895.7662,1842.1544,1882.522,1882.522,5798420478
2026-08-03,1882.7836,1883.4392,1827.6975,1858.2565,1858.2565,7822619495
2026-08-04,1858.2202,1879.5381,1847.1749,1868.3859,1868.3859,7950029763
2026-08-05,1868.4923,1922.6414,1854.3403,1906.526,1906.526,9791973976
2026-08-06,1906.4426,1917.7008,1890.9636,1902.0575,1902.0575,7974662808
2026-08-07,1902.1405,1937.1666,1893.0817,1913.2794,1913.2794,9081145963
2026-08-08,1913.325,1924.6156,1911.485,1915.533,1915.533,3746718589
2026-08-09,1915.4648,1935.5299,1907.0256,1908.6827,1908.6827,4645577105
2026-08-10,1908.7197,1928.9933,1866.7896,1871.2787,1871.2787,8786188281
2026-08-11,1871.2637,1895.7494,1852.8403,1881.3735,1881.3735,7957496158
2026-08-12,1881.3735,1921.7754,1873.3473,1878.135,1878.135,7655429787
2026-08-13,1878.1885,1898.2252,1861.9204,1883.9913,1883.9913,7043525922
2026-08-14,1884.017,1889.2706,1862.5646,1880.65,1880.65,5615035669
2026-08-15,1880.613,1884.718,1874.328,1880.9083,1880.9083,3145101774
2026-08-16,1880.8916,1889.6053,1867.8917,1873.943,1873.943,3727196539
2026-08-17,1873.97,1916.6569,1870.7479,1912.2021,1912.2021,7808026613
2026-08-18,1912.2086,1920.5233,1884.4778,1916.4596,1916.4596,6819426768
2026-08-19,1916.4268,2327.7012,1905.0824,2251.458,2251.458,29624109549
2026-08-20,2251.4441,2357.2283,2222.5747,2326.3848,2326.3848,27856115157
2026-08-21,2326.3823,2545.8811,2324.7095,2515.2817,2515.2817,33328570085
2026-08-22,2515.3923,2528.8967,2389.9021,2424.2512,2424.2512,23985294650
2026-08-23,2424.217,2483.9304,2357.1399,2463.8159,2463.8159,18269251440
2026-08-24,2463.6406,2531.7449,2425.3879,2481.8313,2481.8313,22852234269
2026-08-25,2481.7778,2531.0845,2416.6028,2443.1594,2443.1594,17270862024
2026-08-26,2442.4893,2514.6663,2432.5122,2506.261,2506.261,13160062688
2026-08-27,2506.2395,2564.2744,2481.9448,2510.4102,2510.4102,16865824214
2026-08-28,2510.6726,2534.0122,2408.7234,2442.5359,2442.5359,16663209345
2026-08-29,2442.5647,2459.6292,2430.811,2457.6863,2457.6863,5787124142
2026-08-30,2457.6919,2532.959,2389.4692,2417.9387,2417.9387,12029653088
2026-08-31,2417.9031,2488.9229,2401.8088,2466.8203,2466.8203,13784743627
2026-09-01,2466.5752,2484.3989,2383.8037,2417.842,2417.842,14125056444
2026-09-02,2417.8284,2427.4016,2356.1882,2391.501,2391.501,14227785690
2026-09-03,2391.5999,2526.9502,2370.4155,2508.0208,2508.0208,18436029856
2026-09-04,2508.0159,2545.6235,2432.3542,2456.0781,2456.0781,19101694317
2026-09-05,2455.988,2492.0056,2445.6858,2480.7356,2480.7356,7652004156
2026-09-06,2480.8247,2525.3215,2468.1948,2514.5488,2514.5488,11306580189
2026-09-07,2514.583,2534.8618,2466.9131,2490.958,2490.958,12923076237
2026-09-08,2490.9197,2506.7532,2441.3289,2484.9414,2484.9414,13471038160
2026-09-09,2484.8943,2522.3696,2443.7024,2466.9138,2466.9138,14955608804
2026-09-10,2466.9131,2483.72,2406.9065,2437.0986,2437.0986,16781828594
2026-09-11,2437.1357,2663.0503,2435.2854,2514.7339,2514.7339,27812010346
2026-09-12,2514.77,2544.4724,2508.8015,2525.9446,2525.9446,8012825772
2026-09-13,2525.9424,2526.8538,2462.8396,2477.0208,2477.0208,9643847552
2026-09-14,2476.603,2612.4033,2465.4265,2514.407,2514.407,16009578199
2026-09-15,2514.3618,2519.3188,2357.9592,2399.0869,2399.0869,20275242052
2026-09-16,2399.0554,2426.9294,2368.7358,2416.1199,2416.1199,15926017443
2026-09-17,2416.1677,2480.7371,2412.1877,2447.1067,2447.1067,11698754081
2026-09-18,2447.1067,2643.9622,2435.1484,2611.3472,2611.3472,22570923683
2026-09-19,2611.4563,2659.7183,2602.7368,2631.9626,2631.9626,10007872025
2026-09-20,2632.0146,2647.8735,2564.4326,2642.9976,2642.9976,10759191352
2026-09-21,2642.7822,2805.499,2642.7822,2776.4683,2776.4683,26510460373
2026-09-22,2776.5803,2776.8889,2715.7156,2752.6326,2752.6326,15430420481
2026-09-23,2752.7524,2787.9626,2636.9131,2684.6919,2684.6919,17599121476
