Date,Open,High,Low,Close,Adj Close,Volume
2017-11-09,0.216713,0.24823301,0.195411,0.223969,0.223969,3347920
2017-11-10,0.2247,0.23128,0.180161,0.187602,0.187602,2125460
2017-11-11,0.186398,0.197687,0.166026,0.17976999,0.17976999,2238980
2017-11-12,0.179667,0.198376,0.14594799,0.17089801,0.17089801,5455200
2017-11-13,0.169117,0.20501401,0.168743,0.183071,0.183071,2992650
2017-11-14,0.184815,0.199968,0.17039999,0.188114,0.188114,2203410
2017-11-15,0.187613,0.19351301,0.17603,0.186138,0.186138,1689780
2017-11-16,0.187482,0.188444,0.16453101,0.169761,0.169761,1766160
2017-11-17,0.16945501,0.171535,0.152477,0.159649,0.159649,2547360
2017-11-18,0.155009,0.177912,0.150702,0.170872,0.170872,1948470
2017-11-19,0.170798,0.173812,0.157416,0.16235401,0.16235401,1646620
2017-11-20,0.162366,0.166283,0.156672,0.162183,0.162183,1916880
2017-11-21,0.16347601,0.168005,0.153796,0.154972,0.154972,1952710
2017-11-22,0.15697999,0.174569,0.150318,0.168515,0.168515,2709660
2017-11-23,0.169655,0.190338,0.157085,0.16438399,0.16438399,3325760
2017-11-24,0.165317,0.193379,0.155927,0.192921,0.192921,3763260
2017-11-25,0.192811,0.193242,0.174594,0.180959,0.180959,2292830
2017-11-26,0.183492,0.185923,0.170017,0.182888,0.182888,1860700
2017-11-27,0.182888,0.185542,0.17190699,0.184168,0.184168,4242550
2017-11-28,0.186821,0.19213501,0.175586,0.176424,0.176424,5251760
2017-11-29,0.176567,0.18229599,0.137963,0.145255,0.145255,5052720
2017-11-30,0.14736,0.176797,0.14216299,0.170461,0.170461,4621870
2017-12-01,0.16952799,0.179564,0.16126999,0.17782301,0.17782301,4352980
2017-12-02,0.17794099,0.222175,0.16736101,0.20789801,0.20789801,7396790
2017-12-03,0.20799799,0.255528,0.193607,0.230629,0.230629,8765840
2017-12-04,0.232595,0.25327,0.206793,0.229581,0.229581,6981590
2017-12-05,0.22927,0.31387699,0.221351,0.31387699,0.31387699,12459200
2017-12-06,0.31235799,0.35364899,0.26784199,0.29157001,0.29157001,12387900
2017-12-07,0.28369001,0.30835301,0.235807,0.26006401,0.26006401,6697780
2017-12-08,0.26000401,0.27348599,0.211824,0.245226,0.245226,4528570
2017-12-09,0.244985,0.26770499,0.22641499,0.238859,0.238859,3173600
2017-12-10,0.241055,0.267001,0.215909,0.25289801,0.25289801,3142570
2017-12-11,0.255079,0.28795099,0.245527,0.26059201,0.26059201,7534170
2017-12-12,0.254114,0.270264,0.20959599,0.231424,0.231424,10320200
2017-12-13,0.231428,0.28801301,0.224191,0.26187801,0.26187801,10439800
2017-12-14,0.26131999,0.36684299,0.253102,0.308503,0.308503,16021700
2017-12-15,0.31260401,0.35445201,0.25822401,0.320793,0.320793,13211800
2017-12-16,0.31819901,0.35286,0.29300499,0.34139299,0.34139299,13859700
2017-12-17,0.34184799,0.44442099,0.33990601,0.41759601,0.41759601,20035600
2017-12-18,0.41826901,0.43490699,0.36278301,0.43490699,0.43490699,18220400
2017-12-19,0.43107501,0.50860298,0.41512799,0.439356,0.439356,13254800
2017-12-20,0.43872899,0.43872899,0.35275599,0.372796,0.372796,10481200
2017-12-21,0.378562,0.466434,0.36881101,0.42428699,0.42428699,12030600
2017-12-22,0.42764801,0.45633101,0.283609,0.42687801,0.42687801,14979800
2017-12-23,0.43927199,0.72338599,0.43927199,0.57767999,0.57767999,24055000
2017-12-24,0.584562,0.60437399,0.44383001,0.54416198,0.54416198,15183200
2017-12-25,0.54933703,0.58454198,0.48899001,0.50193298,0.50193298,7740550
2017-12-26,0.50628901,0.54963702,0.435954,0.52142102,0.52142102,10452900
2017-12-27,0.51571,0.53066897,0.460536,0.50550097,0.50550097,6065390
2017-12-28,0.50278199,0.51363701,0.43650699,0.506697,0.506697,5458410
2017-12-29,0.50816101,0.51844698,0.46116,0.486348,0.486348,5757530
2017-12-30,0.488004,0.586128,0.43333301,0.586128,0.586128,9126190
2017-12-31,0.55880898,0.61353803,0.52451599,0.60155201,0.60155201,9962080
2018-01-01,0.60041499,0.736103,0.57421798,0.73356301,0.73356301,11506300
2018-01-02,0.72908199,0.76433498,0.585715,0.67371202,0.67371202,12671100
2018-01-03,0.66979897,0.70424998,0.62913501,0.68116701,0.68116701,8620400
2018-01-04,0.680094,1.02215,0.680094,0.98436803,0.98436803,24679000
2018-01-05,0.95873398,1.26386,0.85166901,0.90748602,0.90748602,23599300
2018-01-06,0.96479601,1.1922801,0.93846202,1.06357,1.06357,16319300
2018-01-07,1.08832,1.32178,1.00805,1.27046,1.27046,23308800
2018-01-08,1.27167,1.43502,1.05292,1.3773,1.3773,25545400
2018-01-09,1.37831,1.42467,1.18373,1.2282799,1.2282799,14301200
2018-01-10,1.23827,1.26448,1.09296,1.18871,1.18871,11260700
2018-01-11,1.1837,1.29348,0.97219098,1.01033,1.01033,10009300
2018-01-12,1.02975,1.14142,0.98954898,1.05156,1.05156,9231200
2018-01-13,1.05346,1.284,1.04909,1.10123,1.10123,12319900
2018-01-14,1.1064399,1.15459,0.94108498,1.0108401,1.0108401,5844480
2018-01-15,1.00695,1.03702,0.84842199,0.87768799,0.87768799,8351260
2018-01-16,0.88177198,0.88177198,0.52475601,0.75645298,0.75645298,8988860
2018-01-17,0.75184703,0.76820201,0.479321,0.69863403,0.69863403,7658770
2018-01-18,0.70245397,0.81981999,0.691333,0.74422997,0.74422997,5953820
2018-01-19,0.73917001,0.90822703,0.70313102,0.81290501,0.81290501,7383730
2018-01-20,0.820674,1.2193,0.80549902,1.2193,1.2193,13848900
2018-01-21,1.19564,1.19564,0.840487,0.88782799,0.88782799,22703900
2018-01-22,0.90579402,1.01586,0.73484302,0.802858,0.802858,12408600
2018-01-23,0.80223501,0.86283898,0.71865398,0.80191702,0.80191702,7552930
2018-01-24,0.79884797,0.83411598,0.76696098,0.79286301,0.79286301,6451640
2018-01-25,0.80038297,0.832663,0.720689,0.76043701,0.76043701,6271900
2018-01-26,0.75681102,0.78767699,0.67842299,0.70985299,0.70985299,5618280
2018-01-27,0.71096098,0.84637302,0.68970501,0.78067499,0.78067499,14915400
2018-01-28,0.78952903,0.85593301,0.75199801,0.76060098,0.76060098,9034380
2018-01-29,0.75679898,0.76152498,0.68592501,0.697712,0.697712,5220320
2018-01-30,0.70000499,0.70000499,0.56277502,0.59677798,0.59677798,5598540
2018-01-31,0.59887201,0.62401998,0.565813,0.62014598,0.62014598,6957010
2018-02-01,0.619959,0.62340099,0.48030701,0.520347,0.520347,6605630
2018-02-02,0.51844001,0.52383697,0.35194999,0.49457401,0.49457401,7123780
2018-02-03,0.500117,0.544792,0.453403,0.51855803,0.51855803,5826330
2018-02-04,0.51861203,0.52575397,0.403487,0.43437099,0.43437099,5171480
2018-02-05,0.43015799,0.437098,0.30724499,0.341506,0.341506,4347320
2018-02-06,0.343707,0.43851399,0.272057,0.425248,0.425248,6105750
2018-02-07,0.42581299,0.44364399,0.373128,0.376771,0.376771,5201810
2018-02-08,0.37552401,0.43312699,0.37552401,0.41108,0.41108,5285960
2018-02-09,0.41202801,0.44001999,0.391976,0.43519399,0.43519399,3047610
2018-02-10,0.43550301,0.48011401,0.400166,0.41987401,0.41987401,3474900
2018-02-11,0.419716,0.43564901,0.378313,0.41615701,0.41615701,2544010
2018-02-12,0.417541,0.51970798,0.414619,0.490282,0.490282,7646360
2018-02-13,0.48892999,0.62475002,0.48252401,0.570759,0.570759,30283200
2018-02-14,0.56420499,0.58791602,0.53243399,0.56825298,0.56825298,11953100
2018-02-15,0.56824499,0.57935798,0.52974701,0.56525099,0.56525099,7288970
2018-02-16,0.56180298,0.666601,0.557657,0.63962799,0.63962799,9385160
2018-02-17,0.64433903,0.68390101,0.63654602,0.67248702,0.67248702,8038940
2018-02-18,0.67666399,0.78135699,0.58714902,0.76176101,0.76176101,15946800
2018-02-19,0.76006401,0.875907,0.7105,0.77436203,0.77436203,29965000
2018-02-20,0.77125901,0.82033902,0.69819599,0.69992602,0.69992602,11664800
2018-02-21,0.695364,0.73427099,0.62368101,0.653669,0.653669,7049450
2018-02-22,0.65479398,0.71384102,0.58427298,0.60192299,0.60192299,5678200
2018-02-23,0.60121399,0.67669302,0.57222497,0.67479098,0.67479098,6902820
2018-02-24,0.67602599,0.71840298,0.61849803,0.650958,0.650958,5582380
2018-02-25,0.64601302,0.69982702,0.63677502,0.67571503,0.67571503,5793540
2018-02-26,0.67275101,0.69834799,0.64175701,0.69144601,0.69144601,4113690
2018-02-27,0.69186002,0.73518002,0.67665499,0.723957,0.723957,5426840
2018-02-28,0.72414303,0.740327,0.66105199,0.66144699,0.66144699,4943770
2018-03-01,0.66229302,0.68085599,0.649849,0.66306502,0.66306502,3992240
2018-03-02,0.661663,0.67379898,0.64661902,0.65274203,0.65274203,3763040
2018-03-03,0.65215302,0.66943097,0.61533701,0.62870598,0.62870598,3547810
2018-03-04,0.62921798,0.640109,0.57463002,0.59281802,0.59281802,4243320
2018-03-05,0.59418601,0.60809302,0.57637298,0.58673799,0.58673799,4530590
2018-03-06,0.58368999,0.58368999,0.52908301,0.53386998,0.53386998,3218950
2018-03-07,0.53383499,0.56751901,0.455621,0.52114803,0.52114803,5364650
2018-03-08,0.51747298,0.52354002,0.461371,0.486422,0.486422,3397200
2018-03-09,0.48542699,0.49236199,0.431485,0.48087701,0.48087701,3412130
2018-03-10,0.478701,0.51131397,0.46605399,0.46770999,0.46770999,2491710
2018-03-11,0.46566901,0.51668799,0.44686601,0.513524,0.513524,2527380
2018-03-12,0.51099098,0.56342101,0.49623999,0.510198,0.510198,5513180
2018-03-13,0.507505,0.565642,0.50477099,0.56384099,0.56384099,4227540
2018-03-14,0.566199,0.57740599,0.431777,0.443609,0.443609,5288160
2018-03-15,0.44263601,0.44459501,0.39609301,0.41973701,0.41973701,8460960
2018-03-16,0.417999,0.44216201,0.416015,0.42442,0.42442,10271100
2018-03-17,0.423994,0.423994,0.366734,0.37386101,0.37386101,9340520
2018-03-18,0.37233201,0.380326,0.28418401,0.37333801,0.37333801,9742300
2018-03-19,0.37110201,0.38631001,0.35319901,0.38164401,0.38164401,8994920
2018-03-20,0.38741601,0.40178901,0.36105901,0.39171299,0.39171299,8897510
2018-03-21,0.39245901,0.45580301,0.39006001,0.44542101,0.44542101,12823600
2018-03-22,0.444646,0.45757499,0.390708,0.419292,0.419292,10720800
2018-03-23,0.419889,0.427333,0.37922001,0.40913999,0.40913999,9846940
2018-03-24,0.41434199,0.433272,0.40191799,0.419085,0.419085,8999810
2018-03-25,0.410346,0.41807401,0.39378801,0.40610501,0.40610501,8585700
2018-03-26,0.405745,0.41362199,0.34695399,0.37149599,0.37149599,9116330
2018-03-27,0.37122801,0.37236899,0.33720499,0.34262499,0.34262499,6654480
2018-03-28,0.343633,0.35967699,0.33634001,0.351367,0.351367,8432800
2018-03-29,0.352725,0.35431799,0.27564901,0.28016099,0.28016099,8848710
2018-03-30,0.28045499,0.30610901,0.26874501,0.287494,0.287494,7631570
2018-03-31,0.28677201,0.29832399,0.278543,0.28017101,0.28017101,7349410
2018-04-01,0.28008699,0.28458399,0.24456701,0.26157999,0.26157999,7962260
2018-04-02,0.26289901,0.279084,0.259882,0.273684,0.273684,7697230
2018-04-03,0.273958,0.298269,0.269954,0.29547301,0.29547301,8705370
2018-04-04,0.29532501,0.300448,0.269061,0.29016101,0.29016101,8929810
2018-04-05,0.28906301,0.30889601,0.27238101,0.28692499,0.28692499,9738160
2018-04-06,0.28523901,0.29003301,0.27079901,0.27506199,0.27506199,7671220
2018-04-07,0.27505901,0.30545399,0.275013,0.304124,0.304124,8668510
2018-04-08,0.30623999,0.330459,0.300253,0.32709399,0.32709399,10058800
2018-04-09,0.32804701,0.339652,0.30009899,0.311528,0.311528,9020550
2018-04-10,0.31839499,0.35797599,0.313079,0.355836,0.355836,9540080
2018-04-11,0.356482,0.37555,0.35260201,0.35928699,0.35928699,10603500
2018-04-12,0.358107,0.390432,0.33975101,0.38681099,0.38681099,11536600
2018-04-13,0.38729301,0.419498,0.374365,0.38154301,0.38154301,11271600
2018-04-14,0.38003999,0.41822499,0.374964,0.394007,0.394007,9167990
2018-04-15,0.39451501,0.42711899,0.39451501,0.42394599,0.42394599,10745200
2018-04-16,0.42427999,0.42775401,0.39585301,0.409538,0.409538,9864350
2018-04-17,0.40959299,0.44263899,0.40759799,0.416794,0.416794,11459000
2018-04-18,0.41809201,0.447514,0.41809201,0.44628999,0.44628999,11779200
2018-04-19,0.446446,0.482795,0.445759,0.482795,0.482795,12987800
2018-04-20,0.483105,0.49130699,0.46322,0.48141599,0.48141599,12657700
2018-04-21,0.482384,0.49458,0.437563,0.49134901,0.49134901,13561900
2018-04-22,0.491732,0.507285,0.48489901,0.499311,0.499311,12728200
2018-04-23,0.499589,0.50602001,0.49107999,0.492385,0.492385,13159300
2018-04-24,0.49222201,0.54017502,0.49222201,0.53682399,0.53682399,14352600
2018-04-25,0.53304899,0.53304899,0.420517,0.434367,0.434367,11093000
2018-04-26,0.43781799,0.49152201,0.42705801,0.49014801,0.49014801,9472480
2018-04-27,0.49038801,0.49038801,0.452005,0.452005,0.452005,9550110
2018-04-28,0.452135,0.485825,0.44889,0.484476,0.484476,11109500
2018-04-29,0.48403901,0.524225,0.48403901,0.51571399,0.51571399,13234600
2018-04-30,0.51884598,0.59550399,0.50162399,0.54469103,0.54469103,16614200
2018-05-01,0.54673702,0.56409001,0.51360202,0.55040097,0.55040097,11765500
2018-05-02,0.54880702,0.57905501,0.54226702,0.56470102,0.56470102,12012700
2018-05-03,0.56608099,0.58063501,0.55380303,0.56766897,0.56766897,12504300
2018-05-04,0.568115,0.59517503,0.54568201,0.58258301,0.58258301,9514950
2018-05-05,0.582434,0.60571802,0.56858099,0.57153499,0.57153499,8913690
2018-05-06,0.56982303,0.57957101,0.515715,0.53839898,0.53839898,10221100
2018-05-07,0.53915101,0.57630801,0.51724601,0.57301801,0.57301801,11589100
2018-05-08,0.57539803,0.60524601,0.55047202,0.55285698,0.55285698,11448600
2018-05-09,0.55344099,0.566589,0.51874,0.53951198,0.53951198,8745840
2018-05-10,0.54075599,0.580562,0.52608103,0.52637303,0.52637303,8782470
2018-05-11,0.52855301,0.54227901,0.46332401,0.46784401,0.46784401,7637640
2018-05-12,0.46558699,0.479527,0.43591201,0.464764,0.464764,5915750
2018-05-13,0.463815,0.50784802,0.46199799,0.50345701,0.50345701,7268850
2018-05-14,0.50356102,0.51938802,0.467152,0.51691198,0.51691198,7448630
2018-05-15,0.51711702,0.54028702,0.50275999,0.504004,0.504004,4057270
2018-05-16,0.50406897,0.50934303,0.47395,0.48089099,0.48089099,2304810
2018-05-17,0.480957,0.48952401,0.439751,0.44444701,0.44444701,1213040
2018-05-18,0.443198,0.46615499,0.43103299,0.45684099,0.45684099,1238790
2018-05-19,0.45688799,0.46948099,0.44685701,0.45308599,0.45308599,1142290
2018-05-20,0.45405999,0.4668,0.44730401,0.45317101,0.45317101,1025440
2018-05-21,0.45327601,0.459815,0.42235899,0.42435601,0.42435601,1486740
2018-05-22,0.42454401,0.42509401,0.375938,0.37699699,0.37699699,1350350
2018-05-23,0.37679499,0.38464999,0.325221,0.34869,0.34869,1671040
2018-05-24,0.34750101,0.364461,0.32701999,0.360526,0.360526,994366
2018-05-25,0.361846,0.36804301,0.33758801,0.342848,0.342848,884160
2018-05-26,0.34290501,0.37870699,0.341086,0.36462,0.36462,2132460
2018-05-27,0.364613,0.364613,0.33932701,0.345249,0.345249,1537460
2018-05-28,0.34545401,0.349226,0.31237999,0.31584999,0.31584999,1893850
2018-05-29,0.31600499,0.35339299,0.307569,0.351257,0.351257,2054720
2018-05-30,0.35170701,0.36078799,0.332259,0.335834,0.335834,1887930
2018-05-31,0.33601099,0.35205001,0.331817,0.34477299,0.34477299,1893860
2018-06-01,0.34439099,0.35860401,0.34015,0.34950301,0.34950301,1749230
2018-06-02,0.35113201,0.370455,0.34643999,0.36730999,0.36730999,1931240
2018-06-03,0.368361,0.37308499,0.36025101,0.36229399,0.36229399,1784810
2018-06-04,0.36081401,0.363464,0.33066699,0.340509,0.340509,1482450
2018-06-05,0.339333,0.34237501,0.32121,0.336191,0.336191,1150320
2018-06-06,0.33600101,0.344035,0.32318699,0.329864,0.329864,958238
2018-06-07,0.330176,0.33441001,0.30298701,0.30677,0.30677,1534880
2018-06-08,0.307156,0.32054201,0.293531,0.293531,0.293531,1653140
2018-06-09,0.29534101,0.31022999,0.29037201,0.29762399,0.29762399,980861
2018-06-10,0.296918,0.296918,0.23818401,0.24182799,0.24182799,1404290
2018-06-11,0.242126,0.264211,0.24132299,0.26297501,0.26297501,822274
2018-06-12,0.26491299,0.26902899,0.225996,0.228636,0.228636,1093790
2018-06-13,0.22852799,0.23176999,0.200626,0.214526,0.214526,1545500
2018-06-14,0.214586,0.246365,0.213462,0.23996399,0.23996399,1224850
2018-06-15,0.23998401,0.240677,0.22224499,0.223557,0.223557,420554
2018-06-16,0.22351301,0.231015,0.20928501,0.222022,0.222022,491185
2018-06-17,0.222324,0.227596,0.210932,0.214002,0.214002,659047
2018-06-18,0.214128,0.219117,0.203779,0.21008,0.21008,649237
2018-06-19,0.209795,0.223699,0.209103,0.22076499,0.22076499,636392
2018-06-20,0.222616,0.24140599,0.211512,0.22558101,0.22558101,1090550
2018-06-21,0.22446001,0.234165,0.212161,0.212881,0.212881,916385
2018-06-22,0.21227001,0.213048,0.176818,0.18608899,0.18608899,976667
2018-06-23,0.18581299,0.197427,0.18434399,0.19366001,0.19366001,473507
2018-06-24,0.193838,0.193838,0.169898,0.18694399,0.18694399,486218
2018-06-25,0.186768,0.18904001,0.17855801,0.17969701,0.17969701,534090
2018-06-26,0.17948601,0.185113,0.170625,0.170771,0.170771,466123
2018-06-27,0.170717,0.17575601,0.165746,0.171995,0.171995,450340
2018-06-28,0.172153,0.175574,0.164628,0.166278,0.166278,1015270
2018-06-29,0.16621301,0.18346,0.162135,0.181072,0.181072,435250
2018-06-30,0.180985,0.22722501,0.180985,0.22661901,0.22661901,1331670
2018-07-01,0.22620299,0.230038,0.21482199,0.2212,0.2212,552528
2018-07-02,0.222635,0.252846,0.212614,0.249,0.249,832198
2018-07-03,0.249639,0.26089501,0.235103,0.236518,0.236518,721174
2018-07-04,0.235724,0.247761,0.23049399,0.23228601,0.23228601,617233
2018-07-05,0.23113,0.241421,0.215229,0.218494,0.218494,646977
2018-07-06,0.218486,0.231747,0.21581601,0.229949,0.229949,458131
2018-07-07,0.23108,0.255759,0.23016299,0.249942,0.249942,1712400
2018-07-08,0.24809,0.25268799,0.239516,0.24674501,0.24674501,497111
2018-07-09,0.247927,0.25325301,0.234844,0.23521601,0.23521601,575313
2018-07-10,0.23512299,0.236526,0.207929,0.21116699,0.21116699,584208
2018-07-11,0.210715,0.215486,0.202571,0.206735,0.206735,531092
2018-07-12,0.206945,0.21178,0.193267,0.204594,0.204594,598761
2018-07-13,0.20485801,0.21706299,0.199866,0.20069499,0.20069499,776288
2018-07-14,0.201004,0.20362701,0.19278701,0.194691,0.194691,499009
2018-07-15,0.195647,0.201663,0.189206,0.19931,0.19931,398773
2018-07-16,0.20019101,0.223189,0.19250301,0.22255901,0.22255901,696931
2018-07-17,0.222514,0.25434101,0.218476,0.24867401,0.24867401,849921
2018-07-18,0.248726,0.255757,0.22991499,0.23977999,0.23977999,913101
2018-07-19,0.242828,0.244187,0.225724,0.229673,0.229673,684897
2018-07-20,0.228497,0.23508599,0.21210399,0.21645001,0.21645001,583083
2018-07-21,0.217565,0.222991,0.199057,0.222991,0.222991,987338
2018-07-22,0.223471,0.22388799,0.200987,0.20142201,0.20142201,877479
2018-07-23,0.20241199,0.213927,0.19636901,0.19705001,0.19705001,751454
2018-07-24,0.195584,0.20730799,0.183889,0.20262399,0.20262399,1061290
2018-07-25,0.200765,0.26249799,0.19773801,0.243708,0.243708,4145790
2018-07-26,0.245023,0.281131,0.24326199,0.251831,0.251831,2378590
2018-07-27,0.252518,0.28334901,0.24619199,0.26684001,0.26684001,2030030
2018-07-28,0.26678601,0.28677401,0.25391501,0.27998099,0.27998099,1182800
2018-07-29,0.28139901,0.34681299,0.27692199,0.328679,0.328679,5325900
2018-07-30,0.32939801,0.35873401,0.28895599,0.31827399,0.31827399,3691130
2018-07-31,0.313723,0.313723,0.264631,0.29393399,0.29393399,2272300
2018-08-01,0.297106,0.30880499,0.26952001,0.28727999,0.28727999,1546730
2018-08-02,0.28833801,0.31733301,0.28820199,0.30958,0.30958,1954190
2018-08-03,0.31015301,0.31015301,0.27458799,0.28474599,0.28474599,1460180
2018-08-04,0.285081,0.28699401,0.24902099,0.25798899,0.25798899,1284510
2018-08-05,0.25684699,0.25743699,0.242065,0.25394699,0.25394699,866923
2018-08-06,0.25424901,0.25931799,0.23373,0.236471,0.236471,723640
2018-08-07,0.23486,0.258017,0.232132,0.233997,0.233997,1039530
2018-08-08,0.234336,0.236093,0.220033,0.22803999,0.22803999,996081
2018-08-09,0.228182,0.30053699,0.228182,0.27612799,0.27612799,5960760
2018-08-10,0.276216,0.31203401,0.26965699,0.27472699,0.27472699,4713140
2018-08-11,0.27446601,0.28159401,0.236959,0.27067,0.27067,3237720
2018-08-12,0.27157801,0.288883,0.261435,0.28359699,0.28359699,2512980
2018-08-13,0.28419799,0.29830801,0.25929201,0.25929201,0.25929201,2741600
2018-08-14,0.25821599,0.27258599,0.226687,0.27191001,0.27191001,3309590
2018-08-15,0.274795,0.279145,0.254971,0.25754699,0.25754699,2353510
2018-08-16,0.25685701,0.279403,0.25169799,0.268244,0.268244,1733710
2018-08-17,0.26988301,0.29418501,0.26739901,0.29182699,0.29182699,2160710
2018-08-18,0.29245499,0.297414,0.26097399,0.27331999,0.27331999,1755680
2018-08-19,0.27555501,0.31182301,0.27485201,0.30227199,0.30227199,2567610
2018-08-20,0.29912299,0.30546901,0.28554499,0.28726199,0.28726199,1424350
2018-08-21,0.290898,0.33466601,0.28613099,0.31192699,0.31192699,3836640
2018-08-22,0.31359699,0.34876999,0.303965,0.314632,0.314632,2623480
2018-08-23,0.314437,0.32217401,0.30273601,0.321022,0.321022,2108960
2018-08-24,0.32176101,0.341856,0.31411299,0.336927,0.336927,1491040
2018-08-25,0.33555901,0.338505,0.319767,0.319767,0.319767,920084
2018-08-26,0.318032,0.336788,0.30600801,0.32887799,0.32887799,1134650
2018-08-27,0.32873401,0.33608499,0.323461,0.33608499,0.33608499,643844
2018-08-28,0.33524501,0.33963901,0.325863,0.33579299,0.33579299,1265750
2018-08-29,0.335953,0.33719701,0.30871001,0.30871001,0.30871001,875125
2018-08-30,0.30856401,0.314136,0.29103601,0.30539,0.30539,1329920
2018-08-31,0.30559501,0.33251601,0.29824501,0.32809901,0.32809901,1091390
2018-09-01,0.32798001,0.33432001,0.31925401,0.32825801,0.32825801,473642
2018-09-02,0.32820401,0.34161201,0.300814,0.310938,0.310938,1355060
2018-09-03,0.31092399,0.31133801,0.29463699,0.30394,0.30394,697608
2018-09-04,0.30667901,0.309282,0.292887,0.29971999,0.29971999,1253120
2018-09-05,0.29976001,0.300533,0.26558399,0.26869899,0.26869899,1648130
2018-09-06,0.26708701,0.284026,0.24526501,0.27239001,0.27239001,1793980
2018-09-07,0.27226701,0.28930101,0.258255,0.26066199,0.26066199,1305730
2018-09-08,0.26172099,0.276133,0.23786201,0.241907,0.241907,554111
2018-09-09,0.241427,0.25548199,0.23426101,0.239741,0.239741,438981
2018-09-10,0.23981901,0.254832,0.239586,0.247807,0.247807,608181
2018-09-11,0.24692599,0.26727301,0.239959,0.26042899,0.26042899,919435
2018-09-12,0.26094401,0.271943,0.24755,0.25349501,0.25349501,902340
2018-09-13,0.25415599,0.27629599,0.25376999,0.27177599,0.27177599,780362
2018-09-14,0.27240399,0.27297401,0.26180601,0.26889801,0.26889801,727881
2018-09-15,0.26976299,0.27913299,0.265223,0.269288,0.269288,430008
2018-09-16,0.27114299,0.280837,0.26093301,0.27386501,0.27386501,699587
2018-09-17,0.27489701,0.282215,0.26112801,0.26872101,0.26872101,644191
2018-09-18,0.26889101,0.30571899,0.26616201,0.29121199,0.29121199,1569640
2018-09-19,0.29101601,0.34487399,0.285346,0.329173,0.329173,6164950
2018-09-20,0.331875,0.42450899,0.32636899,0.358403,0.358403,26124800
2018-09-21,0.35406801,0.374125,0.33894801,0.35330299,0.35330299,7925320
2018-09-22,0.35378399,0.35378399,0.32342899,0.33785999,0.33785999,2895180
2018-09-23,0.34016499,0.34755501,0.33285299,0.34360901,0.34360901,2458210
2018-09-24,0.34277299,0.35373601,0.33071399,0.33465701,0.33465701,1999280
2018-09-25,0.33347899,0.34731099,0.317065,0.326493,0.326493,2487050
2018-09-26,0.326186,0.37712899,0.316625,0.34892401,0.34892401,4319900
2018-09-27,0.344722,0.349976,0.332093,0.34559,0.34559,2188310
2018-09-28,0.346138,0.349646,0.327474,0.33498299,0.33498299,1126520
2018-09-29,0.33473399,0.33473399,0.32545501,0.329202,0.329202,569884
2018-09-30,0.32890999,0.33293501,0.320582,0.331898,0.331898,896424
2018-10-01,0.332822,0.33327401,0.32321799,0.325232,0.325232,772346
2018-10-02,0.32456601,0.327268,0.31885901,0.321105,0.321105,1133880
2018-10-03,0.320521,0.321603,0.30599701,0.31033799,0.31033799,1149830
2018-10-04,0.310651,0.322559,0.310651,0.32093999,0.32093999,996871
2018-10-05,0.32089001,0.36668,0.317891,0.35650399,0.35650399,4114640
2018-10-06,0.35976899,0.37705299,0.33430099,0.33809799,0.33809799,4656480
2018-10-07,0.337194,0.34105301,0.33334601,0.33763701,0.33763701,1286090
2018-10-08,0.337935,0.34739199,0.334874,0.34358501,0.34358501,1334080
2018-10-09,0.34362301,0.34422699,0.33011001,0.33971199,0.33971199,1409520
2018-10-10,0.33931199,0.35676,0.332131,0.34786099,0.34786099,2540720
2018-10-11,0.34745601,0.34843999,0.30113399,0.30320099,0.30320099,1584750
2018-10-12,0.303087,0.31470799,0.30189899,0.31127799,0.31127799,1180340
2018-10-13,0.31191599,0.32374501,0.31151199,0.31884301,0.31884301,602792
2018-10-14,0.319704,0.334104,0.31610301,0.325284,0.325284,959805
2018-10-15,0.326235,0.35065699,0.32210401,0.33963799,0.33963799,1787330
2018-10-16,0.340121,0.367643,0.33645001,0.358845,0.358845,2507920
2018-10-17,0.359983,0.38312,0.35059401,0.376968,0.376968,3231860
2018-10-18,0.37615699,0.39692801,0.36622101,0.37691301,0.37691301,1957950
2018-10-19,0.37580901,0.38019401,0.35698199,0.36197701,0.36197701,892791
2018-10-20,0.36153099,0.37273699,0.35851601,0.37076601,0.37076601,761786
2018-10-21,0.36995301,0.37851501,0.366153,0.37179101,0.37179101,793981
2018-10-22,0.36891699,0.39200801,0.355149,0.39043099,0.39043099,1903340
2018-10-23,0.39039999,0.482214,0.39039999,0.43788299,0.43788299,10378700
2018-10-24,0.43501499,0.43766701,0.407978,0.41207501,0.41207501,2378480
2018-10-25,0.41271299,0.44280601,0.39830899,0.43774301,0.43774301,1596200
2018-10-26,0.438584,0.44588399,0.414242,0.43212301,0.43212301,2274910
2018-10-27,0.43316501,0.45775399,0.42050299,0.44436401,0.44436401,1712840
2018-10-28,0.44439101,0.44722399,0.42900199,0.44044799,0.44044799,1171860
2018-10-29,0.43802401,0.43981999,0.39770499,0.41814801,0.41814801,1424720
2018-10-30,0.418134,0.45961201,0.41624701,0.45041001,0.45041001,2879160
2018-10-31,0.452831,0.52773499,0.44172901,0.50604397,0.50604397,7214500
2018-11-01,0.51067698,0.58340198,0.50028598,0.51402199,0.51402199,15507100
2018-11-02,0.51576602,0.524203,0.49807,0.50078303,0.50078303,2995750
2018-11-03,0.50196999,0.55466002,0.500238,0.54303098,0.54303098,3484070
2018-11-04,0.54118103,0.54329902,0.48783201,0.50399601,0.50399601,2981540
2018-11-05,0.50291401,0.51341599,0.47893101,0.48136801,0.48136801,1623590
2018-11-06,0.48166901,0.49155501,0.464432,0.484115,0.484115,1949590
2018-11-07,0.484404,0.48958901,0.47119799,0.48214099,0.48214099,1232730
2018-11-08,0.48179501,0.52241898,0.47911701,0.49797401,0.49797401,3155890
2018-11-09,0.49489,0.49999899,0.48327801,0.492477,0.492477,1271700
2018-11-10,0.49296901,0.52734601,0.49052,0.52114302,0.52114302,2227350
2018-11-11,0.520441,0.52523202,0.50191802,0.50963598,0.50963598,1026380
2018-11-12,0.51204598,0.56529999,0.504897,0.56279898,0.56279898,3420880
2018-11-13,0.562648,0.621279,0.55339003,0.581442,0.581442,11449100
2018-11-14,0.58451098,0.614066,0.48712999,0.54784298,0.54784298,9008150
2018-11-15,0.547454,0.559497,0.491501,0.54163301,0.54163301,7177480
2018-11-16,0.538504,0.53886002,0.50606197,0.51289397,0.51289397,4171370
2018-11-17,0.51397198,0.515894,0.475894,0.48512,0.48512,4137480
2018-11-18,0.48611599,0.53250098,0.48131701,0.52423799,0.52423799,3048070
2018-11-19,0.52574801,0.52574801,0.390645,0.41128999,0.41128999,4749190
2018-11-20,0.40854201,0.419936,0.32413101,0.341813,0.341813,4418950
2018-11-21,0.34172601,0.37745801,0.32477501,0.36750701,0.36750701,3028430
2018-11-22,0.36639801,0.384949,0.34296101,0.34296101,0.34296101,2252920
2018-11-23,0.340543,0.35133001,0.31973299,0.32934299,0.32934299,1661750
2018-11-24,0.329575,0.339396,0.26192299,0.28456801,0.28456801,1634890
2018-11-25,0.28448901,0.28448901,0.239775,0.25942799,0.25942799,3812450
2018-11-26,0.259927,0.284513,0.239467,0.28386599,0.28386599,2712730
2018-11-27,0.283613,0.30702299,0.268116,0.28758401,0.28758401,4308920
2018-11-28,0.28830999,0.35020801,0.28582099,0.33146,0.33146,3667720
2018-11-29,0.33175299,0.38441801,0.31500399,0.34478199,0.34478199,4077698
2018-11-30,0.344778,0.38826001,0.31153101,0.32224199,0.32224199,4213313
2018-12-01,0.32280499,0.344942,0.31527299,0.332692,0.332692,2359405
2018-12-02,0.33223301,0.34458899,0.31503901,0.31565699,0.31565699,1143867
2018-12-03,0.31758299,0.318396,0.28404999,0.28848201,0.28848201,1617950
2018-12-04,0.28759301,0.31018701,0.28431299,0.28781199,0.28781199,1994609
2018-12-05,0.28565899,0.29298899,0.25661299,0.25661299,0.25661299,1554730
2018-12-06,0.25674301,0.27021599,0.22273199,0.22273199,0.22273199,2461190
2018-12-07,0.22221,0.223212,0.196705,0.21646801,0.21646801,2270701
2018-12-08,0.21647599,0.24431799,0.21193001,0.228283,0.228283,2173231
2018-12-09,0.22788399,0.246241,0.219745,0.23979101,0.23979101,1430497
2018-12-10,0.239682,0.24290401,0.215351,0.219072,0.219072,815587
2018-12-11,0.219478,0.22583801,0.211127,0.223391,0.223391,923276
2018-12-12,0.22157501,0.24143299,0.22133,0.226759,0.226759,1357029
2018-12-13,0.226988,0.228285,0.20194,0.205696,0.205696,1188210
2018-12-14,0.20592099,0.21026801,0.19904301,0.202932,0.202932,1356092
2018-12-15,0.203787,0.207093,0.199322,0.203357,0.203357,1292231
2018-12-16,0.203568,0.219491,0.203279,0.206882,0.206882,1719297
2018-12-17,0.204694,0.237725,0.20442501,0.233422,0.233422,2037677
2018-12-18,0.233623,0.271144,0.228102,0.27022499,0.27022499,3884847
2018-12-19,0.272329,0.31269801,0.26493001,0.29634601,0.29634601,5660320
2018-12-20,0.29516199,0.34517899,0.29280999,0.33850601,0.33850601,9490875
2018-12-21,0.340056,0.34112799,0.29268101,0.29848301,0.29848301,4301773
2018-12-22,0.29816401,0.311306,0.28696099,0.311306,0.311306,3110687
2018-12-23,0.31305799,0.32019499,0.30108401,0.313261,0.313261,2828792
2018-12-24,0.314183,0.33123699,0.300437,0.30795199,0.30795199,3333646
2018-12-25,0.30804199,0.321722,0.288652,0.317662,0.317662,4949793
2018-12-26,0.316293,0.31884101,0.29631099,0.307583,0.307583,4251937
2018-12-27,0.30671999,0.31077901,0.27316001,0.27517101,0.27517101,3696029
2018-12-28,0.28115401,0.301622,0.25756401,0.298379,0.298379,3236126
2018-12-29,0.298933,0.31884801,0.29056099,0.29997,0.29997,2630385
2018-12-30,0.299537,0.31466401,0.29508001,0.29864299,0.29864299,1852488
2018-12-31,0.29991901,0.30219299,0.28500301,0.289444,0.289444,1427065
2019-01-01,0.28945801,0.30197999,0.28940701,0.299371,0.299371,1522529
2019-01-02,0.30077001,0.31826901,0.29746401,0.31648901,0.31648901,1637715
2019-01-03,0.31652999,0.37224901,0.315525,0.36597401,0.36597401,10890273
2019-01-04,0.36873299,0.45003799,0.367064,0.43717501,0.43717501,24652793
2019-01-05,0.439706,0.443555,0.38763601,0.39594799,0.39594799,13064911
2019-01-06,0.39625099,0.40290499,0.37384599,0.39701,0.39701,7628848
2019-01-07,0.39707199,0.40997499,0.371402,0.37647399,0.37647399,5182374
2019-01-08,0.377736,0.42459601,0.36539501,0.424198,0.424198,6481963
2019-01-09,0.42838401,0.435931,0.40106499,0.40180501,0.40180501,8182734
2019-01-10,0.40096799,0.40669501,0.34656,0.35460401,0.35460401,5524822
2019-01-11,0.35497701,0.46384999,0.35339099,0.44419301,0.44419301,14491941
2019-01-12,0.444803,0.46900201,0.407561,0.41224399,0.41224399,15375000
2019-01-13,0.41055301,0.45191699,0.38135701,0.44426101,0.44426101,9558626
2019-01-14,0.441589,0.498074,0.42471501,0.48565999,0.48565999,17594771
2019-01-15,0.48736101,0.55711102,0.46554899,0.51879501,0.51879501,26829916
2019-01-16,0.52006501,0.54132199,0.48251399,0.497374,0.497374,18011677
2019-01-17,0.495978,0.49868101,0.47399801,0.48301199,0.48301199,11096121
2019-01-18,0.482481,0.50799602,0.46972901,0.500732,0.500732,8659548
2019-01-19,0.50085098,0.50085098,0.47532201,0.49147001,0.49147001,7015260
2019-01-20,0.490917,0.49728999,0.47190401,0.490123,0.490123,7018434
2019-01-21,0.490262,0.52428401,0.476899,0.50341201,0.50341201,9503123
2019-01-22,0.50198001,0.56539601,0.50198001,0.540335,0.540335,13998683
2019-01-23,0.54024398,0.55163002,0.50717503,0.50997603,0.50997603,10344545
2019-01-24,0.509978,0.51109898,0.47907999,0.504242,0.504242,8538515
2019-01-25,0.50869,0.51850998,0.477191,0.47954899,0.47954899,8985719
2019-01-26,0.47924501,0.491413,0.46837801,0.47214901,0.47214901,5982204
2019-01-27,0.469769,0.469769,0.43018299,0.43374899,0.43374899,10244607
2019-01-28,0.43414,0.43465,0.35793,0.41349,0.41349,13461911
2019-01-29,0.41345799,0.46263599,0.41265899,0.455235,0.455235,18998440
2019-01-30,0.453444,0.453444,0.42110801,0.426929,0.426929,8965899
2019-01-31,0.42945799,0.44009399,0.38633499,0.38769001,0.38769001,7507124
2019-02-01,0.38779801,0.42824799,0.38375601,0.41926301,0.41926301,5696881
2019-02-02,0.41813201,0.43146801,0.40193999,0.41492701,0.41492701,4128147
2019-02-03,0.41613701,0.416226,0.39121899,0.39614201,0.39614201,3856282
2019-02-04,0.39726499,0.40922701,0.38808,0.39445201,0.39445201,4850155
2019-02-05,0.39334899,0.43044001,0.39043,0.421776,0.421776,5865307
2019-02-06,0.42224199,0.42224199,0.393226,0.39962,0.39962,5378906
2019-02-07,0.39970899,0.40629101,0.39333001,0.401474,0.401474,3171282
2019-02-08,0.40192801,0.443174,0.39868999,0.436519,0.436519,6900024
2019-02-09,0.43864599,0.47901201,0.43302,0.46433401,0.46433401,6382735
2019-02-10,0.46483901,0.48003301,0.43999499,0.45218599,0.45218599,7950326
2019-02-11,0.45269099,0.45269099,0.42345399,0.42945099,0.42945099,5928665
2019-02-12,0.42796201,0.43402901,0.421859,0.42539501,0.42539501,4205375
2019-02-13,0.42615199,0.44404399,0.419635,0.44404399,0.44404399,4517365
2019-02-14,0.443295,0.445445,0.422198,0.42837599,0.42837599,3914369
2019-02-15,0.428067,0.44239101,0.42169699,0.432969,0.432969,3006564
2019-02-16,0.43327701,0.44483799,0.43327701,0.44051099,0.44051099,2715140
2019-02-17,0.439879,0.47293901,0.430112,0.457499,0.457499,6623800
2019-02-18,0.46061799,0.48262101,0.454602,0.47433299,0.47433299,6753508
2019-02-19,0.473187,0.47929901,0.45815599,0.45815599,0.45815599,6259916
2019-02-20,0.45822001,0.47413099,0.449128,0.46610999,0.46610999,6379429
2019-02-21,0.46610099,0.47583401,0.442442,0.445463,0.445463,6437539
2019-02-22,0.44468001,0.459443,0.44261301,0.45202899,0.45202899,4048573
2019-02-23,0.45151699,0.46286699,0.44499299,0.461889,0.461889,4318600
2019-02-24,0.463182,0.46486399,0.40481001,0.41064,0.41064,6649844
2019-02-25,0.40895599,0.47063801,0.407175,0.47063801,0.47063801,7817871
2019-02-26,0.47276399,0.475703,0.43592,0.43743199,0.43743199,6553450
2019-02-27,0.43851101,0.44784901,0.42263201,0.43147901,0.43147901,3696949
2019-02-28,0.43116701,0.44522801,0.42265201,0.427421,0.427421,3941979
2019-03-01,0.42721,0.44226301,0.423619,0.43178499,0.43178499,3667815
2019-03-02,0.43107301,0.438003,0.42301601,0.42778701,0.42778701,2339649
2019-03-03,0.426864,0.43295801,0.422492,0.424169,0.424169,1849996
2019-03-04,0.42279699,0.42747399,0.40072101,0.40781099,0.40781099,3710145
2019-03-05,0.407985,0.43299699,0.40676701,0.43299699,0.43299699,6561919
2019-03-06,0.432834,0.440171,0.42404801,0.43182099,0.43182099,4082793
2019-03-07,0.43301299,0.47753999,0.43024299,0.455832,0.455832,7330127
2019-03-08,0.456038,0.51396102,0.456038,0.46620199,0.46620199,14303158
2019-03-09,0.46563801,0.48347801,0.45761201,0.477456,0.477456,7457248
2019-03-10,0.47775301,0.54614902,0.47167999,0.50176799,0.50176799,14548536
2019-03-11,0.502303,0.51485699,0.462762,0.46748999,0.46748999,11191637
2019-03-12,0.46898901,0.50667101,0.46112299,0.488552,0.488552,9177232
2019-03-13,0.488498,0.489492,0.47360501,0.48451,0.48451,6203981
2019-03-14,0.48447201,0.49845701,0.48021501,0.491097,0.491097,10961574
2019-03-15,0.49059299,0.49704701,0.48766199,0.490087,0.490087,3912307
2019-03-16,0.490123,0.495906,0.47749099,0.48559901,0.48559901,7199555
2019-03-17,0.48564199,0.48804599,0.477323,0.48368499,0.48368499,7196927
2019-03-18,0.48423001,0.48644701,0.47195199,0.48071399,0.48071399,3415764
2019-03-19,0.48065501,0.485468,0.47447899,0.48539099,0.48539099,2894766
2019-03-20,0.48513401,0.493797,0.47877699,0.48608601,0.48608601,3511170
2019-03-21,0.4858,0.48673701,0.449624,0.461061,0.461061,4652789
2019-03-22,0.46047899,0.469147,0.45295,0.46644601,0.46644601,3835633
2019-03-23,0.46622801,0.46798101,0.459142,0.46308401,0.46308401,2494600
2019-03-24,0.463184,0.463754,0.45296201,0.45640501,0.45640501,3100039
2019-03-25,0.45715499,0.48894799,0.45032999,0.47639501,0.47639501,8467627
2019-03-26,0.47520101,0.48201299,0.45371801,0.46360099,0.46360099,6231819
2019-03-27,0.46411699,0.50366598,0.46145901,0.49987099,0.49987099,6237410
2019-03-28,0.500018,0.51589698,0.49219501,0.50345898,0.50345898,6329645
2019-03-29,0.50345898,0.50432497,0.49094,0.499502,0.499502,4239835
2019-03-30,0.498974,0.51791501,0.484092,0.49427801,0.49427801,3395827
2019-03-31,0.49427801,0.53564,0.48808801,0.507613,0.507613,9259723
2019-04-01,0.50882202,0.55901003,0.50270098,0.55613798,0.55613798,11605651
2019-04-02,0.55576003,0.60014302,0.53843802,0.584279,0.584279,16414974
2019-04-03,0.58360201,0.60535002,0.54711002,0.56545299,0.56545299,13494096
2019-04-04,0.56447101,0.58376098,0.52493203,0.54224002,0.54224002,11153064
2019-04-05,0.541969,0.58101898,0.54171902,0.57746798,0.57746798,7928035
2019-04-06,0.57759303,0.58643901,0.56288999,0.57011002,0.57011002,7641845
2019-04-07,0.56963497,0.58792502,0.56878102,0.57711899,0.57711899,6038857
2019-04-08,0.577537,0.58870399,0.54541302,0.56889898,0.56889898,9889748
2019-04-09,0.56889898,0.56889898,0.525419,0.53468001,0.53468001,7970929
2019-04-10,0.53444302,0.53868997,0.517878,0.520257,0.520257,8226906
2019-04-11,0.52097702,0.52205801,0.46069399,0.486123,0.486123,7966598
2019-04-12,0.48539501,0.51545101,0.46054301,0.49535,0.49535,6616811
2019-04-13,0.49533299,0.54162401,0.49479201,0.53920799,0.53920799,7063057
2019-04-14,0.539316,0.54682398,0.51205301,0.52873999,0.52873999,5680703
2019-04-15,0.52873999,0.52873999,0.48526701,0.49221399,0.49221399,6369018
2019-04-16,0.49190199,0.51561999,0.49182299,0.50305402,0.50305402,4307086
2019-04-17,0.50303203,0.507384,0.492098,0.50025898,0.50025898,4224360
2019-04-18,0.49983999,0.52436203,0.49983999,0.52436203,0.52436203,4816738
2019-04-19,0.52392,0.53823602,0.510728,0.51427001,0.51427001,5918321
2019-04-20,0.514467,0.53192598,0.50835103,0.515661,0.515661,4637764
2019-04-21,0.51552898,0.51634598,0.48109901,0.49949801,0.49949801,5015660
2019-04-22,0.499349,0.518363,0.48945099,0.49666399,0.49666399,5966146
2019-04-23,0.495666,0.503501,0.48148301,0.48148301,0.48148301,6260080
2019-04-24,0.48148301,0.48148301,0.44666901,0.478313,0.478313,7281840
2019-04-25,0.47827899,0.500135,0.440754,0.44550601,0.44550601,6760468
2019-04-26,0.44552499,0.45711601,0.42592999,0.43692601,0.43692601,5505480
2019-04-27,0.43717,0.45903799,0.433999,0.441571,0.441571,3901156
2019-04-28,0.441522,0.457403,0.44022501,0.44821799,0.44821799,4170835
2019-04-29,0.44873899,0.45110101,0.42872101,0.43350101,0.43350101,5230685
2019-04-30,0.433853,0.473625,0.43295401,0.47317001,0.47317001,6117527
2019-05-01,0.47355899,0.48942599,0.46728799,0.47602499,0.47602499,4255127
2019-05-02,0.476051,0.47718701,0.46256599,0.46342099,0.46342099,3212373
2019-05-03,0.46347201,0.52183801,0.460731,0.51216501,0.51216501,6755514
2019-05-04,0.51216501,0.51477998,0.48134801,0.494995,0.494995,4501322
2019-05-05,0.49513999,0.520908,0.49147001,0.50697899,0.50697899,4844367
2019-05-06,0.50640798,0.58415002,0.49207199,0.57811999,0.57811999,11999352
2019-05-07,0.57878798,0.61201203,0.54472399,0.54472399,0.54472399,16169094
2019-05-08,0.54417598,0.611642,0.52537203,0.591537,0.591537,9757958
2019-05-09,0.591537,0.69715601,0.58882397,0.63984901,0.63984901,23088642
2019-05-10,0.63947201,0.723333,0.63902098,0.67145997,0.67145997,17084493
2019-05-11,0.671543,0.73123598,0.654661,0.67882299,0.67882299,17115294
2019-05-12,0.68049002,0.69755298,0.63295197,0.65798998,0.65798998,11180413
2019-05-13,0.65798998,0.68465799,0.64134401,0.64669698,0.64669698,10869526
2019-05-14,0.64679903,0.923087,0.63733602,0.82308197,0.82308197,42446071
2019-05-15,0.82510102,0.87725103,0.786645,0.84557402,0.84557402,20109177
2019-05-16,0.84451801,0.93610001,0.77368301,0.92612499,0.92612499,33573495
2019-05-17,0.92645597,0.97876,0.81571603,0.88773102,0.88773102,39447831
2019-05-18,0.88773102,0.95758998,0.86120403,0.93415397,0.93415397,20589987
2019-05-19,0.93566501,1.042231,0.92943001,0.99435002,0.99435002,39610667
2019-05-20,0.993931,1.128938,0.95360398,1.128938,1.128938,28566429
2019-05-21,1.117578,1.2314889,1.066364,1.185923,1.185923,98438799
2019-05-22,1.1839449,1.4661011,1.155455,1.220044,1.220044,118738675
2019-05-23,1.222923,1.363256,1.165344,1.344991,1.344991,62796580
2019-05-24,1.344328,1.4236569,1.239415,1.33696,1.33696,52112753
2019-05-25,1.33696,1.339498,1.113307,1.129312,1.129312,52065174
2019-05-26,1.127095,1.182641,1.039597,1.087065,1.087065,43379101
2019-05-27,1.087484,1.266768,1.087484,1.2110111,1.2110111,58681258
2019-05-28,1.2115721,1.334141,1.152737,1.275389,1.275389,55908377
2019-05-29,1.275026,1.275026,1.155282,1.182788,1.182788,41812375
2019-05-30,1.184382,1.221426,0.97136998,1.0247509,1.0247509,71072187
2019-05-31,1.0247509,1.052426,0.962933,1.02152,1.02152,48729261
2019-06-01,1.022325,1.052441,0.96441197,0.965132,0.965132,29166848
2019-06-02,0.965132,1.044144,0.94815099,1.012434,1.012434,23376401
2019-06-03,1.012715,1.012715,0.90373403,0.91096902,0.91096902,19415847
2019-06-04,0.90842903,0.93162501,0.85740501,0.88325,0.88325,25054880
2019-06-05,0.88325,1.077118,0.88325,1.077118,1.077118,62912027
2019-06-06,1.077718,1.238832,1.063859,1.119633,1.119633,74387222
2019-06-07,1.110783,1.239386,1.079159,1.177613,1.177613,50396874
2019-06-08,1.177579,1.1994179,1.135107,1.15262,1.15262,18457927
2019-06-09,1.152971,1.15508,1.036873,1.073253,1.073253,20498196
2019-06-10,1.072644,1.194248,1.055213,1.191716,1.191716,25489176
2019-06-11,1.1942,1.1942,1.103703,1.1383049,1.1383049,25861024
2019-06-12,1.13928,1.163608,1.109445,1.142759,1.142759,27563661
2019-06-13,1.1431299,1.9456069,1.125196,1.8479199,1.8479199,318719301
2019-06-14,1.846372,1.880628,1.468794,1.676558,1.676558,344143609
2019-06-15,1.67714,1.787728,1.627067,1.721303,1.721303,149453818
2019-06-16,1.721864,1.781262,1.616632,1.673432,1.673432,119199289
2019-06-17,1.6747071,2.0289609,1.673876,1.971635,1.971635,158900877
2019-06-18,1.96632,2.024411,1.770514,1.818537,1.818537,117480216
2019-06-19,1.816818,1.901863,1.799022,1.838441,1.838441,38209064
2019-06-20,1.837072,1.88315,1.694121,1.765551,1.765551,40500786
2019-06-21,1.767737,1.788509,1.620875,1.702871,1.702871,56871937
2019-06-22,1.69249,1.929195,1.69249,1.838553,1.838553,65320899
2019-06-23,1.838015,1.896221,1.761218,1.801375,1.801375,47203299
2019-06-24,1.801375,1.880836,1.792631,1.860334,1.860334,30278025
2019-06-25,1.860021,2.409019,1.856897,2.189712,2.189712,199041263
2019-06-26,2.189712,2.4168789,2.014617,2.26156,2.26156,179571545
2019-06-27,2.2567561,2.520257,2.0714171,2.267606,2.267606,136956672
2019-06-28,2.27051,2.9778709,2.1745889,2.9618261,2.9618261,229612906
2019-06-29,2.958904,4.5418148,2.901202,3.7031519,3.7031519,953804527
2019-06-30,3.7065051,4.0945711,3.392555,3.4468889,3.4468889,434865872
2019-07-01,3.448977,3.7608099,2.9519391,3.5919731,3.5919731,377055673
2019-07-02,3.5901599,3.8184309,3.2325671,3.645436,3.645436,424338055
2019-07-03,3.6508009,3.7889581,3.530277,3.533164,3.533164,204354523
2019-07-04,3.531255,3.6201451,3.3112371,3.4848909,3.4848909,178867441
2019-07-05,3.4795201,3.69977,3.4459529,3.622153,3.622153,191209597
2019-07-06,3.6257601,3.6316669,3.4631231,3.4768801,3.4768801,100575087
2019-07-07,3.4782071,3.51314,3.28216,3.3143561,3.3143561,97053705
2019-07-08,3.3128309,3.5522261,3.272753,3.335758,3.335758,111053367
2019-07-09,3.3413711,3.3767121,2.982126,3.1129489,3.1129489,177238039
2019-07-10,3.108237,3.2230229,2.8822031,3.118319,3.118319,172059406
2019-07-11,3.1183369,3.136812,2.7776539,2.8271401,2.8271401,118728040
2019-07-12,2.8296249,3.265161,2.6665759,3.173851,3.173851,162546196
2019-07-13,3.176245,3.2651491,3.0508251,3.170485,3.170485,144234535
2019-07-14,3.167361,3.2401741,2.78088,2.78738,2.78738,95436164
2019-07-15,2.7865231,2.844985,2.6015289,2.728492,2.728492,95812874
2019-07-16,2.729033,2.7714939,2.1754019,2.19765,2.19765,82850036
2019-07-17,2.1916831,2.5741401,2.0678251,2.379704,2.379704,135564356
2019-07-18,2.378278,2.790031,2.3542709,2.679091,2.679091,142714502
2019-07-19,2.679091,2.752933,2.5155799,2.608851,2.608851,71363583
2019-07-20,2.6113839,2.7224081,2.597904,2.6446409,2.6446409,67423557
2019-07-21,2.643342,2.6692121,2.4976399,2.550355,2.550355,48335818
2019-07-22,2.549299,2.586657,2.400382,2.425729,2.425729,48393920
2019-07-23,2.423183,2.5012691,2.2596109,2.370991,2.370991,66520544
2019-07-24,2.370991,2.4644639,2.3008029,2.405396,2.405396,78623000
2019-07-25,2.406918,2.51683,2.384253,2.384253,2.384253,60195321
2019-07-26,2.3831761,2.4256761,2.350337,2.4035621,2.4035621,38644891
2019-07-27,2.4035621,2.4605939,2.2332931,2.2584801,2.2584801,57981370
2019-07-28,2.2611859,2.285934,2.1349831,2.2177291,2.2177291,37139642
2019-07-29,2.217042,2.2440281,2.1309879,2.1403041,2.1403041,41163755
2019-07-30,2.141511,2.177948,2.0127029,2.089139,2.089139,63663046
2019-07-31,2.086894,2.219049,2.0787821,2.1968379,2.1968379,59937401
2019-08-01,2.2000661,2.2271781,2.1231019,2.181257,2.181257,46293195
2019-08-02,2.178668,2.4461019,2.1519549,2.3997951,2.3997951,88993103
2019-08-03,2.3986771,2.7229371,2.340564,2.4254789,2.4254789,158068000
2019-08-04,2.424612,2.5991011,2.424612,2.497683,2.497683,95419755
2019-08-05,2.501852,2.62923,2.480427,2.484375,2.484375,87397910
2019-08-06,2.482007,2.522028,2.3542311,2.46067,2.46067,95016633
2019-08-07,2.4621141,2.490607,2.3709209,2.391855,2.391855,69024403
2019-08-08,2.3999331,2.4039841,2.2866089,2.289084,2.289084,56631921
2019-08-09,2.2853611,2.2963381,2.1718271,2.1791551,2.1791551,49294449
2019-08-10,2.1791551,2.382179,2.1527541,2.3225689,2.3225689,88304426
2019-08-11,2.3214209,2.471103,2.275351,2.396836,2.396836,75758084
2019-08-12,2.405874,2.463876,2.3496871,2.3799779,2.3799779,53991936
2019-08-13,2.383811,2.4428079,2.32214,2.41308,2.41308,61913129
2019-08-14,2.4130831,2.5578699,2.2122331,2.271148,2.271148,117748508
2019-08-15,2.2783189,2.431762,2.2185831,2.412745,2.412745,78723315
2019-08-16,2.413799,2.4447391,2.2510681,2.321893,2.321893,71099710
2019-08-17,2.322068,2.39744,2.3100059,2.3933899,2.3933899,45504193
2019-08-18,2.392117,2.5496149,2.373749,2.49964,2.49964,74479050
2019-08-19,2.4976079,2.591115,2.454953,2.505152,2.505152,81955471
2019-08-20,2.502825,2.537286,2.3619609,2.3804629,2.3804629,71968212
2019-08-21,2.3808949,2.388,2.1708369,2.2163141,2.2163141,94589329
2019-08-22,2.2163141,2.2886059,2.1648109,2.2295811,2.2295811,71961706
2019-08-23,2.2295811,2.3071971,2.186981,2.2533021,2.2533021,85783321
2019-08-24,2.254498,2.26157,2.173275,2.1851921,2.1851921,50546812
2019-08-25,2.184999,2.187835,2.043431,2.085077,2.085077,59471445
2019-08-26,2.0866561,2.162921,2.0566859,2.076848,2.076848,54292215
2019-08-27,2.0779271,2.1640019,2.028861,2.1071811,2.1071811,62275881
2019-08-28,2.109982,2.1109691,1.892316,1.900387,1.900387,59193724
2019-08-29,1.901253,1.902191,1.748443,1.783433,1.783433,83335306
2019-08-30,1.783433,1.891767,1.751516,1.80638,1.80638,57285240
2019-08-31,1.802966,1.849249,1.750964,1.790231,1.790231,51356763
2019-09-01,1.790239,1.802771,1.7311651,1.7752171,1.7752171,43571942
2019-09-02,1.774431,1.885697,1.73935,1.8334889,1.8334889,63004422
2019-09-03,1.83374,1.9310319,1.824926,1.854688,1.854688,80326910
2019-09-04,1.854393,1.859713,1.74716,1.7852449,1.7852449,70884788
2019-09-05,1.784905,1.861177,1.77426,1.797884,1.797884,69409152
2019-09-06,1.797884,1.822347,1.709944,1.731496,1.731496,72212080
2019-09-07,1.729025,1.809932,1.719344,1.77696,1.77696,71006363
2019-09-08,1.777333,1.901793,1.776477,1.830964,1.830964,88855921
2019-09-09,1.8331341,1.870609,1.7700011,1.796893,1.796893,96518480
2019-09-10,1.794367,1.829125,1.785338,1.80213,1.80213,66969746
2019-09-11,1.802752,1.82706,1.7241009,1.734827,1.734827,67247430
2019-09-12,1.735075,1.746851,1.684298,1.707639,1.707639,61903495
2019-09-13,1.707895,1.713775,1.525297,1.580933,1.580933,95116689
2019-09-14,1.580394,1.635825,1.539175,1.565105,1.565105,82000174
2019-09-15,1.5668679,1.6507781,1.565328,1.617525,1.617525,64455918
2019-09-16,1.617667,1.640851,1.55416,1.581435,1.581435,62082506
2019-09-17,1.582307,1.660158,1.562162,1.629438,1.629438,74897534
2019-09-18,1.626585,1.847966,1.625299,1.809821,1.809821,112613412
2019-09-19,1.809176,1.910017,1.749284,1.87587,1.87587,133273165
2019-09-20,1.877377,1.878861,1.766126,1.82775,1.82775,75449475
2019-09-21,1.825294,1.889405,1.800274,1.889405,1.889405,76844379
2019-09-22,1.888814,1.889535,1.782324,1.8214,1.8214,63224058
2019-09-23,1.819378,1.889389,1.787511,1.8073471,1.8073471,76114156
2019-09-24,1.807193,2.0649469,1.590011,1.735809,1.735809,218580528
2019-09-25,1.738263,1.92765,1.652182,1.7601891,1.7601891,161634833
2019-09-26,1.7601891,1.763148,1.55769,1.658976,1.658976,112008341
2019-09-27,1.6586469,1.6769609,1.577649,1.670161,1.670161,90213617
2019-09-28,1.6723419,1.708268,1.655023,1.687368,1.687368,71435514
2019-09-29,1.687292,1.753642,1.670501,1.7172199,1.7172199,85120108
2019-09-30,1.716536,1.770691,1.651402,1.763507,1.763507,84068855
2019-10-01,1.7649,1.899528,1.758266,1.839308,1.839308,91602849
2019-10-02,1.837839,2.0211179,1.827716,2.01666,2.01666,102294409
2019-10-03,2.015923,2.0347891,1.903075,1.951038,1.951038,101098441
2019-10-04,1.951103,1.998408,1.912866,1.9788181,1.9788181,77454029
2019-10-05,1.976985,1.982577,1.921949,1.966004,1.966004,96574706
2019-10-06,1.965752,2.268636,1.9635,2.188103,2.188103,126356581
2019-10-07,2.1896529,2.4884729,2.1291449,2.401859,2.401859,202190935
2019-10-08,2.4020181,2.6274691,2.2790711,2.5781109,2.5781109,224096110
2019-10-09,2.5829351,2.941925,2.522856,2.803853,2.803853,329507431
2019-10-10,2.8112531,2.81162,2.4976261,2.635488,2.635488,249559325
2019-10-11,2.6359379,2.8055501,2.5949049,2.772361,2.772361,200123734
2019-10-12,2.7763,2.7763319,2.5723431,2.6071229,2.6071229,120045685
2019-10-13,2.6045921,2.646657,2.4583089,2.497458,2.497458,107136821
2019-10-14,2.498024,2.665086,2.468226,2.5396669,2.5396669,116069815
2019-10-15,2.53918,2.59566,2.351902,2.3947921,2.3947921,110301011
2019-10-16,2.3961861,2.418581,2.1992249,2.3912489,2.3912489,158475686
2019-10-17,2.3922241,2.4849651,2.2949951,2.424113,2.424113,139155340
2019-10-18,2.424113,2.505373,2.33549,2.358567,2.358567,105032862
2019-10-19,2.358453,2.4000239,2.302506,2.359457,2.359457,85270342
2019-10-20,2.3583109,2.4414639,2.301352,2.4414639,2.4414639,86836834
2019-10-21,2.442384,2.6749971,2.439976,2.6320441,2.6320441,174716569
2019-10-22,2.6313529,2.8235681,2.5848341,2.6055479,2.6055479,172462583
2019-10-23,2.6128571,2.69296,2.4261861,2.612499,2.612499,190350548
2019-10-24,2.6179509,2.7900929,2.6129279,2.751632,2.751632,175558916
2019-10-25,2.7507961,2.9334641,2.6466229,2.8380899,2.8380899,210307337
2019-10-26,2.837841,2.9928391,2.674753,2.751997,2.751997,231729603
2019-10-27,2.747992,2.7654519,2.624511,2.675462,2.675462,135864814
2019-10-28,2.677592,2.891283,2.6673181,2.6719739,2.6719739,157224840
2019-10-29,2.671828,2.7687981,2.654772,2.6700439,2.6700439,109381921
2019-10-30,2.668232,2.6762159,2.5301559,2.6242111,2.6242111,101740209
2019-10-31,2.624589,2.759201,2.5562501,2.7379301,2.7379301,118140976
2019-11-01,2.740555,2.8008039,2.6625299,2.720022,2.720022,118225225
2019-11-02,2.719497,2.7576351,2.690064,2.710366,2.710366,88544063
2019-11-03,2.710999,2.719389,2.6464,2.671798,2.671798,106456374
2019-11-04,2.6717501,2.7291801,2.646806,2.6867521,2.6867521,122384989
2019-11-05,2.6849239,2.69994,2.6412921,2.682662,2.682662,119153856
2019-11-06,2.683126,2.809551,2.657757,2.7402151,2.7402151,152746471
2019-11-07,2.739481,2.7485001,2.6293919,2.690742,2.690742,139483618
2019-11-08,2.6903591,2.7312191,2.6432669,2.7166409,2.7166409,133302910
2019-11-09,2.7150049,2.8569601,2.714982,2.803951,2.803951,152872881
2019-11-10,2.8035121,2.8476629,2.728744,2.7826459,2.7826459,145643657
2019-11-11,2.782196,2.782536,2.690697,2.7503259,2.7503259,94732322
2019-11-12,2.7503431,2.865159,2.7426009,2.817811,2.817811,148585749
2019-11-13,2.8144729,3.0777719,2.789124,3.01829,3.01829,209362104
2019-11-14,3.01897,3.1800201,2.9576609,3.063036,3.063036,198792071
2019-11-15,3.064559,3.084414,2.8571839,3.035152,3.035152,157665192
2019-11-16,3.034431,3.0470519,2.936635,3.0103309,3.0103309,95813206
2019-11-17,3.009145,3.0104971,2.904242,2.931891,2.931891,99099080
2019-11-18,2.9318111,2.979017,2.770005,2.8266101,2.8266101,126598447
2019-11-19,2.824723,2.8611851,2.6109331,2.7565701,2.7565701,174284233
2019-11-20,2.7533171,2.831316,2.6593461,2.708266,2.708266,167970679
2019-11-21,2.712014,2.712868,2.482846,2.5496669,2.5496669,167317924
2019-11-22,2.5494139,2.589488,2.1722901,2.3518651,2.3518651,201718065
2019-11-23,2.351779,2.4608641,2.271626,2.4474239,2.4474239,149356394
2019-11-24,2.448642,2.469661,2.252449,2.25579,2.25579,149929050
2019-11-25,2.260716,2.379225,2.055618,2.2750649,2.2750649,170091780
2019-11-26,2.2708681,2.3563061,2.179893,2.276428,2.276428,143568310
2019-11-27,2.262825,2.2874129,2.139699,2.229166,2.229166,149542925
2019-11-28,2.232964,2.3282001,2.192647,2.271925,2.271925,146006115
2019-11-29,2.276551,2.36167,2.26967,2.3426199,2.3426199,160656952
2019-11-30,2.3416259,2.357569,2.2152209,2.2420759,2.2420759,123021580
2019-12-01,2.242619,2.2432089,2.141742,2.1671319,2.1671319,136819693
2019-12-02,2.1664751,2.1753831,2.065316,2.0949759,2.0949759,116492201
2019-12-03,2.0949759,2.200927,2.050257,2.1299851,2.1299851,109854018
2019-12-04,2.1300931,2.141422,2.018254,2.0486519,2.0486519,145162286
2019-12-05,2.0464411,2.1062181,1.9722641,2.0258069,2.0258069,126219927
2019-12-06,2.0260029,2.1049781,1.988429,2.092442,2.092442,113399318
2019-12-07,2.0928581,2.1096461,2.0542581,2.061192,2.061192,88418201
2019-12-08,2.060843,2.0933709,2.0285511,2.059006,2.059006,103114465
2019-12-09,2.058208,2.092617,2.0223019,2.091032,2.091032,147696805
2019-12-10,2.0913219,2.2764549,2.067476,2.2706571,2.2706571,218763851
2019-12-11,2.2703741,2.2993481,2.1548929,2.1780491,2.1780491,138162558
2019-12-12,2.1780491,2.1951711,2.053021,2.119071,2.119071,142758973
2019-12-13,2.118921,2.130672,2.073489,2.0773101,2.0773101,117843001
2019-12-14,2.0764461,2.0939851,1.9909149,2.0106859,2.0106859,105295566
2019-12-15,2.0105591,2.1192391,1.982507,2.0868399,2.0868399,114518248
2019-12-16,2.0869241,2.089251,1.977339,1.981583,1.981583,97454140
2019-12-17,1.981796,2.0064061,1.724099,1.7563519,1.7563519,172213180
2019-12-18,1.755995,1.880721,1.6551189,1.880721,1.880721,209932252
2019-12-19,1.881174,1.888344,1.746659,1.820493,1.820493,150914459
2019-12-20,1.820493,1.924415,1.801698,1.9234329,1.9234329,124354682
2019-12-21,1.9238271,1.9296989,1.8722219,1.873683,1.873683,88336767
2019-12-22,1.872732,1.947046,1.870977,1.935425,1.935425,120076955
2019-12-23,1.935322,1.9576139,1.86174,1.87685,1.87685,130569408
2019-12-24,1.877158,1.8867331,1.835322,1.86312,1.86312,131772813
2019-12-25,1.86312,1.86312,1.78804,1.804758,1.804758,86020952
2019-12-26,1.805598,1.941509,1.787486,1.8618,1.8618,79180350
2019-12-27,1.860669,1.946016,1.854286,1.886506,1.886506,74031488
2019-12-28,1.886182,1.909321,1.869325,1.874338,1.874338,53567273
2019-12-29,1.8742909,1.920132,1.858665,1.902404,1.902404,53574998
2019-12-30,1.902673,1.906718,1.829309,1.838974,1.838974,57136151
2019-12-31,1.839268,1.84083,1.762405,1.769471,1.769471,58903187
2020-01-01,1.768926,1.8514169,1.76342,1.80664,1.80664,69723037
2020-01-02,1.807161,1.816882,1.721658,1.7411439,1.7411439,52729126
2020-01-03,1.740966,1.826534,1.7125781,1.809708,1.809708,61298048
2020-01-04,1.8097349,1.851112,1.789742,1.840133,1.840133,49108150
2020-01-05,1.838879,1.855229,1.803682,1.8077869,1.8077869,55235942
2020-01-06,1.8083251,1.938768,1.807984,1.937466,1.937466,80941179
2020-01-07,1.934836,2.1257861,1.905077,2.1140981,2.1140981,140921324
2020-01-08,2.1131189,2.3344331,2.1081729,2.1836059,2.1836059,192821111
2020-01-09,2.1822579,2.2326951,2.1145861,2.186049,2.186049,109938413
2020-01-10,2.189127,2.2586441,2.161845,2.223959,2.223959,109888554
2020-01-11,2.2249401,2.3349221,2.221616,2.283247,2.283247,107902217
2020-01-12,2.282768,2.3106899,2.2265649,2.245193,2.245193,87342008
2020-01-13,2.243892,2.2444389,2.1634541,2.1924529,2.1924529,78803227
2020-01-14,2.1920669,2.4506969,2.1814809,2.3899269,2.3899269,135612258
2020-01-15,2.383508,2.567914,2.361017,2.4049771,2.4049771,149371800
2020-01-16,2.4078219,2.5002611,2.297822,2.484479,2.484479,143515776
2020-01-17,2.4849091,2.836942,2.465606,2.7241089,2.7241089,257924221
2020-01-18,2.718101,2.7885749,2.6038041,2.7741051,2.7741051,167529444
2020-01-19,2.776407,2.836993,2.5574629,2.6189511,2.6189511,175287789
2020-01-20,2.6216309,2.7387331,2.55287,2.697299,2.697299,149645626
2020-01-21,2.6969221,2.735786,2.584949,2.6735499,2.6735499,118493954
2020-01-22,2.6780331,2.6877339,2.625762,2.645582,2.645582,97214236
2020-01-23,2.646261,2.6488249,2.4366181,2.4621091,2.4621091,128284126
2020-01-24,2.465451,2.5299079,2.374826,2.50439,2.50439,121390827
2020-01-25,2.504844,2.5116529,2.4289169,2.456526,2.456526,96793337
2020-01-26,2.4568801,2.572804,2.4373369,2.5715821,2.5715821,101906615
2020-01-27,2.5720041,2.676707,2.5720041,2.609652,2.609652,125100879
2020-01-28,2.6108639,2.6681931,2.59654,2.655339,2.655339,130829516
2020-01-29,2.6556101,2.8147211,2.646317,2.7853241,2.7853241,166469457
2020-01-30,2.7824049,2.9399841,2.724335,2.9129879,2.9129879,189044589
2020-01-31,2.9175351,2.9175351,2.7820671,2.823791,2.823791,132881059
2020-02-01,2.824852,2.8733699,2.755419,2.838953,2.838953,121185567
2020-02-02,2.83973,2.892693,2.7382109,2.832581,2.832581,135278751
2020-02-03,2.831511,2.8629689,2.7577741,2.7746589,2.7746589,128902317
2020-02-04,2.774677,2.80091,2.6864891,2.7411211,2.7411211,134721884
2020-02-05,2.740072,2.8745561,2.730701,2.845629,2.845629,157306879
2020-02-06,2.8452499,2.9297061,2.809412,2.8846819,2.8846819,165611492
2020-02-07,2.884161,3.353102,2.8831689,3.308532,3.308532,380527539
2020-02-08,3.299608,3.454268,3.147258,3.4144571,3.4144571,305697106
2020-02-09,3.412976,3.4783771,3.2716081,3.477313,3.477313,227524199
2020-02-10,3.483674,3.4849949,3.293256,3.411484,3.411484,232733529
2020-02-11,3.410835,3.975559,3.3579991,3.975559,3.975559,388126746
2020-02-12,3.9752009,4.1944242,3.868556,4.0251188,4.0251188,455111359
2020-02-13,4.017292,4.0915651,3.7681611,3.8744349,3.8744349,336049071
2020-02-14,3.875108,4.4727058,3.8108561,4.4143729,4.4143729,416798319
2020-02-15,4.4143729,4.6073842,4.1114068,4.3046608,4.3046608,498446606
2020-02-16,4.3120322,4.8309789,4.1456881,4.5041709,4.5041709,640799699
2020-02-17,4.489747,4.549448,3.8825641,4.297009,4.297009,529297131
2020-02-18,4.2967992,4.5926809,4.158082,4.543797,4.543797,431990469
2020-02-19,4.5471239,4.8209,4.3573999,4.4013262,4.4013262,415141905
2020-02-20,4.3982902,4.4655228,4.128583,4.271369,4.271369,404800386
2020-02-21,4.2700181,4.4841461,4.211729,4.292058,4.292058,339638604
2020-02-22,4.2940831,4.3358111,4.0697079,4.1029372,4.1029372,303556869
2020-02-23,4.108079,4.3569121,4.0876288,4.2434812,4.2434812,299278626
2020-02-24,4.2413301,4.268898,3.8227301,3.9136729,3.9136729,343314668
2020-02-25,3.9133091,3.9529941,3.513104,3.513104,3.513104,340819809
2020-02-26,3.512078,3.8260789,3.3406689,3.6007249,3.6007249,505501668
2020-02-27,3.598228,4.1106949,3.458678,3.948595,3.948595,492056386
2020-02-28,3.9463141,4.1992612,3.7887249,4.1619101,4.1619101,506674282
2020-02-29,4.1632071,4.3513999,4.1083379,4.108541,4.108541,452201071
2020-03-01,4.105782,4.204237,3.794214,3.8795331,3.8795331,423505999
2020-03-02,3.8802531,4.3135281,3.8301001,4.2150068,4.2150068,437170132
2020-03-03,4.2140698,4.6575952,4.1546431,4.583632,4.583632,518469329
2020-03-04,4.582994,4.9504499,4.563704,4.6448712,4.6448712,662474676
2020-03-05,4.6426811,4.8853149,4.6356668,4.7212539,4.7212539,542142056
2020-03-06,4.72017,4.7458978,4.5701661,4.6784978,4.6784978,384700765
2020-03-07,4.6750841,4.6789942,4.3405242,4.344593,4.344593,375742253
2020-03-08,4.3467731,4.4320059,3.904835,4.0896711,4.0896711,554855517
2020-03-09,4.0839062,4.3434739,3.6761379,4.0639148,4.0639148,751627574
2020-03-10,4.0947919,4.2042208,3.9509261,4.0849319,4.0849319,531064759
2020-03-11,4.087635,4.1068282,3.6006019,3.817517,3.817517,464691611
2020-03-12,3.81724,3.8340681,1.968293,2.064779,2.064779,678674595
2020-03-13,2.063421,2.7146249,1.506868,2.4211349,2.4211349,905688605
2020-03-14,2.42588,2.5017431,2.098685,2.143518,2.143518,448070726
2020-03-15,2.1433711,2.3567269,2.050029,2.109211,2.109211,440244557
2020-03-16,2.111994,2.111994,1.599666,1.7798769,1.7798769,539952973
2020-03-17,1.778445,2.046241,1.757126,1.842805,1.842805,402042487
2020-03-18,1.841494,1.905583,1.784832,1.8877,1.8877,304298998
2020-03-19,1.892053,2.3438139,1.883173,2.246666,2.246666,447725949
2020-03-20,2.2488191,2.6032701,2.0907459,2.2479,2.2479,526429075
2020-03-21,2.248554,2.331425,2.1299911,2.271615,2.271615,317973845
2020-03-22,2.272809,2.314801,1.9641351,1.988865,1.988865,295425228
2020-03-23,1.989665,2.237793,1.949406,2.237793,2.237793,354551260
2020-03-24,2.233727,2.3586521,2.199893,2.3078971,2.3078971,321474267
2020-03-25,2.309505,2.3293099,2.215296,2.259675,2.259675,257497959
2020-03-26,2.2592831,2.2951379,2.2282839,2.2951379,2.2951379,209695287
2020-03-27,2.2953,2.335921,2.1749711,2.1749711,2.1749711,222982485
2020-03-28,2.1754179,2.180167,2.065829,2.1367109,2.1367109,234279603
2020-03-29,2.137584,2.1518259,2.022979,2.0251679,2.0251679,178728617
2020-03-30,2.0244651,2.1822319,2.01548,2.1533201,2.1533201,220332929
2020-03-31,2.1497719,2.277844,2.122721,2.270344,2.270344,239526252
2020-04-01,2.270344,2.2952869,2.1614981,2.27826,2.27826,289006168
2020-04-02,2.274627,2.3897729,2.2659459,2.3017089,2.3017089,294353542
2020-04-03,2.3017459,2.379148,2.286691,2.3050671,2.3050671,226925452
2020-04-04,2.3050671,2.326719,2.2714491,2.3262129,2.3262129,194260780
2020-04-05,2.326411,2.3271451,2.2632041,2.2773249,2.2773249,161676431
2020-04-06,2.277658,2.5156889,2.2776029,2.5134139,2.5134139,325590660
2020-04-07,2.524461,2.8735549,2.524461,2.7179849,2.7179849,577910419
2020-04-08,2.7207041,3.2404981,2.714644,3.1390409,3.1390409,518682498
2020-04-09,3.1406629,3.449471,3.131027,3.3216939,3.3216939,734770971
2020-04-10,3.3222151,3.3277111,2.974488,3.2170999,3.2170999,748426338
2020-04-11,3.2170999,3.424746,3.0890181,3.2823131,3.2823131,653196770
2020-04-12,3.2870049,3.589921,3.186141,3.4626119,3.4626119,712633668
2020-04-13,3.4673581,3.4673581,3.3079669,3.3698051,3.3698051,663413131
2020-04-14,3.373529,3.438154,3.2308049,3.236892,3.236892,497025727
2020-04-15,3.2406931,3.3065901,3.1285729,3.129015,3.129015,425648503
2020-04-16,3.1300111,3.515722,3.01899,3.468648,3.468648,599436392
2020-04-17,3.4748311,3.5285449,3.4103971,3.477046,3.477046,431088440
2020-04-18,3.478847,3.8014829,3.4764309,3.7834589,3.7834589,517130842
2020-04-19,3.781354,3.806304,3.5883379,3.637568,3.637568,497819796
2020-04-20,3.63642,3.7820101,3.4319479,3.4583271,3.4583271,511701400
2020-04-21,3.4548171,3.5787539,3.4324999,3.476279,3.476279,386134896
2020-04-22,3.474642,3.6966391,3.4607799,3.6788149,3.6788149,419768838
2020-04-23,3.6801541,3.822026,3.634202,3.7250099,3.7250099,458394827
2020-04-24,3.735023,3.894664,3.7312529,3.804795,3.804795,356971612
2020-04-25,3.804563,3.8878579,3.7777801,3.8030879,3.8030879,326366096
2020-04-26,3.8024111,3.830337,3.6966929,3.716778,3.716778,373262888
2020-04-27,3.7202029,3.74261,3.4960611,3.6418991,3.6418991,418502740
2020-04-28,3.6429951,3.7364061,3.595576,3.6753249,3.6753249,336584772
2020-04-29,3.6787479,3.963845,3.646956,3.906069,3.906069,479767865
2020-04-30,3.907042,3.9627981,3.6808851,3.7204771,3.7204771,469432714
2020-05-01,3.7204771,3.911731,3.7163739,3.7831841,3.7831841,387173588
2020-05-02,3.7818,3.8687911,3.767916,3.8221829,3.8221829,312851882
2020-05-03,3.8237081,3.868793,3.667546,3.7221689,3.7221689,332486849
2020-05-04,3.7209301,3.8254161,3.5401061,3.7679,3.7679,400808105
2020-05-05,3.769419,3.8041611,3.675463,3.6876931,3.6876931,307442156
2020-05-06,3.681987,3.7656491,3.633852,3.6364579,3.6364579,330568230
2020-05-07,3.6380451,3.830076,3.5781,3.7540181,3.7540181,415098619
2020-05-08,3.7550249,3.8613729,3.7058749,3.822109,3.822109,394360542
2020-05-09,3.820745,4.1797342,3.7978051,4.0403209,4.0403209,596770802
2020-05-10,4.0373559,4.0373559,3.6007631,3.7613249,3.7613249,614483574
2020-05-11,3.7632239,3.8228481,3.4096589,3.5850649,3.5850649,465004956
2020-05-12,3.5884149,3.7906339,3.559629,3.692374,3.692374,358470475
2020-05-13,3.6905041,3.8023691,3.66802,3.7604239,3.7604239,319801650
2020-05-14,3.7569821,3.8490081,3.7031319,3.799387,3.799387,376043732
2020-05-15,3.7984769,3.8371921,3.649991,3.6746531,3.6746531,326992724
2020-05-16,3.6731861,3.784997,3.6301539,3.7600949,3.7600949,298753874
2020-05-17,3.7584269,3.838577,3.755367,3.7843289,3.7843289,324792191
2020-05-18,3.784677,3.9418199,3.7822759,3.8853459,3.8853459,384696302
2020-05-19,3.8848059,3.9226589,3.7945011,3.9224761,3.9224761,342003354
2020-05-20,3.922204,4.1227512,3.920516,4.0710492,4.0710492,501477865
2020-05-21,4.0740991,4.1492648,3.767087,3.8477509,3.8477509,475890242
2020-05-22,3.846107,4.1187339,3.8125801,4.070282,4.070282,391293983
2020-05-23,4.0676761,4.0972209,3.9263301,3.955061,3.955061,350387118
2020-05-24,3.9534979,4.022676,3.8358569,3.8363221,3.8363221,338608148
2020-05-25,3.8273499,3.9018741,3.8021691,3.8699329,3.8699329,319542427
2020-05-26,3.8683391,3.880326,3.788166,3.836277,3.836277,294932100
2020-05-27,3.836277,3.919544,3.8164811,3.857703,3.857703,303730714
2020-05-28,3.8578701,4.0358462,3.8404739,4.025351,4.025351,317138604
2020-05-29,4.0284362,4.1072831,3.9589081,3.986594,3.986594,328730888
2020-05-30,3.988127,4.1687489,3.9480951,4.1684489,4.1684489,356995900
2020-05-31,4.1679912,4.259027,4.0636549,4.1299381,4.1299381,378972618
2020-06-01,4.1323018,4.471899,4.1248899,4.3806419,4.3806419,491355312
2020-06-02,4.3787851,4.6065989,4.2152481,4.3868341,4.3868341,447755930
2020-06-03,4.3888831,4.5350261,4.3214588,4.4907289,4.4907289,347465695
2020-06-04,4.4893761,4.5058489,4.3181181,4.4330201,4.4330201,318417019
2020-06-05,4.433311,4.4888248,4.3590851,4.3774371,4.3774371,298753116
2020-06-06,4.3774371,4.412961,4.3263512,4.3426232,4.3426232,270796645
2020-06-07,4.34342,4.4004769,4.2381649,4.3499331,4.3499331,282338155
2020-06-08,4.3497262,4.45783,4.3291578,4.45783,4.45783,283855463
2020-06-09,4.4592428,4.4837322,4.386785,4.4501491,4.4501491,305409412
2020-06-10,4.4507532,4.4513469,4.339416,4.420301,4.420301,294672252
2020-06-11,4.4202099,4.4553099,3.9363101,3.9712119,3.9712119,352495642
2020-06-12,3.976335,4.178535,3.894141,4.0909419,4.0909419,327861604
2020-06-13,4.0913048,4.1246672,4.022387,4.1146531,4.1146531,268974930
2020-06-14,4.1142921,4.1169062,3.955013,3.955013,3.955013,259255316
2020-06-15,3.955013,3.993211,3.679601,3.933903,3.933903,368088618
2020-06-16,3.9327309,4.084105,3.9019489,4.0487142,4.0487142,300222404
2020-06-17,4.0489979,4.1704001,3.995389,4.1636691,4.1636691,319675762
2020-06-18,4.1636691,4.2335248,4.1186738,4.1689801,4.1689801,299551097
2020-06-19,4.166748,4.1881118,4.053865,4.0799618,4.0799618,285917523
2020-06-20,4.0799618,4.2132459,4.0512762,4.1707702,4.1707702,300428191
2020-06-21,4.1725631,4.210526,4.1537709,4.1891499,4.1891499,260111856
2020-06-22,4.1893268,4.4703612,4.185729,4.4679341,4.4679341,354320997
2020-06-23,4.4642682,4.9438429,4.4075208,4.806252,4.806252,524401734
2020-06-24,4.8086901,4.9341559,4.5473061,4.719017,4.719017,477169366
2020-06-25,4.7141871,4.8244309,4.54737,4.8142061,4.8142061,417488409
2020-06-26,4.8110471,4.8605952,4.6624832,4.6808052,4.6808052,366958108
2020-06-27,4.6794691,4.7012048,4.3733501,4.4265518,4.4265518,348981374
2020-06-28,4.4265518,4.6295781,4.3764148,4.5634832,4.5634832,329798147
2020-06-29,4.56778,4.652678,4.4452929,4.6179299,4.6179299,321184231
2020-06-30,4.6147461,4.6685181,4.5540862,4.5691891,4.5691891,287882848
2020-07-01,4.5687962,4.740479,4.530694,4.698256,4.698256,320994716
2020-07-02,4.7092962,4.9126229,4.670608,4.8466182,4.8466182,429438118
2020-07-03,4.8481278,4.907269,4.729423,4.7441669,4.7441669,348151084
2020-07-04,4.7412152,4.849113,4.7223721,4.8045578,4.8045578,312019710
2020-07-05,4.808466,4.8370051,4.6472821,4.7421699,4.7421699,319512653
2020-07-06,4.7421699,5.3853531,4.737432,5.3650532,5.3650532,579868604
2020-07-07,5.3559961,5.8565812,5.3242412,5.7128172,5.7128172,743372951
2020-07-08,5.7139802,6.5130749,5.6333518,6.4757252,6.4757252,942253863
2020-07-09,6.4757252,6.4820662,5.7994351,6.104311,6.104311,726623133
2020-07-10,6.1015539,6.1777258,5.750669,6.1384749,6.1384749,594988189
2020-07-11,6.1380281,6.2406912,6.0026908,6.1196871,6.1196871,434708823
2020-07-12,6.1147361,7.3176742,6.1100831,7.3091831,7.3091831,949141174
2020-07-13,7.3091831,8.3297262,6.9288049,7.182291,7.182291,1478593081
2020-07-14,7.1739421,8.2506447,7.0424552,8.1034651,8.1034651,1180730236
2020-07-15,8.1039791,8.7434874,7.8641152,8.6431227,8.6431227,1162846199
2020-07-16,8.6399298,8.7952404,8.0531588,8.3377056,8.3377056,1096087198
2020-07-17,8.3477707,8.5516129,8.2165718,8.2803926,8.2803926,688997844
2020-07-18,8.274662,8.274662,7.7934499,7.95928,7.95928,733281755
2020-07-19,7.9588699,8.1670294,7.8081932,8.0651903,8.0651903,555719580
2020-07-20,8.0667963,8.1069813,7.24471,7.2729831,7.2729831,674658006
2020-07-21,7.2619448,7.6405721,7.0613942,7.2815771,7.2815771,685213978
2020-07-22,7.2783928,7.5947242,7.092309,7.4669752,7.4669752,641161938
2020-07-23,7.4661689,8.0354986,7.4228501,7.8744769,7.8744769,726843306
2020-07-24,7.8746662,7.8978019,7.4072008,7.4321532,7.4321532,560444025
2020-07-25,7.437192,7.7694921,7.4068141,7.657824,7.657824,567102975
2020-07-26,7.6561918,7.9036808,7.3315611,7.4990048,7.4990048,693139972
2020-07-27,7.4909358,7.494195,6.583508,7.095583,7.095583,921616285
2020-07-28,7.0917578,7.3880291,6.9234238,7.2234602,7.2234602,592707771
2020-07-29,7.223115,7.4681401,7.0309229,7.1160831,7.1160831,577077884
2020-07-30,7.114584,7.5550141,7.04704,7.4169922,7.4169922,605829268
2020-07-31,7.413322,7.8367119,7.413322,7.772912,7.772912,674556974
2020-08-01,7.772912,8.3863688,7.6491399,8.3044586,8.3044586,757545560
2020-08-02,8.308259,8.6761112,7.4748821,8.2717762,8.2717762,1281614849
2020-08-03,8.2715578,9.2025137,8.1781788,9.1647587,9.1647587,944680773
2020-08-04,9.1645079,9.930109,9.0971289,9.8218365,9.8218365,1400412714
2020-08-05,9.832139,9.8515978,9.4190111,9.558774,9.558774,961098081
2020-08-06,9.5540934,10.168722,9.4951115,10.140255,10.140255,930966731
2020-08-07,10.147917,10.188631,9.3968687,10.063365,10.063365,1084341900
2020-08-08,10.079674,13.703143,9.9906712,12.689207,12.689207,2483258217
2020-08-09,12.71109,14.355214,12.130884,13.853205,13.853205,2749237741
2020-08-10,13.843441,13.942332,12.878404,13.441035,13.441035,1965617198
2020-08-11,13.455566,13.495758,12.344608,13.10599,13.10599,1621590153
2020-08-12,13.097778,16.749157,12.679355,16.621544,16.621544,2657494080
2020-08-13,16.642941,18.432138,16.208895,17.326002,17.326002,3691726917
2020-08-14,17.348694,17.786415,16.492123,16.926432,16.926432,1797902764
2020-08-15,16.915672,19.578197,16.616259,19.098751,19.098751,2623596923
2020-08-16,19.112249,19.851822,18.676954,18.804186,18.804186,1672318397
2020-08-17,18.804186,19.601339,16.421677,16.705545,16.705545,1851120442
2020-08-18,16.783691,17.66202,15.181786,16.241375,16.241375,3107415351
2020-08-19,16.21316,17.193844,15.113744,16.239985,16.239985,2269980597
2020-08-20,16.215536,16.728392,15.853573,16.091297,16.091297,1441868241
2020-08-21,16.090399,16.113768,13.168424,13.800856,13.800856,2545002567
2020-08-22,13.834607,16.239309,13.829764,15.960192,15.960192,1966563137
2020-08-23,15.910229,15.964976,14.79793,15.174676,15.174676,1286304278
2020-08-24,15.157313,15.814521,14.794072,15.18336,15.18336,1148602183
2020-08-25,15.134721,15.441283,13.760789,14.216811,14.216811,1396339667
2020-08-26,14.234516,15.594226,14.147561,15.251755,15.251755,1323937547
2020-08-27,15.229187,15.494386,14.145218,14.497711,14.497711,1285283437
2020-08-28,14.501262,15.435062,14.309508,15.156061,15.156061,975535521
2020-08-29,15.167726,16.90587,15.021624,16.567078,16.567078,1982820767
2020-08-30,16.525114,17.656837,16.442019,16.472963,16.472963,1833942061
2020-08-31,16.504047,16.920586,15.708488,15.708488,15.708488,1431004361
2020-09-01,15.674808,16.48307,15.337958,16.121492,16.121492,1602445973
2020-09-02,16.118626,16.389956,14.271827,14.897397,14.897397,1440207730
2020-09-03,14.95832,14.981986,11.679772,12.016678,12.016678,1702199859
2020-09-04,12.011468,12.918801,11.268916,12.492866,12.492866,1796655505
2020-09-05,12.507909,12.767095,9.5224867,10.611472,10.611472,1906501660
2020-09-06,10.611472,13.173912,9.9433126,12.913729,12.913729,1953997882
2020-09-07,12.885663,13.186554,11.417441,12.426577,12.426577,1891052112
2020-09-08,12.444645,12.718876,11.266164,11.785032,11.785032,1393552853
2020-09-09,11.785999,12.62377,11.506571,12.377293,12.377293,1212963346
2020-09-10,12.378381,13.195425,12.30189,12.551313,12.551313,4019748249
2020-09-11,12.551313,12.722272,12.059423,12.501497,12.501497,3397578038
2020-09-12,12.497035,12.770204,12.122137,12.769031,12.769031,3524744647
2020-09-13,12.769031,13.18435,11.84651,11.993546,11.993546,3644243871
2020-09-14,11.974481,12.431246,11.728036,12.119579,12.119579,1249919309
2020-09-15,12.112605,12.214683,10.828807,10.978154,10.978154,1195560378
2020-09-16,10.975418,11.287085,10.565304,10.761816,10.761816,1153746184
2020-09-17,10.755891,11.61064,10.542794,10.98888,10.98888,1259649199
2020-09-18,10.98888,11.15434,9.9014969,10.081642,10.081642,1114418785
2020-09-19,10.06569,10.493405,9.9557037,10.147277,10.147277,873109762
2020-09-20,10.143257,10.582037,9.6041927,9.7681217,9.7681217,951116672
2020-09-21,9.7556496,9.901516,8.6170216,8.7599411,8.7599411,1586349748
2020-09-22,8.7481766,9.0761805,8.6714888,8.764185,8.764185,959332861
2020-09-23,8.7387505,8.8006172,7.4972081,7.7022591,7.7022591,1571651694
2020-09-24,7.6709208,10.348505,7.5636511,9.8174772,9.8174772,2513427425
2020-09-25,9.8462467,11.121984,9.4730301,10.711364,10.711364,2342555820
2020-09-26,10.719187,10.997271,10.071761,10.341659,10.341659,1705834656
2020-09-27,10.334873,10.937078,10.000924,10.76908,10.76908,1452956505
2020-09-28,10.780552,10.998226,10.295669,10.333558,10.333558,1421267282
2020-09-29,10.297882,10.347913,9.499608,10.115016,10.115016,1656880792
2020-09-30,10.130785,10.130785,9.6293983,9.8512096,9.8512096,1235486778
2020-10-01,9.8716259,10.373128,9.4538021,9.6499052,9.6499052,1426296389
2020-10-02,9.6368046,9.7676821,8.8695202,9.2247047,9.2247047,1575691671
2020-10-03,9.2175426,9.5285053,9.1503344,9.304493,9.304493,740099523
2020-10-04,9.31353,9.4494829,9.1796265,9.4049101,9.4049101,733335838
2020-10-05,9.4072151,9.6986303,9.3204079,9.623703,9.623703,1114063226
2020-10-06,9.6273518,9.6300411,8.6798134,8.7792721,8.7792721,1107581245
2020-10-07,8.7760067,9.0114527,8.4653444,8.9578505,8.9578505,1011459545
2020-10-08,8.9917698,9.6200886,8.5121584,9.5088177,9.5088177,1444612730
2020-10-09,9.5239887,10.469217,9.3704739,10.346902,10.346902,1678061807
2020-10-10,10.392462,10.814597,10.391741,10.524793,10.524793,1370779935
2020-10-11,10.51791,10.966937,10.205854,10.847407,10.847407,1339565194
2020-10-12,10.838538,11.747362,10.70842,11.452909,11.452909,1864848583
2020-10-13,11.431759,11.534508,10.722405,10.995448,10.995448,1460104539
2020-10-14,10.992677,11.287189,10.650034,10.949109,10.949109,1280567851
2020-10-15,10.924161,10.924161,10.523789,10.737752,10.737752,1148852514
2020-10-16,10.74808,10.862219,10.319452,10.61955,10.61955,1066918482
2020-10-17,10.606291,10.708,10.462655,10.652524,10.652524,735511418
2020-10-18,10.635856,10.949804,10.570129,10.880713,10.880713,762577602
2020-10-19,10.890693,11.129209,10.642991,10.886283,10.886283,910617050
2020-10-20,10.880168,10.898491,9.8556318,9.8785934,9.8785934,1241598369
2020-10-21,9.8776646,11.05662,9.8727484,10.804607,10.804607,1238425755
2020-10-22,10.79231,12.322984,10.737013,11.939335,11.939335,1543967732
2020-10-23,11.956896,12.244832,11.61132,12.163795,12.163795,1480801396
2020-10-24,12.163812,12.923665,11.989542,12.731548,12.731548,1474195506
2020-10-25,12.731548,12.838443,12.014214,12.160059,12.160059,1292633532
2020-10-26,12.160065,12.429181,11.345296,11.747902,11.747902,1465017714
2020-10-27,11.747894,12.433644,11.539394,11.973837,11.973837,1345673430
2020-10-28,11.973845,12.123709,11.204165,11.461742,11.461742,1236406880
2020-10-29,11.461758,11.774919,11.117265,11.265141,11.265141,1476177870
2020-10-30,11.265158,11.424289,10.785719,11.098557,11.098557,1653652915
2020-10-31,11.098558,11.383408,10.93708,11.220839,11.220839,1447587815
2020-11-01,11.220839,11.566787,11.042797,11.53663,11.53663,1319631443
2020-11-02,11.536584,11.641164,10.78583,10.797579,10.797579,1527825758
2020-11-03,10.797565,10.797565,10.132771,10.387002,10.387002,1696479711
2020-11-04,10.386968,10.626346,9.799592,10.472587,10.472587,1678488769
2020-11-05,10.472635,11.200975,10.114257,10.990669,10.990669,1360783363
2020-11-06,10.990539,12.212725,10.919049,12.118072,12.118072,1475069579
2020-11-07,12.118072,13.376581,11.536381,11.757224,11.757224,2566987251
2020-11-08,11.757224,12.996489,11.527828,12.656035,12.656035,1647580702
2020-11-09,12.656037,12.950492,12.110891,12.520735,12.520735,1644324040
2020-11-10,12.521203,13.24256,12.351695,13.003463,13.003463,1724813657
2020-11-11,13.003452,13.391086,12.794025,12.807538,12.807538,1517819145
2020-11-12,12.807455,13.077661,12.308556,12.423223,12.423223,1400960180
2020-11-13,12.423173,12.990282,12.339468,12.887978,12.887978,1306004087
2020-11-14,12.887978,12.912339,12.390226,12.57696,12.57696,997198275
2020-11-15,12.57696,12.633175,11.843888,12.121813,12.121813,967748061
2020-11-16,12.12181,12.789227,12.032334,12.59079,12.59079,1052161971
2020-11-17,12.804291,13.313879,12.553354,13.244712,13.244712,1527160119
2020-11-18,13.244641,14.197213,12.916037,13.592996,13.592996,2364966937
2020-11-19,13.592888,13.96556,13.066692,13.621882,13.621882,1523595574
2020-11-20,13.621953,14.395321,13.512832,14.078273,14.078273,1733532246
2020-11-21,14.078273,15.398048,13.76817,15.355934,15.355934,2190837254
2020-11-22,15.355934,15.615688,13.914475,14.444801,14.444801,2199639008
2020-11-23,14.444814,15.371365,14.253476,15.270844,15.270844,2108675136
2020-11-24,15.270954,16.247747,15.005792,15.620665,15.620665,2650363423
2020-11-25,15.624323,15.769945,13.93007,14.260965,14.260965,1779310502
2020-11-26,14.255968,14.44614,11.357887,12.575363,12.575363,3181022660
2020-11-27,12.586817,12.947359,12.035582,12.490259,12.490259,1705568925
2020-11-28,12.491617,13.411404,12.387305,13.078346,13.078346,1408628665
2020-11-29,13.08222,13.399352,12.871096,13.372918,13.372918,1244611322
2020-11-30,13.369685,14.383355,13.369685,14.225639,14.225639,1808384178
2020-12-01,14.229063,14.796494,13.245491,13.389535,13.389535,1850007077
2020-12-02,13.390224,14.134461,13.135579,13.987366,13.987366,1369209189
2020-12-03,13.989687,14.187239,13.669067,13.974721,13.974721,1118049762
2020-12-04,13.974773,14.026366,12.614405,12.741245,12.741245,1281415263
2020-12-05,12.739164,13.325498,12.592731,13.173038,13.173038,1048597571
2020-12-06,13.173697,13.515903,12.809526,13.492397,13.492397,1019945503
2020-12-07,13.490457,13.523982,12.908266,13.080949,13.080949,894451650
2020-12-08,13.081626,13.184558,12.027461,12.145714,12.145714,1057784369
2020-12-09,12.143373,12.793544,11.629533,12.63339,12.63339,1305647086
2020-12-10,12.632407,12.649906,11.881067,11.922199,11.922199,911441756
2020-12-11,11.922837,11.937212,11.453552,11.660106,11.660106,1028197389
2020-12-12,11.656648,12.327558,11.64249,12.209157,12.209157,855257539
2020-12-13,12.213312,13.207671,12.051026,12.933703,12.933703,1038194830
2020-12-14,12.935121,12.965326,12.360072,12.827553,12.827553,925077262
2020-12-15,12.830952,12.989904,12.494708,12.705471,12.705471,810207085
2020-12-16,12.703602,13.462574,12.353725,13.451087,13.451087,1223226479
2020-12-17,13.45359,14.440537,13.174435,13.467133,13.467133,1827482311
2020-12-18,13.467931,13.986423,13.21613,13.511193,13.511193,1304911675
2020-12-19,13.509448,13.965013,13.322412,13.492187,13.492187,1149858506
2020-12-20,13.491289,13.737925,12.800018,13.070074,13.070074,1142006160
2020-12-21,13.072018,13.251781,12.166599,12.341995,12.341995,1245762390
2020-12-22,12.336781,12.814679,11.85659,12.793933,12.793933,1298374631
2020-12-23,12.791275,12.848706,8.5091543,10.831312,10.831312,1924391288
2020-12-24,10.870599,11.66371,9.966835,11.575454,11.575454,1894113775
2020-12-25,11.570804,11.862942,11.077666,11.546685,11.546685,1400082282
2020-12-26,11.548478,11.776303,10.67842,10.964874,10.964874,1419511858
2020-12-27,10.963347,13.041566,10.243767,12.129708,12.129708,2199716491
2020-12-28,12.149499,12.89169,12.037069,12.628381,12.628381,1696784037
2020-12-29,12.624724,12.975288,10.8376,11.771125,11.771125,2021247540
2020-12-30,11.767861,11.926013,11.097195,11.253575,11.253575,1497541828
2020-12-31,11.25092,11.722368,10.999017,11.270538,11.270538,1206737630
2021-01-01,11.266762,12.386067,11.118653,11.872555,11.872555,1376173841
2021-01-02,11.87341,12.363891,11.520288,12.220137,12.220137,1562557417
2021-01-03,12.223365,13.977096,11.883654,13.650172,13.650172,2298964833
2021-01-04,13.666396,15.575632,12.597854,13.571063,13.571063,2926793268
2021-01-05,13.569752,14.901027,13.174111,14.539868,14.539868,2435517090
2021-01-06,14.550183,17.2239,14.177452,17.155256,17.155256,3654880010
2021-01-07,17.158686,17.3491,15.225082,16.031967,16.031967,2848054681
2021-01-08,16.019024,16.152416,14.263292,15.288085,15.288085,2749568572
2021-01-09,15.279502,17.904873,15.064794,17.607513,17.607513,2622916177
2021-01-10,17.598928,18.445473,15.61517,16.247431,16.247431,3058197027
2021-01-11,16.246437,16.246437,12.568741,14.556933,14.556933,3428738380
2021-01-12,14.550129,15.44045,13.749821,13.915849,13.915849,2198321176
2021-01-13,13.903969,16.207542,13.42817,15.930091,15.930091,2265358357
2021-01-14,15.927358,17.834269,15.425721,17.82625,17.82625,2758638858
2021-01-15,17.866125,21.186707,17.572054,20.709726,20.709726,6831687993
2021-01-16,20.714909,22.687338,19.720041,20.218397,20.218397,5499569396
2021-01-17,20.218687,23.611105,19.463831,23.166773,23.166773,5027606263
2021-01-18,23.200605,23.527412,21.212948,22.036263,22.036263,3602422029
2021-01-19,22.042206,22.803759,20.581797,20.754093,20.754093,3077697742
2021-01-20,20.721283,21.929914,19.190357,21.846777,21.846777,3432961301
2021-01-21,21.848711,21.936092,18.164528,18.424273,18.424273,3407990168
2021-01-22,18.412506,22.426802,17.384539,21.629498,21.629498,4292258678
2021-01-23,21.610153,25.446161,21.249544,24.761532,24.761532,5098945533
2021-01-24,24.77109,24.868954,23.377249,24.701859,24.701859,3727726940
2021-01-25,24.699432,25.654894,22.738539,23.540121,23.540121,3740983054
2021-01-26,23.521814,23.952463,21.771187,23.025864,23.025864,3117612364
2021-01-27,23.033533,23.11282,20.375662,21.070448,21.070448,3092662315
2021-01-28,21.060852,24.460461,20.628141,23.110903,23.110903,3652814431
2021-01-29,23.30299,24.17988,22.114721,22.773443,22.773443,3788470512
2021-01-30,22.773027,23.949341,22.232777,23.594028,23.594028,2685935167
2021-01-31,23.596188,24.531013,22.171732,22.598434,22.598434,2692563296
2021-02-01,22.595957,23.149662,21.70425,22.839642,22.839642,2422414493
2021-02-02,22.839508,24.114853,22.794804,23.713614,23.713614,2604058586
2021-02-03,23.706806,25.440689,23.570482,25.073034,25.073034,3147392512
2021-02-04,25.075766,25.972017,22.988583,24.498962,24.498962,3344787680
2021-02-05,24.5035,26.899294,24.5035,26.363325,26.363325,3936072394
2021-02-06,26.348999,26.722464,24.468388,25.04933,25.04933,3146238667
2021-02-07,25.049219,25.276237,23.085793,24.790121,24.790121,2772921169
2021-02-08,24.781538,25.941032,24.062546,25.456102,25.456102,3063771708
2021-02-09,25.456987,27.896362,25.004366,27.594215,27.594215,3700778076
2021-02-10,27.592094,28.602453,25.690353,26.859596,26.859596,4118325809
2021-02-11,26.857231,28.445801,26.312553,27.874239,27.874239,3098066261
2021-02-12,27.857929,31.381002,26.828281,30.640739,30.640739,4140041014
2021-02-13,30.647442,34.536858,29.293598,34.101978,34.101978,5124433887
2021-02-14,34.122688,35.580502,32.464588,33.290321,33.290321,4767351611
2021-02-15,33.267944,34.817497,28.309467,32.575897,32.575897,4824452129
2021-02-16,32.528564,33.229397,30.966879,31.97348,31.97348,3794728331
2021-02-17,31.975899,32.587833,30.046858,32.256798,32.256798,3072709794
2021-02-18,32.252441,33.533726,31.896072,32.441494,32.441494,1726602703
2021-02-19,32.455124,35.406982,31.578051,34.71521,34.71521,2518517791
2021-02-20,34.711281,36.828461,32.636414,34.109818,34.109818,3095945276
2021-02-21,34.073208,35.23156,33.42799,34.15274,34.15274,1768919688
2021-02-22,34.150097,34.161667,25.663216,31.530806,31.530806,3577738647
2021-02-23,31.522873,31.549831,21.198072,25.800343,25.800343,5101235733
2021-02-24,25.82765,29.178787,24.645512,28.08672,28.08672,3087989666
2021-02-25,28.073374,28.556829,24.595961,24.668047,24.668047,2016768740
2021-02-26,24.734232,26.948971,23.761681,25.187313,25.187313,170549323809
2021-02-27,25.197746,27.39061,24.906771,26.235098,26.235098,1874410773
2021-02-28,26.233128,26.753889,23.075171,24.663532,24.663532,2019851813
2021-03-01,24.672752,27.6521,24.672752,27.607061,27.607061,2279573087
2021-03-02,27.610775,30.453392,27.212185,28.511183,28.511183,2745094103
2021-03-03,28.507318,31.375931,28.25359,29.990028,29.990028,1999664567
2021-03-04,29.962152,30.525612,27.363001,27.718739,27.718739,1935423706
2021-03-05,27.709379,28.162182,25.732033,27.875414,27.875414,1739847948
2021-03-06,27.85607,28.332922,26.408211,28.165104,28.165104,1130900770
2021-03-07,28.170189,29.017668,27.469318,28.548212,28.548212,1305530074
2021-03-08,28.56278,31.69816,28.381433,31.69816,31.69816,2212810142
2021-03-09,31.703249,31.929762,30.454853,31.499252,31.499252,1630964651
2021-03-10,31.494772,31.74357,29.516371,29.946716,29.946716,1606531493
2021-03-11,29.908989,30.37233,28.725658,30.075174,30.075174,1537882621
2021-03-12,30.084864,30.357813,27.85881,28.461523,28.461523,1435032009
2021-03-13,28.459606,30.534563,27.111362,29.779226,29.779226,1739486182
2021-03-14,29.771164,30.139717,28.603077,28.789425,28.789425,1062176149
2021-03-15,28.770273,29.38475,26.904203,27.491762,27.491762,1557817115
2021-03-16,27.490459,28.137276,26.503933,27.917419,27.917419,1213205843
2021-03-17,27.919167,31.212374,27.428633,31.00976,31.00976,2339727784
2021-03-18,31.000847,31.293095,29.177444,29.504812,29.504812,1427732613
2021-03-19,29.493977,30.52186,28.880751,29.909876,29.909876,1116478173
2021-03-20,29.901402,31.482115,29.676926,29.676926,29.676926,1199973273
2021-03-21,29.680508,30.143036,28.733929,29.272839,29.272839,969809465
2021-03-22,29.278851,29.429117,27.393961,27.398113,27.398113,1083074169
2021-03-23,27.386091,27.994059,26.75918,26.915058,26.915058,1124961035
2021-03-24,26.905611,27.895296,24.261391,25.053885,25.053885,1401912784
2021-03-25,25.025866,26.634075,24.61805,25.696287,25.696287,1351900684
2021-03-26,25.688574,27.458891,25.456322,27.401567,27.401567,1139989327
2021-03-27,27.400238,27.505573,26.082783,26.879543,26.879543,783605885
2021-03-28,26.880783,27.68408,26.231775,26.696995,26.696995,804341769
2021-03-29,26.698057,28.521729,26.479179,28.052568,28.052568,1122700330
2021-03-30,28.05176,28.573359,27.680088,27.904049,27.904049,923736996
2021-03-31,27.903246,29.351137,26.685141,29.351137,29.351137,1419202876
2021-04-01,29.384026,31.190813,29.384026,30.233219,30.233219,1814724171
2021-04-02,30.218601,32.6786,29.728731,32.533249,32.533249,1564647602
2021-04-03,32.53228,33.223904,29.493265,29.534889,29.534889,1713670580
2021-04-04,29.527414,31.589676,29.261475,30.957281,30.957281,1148273070
2021-04-05,30.959606,32.631809,30.010635,32.396656,32.396656,1463086928
2021-04-06,32.421635,34.952614,31.395437,34.797878,34.797878,2839348208
2021-04-07,34.791061,35.112812,30.289154,31.175184,31.175184,2513971688
2021-04-08,31.200308,32.867687,31.049114,32.7449,32.7449,1227213106
2021-04-09,32.743259,33.280163,31.297255,31.632467,31.632467,1021522189
2021-04-10,31.628187,33.033737,31.054617,31.899261,31.899261,1054977271
2021-04-11,31.905027,34.423832,31.768351,33.919182,33.919182,1365984051
2021-04-12,33.944595,34.156017,31.936512,33.105427,33.105427,1169762437
2021-04-13,33.086727,35.873318,32.434258,35.456635,35.456635,1775182127
2021-04-14,35.492863,42.028606,35.124142,41.42371,41.42371,3821675577
2021-04-15,41.343018,44.400566,39.807831,42.753162,42.753162,3655212066
2021-04-16,42.61618,43.188801,38.755375,42.101555,42.101555,3017897774
2021-04-17,42.082703,44.068386,40.313541,40.372066,40.372066,2183873341
2021-04-18,40.403812,40.753445,30.279163,39.06591,39.06591,4447232523
2021-04-19,39.118294,41.922482,34.962402,35.879383,35.879383,3408804481
2021-04-20,35.712509,39.308163,33.388206,38.950634,38.950634,3207615683
2021-04-21,38.997623,39.450905,35.978542,36.436359,36.436359,2055648964
2021-04-22,36.269825,40.740356,33.948368,35.233406,35.233406,3244017655
2021-04-23,35.202728,35.904381,30.316687,35.058479,35.058479,3600828195
2021-04-24,35.14756,35.264618,31.059839,31.125198,31.125198,1642552575
2021-04-25,31.219704,33.400841,30.012566,31.540621,31.540621,1348819867
2021-04-26,31.661457,35.259735,31.416042,35.135986,35.135986,1676434079
2021-04-27,35.137051,37.601021,34.519119,36.808067,36.808067,1599200378
2021-04-28,36.789501,37.754398,34.979305,36.220837,36.220837,1471169508
2021-04-29,36.243481,37.357803,35.060619,36.445019,36.445019,1371222859
2021-04-30,36.453426,38.74305,35.850388,38.128506,38.128506,1478967959
2021-05-01,38.124157,41.208912,37.591599,41.116261,41.116261,1635368353
2021-05-02,41.235203,41.421841,38.742432,39.504856,39.504856,1469982885
2021-05-03,39.47295,42.67223,39.288319,42.059807,42.059807,1842337157
2021-05-04,42.053818,48.522003,38.964466,45.686138,45.686138,5428570251
2021-05-05,45.509521,51.173195,44.953472,49.429295,49.429295,4918560956
2021-05-06,49.546524,49.776718,45.559284,47.127403,47.127403,2972637925
2021-05-07,47.138626,51.911564,45.773697,49.311199,49.311199,3471006689
2021-05-08,49.158051,50.223625,46.729218,48.608906,48.608906,2167384860
2021-05-09,48.620213,52.34251,46.255371,52.198696,52.198696,3032923002
2021-05-10,52.247688,52.876087,41.219528,46.468697,46.468697,3626979218
2021-05-11,46.315533,48.827301,44.698757,48.754765,48.754765,2581226882
2021-05-12,48.840717,49.789948,41.03371,41.03371,41.03371,2464290551
2021-05-13,41.675198,44.919903,39.617897,43.089832,43.089832,3419085326
2021-05-14,43.232296,47.722412,42.984787,46.546902,46.546902,2249865292
2021-05-15,46.547932,47.791073,41.100246,41.498314,41.498314,2721945963
2021-05-16,41.424679,44.614105,37.962086,40.737148,40.737148,2323419857
2021-05-17,40.695702,40.695702,35.244755,37.194439,37.194439,2528181082
2021-05-18,37.102032,44.686508,36.796474,42.545315,42.545315,2918047922
2021-05-19,42.637829,43.502365,21.267706,26.70196,26.70196,5200872150
2021-05-20,26.327194,33.005283,22.650379,30.781229,30.781229,3689669181
2021-05-21,30.683167,31.991604,22.121494,25.577578,25.577578,2821780834
2021-05-22,25.604004,26.211683,22.397274,23.292158,23.292158,2086100617
2021-05-23,23.325203,24.390322,15.088673,20.008373,20.008373,3660888535
2021-05-24,19.874529,26.424175,19.792852,26.362959,26.362959,3012097212
2021-05-25,26.370483,27.629839,23.782351,27.629839,27.629839,2430723622
2021-05-26,27.547812,34.203735,26.897709,33.984875,33.984875,3238551222
2021-05-27,33.978294,35.344086,30.160318,31.514713,31.514713,3009160091
2021-05-28,31.657593,32.170086,26.944206,27.951693,27.951693,3119953263
2021-05-29,27.91116,29.605017,24.15773,25.39864,25.39864,2160750314
2021-05-30,25.363482,29.059591,23.835342,26.869602,26.869602,2131449890
2021-05-31,26.83411,32.088585,25.611696,32.088585,32.088585,2610739303
2021-06-01,32.116852,32.628273,29.16427,30.699013,30.699013,1987644783
2021-06-02,30.720299,32.113537,29.69301,30.656301,30.656301,1436895951
2021-06-03,30.692738,32.868458,30.132158,32.190559,32.190559,1438073374
2021-06-04,32.204102,32.204102,27.32081,28.875753,28.875753,2066403597
2021-06-05,28.851757,30.152372,26.117586,27.126797,27.126797,1471383889
2021-06-06,27.132959,28.137695,26.849649,27.551577,27.551577,844390913
2021-06-07,27.544827,28.694122,24.337969,24.52721,24.52721,1350784356
2021-06-08,24.59314,25.094419,21.449362,24.174898,24.174898,1934263191
2021-06-09,24.106907,25.639242,22.518564,25.569342,25.569342,1648653604
2021-06-10,25.589344,25.743193,22.810511,23.100679,23.100679,1193159733
2021-06-11,23.1192,23.367527,21.038067,21.478968,21.478968,1088965649
2021-06-12,21.482792,22.293997,20.050198,21.686546,21.686546,1247246126
2021-06-13,21.697639,23.850052,20.460571,23.337601,23.337601,1327698302
2021-06-14,23.317707,25.208834,22.933525,23.860899,23.860899,1329108017
2021-06-15,25.468372,26.435877,24.464281,26.084227,26.084227,1606249957
2021-06-16,24.504099,24.633604,22.925234,23.015078,23.015078,1151075162
2021-06-17,23.034704,24.433029,22.860382,23.356791,23.356791,863470684
2021-06-18,23.391653,23.394974,20.616882,21.211151,21.211151,1115868666
2021-06-19,21.249214,21.941313,20.293961,20.423983,20.423983,800704738
2021-06-20,20.325836,22.059296,19.147449,21.735416,21.735416,1081292352
2021-06-21,21.66713,21.849558,17.014158,17.424097,17.424097,1950854619
2021-06-22,17.384541,18.756935,15.032353,16.806492,16.806492,2148014388
2021-06-23,16.840994,19.147215,16.207232,18.387203,18.387203,1526785668
2021-06-24,18.391554,19.504133,17.385279,19.037357,19.037357,905107228
2021-06-25,19.051491,19.472569,16.835096,16.930967,16.930967,1099374748
2021-06-26,16.897558,17.485468,15.957306,16.955221,16.955221,956999857
2021-06-27,16.969868,18.367485,16.62808,18.344139,18.344139,805522371
2021-06-28,18.381657,19.406273,17.931026,18.773989,18.773989,925374430
2021-06-29,18.811012,20.533749,18.764088,19.460011,19.460011,957886998
2021-06-30,19.523729,19.762562,18.179699,19.497236,19.497236,941628359
2021-07-01,19.498968,19.498968,17.644156,18.273293,18.273293,779093195
2021-07-02,18.220669,18.520256,17.305502,18.283562,18.283562,686541946
2021-07-03,18.285458,18.886003,17.898075,18.538818,18.538818,509076297
2021-07-04,18.548805,19.894503,18.028957,19.262838,19.262838,680268075
2021-07-05,19.246891,19.246891,17.814753,18.37159,18.37159,698619085
2021-07-06,18.351877,20.240997,18.351877,20.080465,20.080465,1156986405
2021-07-07,20.091469,21.227631,19.643406,19.764128,19.764128,1110848445
2021-07-08,19.808905,19.867691,18.166824,18.42205,18.42205,1058203545
2021-07-09,18.360317,18.858639,17.637695,18.630384,18.630384,816330237
2021-07-10,18.651854,18.959398,17.781704,18.207788,18.207788,661114024
2021-07-11,18.205702,18.573086,17.883036,18.363968,18.363968,497212243
2021-07-12,18.365906,18.599476,17.165829,17.550354,17.550354,594714863
2021-07-13,17.535229,17.760448,16.694176,16.866161,16.866161,538263708
2021-07-14,16.869373,17.406914,16.039547,16.945683,16.945683,681837334
2021-07-15,16.938698,17.225023,15.543467,15.681652,15.681652,740493636
2021-07-16,15.746853,16.321999,15.170617,15.262865,15.262865,680392108
2021-07-17,15.242046,15.638663,15.049382,15.360056,15.360056,677124647
2021-07-18,15.363485,16.057232,15.197691,15.502412,15.502412,574546105
2021-07-19,15.486979,15.598389,14.432014,14.509062,14.509062,670510020
2021-07-20,14.530746,14.746978,13.422879,13.775897,13.775897,800914402
2021-07-21,13.747907,15.767757,13.474335,15.268477,15.268477,918763868
2021-07-22,15.290893,16.144623,15.006348,16.085718,16.085718,754697839
2021-07-23,16.08935,16.563309,15.266669,16.511562,16.511562,681005827
2021-07-24,16.50045,17.133997,16.34429,16.705832,16.705832,727986313
2021-07-25,16.698149,17.052612,16.188705,16.759659,16.759659,662123046
2021-07-26,16.758341,19.947823,16.689613,18.089653,18.089653,1715187654
2021-07-27,18.050863,19.582033,17.625607,19.499634,19.499634,1093556431
2021-07-28,19.522665,19.986303,18.644123,19.030273,19.030273,1052448400
2021-07-29,19.081388,19.459217,18.638521,19.34585,19.34585,683047916
2021-07-30,19.37767,22.649574,18.872715,22.315962,22.315962,1784301053
2021-07-31,22.264618,23.331911,21.286201,22.753702,22.753702,1206821084
2021-08-01,22.679585,23.919107,21.833097,22.126839,22.126839,1289766472
2021-08-02,22.087084,23.955133,21.42211,23.480349,23.480349,1205839586
2021-08-03,23.493397,24.356684,22.158319,23.875957,23.875957,1505866474
2021-08-04,23.944519,24.970987,22.904833,24.188875,24.188875,1301126744
2021-08-05,24.195911,24.331345,22.562771,24.050495,24.050495,1221315372
2021-08-06,24.061424,24.366409,23.106556,23.859335,23.859335,1229062846
2021-08-07,23.884678,25.099089,23.643023,24.631653,24.631653,1160693889
2021-08-08,24.684465,24.905964,22.609875,23.045609,23.045609,1001659430
2021-08-09,23.042398,24.660282,22.093863,24.287247,24.287247,1065311842
2021-08-10,24.223101,25.477703,23.787743,24.566286,24.566286,1130326992
2021-08-11,24.546949,27.318159,24.46962,25.946539,25.946539,1497841555
2021-08-12,25.941807,26.886778,24.146345,24.917234,24.917234,1230756534
2021-08-13,24.972097,27.758904,24.734995,27.733137,27.733137,1144930390
2021-08-14,27.740587,27.932211,26.502995,27.155422,27.155422,1130955982
2021-08-15,27.160843,27.974796,25.950136,27.904013,27.904013,1030808400
2021-08-16,27.918774,30.479885,27.702209,28.084339,28.084339,1983160447
2021-08-17,27.96682,30.259874,25.954618,26.158136,26.158136,1914250031
2021-08-18,26.151649,26.890163,25.005726,25.512896,25.512896,1595189412
2021-08-19,25.371937,27.064817,24.534897,27.06476,27.06476,1598899266
2021-08-20,27.060467,28.979713,26.707174,28.701841,28.701841,1751490161
2021-08-21,28.700586,29.15737,27.672607,27.861591,27.861591,1455243796
2021-08-22,27.865553,28.643654,26.903683,28.022818,28.022818,1408718304
2021-08-23,28.010876,29.300949,27.831139,28.554102,28.554102,1598569817
2021-08-24,28.595062,28.922617,25.740349,25.752197,25.752197,1613899032
2021-08-25,25.758293,26.844498,25.383457,26.520479,26.520479,1415094740
2021-08-26,26.62656,26.936556,24.040709,24.426327,24.426327,1311934435
2021-08-27,24.417002,26.121941,24.032558,26.018299,26.018299,1210853844
2021-08-28,26.056414,26.184975,25.398354,25.72909,25.72909,723391379
2021-08-29,25.74,26.570942,25.215033,25.813662,25.813662,806571295
2021-08-30,25.804899,26.493799,24.414665,24.980934,24.980934,1007561616
2021-08-31,25.025078,27.482952,24.739326,26.750708,26.750708,1589683012
2021-09-01,26.738432,29.735182,26.132544,29.735182,29.735182,1847068364
2021-09-02,29.754448,30.867119,28.786728,29.985245,29.985245,1639033323
2021-09-03,29.970032,31.674488,29.06896,30.784266,30.784266,1643428629
2021-09-04,30.755642,31.171709,29.473406,29.897823,29.897823,1159289898
2021-09-05,29.901953,33.503429,29.580906,33.503429,33.503429,1590082788
2021-09-06,33.557442,36.278076,32.819164,34.784859,34.784859,2570028656
2021-09-07,34.804367,35.337555,24.154762,28.11425,28.11425,4040870040
2021-09-08,28.137459,29.146536,25.2773,27.151009,27.151009,2585516285
2021-09-09,26.64719,30.077606,26.527493,27.978628,27.978628,2031066692
2021-09-10,27.998068,29.514618,25.736425,26.387524,26.387524,1946136767
2021-09-11,26.370699,27.651585,26.31904,27.041149,27.041149,1166180450
2021-09-12,27.039568,29.692263,26.435869,29.379244,29.379244,1462168959
2021-09-13,29.458279,29.899315,25.265755,26.918482,26.918482,2255860309
2021-09-14,26.963564,30.746164,26.780527,30.746164,30.746164,2022844880
2021-09-15,30.823067,31.436686,29.685476,30.7796,30.7796,1966187057
2021-09-16,30.688686,32.082504,29.090736,29.826551,29.826551,1803464603
2021-09-17,29.819483,30.111341,27.423178,27.694597,27.694597,1433695398
2021-09-18,27.695265,29.447355,27.415915,28.390577,28.390577,1042938776
2021-09-19,28.371956,28.732502,26.981167,27.395748,27.395748,879401513
2021-09-20,27.417053,27.423998,23.167374,23.431099,23.431099,1886071779
2021-09-21,23.561632,24.334465,20.981634,21.432621,21.432621,1778536991
2021-09-22,21.403839,24.494505,21.060865,24.493073,24.493073,1389451521
2021-09-23,24.474554,25.48967,23.434124,25.453983,25.453983,1217369814
2021-09-24,25.434427,25.505033,21.47966,23.280739,23.280739,1642781332
2021-09-25,23.271824,24.722418,22.115114,24.523661,24.523661,1343113784
2021-09-26,24.542103,25.388987,22.432241,24.602156,24.602156,1923140692
2021-09-27,24.65818,25.437405,23.005184,23.066298,23.066298,1068472473
2021-09-28,23.029099,23.74106,22.024334,22.1019,22.1019,1022623443
2021-09-29,22.128996,23.88891,22.043354,22.880529,22.880529,1000762987
2021-09-30,22.879948,24.383442,22.734821,23.986349,23.986349,957760691
2021-10-01,24.005281,26.617813,23.614092,26.29744,26.29744,1269326500
2021-10-02,26.317596,27.800234,25.854906,26.946743,26.946743,1069727997
2021-10-03,26.923655,28.150778,26.556833,27.55904,27.55904,962924866
2021-10-04,27.567171,27.651257,25.703037,26.559357,26.559357,1000028043
2021-10-05,26.597141,27.452246,26.296202,27.242628,27.242628,923894408
2021-10-06,27.242439,28.157341,25.267496,26.837267,26.837267,1266748826
2021-10-07,26.805044,27.649626,25.940744,26.834036,26.834036,1161243659
2021-10-08,26.824757,27.43194,26.201254,26.400961,26.400961,907071603
2021-10-09,26.355734,27.823101,26.131357,27.417076,27.417076,901974700
2021-10-10,27.433397,27.446884,25.522945,25.648935,25.648935,766870491
2021-10-11,25.594345,26.723255,24.675758,25.258816,25.258816,857342207
2021-10-12,25.251425,25.252468,23.568867,24.623648,24.623648,1034956366
2021-10-13,24.643555,25.61175,24.212311,25.61175,25.61175,1072082751
2021-10-14,25.640514,27.799879,25.424726,26.647486,26.647486,1375952551
2021-10-15,26.721535,27.338594,26.028906,26.944546,26.944546,1233296734
2021-10-16,26.982397,28.598087,26.955416,27.228479,27.228479,1125841874
2021-10-17,27.217609,27.595676,25.669571,26.540886,26.540886,780641105
2021-10-18,26.55028,26.732147,25.298382,25.704576,25.704576,774571489
2021-10-19,25.722418,26.255934,25.405819,25.936241,25.936241,688010725
2021-10-20,25.927059,27.626245,25.885157,27.419165,27.419165,1188806763
2021-10-21,27.474989,29.202021,27.32406,28.268347,28.268347,1635486783
2021-10-22,28.27751,29.999346,28.167055,28.661047,28.661047,1363344487
2021-10-23,28.661627,31.459808,28.350712,31.459808,31.459808,1452562680
2021-10-24,31.439425,31.535463,28.762533,29.770857,29.770857,1032101965
2021-10-25,29.720873,32.902344,29.542158,32.46011,32.46011,1527370027
2021-10-26,32.371098,33.785301,31.34705,32.503048,32.503048,1466770168
2021-10-27,32.530815,33.897488,28.086035,28.885674,28.885674,2193969162
2021-10-28,28.874521,30.833912,28.727592,30.227047,30.227047,1545343088
2021-10-29,30.219076,31.951368,30.0124,30.934832,30.934832,1182578925
2021-10-30,30.915524,31.101637,29.313494,29.78167,29.78167,838279040
2021-10-31,29.794224,30.590328,28.763056,29.985006,29.985006,879077591
2021-11-01,30.002562,31.871412,29.208277,31.565237,31.565237,1143381018
2021-11-02,31.68504,32.496296,31.043903,32.265533,32.265533,1026698067
2021-11-03,32.265514,32.791611,30.673016,31.990866,31.990866,1115161872
2021-11-04,31.971289,32.101528,30.289692,31.020929,31.020929,896897821
2021-11-05,31.027643,33.696304,30.72506,32.917904,32.917904,1516148850
2021-11-06,32.927689,33.22044,30.807951,32.083439,32.083439,1023488282
2021-11-07,32.089062,32.617439,31.776606,32.349564,32.349564,703297413
2021-11-08,32.359753,34.807415,32.265469,34.477592,34.477592,1362690316
2021-11-09,34.467712,35.62146,33.556553,33.859272,33.859272,1325328702
2021-11-10,33.823051,38.161388,32.112446,34.342705,34.342705,2719351718
2021-11-11,34.339916,36.934437,33.499947,34.83717,34.83717,1920816252
2021-11-12,34.750072,35.454662,32.753254,34.265522,34.265522,1492228342
2021-11-13,34.28479,34.561329,33.216629,34.064831,34.064831,789581582
2021-11-14,34.034256,34.415771,32.559731,33.776585,33.776585,693178394
2021-11-15,33.764931,34.509892,32.010754,32.010754,32.010754,828524194
2021-11-16,32.103382,32.103382,28.17725,29.225008,29.225008,1712138414
2021-11-17,29.209864,29.715818,28.164402,29.193048,29.193048,1087871482
2021-11-18,29.200418,29.692797,25.956339,26.525694,26.525694,1164181259
2021-11-19,26.525698,28.853197,26.155598,28.291117,28.291117,962308251
2021-11-20,28.297514,28.743015,27.272718,28.334068,28.334068,796198889
2021-11-21,28.370464,29.285931,27.732172,29.036161,29.036161,788167849
2021-11-22,29.065605,29.099524,26.350962,26.758991,26.758991,910918972
2021-11-23,26.785952,27.5495,26.257051,26.933676,26.933676,856504533
2021-11-24,26.958748,27.169527,25.204622,26.259172,26.259172,839707098
2021-11-25,25.606113,27.559692,25.382614,26.185106,26.185106,920707661
2021-11-26,26.390375,26.571201,23.216972,23.856281,23.856281,1451397540
2021-11-27,23.946802,24.969473,23.832781,24.114759,24.114759,757714824
2021-11-28,24.138754,24.896841,22.923445,24.82391,24.82391,836676572
2021-11-29,24.848845,25.515333,24.615105,25.017925,25.017925,772950069
2021-11-30,25.012087,26.508656,24.225584,25.341774,25.341774,1001383387
2021-12-01,25.291471,26.920416,25.024315,25.356211,25.356211,918605444
2021-12-02,25.365177,25.365177,24.264011,24.537094,24.537094,754628307
2021-12-03,24.566986,25.880491,22.693796,23.291527,23.291527,1012128906
2021-12-04,23.382212,23.382212,15.549089,20.667728,20.667728,2372072138
2021-12-05,20.666725,20.948782,18.529469,19.477322,19.477322,1199283300
2021-12-06,19.49769,19.926729,17.267677,19.884268,19.884268,1255772873
2021-12-07,19.882868,21.158838,19.753881,21.091574,21.091574,1154171652
2021-12-08,21.09199,23.102158,20.822536,22.886017,22.886017,1746207071
2021-12-09,22.843756,23.053564,20.291046,20.306026,20.306026,1282728787
2021-12-10,20.299955,20.884544,18.51622,18.583904,18.583904,1073605294
2021-12-11,18.590837,20.168121,18.261465,19.94931,19.94931,843949544
2021-12-12,19.945532,20.823475,19.278799,20.456585,20.456585,580366114
2021-12-13,20.457445,20.55698,17.35124,17.775459,17.775459,906680239
2021-12-14,17.787418,18.573771,17.531542,17.587616,17.587616,847438318
2021-12-15,18.462227,19.918026,17.320511,19.714485,19.714485,1012068389
2021-12-16,19.695005,20.310326,18.702339,18.786173,18.786173,730580557
2021-12-17,18.762316,19.202303,17.79973,18.291275,18.291275,764761467
2021-12-18,18.292774,19.962374,17.85183,19.518829,19.518829,828823192
2021-12-19,19.545086,20.329245,18.832582,18.852444,18.852444,711425525
2021-12-20,18.874701,19.201929,18.059168,18.747501,18.747501,695392844
2021-12-21,18.757227,19.666597,18.395166,19.454205,19.454205,591612598
2021-12-22,19.4389,20.804752,19.261858,19.91474,19.91474,711364881
2021-12-23,19.932184,22.218739,19.617338,22.14197,22.14197,1116286218
2021-12-24,22.162642,22.648619,21.250202,21.473009,21.473009,871649697
2021-12-25,21.491171,22.409004,21.374285,22.120226,22.120226,579575331
2021-12-26,22.111786,23.507706,21.147614,23.009712,23.009712,1131619033
2021-12-27,22.988583,24.459209,22.780273,22.982037,22.982037,1140446209
2021-12-28,23.01391,23.01391,20.383493,20.391455,20.391455,1400462512
2021-12-29,20.397627,20.961029,19.574673,19.702854,19.702854,1191442199
2021-12-30,19.748915,20.418772,19.192333,19.970343,19.970343,940227826
2021-12-31,19.962461,20.560415,19.136856,19.592325,19.592325,924042396
2022-01-01,19.593613,20.668949,19.574095,20.665089,20.665089,673457576
2022-01-02,20.666178,22.129002,20.615719,21.83189,21.83189,991669491
2022-01-03,21.832073,23.609921,21.346865,23.573906,23.573906,1570395059
2022-01-04,23.593025,24.387877,22.903563,23.525866,23.525866,1880544655
2022-01-05,23.525679,27.287588,22.831673,25.447802,25.447802,4041232729
2022-01-06,25.436605,25.919743,23.545397,25.377213,25.377213,3194740641
2022-01-07,25.37332,27.132687,22.907932,25.96064,25.96064,3714503464
2022-01-08,25.962074,27.17717,23.810572,25.4748,25.4748,2828318535
2022-01-09,25.47578,28.511189,25.29501,27.566217,27.566217,3305192981
2022-01-10,27.56212,28.380724,25.351891,27.883266,27.883266,3384889431
2022-01-11,27.890471,28.570936,26.021933,26.69095,26.69095,2522063090
2022-01-12,26.688265,27.131823,25.771572,26.777945,26.777945,1991680592
2022-01-13,26.778233,26.778233,24.570559,24.872852,24.872852,1559977351
2022-01-14,24.874754,25.821068,24.049263,25.781769,25.781769,1319205919
2022-01-15,25.774881,26.140711,25.240879,25.252832,25.252832,968706044
2022-01-16,25.250362,26.266251,24.875008,25.553156,25.553156,955673115
2022-01-17,25.553204,25.59819,23.436007,23.841059,23.841059,942248766
2022-01-18,23.839619,24.289301,22.173592,23.003719,23.003719,992141256
2022-01-19,23.003881,23.109703,21.344975,21.653994,21.653994,1017408544
2022-01-20,21.653717,22.890766,20.195139,20.195139,20.195139,712920312
2022-01-21,20.206177,20.443947,17.341782,17.426189,17.426189,1701511646
2022-01-22,17.433748,17.749224,14.593436,15.827586,15.827586,1835315578
2022-01-23,15.835529,16.744186,15.289765,16.565233,16.565233,1291236126
2022-01-24,16.574759,16.601948,13.620352,15.584162,15.584162,1683893370
2022-01-25,15.58438,15.99153,14.691471,15.527325,15.527325,1111524593
2022-01-26,15.523803,16.635277,14.827955,15.270565,15.270565,1232890805
2022-01-27,15.267907,15.635826,14.42387,15.180518,15.180518,940104102
2022-01-28,15.176893,16.211302,14.801682,16.123285,16.123285,836710758
2022-01-29,16.12401,16.639624,16.009415,16.205904,16.205904,636807816
2022-01-30,16.209232,17.999836,16.105597,17.768534,17.768534,1053942921
2022-01-31,17.770357,17.790382,16.627329,17.240427,17.240427,1092970484
2022-02-01,17.238232,17.787558,16.922941,17.024292,17.024292,867224795
2022-02-02,17.02289,17.326164,15.727915,15.819188,15.819188,688131680
2022-02-03,15.812665,16.24329,15.368828,16.17811,16.17811,703499783
2022-02-04,16.176838,17.44544,16.054846,17.44544,17.44544,794900304
2022-02-05,17.451298,18.258083,17.451298,17.802694,17.802694,751330475
2022-02-06,17.803047,18.117868,17.329903,18.039454,18.039454,524933401
2022-02-07,18.042583,19.323885,17.746798,18.876795,18.876795,965971035
2022-02-08,18.883322,19.476023,17.821301,18.426355,18.426355,967552188
2022-02-09,18.418547,18.731529,17.863407,18.642735,18.642735,595027111
2022-02-10,18.64422,18.736427,17.485495,17.525623,17.525623,908391839
2022-02-11,17.526592,17.796589,16.019604,16.18428,16.18428,763347982
2022-02-12,16.18482,16.357929,15.655256,15.95139,15.95139,626686625
2022-02-13,15.951071,16.301216,15.616374,15.735866,15.735866,452404673
2022-02-14,15.725198,16.074268,15.285944,15.939896,15.939896,591985333
2022-02-15,15.938549,17.36241,15.854302,17.31986,17.31986,664037510
2022-02-16,17.3221,17.351982,16.582588,17.174133,17.174133,611453253
2022-02-17,17.1632,17.412432,15.55522,15.572245,15.572245,728506249
2022-02-18,15.580163,16.01379,15.136362,15.232381,15.232381,606968424
2022-02-19,15.229277,15.602683,14.89521,15.521563,15.521563,481658064
2022-02-20,15.52175,15.52175,14.491628,14.649103,14.649103,563513095
2022-02-21,14.649111,15.265116,13.514197,13.538115,13.538115,891469435
2022-02-22,13.531328,14.136851,13.180579,14.02696,14.02696,787190111
2022-02-23,14.026343,14.582829,13.407191,13.407191,13.407191,689391650
2022-02-24,13.402457,13.754167,11.496587,13.267228,13.267228,1610374417
2022-02-25,13.268253,14.455963,13.161279,14.338566,14.338566,895644068
2022-02-26,14.338097,14.892527,14.193047,14.69032,14.69032,720663937
2022-02-27,14.688767,14.817864,13.569325,13.654266,13.654266,771250377
2022-02-28,13.653063,15.11647,13.430254,15.11647,15.11647,847661301
2022-03-01,15.117332,15.687609,14.84628,15.334708,15.334708,879579688
2022-03-02,15.33535,15.812703,15.012808,15.294949,15.294949,882202397
2022-03-03,15.295241,15.335023,14.550545,14.897106,14.897106,645474814
2022-03-04,14.898263,14.928227,13.645633,13.714876,13.714876,741956068
2022-03-05,13.718466,14.227137,13.502817,14.022286,14.022286,435915276
2022-03-06,14.023051,14.094638,13.333985,13.338135,13.338135,470032067
2022-03-07,13.338631,13.616474,12.513528,12.712721,12.712721,832604165
2022-03-08,12.712454,13.512709,12.656607,13.077511,13.077511,783095581
2022-03-09,13.080608,14.358393,13.080608,14.015894,14.015894,835748199
2022-03-10,14.01479,14.079369,13.053837,13.195725,13.195725,681196682
2022-03-11,13.196276,13.582839,12.888591,13.078199,13.078199,602728183
2022-03-12,13.077938,13.427348,13.071297,13.186159,13.186159,413115366
2022-03-13,13.181357,13.397594,12.663951,12.740458,12.740458,394434361
2022-03-14,12.739392,13.401471,12.659349,13.401471,13.401471,597073217
2022-03-15,13.40063,13.753413,12.920026,13.714278,13.714278,532677812
2022-03-16,13.713659,14.70619,13.694427,14.6964,14.6964,885932966
2022-03-17,14.693654,14.872303,14.287014,14.421711,14.421711,634934271
2022-03-18,14.421185,15.218111,14.158987,15.028581,15.028581,680727320
2022-03-19,15.028049,15.370284,14.885062,14.975159,14.975159,572066741
2022-03-20,14.978293,15.087617,14.481601,14.552144,14.552144,489257880
2022-03-21,14.550983,15.218418,14.368826,15.007803,15.007803,601520896
2022-03-22,15.006115,15.810006,14.99416,15.450861,15.450861,723788130
2022-03-23,15.451192,15.887229,15.188298,15.800262,15.800262,623032500
2022-03-24,15.801206,16.371799,15.633797,16.171621,16.171621,780438729
2022-03-25,16.172356,16.420242,15.530819,15.584914,15.584914,642184816
2022-03-26,15.585329,15.897739,15.559443,15.821914,15.821914,419682097
2022-03-27,15.823988,16.849527,15.710042,16.849527,16.849527,608420929
2022-03-28,16.85078,17.309916,16.506224,16.517033,16.517033,816293962
2022-03-29,16.511608,17.448582,16.511608,16.973129,16.973129,721999818
2022-03-30,16.973043,17.512369,16.616619,17.209745,17.209745,764422646
2022-03-31,17.209389,17.988102,16.730558,16.910994,16.910994,843648119
2022-04-01,16.914248,17.336304,16.278378,17.312368,17.312368,716106148
2022-04-02,17.311157,17.831133,17.170977,17.403168,17.403168,640737307
2022-04-03,17.402096,18.289656,17.221838,18.094217,18.094217,665179387
2022-04-04,18.091961,18.091961,16.913376,17.47464,17.47464,687241648
2022-04-05,17.477863,17.60994,16.76965,16.773735,16.773735,491996331
2022-04-06,16.772917,16.772917,15.409919,15.427791,15.427791,666421951
2022-04-07,15.429636,15.84458,15.242517,15.7753,15.7753,445062988
2022-04-08,15.77375,15.88359,15.090307,15.135032,15.135032,405554238
2022-04-09,15.133759,15.436914,15.133759,15.433226,15.433226,312899051
2022-04-10,15.432968,15.906199,15.278209,15.348768,15.348768,340463381
2022-04-11,15.340743,15.340743,13.62722,13.75277,13.75277,581315504
2022-04-12,13.755032,14.300198,13.698603,13.973591,13.973591,471710040
2022-04-13,13.973138,14.183898,13.737626,14.183898,14.183898,427438366
2022-04-14,14.182946,14.303466,13.416516,13.646021,13.646021,520413124
2022-04-15,13.646552,14.165398,13.646552,14.120528,14.120528,367068072
2022-04-16,14.11891,14.220607,13.897253,14.150531,14.150531,293542335
2022-04-17,14.149578,14.58938,13.728516,13.764988,13.764988,419449837
2022-04-18,13.765726,14.040467,13.205088,14.037702,14.037702,610500553
2022-04-19,14.038283,14.375018,13.866734,14.258342,14.258342,436675774
2022-04-20,14.25733,14.465887,13.768112,14.024039,14.024039,497690985
2022-04-21,14.022598,14.346668,13.472289,13.588746,13.588746,503314643
2022-04-22,13.587431,13.852832,13.506432,13.609354,13.609354,464995123
2022-04-23,13.609134,13.643617,13.328945,13.343726,13.343726,322384215
2022-04-24,13.341961,13.608301,13.275181,13.287423,13.287423,299368814
2022-04-25,13.287835,13.487024,12.576232,13.458693,13.458693,506454272
2022-04-26,13.456978,13.476839,12.267725,12.354577,12.354577,423158564
2022-04-27,12.356675,12.760887,12.355149,12.73311,12.73311,393745748
2022-04-28,12.733677,12.961967,12.430998,12.662813,12.662813,446769326
2022-04-29,12.662095,12.71453,11.905447,11.970266,11.970266,402626878
2022-04-30,11.970108,12.220436,10.914582,10.997047,10.997047,467930975
2022-05-01,10.99517,11.452871,10.918278,11.312018,11.312018,458492853
2022-05-02,11.311847,11.41823,10.849676,11.17878,11.17878,447451681
2022-05-03,11.178868,11.422042,10.856086,11.121428,11.121428,405151951
2022-05-04,11.121224,12.146651,11.113729,12.14561,12.14561,501855323
2022-05-05,12.153832,12.239243,10.73875,10.9174,10.9174,560835165
2022-05-06,10.916577,10.992021,10.499268,10.799844,10.799844,507557055
2022-05-07,10.799866,10.817171,10.100428,10.239905,10.239905,354478668
2022-05-08,10.240594,10.345457,9.9185181,9.9900303,9.9900303,427837348
2022-05-09,9.9907246,10.144326,8.2728968,8.2728968,8.2728968,844443662
2022-05-10,8.2612648,9.2875738,8.0016975,8.5844421,8.5844421,1009826814
2022-05-11,8.5821266,8.7810965,6.6637468,6.9169269,6.9169269,1336413447
2022-05-12,6.9161282,7.3132968,5.6363492,6.5692701,6.5692701,1089927473
2022-05-13,6.5641141,7.6599531,6.5029469,7.147285,7.147285,589902811
2022-05-14,7.1478882,7.402195,6.669416,7.2846918,7.2846918,450075972
2022-05-15,7.2833209,7.9411049,7.0403981,7.9411049,7.9411049,411663290
2022-05-16,7.9417071,7.95118,7.2107539,7.4184179,7.4184179,480158959
2022-05-17,7.4187841,7.939302,7.3496628,7.7254529,7.7254529,414870183
2022-05-18,7.7234912,7.7828388,6.8255429,6.8255429,6.8255429,386732705
2022-05-19,6.8234239,7.230794,6.7001929,7.219193,7.219193,393038744
2022-05-20,7.2185459,7.324295,6.7817712,6.8903222,6.8903222,356158269
2022-05-21,6.8901749,7.0939569,6.8126631,7.0581112,7.0581112,215156643
2022-05-22,7.0579629,7.3728981,6.9408441,7.3569951,7.3569951,343644776
2022-05-23,7.3537698,7.6444621,7.0286131,7.0286131,7.0286131,364150236
2022-05-24,7.0294561,7.2735848,6.7805848,7.234005,7.234005,359116085
2022-05-25,7.2343521,7.3673491,6.9770799,6.9770799,6.9770799,316751503
2022-05-26,6.9775429,7.0716062,6.286396,6.6081338,6.6081338,399231340
2022-05-27,6.6044598,6.6838012,6.2448969,6.2731929,6.2731929,439109477
2022-05-28,6.4001188,6.6080842,6.2390218,6.5723958,6.5723958,280587302
2022-05-29,6.5719509,6.7303782,6.3623848,6.7126288,6.7126288,241144985
2022-05-30,6.7125978,7.494534,6.6691952,7.4579229,7.4579229,424820426
2022-05-31,7.457582,7.7024689,7.239635,7.5946698,7.5946698,416173199
2022-06-01,7.5943561,7.7370672,6.8160019,6.926415,6.926415,439198099
2022-06-02,6.925087,7.2227259,6.8298821,7.2010021,7.2010021,327692504
2022-06-03,7.2013788,7.2060771,6.7373729,6.8624301,6.8624301,324805175
2022-06-04,6.8627839,7.3962698,6.724648,7.39609,7.39609,335525067
2022-06-05,7.3957181,7.7576628,7.2721381,7.6369848,7.6369848,447662494
2022-06-06,7.6414838,8.1283436,7.6400118,7.9663358,7.9663358,544566724
2022-06-07,7.9661632,8.8624573,7.3816619,8.7320223,8.7320223,783405590
2022-06-08,8.7295103,8.8952141,8.291091,8.7174311,8.7174311,835016889
2022-06-09,8.7171965,9.5105991,8.5229692,9.2765408,9.2765408,853947380
2022-06-10,9.2753773,9.4469194,8.0441952,8.0466919,8.0466919,788272163
2022-06-11,8.0471716,8.3884239,7.0064421,7.0161419,7.0161419,676308704
2022-06-12,7.0190072,7.1240191,6.341506,6.341506,6.341506,604052364
2022-06-13,6.3355818,6.3355818,5.3625851,5.8871188,5.8871188,1117019087
2022-06-14,5.8879328,6.7592659,5.4249558,6.7592659,6.7592659,1079297776
2022-06-15,6.7558289,7.3255849,5.8795519,7.3247151,7.3247151,1323297403
2022-06-16,7.3253021,7.4392419,6.2654791,6.3363371,6.3363371,771427672
2022-06-17,6.3391709,6.6818562,6.3157172,6.3631949,6.3631949,457007726
2022-06-18,6.3631668,6.4479318,5.4683881,5.9353399,5.9353399,687553866
2022-06-19,5.9342561,6.77144,5.8552132,6.5990238,6.5990238,601264611
2022-06-20,6.5986519,7.2296672,6.3427401,7.0029922,7.0029922,579457556
2022-06-21,7.0010519,7.5112119,6.7912049,6.838943,6.838943,564144709
2022-06-22,6.8412561,6.9960279,6.4955091,6.6338921,6.6338921,511830198
2022-06-23,6.6328402,7.0515742,6.6304512,7.0012989,7.0012989,468966988
2022-06-24,7.0000539,7.4070268,6.9731698,7.2897749,7.2897749,490076184
2022-06-25,7.2894082,7.3541708,6.850172,7.2714081,7.2714081,415497327
2022-06-26,7.2695079,7.4360809,6.745378,6.745378,6.745378,398652494
2022-06-27,6.745523,6.9757042,6.4548068,6.5581541,6.5581541,438799500
2022-06-28,6.557034,7.113935,6.3073258,6.3223572,6.3223572,579844184
2022-06-29,6.3219342,6.464076,6.1640921,6.2102251,6.2102251,421149462
2022-06-30,6.2121191,6.2670379,5.912169,6.2529631,6.2529631,415261665
2022-07-01,6.2597289,6.3986511,5.9651232,6.0697908,6.0697908,400896573
2022-07-02,6.0712109,6.2564888,5.998282,6.2256269,6.2256269,277852598
2022-07-03,6.2256761,6.2271519,6.0399771,6.2058611,6.2058611,227563150
2022-07-04,6.205781,6.4361191,6.0442991,6.4318771,6.4318771,322954397
2022-07-05,6.4307852,6.530323,6.0853152,6.3219581,6.3219581,419399616
2022-07-06,6.3229232,6.3988438,6.2043791,6.3389292,6.3389292,315746134
2022-07-07,6.3390021,6.7326241,6.3283181,6.6413541,6.6413541,367211104
2022-07-08,6.6417432,6.7993088,6.368546,6.3791561,6.3791561,451097653
2022-07-09,6.3776731,6.5650511,6.369833,6.5030098,6.5030098,266693099
2022-07-10,6.502924,6.502924,6.135591,6.2013221,6.2013221,253993464
2022-07-11,6.199717,6.4086652,6.013865,6.0446901,6.0446901,332832973
2022-07-12,6.0451069,6.2144051,5.9628372,5.9684348,5.9684348,283612258
2022-07-13,5.968956,6.1779432,5.797761,6.1779432,6.1779432,366277512
2022-07-14,6.1777911,6.362946,6.0210152,6.2681818,6.2681818,362658524
2022-07-15,6.268887,6.4089651,6.1562748,6.327785,6.327785,474454032
2022-07-16,6.3264642,6.5904508,6.1689749,6.5776949,6.5776949,406059382
2022-07-17,6.5787711,6.6868758,6.3487291,6.3487291,6.3487291,343875998
2022-07-18,6.3493652,7.1075649,6.3493652,7.0595398,7.0595398,604498081
2022-07-19,7.0580821,7.3510618,6.767446,7.256052,7.256052,965096349
2022-07-20,7.256249,7.5429492,6.8566208,6.8723412,6.8723412,924916658
2022-07-21,6.8727012,7.0336299,6.679328,6.9986982,6.9986982,510889171
2022-07-22,6.998693,7.2624178,6.785655,6.8113532,6.8113532,426516733
2022-07-23,6.8085589,7.0147009,6.6394472,6.8572922,6.8572922,310278867
2022-07-24,6.857543,7.228075,6.8551888,7.1060371,7.1060371,352606308
2022-07-25,7.1051421,7.12642,6.4645181,6.465126,6.465126,390303184
2022-07-26,6.4657331,6.4661422,6.1088748,6.3412881,6.3412881,333467733
2022-07-27,6.3416162,6.8554072,6.2085462,6.8554072,6.8554072,401815185
2022-07-28,6.8549252,7.270936,6.7433448,7.219182,7.219182,542452305
2022-07-29,7.2198071,8.0808029,7.1406989,7.9120951,7.9120951,1076677435
2022-07-30,7.9126058,8.1827707,7.7221589,7.8033872,7.8033872,689235259
2022-07-31,7.8037562,8.0449972,7.6184959,7.6661372,7.6661372,512120158
2022-08-01,7.6658511,7.859983,7.438838,7.586885,7.586885,396160997
2022-08-02,7.5857,7.6275249,7.065155,7.2081919,7.2081919,500287896
2022-08-03,7.2076559,7.6070552,7.0830259,7.2863312,7.2863312,399411639
2022-08-04,7.2862411,7.5205822,7.2128272,7.3560042,7.3560042,350200323
2022-08-05,7.3556318,7.864871,7.3541422,7.8645701,7.8645701,424650728
2022-08-06,7.8646059,8.0562515,7.7749028,7.8022838,7.8022838,306506476
2022-08-07,7.802618,8.3228436,7.7051058,8.3070459,8.3070459,325633780
2022-08-08,8.3083019,8.744956,8.2479572,8.6458998,8.6458998,588721150
2022-08-09,8.6462736,8.8456707,8.3281612,8.7582388,8.7582388,700512734
2022-08-10,8.7583828,9.2771645,8.3425627,9.055891,9.055891,726441773
2022-08-11,9.0563517,9.1918039,8.8768463,8.9653025,8.9653025,543927632
2022-08-12,8.9654846,9.4332104,8.8465633,9.3330631,9.3330631,587617790
2022-08-13,9.333375,9.4431,9.0942888,9.1330194,9.1330194,323111277
2022-08-14,9.1341124,9.3289328,8.7488556,8.774848,8.774848,354594648
2022-08-15,8.7751112,9.0362101,8.5445881,8.6596107,8.6596107,446923193
2022-08-16,8.656642,8.7985477,8.4321842,8.4669065,8.4669065,333550977
2022-08-17,8.4661531,8.7176867,8.0249414,8.0494413,8.0494413,364758557
2022-08-18,8.0522566,8.2255821,7.6731181,7.6731181,7.6731181,325697241
2022-08-19,7.6720638,7.6824059,6.8691878,6.9078832,6.9078832,574970118
2022-08-20,6.9078331,7.1823082,6.7144451,6.905581,6.905581,392152176
2022-08-21,6.9036298,7.161334,6.891923,7.087409,7.087409,278557395
2022-08-22,7.087029,7.087029,6.7111411,7.0346961,7.0346961,408080045
2022-08-23,7.0351801,7.3022952,6.8083172,7.2448959,7.2448959,338299201
2022-08-24,7.2442212,7.3345909,7.038022,7.1355858,7.1355858,313605362
2022-08-25,7.1358018,7.3592229,7.0338788,7.133749,7.133749,339331474
2022-08-26,7.1333671,7.1446662,6.457808,6.4865232,6.4865232,437835378
2022-08-27,6.4883652,6.5964441,6.4428039,6.5375171,6.5375171,289710107
2022-08-28,6.537077,6.6172471,6.2637,6.2637,6.2637,241509685
2022-08-29,6.263864,6.7131371,6.2332702,6.7032261,6.7032261,286209662
2022-08-30,6.7028871,6.8071198,6.3993621,6.557107,6.557107,287659512
2022-08-31,6.557652,6.8572292,6.557652,6.6306729,6.6306729,301706318
2022-09-01,6.6308179,6.9062271,6.4938412,6.8956742,6.8956742,298893582
2022-09-02,6.8954849,7.1957922,6.8235302,6.9232769,6.9232769,369826125
2022-09-03,6.923131,6.9546089,6.7625952,6.8400068,6.8400068,193659641
2022-09-04,6.8413272,7.2397308,6.8226261,7.1459188,7.1459188,319007195
2022-09-05,7.1468768,7.3730168,7.1238551,7.3640409,7.3640409,346372541
2022-09-06,7.3679528,7.495893,6.6491728,6.6723471,6.6723471,422172006
2022-09-07,6.6721082,7.1298938,6.6143289,7.0821681,7.0821681,403145196
2022-09-08,7.08216,7.4857488,7.0249252,7.4070592,7.4070592,459545133
2022-09-09,7.4073982,8.0680742,7.4027162,7.7470722,7.7470722,608623868
2022-09-10,7.7473431,7.9945688,7.6651659,7.9134431,7.9134431,501829894
2022-09-11,7.9128561,8.0741148,7.7683902,8.015378,8.015378,462463233
2022-09-12,8.0151606,8.2058964,7.6586318,7.747561,7.747561,561306502
2022-09-13,7.748168,7.909256,7.0286088,7.128942,7.128942,545307327
2022-09-14,7.0593672,7.5144691,7.0286088,7.4550018,7.4550018,519880723
2022-09-15,7.4550982,7.554543,7.068079,7.5458069,7.5458069,590123542
2022-09-16,7.5477352,7.7700381,7.462575,7.644146,7.644146,586326710
2022-09-17,7.645546,8.1118107,7.645546,8.1051636,8.1051636,493373473
2022-09-18,8.1046743,8.1125727,7.4806242,7.5077271,7.5077271,496639815
2022-09-19,7.5075531,7.6579342,7.0407319,7.312717,7.312717,610741633
2022-09-20,7.3135929,7.3215871,6.8521271,6.8872881,6.8872881,436363328
2022-09-21,6.8875108,7.266078,6.56181,6.7129202,6.7129202,595676851
2022-09-22,6.7091789,7.135973,6.659554,7.1182928,7.1182928,366028510
2022-09-23,7.1179762,7.4701648,6.9998379,7.447619,7.447619,590954959
2022-09-24,7.4480491,7.838727,7.3881402,7.6369662,7.6369662,564857605
2022-09-25,7.6369491,8.0440416,7.6177921,7.865859,7.865859,728802182
2022-09-26,7.8678441,7.9285069,7.5137162,7.9285069,7.9285069,578734763
2022-09-27,7.928947,8.3617697,7.6913018,8.0742331,8.0742331,825910889
2022-09-28,8.0721579,8.4874573,7.8075552,7.8141818,7.8141818,1260949567
2022-09-29,7.8150759,7.9030528,7.6108532,7.9011722,7.9011722,627183784
2022-09-30,7.9001951,7.9022908,7.5388012,7.5811458,7.5811458,453812571
2022-10-01,7.580987,7.6354141,7.34057,7.3874521,7.3874521,313342364
2022-10-02,7.3877568,7.5272741,7.1336722,7.1336722,7.1336722,348896692
2022-10-03,7.133914,7.3431802,7.0501361,7.335093,7.335093,393949539
2022-10-04,7.3344078,7.814188,7.3310599,7.721271,7.721271,540171366
2022-10-05,7.7227979,7.9243851,7.6135969,7.875545,7.875545,506547946
2022-10-06,7.8757501,7.9244151,7.6249738,7.637219,7.637219,354916187
2022-10-07,7.6374269,7.7744112,7.507266,7.6064382,7.6064382,341473353
2022-10-08,7.6065078,7.6426911,7.3669538,7.448555,7.448555,213415795
2022-10-09,7.4486871,7.6444278,7.4294648,7.6262631,7.6262631,218511751
2022-10-10,7.6264181,7.7049251,7.3816319,7.3816319,7.3816319,360785213
2022-10-11,7.3800111,7.3802519,7.098556,7.1285548,7.1285548,370831094
2022-10-12,7.1281638,7.2590408,7.1143889,7.1499562,7.1499562,239903639
2022-10-13,7.149816,7.153893,6.4665642,7.0387301,7.0387301,606725817
2022-10-14,7.0387688,7.2375169,6.8289661,6.8965549,6.8965549,357573357
2022-10-15,6.8963542,6.9698372,6.849596,6.8869028,6.8869028,229143245
2022-10-16,6.8874431,7.2095132,6.8874431,7.1754112,7.1754112,275585897
2022-10-17,7.1750302,7.3642478,7.0821948,7.3334122,7.3334122,291126056
2022-10-18,7.333385,7.3558621,6.9854012,7.1178942,7.1178942,306384605
2022-10-19,7.1182699,7.1282129,6.763998,6.7786779,6.7786779,264522194
2022-10-20,6.7784839,6.900876,6.6366501,6.6667342,6.6667342,295976255
2022-10-21,6.6667099,6.8271418,6.4759841,6.813489,6.813489,349080808
2022-10-22,6.813623,6.9194622,6.743587,6.870749,6.870749,210286893
2022-10-23,6.8707151,7.0767579,6.8225641,7.0656352,7.0656352,277671221
2022-10-24,7.0662179,7.0776138,6.8204241,6.9138479,6.9138479,283071961
2022-10-25,6.913774,7.2525959,6.8371878,7.0800362,7.0800362,425923401
2022-10-26,7.0784268,7.2711568,7.0550041,7.1581659,7.1581659,399910779
2022-10-27,7.1587758,7.3436689,6.9004288,6.9080062,6.9080062,393970742
2022-10-28,6.907836,7.1922231,6.8711529,7.1161742,7.1161742,323382513
2022-10-29,7.116168,7.623198,7.1066828,7.613307,7.613307,572994142
2022-10-30,7.6145978,7.9024901,7.5220232,7.7881808,7.7881808,646321400
2022-10-31,7.787581,8.2733078,7.6898599,7.8616471,7.8616471,707745428
2022-11-01,7.8612781,7.90729,7.6450019,7.6939521,7.6939521,343248748
2022-11-02,7.693584,7.9638529,7.3749652,7.4276452,7.4276452,597535371
2022-11-03,7.4292798,7.9699221,7.4139051,7.7142372,7.7142372,570345039
2022-11-04,7.7144151,8.8237438,7.6810579,8.7415514,8.7415514,875763181
2022-11-05,8.7397308,8.9509888,8.5965576,8.6654816,8.6654816,565422087
2022-11-06,8.6661129,8.7529907,8.1210489,8.1210489,8.1210489,450043210
2022-11-07,8.1213684,9.1954288,7.9352221,8.8959808,8.8959808,794535707
2022-11-08,8.8980217,9.3705273,6.9436169,7.6830339,7.6830339,2077581693
2022-11-09,7.6841512,7.8381438,5.9087772,6.224503,6.224503,1413894903
2022-11-10,6.2253041,7.448554,6.150979,7.2146611,7.2146611,912193881
2022-11-11,7.2123699,7.2990351,6.6344919,7.0099611,7.0099611,542122769
2022-11-12,7.0114102,7.022933,6.2333221,6.2593088,6.2593088,581782556
2022-11-13,6.259707,6.5123219,6.0084481,6.0724459,6.0724459,350792861
2022-11-14,6.0724392,6.3903961,5.7249541,6.264421,6.264421,472780935
2022-11-15,6.265048,6.63235,6.2335272,6.419929,6.419929,383323246
2022-11-16,6.4192281,6.540195,6.1152439,6.187089,6.187089,318753451
2022-11-17,6.187695,6.3241768,6.0690899,6.2343421,6.2343421,256205193
2022-11-18,6.2346368,6.3846121,6.0839081,6.1857748,6.1857748,259437209
2022-11-19,6.1851039,6.2092481,6.0342832,6.150218,6.150218,174771461
2022-11-20,6.1501918,6.2327509,5.7541952,5.771728,5.771728,246506038
2022-11-21,5.771162,5.8691192,5.579587,5.8691192,5.8691192,331896669
2022-11-22,5.8690152,6.4243622,5.8605409,6.3978052,6.3978052,485261194
2022-11-23,6.3984861,6.7773719,6.355515,6.7013068,6.7013068,432646324
2022-11-24,6.70262,6.923327,6.6229701,6.8316469,6.8316469,336491229
2022-11-25,6.8309932,6.9553132,6.6921272,6.8423419,6.8423419,260032725
2022-11-26,6.8414869,7.2477241,6.8375802,7.1468201,7.1468201,337919893
2022-11-27,7.1468239,7.2343478,6.8961058,6.9021082,6.9021082,235405276
2022-11-28,6.9018779,7.2820711,6.5740752,7.2075739,7.2075739,507275274
2022-11-29,7.2078409,7.484159,7.1624141,7.3209462,7.3209462,375464137
2022-11-30,7.3210521,7.7221241,7.3164082,7.6803021,7.6803021,388756121
2022-12-01,7.6802649,7.776896,7.5061131,7.6873269,7.6873269,352481290
2022-12-02,7.6867681,7.6989889,7.5388741,7.6153979,7.6153979,282578344
2022-12-03,7.613421,7.6137981,7.2375398,7.2436042,7.2436042,209127717
2022-12-04,7.243793,7.4468141,7.232451,7.4468141,7.4468141,196343544
2022-12-05,7.4467039,7.5729952,7.1925259,7.2758379,7.2758379,256807181
2022-12-06,7.2759371,7.326529,7.009522,7.133728,7.133728,253542935
2022-12-07,7.133812,7.1378112,6.799819,6.8872328,6.8872328,238394478
2022-12-08,6.8869891,7.0505128,6.8047161,7.0063238,7.0063238,198390377
2022-12-09,7.0062289,7.040997,6.8167672,6.8592849,6.8592849,163188841
2022-12-10,6.8594632,6.9077892,6.7529001,6.8528051,6.8528051,138343803
2022-12-11,6.8528538,6.9457669,6.707303,6.7148552,6.7148552,131226762
2022-12-12,6.7143478,6.7143478,6.5474882,6.691597,6.691597,191902698
2022-12-13,6.691421,7.0123219,6.5022521,6.9113569,6.9113569,305694512
2022-12-14,6.9116092,6.9373732,6.7198162,6.728828,6.728828,208545519
2022-12-15,6.7284489,6.7295518,6.4266529,6.4513631,6.4513631,201528818
2022-12-16,6.45157,6.5329242,5.8293662,5.9002538,5.9002538,283856110
2022-12-17,5.8992138,6.0417061,5.8241048,6.0299439,6.0299439,192779241
2022-12-18,6.030756,6.0496588,5.950809,5.9634309,5.9634309,113833897
2022-12-19,5.9639149,6.0431709,5.7454729,5.7909451,5.7909451,214083722
2022-12-20,5.7916741,6.1004152,5.777946,6.0202022,6.0202022,209312651
2022-12-21,6.0200419,6.0319519,5.9009681,5.981257,5.981257,149997846
2022-12-22,5.981667,6.023396,5.8801751,6.002769,6.002769,175920137
2022-12-23,6.0024219,6.0436649,5.9350839,5.9425278,5.9425278,157847820
2022-12-24,5.9425611,5.959383,5.901504,5.9200039,5.9200039,111387083
2022-12-25,5.920001,5.9863009,5.9059858,5.9859581,5.9859581,140351136
2022-12-26,5.9861321,6.0381861,5.9533038,6.0376692,6.0376692,128325031
2022-12-27,6.0377808,6.050972,5.8780112,5.8992262,5.8992262,151421212
2022-12-28,5.8991461,5.9051089,5.655509,5.6769361,5.6769361,188630493
2022-12-29,5.6769991,5.7133551,5.5325928,5.6030078,5.6030078,193768237
2022-12-30,5.6027579,5.626317,5.4401822,5.4674449,5.4674449,187032495
2022-12-31,5.4678512,5.6090388,5.4137688,5.5686579,5.5686579,144422398
2023-01-01,5.5689812,5.6281691,5.5179749,5.6224432,5.6224432,109175362
2023-01-02,5.6227632,5.737175,5.5678148,5.6876268,5.6876268,179768004
2023-01-03,5.6878829,5.7074828,5.585217,5.6220961,5.6220961,182318187
2023-01-04,5.621943,5.8370519,5.6159592,5.8040318,5.8040318,205745250
2023-01-05,5.8044052,5.8078279,5.6321168,5.6478348,5.6478348,166950331
2023-01-06,5.6489248,5.7179151,5.558207,5.7108002,5.7108002,166922602
2023-01-07,5.7109351,5.8315101,5.6983109,5.8291941,5.8291941,140003552
2023-01-08,5.829421,5.933835,5.7731652,5.933166,5.933166,149233597
2023-01-09,5.933033,6.2353878,5.933033,6.072278,6.072278,336692626
2023-01-10,6.0714359,6.2672629,6.0108409,6.1537032,6.1537032,211548969
2023-01-11,6.1540532,6.2851858,6.0309191,6.2851858,6.2851858,212708693
2023-01-12,6.362484,6.3965101,6.1530628,6.3813319,6.3813319,336590126
2023-01-13,6.3819752,6.602922,6.2827058,6.601779,6.601779,266139656
2023-01-14,6.6011181,7.0859871,6.5983481,6.860322,6.860322,576671317
2023-01-15,6.8612332,6.9021459,6.6229892,6.6939569,6.6939569,392031356
2023-01-16,6.6938419,6.9258981,6.4769402,6.6668649,6.6668649,395021461
2023-01-17,6.6675091,6.9492168,6.6056242,6.8204422,6.8204422,368037968
2023-01-18,6.8189831,6.9672532,6.3433771,6.3500729,6.3500729,443456872
2023-01-19,6.3496881,6.5278831,6.3360291,6.5139418,6.5139418,218670715
2023-01-20,6.513629,6.9512162,6.4318862,6.9506969,6.9506969,258845710
2023-01-21,6.9512768,7.0938249,6.868216,6.8703308,6.8703308,372198330
2023-01-22,6.8715491,7.2177839,6.8251839,6.9851289,6.9851289,397275394
2023-01-23,6.9848962,7.2030101,6.9526129,7.0261741,7.0261741,382722730
2023-01-24,7.0242791,7.1815348,6.6414089,6.6593118,6.6593118,314688181
2023-01-25,6.6601148,7.068706,6.5504899,6.9603629,6.9603629,340184050
2023-01-26,6.9595518,7.2531581,6.8589869,7.1741729,7.1741729,383773795
2023-01-27,7.1740189,7.4733171,6.9990931,7.3712702,7.3712702,409716317
2023-01-28,7.3715038,7.4831548,7.149632,7.2075729,7.2075729,247360344
2023-01-29,7.2075682,7.449573,7.165031,7.3877182,7.3877182,311604961
2023-01-30,7.38761,7.4187312,6.8287482,6.906292,6.906292,308344397
2023-01-31,6.9071651,7.0589652,6.8852911,6.9523082,6.9523082,219036836
2023-02-01,6.9515729,7.2561831,6.7065711,7.2166238,7.2166238,312466639
2023-02-02,7.2154112,7.4659972,7.1014328,7.1021399,7.1021399,336269815
2023-02-03,7.1020889,7.3204899,7.039196,7.2906232,7.2906232,276486581
2023-02-04,7.2905078,7.3411489,7.1477628,7.2380309,7.2380309,211742392
2023-02-05,7.2382178,7.2470608,6.907526,6.9846158,6.9846158,227421226
2023-02-06,6.9856229,7.0447102,6.8013892,6.8321681,6.8321681,216553530
2023-02-07,6.8321042,7.2035332,6.8273849,7.1986532,7.1986532,265944829
2023-02-08,7.1987929,7.2649431,6.9980369,7.1214161,7.1214161,307753754
2023-02-09,7.1225138,7.7503662,6.910068,6.9831409,6.9831409,1103183457
2023-02-10,6.983057,7.079967,6.8433771,6.9024239,6.9024239,451207831
2023-02-11,6.9025741,7.024776,6.8728118,7.0063262,7.0063262,202145744
2023-02-12,7.006134,7.0573511,6.747716,6.8079238,6.8079238,241644536
2023-02-13,6.8075762,6.8313298,6.4764619,6.6716599,6.6716599,357135687
2023-02-14,6.671267,6.8168511,6.5588121,6.8064299,6.8064299,280517342
2023-02-15,6.8062959,7.2855921,6.7397528,7.2705989,7.2705989,340072775
2023-02-16,7.2705088,7.451087,7.0247879,7.0281549,7.0281549,518185252
2023-02-17,7.027319,7.6719689,6.9958038,7.6667719,7.6667719,715233660
2023-02-18,7.665935,8.217248,7.526206,8.0083141,8.0083141,844845498
2023-02-19,8.0075426,8.2425528,7.857913,7.9968872,7.9968872,595712725
2023-02-20,8.0022812,8.338233,7.8082938,8.0064459,8.0064459,541991760
2023-02-21,8.0072603,8.059,7.5486398,7.6366739,7.6366739,407354867
2023-02-22,7.636991,7.710072,7.3344822,7.7083192,7.7083192,453992830
2023-02-23,7.7082019,8.1562328,7.6807189,7.9365911,7.9365911,637551320
2023-02-24,7.9352751,8.109539,7.3291521,7.4556751,7.4556751,526136614
2023-02-25,7.4566751,7.4732561,7.2098069,7.3766341,7.3766341,311632712
2023-02-26,7.3762641,7.5292511,7.3163128,7.4918609,7.4918609,235447983
2023-02-27,7.491159,7.4964609,7.1709189,7.2790899,7.2790899,298939373
2023-02-28,7.2796011,7.413753,7.140398,7.1926961,7.1926961,304916168
2023-03-01,7.1933298,7.5287662,7.1702871,7.5287662,7.5287662,297633777
2023-03-02,7.5287738,7.5628638,7.187428,7.2677498,7.2677498,268246764
2023-03-03,7.2676482,7.2713919,6.7484241,6.9487138,6.9487138,346250431
2023-03-04,6.948976,6.9968171,6.7390461,6.852447,6.852447,216105874
2023-03-05,6.8529682,7.0042148,6.824523,6.9442272,6.9442272,191609356
2023-03-06,6.944293,6.966588,6.8365169,6.8621998,6.8621998,222624936
2023-03-07,6.8622022,6.9654059,6.6979651,6.8714209,6.8714209,256141888
2023-03-08,6.871099,6.924243,6.5486989,6.5844202,6.5844202,302742595
2023-03-09,6.5844588,6.675149,6.0638728,6.1586952,6.1586952,314151909
2023-03-10,6.1586032,6.2612262,5.9491329,6.2250452,6.2250452,336133866
2023-03-11,6.224761,6.3919792,6.0005002,6.2079802,6.2079802,335637067
2023-03-12,6.2074451,6.5899782,6.1287842,6.5899782,6.5899782,266096727
2023-03-13,6.5893259,6.8969078,6.4299932,6.7763791,6.7763791,398871384
2023-03-14,6.7765732,7.1979589,6.6645498,6.9759459,6.9759459,465219170
2023-03-15,6.976572,7.1173811,6.4377942,6.5510812,6.5510812,395492432
2023-03-16,6.5536571,6.6855021,6.5000792,6.6745138,6.6745138,226614246
2023-03-17,6.674787,7.2585192,6.6303,7.2253742,7.2253742,375125654
2023-03-18,7.2256212,7.2985802,6.920907,6.9335742,6.9335742,314031396
2023-03-19,6.9343138,7.2861152,6.9343138,7.1026368,7.1026368,249180738
2023-03-20,7.1024318,7.407198,6.9855509,7.0577431,7.0577431,489903739
2023-03-21,7.0592389,7.4331379,6.8974848,7.4075761,7.4075761,366308905
2023-03-22,7.4064989,7.6972008,7.0700459,7.1803041,7.1803041,586895392
2023-03-23,7.1798468,7.629281,7.1191349,7.6213069,7.6213069,329204523
2023-03-24,7.6205311,7.6463451,7.1521468,7.206892,7.206892,295497990
2023-03-25,7.2062058,7.251606,6.9942951,7.0848269,7.0848269,193197164
2023-03-26,7.0855942,7.284112,7.0667591,7.2621112,7.2621112,165218457
2023-03-27,7.2626152,7.2711172,6.804009,6.8727531,6.8727531,230593321
2023-03-28,6.8729682,7.020659,6.772368,6.9553342,6.9553342,211056975
2023-03-29,6.9542642,7.458693,6.9417062,7.3825231,7.3825231,297994491
2023-03-30,7.382504,7.5282292,7.170125,7.2327099,7.2327099,279488316
2023-03-31,7.232532,7.6552439,7.231266,7.5945692,7.5945692,340384822
2023-04-01,7.5957289,7.627182,7.4596648,7.4744821,7.4744821,183579045
2023-04-02,7.5507441,7.5507441,7.224246,7.259294,7.259294,188792643
2023-04-03,7.2589412,7.4271269,7.0731468,7.2393489,7.2393489,295585843
2023-04-04,7.2391539,7.4693618,7.2244382,7.3790169,7.3790169,248607211
2023-04-05,7.3786521,7.5967169,7.2640238,7.325242,7.325242,290799350
2023-04-06,7.3251872,7.326025,7.1431928,7.2000031,7.2000031,194248285
2023-04-07,7.1998892,7.2922502,7.1244578,7.277441,7.277441,134349449
2023-04-08,7.2767119,7.2931328,7.1022639,7.1375418,7.1375418,114126743
2023-04-09,7.1376481,7.2497048,7.0777621,7.2120929,7.2120929,114928203
2023-04-10,7.2119441,7.3631182,7.1501398,7.3446651,7.3446651,169897201
2023-04-11,7.3450832,7.4433522,7.2962699,7.3137798,7.3137798,188835268
2023-04-12,7.3139901,7.3611012,7.1320338,7.2504811,7.2504811,195602304
2023-04-13,7.2343102,7.5242028,7.1889868,7.4645629,7.4645629,227523492
2023-04-14,7.46526,7.8782749,7.46526,7.752357,7.752357,416438491
2023-04-15,7.7525282,8.0450506,7.6381798,8.0132866,8.0132866,303168438
2023-04-16,8.0135241,8.1590042,7.9276948,8.1368971,8.1368971,284062027
2023-04-17,8.1366024,8.2686863,7.9244332,8.1643229,8.1643229,460381261
2023-04-18,8.1654224,8.7281609,8.0634279,8.5763988,8.5763988,512634725
2023-04-19,8.5755444,8.5836353,7.7236061,7.77036,7.77036,543475883
2023-04-20,7.7689719,7.94765,7.4943819,7.5187511,7.5187511,392775059
2023-04-21,7.5189619,7.5830011,7.0434871,7.11765,7.11765,340540634
2023-04-22,7.1176548,7.2247338,7.0935898,7.1797948,7.1797948,179657711
2023-04-23,7.179873,7.1802602,6.9237528,7.0799308,7.0799308,208419900
2023-04-24,7.0797858,7.2529721,7.0387521,7.0764441,7.0764441,222800034
2023-04-25,7.0764022,7.2901392,6.9722471,7.2715402,7.2715402,197437029
2023-04-26,7.2713661,7.4979072,6.8064661,7.00423,7.00423,358341934
2023-04-27,7.0044212,7.2196441,6.9969449,7.170404,7.170404,773383672
2023-04-28,7.170702,7.1811781,6.994153,7.0501342,7.0501342,236637129
2023-04-29,7.0499539,7.2106409,7.0127521,7.1877232,7.1877232,155603225
2023-04-30,7.1871042,7.2962461,7.0520859,7.0520859,7.0520859,171483704
2023-05-01,7.0509229,7.0794969,6.8191872,6.9010272,6.9010272,202483666
2023-05-02,6.9011488,7.0010672,6.8203502,6.9865532,6.9865532,147462616
2023-05-03,6.9864092,7.143795,6.8396988,7.1230721,7.1230721,195763187
2023-05-04,7.1234269,7.154839,6.970983,6.9977131,6.9977131,130913715
2023-05-05,6.9976821,7.2778702,6.977314,7.2359209,7.2359209,190358641
2023-05-06,7.235846,7.2735701,6.9144039,6.9435182,6.9435182,162574254
2023-05-07,6.9433222,6.9908419,6.9005351,6.9096341,6.9096341,116709453
2023-05-08,6.909173,6.916244,6.4713941,6.5917959,6.5917959,254538831
2023-05-09,6.5916939,6.6271272,6.4765201,6.5242629,6.5242629,135768009
2023-05-10,6.5242758,6.6887941,6.382473,6.5959039,6.5959039,204285549
2023-05-11,6.5959668,6.5959668,6.267056,6.366951,6.366951,187932434
2023-05-12,6.3671179,6.6270952,6.2548909,6.621964,6.621964,174685170
2023-05-13,6.6224928,6.6246271,6.4959421,6.5003901,6.5003901,107475509
2023-05-14,6.500217,6.6056042,6.4646549,6.5438089,6.5438089,89462586
2023-05-15,6.5441051,6.7005858,6.476563,6.638051,6.638051,138944472
2023-05-16,6.6379571,6.7149978,6.566998,6.6590438,6.6590438,137961090
2023-05-17,6.6586609,6.7977991,6.5607429,6.7538972,6.7538972,168939576
2023-05-18,6.75348,6.758719,6.4591408,6.534812,6.534812,140449712
2023-05-19,6.5350099,6.5470829,6.4780512,6.508409,6.508409,102133168
2023-05-20,6.5086908,6.5383081,6.4827762,6.5125108,6.5125108,69018310
2023-05-21,6.5121751,6.5407462,6.3823481,6.4294701,6.4294701,90814391
2023-05-22,6.4289942,6.5833511,6.36519,6.5299311,6.5299311,139651618
2023-05-23,6.530066,6.6307268,6.4884801,6.5083299,6.5083299,106788577
2023-05-24,6.5083499,6.509244,6.2404952,6.3270659,6.3270659,145479790
2023-05-25,6.3273349,6.3388472,6.2064018,6.2792268,6.2792268,110856339
2023-05-26,6.2793651,6.3789759,6.249372,6.352191,6.352191,103191434
2023-05-27,6.3515692,6.4401999,6.3468552,6.4401999,6.4401999,78479262
2023-05-28,6.4401579,6.653573,6.4277129,6.6388512,6.6388512,119525335
2023-05-29,6.6386871,6.6615982,6.5450568,6.640285,6.640285,124828903
2023-05-30,6.6399012,6.660111,6.5493431,6.6136551,6.6136551,125036323
2023-05-31,6.6133761,6.6292038,6.4333482,6.4800949,6.4800949,126487861
2023-06-01,6.4801831,6.5063028,6.3423409,6.3464561,6.3464561,119523184
2023-06-02,6.3466611,6.4781189,6.327395,6.4563699,6.4563699,113702809
2023-06-03,6.45649,6.4577489,6.3811102,6.4169211,6.4169211,73090216
2023-06-04,6.416904,6.5274401,6.4024181,6.4560242,6.4560242,85885836
2023-06-05,6.4558091,6.4832931,6.0242929,6.0659499,6.0659499,208202410
2023-06-06,6.0659471,6.304471,6.0224309,6.2606602,6.2606602,185444688
2023-06-07,6.2602949,6.2618971,5.862958,5.9140668,5.9140668,160767208
2023-06-08,5.9138842,6.033216,5.9007902,5.9953141,5.9953141,99184600
2023-06-09,5.9955611,6.0722098,5.9379869,5.9864268,5.9864268,92158776
2023-06-10,5.986423,5.997458,4.980166,5.2411251,5.2411251,526078781
2023-06-11,5.2408562,5.2455559,5.1170878,5.173131,5.173131,135111698
2023-06-12,5.1732259,5.1886091,5.0456791,5.163538,5.163538,138650535
2023-06-13,5.1635518,5.3762751,5.1230078,5.2935719,5.2935719,137509652
2023-06-14,5.2935352,5.487329,5.1733761,5.242557,5.242557,185859006
2023-06-15,5.2427359,5.3987889,5.176106,5.3060489,5.3060489,149056861
2023-06-16,5.3061318,5.3771219,5.1752739,5.3190808,5.3190808,115615767
2023-06-17,5.3192449,5.3815832,5.2465892,5.283658,5.283658,99730831
2023-06-18,5.2832451,5.2933969,5.160326,5.161346,5.161346,102460234
2023-06-19,5.1611991,5.1738162,5.0238109,5.1191559,5.1191559,126273788
2023-06-20,5.119935,5.267869,5.0109921,5.2632098,5.2632098,156987980
2023-06-21,5.2635198,5.5767841,5.252809,5.5638371,5.5638371,205902871
2023-06-22,5.5631499,5.7857051,5.5411429,5.5680671,5.5680671,208397242
2023-06-23,5.5679822,6.1277108,5.5646572,6.05901,6.05901,267367868
2023-06-24,6.0599871,6.1637959,5.9803138,6.1360259,6.1360259,158040287
2023-06-25,6.136148,6.3516169,6.0991058,6.1505308,6.1505308,171279411
2023-06-26,6.150456,6.2414808,6.0364852,6.0669212,6.0669212,188779622
2023-06-27,6.066299,6.2429619,6.0569191,6.1988401,6.1988401,172477998
2023-06-28,6.1990948,6.199192,5.789371,5.8215799,5.8215799,198238757
2023-06-29,5.821743,6.1440458,5.8035221,5.9014788,5.9014788,196418758
2023-06-30,5.9004312,6.4165559,5.8667588,6.308454,6.308454,393934018
2023-07-01,6.3085718,6.507081,6.158452,6.4975991,6.4975991,256361613
2023-07-02,6.4978008,6.5428209,6.3755412,6.5304241,6.5304241,237259540
2023-07-03,6.5304551,6.6771402,6.4875598,6.620472,6.620472,203177968
2023-07-04,6.620317,6.622889,6.428555,6.5262241,6.5262241,166595461
2023-07-05,6.5265169,6.5607042,6.2406101,6.3045788,6.3045788,188222944
2023-07-06,6.3047719,6.495441,6.09197,6.09197,6.09197,202108838
2023-07-07,6.0925779,6.2125421,6.05339,6.1541381,6.1541381,135071054
2023-07-08,6.1542349,6.2095861,6.109261,6.193656,6.193656,100745387
2023-07-09,6.1936302,6.2345238,6.1358638,6.1487818,6.1487818,91096690
2023-07-10,6.1486349,6.2834382,6.0503559,6.1684871,6.1684871,141129350
2023-07-11,6.1686668,6.2280002,6.140872,6.2040801,6.2040801,87991356
2023-07-12,6.2040229,6.3261981,6.2040229,6.249074,6.249074,127951075
2023-07-13,6.249084,7.0922542,6.2259278,7.0922542,7.0922542,348983524
2023-07-14,7.0915198,7.3075018,6.7354412,6.9449358,6.9449358,397701801
2023-07-15,6.9462061,7.0121412,6.852273,6.9156609,6.9156609,160863023
2023-07-16,6.9158812,6.9186478,6.6085491,6.616025,6.616025,165245026
2023-07-17,6.616044,7.230268,6.5273151,7.1915579,7.1915579,426365381
2023-07-18,7.1914139,7.2856221,6.8587632,6.92312,6.92312,415484020
2023-07-19,6.922606,7.034389,6.796351,6.9178848,6.9178848,244366331
2023-07-20,6.9177961,8.3429022,6.796351,8.3429022,8.3429022,1340159906
2023-07-21,8.3420305,8.3825159,8.0816221,8.1424713,8.1424713,590804403
2023-07-22,8.1411762,8.2501907,7.842011,7.8690271,7.8690271,393677563
2023-07-23,7.870646,8.0620422,7.8483062,7.89574,7.89574,226085148
2023-07-24,7.8952498,7.8952498,7.5300298,7.5909839,7.5909839,318734106
2023-07-25,7.5910401,7.6334939,7.3782649,7.402596,7.402596,211171478
2023-07-26,7.4028878,7.8159499,7.3120852,7.7533731,7.7533731,344200685
2023-07-27,7.7524118,8.0784264,7.7113042,7.9889188,7.9889188,358551805
2023-07-28,7.9884248,8.0606022,7.8010502,7.8017678,7.8017678,202440235
2023-07-29,7.8011642,7.8748522,7.7393818,7.8521218,7.8521218,139851311
2023-07-30,7.8520079,7.8536501,7.450923,7.55617,7.55617,191427934
2023-07-31,7.5561881,7.6827598,7.4701142,7.5446782,7.5446782,207369511
2023-08-01,7.54426,7.6280179,7.3587861,7.6280179,7.6280179,232268252
2023-08-02,7.6271119,7.6975269,7.347322,7.3490181,7.3490181,256118824
2023-08-03,7.3493571,7.3934512,7.1129169,7.1258888,7.1258888,211917322
2023-08-04,7.1255021,7.2399101,7.037035,7.1328101,7.1328101,195205922
2023-08-05,7.1326561,7.2257061,7.1020122,7.2203188,7.2203188,131374587
2023-08-06,7.2201128,7.2521739,7.0846939,7.1017938,7.1017938,132458989
2023-08-07,7.1016412,7.34938,6.997304,7.29673,7.29673,221515032
2023-08-08,7.2970161,7.503109,7.2955842,7.4502039,7.4502039,261043379
2023-08-09,7.4506588,7.8627162,7.3869162,7.6947131,7.6947131,630088444
2023-08-10,7.6936541,7.7054172,7.5681572,7.608377,7.608377,207600389
2023-08-11,7.6083689,7.6268492,7.4121132,7.4849839,7.4849839,137822792
2023-08-12,7.4852972,7.5235739,7.3962531,7.439908,7.439908,114131085
2023-08-13,7.439868,7.541801,7.339325,7.3692632,7.3692632,149615460
2023-08-14,7.368958,7.6018991,7.3238401,7.414638,7.414638,211644082
2023-08-15,7.4145479,7.418262,6.9679699,7.0392251,7.0392251,269056737
2023-08-16,7.0393682,7.0577722,6.6555119,6.7536788,6.7536788,269877959
2023-08-17,6.753922,6.8528848,5.8945498,6.2092528,6.2092528,430830557
2023-08-18,6.210072,6.2696681,6.1008811,6.1708279,6.1708279,253807909
2023-08-19,6.1713581,6.2549038,6.1332359,6.1727262,6.1727262,144297324
2023-08-20,6.1730628,6.2276688,6.129395,6.2160611,6.2160611,114581311
2023-08-21,6.21626,6.2430029,6.08778,6.1790462,6.1790462,184724506
2023-08-22,6.1794562,6.2388859,5.9583812,6.108273,6.108273,202497001
2023-08-23,6.1085868,6.4207501,6.1085868,6.3456888,6.3456888,195705371
2023-08-24,6.3458419,6.3602948,6.0168171,6.0778508,6.0778508,161660399
2023-08-25,6.0781708,6.0817709,5.9323092,6.007421,6.007421,161052215
2023-08-26,6.0078421,6.0333362,5.9660249,6.0028901,6.0028901,99248480
2023-08-27,6.0030022,6.0359931,5.9645562,6.0235081,6.0235081,88471317
2023-08-28,6.0234342,6.0239792,5.8942199,5.978857,5.978857,146306006
2023-08-29,5.9787679,6.2892599,5.8597851,6.1923542,6.1923542,228799176
2023-08-30,6.1923542,6.1968918,5.9129362,5.9375868,5.9375868,145867706
2023-08-31,5.9374909,6.0516329,5.7987018,5.8754969,5.8754969,184716326
2023-09-01,5.875309,6.0228872,5.8394642,5.9337492,5.9337492,175504949
2023-09-02,5.9339762,5.9887252,5.9076829,5.9668789,5.9668789,90715242
2023-09-03,5.9672408,6.0519428,5.9536562,6.0250869,6.0250869,103897670
2023-09-04,6.0251918,6.1437898,5.9637818,6.0111542,6.0111542,134425665
2023-09-05,6.0112548,6.1441288,5.9275718,6.1351299,6.1351299,130728241
2023-09-06,6.13521,6.309279,6.116004,6.2937789,6.2937789,189270155
2023-09-07,6.2936978,6.446147,6.2114892,6.3845248,6.3845248,151084672
2023-09-08,6.3843622,6.388907,6.18888,6.2771049,6.2771049,112409151
2023-09-09,6.277041,6.2816072,6.166739,6.167316,6.167316,72841579
2023-09-10,6.1674581,6.1680231,5.9846611,6.017714,6.017714,133943336
2023-09-11,6.0177279,6.0264239,5.7602148,5.8237681,5.8237681,170606718
2023-09-12,5.8237662,6.0377021,5.8164568,5.9593892,5.9593892,145302161
2023-09-13,5.9596519,6.0479708,5.9384761,6.0218139,6.0218139,136798403
2023-09-14,6.0217991,6.2038102,6.0179949,6.1535029,6.1535029,135392362
2023-09-15,6.153451,6.363574,6.1130729,6.3622012,6.3622012,122671586
2023-09-16,6.3620591,6.406363,6.202713,6.283412,6.283412,104260909
2023-09-17,6.283102,6.283102,6.0925541,6.1435828,6.1435828,91847802
2023-09-18,6.1438761,6.8033619,6.1222472,6.5657549,6.5657549,344933504
2023-09-19,6.5658422,6.932014,6.5429521,6.8630128,6.8630128,246297612
2023-09-20,6.8620429,7.0086708,6.765099,6.9109421,6.9109421,219394013
2023-09-21,6.910778,6.9261351,6.6338692,6.6820002,6.6820002,185760116
2023-09-22,6.6796799,6.9535122,6.6348619,6.93922,6.93922,165417232
2023-09-23,6.9398098,7.211606,6.9379778,7.1928229,7.1928229,262777665
2023-09-24,7.1929731,7.2361722,6.9818411,6.9894848,6.9894848,166551130
2023-09-25,6.9887052,7.4953518,6.9539809,7.4848971,7.4848971,262742575
2023-09-26,7.48457,7.5490489,7.2631059,7.3639388,7.3639388,210855209
2023-09-27,7.3634958,7.8234172,7.2860832,7.642251,7.642251,364494378
2023-09-28,7.642067,7.999269,7.5870738,7.8226628,7.8226628,339484086
2023-09-29,7.8223958,8.0442104,7.6938872,7.9545631,7.9545631,238679058
2023-09-30,7.9544349,8.246542,7.9510241,8.1809921,8.1809921,267527894
2023-10-01,8.1809464,8.236618,7.806715,8.0470982,8.0470982,292177704
2023-10-02,8.0464191,8.0773478,7.4148102,7.4714632,7.4714632,368441675
2023-10-03,7.470973,7.7110991,7.391943,7.419229,7.419229,283659403
2023-10-04,7.4195309,7.7414622,7.2786732,7.6793289,7.6793289,297567464
2023-10-05,7.679606,7.7675762,7.4746909,7.4746909,7.4746909,201986079
2023-10-06,7.4745088,7.7370181,7.4703131,7.6520219,7.6520219,172180524
2023-10-07,7.65201,7.6749792,7.4947839,7.5328121,7.5328121,139264476
2023-10-08,7.5331359,7.8948269,7.521255,7.6935,7.6935,236631640
2023-10-09,7.6936622,7.6936622,7.217802,7.2832751,7.2832751,259756652
2023-10-10,7.2832332,7.3694048,7.1981621,7.2666001,7.2666001,178412540
2023-10-11,7.2665339,7.4133921,7.1723189,7.3931079,7.3931079,205922750
2023-10-12,7.3929629,7.403089,7.1297688,7.2010822,7.2010822,181954738
2023-10-13,7.2010732,7.3666129,7.1332059,7.2595158,7.2595158,196017223
2023-10-14,7.2596798,7.3593211,7.2261128,7.3225722,7.3225722,96862815
2023-10-15,7.3229251,7.5302358,7.3018579,7.4222498,7.4222498,147073216
2023-10-16,7.4225011,7.7368989,7.4225011,7.5396709,7.5396709,261897427
2023-10-17,7.5391259,7.5505419,7.299336,7.3328481,7.3328481,164985669
2023-10-18,7.332685,7.4702811,7.299077,7.3619208,7.3619208,150034960
2023-10-19,7.3617129,7.4201159,7.263082,7.3109822,7.3109822,143494390
2023-10-20,7.3110132,7.6865711,7.2824612,7.5812778,7.5812778,216886149
2023-10-21,7.5810299,9.1253281,7.5393758,8.9038458,8.9038458,802185950
2023-10-22,8.904645,10.166532,8.8742046,10.132684,10.132684,1068818174
2023-10-23,10.368068,10.905619,9.835516,10.546122,10.546122,1504664712
2023-10-24,10.545737,11.023964,9.8414946,10.394032,10.394032,1070416055
2023-10-25,10.393537,11.610103,10.363657,11.026677,11.026677,1220132695
2023-10-26,11.02656,11.322337,10.446865,10.929611,10.929611,753017604
2023-10-27,10.929754,11.365533,10.663597,11.204941,11.204941,851123699
2023-10-28,11.204375,11.594693,10.879768,10.925374,10.925374,561267315
2023-10-29,10.925807,11.256047,10.813075,11.103345,11.103345,409439965
2023-10-30,11.100871,11.639038,10.934321,11.23747,11.23747,623788293
2023-10-31,11.237018,11.923243,11.047531,11.375027,11.375027,812962667
2023-11-01,11.373188,11.715621,10.739075,11.624006,11.624006,733607053
2023-11-02,11.625427,11.703694,10.897159,11.004576,11.004576,566080359
2023-11-03,11.004994,11.562373,10.637041,11.484773,11.484773,565613053
2023-11-04,11.483939,11.606757,11.215262,11.497036,11.497036,342056656
2023-11-05,11.497302,12.484792,11.401624,12.227702,12.227702,795814450
2023-11-06,12.226931,13.19727,12.171921,13.009284,13.009284,757695242
2023-11-07,13.005667,13.252489,12.597951,13.068293,13.068293,870526793
2023-11-08,13.066696,14.937856,12.910888,14.937856,14.937856,1005098859
2023-11-09,14.937724,15.870618,14.068531,14.635877,14.635877,1596172473
2023-11-10,14.63455,15.591741,14.226294,15.509591,15.509591,1143584462
2023-11-11,15.508254,16.526731,14.812257,16.42251,16.42251,1161712114
2023-11-12,16.424089,16.461443,15.599924,16.001081,16.001081,869502682
2023-11-13,16.003845,16.256441,14.390187,14.407805,14.407805,860588317
2023-11-14,14.405027,14.887003,13.557037,13.968099,13.968099,969166361
2023-11-15,13.969076,15.312111,13.969076,15.017497,15.017497,791466905
2023-11-16,15.019618,15.170624,13.665895,13.888024,13.888024,885340024
2023-11-17,13.888394,14.238205,12.952099,13.68434,13.68434,751633448
2023-11-18,13.687938,13.784718,13.040726,13.748294,13.748294,473907572
2023-11-19,13.74932,15.017291,13.429087,14.939277,14.939277,678152582
2023-11-20,14.938975,15.371984,14.426512,14.465623,14.465623,709689300
2023-11-21,14.467403,14.650262,13.424551,13.531919,13.531919,812724915
2023-11-22,13.513437,14.596335,13.406855,14.236408,14.236408,663443199
2023-11-23,14.232728,14.789417,14.172413,14.402032,14.402032,587203129
2023-11-24,14.402277,14.758119,14.289893,14.46033,14.46033,484485830
2023-11-25,14.460832,14.934153,14.447873,14.756277,14.756277,401143324
2023-11-26,14.757087,15.283395,14.563509,14.789014,14.789014,534766653
2023-11-27,14.787519,15.242313,13.937414,14.201328,14.201328,629034297
2023-11-28,14.200359,14.672588,13.832696,14.519682,14.519682,602325961
2023-11-29,14.519965,14.959171,14.450841,14.511725,14.511725,535989113
2023-11-30,14.512963,14.794313,14.309827,14.404431,14.404431,519218596
2023-12-01,14.404645,15.015858,14.309395,14.983229,14.983229,515864142
2023-12-02,14.982871,16.168455,14.940643,15.994241,15.994241,693342917
2023-12-03,15.99365,16.249325,15.740773,15.742612,15.742612,549786104
2023-12-04,15.741615,16.35055,15.466705,15.764349,15.764349,981896557
2023-12-05,15.769147,16.020592,15.222803,15.72078,15.72078,656438313
2023-12-06,15.721413,16.122791,15.290307,15.290307,15.290307,702626733
2023-12-07,15.292209,15.781215,14.827383,15.712053,15.712053,778907366
2023-12-08,15.711419,17.103321,15.595531,16.942026,16.942026,988810739
2023-12-09,16.938854,17.268324,16.160246,16.218416,16.218416,865532067
2023-12-10,16.221243,16.432838,15.888251,16.333546,16.333546,458733835
2023-12-11,16.338108,16.421165,14.312495,14.765365,14.765365,1146416406
2023-12-12,14.765404,15.11449,14.226644,14.521308,14.521308,604737208
2023-12-13,14.521306,14.915492,13.975856,14.778791,14.778791,643456906
2023-12-14,14.777927,15.512605,14.668207,15.393107,15.393107,716806418
2023-12-15,15.393261,15.393261,14.327272,14.327272,14.327272,489878330
2023-12-16,14.327809,14.762377,14.198896,14.318156,14.318156,369999033
2023-12-17,14.319421,14.344748,13.949809,14.020899,14.020899,336120331
2023-12-18,14.018387,14.649204,13.704801,14.645723,14.645723,691112282
2023-12-19,14.647416,14.779112,13.983527,14.095596,14.095596,412165750
2023-12-20,14.095105,14.781496,14.026621,14.225022,14.225022,446154609
2023-12-21,14.227266,15.286552,14.207581,15.286552,15.286552,612613684
2023-12-22,15.287429,15.669067,15.128263,15.497313,15.497313,598902011
2023-12-23,15.49683,15.869663,14.965623,15.68734,15.68734,560613729
2023-12-24,15.688363,15.918648,15.255575,15.310327,15.310327,571354195
2023-12-25,15.308767,15.702866,15.181658,15.608395,15.608395,459143712
2023-12-26,15.607924,15.853294,14.599259,15.090893,15.090893,590842109
2023-12-27,15.091047,16.672073,14.708951,16.672073,16.672073,795330265
2023-12-28,16.678522,17.543703,16.040953,16.051332,16.051332,1136588734
2023-12-29,16.048738,16.206976,15.256012,15.533926,15.533926,641252306
2023-12-30,15.533537,15.612436,15.080486,15.193248,15.193248,304404383
2023-12-31,15.191149,15.481536,14.901457,14.946123,14.946123,346636245
2024-01-01,14.946928,15.55993,14.874288,15.535809,15.535809,319817917
2024-01-02,15.537648,16.046949,15.118124,15.165293,15.165293,500000291
2024-01-03,15.165781,15.548997,13.309149,14.150558,14.150558,861494361
2024-01-04,14.150727,14.75056,14.032013,14.554019,14.554019,428122958
2024-01-05,14.554086,14.642993,13.85769,14.065112,14.065112,591619366
2024-01-06,14.067513,14.094763,13.267943,13.428382,13.428382,379600087
2024-01-07,13.426658,13.714838,13.057522,13.140297,13.140297,310835368
2024-01-08,13.141215,14.387363,12.648888,14.156994,14.156994,553717423
2024-01-09,14.157729,14.242672,13.395683,13.705976,13.705976,546517541
2024-01-10,13.706121,15.310247,13.595141,15.031819,15.031819,661542902
2024-01-11,15.035154,15.656934,14.633432,15.032686,15.032686,697822804
2024-01-12,15.031191,15.281561,13.765816,14.134305,14.134305,577192494
2024-01-13,14.131389,14.421743,13.853372,14.364035,14.364035,299419280
2024-01-14,14.363695,15.354286,14.301936,14.797092,14.797092,663453857
2024-01-15,14.792352,15.995445,14.776418,15.195074,15.195074,707218360
2024-01-16,15.193633,15.343811,14.789871,15.261762,15.261762,387299706
2024-01-17,15.261658,16.337715,15.261645,15.730317,15.730317,803102010
2024-01-18,15.732048,15.745419,14.249023,14.649993,14.649993,610064426
2024-01-19,14.649869,16.320892,14.486667,16.041307,16.041307,826092587
2024-01-20,16.043941,16.525059,15.686577,15.742375,15.742375,732056419
2024-01-21,15.742951,15.878677,15.391012,15.391012,15.391012,324358693
2024-01-22,15.391611,15.890239,14.520673,14.544948,14.544948,708261898
2024-01-23,14.544541,14.858844,13.594903,14.274681,14.274681,616651164
2024-01-24,14.275462,14.411542,13.927312,14.235134,14.235134,416405212
2024-01-25,14.235353,14.235353,13.533996,13.757712,13.757712,335499608
2024-01-26,13.757756,14.279745,13.648445,14.195535,14.195535,349862980
2024-01-27,14.195386,14.390692,14.103151,14.340298,14.340298,227717439
2024-01-28,14.341546,14.687257,14.23401,14.517562,14.517562,330708266
2024-01-29,14.509693,15.063239,14.299774,14.988256,14.988256,460964052
2024-01-30,14.988559,15.773017,14.913155,15.467368,15.467368,539457495
2024-01-31,15.467272,16.026806,15.107113,15.398607,15.398607,741461692
2024-02-01,15.399762,17.356886,15.167569,17.184246,17.184246,1236597577
2024-02-02,17.183264,18.833101,17.183264,17.791161,17.791161,1568486381
2024-02-03,17.790956,18.096163,17.535744,17.661924,17.661924,650741970
2024-02-04,17.661804,18.620283,17.568169,18.17606,18.17606,702727905
2024-02-05,18.175743,19.684988,17.853174,19.131561,19.131561,1106380674
2024-02-06,19.131905,19.26544,18.292929,18.298014,18.298014,675104330
2024-02-07,18.297543,19.043726,18.102057,18.854925,18.854925,579755784
2024-02-08,18.853783,19.239655,18.063301,18.231304,18.231304,615473559
2024-02-09,18.230295,18.607822,18.08283,18.467882,18.467882,565029386
2024-02-10,18.467752,19.091101,18.049845,19.091101,19.091101,429015962
2024-02-11,19.085882,20.64831,18.881409,20.12896,20.12896,862425647
2024-02-12,20.130297,20.822092,19.815121,20.491962,20.491962,848502024
2024-02-13,20.489805,20.576597,19.606749,19.886284,19.886284,613499013
2024-02-14,19.887087,20.419579,19.745403,20.277943,20.277943,543487979
2024-02-15,20.2777,20.510305,19.707741,19.949381,19.949381,544567670
2024-02-16,19.949089,20.301765,19.276447,19.572353,19.572353,489684939
2024-02-17,19.572495,20.247217,19.303455,20.034607,20.034607,427306998
2024-02-18,20.034363,20.343292,19.80669,20.096508,20.096508,356118168
2024-02-19,20.098555,20.217604,19.698467,19.820606,19.820606,454015884
2024-02-20,19.82036,19.869354,18.706751,19.295195,19.295195,568223480
2024-02-21,19.295189,19.295189,18.048803,18.582254,18.582254,495965298
2024-02-22,18.583708,18.999245,18.09054,18.112953,18.112953,426909233
2024-02-23,18.112076,18.251242,17.666002,17.939098,17.939098,438465711
2024-02-24,17.939093,18.550091,17.794312,18.52636,18.52636,274343168
2024-02-25,18.526796,18.822857,18.390518,18.704636,18.704636,249814543
2024-02-26,18.704109,19.261225,18.174183,19.116257,19.116257,452194269
2024-02-27,19.115616,19.352936,18.776482,19.036427,19.036427,477370753
2024-02-28,19.03503,20.623516,18.488045,19.431786,19.431786,1212477258
2024-02-29,19.434071,20.415945,18.855534,19.287716,19.287716,832935352
2024-03-01,19.284039,20.084227,19.284039,20.060907,20.060907,478178080
2024-03-02,20.061026,21.676811,20.025988,21.421598,21.421598,882798169
2024-03-03,21.421278,21.489763,20.082159,20.513018,20.513018,649140532
2024-03-04,20.512777,20.861111,19.916492,20.448757,20.448757,722955368
2024-03-05,20.449102,20.992367,17.208717,19.010521,19.010521,1277388781
2024-03-06,19.012068,20.145967,18.427454,20.075966,20.075966,709851913
2024-03-07,20.075966,20.339584,19.64304,20.127426,20.127426,534632276
2024-03-08,20.12686,20.390388,19.321224,19.741352,19.741352,590191572
2024-03-09,19.741385,20.34355,19.719904,20.028526,20.028526,414335240
2024-03-10,20.028534,21.943203,19.52035,21.754612,21.754612,696612444
2024-03-11,21.753538,22.825249,20.967533,21.289614,21.289614,1265727284
2024-03-12,21.290363,21.323486,19.749979,20.666775,20.666775,824857503
2024-03-13,20.665733,20.947208,20.261915,20.768188,20.768188,571777047
2024-03-14,20.768911,21.926926,20.013767,20.906294,20.906294,1248029437
2024-03-15,20.906374,20.976297,18.681452,19.605387,19.605387,993744389
2024-03-16,19.605742,19.816816,17.858532,18.126289,18.126289,655756726
2024-03-17,18.126289,18.798864,17.463089,18.674498,18.674498,546519270
2024-03-18,18.674498,19.473478,18.071371,18.324354,18.324354,728929956
2024-03-19,18.324354,18.441582,16.539562,16.809296,16.809296,935598926
2024-03-20,16.809296,18.497545,16.33766,18.406483,18.406483,781775324
2024-03-21,18.406483,18.885073,17.947351,18.431383,18.431383,552786830
2024-03-22,18.432848,18.544779,17.362171,18.290665,18.290665,497883211
2024-03-23,18.293173,18.463713,17.945194,18.072218,18.072218,331799170
2024-03-24,18.072227,18.622696,17.99868,18.532669,18.532669,269868132
2024-03-25,18.532669,19.471701,18.39691,19.359713,19.359713,441562578
2024-03-26,19.359713,20.708801,19.351772,20.010675,20.010675,584522231
2024-03-27,20.010687,20.171753,19.018234,19.302181,19.302181,482866400
2024-03-28,19.301853,19.769564,19.058643,19.160713,19.160713,383326987
2024-03-29,19.160273,19.279991,18.761673,18.993439,18.993439,323576664
2024-03-30,18.993351,19.294199,18.808954,18.943043,18.943043,299629003
2024-03-31,18.943029,19.335133,18.905737,19.137728,19.137728,295415721
2024-04-01,19.137741,19.268688,17.885052,18.380262,18.380262,434693139
2024-04-02,18.380251,18.47121,17.547031,17.963333,17.963333,682013854
2024-04-03,17.963058,18.284157,17.419819,17.706615,17.706615,402877117
2024-04-04,17.706623,18.249071,17.430511,17.793917,17.793917,360515168
2024-04-05,17.793903,17.796274,16.90148,17.347498,17.347498,359156924
2024-04-06,17.347498,17.657635,17.293745,17.574226,17.574226,215699150
2024-04-07,17.574226,17.935413,17.517267,17.922144,17.922144,236284729
2024-04-08,17.922132,18.651396,17.57082,18.100649,18.100649,411741273
2024-04-09,18.100597,18.1611,17.280458,17.362738,17.362738,351149960
2024-04-10,17.362738,17.567617,16.98984,17.425346,17.425346,369699835
2024-04-11,17.425375,17.611204,17.039747,17.55002,17.55002,266199104
2024-04-12,17.55002,17.854309,14.03136,15.157101,15.157101,943280038
2024-04-13,15.157199,15.38916,11.999671,13.345825,13.345825,1021815308
2024-04-14,13.345825,14.230467,12.781405,14.11975,14.11975,727188553
2024-04-15,14.119806,14.655649,13.284305,13.582573,13.582573,563637578
2024-04-16,13.582938,13.795145,12.858683,13.488032,13.488032,420986231
2024-04-17,13.488027,13.60073,12.787416,13.135204,13.135204,376238309
2024-04-18,13.135266,13.954026,12.852896,13.893053,13.893053,348386193
2024-04-19,13.893053,14.096226,12.80741,13.966599,13.966599,480090077
2024-04-20,13.966576,15.03314,13.79142,14.964592,14.964592,316011013
2024-04-21,14.964592,15.096563,14.59405,15.080412,15.080412,253842937
2024-04-22,15.080378,16.014923,15.04611,15.465097,15.465097,402180030
2024-04-23,15.465097,15.568509,15.133589,15.196628,15.196628,286424072
2024-04-24,15.196628,15.621386,14.376786,14.537848,14.537848,389775170
2024-04-25,14.538184,14.88122,14.379462,14.59936,14.59936,338321602
2024-04-26,14.59936,14.907397,14.383588,14.480972,14.480972,284590210
2024-04-27,14.480972,14.510932,13.89236,14.25213,14.25213,307273968
2024-04-28,14.25213,14.422557,13.759087,13.808069,13.808069,216493199
2024-04-29,13.808038,14.161594,13.75177,14.073785,14.073785,277693637
2024-04-30,14.073822,14.189181,12.831117,13.133521,13.133521,352023291
2024-05-01,13.133503,13.415224,12.450864,13.344388,13.344388,445362231
2024-05-02,13.344224,13.76408,12.950908,13.595815,13.595815,267992086
2024-05-03,13.595815,14.201535,13.488729,14.109475,14.109475,259541877
2024-05-04,14.109319,14.466255,14.016761,14.318272,14.318272,235116388
2024-05-05,14.318088,14.645102,14.133519,14.375482,14.375482,190221873
2024-05-06,14.37545,15.149191,14.299753,14.501929,14.501929,327871724
2024-05-07,14.501947,14.708679,14.011623,14.011844,14.011844,287437444
2024-05-08,14.01188,14.083839,13.718223,13.899291,13.899291,288578177
2024-05-09,13.899291,14.35513,13.873663,14.238003,14.238003,274558746
2024-05-10,14.238021,14.357799,13.511829,13.568573,13.568573,274927954
2024-05-11,13.568577,13.796144,13.296911,13.301306,13.301306,178142021
2024-05-12,13.301321,13.57814,13.300754,13.546971,13.546971,148721859
2024-05-13,13.54696,13.651915,13.093816,13.378436,13.378436,270312590
2024-05-14,13.378436,13.570035,12.958799,12.975332,12.975332,307433873
2024-05-15,12.975312,13.932565,12.852518,13.888161,13.888161,334698566
2024-05-16,13.888228,15.821798,13.565376,15.509692,15.509692,768021706
2024-05-17,15.509694,16.721472,15.509694,16.252932,16.252932,1042969872
2024-05-18,16.252888,16.543102,16.074989,16.311008,16.311008,450272670
2024-05-19,16.311014,17.089281,16.311014,16.581558,16.581558,641616268
2024-05-20,16.581558,17.422253,16.415466,17.277952,17.277952,824464152
2024-05-21,17.277971,17.410147,16.543306,16.735186,16.735186,633488502
2024-05-22,16.735435,16.909267,16.216976,16.347694,16.347694,483145571
2024-05-23,16.347694,16.785688,15.579686,16.605215,16.605215,686601809
2024-05-24,16.605215,17.7393,16.572744,17.247709,17.247709,860300760
2024-05-25,17.247717,17.454046,16.940193,17.441204,17.441204,337765481
2024-05-26,17.441212,17.876766,17.029846,17.046471,17.046471,404129461
2024-05-27,17.046471,18.821947,16.909748,18.778061,18.778061,704861560
2024-05-28,18.778074,18.796406,17.893946,18.527676,18.527676,708852334
2024-05-29,18.527676,19.163124,18.056616,18.452091,18.452091,595061486
2024-05-30,18.452105,19.159082,17.819229,17.94495,17.94495,526063170
2024-05-31,17.94495,18.695404,17.486282,18.422333,18.422333,448722915
2024-06-01,18.422243,18.644102,18.273914,18.414524,18.414524,269013473
2024-06-02,18.414524,18.533787,18.078321,18.148577,18.148577,271283314
2024-06-03,18.14856,18.330149,17.555862,17.613609,17.613609,400610531
2024-06-04,17.613634,17.8302,17.511772,17.722481,17.722481,324500129
2024-06-05,17.722481,18.05719,17.634642,17.738054,17.738054,353065835
2024-06-06,17.738054,17.763636,17.13685,17.268896,17.268896,410216703
2024-06-07,17.268896,17.687235,15.567102,16.327703,16.327703,568559896
2024-06-08,16.32655,16.40069,15.734893,15.94452,15.94452,298164921
2024-06-09,15.944358,16.364235,15.919505,16.357594,16.357594,230054857
2024-06-10,16.357531,16.375984,15.785759,15.894799,15.894799,329815113
2024-06-11,15.895238,15.896275,14.695679,14.99634,14.99634,459267280
2024-06-12,14.995444,16.224266,14.769212,16.001293,16.001293,449317940
2024-06-13,16.001806,16.024679,15.085172,15.136269,15.136269,326760126
2024-06-14,15.135367,15.438287,14.486609,14.741475,14.741475,358610741
2024-06-15,14.73999,15.090065,14.715336,14.85882,14.85882,212655249
2024-06-16,14.858387,15.203491,14.594245,15.126066,15.126066,205762702
2024-06-17,15.125912,15.192699,14.062859,14.534426,14.534426,347472612
2024-06-18,14.533723,14.583276,13.119523,13.967771,13.967771,537842068
2024-06-19,13.966908,14.482511,13.924068,14.334752,14.334752,271728905
2024-06-20,14.334752,14.820921,14.209382,14.259184,14.259184,270709807
2024-06-21,14.258194,14.576877,13.862212,13.862212,13.862212,336220670
2024-06-22,13.861446,13.894263,13.480089,13.480089,13.480089,188504812
2024-06-23,13.479684,13.663207,13.154164,13.177006,13.177006,188198887
2024-06-24,13.177667,13.665404,12.849996,13.614715,13.614715,416898044
2024-06-25,13.614341,14.273918,13.582101,14.195657,14.195657,283801977
2024-06-26,14.195709,14.274323,13.872239,13.904292,13.904292,213713267
2024-06-27,13.904525,14.521854,13.597926,14.387674,14.387674,292630617
2024-06-28,14.3878,14.55531,13.748739,13.758755,13.758755,276493674
2024-06-29,13.758665,14.130752,13.483731,13.511538,13.511538,189101546
2024-06-30,13.51188,14.305947,13.452871,14.260199,14.260199,213330707
2024-07-01,14.258777,14.542048,14.232126,14.327779,14.327779,252194482
2024-07-02,14.327309,14.717907,14.251063,14.404244,14.404244,269740901
2024-07-03,14.403265,14.551861,13.575738,13.620819,13.620819,469740295
2024-07-04,13.615341,13.712814,12.553676,12.553676,12.553676,526876637
2024-07-05,12.551147,12.551147,11.16129,12.305856,12.305856,711287457
2024-07-06,12.306089,13.262131,12.22001,13.201163,13.201163,269207422
2024-07-07,13.198487,13.198487,12.3099,12.351335,12.351335,243663129
2024-07-08,12.352208,13.510068,11.82588,13.114887,13.114887,475712040
2024-07-09,13.11484,13.263107,12.752654,12.820454,12.820454,364986619
2024-07-10,12.822996,13.143471,12.707423,12.796518,12.796518,280522697
2024-07-11,12.795904,13.108009,12.314945,12.350228,12.350228,315921152
2024-07-12,12.349949,12.809009,12.2517,12.738323,12.738323,292274926
2024-07-13,12.738263,13.103643,12.717275,13.021287,13.021287,215830414
2024-07-14,13.02142,13.514666,12.91818,13.42687,13.42687,279400255
2024-07-15,13.42881,14.483896,13.423407,14.422127,14.422127,373310473
2024-07-16,14.419723,14.60416,13.84637,14.221346,14.221346,385605505
2024-07-17,14.221267,14.497536,13.74559,13.75462,13.75462,309881695
2024-07-18,13.753578,13.976606,13.434306,13.600838,13.600838,290769371
2024-07-19,13.600456,14.137709,13.382308,14.07593,14.07593,305963751
2024-07-20,14.075899,14.329722,13.886574,14.268175,14.268175,226135145
2024-07-21,14.268186,15.000848,13.980238,14.80657,14.80657,395306788
2024-07-22,14.806427,14.859349,13.829578,13.929007,13.929007,289965228
2024-07-23,13.929094,14.139091,13.541322,13.919931,13.919931,269095937
2024-07-24,13.920039,13.938982,13.277823,13.395512,13.395512,233124473
2024-07-25,13.39567,13.437111,12.503412,12.946199,12.946199,301105500
2024-07-26,12.946199,13.631189,12.927763,13.540453,13.540453,212601622
2024-07-27,13.540304,13.869378,13.318659,13.567427,13.567427,231771370
2024-07-28,13.567427,13.635148,13.212787,13.293225,13.293225,157751665
2024-07-29,13.29323,13.88902,13.293144,13.543047,13.543047,255822065
2024-07-30,13.54295,13.779859,13.021084,13.140532,13.140532,240565544
2024-07-31,13.14062,13.376242,12.789825,12.828847,12.828847,239679257
2024-08-01,12.829082,13.076332,12.200796,12.899767,12.899767,272062327
2024-08-02,12.899447,12.916153,11.787347,11.917962,11.917962,314138916
2024-08-03,11.917909,12.110446,11.374036,11.701331,11.701331,241776944
2024-08-04,11.700779,11.762272,10.534319,10.871527,10.871527,278122991
2024-08-05,10.871435,10.944942,8.1376486,9.5015697,9.5015697,1142261467
2024-08-06,9.5014486,10.449228,9.4950552,10.054565,10.054565,396728365
2024-08-07,10.054843,10.468564,9.4564371,9.4854422,9.4854422,302644187
2024-08-08,9.4854374,10.798641,9.3897543,10.736471,10.736471,288589316
2024-08-09,10.736425,10.744386,10.180597,10.548674,10.548674,212990056
2024-08-10,10.548674,10.700221,10.49025,10.554251,10.554251,152251901
2024-08-11,10.554383,10.826677,9.977006,10.008924,10.008924,180957481
2024-08-12,10.008917,10.733485,9.962285,10.557687,10.557687,262337289
2024-08-13,10.557644,10.677588,10.121599,10.576763,10.576763,217110440
2024-08-14,10.576814,10.71323,10.250442,10.401407,10.401407,206092648
2024-08-15,10.401407,10.680227,10.016503,10.173847,10.173847,229323491
2024-08-16,10.173847,10.38934,9.9513969,10.143065,10.143065,197406574
2024-08-17,10.143065,10.168416,10.048598,10.150434,10.150434,115805727
2024-08-18,10.150434,10.458497,10.073819,10.095947,10.095947,152329338
2024-08-19,10.095892,10.186886,9.9672699,10.183764,10.183764,172655809
2024-08-20,10.184027,10.536777,10.067704,10.245039,10.245039,189707066
2024-08-21,10.245126,11.366964,10.185592,11.214466,11.214466,266210718
2024-08-22,11.214466,11.608885,11.186467,11.467952,11.467952,242400239
2024-08-23,11.467952,12.187733,11.467908,12.062475,12.062475,267007311
2024-08-24,12.06245,12.535623,11.922675,12.347854,12.347854,208071001
2024-08-25,12.347844,12.351367,11.977051,12.108485,12.108485,208578445
2024-08-26,12.108505,12.678086,11.854799,11.854799,11.854799,297094202
2024-08-27,11.85483,12.044462,10.968034,11.170318,11.170318,265972965
2024-08-28,11.170318,11.69272,10.980445,11.18187,11.18187,281750355
2024-08-29,11.181858,11.452715,10.847127,10.937603,10.937603,192295246
2024-08-30,10.937572,11.184162,10.535093,11.119161,11.119161,203280697
2024-08-31,11.119155,11.194512,10.961422,11.024574,11.024574,111938448
2024-09-01,11.024554,11.025275,10.269527,10.372398,10.372398,163852806
2024-09-02,10.372398,10.811654,10.342787,10.761755,10.761755,165089220
2024-09-03,10.761734,10.86128,10.224671,10.314515,10.314515,177508453
2024-09-04,10.314717,10.485758,9.946291,10.335188,10.335188,230264779
2024-09-05,10.335189,10.386664,9.9276848,10.01602,10.01602,166788090
2024-09-06,10.01604,10.17141,9.3377094,9.5750723,9.5750723,275351521
2024-09-07,9.5750723,10.151638,9.5676928,10.018678,10.018678,162278968
2024-09-08,10.018678,10.44547,9.981286,10.335867,10.335867,161848162
2024-09-09,10.335867,10.804431,10.296897,10.545119,10.545119,260723237
2024-09-10,10.544769,10.711577,10.352102,10.597156,10.597156,186992740
2024-09-11,10.597156,10.597364,10.196115,10.40683,10.40683,197449932
2024-09-12,10.40683,10.797334,10.400274,10.786038,10.786038,175795054
2024-09-13,10.786038,11.545029,10.655502,11.458701,11.458701,262157503
2024-09-14,11.458691,11.469807,11.259658,11.297834,11.297834,135369032
2024-09-15,11.297844,11.349873,10.820045,10.823187,10.823187,137514241
2024-09-16,10.823187,10.82319,10.428565,10.554821,10.554821,202971092
2024-09-17,10.554814,10.910009,10.450426,10.62753,10.62753,202234601
2024-09-18,10.62753,10.853249,10.30882,10.853249,10.853249,227369163
2024-09-19,10.853318,11.389837,10.853318,11.205125,11.205125,268298751
2024-09-20,11.205125,11.725863,11.136523,11.426664,11.426664,264736260
2024-09-21,11.426664,11.537297,11.227472,11.513563,11.513563,160550928
2024-09-22,11.513555,11.535247,10.874297,11.132943,11.132943,184692439
2024-09-23,11.132881,11.583003,10.969532,11.398932,11.398932,246653492
2024-09-24,11.398949,12.217344,11.217416,12.162094,12.162094,307571799
2024-09-25,12.161839,12.540009,12.088472,12.111526,12.111526,319449283
2024-09-26,12.111526,12.727976,11.896233,12.551837,12.551837,356223097
2024-09-27,12.551599,12.870659,12.468424,12.680975,12.680975,323611124
2024-09-28,12.680975,12.9619,12.408324,12.943388,12.943388,269071613
2024-09-29,12.943347,12.966426,12.45247,12.482324,12.482324,218137120
2024-09-30,12.482324,12.482575,11.782835,11.850573,11.850573,274422925
2024-10-01,11.850634,12.237959,10.939774,11.025396,11.025396,424150401
2024-10-02,11.025369,11.299097,10.494516,10.662164,10.662164,368791526
2024-10-03,10.662192,10.855037,10.376426,10.650413,10.650413,317041167
2024-10-04,10.650394,11.223843,10.612096,11.068583,11.068583,253154369
2024-10-05,11.068583,11.371918,11.014541,11.261728,11.261728,173569781
2024-10-06,11.261728,11.382132,11.169724,11.276307,11.276307,190937920
2024-10-07,11.276803,11.708336,11.14928,11.160425,11.160425,297457488
2024-10-08,11.16025,11.275876,10.802027,10.825778,10.825778,247319378
2024-10-09,10.825808,10.94711,10.424873,10.529768,10.529768,245132633
2024-10-10,10.529724,10.716479,10.271653,10.53886,10.53886,241793671
2024-10-11,10.53885,11.013776,10.507065,10.898592,10.898592,211372452
2024-10-12,10.898592,11.131553,10.847724,11.016416,11.016416,179211166
2024-10-13,11.016341,11.060731,10.636665,10.731656,10.731656,179090693
2024-10-14,10.731656,11.311012,10.615805,11.264221,11.264221,260457834
2024-10-15,11.264203,11.656335,10.96163,11.436711,11.436711,383457428
2024-10-16,11.436676,11.500998,11.093915,11.238663,11.238663,228762428
2024-10-17,11.238663,11.338802,10.871143,11.021686,11.021686,188551247
2024-10-18,11.021935,11.487778,10.987104,11.47706,11.47706,205269384
2024-10-19,11.47706,11.588594,11.309086,11.421702,11.421702,131526055
2024-10-20,11.421721,12.015083,11.290381,11.96279,11.96279,203541679
2024-10-21,11.96279,12.00902,11.563398,11.709382,11.709382,211544360
2024-10-22,11.709382,12.306396,11.62406,11.966222,11.966222,336070700
2024-10-23,11.966222,11.985515,11.032395,11.246938,11.246938,245788917
2024-10-24,11.326856,11.620446,11.230501,11.590441,11.590441,201993438
2024-10-25,11.590865,12.068778,10.868555,11.093418,11.093418,406106538
2024-10-26,11.093274,11.362091,10.834427,11.002805,11.002805,251606285
2024-10-27,11.002786,11.144345,10.859157,10.980672,10.980672,149703512
2024-10-28,10.980672,11.216483,10.723156,11.178171,11.178171,248215951
2024-10-29,11.178133,11.788114,11.154772,11.788102,11.788102,264676457
2024-10-30,11.788434,12.433548,11.682047,12.394708,12.394708,324062861
2024-10-31,12.394708,12.412106,11.332402,11.422246,11.422246,280885201
2024-11-01,11.422303,11.701598,11.182897,11.265908,11.265908,305584671
2024-11-02,11.265892,11.384263,11.101264,11.174642,11.174642,199878120
2024-11-03,11.174642,11.214405,10.537811,10.764085,10.764085,279022372
2024-11-04,10.764057,10.884852,10.108697,10.248169,10.248169,283380682
2024-11-05,10.248169,10.92198,10.201968,10.842792,10.842792,245012518
2024-11-06,10.842811,12.291268,10.825158,12.168526,12.168526,561632526
2024-11-07,12.168517,12.677818,12.090216,12.606694,12.606694,418031721
2024-11-08,12.606699,13.742394,12.551811,13.718581,13.718581,593832536
2024-11-09,13.718641,13.80489,13.310079,13.762723,13.762723,399927256
2024-11-10,13.762983,14.83631,13.707151,14.289252,14.289252,883029552
2024-11-11,14.289203,14.903122,13.672368,14.895794,14.895794,920385060
2024-11-12,14.895794,15.31691,13.716687,14.004613,14.004613,1120172988
2024-11-13,14.004148,14.371115,13.103653,13.475764,13.475764,910258164
2024-11-14,13.475759,13.812695,12.856064,12.971003,12.971003,689991231
2024-11-15,12.971159,13.884851,12.746134,13.849989,13.849989,645867168
2024-11-16,13.824384,14.77094,13.762865,14.526206,14.526206,756646648
2024-11-17,14.526206,14.855191,13.59899,13.778284,13.778284,641164136
2024-11-18,13.77837,15.96383,13.777182,15.220886,15.220886,1002271157
2024-11-19,15.220763,15.404451,14.480918,14.64631,14.64631,618752857
2024-11-20,14.646295,15.288312,14.074487,14.247102,14.247102,719119033
2024-11-21,14.247104,15.362538,13.879337,14.90804,14.90804,781024436
2024-11-22,14.908306,16.552341,14.758436,16.531857,16.531857,1153932720
2024-11-23,16.531832,18.247536,16.348097,17.385506,17.385506,1521291265
2024-11-24,17.385408,18.285885,16.251711,17.944859,17.944859,1141728333
2024-11-25,17.944645,19.003227,17.189352,17.387096,17.387096,1289484781
2024-11-26,17.386852,17.800684,16.255497,17.338844,17.338844,879962495
2024-11-27,17.338848,18.970324,17.0217,18.696129,18.696129,946737979
2024-11-28,18.696709,18.699745,17.528181,17.960947,17.960947,627681116
2024-11-29,17.960951,18.383204,17.555191,18.290644,18.290644,522913952
2024-11-30,18.289801,19.402557,17.980148,19.022661,19.022661,726534738
2024-12-01,19.022446,19.075045,18.478258,18.889429,18.889429,638179234
2024-12-02,18.889631,26.504333,18.658785,25.091211,25.091211,8935516000
2024-12-03,25.091637,26.108189,22.991728,24.217163,24.217163,3344542573
2024-12-04,24.218323,26.315022,23.689528,24.105141,24.105141,2233316427
2024-12-05,24.105347,24.731903,23.051584,23.400967,23.400967,1655548492
2024-12-06,23.172365,25.923298,22.894182,25.81105,25.81105,1464133424
2024-12-07,25.81105,26.771257,24.497116,24.800467,24.800467,1206894646
2024-12-08,24.992809,27.366734,24.727243,26.144575,26.144575,1667077604
2024-12-09,26.144444,27.261435,20.423021,22.346537,22.346537,3032910891
2024-12-10,22.346228,23.728462,20.381397,22.216991,22.216991,2284650070
2024-12-11,22.216454,24.300079,21.222572,24.09306,24.09306,1251318584
2024-12-12,24.093077,29.372717,23.959087,29.286852,29.286852,3621233210
2024-12-13,29.284948,30.805128,27.625767,29.024141,29.024141,2694601058
2024-12-14,29.024141,30.688148,28.795153,29.112492,29.112492,2225370019
2024-12-15,29.112118,29.743662,28.064306,29.223511,29.223511,1417091998
2024-12-16,29.224504,30.723875,28.451721,28.744183,28.744183,2177945359
2024-12-17,28.744183,28.975662,27.458477,27.823748,27.823748,1448603677
2024-12-18,27.824841,28.278193,24.796968,24.891148,24.891148,1830073362
2024-12-19,24.891293,25.545397,21.836851,22.892488,22.892488,2183321673
2024-12-20,22.892164,23.641068,20.062328,23.364502,23.364502,2000689009
2024-12-21,23.364578,24.886436,21.848057,22.126738,22.126738,1290476904
2024-12-22,22.126169,22.68502,21.375946,22.047066,22.047066,760283071
2024-12-23,22.047758,24.894194,21.547499,24.479013,24.479013,1418414647
2024-12-24,24.479065,25.933228,23.591999,25.439577,25.439577,1325641262
2024-12-25,25.439491,25.530321,24.210306,24.43117,24.43117,815332957
2024-12-26,24.430788,24.640654,22.462164,22.65229,22.65229,756276597
2024-12-27,22.652193,23.621317,21.39749,21.529095,21.529095,829602107
2024-12-28,21.529011,22.28091,21.058723,21.966082,21.966082,729747342
2024-12-29,21.966085,21.966085,20.775402,20.938786,20.938786,456858346
2024-12-30,20.938501,21.733086,20.104464,20.583473,20.583473,728410628
2024-12-31,20.583101,21.07366,19.856895,20.001366,20.001366,597468330
2025-01-01,20.001163,21.7712,19.707378,21.674845,21.674845,670017230
2025-01-02,21.674786,22.829363,21.672688,22.040438,22.040438,893194042
2025-01-03,22.039726,23.855545,21.691132,23.398355,23.398355,902211829
2025-01-04,23.398449,23.980871,22.910025,23.613359,23.613359,605411727
2025-01-05,23.612783,23.77191,22.903311,23.635233,23.635233,503863576
2025-01-06,23.634838,24.716795,23.060236,23.819811,23.819811,947119470
2025-01-07,23.820362,23.832096,21.260679,21.394884,21.394884,982938164
2025-01-08,21.394777,21.676779,19.706831,20.45516,20.45516,897360357
2025-01-09,20.455177,20.698904,19.206345,19.64579,19.64579,722680069
2025-01-10,19.64575,20.49552,19.591351,20.266521,20.266521,680376562
2025-01-11,20.266447,20.666077,19.851013,20.192392,20.192392,382790796
2025-01-12,20.192604,20.297443,19.613028,19.837339,19.837339,364944821
2025-01-13,19.837339,20.375051,17.954565,19.361107,19.361107,883044871
2025-01-14,19.361301,20.474609,19.277205,20.310087,20.310087,471632306
2025-01-15,20.310041,22.126661,20.121941,22.114241,22.114241,771864744
2025-01-16,22.114141,23.711664,21.343748,23.005604,23.005604,985313277
2025-01-17,23.005524,25.198851,23.004961,25.112717,25.112717,830368719
2025-01-18,25.112757,25.611288,23.414684,24.112377,24.112377,985292868
2025-01-19,24.112902,26.564299,22.267456,24.249273,24.249273,2207793074
2025-01-20,24.249151,26.791935,23.484015,25.068966,25.068966,2772617759
2025-01-21,25.068876,27.026363,23.723478,26.594463,26.594463,1503292294
2025-01-22,26.595423,27.011787,25.231619,25.291143,25.291143,682045028
2025-01-23,25.290747,26.09185,24.026102,25.655148,25.655148,1122706692
2025-01-24,25.654978,26.382143,24.966614,25.189669,25.189669,753379589
2025-01-25,25.189734,25.392475,24.753359,24.924709,24.924709,432619000
2025-01-26,24.924919,26.357958,24.898754,24.911713,24.911713,559922551
2025-01-27,24.911743,25.080044,22.235394,24.14934,24.14934,1167837939
2025-01-28,24.149754,24.623938,22.415651,22.615997,22.615997,620292730
2025-01-29,22.615799,24.423309,22.377768,23.622232,23.622232,742845725
2025-01-30,23.622868,25.159801,23.471901,24.473808,24.473808,592604517
2025-01-31,24.473425,26.263758,24.183249,25.148338,25.148338,778500220
2025-02-01,25.148533,25.917364,22.836584,23.048159,23.048159,634426010
2025-02-02,23.04814,23.294619,19.595432,20.427498,20.427498,1251773899
2025-02-03,20.428349,21.977678,16.348778,21.643274,21.643274,2756991354
2025-02-04,21.643417,21.69021,19.371164,20.063238,20.063238,1048262867
2025-02-05,20.063221,20.247065,19.028746,19.20437,19.20437,624337905
2025-02-06,19.204144,19.890478,18.489132,18.594286,18.594286,523730063
2025-02-07,18.594465,19.787992,17.839514,18.386972,18.386972,604860660
2025-02-08,18.386929,18.58185,17.92676,18.464569,18.464569,311371217
2025-02-09,18.464308,18.966944,17.494989,18.305155,18.305155,402859007
2025-02-10,18.304838,19.090981,17.722258,18.766146,18.766146,427544711
2025-02-11,18.766422,19.764608,18.314392,18.642302,18.642302,495570806
2025-02-12,18.642303,19.449015,17.807749,19.180674,19.180674,613343794
2025-02-13,19.181021,19.314369,18.243807,18.558941,18.558941,371819159
2025-02-14,18.558338,19.812788,18.484304,19.414375,19.414375,444394414
2025-02-15,19.413853,19.630156,18.773329,18.983059,18.983059,279323677
2025-02-16,18.983191,19.234171,18.623245,18.705296,18.705296,271286026
2025-02-17,18.705151,19.771173,18.504398,19.099895,19.099895,501421048
2025-02-18,19.099873,19.171762,17.31555,17.832607,17.832607,546007440
2025-02-19,17.832787,18.150612,17.482805,17.978579,17.978579,361053756
2025-02-20,17.978527,18.442869,17.852247,18.298744,18.298744,399718267
2025-02-21,18.298225,19.022326,17.143822,17.394213,17.394213,670200126
2025-02-22,17.394213,18.015968,17.354052,17.764296,17.764296,326060251
2025-02-23,17.76391,18.118183,17.454649,17.638788,17.638788,260701498
2025-02-24,17.637787,17.72352,15.196683,15.247294,15.247294,658369317
2025-02-25,15.247688,15.542109,14.164987,15.29446,15.29446,1116730684
2025-02-26,15.294646,15.693051,14.721743,15.20754,15.20754,664108244
2025-02-27,15.207531,15.739451,14.809857,15.106882,15.106882,362959025
2025-02-28,15.106442,15.140674,13.476812,14.816688,14.816688,638932904
2025-03-01,14.816746,15.121204,14.24467,14.788806,14.788806,315668142
2025-03-02,14.788806,17.450848,14.44491,17.413004,17.413004,852155445
2025-03-03,17.413242,17.422916,14.418974,14.4502,14.4502,750905984
2025-03-04,14.450188,15.289105,13.172625,14.875399,14.875399,855095310
2025-03-05,14.875065,16.562168,14.658366,16.462271,16.462271,868379407
2025-03-06,16.462299,17.621931,16.413612,17.070051,17.070051,1078605152
2025-03-07,17.070082,17.469847,15.782978,15.938859,15.938859,1180712381
2025-03-08,15.938867,15.997063,15.156147,15.251074,15.251074,425972812
2025-03-09,15.251072,15.335954,13.658312,13.773411,13.773411,472696909
2025-03-10,13.773411,14.512513,12.474602,12.693139,12.693139,728406483
2025-03-11,12.692467,13.622076,11.942579,13.099883,13.099883,816961576
2025-03-12,13.099727,13.773079,12.667601,13.482376,13.482376,583352599
2025-03-13,13.482376,13.541891,12.741003,13.027454,13.027454,364752318
2025-03-14,13.027454,14.650103,13.016185,13.679569,13.679569,987360764
2025-03-15,13.678985,14.227459,13.668221,14.037821,14.037821,322037634
2025-03-16,14.037717,14.165285,13.240715,13.371052,13.371052,285275119
2025-03-17,13.370881,14.210887,13.365701,14.035404,14.035404,341264522
2025-03-18,14.035333,14.223533,13.499043,13.923292,13.923292,324927311
2025-03-19,13.923292,15.018283,13.794673,15.012787,15.012787,522294649
2025-03-20,15.014128,15.105804,14.104474,14.215102,14.215102,323567352
2025-03-21,14.215101,14.372827,13.847297,13.959059,13.959059,221482760
2025-03-22,13.959165,14.485215,13.949766,14.226722,14.226722,193855290
2025-03-23,14.226697,14.47063,14.226697,14.43569,14.43569,219487165
2025-03-24,14.435346,15.327878,14.180117,15.089212,15.089212,412387400
2025-03-25,15.089847,15.582964,14.894516,15.455079,15.455079,325368585
2025-03-26,15.456179,15.990032,14.986158,15.259174,15.259174,371764957
2025-03-27,15.258924,15.771847,15.194957,15.507801,15.507801,337839460
2025-03-28,15.50788,15.561384,14.030012,14.244856,14.244856,395430631
2025-03-29,14.244378,14.391705,13.403439,13.545989,13.545989,264280829
2025-03-30,13.545899,13.842702,13.225685,13.387308,13.387308,237053891
2025-03-31,13.387337,13.695156,12.989531,13.512477,13.512477,315365161
2025-04-01,13.512477,14.367353,13.503238,14.042898,14.042898,326570058
2025-04-02,14.042898,14.283526,12.833842,12.934548,12.934548,644842107
2025-04-03,12.934733,13.295575,12.329806,12.879012,12.879012,486341955
2025-04-04,12.878987,13.170368,12.390082,12.934566,12.934566,459540540
2025-04-05,12.934463,13.0312,12.582278,12.846268,12.846268,178210090
2025-04-06,12.846223,12.929147,11.027206,11.253415,11.253415,399832301
2025-04-07,11.253415,11.788345,10.196194,11.451341,11.451341,955842354
2025-04-08,11.451391,11.844194,10.809951,10.908511,10.908511,419471778
2025-04-09,10.908657,12.800328,10.478041,12.657185,12.657185,761221440
2025-04-10,12.657277,12.657277,11.726917,12.07532,12.07532,396656016
2025-04-11,12.075382,12.872618,12.038868,12.661983,12.661983,334568981
2025-04-12,12.661954,13.268948,12.481487,13.14666,13.14666,261308485
2025-04-13,13.146702,13.205712,12.480043,12.623901,12.623901,297272524
2025-04-14,12.623799,13.224705,12.59219,12.622772,12.622772,315378129
2025-04-15,12.623078,12.805367,12.230388,12.235985,12.235985,306887087
2025-04-16,12.236036,12.510178,11.969655,12.357338,12.357338,297247643
2025-04-17,12.357084,12.690653,12.218426,12.517427,12.517427,244865843
2025-04-18,12.517549,12.707059,12.416664,12.562504,12.562504,158967314
2025-04-19,12.562504,13.027257,12.546541,12.937108,12.937108,161547702
2025-04-20,12.936899,13.567761,12.888043,13.275746,13.275746,254348045
2025-04-21,13.275746,13.680261,12.997052,13.10667,13.10667,305016868
2025-04-22,13.10658,14.150648,12.955601,14.139149,14.139149,427134691
2025-04-23,14.138944,15.226229,14.043896,15.005441,15.005441,542540507
2025-04-24,15.005466,15.111537,14.183257,15.044061,15.044061,420514365
2025-04-25,15.044149,15.339581,14.737113,14.929083,14.929083,437349649
2025-04-26,14.929201,15.240861,14.727187,14.875073,14.875073,266073846
2025-04-27,14.875176,15.07209,14.42036,14.58858,14.58858,274127467
2025-04-28,14.588237,15.098553,14.286677,15.017331,15.017331,379268687
2025-04-29,15.017324,15.224579,14.501121,14.613898,14.613898,299723458
2025-04-30,14.613883,14.732858,13.885999,14.292942,14.292942,286969867
2025-05-01,14.293027,15.026293,14.292613,14.752078,14.752078,323454941
2025-05-02,14.75255,15.011056,14.530162,14.661197,14.661197,309929654
2025-05-03,14.661189,14.665719,14.207695,14.260993,14.260993,201628037
2025-05-04,14.260687,14.354964,13.845151,13.859743,13.859743,191482386
2025-05-05,13.859807,14.15482,13.500488,13.646459,13.646459,275507863
2025-05-06,13.646459,13.873091,13.222563,13.830133,13.830133,264140161
2025-05-07,13.82994,14.06722,13.488748,13.819287,13.819287,247032743
2025-05-08,13.818178,15.936526,13.818139,15.849825,15.849825,618036599
2025-05-09,15.84991,16.69173,15.601247,16.01111,16.01111,751144767
2025-05-10,16.011335,17.422615,15.89795,17.340767,17.340767,620129218
2025-05-11,17.340391,17.364414,16.336931,17.06399,17.06399,591163726
2025-05-12,17.064072,17.892365,16.158239,16.732389,16.732389,790304801
2025-05-13,16.732389,17.78871,16.07616,17.432764,17.432764,644300503
2025-05-14,17.432673,17.496595,16.717638,17.013014,17.013014,493123628
2025-05-15,17.013023,17.180412,15.732941,16.003477,16.003477,558670360
2025-05-16,16.00415,16.494944,15.648833,15.755204,15.755204,397263663
2025-05-17,15.755104,15.760971,15.115089,15.320247,15.320247,358580958
2025-05-18,15.320459,16.363127,15.041558,15.922525,15.922525,502277058
2025-05-19,15.922525,15.960365,14.870426,15.799416,15.799416,538027678
2025-05-20,15.799314,16.379099,15.267698,15.691709,15.691709,528975136
2025-05-21,15.691709,16.45789,15.572889,16.124077,16.124077,718788922
2025-05-22,16.124199,16.877707,16.074617,16.736061,16.736061,604067032
2025-05-23,16.735531,17.137394,15.459901,15.521186,15.521186,733081164
2025-05-24,15.521186,15.896665,15.26588,15.355583,15.355583,324600216
2025-05-25,15.355574,15.547592,14.903774,15.52629,15.52629,308484013
2025-05-26,15.52629,15.936192,15.439311,15.527998,15.527998,322257921
2025-05-27,15.527998,16.110109,15.19524,15.918099,15.918099,361520447
2025-05-28,15.917822,16.137884,15.327399,15.665417,15.665417,327643278
2025-05-29,15.665865,16.17552,15.038725,15.040348,15.040348,479661352
2025-05-30,15.040337,15.107036,13.874753,13.899076,13.899076,693319716
2025-05-31,13.898997,14.178274,13.446074,13.976827,13.976827,438698223
2025-06-01,13.976845,14.119719,13.632994,14.062182,14.062182,274486723
2025-06-02,14.062182,14.111964,13.61818,14.092877,14.092877,283219559
2025-06-03,14.092881,14.425639,14.017439,14.115714,14.115714,344059775
2025-06-04,14.115658,14.464347,13.751371,13.850794,13.850794,249133779
2025-06-05,13.850839,14.031489,12.681837,12.922352,12.922352,438765014
2025-06-06,12.922357,13.638745,12.878641,13.581303,13.581303,338081573
2025-06-07,13.581315,14.082704,13.510598,13.836444,13.836444,234471484
2025-06-08,13.836424,13.963919,13.578299,13.71712,13.71712,181386799
2025-06-09,13.717024,14.38582,13.565077,14.3616,14.3616,276022760
2025-06-10,14.3616,15.49262,14.340749,15.427644,15.427644,564367410
2025-06-11,15.427742,15.640506,14.798278,14.909671,14.909671,513745332
2025-06-12,14.909671,14.910753,13.870742,14.025968,14.025968,476641270
2025-06-13,14.026015,14.026015,12.813789,13.436464,13.436464,672406626
2025-06-14,13.436621,13.443733,12.871608,13.166607,13.166607,226563235
2025-06-15,13.16662,13.31441,13.014958,13.29691,13.29691,195955927
2025-06-16,13.29691,14.14446,13.194232,13.574794,13.574794,371019927
2025-06-17,13.574804,13.765876,12.837238,13.007806,13.007806,466749364
2025-06-18,13.007872,13.213551,12.657727,13.103867,13.103867,357135409
2025-06-19,13.103774,13.362925,12.933842,13.074892,13.074892,290807257
2025-06-20,13.07492,13.270347,12.32703,12.514476,12.514476,358060222
2025-06-21,12.514476,12.726535,11.776225,11.985239,11.985239,322141364
2025-06-22,11.986448,12.16603,11.008237,11.652458,11.652458,626649288
2025-06-23,11.652578,12.916199,11.455295,12.874313,12.874313,544556269
2025-06-24,12.874421,13.722313,12.812163,13.408499,13.408499,570667319
2025-06-25,13.409084,13.489498,13.015179,13.136893,13.136893,379871936
2025-06-26,13.136893,13.537348,12.906156,12.929869,12.929869,309442233
2025-06-27,12.929862,13.204342,12.755947,13.060314,13.060314,262161395
2025-06-28,13.060051,13.439177,13.017079,13.399173,13.399173,190754304
2025-06-29,13.399183,13.837637,13.257943,13.72542,13.72542,234924590
2025-06-30,13.72542,13.740311,13.139951,13.380764,13.380764,370047007
2025-07-01,13.380266,13.420133,12.812107,12.896029,12.896029,275498720
2025-07-02,12.89602,13.838497,12.775577,13.559239,13.559239,439521701
2025-07-03,13.559229,14.028029,13.450905,13.668499,13.668499,435068408
2025-07-04,13.668499,13.757813,12.968308,13.169759,13.169759,316984914
2025-07-05,13.169703,13.263464,13.017116,13.229539,13.229539,153310516
2025-07-06,13.22954,13.680948,13.115332,13.494132,13.494132,221744747
2025-07-07,13.494151,13.682708,13.265763,13.428614,13.428614,297875545
2025-07-08,13.428587,13.980144,13.208902,13.96793,13.96793,321781054
2025-07-09,13.96793,14.354907,13.824827,14.253815,14.253815,501444137
2025-07-10,14.253815,15.321436,14.162207,15.239021,15.239021,582819496
2025-07-11,15.238971,15.834834,15.063792,15.298432,15.298432,803097126
2025-07-12,15.298432,15.466806,14.732,15.098609,15.098609,374446370
2025-07-13,15.098609,15.924683,15.063341,15.646005,15.646005,458285505
2025-07-14,15.646005,16.420507,15.633966,15.777633,15.777633,746693598
2025-07-15,15.777677,16.154226,15.177321,16.092302,16.092302,739042029
2025-07-16,16.093048,17.011713,15.838074,16.67417,16.67417,904010866
2025-07-17,16.67417,18.054663,16.355257,17.997988,17.997988,977566814
2025-07-18,17.997425,19.080799,17.382517,17.843006,17.843006,1445759901
2025-07-19,17.84252,18.539112,17.597973,18.416618,18.416618,629040826
2025-07-20,18.416609,19.789639,18.345531,19.305149,19.305149,1153258010
2025-07-21,19.305149,20.235979,19.043913,19.532303,19.532303,1064166148
2025-07-22,19.532303,19.935165,18.67325,19.663111,19.663111,1085236698
2025-07-23,19.663139,19.691198,17.600731,18.185083,18.185083,924309700
2025-07-24,18.18471,18.652344,17.221304,17.907915,17.907915,800891414
2025-07-25,17.907915,18.453749,17.331472,18.291023,18.291023,780433456
2025-07-26,18.290897,18.570951,18.193136,18.406492,18.406492,455030721
2025-07-27,18.406496,19.275011,18.378138,19.234554,19.234554,590595857
2025-07-28,19.234678,19.541828,18.025259,18.037018,18.037018,675519833
2025-07-29,18.037285,18.609116,17.509808,17.822281,17.822281,664415032
2025-07-30,17.822281,17.919291,16.885569,17.715185,17.715185,616970187
2025-07-31,17.715216,18.214069,16.890682,16.955446,16.955446,605981043
2025-08-01,16.954233,17.014402,15.758099,16.101534,16.101534,1036914835
2025-08-02,16.101427,16.236696,15.464231,15.651691,15.651691,495759864
2025-08-03,15.651691,16.358419,15.521001,16.299955,16.299955,316398400
2025-08-04,16.299997,17.181244,16.286442,17.103121,17.103121,486662113
2025-08-05,17.103081,17.109827,16.108395,16.384867,16.384867,556612821
2025-08-06,16.385103,16.884077,16.060617,16.686306,16.686306,358947457
2025-08-07,16.686296,18.483679,16.599483,18.469936,18.469936,894383315
2025-08-08,18.469931,19.957373,18.13702,19.895052,19.895052,1419317520
2025-08-09,19.894688,21.943007,19.804474,21.930365,21.930365,1477363572
2025-08-10,21.930374,22.61202,21.22233,22.102489,22.102489,1661730595
2025-08-11,22.102423,22.548227,20.87425,21.119766,21.119766,1292163260
2025-08-12,21.119802,24.07312,21.059092,23.522558,23.522558,2108631924
2025-08-13,23.522558,24.657822,23.28087,24.00079,24.00079,2162305354
2025-08-14,24.002453,24.275078,21.918043,22.479765,22.479765,2013471000
2025-08-15,22.479998,23.024393,21.435308,21.753004,21.753004,1160731112
2025-08-16,21.75281,22.950401,21.440159,22.652239,22.652239,987201586
2025-08-17,22.652367,26.224697,22.405394,25.688791,25.688791,2449416880
2025-08-18,25.687954,26.676716,24.413923,25.759439,25.759439,3360323981
2025-08-19,25.759468,25.780939,23.495476,23.518341,23.518341,2372746788
2025-08-20,23.518509,26.856668,23.406178,26.36775,26.36775,2975824470
2025-08-21,26.368048,26.513048,24.662167,24.785217,24.785217,2030657214
2025-08-22,24.785395,27.735258,24.165956,26.746483,26.746483,3394107927
2025-08-23,26.74609,26.773052,25.556709,26.278017,26.278017,1489813562
2025-08-24,26.277395,26.567135,25.315187,25.821594,25.821594,1682690001
2025-08-25,25.822294,26.385014,23.172522,23.395716,23.395716,2146873839
2025-08-26,23.395134,24.717518,22.90844,24.399843,24.399843,1709868832
2025-08-27,24.399788,24.626984,23.644817,23.757828,23.757828,1506080838
2025-08-28,23.759518,25.895826,23.6001,25.180487,25.180487,2580094417
2025-08-29,25.180346,25.192163,23.154467,23.433657,23.433657,1874061841
2025-08-30,23.433847,23.505322,22.896635,23.497807,23.497807,698362677
2025-08-31,23.497879,24.012146,23.223429,23.224033,23.224033,886417775
2025-09-01,23.223469,23.824736,22.178806,22.481396,22.481396,1336339788
2025-09-02,22.483398,23.571842,22.37244,23.480976,23.480976,1191125537
2025-09-03,23.481007,23.890018,23.229153,23.692417,23.692417,831944457
2025-09-04,23.692417,23.939865,22.224377,22.351324,22.351324,906230758
2025-09-05,22.351046,23.182537,22.064541,22.291437,22.291437,1326920043
2025-09-06,22.291437,22.489298,21.897589,22.205257,22.205257,556781221
2025-09-07,22.205257,22.569889,22.139944,22.465261,22.465261,482577447
2025-09-08,22.465403,23.26976,22.267208,23.050865,23.050865,955077831
2025-09-09,23.050901,23.794449,22.863371,23.055517,23.055517,1063479411
2025-09-10,23.055576,23.886297,22.908234,23.556967,23.556967,813995265
2025-09-11,23.556925,24.492229,23.468822,24.466789,24.466789,1052199907
2025-09-12,24.466829,25.293205,24.222895,25.13623,25.13623,1143932659
2025-09-13,25.135851,25.577938,24.502531,24.877197,24.877197,1014268343
2025-09-14,24.877153,24.998287,23.894684,24.131353,24.131353,703294515
2025-09-15,24.131187,24.431183,23.021196,23.584925,23.584925,900825492
2025-09-16,23.584932,23.744661,23.160524,23.494625,23.494625,682554445
2025-09-17,23.494295,24.230696,22.83268,23.987413,23.987413,1170212603
2025-09-18,23.987547,24.727634,23.712194,24.640253,24.640253,959274372
2025-09-19,24.640314,24.851458,23.337343,23.496611,23.496611,1066877361
2025-09-20,23.496981,23.654325,23.130297,23.344814,23.344814,501304427
2025-09-21,23.344734,23.485741,22.940224,22.99725,22.99725,435051103
2025-09-22,22.997286,23.03278,20.840963,21.660231,21.660231,1496100656
2025-09-23,21.660172,21.988453,21.219574,21.54464,21.54464,776247349
2025-09-24,21.543882,21.964254,21.116665,21.620655,21.620655,811744874
2025-09-25,21.620722,21.657104,19.913252,20.108458,20.108458,1222682522
2025-09-26,20.108801,21.224113,19.974558,21.085903,21.085903,848191807
2025-09-27,21.085487,21.151464,20.761641,20.928057,20.928057,324665391
2025-09-28,20.928085,21.691706,20.466377,21.680927,21.680927,446906327
2025-09-29,21.681005,21.888475,20.968767,21.749245,21.749245,667529543
2025-09-30,21.749233,21.836164,21.01545,21.329388,21.329388,723246420
2025-10-01,21.329185,22.627831,21.082134,22.582314,22.582314,844755025
2025-10-02,22.582743,23.114311,22.001013,22.774349,22.774349,948735220
2025-10-03,22.774378,23.058743,22.142435,22.524408,22.524408,965222469
2025-10-04,22.524473,22.599348,21.797754,22.032007,22.032007,628716750
2025-10-05,22.031981,22.911045,21.933924,22.002396,22.002396,863779461
2025-10-06,22.002396,23.575542,21.553602,23.374546,23.374546,1194602384
2025-10-07,23.374222,23.669268,21.847271,21.85598,21.85598,1315570468
2025-10-08,21.856022,22.653025,21.725185,22.620699,22.620699,784523519
2025-10-09,22.620689,22.654375,21.378801,22.0123,22.0123,880368741
2025-10-10,22.012203,22.751162,10.17926,17.354767,17.354767,3361821002
2025-10-11,17.341881,18.477812,16.678289,17.213488,17.213488,1988393359
2025-10-12,17.213497,19.391937,16.765865,19.047707,19.047707,1278894619
2025-10-13,19.047571,20.192644,18.813986,19.864935,19.864935,1422251197
2025-10-14,19.864889,20.035305,18.158018,19.113392,19.113392,1375105192
2025-10-15,19.113382,19.23595,17.843441,18.063412,18.063412,946169365
2025-10-16,18.063412,18.566954,17.144947,17.405205,17.405205,963114595
2025-10-17,17.405495,17.666962,15.769655,16.611237,16.611237,1310104291
2025-10-18,16.611315,16.966511,16.588125,16.82073,16.82073,444690571
2025-10-19,16.82073,17.65686,16.553022,17.27529,17.27529,685360938
2025-10-20,17.275906,19.172806,16.963078,18.657476,18.657476,1317301407
2025-10-21,18.662205,18.940266,17.575394,17.628418,17.628418,1329358652
2025-10-22,17.62825,17.835785,16.868801,17.207212,17.207212,945434490
2025-10-23,17.207212,17.764767,17.13983,17.416077,17.416077,699180129
2025-10-24,17.416103,17.984703,17.31731,17.878086,17.878086,666571200
2025-10-25,17.878086,18.22382,17.808283,18.016981,18.016981,355900758
2025-10-26,18.017511,18.660915,17.712164,18.540293,18.540293,681105114
2025-10-27,18.541323,19.021477,18.139427,18.216867,18.216867,877560888
2025-10-28,18.216841,18.787518,17.559404,17.840239,17.840239,869022092
2025-10-29,17.840322,18.618071,17.694628,18.110287,18.110287,995502586
2025-10-30,18.109818,18.400467,16.385992,16.804743,16.804743,1180005684
2025-10-31,16.805586,17.419323,16.781984,17.240046,17.240046,805192726
2025-11-01,17.240149,17.401369,17.075865,17.121698,17.121698,438785349
2025-11-02,17.121679,17.600069,17.00736,17.598976,17.598976,524183843
2025-11-03,17.598063,17.628025,15.046917,15.242859,15.242859,1383418830
2025-11-04,15.242831,15.474836,13.865748,14.724412,14.724412,1622564462
2025-11-05,14.723957,15.37761,14.0439,15.150304,15.150304,965152397
2025-11-06,15.149827,15.194333,14.324334,14.716655,14.716655,733660296
2025-11-07,14.717703,16.195686,14.365884,15.769025,15.769025,1052439693
2025-11-08,15.769099,16.001402,15.149272,15.51536,15.51536,752557415
2025-11-09,15.515303,16.099745,15.06065,15.927966,15.927966,633488337
2025-11-10,15.92775,16.625042,15.855693,16.344212,16.344212,841203343
2025-11-11,16.344753,16.716917,15.27698,15.298301,15.298301,760231060
2025-11-12,15.298078,16.209759,14.965482,15.141705,15.141705,810797365
2025-11-13,15.14175,15.976842,14.170379,14.584553,14.584553,1003151749
2025-11-14,14.584364,14.58567,13.645996,13.800078,13.800078,1100900775
2025-11-15,13.798152,14.309028,13.798152,14.120943,14.120943,487126006
2025-11-16,14.121142,14.47353,13.4459,13.741969,13.741969,790466339
2025-11-17,13.741694,14.17671,13.101222,13.306071,13.306071,865194247
2025-11-18,13.306604,13.961407,13.120712,13.794932,13.794932,825409520
2025-11-19,13.794593,13.794593,12.801052,13.521196,13.521196,845304901
2025-11-20,13.521321,13.940573,12.791886,12.925078,12.925078,1004586893
2025-11-21,12.924699,13.175442,11.660617,12.119377,12.119377,1300578209
2025-11-22,12.119553,12.262311,11.770852,12.172948,12.172948,516413939
2025-11-23,12.173175,12.724534,12.123977,12.509099,12.509099,594430890
2025-11-24,12.509327,13.178526,12.374623,12.964276,12.964276,708639149
2025-11-25,12.964057,13.19715,12.589847,13.065638,13.065638,674660530
2025-11-26,13.065667,13.492705,12.762998,13.455601,13.455601,535075113
2025-11-27,13.455579,13.553444,13.243778,13.348663,13.348663,445590223
2025-11-28,13.348682,13.510628,13.076004,13.13994,13.13994,478723295
2025-11-29,13.139918,13.205681,12.958692,13.00293,13.00293,310763617
2025-11-30,13.002795,13.412604,12.97598,12.981497,12.981497,328471524
2025-12-01,12.979914,12.979914,11.762447,12.085402,12.085402,829474677
2025-12-02,12.085394,13.569308,11.99312,13.510494,13.510494,799393506
2025-12-03,13.50985,14.709872,13.457096,14.687667,14.687667,1211123454
2025-12-04,14.68186,14.910977,14.007237,14.254021,14.254021,720360577
2025-12-05,14.254481,14.379758,13.39729,13.607116,13.607116,668600935
2025-12-06,13.607093,14.070095,13.513663,13.926069,13.926069,470170431
2025-12-07,13.925994,14.135845,13.233833,13.642916,13.642916,615161382
2025-12-08,13.643217,14.254389,13.61014,13.748384,13.748384,577408386
2025-12-09,13.74892,14.984186,13.578459,14.417297,14.417297,721040184
2025-12-10,14.417238,14.862334,13.98557,14.118708,14.118708,785783951
2025-12-11,14.11826,14.181832,13.445608,14.062647,14.062647,678492606
2025-12-12,14.062516,14.326871,13.335378,13.645242,13.645242,580676373
2025-12-13,13.645215,13.95243,13.618451,13.742838,13.742838,334111632
2025-12-14,13.742929,13.782325,13.207555,13.292393,13.292393,382513332
2025-12-15,13.292303,13.719581,12.537033,12.864612,12.864612,667123756
2025-12-16,12.864612,13.069948,12.645985,12.934126,12.934126,542879458
2025-12-17,12.934126,13.126524,12.148893,12.240102,12.240102,637625397
2025-12-18,12.240261,12.829326,11.759349,11.933768,11.933768,687187945
2025-12-19,11.933768,12.729794,11.855096,12.531227,12.531227,577250884
2025-12-20,12.531209,12.696409,12.48551,12.551011,12.551011,255017538
2025-12-21,12.550978,12.684807,12.243268,12.432074,12.432074,337431219
2025-12-22,12.432074,12.877556,12.376265,12.578183,12.578183,500351044
2025-12-23,12.578211,12.667014,12.129007,12.387865,12.387865,438012165
2025-12-24,12.387831,12.410331,12.066638,12.268151,12.268151,299871493
2025-12-25,12.268151,12.401097,12.017642,12.055989,12.055989,245990002
2025-12-26,12.055835,12.51515,12.046413,12.177103,12.177103,318075740
2025-12-27,12.177085,12.497826,12.167432,12.497621,12.497621,215036321
2025-12-28,12.497555,12.56441,12.326004,12.47721,12.47721,247125605
2025-12-29,12.477226,12.977884,12.259302,12.290201,12.290201,460383776
2025-12-30,12.290192,12.561203,12.270892,12.414363,12.414363,310407593
2025-12-31,12.414363,12.507662,12.187712,12.188008,12.188008,466939404
2026-01-01,12.188226,12.605822,12.143739,12.586159,12.586159,424088085
2026-01-02,12.586124,13.405163,12.575803,13.263242,13.263242,833520947
2026-01-03,13.263481,13.355285,12.993575,13.231463,13.231463,510726074
2026-01-04,13.231463,13.557691,13.226286,13.39876,13.39876,583816633
2026-01-05,13.399941,14.114193,13.399941,13.917907,13.917907,926822463
2026-01-06,13.917685,14.186852,13.499104,14.041693,14.041693,997947576
2026-01-07,14.041325,14.041778,13.316846,13.428935,13.428935,762040205
2026-01-08,13.428935,13.529768,13.043405,13.215399,13.215399,675466736
2026-01-09,13.215457,13.407737,13.06197,13.117958,13.117958,561561184
2026-01-10,13.118079,13.226133,13.064697,13.129127,13.129127,201046969
2026-01-11,13.128449,13.326699,13.070014,13.174175,13.174175,235889877
2026-01-12,13.174329,13.488855,12.966286,13.068761,13.068761,385293417
2026-01-13,13.068947,14.152378,13.054831,14.042168,14.042168,543318706
2026-01-14,14.042204,14.37619,13.864969,14.114401,14.114401,595218601
2026-01-15,14.114208,14.189085,13.581501,13.784298,13.784298,559488733
2026-01-16,13.784555,13.856759,13.457235,13.72749,13.72749,359299335
2026-01-17,13.727386,13.883113,13.636481,13.735366,13.735366,221107572
2026-01-18,13.735366,13.862285,13.328983,13.329925,13.329925,318489778
2026-01-19,13.329689,13.329689,12.731785,12.877442,12.877442,579914287
2026-01-20,12.877458,12.886451,12.108064,12.11368,12.11368,440295539
2026-01-21,12.11361,12.637522,11.937913,12.386194,12.386194,509903013
2026-01-22,12.386183,12.564042,12.125119,12.242456,12.242456,330622925
2026-01-23,12.242474,12.441728,12.056084,12.208968,12.208968,281712703
2026-01-24,12.208895,12.260382,12.128176,12.193202,12.193202,180740178
2026-01-25,12.193097,12.196955,11.380248,11.505538,11.505538,434691233
2026-01-26,11.505501,12.098298,11.505501,11.942946,11.942946,358161681
2026-01-27,11.942714,12.155853,11.839158,12.035913,12.035913,356066800
2026-01-28,12.03588,12.035971,11.700032,11.832648,11.832648,313537950
2026-01-29,11.832738,11.834918,10.826945,11.09845,11.09845,507488098
2026-01-30,11.098469,11.137149,10.520035,10.769638,10.769638,617422643
2026-01-31,10.769654,10.797411,9.3280754,9.9686089,9.9686089,1240920271
2026-02-01,9.9686031,10.059541,9.2595873,9.4106913,9.4106913,971087849
2026-02-02,9.4107399,9.9788427,9.037488,9.806777,9.806777,1200864306
2026-02-03,9.806777,9.8486986,9.0849628,9.4509888,9.4509888,1051602598
2026-02-04,9.4515276,9.744544,9.0457678,9.2514763,9.2514763,1004411207
2026-02-05,9.2514763,9.3008499,7.8700862,7.9071808,7.9071808,1716893944
2026-02-06,7.9067788,8.9813461,7.3196402,8.8794508,8.8794508,1616304302
2026-02-07,8.8794785,9.02384,8.5984182,8.9132929,8.9132929,914620386
2026-02-08,8.9133024,9.0232601,8.7435627,8.8324356,8.8324356,553095508
2026-02-09,8.831563,8.9918098,8.4680853,8.8298378,8.8298378,663704276
2026-02-10,8.8298388,8.8710947,8.4862738,8.5612993,8.5612993,579891590
2026-02-11,8.5613327,8.6012182,8.1596861,8.3115892,8.3115892,833745954
2026-02-12,8.3116474,8.5751753,8.1922731,8.4026651,8.4026651,684709448
2026-02-13,8.4026308,8.8768578,8.3070917,8.7682819,8.7682819,638493885
2026-02-14,8.7682753,9.1910172,8.7641878,9.0884523,9.0884523,579907709
2026-02-15,9.0884571,9.2289114,8.6184359,8.7818708,8.7818708,673842264
2026-02-16,8.7818394,8.9718513,8.6655817,8.9255371,8.9255371,546540481
2026-02-17,8.9255314,8.9801636,8.6930914,8.8305674,8.8305674,548270642
2026-02-18,8.8305674,8.9772539,8.5450296,8.5989056,8.5989056,537712409
2026-02-19,8.598897,8.7297039,8.3814211,8.5694952,8.5694952,521500061
2026-02-20,8.5694838,8.9923191,8.4685516,8.9414062,8.9414062,655939489
2026-02-21,8.9413929,9.0057716,8.8601065,8.8760157,8.8760157,413116544
2026-02-22,8.8760157,8.8890333,8.6153603,8.6726694,8.6726694,369818076
2026-02-23,8.6727095,8.6832447,8.1845446,8.2652292,8.2652292,769627386
2026-02-24,8.2651978,8.326231,8.0776777,8.2031021,8.2031021,438456408
2026-02-25,8.2031107,9.535965,8.1891642,9.2562962,9.2562962,586483686
2026-02-26,9.2559156,9.3283873,8.8787861,9.0984602,9.0984602,420582838
2026-02-27,9.0982037,9.2713289,8.6067438,8.7087765,8.7087765,335270206
2026-02-28,8.7087688,8.9099474,8.2262325,8.8437309,8.8437309,489891844
2026-03-01,8.8437309,9.1845932,8.5540142,8.6723499,8.6723499,777710762
2026-03-02,8.6726007,9.2177353,8.5985184,8.9484968,8.9484968,852252201
2026-03-03,8.9484901,9.0027065,8.5980358,8.8123674,8.8123674,759572365
2026-03-04,8.8123674,9.6149654,8.7008533,9.348465,9.348465,958769737
2026-03-05,9.348465,9.479454,9.0898628,9.1968746,9.1968746,795698003
2026-03-06,9.1970062,9.2899752,8.6811733,8.7936659,8.7936659,676654703
2026-03-07,8.7936563,8.8353491,8.6589756,8.6949778,8.6949778,418422310
2026-03-08,8.6949348,8.7653513,8.4427528,8.5234365,8.5234365,547922531
2026-03-09,8.5234365,9.0782909,8.5190678,8.8600225,8.8600225,741942810
2026-03-10,8.8600731,9.1626329,8.8598261,8.9830732,8.9830732,725291006
2026-03-11,8.9830399,9.145256,8.8831701,8.9955311,8.9955311,639261316
2026-03-12,8.9956589,9.0993366,8.8509626,9.0585032,9.0585032,623583834
2026-03-13,9.0584402,9.5708265,9.0349627,9.0880241,9.0880241,877427390
2026-03-14,9.0880194,9.1617765,8.9354029,9.1614933,9.1614933,439216529
2026-03-15,9.1614494,9.5258188,9.1248283,9.4821272,9.4821272,609571257
2026-03-16,9.4821634,10.061434,9.4254494,9.9270878,9.9270878,1103481825
2026-03-17,9.9268446,9.9918137,9.700778,9.795186,9.795186,772047519
2026-03-18,9.7950764,9.91436,9.1044922,9.2258301,9.2258301,734923859
2026-03-19,9.2258186,9.3241892,8.9079676,9.0473328,9.0473328,696017382
2026-03-20,9.0473137,9.1879549,8.9711027,9.1132355,9.1132355,620848430
2026-03-21,9.1132355,9.1594591,8.8038654,8.8074121,8.8074121,364522757
2026-03-22,8.8091469,8.9493628,8.5859728,8.6852245,8.6852245,600370610
2026-03-23,8.6852274,9.269434,8.589097,9.1027088,9.1027088,940056029
2026-03-24,9.1029806,9.25702,9.0212526,9.2465267,9.2465267,695691908
2026-03-25,9.2465267,9.4776278,9.181179,9.3746939,9.3746939,635541665
2026-03-26,9.3746939,9.3770552,8.8178511,8.914506,8.914506,630993903
2026-03-27,8.914505,8.9686909,8.4952765,8.5638199,8.5638199,402394660
2026-03-28,8.5638113,8.6729794,8.4279728,8.4281569,8.4281569,255519196
2026-03-29,8.4281721,8.5555134,8.2477789,8.405262,8.405262,234623563
2026-03-30,8.4052525,8.8922215,8.4041986,8.6106958,8.6106958,349720270
2026-03-31,8.6108065,8.8514128,8.5118237,8.777545,8.777545,418162560
2026-04-01,8.7776117,9.1465874,8.7457399,8.9378023,8.9378023,642798916
2026-04-02,8.9378433,8.9989834,8.4353561,8.6284609,8.6284609,672845433
2026-04-03,8.6284618,8.765419,8.5979271,8.6581917,8.6581917,384388575
2026-04-04,8.6582308,8.7483673,8.6248465,8.6928997,8.6928997,262759205
2026-04-05,8.6928997,8.8397894,8.4859047,8.8116274,8.8116274,349318157
2026-04-06,8.811758,9.1054077,8.7506056,8.8051319,8.8051319,574878042
2026-04-07,8.8048601,9.3836813,8.5803442,9.2955837,9.2955837,804405924
2026-04-08,9.2957153,9.3197498,8.8515472,8.8604717,8.8604717,675611198
2026-04-09,8.8605938,9.1373291,8.6998348,8.94277,8.94277,690967788
2026-04-10,8.9427748,9.1702862,8.8887033,9.0878067,9.0878067,514037106
2026-04-11,9.0878458,9.2738533,8.9766493,9.0694456,9.0694456,400794180
2026-04-12,9.0694456,9.0722141,8.7071733,8.7371569,8.7371569,509473249
2026-04-13,8.7371569,9.4190454,8.6989002,9.3628511,9.3628511,657382992
2026-04-14,9.3628416,9.3734941,8.9613304,9.0227833,9.0227833,677378091
2026-04-15,9.0227833,9.3488026,9.0077143,9.2615128,9.2615128,552788664
2026-04-16,9.2614822,9.6488075,9.1473684,9.5808334,9.5808334,747529647
2026-04-17,9.581193,9.8599129,9.3485575,9.6251173,9.6251173,706352102
2026-04-18,9.6250572,9.6428003,9.2745657,9.2928667,9.2928667,532153843
2026-04-19,9.2928228,9.350893,9.0211544,9.0706854,9.0706854,609688444
2026-04-20,9.0706854,9.3945227,9.0681057,9.2911034,9.2911034,590049326
2026-04-21,9.2910938,9.4793329,9.2529325,9.3982248,9.3982248,587330634
2026-04-22,9.3984337,9.5422421,9.2968655,9.2987337,9.2987337,572404956
2026-04-23,9.2988815,9.3772421,9.1602583,9.3558922,9.3558922,551654040
2026-04-24,9.3558826,9.439374,9.2521477,9.3774347,9.3774347,434072952
2026-04-25,9.3774261,9.4390965,9.2970352,9.3461752,9.3461752,278827366
2026-04-26,9.3461752,9.5234928,9.3098936,9.4940786,9.4940786,256055479
2026-04-27,9.4940767,9.5791121,9.1698227,9.3209543,9.3209543,269035890
2026-04-28,9.320962,9.3285742,9.1621046,9.239625,9.239625,191665897
2026-04-29,9.239625,9.4116316,8.9422932,9.118187,9.118187,265276071
2026-04-30,9.1181831,9.176487,9.0392351,9.1043634,9.1043634,196716296
2026-05-01,9.1043921,9.2649879,9.074523,9.0926876,9.0926876,405699701
2026-05-02,9.0926876,9.2230301,9.0733719,9.1743507,9.1743507,331843771
2026-05-03,9.1743727,9.2061663,9.0737457,9.1315041,9.1315041,335581210
2026-05-04,9.1314812,9.6400318,9.1019545,9.3532171,9.3532171,894004246
2026-05-05,9.3532114,9.8344202,9.3529806,9.7659883,9.7659883,694817527
2026-05-06,9.7659864,10.229842,9.7659063,9.9942131,9.9942131,844576041
2026-05-07,9.9942446,10.115561,9.8195,9.8517036,9.8517036,661711626
2026-05-08,9.8517036,10.475152,9.7811279,10.33021,10.33021,805378963
2026-05-09,10.330781,10.597783,10.295966,10.371932,10.371932,533268914
2026-05-10,10.372015,10.854065,10.294048,10.712529,10.712529,664473782
2026-05-11,10.712529,10.736552,10.418519,10.593592,10.593592,655115660
2026-05-12,10.59361,10.594154,10.131204,10.283821,10.283821,603241665
2026-05-13,10.283812,10.785567,10.063182,10.2116,10.2116,757557991
2026-05-14,10.211608,10.758382,10.10056,10.473087,10.473087,767841368
2026-05-15,10.473115,10.540847,9.9988184,10.06618,10.06618,605689111
2026-05-16,10.06618,10.087878,9.626749,9.7199306,9.7199306,553190424
2026-05-17,9.7198601,9.8367701,9.4601488,9.5541325,9.5541325,538197846
2026-05-18,9.5539017,9.6051865,9.3274088,9.5928288,9.5928288,601668762
2026-05-19,9.5928736,9.8071985,9.4389,9.4497719,9.4497719,545333995
2026-05-20,9.4497805,9.6703119,9.3819427,9.6219273,9.6219273,622178157
2026-05-21,9.6219311,9.8296709,9.5242329,9.7405796,9.7405796,369469773
2026-05-22,9.7406616,10.008336,9.3790379,9.4153528,9.4153528,414923816
2026-05-23,9.4153566,9.7475929,9.0986366,9.5583963,9.5583963,386689897
2026-05-24,9.5582523,9.6095057,9.26546,9.4289999,9.4289999,286174751
2026-05-25,9.428997,9.6462793,9.3640642,9.4977789,9.4977789,265619529
2026-05-26,9.4977884,9.667593,9.3427782,9.3748493,9.3748493,346199992
2026-05-27,9.3750114,9.4510584,9.1050072,9.1281147,9.1281147,345379299
2026-05-28,9.1280975,9.1317368,8.7886286,8.9883633,8.9883633,401320812
2026-05-29,8.9883633,9.1125593,8.8013239,9.0152369,9.0152369,315470580
2026-05-30,9.0151463,9.292943,9.0137434,9.1651831,9.1651831,316654045
2026-05-31,9.1651888,9.2742996,8.9947281,9.1266937,9.1266937,292605012
2026-06-01,9.126996,9.1873541,8.8441601,9.0379534,9.0379534,346950273
2026-06-02,9.0379534,9.0532274,8.2628269,8.3624411,8.3624411,438831254
2026-06-03,8.3625727,8.5960464,8.1239004,8.3349857,8.3349857,467656019
2026-06-04,8.3349857,8.3789473,7.8150749,8.000823,8.000823,623748553
2026-06-05,8.0008612,8.0225105,7.135067,7.350719,7.350719,665022939
2026-06-06,7.350698,7.4593182,7.0258269,7.397984,7.397984,375901984
2026-06-07,7.3979669,7.9624348,7.377749,7.8984842,7.8984842,343643178
2026-06-08,7.8990302,8.1189451,7.7349591,7.987536,7.987536,334329935
2026-06-09,7.9875722,8.0140944,7.6759739,7.8370409,7.8370409,317616595
2026-06-10,7.8370008,7.8779168,7.4921422,7.5629878,7.5629878,276204362
2026-06-11,7.563231,7.9657168,7.5596251,7.8822989,7.8822989,304627853
2026-06-12,7.8822298,7.9947672,7.7555308,7.8556929,7.8556929,214718054
2026-06-13,7.85571,8.0304861,7.855629,7.9774199,7.9774199,184171303
2026-06-14,7.9774199,8.167737,7.7935171,8.1662216,8.1662216,198671957
2026-06-15,8.1669569,8.5708637,8.1090775,8.2952204,8.2952204,326395749
2026-06-16,8.2952204,8.4529762,8.1113482,8.2645435,8.2645435,230496375
2026-06-17,8.2645435,8.3952379,7.9666419,8.0772581,8.0772581,248031294
2026-06-18,8.0772676,8.1222639,7.7830591,8.0016613,8.0016613,253035479
2026-06-19,8.0015936,8.0266418,7.7811108,7.941855,7.941855,206176755
2026-06-20,7.941771,7.9940372,7.8278308,7.9768929,7.9768929,176975376
2026-06-21,7.9771581,7.990242,7.7735162,7.7753358,7.7753358,163742518
2026-06-22,7.775373,8.1366434,7.7749658,7.8651042,7.8651042,240318358
2026-06-23,7.8650842,7.8999729,7.5002899,7.6233778,7.6233778,260140544
2026-06-24,7.6233749,7.6498508,7.1305161,7.415134,7.415134,335063599
2026-06-25,7.4150839,7.5285478,7.0447779,7.232657,7.232657,287405595
2026-06-26,7.2326288,7.3703399,7.0224042,7.3413491,7.3413491,276869677
2026-06-27,7.3413701,7.4521341,7.26085,7.288497,7.288497,163935666
2026-06-28,7.28826,7.3309331,7.16711,7.2599692,7.2599692,187123790
2026-06-29,7.2599692,7.477973,7.1877518,7.3695059,7.3695059,271785611
2026-06-30,7.3694301,7.375948,7.1228142,7.189456,7.189456,256806103
2026-07-01,7.1894469,7.4925928,7.1267042,7.3501158,7.3501158,265353984
2026-07-02,7.350112,7.9037499,7.3107572,7.7415051,7.7415051,326012444
2026-07-03,7.7414951,8.0141096,7.71767,7.9624619,7.9624619,258971410
2026-07-04,7.9624858,8.1642933,7.881566,8.0009909,8.0009909,193302609
2026-07-05,8.0009909,8.1226149,7.8445358,8.0543232,8.0543232,180034566
2026-07-06,8.0543022,8.1174431,7.762671,8.0156851,8.0156851,253605435
2026-07-07,8.0157032,8.0562735,7.8171339,7.857584,7.857584,203416425
2026-07-08,7.857574,7.876997,7.5274229,7.6283951,7.6283951,222776770
2026-07-09,7.6286802,7.7951102,7.5822411,7.7313561,7.7313561,202610685
2026-07-10,7.7312889,8.0009804,7.7145958,7.9629521,7.9629521,206969199
2026-07-11,7.9629879,8.1009388,7.917089,7.9238868,7.9238868,181240521
2026-07-12,7.9236012,8.0862274,7.8764882,7.9919872,7.9919872,175056506
2026-07-13,7.9920468,8.1130953,7.8013458,7.8737459,7.8737459,222927930
2026-07-14,7.8737421,8.3689852,7.8671212,8.3398275,8.3398275,257565886
2026-07-15,8.3399057,8.6047907,8.2688751,8.5349407,8.5349407,291745049
2026-07-16,8.5349159,8.5535097,8.3138399,8.3319521,8.3319521,257494871
2026-07-17,8.3319521,8.3539963,8.0112,8.2570753,8.2570753,267514498
2026-07-18,8.2570801,8.3654661,8.2105036,8.344861,8.344861,175331169
2026-07-19,8.3448696,8.3912077,8.2933483,8.3711071,8.3711071,148521145
2026-07-20,8.3711004,8.6268473,8.2979612,8.5834723,8.5834723,246059752
2026-07-21,8.5835648,8.7423391,8.571414,8.6479244,8.6479244,256777750
2026-07-22,8.6479425,8.7354612,8.5750113,8.6232548,8.6232548,212035801
2026-07-23,8.6229506,8.6628466,8.4212914,8.4642086,8.4642086,185610330
2026-07-24,8.4642258,8.5590639,8.2993393,8.3325453,8.3325453,179206502
2026-07-25,8.3325424,8.418972,8.2679234,8.3729115,8.3729115,145914703
2026-07-26,8.3729124,8.8200293,8.372776,8.8123522,8.8123522,207578206
2026-07-27,8.8124208,8.8652821,8.3484211,8.362134,8.362134,276402331
2026-07-28,8.3622408,8.4365826,8.2028837,8.4258757,8.4258757,227387476
2026-07-29,8.4259739,8.4835463,8.1723557,8.3240509,8.3240509,237504127
2026-07-30,8.3240862,8.5160322,8.258667,8.4568186,8.4568186,207930761
2026-07-31,8.4568472,8.4882326,8.0428534,8.1612949,8.1612949,225120195
2026-08-01,8.1612978,8.2348318,7.900022,8.0560017,8.0560017,174085589
2026-08-02,8.0560017,8.4146643,8.0522356,8.3695726,8.3695726,222650965
2026-08-03,8.3695784,8.3735428,8.1607437,8.174552,8.174552,196678925
2026-08-04,8.1745529,8.2435741,8.1159573,8.1420422,8.1420422,210986010
2026-08-05,8.1420574,8.2399902,8.0714493,8.1494379,8.1494379,167954558
2026-08-06,8.1494408,8.3236332,8.0665751,8.1790266,8.1790266,197572740
2026-08-07,8.1788263,8.3002529,8.1167278,8.1807728,8.1807728,177397435
2026-08-08,8.1807833,8.3794327,8.1638918,8.3006697,8.3006697,163904986
2026-08-09,8.3006716,8.3650379,8.1788378,8.1790466,8.1790466,174844536
2026-08-10,8.1792135,8.3427963,8.1736469,8.2890692,8.2890692,216166234
2026-08-11,8.28901,8.7757664,8.2887487,8.7699766,8.7699766,403647715
2026-08-12,8.7699118,8.8726873,8.6433907,8.6707573,8.6707573,277808539
2026-08-13,8.6704721,8.8846083,8.6200247,8.8681765,8.8681765,221219634
2026-08-14,8.8681259,8.9953089,8.7235003,8.9667673,8.9667673,271773901
2026-08-15,8.9668856,9.717391,8.9659576,9.4638491,9.4638491,508297678
2026-08-16,9.463851,9.4943829,9.2989187,9.3845177,9.3845177,245623935
2026-08-17,9.3845091,9.5557194,9.3594093,9.5382042,9.5382042,249830297
2026-08-18,9.5381908,9.5439224,9.347106,9.5359879,9.5359879,223819110
2026-08-19,9.5360146,10.837123,9.4889927,10.544009,10.544009,661167669
2026-08-20,10.543777,10.846656,10.376914,10.686914,10.686914,462212244
2026-08-21,10.687053,12.350272,10.68677,11.99742,11.99742,1029199663
2026-08-22,11.996908,12.562847,11.389222,11.657118,11.657118,954800147
2026-08-23,11.657057,11.714329,11.093087,11.531239,11.531239,610988944
2026-08-24,11.53124,11.755327,11.312399,11.619157,11.619157,513975855
2026-08-25,11.619234,11.911949,11.216804,11.281881,11.281881,476830555
2026-08-26,11.280198,11.617566,11.12039,11.616966,11.616966,337703649
2026-08-27,11.616972,11.968331,11.466133,11.945157,11.945157,437429685
2026-08-28,11.945125,12.032887,11.283485,11.433359,11.433359,375405361
2026-08-29,11.433304,11.4795,11.295156,11.459595,11.459595,196552456
2026-08-30,11.459618,11.764568,11.048947,11.157139,11.157139,269562396
2026-08-31,11.156433,11.468874,11.05932,11.315424,11.315424,354551576
2026-09-01,11.315475,11.512374,11.083619,11.223751,11.223751,332123963
2026-09-02,11.224018,11.284483,10.928661,11.104596,11.104596,289060592
2026-09-03,11.104602,11.938489,11.024649,11.835029,11.835029,420726698
2026-09-04,11.834992,12.132386,11.506112,11.638563,11.638563,410937757
2026-09-05,11.638358,12.219097,11.614282,12.049007,12.049007,301554709
2026-09-06,12.04909,13.301871,12.047611,13.22381,13.22381,578672737
2026-09-07,13.224164,13.640134,12.644173,12.757635,12.757635,614253460
2026-09-08,12.757793,12.799068,12.351327,12.516329,12.516329,368592450
2026-09-09,12.516321,12.6112,11.660471,11.803999,11.803999,501527976
2026-09-10,11.803962,11.877295,11.456346,11.459658,11.459658,311111694
2026-09-11,11.459192,12.129718,11.309537,11.53927,11.53927,482786119
2026-09-12,11.540346,11.612349,11.468672,11.504168,11.504168,174943504
2026-09-13,11.50417,11.556508,11.168117,11.201868,11.201868,223906893
2026-09-14,11.202125,11.942809,11.152826,11.510757,11.510757,316701050
2026-09-15,11.51078,11.619534,10.828302,10.891036,10.891036,393471310
2026-09-16,10.891076,11.059239,10.627605,11.047363,11.047363,383845608
2026-09-17,11.047322,11.409312,10.985374,11.390056,11.390056,293889673
2026-09-18,11.390054,12.410481,11.355758,12.228726,12.228726,527069708
2026-09-19,12.228461,12.664339,12.223863,12.428622,12.428622,379675542
2026-09-20,12.428478,12.582127,11.933428,12.512976,12.512976,391392800
2026-09-21,12.512901,13.251417,12.481348,13.13433,13.13433,693755582
2026-09-22,13.135059,13.229647,12.797204,13.032178,13.032178,529335268
2026-09-23,13.032191,13.19743,12.121258,12.353864,12.353864,623957490
