Date,Open,High,Low,Close,Adj Close,Volume
2014-09-17,5.0858898,5.1707702,4.96595,5.0585499,5.0585499,3071840
2014-09-18,5.0654302,5.0654302,4.5799599,4.6852298,4.6852298,4569260
2014-09-19,4.6872902,4.7558198,4.2543502,4.3277702,4.3277702,3917450
2014-09-20,4.3291998,4.6160798,4.2021899,4.2864399,4.2864399,5490660
2014-09-21,4.2630701,4.3001299,4.1549902,4.2459202,4.2459202,2931220
2014-09-22,4.2459302,4.4168801,4.2101302,4.2423501,4.2423501,1855960
2014-09-23,4.2399902,4.88135,4.18887,4.7465701,4.7465701,4661670
2014-09-24,4.7442002,4.74512,4.6276898,4.66679,4.66679,2662290
2014-09-25,4.6658802,4.67132,4.4487,4.5146499,4.5146499,2046960
2014-09-26,4.5099301,4.5518198,4.3888001,4.4335899,4.4335899,1548350
2014-09-27,4.4343901,4.4892402,4.3979902,4.4218001,4.4218001,889525
2014-09-28,4.4246202,4.4576101,4.2027798,4.2332301,4.2332301,1741170
2014-09-29,4.2376299,4.3302498,4.1981001,4.2467899,4.2467899,1712650
2014-09-30,4.2521901,4.5490098,4.2259302,4.47473,4.47473,2456420
2014-10-01,4.4709601,4.5037398,4.38486,4.4285598,4.4285598,1172180
2014-10-02,4.43015,4.46348,4.2862301,4.32266,4.32266,1124950
2014-10-03,4.3193598,4.3403101,4.1640401,4.1751199,4.1751199,1471270
2014-10-04,4.17313,4.28404,3.88801,3.9382,3.9382,6948810
2014-10-05,3.94207,4.0434198,3.4806001,3.6991401,3.6991401,8143680
2014-10-06,3.7030499,3.91486,3.5722499,3.8223701,3.8223701,9482680
2014-10-07,3.8133299,3.9498601,3.68821,3.8586299,3.8586299,7096400
2014-10-08,3.8554699,3.9298899,3.7478299,3.9078901,3.9078901,5850860
2014-10-09,3.9086201,4.02876,3.8652899,3.90066,3.90066,8316140
2014-10-10,3.89886,3.91589,3.77425,3.80739,3.80739,6313690
2014-10-11,3.7959199,3.8389699,3.6779201,3.77266,3.77266,3498570
2014-10-12,3.7765801,3.85147,3.6960399,3.8503301,3.8503301,2712090
2014-10-13,3.8464401,3.89574,3.7911799,3.8617799,3.8617799,4200710
2014-10-14,3.8645201,4.2291098,3.8645201,4.0759101,4.0759101,8247860
2014-10-15,4.0769901,4.0769901,3.9927499,4.0564198,4.0564198,4837180
2014-10-16,4.0577402,4.0967999,3.95876,3.99089,3.99089,4204880
2014-10-17,3.9914401,4.0160298,3.9539101,3.9932699,3.9932699,3561280
2014-10-18,3.9916301,4.0877299,3.95471,4.0557599,4.0557599,2386140
2014-10-19,4.0564299,4.06146,3.9744401,3.98894,3.98894,1576340
2014-10-20,3.9835701,3.9835701,3.87748,3.9098301,3.9098301,2252890
2014-10-21,3.9117999,3.9699399,3.9003601,3.9400101,3.9400101,1948840
2014-10-22,3.9409499,3.95996,3.8385799,3.8433199,3.8433199,2094200
2014-10-23,3.8469701,3.86606,3.7265699,3.73965,3.73965,3191780
2014-10-24,3.73949,3.77981,3.7244999,3.74753,3.74753,3557710
2014-10-25,3.7487299,3.75984,3.62904,3.6675501,3.6675501,2370430
2014-10-26,3.6689501,3.76737,3.66153,3.72718,3.72718,1986590
2014-10-27,3.7240601,3.8933201,3.7130699,3.8073101,3.8073101,2694530
2014-10-28,3.8122699,3.89658,3.7946801,3.8460701,3.8460701,2222000
2014-10-29,3.85288,3.8533299,3.7204001,3.7269499,3.7269499,2551500
2014-10-30,3.7344999,3.81917,3.7195301,3.7858601,3.7858601,2667440
2014-10-31,3.7846501,3.8045399,3.7453201,3.7539999,3.7539999,2303900
2014-11-01,3.75666,3.7571499,3.5590999,3.57059,3.57059,2476220
2014-11-02,3.57688,3.62291,3.5545001,3.5850999,3.5850999,2031400
2014-11-03,3.5859101,3.6617501,3.55639,3.5780599,3.5780599,2034500
2014-11-04,3.58042,3.61953,3.5476501,3.5917599,3.5917599,2336120
2014-11-05,3.5903101,3.6710899,3.5903101,3.64485,3.64485,2855540
2014-11-06,3.6421399,3.6674099,3.6187501,3.64956,3.64956,2461750
2014-11-07,3.6496699,3.6619599,3.5549901,3.5573699,3.5573699,2417010
2014-11-08,3.5566499,3.5787499,3.53233,3.5562601,3.5562601,1508220
2014-11-09,3.5548401,3.6373,3.5469401,3.63146,3.63146,1873830
2014-11-10,3.6321599,3.7310901,3.59356,3.6956301,3.6956301,3545550
2014-11-11,3.6985099,3.7377999,3.67436,3.67589,3.67589,2783960
2014-11-12,3.6797299,4.14151,3.6797299,4.0686102,4.0686102,8733140
2014-11-13,4.1329899,4.3502202,4.0193801,4.0976601,4.0976601,13963000
2014-11-14,4.0854998,4.0911999,3.86164,3.9893701,3.9893701,7587850
2014-11-15,3.99226,4.0376601,3.8097501,3.8543301,3.8543301,3891770
2014-11-16,3.8411901,3.90095,3.82599,3.88363,3.88363,2991050
2014-11-17,3.8805599,3.99699,3.8304801,3.87744,3.87744,3967100
2014-11-18,3.87515,3.90604,3.7518699,3.77016,3.77016,4024840
2014-11-19,3.7799599,3.84393,3.77248,3.8074601,3.8074601,2858300
2014-11-20,3.8069601,3.8175001,3.5854199,3.6115501,3.6115501,3682840
2014-11-21,3.6143,3.6143,3.4804101,3.4969299,3.4969299,3851320
2014-11-22,3.5011401,3.62063,3.4892199,3.5232899,3.5232899,2446510
2014-11-23,3.5227799,3.6119699,3.5157299,3.5943601,3.5943601,1686970
2014-11-24,3.59464,3.68908,3.5695901,3.6285501,3.6285501,3281530
2014-11-25,3.62498,3.6967001,3.5450499,3.5675001,3.5675001,3468870
2014-11-26,3.5689099,3.5871501,3.53578,3.5604601,3.5604601,2497390
2014-11-27,3.5650699,3.58025,3.5527799,3.55988,3.55988,1764690
2014-11-28,3.5607901,3.6427701,3.50091,3.6038599,3.6038599,2007140
2014-11-29,3.6047101,3.6361201,3.5703199,3.5862801,3.5862801,2264640
2014-11-30,3.5859599,3.61412,3.56247,3.5760901,3.5760901,1206290
2014-12-01,3.5755899,3.60692,3.5666399,3.5771401,3.5771401,1275120
2014-12-02,3.5779901,3.6615901,3.57779,3.6310999,3.6310999,2051950
2014-12-03,3.628,3.6528499,3.5820701,3.61202,3.61202,1715450
2014-12-04,3.6117001,3.6368001,3.58622,3.5926299,3.5926299,2291670
2014-12-05,3.59409,3.62251,3.5757699,3.6182301,3.6182301,2350920
2014-12-06,3.6159599,3.6282301,3.6036699,3.6145201,3.6145201,1690520
2014-12-07,3.6156001,3.7495301,3.60851,3.7111599,3.7111599,1759240
2014-12-08,3.70837,3.7652199,3.6531999,3.6531999,3.6531999,2295450
2014-12-09,3.65502,3.66892,3.4825499,3.5211699,3.5211699,3606940
2014-12-10,3.52384,3.5406799,3.48157,3.49986,3.49986,1982380
2014-12-11,3.4939301,3.5598099,3.43963,3.4810801,3.4810801,2667680
2014-12-12,3.4789,3.49242,3.4789,3.4867101,3.4867101,2060970
2014-12-13,3.4865699,3.4897599,3.4595599,3.4760699,3.4760699,2121910
2014-12-14,3.4751999,3.49874,3.46766,3.48048,3.48048,1547550
2014-12-15,3.4811101,3.4816,3.4488599,3.4507799,3.4507799,2292030
2014-12-16,3.4518399,3.4605701,2.98927,3.01526,3.01526,5220210
2014-12-17,3.01056,3.06883,2.8999901,2.9402299,2.9402299,3969240
2014-12-18,2.9444301,2.99596,2.7019701,2.8055699,2.8055699,4301260
2014-12-19,2.80528,2.8738401,2.7272401,2.8691101,2.8691101,2780240
2014-12-20,2.8671,2.9436901,2.8671,2.9235799,2.9235799,2591650
2014-12-21,2.9146299,2.9203701,2.8415799,2.85039,2.85039,2187630
2014-12-22,2.86025,2.9066801,2.8357899,2.8857901,2.8857901,2477440
2014-12-23,2.88732,2.9052701,2.8621199,2.8819599,2.8819599,1901360
2014-12-24,2.8777001,2.88083,2.7295599,2.7383399,2.7383399,2076240
2014-12-25,2.73595,2.7527399,2.6709099,2.69945,2.69945,1640910
2014-12-26,2.7007,2.8101799,2.68167,2.7816899,2.7816899,2088360
2014-12-27,2.7795801,2.7953701,2.70296,2.7169499,2.7169499,2180800
2014-12-28,2.7190001,2.7618301,2.6728101,2.7330401,2.7330401,1701950
2014-12-29,2.7337999,2.74722,2.6870899,2.6948199,2.6948199,1471530
2014-12-30,2.6961701,2.72399,2.6674299,2.70401,2.70401,1536350
2014-12-31,2.70384,2.72983,2.6923001,2.71893,2.71893,1577550
2015-01-01,2.72421,2.72421,2.68977,2.6990499,2.6990499,770693
2015-01-02,2.6974299,2.69924,2.6638501,2.6673601,2.6673601,855392
2015-01-03,2.66646,2.66646,2.1331601,2.1331601,2.1331601,5193080
2015-01-04,2.11022,2.15446,1.91241,1.9566801,1.9566801,3888140
2015-01-05,1.95803,2.16048,1.95803,2.08218,2.08218,10649500
2015-01-06,2.0843401,2.1182401,2.0445399,2.1121199,2.1121199,3242950
2015-01-07,2.1180999,2.1498699,2.08114,2.11818,2.11818,3388950
2015-01-08,2.1156099,2.1235001,2.0018499,2.00807,2.00807,2924520
2015-01-09,2.01002,2.0112901,1.95863,1.9833601,1.9833601,1951160
2015-01-10,1.96999,1.98034,1.62186,1.65332,1.65332,2911190
2015-01-11,1.6536,1.8782099,1.64399,1.72456,1.72456,2581500
2015-01-12,1.71768,1.7941999,1.6967601,1.7142299,1.7142299,1738370
2015-01-13,1.7102,1.7191401,1.53346,1.5411201,1.5411201,4039950
2015-01-14,1.54961,1.58267,1.11374,1.15701,1.15701,4721280
2015-01-15,1.15324,1.37658,1.15254,1.28277,1.28277,3487080
2015-01-16,1.27719,1.47278,1.27169,1.40227,1.40227,2669280
2015-01-17,1.3978,1.40362,1.25219,1.2934099,1.2934099,1514960
2015-01-18,1.29603,1.37228,1.2333601,1.33333,1.33333,1694820
2015-01-19,1.32857,1.3593,1.30638,1.3417799,1.3417799,728641
2015-01-20,1.3409899,1.34481,1.2996401,1.32355,1.32355,1069660
2015-01-21,1.3239,1.3741699,1.31821,1.37331,1.37331,1191370
2015-01-22,1.37427,1.45388,1.37427,1.41875,1.41875,1660700
2015-01-23,1.41231,1.43016,1.38068,1.4259501,1.4259501,1267530
2015-01-24,1.43068,1.88701,1.41913,1.8437999,1.8437999,4858920
2015-01-25,1.84205,2.3749499,1.8395,2.2483001,2.2483001,9178540
2015-01-26,2.2454901,2.38536,2.0606999,2.0810499,2.0810499,8803090
2015-01-27,2.0741799,2.1370201,1.86954,2.0860801,2.0860801,4502690
2015-01-28,2.09127,2.13484,1.80943,1.87202,1.87202,3295480
2015-01-29,1.8766299,1.94891,1.83267,1.91567,1.91567,2191570
2015-01-30,1.9144599,1.98438,1.89064,1.89763,1.89763,1805110
2015-01-31,1.89613,1.9399199,1.87051,1.8735,1.8735,1205140
2015-02-01,1.87878,1.88098,1.67915,1.80352,1.80352,2661610
2015-02-02,1.8128099,1.88245,1.74792,1.8761801,1.8761801,1955370
2015-02-03,1.87418,1.9376,1.80809,1.8217601,1.8217601,2425490
2015-02-04,1.82085,1.8388799,1.75758,1.7923501,1.7923501,3683490
2015-02-05,1.79474,1.81016,1.7302001,1.74123,1.74123,4490700
2015-02-06,1.74033,1.8274601,1.74019,1.75941,1.75941,2332680
2015-02-07,1.75956,1.7917399,1.74269,1.78172,1.78172,1272440
2015-02-08,1.78679,1.81365,1.75809,1.78359,1.78359,793432
2015-02-09,1.78527,1.7855099,1.71526,1.73147,1.73147,1412300
2015-02-10,1.73325,1.78615,1.68729,1.76318,1.76318,1943220
2015-02-11,1.76081,1.78855,1.71517,1.72744,1.72744,1202390
2015-02-12,1.73081,1.7651401,1.71675,1.75756,1.75756,1073660
2015-02-13,1.75509,1.85321,1.74563,1.8216799,1.8216799,2417560
2015-02-14,1.82293,1.9631701,1.82138,1.93769,1.93769,2967890
2015-02-15,1.94003,2.02953,1.79408,1.842,1.842,3678900
2015-02-16,1.84448,1.8486201,1.79563,1.79628,1.79628,1766700
2015-02-17,1.79412,1.8789099,1.7926,1.85312,1.85312,1824820
2015-02-18,1.85666,1.86326,1.804,1.82816,1.82816,1504230
2015-02-19,1.82521,1.85061,1.81634,1.84676,1.84676,1117190
2015-02-20,1.84202,1.86406,1.83222,1.84795,1.84795,1430460
2015-02-21,1.84896,1.86566,1.83509,1.84891,1.84891,934224
2015-02-22,1.84988,1.8663599,1.7851501,1.7962,1.7962,1413400
2015-02-23,1.80305,1.8229899,1.78092,1.82041,1.82041,1207240
2015-02-24,1.81356,1.83569,1.80436,1.82932,1.82932,941910
2015-02-25,1.83,1.83169,1.7914799,1.80234,1.80234,768342
2015-02-26,1.8081,1.8125401,1.7932,1.81013,1.81013,917184
2015-02-27,1.80117,1.8753901,1.79712,1.85142,1.85142,2360850
2015-02-28,1.84918,1.84921,1.81946,1.84073,1.84073,1026120
2015-03-01,1.84576,1.91168,1.80783,1.89157,1.89157,1697220
2015-03-02,1.8924201,1.94944,1.86357,1.9361,1.9361,2442300
2015-03-03,1.9421999,1.9722,1.90707,1.95592,1.95592,2818220
2015-03-04,1.95605,1.97365,1.92102,1.9305,1.9305,2444050
2015-03-05,1.92448,1.93973,1.86444,1.91641,1.91641,2042170
2015-03-06,1.92033,1.92923,1.87819,1.89782,1.89782,1718100
2015-03-07,1.89359,1.91934,1.88218,1.9105,1.9105,1176540
2015-03-08,1.91353,1.92286,1.87753,1.89186,1.89186,1281400
2015-03-09,1.8925,1.94574,1.88913,1.94428,1.94428,2713960
2015-03-10,1.944,2.0834501,1.9369299,2.0090599,2.0090599,4023500
2015-03-11,2.00824,2.0362201,1.98634,2.0262799,2.0262799,1945020
2015-03-12,2.0235801,2.0717299,1.99819,2.0427899,2.0427899,2153170
2015-03-13,2.04211,2.0480199,2.0079601,2.0079601,2.0079601,1702690
2015-03-14,2.0040901,2.0139799,1.99315,1.99605,1.99605,1524990
2015-03-15,1.99462,2.0340199,1.99045,2.0188301,2.0188301,1035700
2015-03-16,2.02176,2.06163,2.0173399,2.0330801,2.0330801,1307010
2015-03-17,2.0344701,2.0537,1.97721,1.98215,1.98215,1493110
2015-03-18,1.98265,1.9877599,1.72864,1.74254,1.74254,2976040
2015-03-19,1.74365,1.79015,1.65362,1.7590899,1.7590899,2925790
2015-03-20,1.76328,1.79233,1.75146,1.76721,1.76721,1015870
2015-03-21,1.76692,1.76782,1.72552,1.74669,1.74669,1025410
2015-03-22,1.7458301,1.79772,1.74001,1.79772,1.79772,1072060
2015-03-23,1.79968,1.79968,1.75191,1.77816,1.77816,1257730
2015-03-24,1.77551,1.77783,1.65159,1.65159,1.65159,2014330
2015-03-25,1.6546,1.7864701,1.6111701,1.67314,1.67314,2189060
2015-03-26,1.67272,1.73088,1.6468,1.69549,1.69549,1655180
2015-03-27,1.6912,1.69846,1.66663,1.68674,1.68674,1109440
2015-03-28,1.68267,1.71639,1.67734,1.70366,1.70366,843595
2015-03-29,1.70459,1.70619,1.64351,1.6556799,1.6556799,1242080
2015-03-30,1.65646,1.68405,1.64363,1.66958,1.66958,1297260
2015-03-31,1.66961,1.6799901,1.64223,1.6526,1.6526,1124990
2015-04-01,1.6510299,1.6772799,1.63036,1.6646301,1.6646301,1245880
2015-04-02,1.66689,1.69287,1.65958,1.67781,1.67781,1254970
2015-04-03,1.67682,1.70446,1.67502,1.6985101,1.6985101,1053650
2015-04-04,1.6998301,1.70437,1.67366,1.68785,1.68785,794158
2015-04-05,1.68251,1.71155,1.67513,1.70082,1.70082,1012920
2015-04-06,1.70164,1.71585,1.67454,1.68687,1.68687,1077700
2015-04-07,1.68598,1.68724,1.66637,1.66842,1.66842,898271
2015-04-08,1.66827,1.67662,1.6180201,1.6275001,1.6275001,1479550
2015-04-09,1.61959,1.6313,1.55001,1.58594,1.58594,1354130
2015-04-10,1.58526,1.59109,1.51592,1.52704,1.52704,1448110
2015-04-11,1.52283,1.53768,1.439,1.45911,1.45911,1329260
2015-04-12,1.4587899,1.4872299,1.45469,1.4624701,1.4624701,724290
2015-04-13,1.47176,1.48304,1.3673199,1.3769,1.3769,1316410
2015-04-14,1.37585,1.3910201,1.33622,1.37848,1.37848,1669170
2015-04-15,1.37596,1.42054,1.34508,1.383,1.383,1230190
2015-04-16,1.38324,1.4319299,1.3730201,1.42145,1.42145,1098160
2015-04-17,1.42154,1.44178,1.39607,1.40913,1.40913,1127080
2015-04-18,1.40984,1.42272,1.3881299,1.40993,1.40993,733823
2015-04-19,1.40987,1.4259501,1.37942,1.3891701,1.3891701,984396
2015-04-20,1.38429,1.41502,1.37896,1.40896,1.40896,959972
2015-04-21,1.4081,1.43396,1.39687,1.42388,1.42388,1055230
2015-04-22,1.4322,1.4724801,1.4213901,1.45419,1.45419,1130670
2015-04-23,1.45531,1.46304,1.44215,1.46175,1.46175,727959
2015-04-24,1.45821,1.46217,1.41695,1.4192801,1.4192801,1008680
2015-04-25,1.42041,1.43009,1.3967,1.40291,1.40291,868387
2015-04-26,1.3995,1.4026099,1.30402,1.32117,1.32117,1292150
2015-04-27,1.3218499,1.39635,1.3218499,1.38348,1.38348,1465060
2015-04-28,1.38264,1.38634,1.35215,1.36402,1.36402,1014190
2015-04-29,1.36257,1.36815,1.34949,1.36132,1.36132,1372440
2015-04-30,1.36098,1.4545701,1.35812,1.43984,1.43984,2039930
2015-05-01,1.44285,1.44847,1.4065,1.40659,1.40659,1169670
2015-05-02,1.40725,1.426,1.40189,1.42153,1.42153,807758
2015-05-03,1.4198,1.45274,1.41396,1.4327,1.4327,1673860
2015-05-04,1.43461,1.4506,1.4054101,1.40766,1.40766,1462600
2015-05-05,1.41488,1.42214,1.3898799,1.4066401,1.4066401,1229630
2015-05-06,1.40633,1.4109,1.38607,1.3889,1.3889,1100820
2015-05-07,1.38973,1.48722,1.38305,1.45518,1.45518,1742090
2015-05-08,1.4549,1.49181,1.44182,1.4810801,1.4810801,1444320
2015-05-09,1.48048,1.49066,1.44166,1.44831,1.44831,1323730
2015-05-10,1.4483,1.4538701,1.42273,1.43874,1.43874,993855
2015-05-11,1.43852,1.45286,1.43191,1.43733,1.43733,826032
2015-05-12,1.43881,1.4513201,1.4276,1.4456199,1.4456199,723296
2015-05-13,1.44381,1.48309,1.44381,1.4514199,1.4514199,1913000
2015-05-14,1.45004,1.4579901,1.43729,1.44777,1.44777,1078360
2015-05-15,1.44784,1.45626,1.44698,1.45429,1.45429,691297
2015-05-16,1.4547,1.45477,1.39956,1.44613,1.44613,757344
2015-05-17,1.44647,1.45895,1.44635,1.4541399,1.4541399,481714
2015-05-18,1.45364,1.46443,1.44165,1.44637,1.44637,630744
2015-05-19,1.44678,1.45608,1.4432499,1.45319,1.45319,516737
2015-05-20,1.4535201,1.462,1.4495,1.45919,1.45919,892369
2015-05-21,1.46075,1.4843301,1.45597,1.47806,1.47806,1109240
2015-05-22,1.47949,1.87511,1.47922,1.8322999,1.8322999,5017600
2015-05-23,1.8313,1.90414,1.77192,1.78646,1.78646,2701800
2015-05-24,1.78738,1.8391,1.78723,1.83117,1.83117,1725070
2015-05-25,1.83341,1.84417,1.7876199,1.8033201,1.8033201,1457180
2015-05-26,1.8027,1.81731,1.79254,1.81731,1.81731,1381530
2015-05-27,1.81612,1.8703901,1.8107001,1.8450201,1.8450201,1675280
2015-05-28,1.847,1.85597,1.82909,1.84075,1.84075,1301610
2015-05-29,1.8406,1.8441499,1.81398,1.83135,1.83135,1762870
2015-05-30,1.83017,1.83819,1.8080601,1.81312,1.81312,1327450
2015-05-31,1.81209,1.81374,1.62958,1.63708,1.63708,2071950
2015-06-01,1.6385601,1.67766,1.59339,1.61601,1.61601,1998470
2015-06-02,1.61608,1.67572,1.60637,1.66997,1.66997,1370450
2015-06-03,1.6705,1.7026401,1.66145,1.68718,1.68718,1162310
2015-06-04,1.6866699,1.68909,1.66373,1.66835,1.66835,1065250
2015-06-05,1.6692899,1.7723401,1.6654,1.76057,1.76057,1474750
2015-06-06,1.76106,1.78495,1.75082,1.75981,1.75981,1184500
2015-06-07,1.7585,1.77311,1.71926,1.73053,1.73053,1160830
2015-06-08,1.73182,1.7994601,1.72855,1.78646,1.78646,1710280
2015-06-09,1.78491,1.80303,1.78262,1.79582,1.79582,1480430
2015-06-10,1.7966501,1.79686,1.74773,1.75924,1.75924,1212820
2015-06-11,1.75915,1.79968,1.75766,1.79216,1.79216,1048480
2015-06-12,1.7896,1.81068,1.78838,1.8021899,1.8021899,963104
2015-06-13,1.80274,1.86233,1.7972,1.8615299,1.8615299,1470540
2015-06-14,1.86078,2.07149,1.8539799,2.0028701,2.0028701,3128440
2015-06-15,2.0023501,2.0272901,1.9931999,2.01825,2.01825,1895750
2015-06-16,2.0180399,2.8784599,2.0086701,2.87659,2.87659,10053700
2015-06-17,2.89642,3.1953499,2.72191,2.8886199,2.8886199,13038800
2015-06-18,2.8903301,3.1290801,2.88293,3.0950699,3.0950699,7435550
2015-06-19,3.09533,3.1192601,2.6865799,2.8073001,2.8073001,7275770
2015-06-20,2.8102,3.0921199,2.75109,3.0359099,3.0359099,5729100
2015-06-21,3.0351901,3.0490999,2.90466,3.0223601,3.0223601,3196090
2015-06-22,3.02145,3.04618,2.9591401,3.02846,3.02846,3039690
2015-06-23,3.02777,3.02777,2.9706299,2.97453,2.97453,2332310
2015-06-24,2.9742301,2.9742301,2.77863,2.77863,2.77863,3317430
2015-06-25,2.7727799,2.8938799,2.6878099,2.8503301,2.8503301,4221940
2015-06-26,2.84674,2.9083099,2.82234,2.86024,2.86024,2100370
2015-06-27,2.8614299,3.11658,2.8559699,3.1031699,3.1031699,4570240
2015-06-28,3.09358,3.30582,3.02262,3.30582,3.30582,2837150
2015-06-29,3.1877301,3.8203399,3.0330501,3.7365,3.7365,12726600
2015-06-30,3.7441199,4.3433099,3.72664,4.08676,4.08676,15390500
2015-07-01,4.086,4.1142502,3.8436999,3.9242699,3.9242699,7113180
2015-07-02,3.92664,4.1622,3.9226799,4.0653701,4.0653701,6288460
2015-07-03,4.0623298,4.1309199,4.0610099,4.1153102,4.1153102,4281280
2015-07-04,4.11832,4.1392798,4.0584602,4.1135302,4.1135302,3939060
2015-07-05,4.1269002,4.9527202,4.0369701,4.9527202,4.9527202,14069300
2015-07-06,4.947,5.69067,4.6722398,5.4172301,5.4172301,22969200
2015-07-07,5.4370699,5.48493,4.8992701,5.2346301,5.2346301,13570800
2015-07-08,5.2467799,6.3886199,5.1394,6.3611202,6.3611202,23234900
2015-07-09,6.3564501,7.8332601,5.99581,7.5369401,7.5369401,42419800
2015-07-10,7.52701,8.7274799,4.0686302,4.5052199,4.5052199,62612600
2015-07-11,4.47577,4.78966,3.7053299,4.3738198,4.3738198,19647300
2015-07-12,4.3875098,5.3840199,4.3477802,5.28725,5.28725,19203600
2015-07-13,5.2999201,5.2999201,4.3199,4.6799002,4.6799002,14296100
2015-07-14,4.6828399,4.8874202,4.4798102,4.6498899,4.6498899,5418730
2015-07-15,4.6489601,4.72049,4.14464,4.2140899,4.2140899,7539760
2015-07-16,4.1974802,4.2677202,3.29972,3.68978,3.68978,17295300
2015-07-17,3.7207899,3.9334199,3.5502901,3.7868099,3.7868099,9454510
2015-07-18,3.78299,4.2259202,3.77685,4.0018802,4.0018802,8471440
2015-07-19,4.0043802,4.0747199,3.6589501,3.7661099,3.7661099,4693260
2015-07-20,3.7703199,3.93859,3.7337401,3.93859,3.93859,4242190
2015-07-21,3.9305301,4.0078402,3.7662101,3.7662101,3.7662101,4431730
2015-07-22,3.78298,3.8406999,3.6842401,3.8236599,3.8236599,2892200
2015-07-23,3.8255401,3.85061,3.76051,3.78444,3.78444,2177740
2015-07-24,3.7894599,4.7256198,3.7597301,4.60183,4.60183,14874300
2015-07-25,4.5977602,4.8812599,4.4723401,4.63199,4.63199,10288900
2015-07-26,4.6325498,4.7519999,4.4369302,4.6623201,4.6623201,7946990
2015-07-27,4.6831298,4.7397399,4.5861201,4.67137,4.67137,5164400
2015-07-28,4.6700101,5.1366901,4.6502099,5.0584002,5.0584002,10629300
2015-07-29,5.0496202,5.0990801,4.7239799,4.7976799,4.7976799,6609040
2015-07-30,4.7926202,4.7926202,4.50806,4.5780301,4.5780301,5420630
2015-07-31,4.5822001,4.7669702,4.50986,4.6410398,4.6410398,4640650
2015-08-01,4.63908,4.6441798,4.0728998,4.1532001,4.1532001,6284530
2015-08-02,4.0873799,4.19908,3.8589101,4.1749101,4.1749101,6950580
2015-08-03,4.1694698,4.3742499,4.0387702,4.16219,4.16219,5494590
2015-08-04,4.1834202,4.47226,4.18262,4.3779302,4.3779302,4323960
2015-08-05,4.37433,4.4254298,4.3010502,4.3492198,4.3492198,2565020
2015-08-06,4.349,4.3622298,4.0236702,4.0646701,4.0646701,3879570
2015-08-07,4.0633402,4.2206898,3.9702699,4.2082801,4.2082801,4192810
2015-08-08,4.2209902,4.22364,3.8354199,3.8547499,3.8547499,4917730
2015-08-09,3.84339,3.9842601,3.8113899,3.8985901,3.8985901,3064680
2015-08-10,3.9008,3.98013,3.8976099,3.94888,3.94888,2239890
2015-08-11,3.94874,4.1595502,3.94295,4.1595502,4.1595502,3426300
2015-08-12,4.1433401,4.1575499,3.9744401,3.98545,3.98545,3519900
2015-08-13,3.97227,3.9725101,3.84041,3.8803401,3.8803401,2409030
2015-08-14,3.8806901,4.0673099,3.8648,4.0262299,4.0262299,3157170
2015-08-15,4.02249,4.0418701,3.9151101,3.9254601,3.9254601,2016290
2015-08-16,3.93203,3.9865401,3.89236,3.95228,3.95228,3197720
2015-08-17,3.96332,4.0349898,3.9353399,3.9839599,3.9839599,2289060
2015-08-18,3.98368,3.9995699,3.4377,3.4697101,3.4697101,3464380
2015-08-19,3.47965,3.6191499,3.3585401,3.4778199,3.4778199,5742670
2015-08-20,3.4708099,3.62497,3.4708099,3.6050899,3.6050899,2882900
2015-08-21,3.60023,3.64309,3.54829,3.5650201,3.5650201,1720630
2015-08-22,3.5625601,3.59079,3.4589701,3.51123,3.51123,1913720
2015-08-23,3.5132799,3.5400901,3.3531599,3.39447,3.39447,2066020
2015-08-24,3.39258,3.39258,2.96611,2.99474,2.99474,7278630
2015-08-25,2.9847701,3.05319,2.5437901,2.9372001,2.9372001,11404300
2015-08-26,2.9496901,3.03967,2.83658,2.9465101,2.9465101,4551630
2015-08-27,2.9461401,2.9902,2.8364501,2.86605,2.86605,1936130
2015-08-28,2.8423901,2.9600301,2.70522,2.9062901,2.9062901,4186540
2015-08-29,2.9161601,2.9465001,2.8243001,2.8765099,2.8765099,1706060
2015-08-30,2.8715601,2.9052999,2.75934,2.8484001,2.8484001,1497480
2015-08-31,2.85323,2.8624799,2.7899699,2.8420701,2.8420701,1752920
2015-09-01,2.84742,2.87549,2.80563,2.8200099,2.8200099,1376040
2015-09-02,2.8198099,2.82813,2.7572999,2.79545,2.79545,2423010
2015-09-03,2.79669,2.80446,2.5799699,2.6331401,2.6331401,2210590
2015-09-04,2.63814,2.7246699,2.6333399,2.7011199,2.7011199,1441530
2015-09-05,2.70205,2.9430499,2.66153,2.9195399,2.9195399,2666820
2015-09-06,2.91782,3.11515,2.9033101,3.04807,3.04807,4281360
2015-09-07,3.039,3.1038599,2.98669,3.0459001,3.0459001,2254530
2015-09-08,3.04737,3.1286199,3.0139999,3.04738,3.04738,2566300
2015-09-09,3.04828,3.05145,2.9104099,2.9239199,2.9239199,2298470
2015-09-10,2.92465,2.97154,2.89288,2.9493599,2.9493599,1420320
2015-09-11,2.9487801,2.98439,2.94012,2.9574599,2.9574599,1251460
2015-09-12,2.96257,2.97082,2.8229201,2.8255501,2.8255501,1517440
2015-09-13,2.82479,2.85467,2.77492,2.8159399,2.8159399,1328080
2015-09-14,2.8149199,2.86237,2.77806,2.84465,2.84465,1135730
2015-09-15,2.8441999,2.93434,2.8167901,2.82319,2.82319,918109
2015-09-16,2.8299401,2.8456099,2.7741101,2.8029799,2.8029799,1192860
2015-09-17,2.8062201,2.92958,2.7959299,2.9063699,2.9063699,1626720
2015-09-18,2.91062,3.0073199,2.8959799,2.95696,2.95696,1572740
2015-09-19,2.95491,2.9611001,2.8599899,2.87358,2.87358,897801
2015-09-20,2.8750701,2.8752401,2.82986,2.8464401,2.8464401,989389
2015-09-21,2.8537199,2.855,2.7952299,2.79913,2.79913,1027230
2015-09-22,2.79847,2.8787799,2.7958701,2.84465,2.84465,1442340
2015-09-23,2.8550501,2.89729,2.85186,2.86555,2.86555,901921
2015-09-24,2.87151,2.94836,2.8707199,2.92998,2.92998,1328450
2015-09-25,2.9332399,2.9487801,2.8870299,2.8928599,2.8928599,959962
2015-09-26,2.8947201,2.9044199,2.8684499,2.8868799,2.8868799,531617
2015-09-27,2.8889899,2.8974099,2.8650501,2.87116,2.87116,748001
2015-09-28,2.88133,3.0752499,2.8781099,3.0727999,3.0727999,2604270
2015-09-29,3.1026499,3.1719999,2.96999,2.96999,2.96999,2896120
2015-09-30,2.96609,3.04918,2.96609,3.0097799,3.0097799,1371090
2015-10-01,3.0139,3.0527201,2.95597,3.00192,3.00192,1644010
2015-10-02,2.99683,3.0152199,2.9767301,2.9932001,2.9932001,1132180
2015-10-03,2.9986701,3.0371399,2.99069,3.0300801,3.0300801,1051760
2015-10-04,3.0329199,3.0573599,2.9979801,3.01436,3.01436,982441
2015-10-05,3.02106,3.0325401,2.9857099,3.01599,3.01599,1277060
2015-10-06,3.0201199,3.1559,3.01068,3.1459301,3.1459301,1972700
2015-10-07,3.1489699,3.1624,3.0558701,3.0585799,3.0585799,1695270
2015-10-08,3.0613401,3.0769701,3.0476799,3.0640299,3.0640299,1137940
2015-10-09,3.0691299,3.1121199,3.06446,3.10797,3.10797,978079
2015-10-10,3.11235,3.1359799,3.08847,3.1059899,3.1059899,1000850
2015-10-11,3.10868,3.15026,3.08498,3.14504,3.14504,1222700
2015-10-12,3.14903,3.1729901,3.13253,3.1372001,3.1372001,1252010
2015-10-13,3.1390901,3.1888399,3.1127501,3.17974,3.17974,1605970
2015-10-14,3.18153,3.1959,3.0989001,3.1441801,3.1441801,1781770
2015-10-15,3.14995,3.15939,3.0991199,3.1048901,3.1048901,1428290
2015-10-16,3.10864,3.14205,3.0947299,3.1073501,3.1073501,1472800
2015-10-17,3.1112399,3.1557901,3.03511,3.0715401,3.0715401,2454780
2015-10-18,3.07411,3.08412,3.0049801,3.02279,3.02279,1217780
2015-10-19,3.0306201,3.0548,3.00669,3.0479701,3.0479701,1239570
2015-10-20,3.0525801,3.0947299,3.0525801,3.0926001,3.0926001,1163340
2015-10-21,3.0934401,3.1163299,3.0623,3.07515,3.07515,988482
2015-10-22,3.08079,3.1412799,3.07233,3.11465,3.11465,1215290
2015-10-23,3.12043,3.1281199,3.0929301,3.1115401,3.1115401,1196600
2015-10-24,3.1126599,3.1196499,3.07777,3.09986,3.09986,955111
2015-10-25,3.10972,3.13901,3.0657899,3.0657899,3.0657899,1656730
2015-10-26,3.0711,3.1078601,3.0655701,3.10443,3.10443,1119820
2015-10-27,3.1070299,3.1076801,3.082,3.0945499,3.0945499,1102490
2015-10-28,3.0992999,3.1105299,3.0855801,3.10077,3.10077,1433200
2015-10-29,3.1024799,3.92944,3.0585101,3.7822101,3.7822101,11455900
2015-10-30,3.7685699,4.1990399,3.7402999,4.0616798,4.0616798,12206200
2015-10-31,4.08356,4.1152,3.76542,3.8043301,3.8043301,5425140
2015-11-01,3.8150899,3.9866199,3.76895,3.9593,3.9593,3801480
2015-11-02,3.9828899,4.20158,3.9391699,4.1648998,4.1648998,6302390
2015-11-03,4.1749701,4.7959199,4.1005001,4.5897999,4.5897999,18600100
2015-11-04,4.5798998,5.3245001,4.0545101,4.2302198,4.2302198,22553800
2015-11-05,4.1995502,4.41189,3.7676301,3.9616399,3.9616399,13017300
2015-11-06,3.94524,3.9709101,3.4514501,3.5480101,3.5480101,8761900
2015-11-07,3.55124,3.67768,3.5485599,3.59887,3.59887,2638500
2015-11-08,3.6198699,3.6577301,3.40995,3.41907,3.41907,2399540
2015-11-09,3.4328599,3.4480801,3.25931,3.39662,3.39662,4195940
2015-11-10,3.4003899,3.4554501,3.04143,3.11515,3.11515,5565520
2015-11-11,3.11711,3.1210101,2.94258,2.9693899,2.9693899,3648510
2015-11-12,2.9721501,3.2861099,2.9721501,3.2787001,3.2787001,4133180
2015-11-13,3.26864,3.2872901,3.1545999,3.2259901,3.2259901,2247490
2015-11-14,3.2233701,3.2458501,3.1826799,3.1946101,3.1946101,1293740
2015-11-15,3.1986401,3.2184401,3.0550599,3.0658,3.0658,1750230
2015-11-16,3.0664501,3.1940999,3.04743,3.18945,3.18945,1578010
2015-11-17,3.1903701,3.2267599,3.1631701,3.2019801,3.2019801,1607020
2015-11-18,3.19891,3.2093101,3.16834,3.1855099,3.1855099,1425920
2015-11-19,3.1912301,3.2142701,3.1271,3.13361,3.13361,1448970
2015-11-20,3.13604,3.1407599,3.06938,3.1155701,3.1155701,1698240
2015-11-21,3.11744,3.1605201,3.1056399,3.15027,3.15027,1057060
2015-11-22,3.16329,3.1635499,3.11482,3.1368301,3.1368301,1070770
2015-11-23,3.1438899,3.1467199,3.11133,3.1241,3.1241,1389260
2015-11-24,3.1303599,3.1307001,3.0878699,3.10783,3.10783,1510060
2015-11-25,3.1138301,3.34444,3.0927701,3.34444,3.34444,2877300
2015-11-26,3.3513899,3.71631,3.3513899,3.60834,3.60834,8700000
2015-11-27,3.6013999,3.6284299,3.51932,3.5786099,3.5786099,2780650
2015-11-28,3.5754099,3.5789499,3.4647701,3.5225899,3.5225899,1691790
2015-11-29,3.5343599,3.6805999,3.4992399,3.6697299,3.6697299,2720390
2015-11-30,3.6643701,3.7374599,3.5792899,3.6212201,3.6212201,3339320
2015-12-01,3.62608,3.63516,3.4024799,3.4349,3.4349,2841630
2015-12-02,3.4309299,3.4354999,3.3036599,3.3422501,3.3422501,2452500
2015-12-03,3.34672,3.4410701,3.33691,3.37749,3.37749,1943430
2015-12-04,3.3823299,3.3873501,3.34374,3.36181,3.36181,1333170
2015-12-05,3.36994,3.54074,3.36994,3.52372,3.52372,2664550
2015-12-06,3.5253799,3.5784199,3.44769,3.4730999,3.4730999,4063170
2015-12-07,3.4525499,3.69169,3.4471099,3.6451399,3.6451399,4210900
2015-12-08,3.64767,3.6869199,3.5450799,3.6869199,3.6869199,2744880
2015-12-09,3.6828201,3.74053,3.60726,3.66903,3.66903,4506800
2015-12-10,3.6696401,3.67945,3.5896399,3.66394,3.66394,2538190
2015-12-11,3.6729901,3.8548601,3.67101,3.8364501,3.8364501,5086460
2015-12-12,3.84252,3.97331,3.5016301,3.6063299,3.6063299,6201500
2015-12-13,3.5962999,3.66294,3.56864,3.62674,3.62674,3218570
2015-12-14,3.6368799,3.6723499,3.6001301,3.6145699,3.6145699,3011480
2015-12-15,3.6184199,3.8392501,3.6125801,3.83377,3.83377,5124770
2015-12-16,3.8389101,3.83935,3.6783099,3.69892,3.69892,3628690
2015-12-17,3.7041099,3.79159,3.6794,3.74,3.74,2244680
2015-12-18,3.7513199,3.8060701,3.7305701,3.7569599,3.7569599,2642590
2015-12-19,3.7651601,3.77684,3.70667,3.7206199,3.7206199,1480630
2015-12-20,3.7405601,3.74509,3.48261,3.5361199,3.5361199,2853130
2015-12-21,3.5462101,3.5462101,3.42869,3.4586899,3.4586899,2244460
2015-12-22,3.4587801,3.4776499,3.4000399,3.4195299,3.4195299,1366080
2015-12-23,3.43238,3.59203,3.43102,3.5780699,3.5780699,2274490
2015-12-24,3.5901899,3.6843801,3.5901899,3.6440001,3.6440001,2530790
2015-12-25,3.64888,3.6800399,3.6040001,3.6247499,3.6247499,1628860
2015-12-26,3.64114,3.6447301,3.3827901,3.4244201,3.4244201,3880050
2015-12-27,3.42032,3.4924901,3.39342,3.4790499,3.4790499,2048800
2015-12-28,3.4778099,3.5297201,3.4567499,3.4660299,3.4660299,1647170
2015-12-29,3.4706299,3.5172801,3.43646,3.5002601,3.5002601,2161460
2015-12-30,3.5120001,3.51214,3.4463,3.4591401,3.4591401,2202460
2015-12-31,3.4593,3.4974,3.41417,3.48017,3.48017,2667620
2016-01-01,3.4795201,3.5310199,3.46925,3.50898,3.50898,2791170
2016-01-02,3.51528,3.5271201,3.4921899,3.5021601,3.5021601,3020260
2016-01-03,3.5039999,3.5064299,3.45086,3.4830699,3.4830699,2406150
2016-01-04,3.4791,3.50723,3.47615,3.4953899,3.4953899,3309740
2016-01-05,3.4920001,3.5081899,3.4537201,3.4696701,3.4696701,2104650
2016-01-06,3.4670601,3.46786,3.4447999,3.4535601,3.4535601,2208860
2016-01-07,3.4500699,3.6115501,3.4426899,3.60414,3.60414,4560680
2016-01-08,3.5968001,3.6414199,3.5335801,3.5688801,3.5688801,3277990
2016-01-09,3.5743501,3.5855701,3.5436001,3.56057,3.56057,2934720
2016-01-10,3.55916,3.56019,3.49682,3.53672,3.53672,2462000
2016-01-11,3.5262699,3.5692201,3.5262699,3.5566199,3.5566199,2931030
2016-01-12,3.55302,3.55617,3.49368,3.49368,3.49368,4566050
2016-01-13,3.48998,3.4921,3.4328101,3.4760201,3.4760201,6745630
2016-01-14,3.4709301,3.4809599,3.4486799,3.4659901,3.4659901,2044890
2016-01-15,3.46404,3.4644101,2.9967799,2.9967799,2.9967799,5117640
2016-01-16,2.9657199,3.1071801,2.9194601,3.0869401,3.0869401,4170270
2016-01-17,3.0873201,3.10022,3.02476,3.02619,3.02619,1905660
2016-01-18,3.0195501,3.0572701,2.9776299,3.04896,3.04896,2304070
2016-01-19,3.0476601,3.0553401,2.99417,3.0174401,3.0174401,1626900
2016-01-20,3.0148001,3.4345,2.9907,3.38853,3.38853,4438610
2016-01-21,3.3842299,3.40186,3.2053599,3.2207799,3.2207799,3665110
2016-01-22,3.23105,3.2431901,3.0489199,3.07657,3.07657,3589150
2016-01-23,3.0820301,3.1475699,3.07814,3.1034801,3.1034801,2384900
2016-01-24,3.1135099,3.20824,3.0997901,3.181,3.181,1806510
2016-01-25,3.1879499,3.1879499,3.1050501,3.12728,3.12728,1940070
2016-01-26,3.12537,3.17118,3.1233201,3.15482,3.15482,2926650
2016-01-27,3.1593499,3.32019,3.1565199,3.2874501,3.2874501,5341690
2016-01-28,3.29286,3.3003399,3.1121399,3.1201601,3.1201601,3075380
2016-01-29,3.1384001,3.13974,3.0611401,3.1113801,3.1113801,2555880
2016-01-30,3.11813,3.1238201,3.07512,3.0808001,3.0808001,1298980
2016-01-31,3.09693,3.1138699,3.0436599,3.05216,3.05216,1450600
2016-02-01,3.0734301,3.10203,3.0574901,3.07724,3.07724,1502430
2016-02-02,3.0880101,3.0964799,3.06951,3.07587,3.07587,1279650
2016-02-03,3.08639,3.0888901,3.03791,3.0475299,3.0475299,1406560
2016-02-04,3.0575299,3.1822701,3.0561099,3.16277,3.16277,2059350
2016-02-05,3.17151,3.17151,3.1357501,3.1374099,3.1374099,1211900
2016-02-06,3.1499701,3.1542699,3.0773499,3.099,3.099,1394670
2016-02-07,3.1096001,3.1258299,3.0791399,3.0859599,3.0859599,1168970
2016-02-08,3.0919001,3.1073101,3.0565801,3.06216,3.06216,964279
2016-02-09,3.0760801,3.0822301,3.05094,3.0815499,3.0815499,1197280
2016-02-10,3.08898,3.1334901,3.07745,3.0952499,3.0952499,1358800
2016-02-11,3.1121399,3.1256499,3.07076,3.0756199,3.0756199,1263660
2016-02-12,3.0922401,3.1161201,3.08286,3.1118701,3.1118701,1041630
2016-02-13,3.11812,3.1405101,3.1140499,3.1296899,3.1296899,1313500
2016-02-14,3.1477301,3.2130699,3.1477301,3.2105899,3.2105899,1924190
2016-02-15,3.2320399,3.25298,3.1707201,3.1825099,3.1825099,1521240
2016-02-16,3.20227,3.22452,3.1795399,3.2090099,3.2090099,1479430
2016-02-17,3.2273099,3.2648699,3.2016399,3.24103,3.24103,1857460
2016-02-18,3.2451999,3.27355,3.2302599,3.25143,3.25143,1422270
2016-02-19,3.2604499,3.2725699,3.23054,3.25279,3.25279,1780240
2016-02-20,3.26811,3.50172,3.2606499,3.4579899,3.4579899,3677250
2016-02-21,3.45997,3.5836401,3.40012,3.4642701,3.4642701,3518950
2016-02-22,3.46592,3.51263,3.43241,3.4836299,3.4836299,2066780
2016-02-23,3.4888101,3.5246999,3.3803599,3.39693,3.39693,2416790
2016-02-24,3.40327,3.4248199,3.32423,3.3748701,3.3748701,1909510
2016-02-25,3.3861101,3.3998201,3.3336401,3.36552,3.36552,1556360
2016-02-26,3.3694899,3.41679,3.32423,3.41679,3.41679,1849390
2016-02-27,3.4288099,3.4490499,3.3927701,3.4128799,3.4128799,731107
2016-02-28,3.41416,3.4689801,3.3579099,3.44186,3.44186,986849
2016-02-29,3.4412,3.4897499,3.42049,3.44611,3.44611,1431670
2016-03-01,3.44835,3.4542899,3.41013,3.43297,3.43297,1133580
2016-03-02,3.43436,3.44049,3.36502,3.36502,3.36502,1469810
2016-03-03,3.36374,3.36374,3.3052599,3.32353,3.32353,1812040
2016-03-04,3.3215001,3.3487301,3.24751,3.2502301,3.2502301,1459960
2016-03-05,3.25172,3.2518599,3.1329701,3.1921599,3.1921599,1689010
2016-03-06,3.1914899,3.2536399,3.1742899,3.2216499,3.2216499,1010650
2016-03-07,3.2216201,3.27264,3.2012601,3.26775,3.26775,1057270
2016-03-08,3.27141,3.27564,3.22684,3.25422,3.25422,918434
2016-03-09,3.25055,3.2989399,3.2393301,3.27985,3.27985,1247320
2016-03-10,3.27791,3.2915201,3.2513299,3.28755,3.28755,898376
2016-03-11,3.28632,3.4040599,3.28601,3.3847001,3.3847001,1804450
2016-03-12,3.39113,3.3919201,3.2749701,3.29018,3.29018,1076560
2016-03-13,3.2894199,3.3243799,3.28404,3.3074,3.3074,1140930
2016-03-14,3.3090899,3.3278999,3.29075,3.30352,3.30352,670283
2016-03-15,3.3032899,3.32728,3.28704,3.3057799,3.3057799,747107
2016-03-16,3.3071101,3.3179901,3.2953401,3.3093901,3.3093901,692940
2016-03-17,3.3113599,3.3247499,3.2953501,3.30739,3.30739,1038460
2016-03-18,3.3071499,3.3071499,3.1528201,3.1698101,3.1698101,1502010
2016-03-19,3.1707799,3.19468,3.15961,3.1782501,3.1782501,617579
2016-03-20,3.18153,3.2103601,3.1782401,3.20555,3.20555,926158
2016-03-21,3.2051899,3.2067599,3.18803,3.2009101,3.2009101,507480
2016-03-22,3.2000401,3.2400601,3.19804,3.23472,3.23472,1265140
2016-03-23,3.23384,3.25418,3.2216001,3.2428,3.2428,1703040
2016-03-24,3.2450199,3.25109,3.2163899,3.2247,3.2247,1394180
2016-03-25,3.2278399,3.237,3.2142999,3.2290699,3.2290699,1200290
2016-03-26,3.22772,3.23897,3.2126,3.2305701,3.2305701,1117430
2016-03-27,3.2318201,3.32495,3.22509,3.3036001,3.3036001,2089890
2016-03-28,3.3029101,3.3029101,3.25682,3.26406,3.26406,1427140
2016-03-29,3.26176,3.283,3.19629,3.22633,3.22633,1764730
2016-03-30,3.22665,3.27702,3.2030101,3.2194099,3.2194099,1450290
2016-03-31,3.2254801,3.26648,3.2218399,3.2570701,3.2570701,1704440
2016-04-01,3.24575,3.2551501,3.2311299,3.2399499,3.2399499,1316230
2016-04-02,3.2458999,3.2757399,3.2448599,3.26211,3.26211,1174830
2016-04-03,3.2614501,3.2746999,3.2467999,3.2626801,3.2626801,1281200
2016-04-04,3.2613001,3.26842,3.2220299,3.2505901,3.2505901,1188610
2016-04-05,3.2460401,3.27108,3.2414401,3.2516501,3.2516501,863788
2016-04-06,3.2585199,3.2636001,3.2427499,3.2559299,3.2559299,1088910
2016-04-07,3.25701,3.26089,3.2277801,3.2453201,3.2453201,1150280
2016-04-08,3.24191,3.2539799,3.2144001,3.2202699,3.2202699,1352320
2016-04-09,3.22402,3.22615,3.1981699,3.2162001,3.2162001,1224580
2016-04-10,3.2218599,3.2523601,3.2116799,3.22699,3.22699,1417490
2016-04-11,3.2274499,3.2437899,3.21385,3.24177,3.24177,1061060
2016-04-12,3.24014,3.2767899,3.2314501,3.2573199,3.2573199,1305310
2016-04-13,3.2629499,3.2705801,3.2360301,3.2388599,3.2388599,1295720
2016-04-14,3.2457399,3.25582,3.2337601,3.23961,3.23961,1190770
2016-04-15,3.2432101,3.28476,3.2415299,3.2788301,3.2788301,1404400
2016-04-16,3.27985,3.29406,3.26827,3.2738199,3.2738199,1155850
2016-04-17,3.28005,3.2837501,3.2514701,3.2577701,3.2577701,1211900
2016-04-18,3.26037,3.2710199,3.2391801,3.2403901,3.2403901,1317730
2016-04-19,3.2488999,3.2929499,3.2425001,3.2851701,3.2851701,1333410
2016-04-20,3.29175,3.2947299,3.2666199,3.2783799,3.2783799,1638920
2016-04-21,3.28093,3.3517599,3.2734699,3.3464,3.3464,1688230
2016-04-22,3.3467901,3.3480899,3.30686,3.3192699,3.3192699,1569850
2016-04-23,3.32078,3.33972,3.3052599,3.33447,3.33447,1383790
2016-04-24,3.34636,3.64535,3.34636,3.63183,3.63183,4502460
2016-04-25,3.62286,3.8742399,3.55076,3.8117199,3.8117199,6605750
2016-04-26,3.7955899,4.11448,3.7863801,4.0458002,4.0458002,6717450
2016-04-27,4.0486102,4.2299299,3.8689301,3.8897099,3.8897099,9435190
2016-04-28,3.87886,3.8794401,3.6863101,3.7885001,3.7885001,3952590
2016-04-29,3.7920699,3.8468499,3.7235,3.8136001,3.8136001,2467080
2016-04-30,3.8134799,3.8150499,3.6438501,3.65975,3.65975,2502180
2016-05-01,3.6575,3.7204499,3.64311,3.7052,3.7052,1911590
2016-05-02,3.70871,3.7813599,3.63868,3.68031,3.68031,2667410
2016-05-03,3.6821101,3.75876,3.66239,3.7409101,3.7409101,2363200
2016-05-04,3.7418399,3.7797599,3.7311201,3.7467899,3.7467899,1716110
2016-05-05,3.7418101,3.76402,3.7068801,3.71385,3.71385,1702120
2016-05-06,3.71613,3.8221099,3.7060001,3.8221099,3.8221099,1899060
2016-05-07,3.81952,4.0034399,3.81952,3.95345,3.95345,3278610
2016-05-08,3.93641,3.9441099,3.8862,3.9381399,3.9381399,1783970
2016-05-09,3.9376299,4.0833802,3.8986299,4.0564299,4.0564299,3120940
2016-05-10,4.05797,4.1156301,3.7983799,3.81915,3.81915,3688200
2016-05-11,3.8203299,3.91377,3.81444,3.8822701,3.8822701,2458140
2016-05-12,3.88134,3.8967199,3.79635,3.8568001,3.8568001,1798920
2016-05-13,3.8552699,3.9616699,3.8287899,3.9256799,3.9256799,2624100
2016-05-14,3.9272799,4.0451798,3.9202399,4.0101199,4.0101199,2444920
2016-05-15,4.0140901,4.1020098,3.9665401,4.0631199,4.0631199,2096570
2016-05-16,4.0630798,4.1627698,3.9796901,4.0065298,4.0065298,3632510
2016-05-17,4.0036402,4.0349698,3.9744,3.98313,3.98313,2663640
2016-05-18,3.9798,4.04284,3.9751,4.0032201,4.0032201,2377740
2016-05-19,4.00244,4.03438,3.83339,3.83339,3.83339,3380010
2016-05-20,3.82493,3.91887,3.8178899,3.8810101,3.8810101,3638250
2016-05-21,3.8835199,3.9734199,3.8785801,3.9544899,3.9544899,1938010
2016-05-22,3.9565899,3.98667,3.90465,3.9296999,3.9296999,1849720
2016-05-23,3.92293,3.9730799,3.8994601,3.96819,3.96819,1868020
2016-05-24,3.9638801,3.9846001,3.93887,3.9514101,3.9514101,1742000
2016-05-25,3.95081,4.04566,3.9475701,4.04566,4.04566,2765530
2016-05-26,4.04526,4.1045098,4.0268698,4.0824699,4.0824699,2530850
2016-05-27,4.0894198,4.68327,4.0872598,4.5013299,4.5013299,10821100
2016-05-28,4.5109501,4.8333001,4.5065298,4.7006798,4.7006798,11564700
2016-05-29,4.6887298,4.8649902,4.57967,4.6096201,4.6096201,7351420
2016-05-30,4.6326399,4.7027502,4.5850701,4.6708698,4.6708698,3805050
2016-05-31,4.6876001,4.7494402,4.6047902,4.6503901,4.6503901,5187600
2016-06-01,4.6532898,4.7733102,4.6210399,4.7409902,4.7409902,4577160
2016-06-02,4.7446499,4.75948,4.6795602,4.7150502,4.7150502,2121360
2016-06-03,4.7195802,4.8657198,4.7055602,4.86097,4.86097,4061990
2016-06-04,4.8631902,4.9024701,4.7702198,4.8080401,4.8080401,3214800
2016-06-05,4.79843,4.8425899,4.7862201,4.8129101,4.8129101,2257820
2016-06-06,4.8144598,4.9664698,4.81036,4.9591599,4.9591599,2993510
2016-06-07,4.9548202,4.9802098,4.7224998,4.7707801,4.7707801,3881380
2016-06-08,4.7742901,4.7869301,4.68962,4.7481699,4.7481699,3507640
2016-06-09,4.7778802,4.7793398,4.6747799,4.69312,4.69312,6438540
2016-06-10,4.7519999,4.8495202,4.71315,4.8400002,4.8400002,6975970
2016-06-11,4.88234,5.0139799,4.8403702,5.0139799,5.0139799,10294700
2016-06-12,5.0672998,5.45544,5.0465899,5.33358,5.33358,13753200
2016-06-13,5.41465,5.5415301,5.1586299,5.2903199,5.2903199,8668280
2016-06-14,5.3051801,5.3069301,5.0973601,5.20402,5.20402,8488220
2016-06-15,5.2231002,5.2420301,5.1087298,5.2397799,5.2397799,3917000
2016-06-16,5.2530499,5.66079,5.2530499,5.66079,5.66079,9930590
2016-06-17,5.67243,5.9463701,5.2809401,5.5932698,5.5932698,12383200
2016-06-18,5.6039901,5.6939902,5.4889398,5.5599499,5.5599499,7878070
2016-06-19,5.56037,5.6264601,5.50741,5.59378,5.59378,3760240
2016-06-20,5.6251898,5.6251898,5.2691998,5.2945399,5.2945399,4154880
2016-06-21,5.27355,5.2864599,4.6958199,4.8217502,4.8217502,11984800
2016-06-22,4.8275299,4.9190202,3.8808601,3.9107001,3.9107001,11522400
2016-06-23,3.9181399,3.94629,3.4660699,3.8505099,3.8505099,11138900
2016-06-24,3.85183,4.3294101,3.8471899,4.2790999,4.2790999,9364750
2016-06-25,4.2746,4.43571,3.92484,4.2330699,4.2330699,6057000
2016-06-26,4.24301,4.24301,3.97156,4.0743098,4.0743098,4480920
2016-06-27,4.0515299,4.1550202,4.0283499,4.1198502,4.1198502,2749620
2016-06-28,4.1377501,4.18262,4.0667801,4.1006598,4.1006598,2867420
2016-06-29,4.1016898,4.1016898,4.0301399,4.0618801,4.0618801,2211450
2016-06-30,4.0773802,4.2104402,4.0447102,4.1935,4.1935,2864910
2016-07-01,4.19349,4.33394,4.1760201,4.25597,4.25597,6987180
2016-07-02,4.27777,4.60776,4.2409902,4.58992,4.58992,16646200
2016-07-03,4.6609302,4.6609302,4.18537,4.2532902,4.2532902,7659710
2016-07-04,4.2726898,4.5405598,4.2137198,4.5405598,4.5405598,5062640
2016-07-05,4.5577898,4.5577898,4.35745,4.45228,4.45228,4707390
2016-07-06,4.4644599,4.50738,4.4219098,4.4682202,4.4682202,3238960
2016-07-07,4.4965601,4.5261502,3.95399,4.1118798,4.1118798,6277860
2016-07-08,4.1156702,4.2262101,4.07517,4.2199101,4.2199101,5033530
2016-07-09,4.23739,4.23739,3.9707899,4.1630702,4.1630702,6256370
2016-07-10,4.1215701,4.15027,4.0632601,4.0998302,4.0998302,3039620
2016-07-11,4.1211801,4.1910501,4.0612998,4.0854402,4.0854402,3282920
2016-07-12,4.0921898,4.21174,4.08813,4.1532798,4.1532798,2734250
2016-07-13,4.1628299,4.1817398,4.13341,4.1385498,4.1385498,2215370
2016-07-14,4.1409798,4.1753502,4.12357,4.1484599,4.1484599,1663660
2016-07-15,4.15446,4.18084,4.1471601,4.15977,4.15977,1668020
2016-07-16,4.15271,4.1648002,4.11445,4.1326699,4.1326699,1378140
2016-07-17,4.1377201,4.2086401,4.1307702,4.1898899,4.1898899,2155230
2016-07-18,4.1993899,4.2044401,4.13835,4.1482201,4.1482201,1577810
2016-07-19,4.15275,4.1660099,4.1384602,4.1491599,4.1491599,1563330
2016-07-20,4.1499901,4.1628699,4.1124802,4.1250601,4.1250601,1908710
2016-07-21,4.1331902,4.1392899,4.11169,4.1202302,4.1202302,1422410
2016-07-22,4.1257801,4.1419902,4.0261798,4.03829,4.03829,2677970
2016-07-23,4.0426002,4.0640702,4.0304699,4.0570002,4.0570002,1568890
2016-07-24,4.0637498,4.0840802,4.0378699,4.0706701,4.0706701,1839420
2016-07-25,4.0726199,4.0756998,4.0304499,4.0320401,4.0320401,1535980
2016-07-26,4.03719,4.0460601,3.93099,3.9702401,3.9702401,2545920
2016-07-27,3.96491,3.9863501,3.93471,3.9558899,3.9558899,1847300
2016-07-28,3.96576,3.9895301,3.9638801,3.9677401,3.9677401,1728410
2016-07-29,3.9747901,4.0960999,3.95818,4.0774398,4.0774398,1744370
2016-07-30,4.0826602,4.0943198,4.05967,4.06181,4.06181,1388580
2016-07-31,4.0795798,4.0837598,3.9702499,4.0138202,4.0138202,1921460
2016-08-01,4.0629101,4.0629101,3.86342,3.86342,3.86342,1991690
2016-08-02,3.87169,3.8876901,3.51913,3.63958,3.63958,5039290
2016-08-03,3.63943,3.73648,3.5917699,3.7192299,3.7192299,2875880
2016-08-04,3.7119701,3.7525599,3.7074201,3.74845,3.74845,1593350
2016-08-05,3.7420101,3.7420101,3.69911,3.7290399,3.7290399,1162030
2016-08-06,3.7211599,3.7709401,3.6951699,3.76018,3.76018,1371060
2016-08-07,3.7586801,3.81002,3.74597,3.7803199,3.7803199,1335400
2016-08-08,3.7745099,3.7978101,3.7478099,3.7855101,3.7855101,1379300
2016-08-09,3.78284,3.7848499,3.7423401,3.7597499,3.7597499,1878160
2016-08-10,3.76176,3.8073399,3.7195001,3.72242,3.72242,1656370
2016-08-11,3.7174101,3.74735,3.6401601,3.7421701,3.7421701,2374230
2016-08-12,3.7384601,3.7503901,3.6854701,3.7093501,3.7093501,2025430
2016-08-13,3.7086699,3.7546,3.68415,3.7144101,3.7144101,2473190
2016-08-14,3.7157099,3.72246,3.61257,3.6502099,3.6502099,2655030
2016-08-15,3.6482899,3.6824701,3.5697801,3.57708,3.57708,3314040
2016-08-16,3.5850301,3.6479299,3.5819499,3.6377201,3.6377201,2302180
2016-08-17,3.6451099,3.64873,3.5929101,3.5994401,3.5994401,1830120
2016-08-18,3.6027999,3.6415701,3.6027999,3.60712,3.60712,1645410
2016-08-19,3.61098,3.62465,3.5987599,3.60409,3.60409,1433570
2016-08-20,3.608,3.6263399,3.5995901,3.6155601,3.6155601,1642330
2016-08-21,3.61941,3.6265399,3.6034601,3.6150701,3.6150701,1321380
2016-08-22,3.61742,3.66208,3.6045201,3.6572599,3.6572599,2685030
2016-08-23,3.6644199,4.0051699,3.6599,3.9307301,3.9307301,12154100
2016-08-24,3.9288099,3.9479599,3.83992,3.8550501,3.8550501,4425210
2016-08-25,3.8564899,3.8712101,3.7767701,3.8020699,3.8020699,3206370
2016-08-26,3.8019199,3.8473499,3.7923701,3.82638,3.82638,2392690
2016-08-27,3.82494,3.83059,3.7265401,3.7367699,3.7367699,6505780
2016-08-28,3.7360799,3.7571101,3.7316899,3.73983,3.73983,2380150
2016-08-29,3.7376599,3.78583,3.7376599,3.7595201,3.7595201,2610000
2016-08-30,3.76752,3.8237901,3.75331,3.80406,3.80406,2315030
2016-08-31,3.8060701,3.81357,3.78106,3.7974401,3.7974401,1678550
2016-09-01,3.79563,3.8522601,3.7904501,3.83201,3.83201,2241890
2016-09-02,3.83675,3.8368001,3.80919,3.8245699,3.8245699,1984050
2016-09-03,3.8270199,3.9072399,3.80685,3.8887501,3.8887501,2484220
2016-09-04,3.8931,4.0403199,3.88079,4.0144401,4.0144401,4834060
2016-09-05,4.0215402,4.0335598,3.9658401,3.9791901,3.9791901,4245990
2016-09-06,3.9842401,3.9872899,3.95192,3.9723599,3.9723599,1699160
2016-09-07,3.98913,4.1265302,3.94785,3.9698801,3.9698801,1988370
2016-09-08,3.96945,4.0071101,3.95715,3.9883399,3.9883399,2425520
2016-09-09,3.9837101,3.9860401,3.9593501,3.96999,3.96999,1450080
2016-09-10,3.9722199,3.9779601,3.9567201,3.9689801,3.9689801,661652
2016-09-11,3.9685299,3.99351,3.8534999,3.8554499,3.8554499,2100480
2016-09-12,3.8703401,3.8703401,3.79108,3.82319,3.82319,2454330
2016-09-13,3.8318,3.8494999,3.80952,3.8217101,3.8217101,2219650
2016-09-14,3.81881,3.84727,3.81881,3.83216,3.83216,1322330
2016-09-15,3.83005,3.84339,3.8017001,3.8119199,3.8119199,1793220
2016-09-16,3.8153701,3.82528,3.8020699,3.80619,3.80619,1663730
2016-09-17,3.8002801,3.82074,3.7965901,3.8054199,3.8054199,1568340
2016-09-18,3.8102,4.0922298,3.80688,4.0433998,4.0433998,1727830
2016-09-19,4.0426202,4.19906,3.8225601,3.8311601,3.8311601,1606420
2016-09-20,3.82936,3.8585899,3.8236101,3.8420701,3.8420701,2263260
2016-09-21,3.86921,3.86921,3.76174,3.8403699,3.8403699,3853090
2016-09-22,3.8565099,3.8622,3.76757,3.76757,3.76757,1445220
2016-09-23,3.7651999,3.8204999,3.7607501,3.8129101,3.8129101,1572350
2016-09-24,3.8147199,3.8354399,3.7986801,3.80514,3.80514,2118420
2016-09-25,3.79601,3.81373,3.7762001,3.8083799,3.8083799,1540650
2016-09-26,3.7999899,3.86713,3.7957399,3.8587401,3.8587401,2148250
2016-09-27,3.8568399,3.87376,3.84234,3.8522401,3.8522401,1734250
2016-09-28,3.85058,3.8742499,3.8324599,3.83761,3.83761,1905040
2016-09-29,3.8378301,3.8620701,3.83302,3.8456099,3.8456099,1674200
2016-09-30,3.8445001,3.8524799,3.81953,3.8415999,3.8415999,2104930
2016-10-01,3.84776,3.8566101,3.8388,3.84922,3.84922,1426340
2016-10-02,3.8462901,3.87609,3.8155999,3.84231,3.84231,1373630
2016-10-03,3.8501501,3.85302,3.82529,3.83797,3.83797,1207110
2016-10-04,3.8389101,3.8389101,3.81971,3.82303,3.82303,1116870
2016-10-05,3.8321199,3.8512599,3.8258901,3.8431301,3.8431301,1394850
2016-10-06,3.84639,3.86006,3.8289101,3.84654,3.84654,1415940
2016-10-07,3.8385201,3.86362,3.8327301,3.8622899,3.8622899,1596220
2016-10-08,3.86397,3.86587,3.8368101,3.8380499,3.8380499,1544210
2016-10-09,3.8446801,3.8508899,3.80937,3.81513,3.81513,1239070
2016-10-10,3.82321,3.83144,3.7836001,3.7951701,3.7951701,1420790
2016-10-11,3.8039999,3.83729,3.7867301,3.81633,3.81633,2025380
2016-10-12,3.8204401,3.82777,3.7562399,3.7585101,3.7585101,3154520
2016-10-13,3.7464499,3.9249899,3.74558,3.90657,3.90657,3798640
2016-10-14,3.9119899,3.9170499,3.8857601,3.8975999,3.8975999,2142390
2016-10-15,3.9003601,3.91413,3.86991,3.8724301,3.8724301,1664980
2016-10-16,3.88257,3.90838,3.87767,3.8854499,3.8854499,2160150
2016-10-17,3.89224,3.9157,3.8571301,3.91048,3.91048,1716740
2016-10-18,3.95415,4.23212,3.83056,3.8395801,3.8395801,1790400
2016-10-19,3.84618,3.8556299,3.78404,3.8041401,3.8041401,2243800
2016-10-20,3.80797,3.81868,3.77035,3.779,3.779,2417550
2016-10-21,3.7902701,3.82814,3.7607601,3.80546,3.80546,2881980
2016-10-22,3.80969,3.91364,3.79935,3.8854599,3.8854599,3858130
2016-10-23,3.8937199,3.9414501,3.8919201,3.9177799,3.9177799,3927550
2016-10-24,3.9202001,3.9202001,3.8671401,3.86886,3.86886,2999400
2016-10-25,3.87133,3.9173601,3.86902,3.9044099,3.9044099,3154970
2016-10-26,3.9114201,3.9719,3.89538,3.96029,3.96029,5418040
2016-10-27,3.9602699,4.0639,3.9556,4.0215001,4.0215001,6216070
2016-10-28,4.0358701,4.0368099,3.9538701,3.9732201,3.9732201,4260230
2016-10-29,3.97651,4.10253,3.9721,4.0903101,4.0903101,5732580
2016-10-30,4.0959501,4.0971498,4.0233598,4.0340099,4.0340099,4364420
2016-10-31,4.0370798,4.0537,3.9837201,3.9939599,3.9939599,3893350
2016-11-01,3.9986,4.1460199,3.99106,4.0883298,4.0883298,4714890
2016-11-02,4.0908098,4.13099,4.05372,4.1044998,4.1044998,3646100
2016-11-03,4.1129799,4.18291,3.8149099,3.86133,3.86133,5883490
2016-11-04,3.85571,3.88885,3.8229599,3.87889,3.87889,3481430
2016-11-05,3.87851,3.9275,3.85183,3.8666899,3.8666899,2318820
2016-11-06,3.86028,3.9207599,3.83901,3.88925,3.88925,2192880
2016-11-07,3.88833,3.88833,3.7887101,3.83887,3.83887,2806430
2016-11-08,3.8369701,3.85727,3.8174,3.8427601,3.8427601,2493340
2016-11-09,3.84603,3.9386401,3.81477,3.86461,3.86461,2894790
2016-11-10,3.8585401,3.8686399,3.8136001,3.82424,3.82424,2334820
2016-11-11,3.83641,3.84113,3.8020599,3.81601,3.81601,2124360
2016-11-12,3.8143699,3.8266301,3.75246,3.76388,3.76388,2592430
2016-11-13,3.76618,3.9100399,3.6919401,3.878,3.878,3344370
2016-11-14,3.87889,3.89329,3.85799,3.8761699,3.8761699,2525810
2016-11-15,3.8888299,3.9572799,3.8641601,3.89359,3.89359,3032290
2016-11-16,3.90046,4.0303202,3.8962901,4.0194802,4.0194802,4232760
2016-11-17,4.0555701,4.0728698,3.9378901,3.9431901,3.9431901,3120160
2016-11-18,3.9586201,4.0029998,3.9439199,3.9613199,3.9613199,2650960
2016-11-19,3.97737,3.9809101,3.9406199,3.9538,3.9538,2048720
2016-11-20,3.96574,3.9728799,3.9012401,3.9219401,3.9219401,2680300
2016-11-21,3.9321201,3.9577401,3.9177799,3.94488,3.94488,1999840
2016-11-22,3.9521999,3.97263,3.91449,3.94731,3.94731,2347880
2016-11-23,3.9688699,3.97066,3.9162099,3.9253199,3.9253199,2184200
2016-11-24,3.9321101,3.9468701,3.8923199,3.90769,3.90769,2089790
2016-11-25,3.91291,3.9212301,3.8931201,3.9154201,3.9154201,2211790
2016-11-26,3.92061,3.9284999,3.87919,3.89451,3.89451,1782340
2016-11-27,3.9079199,3.9216001,3.87889,3.88293,3.88293,1631940
2016-11-28,3.8977399,3.9124801,3.8777299,3.8845401,3.8845401,1726410
2016-11-29,3.8925099,3.90081,3.86885,3.8745501,3.8745501,2436960
2016-11-30,3.88781,3.9184999,3.88235,3.89379,3.89379,1857280
2016-12-01,3.9094501,3.91855,3.8949499,3.90908,3.90908,1985600
2016-12-02,3.91922,3.9613299,3.9167299,3.94644,3.94644,2559070
2016-12-03,3.9496,3.95487,3.9136901,3.924,3.924,1805780
2016-12-04,3.9323599,3.9451201,3.8964701,3.89961,3.89961,1908090
2016-12-05,3.8844399,3.9226501,3.32781,3.52858,3.52858,11106200
2016-12-06,3.4890499,3.5577199,3.4888799,3.5354099,3.5354099,3007340
2016-12-07,3.54108,3.6307099,3.5138099,3.6159501,3.6159501,2537240
2016-12-08,3.6027801,3.73207,3.6027801,3.6910999,3.6910999,2683090
2016-12-09,3.6910901,3.7138,3.6817701,3.6914799,3.6914799,1758140
2016-12-10,3.69489,3.70275,3.63919,3.68027,3.68027,2093810
2016-12-11,3.6879699,3.68838,3.63205,3.63796,3.63796,1948170
2016-12-12,3.6407299,3.6673,3.6156199,3.6623099,3.6623099,2465660
2016-12-13,3.6654999,3.7049601,3.64856,3.65028,3.65028,1962750
2016-12-14,3.6572599,3.6572599,3.5866899,3.61956,3.61956,2618560
2016-12-15,3.61289,3.6545401,3.5959499,3.62447,3.62447,2679340
2016-12-16,3.6271501,3.6503401,3.61444,3.62818,3.62818,1625780
2016-12-17,3.6298699,3.7058899,3.6065199,3.6975,3.6975,2559210
2016-12-18,3.7038901,3.7125199,3.6648099,3.67695,3.67695,1951490
2016-12-19,3.6772101,3.67979,3.6473401,3.6626201,3.6626201,2274070
2016-12-20,3.6598599,3.6621399,3.6430199,3.6610601,3.6610601,2335510
2016-12-21,3.66452,3.69471,3.64644,3.65345,3.65345,2913250
2016-12-22,3.6656101,3.7456999,3.65716,3.7116799,3.7116799,3657740
2016-12-23,3.7158599,4.6553302,3.70963,4.6553302,4.6553302,15539100
2016-12-24,4.6464901,4.7720098,4.4163098,4.5515399,4.5515399,19773600
2016-12-25,4.55545,4.5680099,4.2217498,4.3472199,4.3472199,11363100
2016-12-26,4.34654,4.4735298,4.2771602,4.3554802,4.3554802,7603100
2016-12-27,4.3685699,4.5759602,4.3277798,4.4693999,4.4693999,9294450
2016-12-28,4.4875698,4.6666598,4.4875698,4.5713501,4.5713501,10319300
2016-12-29,4.5788598,4.6283598,4.5092101,4.55548,4.55548,9352850
2016-12-30,4.56249,4.5648398,4.2873702,4.3905201,4.3905201,11912800
2016-12-31,4.3923302,4.40377,4.2869301,4.3252902,4.3252902,9210720
2017-01-01,4.3291202,4.5215302,4.3287101,4.51159,4.51159,11337500
2017-01-02,4.5204501,4.7376599,4.4846601,4.6489401,4.6489401,14595300
2017-01-03,4.65588,4.7318401,4.5648699,4.6262002,4.6262002,10055700
2017-01-04,4.63375,4.8378501,4.63375,4.8378501,4.8378501,13762400
2017-01-05,4.9143701,4.9458599,4.2268701,4.2927198,4.2927198,19196000
2017-01-06,4.3024001,4.3516502,3.8413501,3.8612599,3.8612599,11063700
2017-01-07,3.86339,3.9558799,3.61359,3.9558799,3.9558799,14628400
2017-01-08,3.95912,4.0155702,3.8970301,3.99458,3.99458,11728600
2017-01-09,3.99698,4.3593898,3.9296999,4.30196,4.30196,11165200
2017-01-10,4.30092,4.6824498,4.2911201,4.5915098,4.5915098,15157900
2017-01-11,4.5971599,4.63622,3.7962699,3.8467901,3.8467901,21863300
2017-01-12,3.83671,4.0213199,3.7802801,3.9628,3.9628,13690900
2017-01-13,3.9484799,3.9601099,3.8013599,3.8908701,3.8908701,7720620
2017-01-14,3.89258,3.9460399,3.87186,3.9005301,3.9005301,3999180
2017-01-15,3.8887801,3.9519601,3.8762,3.9258399,3.9258399,9341360
2017-01-16,3.92204,3.9574001,3.8733001,3.90254,3.90254,8159260
2017-01-17,3.9057,3.9453199,3.85162,3.93905,3.93905,4816480
2017-01-18,3.94225,3.9511001,3.7839899,3.8382001,3.8382001,4321020
2017-01-19,3.8419001,3.92839,3.81076,3.86061,3.86061,4090650
2017-01-20,3.85918,3.9094501,3.84308,3.8900101,3.8900101,3427180
2017-01-21,3.89257,3.9186201,3.8907101,3.90451,3.90451,2717700
2017-01-22,3.9024799,3.9173801,3.82428,3.8429401,3.8429401,2630830
2017-01-23,3.8561299,3.8621099,3.8218501,3.8357601,3.8357601,2725110
2017-01-24,3.8352699,3.84161,3.7842801,3.7860999,3.7860999,2629220
2017-01-25,3.7913301,3.802,3.6886201,3.71453,3.71453,6863540
2017-01-26,3.7144401,3.8417201,3.7063799,3.8343201,3.8343201,5817220
2017-01-27,3.8401,3.86391,3.8055899,3.85588,3.85588,5049680
2017-01-28,3.8535299,3.8671601,3.83653,3.8529501,3.8529501,3305270
2017-01-29,3.8524401,3.8592,3.8383501,3.8520999,3.8520999,2804420
2017-01-30,3.85623,4.0212498,3.8559599,4.0212498,4.0212498,10192700
2017-01-31,4.0165,4.1009798,4.0165,4.07864,4.07864,15799800
2017-02-01,4.0760398,4.13166,4.03058,4.0753298,4.0753298,7753930
2017-02-02,4.07515,4.09093,4.0169401,4.0852699,4.0852699,5175450
2017-02-03,4.0816302,4.1073499,4.0401902,4.0825601,4.0825601,8548470
2017-02-04,4.0845098,4.09656,4.01545,4.0580001,4.0580001,6926300
2017-02-05,4.0651102,4.0704799,4.0188599,4.0429201,4.0429201,4635400
2017-02-06,4.0579801,4.07938,4.0405402,4.0440102,4.0440102,4972300
2017-02-07,4.0534801,4.0787501,4.0391998,4.04037,4.04037,6570650
2017-02-08,4.0497398,4.08043,3.9705,4.02317,4.02317,7016980
2017-02-09,4.0296502,4.0830598,3.7139699,3.7985899,3.7985899,21297300
2017-02-10,3.80109,3.8108799,3.6984799,3.77721,3.77721,7918280
2017-02-11,3.77722,3.8045599,3.7669799,3.7931001,3.7931001,3340840
2017-02-12,3.7958701,3.7958701,3.7459199,3.76437,3.76437,2706320
2017-02-13,3.76823,3.76948,3.70399,3.71789,3.71789,4721650
2017-02-14,3.7152901,3.7732601,3.70713,3.7708001,3.7708001,3994400
2017-02-15,3.7691801,3.8162799,3.7556,3.8092799,3.8092799,2683590
2017-02-16,3.7967601,3.8197801,3.7797301,3.7868099,3.7868099,3991580
2017-02-17,3.7783799,3.8394699,3.7741699,3.8303599,3.8303599,4001350
2017-02-18,3.8280001,3.8280001,3.7781999,3.7910299,3.7910299,3209270
2017-02-19,3.7925799,3.7936399,3.74472,3.76226,3.76226,2701490
2017-02-20,3.7686501,3.78444,3.74962,3.7676599,3.7676599,3128060
2017-02-21,3.7636199,3.79777,3.7572701,3.7832799,3.7832799,4110740
2017-02-22,3.78758,3.84113,3.7811201,3.8052199,3.8052199,4547610
2017-02-23,3.80004,3.84723,3.79636,3.8429501,3.8429501,4096480
2017-02-24,3.83092,3.8801301,3.81601,3.84672,3.84672,6921090
2017-02-25,3.8522201,3.85991,3.8145599,3.8261099,3.8261099,3581200
2017-02-26,3.8158801,3.84742,3.79704,3.82672,3.82672,2688250
2017-02-27,3.8134301,3.82915,3.7969799,3.8027401,3.8027401,3766590
2017-02-28,3.80369,3.8162799,3.7641399,3.7709899,3.7709899,4045440
2017-03-01,3.7730601,3.81441,3.7611899,3.7988999,3.7988999,4405000
2017-03-02,3.79529,4.1110301,3.77774,3.9242301,3.9242301,9439480
2017-03-03,3.9212899,3.99668,3.89802,3.92082,3.92082,7515680
2017-03-04,3.9119101,3.9224601,3.8592601,3.8840001,3.8840001,3361400
2017-03-05,3.8631001,3.9015601,3.83635,3.9015601,3.9015601,2836910
2017-03-06,3.8722401,3.9266,3.86215,3.9214001,3.9214001,4393810
2017-03-07,3.8940401,3.90926,3.8013501,3.82148,3.82148,5619560
2017-03-08,3.80758,3.81727,3.7465601,3.776,3.776,4594400
2017-03-09,3.7663901,3.84447,3.76281,3.8384199,3.8384199,3092100
2017-03-10,3.82828,3.87942,3.72948,3.7521701,3.7521701,7090150
2017-03-11,3.7588,3.8366001,3.7501299,3.7980001,3.7980001,3463740
2017-03-12,3.7866001,3.8610401,3.78425,3.8425701,3.8425701,3373750
2017-03-13,3.84744,4.2455101,3.8324201,4.1705399,4.1705399,22439100
2017-03-14,4.17381,4.17381,4.0057101,4.0551901,4.0551901,7928910
2017-03-15,4.0468602,4.1803999,4.00248,4.1608701,4.1608701,6571900
2017-03-16,4.1473098,4.3837099,4.1005502,4.2371001,4.2371001,12755200
2017-03-17,4.23317,4.23317,4.03685,4.0551,4.0551,11109600
2017-03-18,4.0405202,4.1574602,3.8606701,3.9676199,3.9676199,12199700
2017-03-19,3.9565001,4.0271101,3.8998499,3.9564099,3.9564099,6013050
2017-03-20,3.95048,4.0454202,3.88995,4.0333099,4.0333099,4068240
2017-03-21,4.0363698,4.04106,3.98193,4.0092201,4.0092201,4970080
2017-03-22,3.98735,4.00705,3.8935499,3.9364901,3.9364901,5949960
2017-03-23,3.93174,4.00249,3.9221399,3.9800301,3.9800301,3354160
2017-03-24,3.9730699,4.1307001,3.93841,4.0839601,4.0839601,12524300
2017-03-25,4.0734701,4.1189198,3.9674399,4.0706201,4.0706201,7904680
2017-03-26,4.0661502,4.0987601,4.0270901,4.06074,4.06074,3911060
2017-03-27,4.06639,4.1434698,4.0435801,4.0752802,4.0752802,5162690
2017-03-28,4.0696802,4.1771498,4.06036,4.1556802,4.1556802,4297870
2017-03-29,4.1423702,4.2020102,4.0939102,4.1859002,4.1859002,8479960
2017-03-30,4.1789098,7.0440798,4.1451201,6.9806299,6.9806299,191251008
2017-03-31,7.0187302,7.0745401,5.8548198,6.6670599,6.6670599,98922600
2017-04-01,6.6531601,6.98422,6.3110199,6.8835201,6.8835201,57711700
2017-04-02,6.8629198,7.94415,6.6488199,7.7445002,7.7445002,88560400
2017-04-03,7.7446198,8.6358299,7.2421198,8.0705795,8.0705795,114179000
2017-04-04,8.1184301,8.9623699,7.5264301,8.28936,8.28936,129208000
2017-04-05,8.2472801,11.4225,7.9612098,11.094,11.094,217834000
2017-04-06,11.1231,11.4538,9.6645403,10.2517,10.2517,194300000
2017-04-07,10.2235,10.5603,9.1909199,9.3715601,9.3715601,94765600
2017-04-08,9.3360395,10.3512,9.3313398,9.9162102,9.9162102,58489100
2017-04-09,9.8887901,10.0123,8.4272604,8.7098503,8.7098503,90963296
2017-04-10,8.7209997,9.2012596,8.1850796,8.9170399,8.9170399,74425696
2017-04-11,8.9116201,9.2758703,8.6632299,8.8538303,8.8538303,50700000
2017-04-12,8.8310099,11.0616,8.8310099,10.7856,10.7856,159255008
2017-04-13,10.7644,10.7722,9.93188,10.1495,10.1495,64187400
2017-04-14,10.1309,10.5062,9.6826801,10.39,10.39,61137000
2017-04-15,10.3421,11.0021,10.1979,10.7946,10.7946,47922000
2017-04-16,10.7455,10.9037,10.6651,10.7149,10.7149,24321400
2017-04-17,10.5957,11.1798,10.3878,10.4216,10.4216,104055000
2017-04-18,10.4189,10.9422,9.9712095,10.3201,10.3201,83183296
2017-04-19,10.3138,10.3475,9.5890198,9.6580801,9.6580801,55784900
2017-04-20,9.6347504,10.6635,9.5889196,10.3349,10.3349,55828300
2017-04-21,10.2915,11.5367,10.1627,11.2278,11.2278,99012200
2017-04-22,11.1766,13.0682,11.1074,13.0646,13.0646,158914000
2017-04-23,13.0653,14.4063,12.9538,13.9391,13.9391,198452000
2017-04-24,13.964,14.9655,13.3313,14.9655,14.9655,60177200
2017-04-25,14.9787,15.4302,14.2436,15.2128,15.2128,56668300
2017-04-26,15.2059,15.788,14.5558,14.8481,14.8481,71308800
2017-04-27,14.8436,15.0035,13.4745,14.622,14.622,76208000
2017-04-28,14.5931,14.7838,14.0562,14.3415,14.3415,41067800
2017-04-29,14.397,15.7669,14.362,15.7421,15.7421,45713600
2017-04-30,15.7031,16.072701,15.4676,15.7056,15.7056,43929100
2017-05-01,15.7081,16.365801,14.8757,15.9177,15.9177,66989400
2017-05-02,15.9227,16.231001,15.1544,15.895,15.895,38692100
2017-05-03,15.8752,21.8018,15.6674,21.042601,21.042601,253440992
2017-05-04,21.0445,25.6896,20.8557,23.3936,23.3936,242912000
2017-05-05,23.471201,27.8466,23.4163,26.266899,26.266899,218948992
2017-05-06,26.466801,28.587099,25.4863,28.1598,28.1598,108083000
2017-05-07,28.2015,31.368601,28.2015,30.2911,30.2911,187718000
2017-05-08,30.3724,30.7381,27.3284,28.9582,28.9582,132650000
2017-05-09,28.964399,33.760601,24.489201,33.583,33.583,251516992
2017-05-10,33.2981,37.328602,31.216801,31.962099,31.962099,410465984
2017-05-11,32.657101,32.905899,28.028799,30.717699,30.717699,206136992
2017-05-12,30.931299,31.6796,27.369499,27.454901,27.454901,110569000
2017-05-13,27.218901,28.912001,25.5231,28.912001,28.912001,83564400
2017-05-14,29.09,30.4508,27.788601,28.893,28.893,67853200
2017-05-15,28.894501,28.9328,25.1868,25.365299,25.365299,97147904
2017-05-16,25.337601,25.337601,22.809999,23.3277,23.3277,136875008
2017-05-17,23.242399,25.9494,20.795401,25.4044,25.4044,141118000
2017-05-18,25.1654,29.005301,25.115299,28.357599,28.357599,115830000
2017-05-19,28.2871,28.4119,26.780199,27.6975,27.6975,96923800
2017-05-20,27.681299,28.1569,27.195101,27.506001,27.506001,59065000
2017-05-21,27.4762,28.7367,25.7344,26.298201,26.298201,104882000
2017-05-22,26.1415,27.5049,23.271,25.381001,25.381001,164828992
2017-05-23,25.303499,32.112099,24.932899,32.112099,32.112099,216875008
2017-05-24,32.1217,35.164501,31.7117,34.4534,34.4534,196292000
2017-05-25,34.469002,36.214901,28.8738,29.9002,29.9002,687651008
2017-05-26,30.3251,31.3158,22.556101,23.748301,23.748301,484254016
2017-05-27,23.403099,25.430799,20.0979,23.7353,23.7353,505424000
2017-05-28,24.007401,26.0728,22.1085,24.2206,24.2206,377039008
2017-05-29,24.3249,25.688,23.2827,25.2125,25.2125,219796000
2017-05-30,25.318899,26.1346,24.0308,24.142,24.142,216944000
2017-05-31,24.293501,25.572701,23.184299,25.2976,25.2976,298675008
2017-06-01,25.343901,29.6199,25.298201,28.8034,28.8034,420472992
2017-06-02,28.897301,29.888201,27.743,28.9447,28.9447,332251008
2017-06-03,29.036301,29.169399,26.626101,27.660999,27.660999,290556000
2017-06-04,27.650299,27.939301,26.945499,27.939301,27.939301,204435008
2017-06-05,28.09,30.992901,28.09,30.8433,30.8433,366900992
2017-06-06,30.8407,31.331699,29.2579,30.551001,30.551001,321099008
2017-06-07,30.568701,30.6849,28.374201,28.394699,28.394699,264596992
2017-06-08,28.3813,30.3426,27.879999,30.211901,30.211901,229004992
2017-06-09,30.1873,30.5893,29.6234,29.681601,29.681601,176840992
2017-06-10,29.6845,30.5888,29.6619,30.4417,30.4417,202679008
2017-06-11,30.5009,33.560699,30.1595,33.216301,33.216301,406217984
2017-06-12,33.230499,33.230499,27.8022,29.5035,29.5035,372663008
2017-06-13,29.4916,30.6429,29.332001,30.6429,30.6429,150455008
2017-06-14,30.739,32.062801,29.3169,30.224701,30.224701,278323008
2017-06-15,30.215401,30.3748,27.3127,30.2201,30.2201,314502016
2017-06-16,30.2791,35.7005,29.5539,35.7005,35.7005,515972992
2017-06-17,36.183899,49.299599,36.183899,47.645901,47.645901,1730780032
2017-06-18,47.4422,47.4422,42.4258,46.041599,46.041599,1016220032
2017-06-19,46.161999,53.550999,44.987099,50.3209,50.3209,1342360064
2017-06-20,50.409,51.469101,45.750301,47.2164,47.2164,612934976
2017-06-21,47.2952,49.728298,44.215801,47.787498,47.787498,640054016
2017-06-22,47.7188,48.8517,45.8699,47.712898,47.712898,445323008
2017-06-23,47.747799,48.4235,47.273899,47.335499,47.335499,284270016
2017-06-24,47.2467,47.443298,44.0116,44.491798,44.491798,321214016
2017-06-25,44.4907,46.215302,43.054298,43.9244,43.9244,354372000
2017-06-26,44.036999,44.3452,37.549599,41.131802,41.131802,538072000
2017-06-27,41.131302,41.3885,36.199501,40.5415,40.5415,565265024
2017-06-28,40.816002,43.613701,39.1777,42.849499,42.849499,353444000
2017-06-29,42.830101,42.830101,40.352901,41.0653,41.0653,300131008
2017-06-30,41.042999,41.7467,40.174,40.354301,40.354301,251184000
2017-07-01,40.404099,40.5783,38.4716,38.988201,38.988201,225507008
2017-07-02,38.9492,43.266899,37.8046,41.5676,41.5676,315630016
2017-07-03,41.4785,48.4039,40.9706,46.425201,46.425201,729937984
2017-07-04,46.562599,55.4244,46.562599,55.3344,55.3344,1101750016
2017-07-05,55.274899,56.034698,50.596001,53.1945,53.1945,790609024
2017-07-06,53.195499,53.195499,50.115101,51.130299,51.130299,461148992
2017-07-07,51.101501,51.136002,45.6325,46.5755,46.5755,553712000
2017-07-08,46.639301,52.745098,44.670101,52.1385,52.1385,604987008
2017-07-09,52.363701,53.3088,49.527,49.580502,49.580502,409244000
2017-07-10,49.908798,50.534801,44.737,46.576401,46.576401,373252992
2017-07-11,46.2742,47.3894,43.6451,45.330799,45.330799,400044992
2017-07-12,45.255901,49.070499,44.0653,48.751202,48.751202,369964000
2017-07-13,48.7234,49.049301,45.389301,46.327801,46.327801,229104992
2017-07-14,46.3592,46.477699,40.801998,42.8027,42.8027,320419008
2017-07-15,42.805302,42.805302,37.778599,38.923901,38.923901,327332000
2017-07-16,38.921001,41.969299,36.3848,40.912899,40.912899,393366016
2017-07-17,41.189201,43.073002,40.172298,42.669701,42.669701,355036000
2017-07-18,42.623001,45.330399,41.4673,44.302399,44.302399,380816000
2017-07-19,44.347401,44.4188,40.560799,40.864399,40.864399,246376992
2017-07-20,40.955399,45.447498,40.955399,45.015701,45.015701,354801984
2017-07-21,45.068501,47.447498,44.5215,45.763,45.763,286020000
2017-07-22,45.772999,46.798698,45.4529,46.5583,46.5583,132333000
2017-07-23,46.628201,46.639702,42.936001,44.055901,44.055901,219256992
2017-07-24,44.159599,44.811501,43.287701,44.405499,44.405499,158532000
2017-07-25,44.482899,44.788799,41.067299,42.241299,42.241299,206307008
2017-07-26,42.287998,42.698601,40.625702,42.229698,42.229698,121389000
2017-07-27,42.353199,42.619499,41.389301,42.139801,42.139801,81714000
2017-07-28,42.216202,42.470299,35.941502,40.614601,40.614601,137556000
2017-07-29,40.558899,41.341202,38.743999,41.115501,41.115501,109945000
2017-07-30,41.184502,41.817699,40.062,40.422001,40.422001,75746704
2017-07-31,40.340302,44.033401,38.947701,43.022701,43.022701,240820992
2017-08-01,43.019299,43.77,41.084999,43.036301,43.036301,203656000
2017-08-02,43.074902,43.206299,42.0667,42.132198,42.132198,103557000
2017-08-03,42.193001,43.1674,42.132801,42.8615,42.8615,95497600
2017-08-04,42.893501,43.7131,42.821499,43.449699,43.449699,114810000
2017-08-05,43.486,46.916599,43.476002,46.859001,46.859001,248320000
2017-08-06,46.845001,47.3013,45.098598,45.103001,45.103001,147891008
2017-08-07,45.1717,46.484001,45.123798,45.795502,45.795502,106560000
2017-08-08,45.898102,49.368301,45.794102,48.631901,48.631901,205564992
2017-08-09,48.5867,50.226398,47.164299,48.011902,48.011902,253103008
2017-08-10,48.0494,48.507,46.499802,46.499802,46.499802,121661000
2017-08-11,46.4049,47.327301,46.4049,47.0994,47.0994,137644000
2017-08-12,47.050598,47.623501,46.285801,46.433899,46.433899,142064992
2017-08-13,46.568699,48.0728,44.325901,45.812801,45.812801,242564992
2017-08-14,45.832298,46.510899,45.431198,45.804501,45.804501,114402000
2017-08-15,45.813499,45.835701,42.2943,43.306499,43.306499,206080992
2017-08-16,43.371899,45.0564,42.570301,44.151199,44.151199,120765000
2017-08-17,44.178799,44.832001,43.784199,43.9146,43.9146,104020000
2017-08-18,43.897202,47.859501,43.5909,47.281399,47.281399,293350016
2017-08-19,47.054298,47.081699,43.782001,45.48,45.48,155404000
2017-08-20,45.376202,47.546101,44.751499,46.230999,46.230999,138850000
2017-08-21,46.1898,48.747601,45.621399,47.936001,47.936001,207172000
2017-08-22,47.895199,47.895199,45.476398,46.7271,46.7271,163104000
2017-08-23,46.7136,54.7799,46.483601,53.2481,53.2481,447188000
2017-08-24,52.824402,53.280399,50.1856,50.1856,50.1856,391342016
2017-08-25,50.172298,52.1348,49.842098,51.1768,51.1768,157619008
2017-08-26,51.165798,52.2603,50.4524,51.749599,51.749599,126024000
2017-08-27,51.804798,64.442299,51.6385,61.158798,61.158798,890545984
2017-08-28,61.3634,64.919998,59.867599,62.355499,62.355499,556636992
2017-08-29,62.3946,63.286301,61.257301,63.167,63.167,294799008
2017-08-30,63.163799,64.213699,60.897301,64.169296,64.169296,240308992
2017-08-31,64.158203,72.280701,64.040398,71.055099,71.055099,633147008
2017-09-01,70.856102,87.405899,70.005402,86.039703,86.039703,1551740032
2017-09-02,85.829903,92.065201,72.226501,79.0243,79.0243,1363990016
2017-09-03,78.979897,82.829803,73.608498,76.843002,76.843002,675462016
2017-09-04,76.732101,76.732101,61.243698,65.205803,65.205803,922041024
2017-09-05,65.251297,72.443703,59.049999,71.2948,71.2948,1016089984
2017-09-06,71.777298,80.639,71.513901,80.114304,80.114304,830718016
2017-09-07,79.877998,81.055,75.590897,78.484299,78.484299,526828992
2017-09-08,78.452797,80.126099,63.829899,67.7948,67.7948,930673024
2017-09-09,67.2127,69.553802,64.009102,66.009102,66.009102,467895008
2017-09-10,65.802803,65.951202,57.0644,61.613499,61.613499,529848000
2017-09-11,61.646599,67.232498,61.371498,66.039902,66.039902,412076000
2017-09-12,66.2388,70.252998,63.8633,64.233704,64.233704,481217984
2017-09-13,64.321602,64.597,58.934799,61.730099,61.730099,501521984
2017-09-14,61.6422,62.426701,41.248501,41.5849,41.5849,749713984
2017-09-15,41.685001,50.647701,32.030998,48.212601,48.212601,1554339968
2017-09-16,48.1334,52.829201,46.464901,48.258301,48.258301,562278016
2017-09-17,48.2304,49.881802,45.124802,48.4902,48.4902,245262000
2017-09-18,48.530201,55.614899,48.530201,55.525398,55.525398,408675008
2017-09-19,55.683601,55.883301,51.047798,52.8353,52.8353,286583008
2017-09-20,52.7449,53.829899,51.251301,51.733799,51.733799,160252000
2017-09-21,51.663601,52.314201,45.6674,46.605801,46.605801,229363008
2017-09-22,46.652699,49.092098,45.188999,48.090302,48.090302,218134000
2017-09-23,48.157101,49.789501,46.687,49.271599,49.271599,142072992
2017-09-24,49.250099,49.2687,47.5186,47.618301,47.618301,82147104
2017-09-25,47.6199,52.4389,47.571701,51.580101,51.580101,208640992
2017-09-26,51.687901,53.702499,51.077,51.546799,51.546799,173663008
2017-09-27,51.576199,56.5406,51.576199,56.2831,56.2831,220363008
2017-09-28,56.2122,56.671299,53.4081,54.085201,54.085201,202008992
2017-09-29,54.109299,54.159901,50.4188,52.623001,52.623001,186560000
2017-09-30,52.626499,55.234501,52.619099,55.142399,55.142399,131446000
2017-10-01,55.1362,55.161598,53.625198,54.543301,54.543301,100183000
2017-10-02,54.546902,54.784801,53.257999,53.375999,53.375999,95474600
2017-10-03,53.3904,53.592999,51.586601,52.349602,52.349602,88516096
2017-10-04,52.284302,53.046101,50.830399,51.399502,51.399502,77473400
2017-10-05,51.401402,51.865501,50.440498,51.669498,51.669498,69594400
2017-10-06,51.636002,52.6031,51.530499,52.120098,52.120098,59355900
2017-10-07,52.137501,52.749802,51.6362,52.584,52.584,51786200
2017-10-08,52.4935,54.5051,52.257,53.142601,53.142601,100841000
2017-10-09,53.0825,53.388199,48.4725,50.164001,50.164001,152366000
2017-10-10,50.154202,51.671299,49.8573,50.717098,50.717098,90415504
2017-10-11,50.7533,51.136398,50.316502,50.887501,50.887501,57390100
2017-10-12,50.8867,60.107601,50.871498,60.107601,60.107601,341368992
2017-10-13,60.551899,60.9617,55.8409,59.428902,59.428902,357124000
2017-10-14,59.405602,66.193001,58.600899,63.950199,63.950199,313105984
2017-10-15,64.126602,70.093803,62.5494,65.4674,65.4674,453940000
2017-10-16,65.7183,66.3358,62.691299,64.621902,64.621902,200428000
2017-10-17,64.673203,64.695503,58.853901,59.479,59.479,205363008
2017-10-18,59.586899,61.747601,53.793701,60.730801,60.730801,283868992
2017-10-19,60.8218,61.292198,58.7085,59.7397,59.7397,160943008
2017-10-20,59.809799,61.884201,58.5634,60.330601,60.330601,150542000
2017-10-21,60.303799,60.521,56.834099,58.201801,58.201801,139503008
2017-10-22,58.2719,58.6507,56.437901,56.807899,56.807899,96781400
2017-10-23,56.770699,56.770699,52.872398,54.9202,54.9202,177315008
2017-10-24,54.959499,59.101299,53.294498,55.9632,55.9632,199788992
2017-10-25,55.951698,56.580101,54.094002,56.494301,56.494301,114510000
2017-10-26,56.468601,57.145401,55.2771,55.737999,55.737999,81104704
2017-10-27,55.6731,56.254002,55.154301,55.332401,55.332401,78923104
2017-10-28,55.3843,56.131802,54.5732,54.693901,54.693901,71063200
2017-10-29,54.6698,57.751999,54.4935,57.1064,57.1064,138340000
2017-10-30,56.840199,58.549599,56.235802,56.390499,56.390499,129287000
2017-10-31,56.365002,56.787102,55.717602,55.754101,55.754101,99381104
2017-11-01,55.7407,55.7407,53.180801,53.180801,53.180801,112759000
2017-11-02,53.5592,55.2775,50.850498,54.737301,54.737301,221076992
2017-11-03,54.578201,56.292099,54.283901,56.1814,56.1814,150030000
2017-11-04,56.2159,56.368801,54.936401,55.037201,55.037201,83633104
2017-11-05,55.0257,55.476799,54.628101,54.746399,54.746399,84302000
2017-11-06,54.759201,56.1731,53.945702,55.173698,55.173698,133918000
2017-11-07,54.987701,63.810501,54.985298,61.2952,61.2952,402670016
2017-11-08,61.112999,64.065002,60.790001,62.573101,62.573101,349454016
2017-11-09,62.489601,66.838303,61.7258,64.269699,64.269699,279652992
2017-11-10,64.436203,65.8964,56.9132,59.260101,59.260101,291596000
2017-11-11,59.3489,63.711601,59.242199,62.303299,62.303299,272494016
2017-11-12,62.3092,62.3092,57.413399,59.005402,59.005402,322820000
2017-11-13,59.1758,62.7644,58.848701,61.3965,61.3965,237478000
2017-11-14,61.642899,63.812401,60.8661,62.6796,62.6796,174111008
2017-11-15,62.7752,65.524696,62.708801,63.823601,63.823601,194636000
2017-11-16,63.809101,72.479103,62.937401,71.060204,71.060204,418128992
2017-11-17,70.448402,71.118401,65.781799,67.569,67.569,350504992
2017-11-18,67.405197,69.765602,65.714104,69.6437,69.6437,174063008
2017-11-19,69.511902,72.980797,68.604202,71.589302,71.589302,243056992
2017-11-20,71.413002,72.918404,70.792999,72.2528,72.2528,188976000
2017-11-21,72.1968,72.5345,68.109398,70.028297,70.028297,231664992
2017-11-22,70.182198,71.950996,70.182198,71.892799,71.892799,157890000
2017-11-23,71.975098,76.396797,70.902802,73.223396,73.223396,315247008
2017-11-24,73.141899,77.9683,72.812302,77.9683,77.9683,287392000
2017-11-25,77.908699,89.367203,77.522301,88.816902,88.816902,487896992
2017-11-26,88.939301,88.939301,84.017303,85.926804,85.926804,357456992
2017-11-27,85.889702,93.286201,85.889702,91.602699,91.602699,429591008
2017-11-28,91.723999,96.033798,90.339798,96.033798,96.033798,388931008
2017-11-29,96.012497,104.609,81.768097,85.570999,85.570999,786819968
2017-11-30,86.246696,93.539902,78.075401,88.330704,88.330704,481948000
2017-12-01,88.003502,100.412,83.738297,99.0037,99.0037,561342976
2017-12-02,98.941498,103.795,98.315903,100.284,100.284,402553984
2017-12-03,100.195,106.391,98.101601,101.263,101.263,364022016
2017-12-04,101.396,104.236,96.532501,104.236,104.236,331151008
2017-12-05,104.277,104.303,101.84,102.397,102.397,328726016
2017-12-06,102.478,104.818,97.314697,100.352,100.352,547512000
2017-12-07,99.9841,101.343,92.271698,98.292397,98.292397,645691008
2017-12-08,98.328102,133.07001,95.396004,124.846,124.846,1515559936
2017-12-09,127.479,171.55099,126.588,155.242,155.242,2436539904
2017-12-10,155.627,155.627,130.161,148.66,148.66,1087340032
2017-12-11,148.258,225.287,147.341,214.203,214.203,2913979904
2017-12-12,212.464,341.724,209.68201,316.159,316.159,6961679872
2017-12-13,315.362,341.79501,287.483,302.60199,302.60199,3409789952
2017-12-14,301.198,311.319,265.65701,279.328,279.328,2114880000
2017-12-15,280.96799,316.40601,251.224,299.77899,299.77899,2599940096
2017-12-16,299.33701,309.901,290.134,298.97198,298.97198,1291379968
2017-12-17,301.784,332.59,301.784,318.71899,318.71899,1703580032
2017-12-18,318.953,360.93301,302.004,358.336,358.336,1966599936
2017-12-19,359.125,375.28601,335.67499,350.25299,350.25299,2150479872
2017-12-20,349.604,349.604,308.62701,314.621,314.621,2104060032
2017-12-21,314.66,339.73901,299.52899,317.46201,317.46201,1555939968
2017-12-22,319.25699,320.302,187.47701,264.93201,264.93201,2938040064
2017-12-23,269.267,312.668,261.63699,288.26599,288.26599,1352579968
2017-12-24,291.008,291.008,251.03799,275.98001,275.98001,1122909952
2017-12-25,277.49399,286.79001,269.573,273.39001,273.39001,804377024
2017-12-26,273.108,289.51099,272.26199,286.504,286.504,842993024
2017-12-27,286.58899,290.944,264.423,272.17401,272.17401,777137984
2017-12-28,272.12601,273.177,231.377,249.92999,249.92999,2593240064
2017-12-29,250.35201,258.04099,238.33299,245.502,245.502,1392210048
2017-12-30,245.08701,245.433,208.19701,218.963,218.963,943667008
2017-12-31,216.97501,237.791,213.811,232.09599,232.09599,771041984
2018-01-01,231.666,236.634,222.203,229.033,229.033,633142016
2018-01-02,228.99001,263.625,228.99001,255.68401,255.68401,1237949952
2018-01-03,255.69501,260.742,243.13499,245.368,245.368,3215280128
2018-01-04,245.47501,245.47501,227.013,241.37,241.37,3481550080
2018-01-05,241.034,256.14801,237.88,249.271,249.271,1710599936
2018-01-06,249.76801,323.11499,249.41499,296.45401,296.45401,2264740096
2018-01-07,296.05301,305.52701,281.927,288.45099,288.45099,1055400000
2018-01-08,287.72501,289.069,237.66499,255.763,255.763,1182080000
2018-01-09,254.606,258.50299,240.18401,247.037,247.037,940825024
2018-01-10,248.073,251.054,233.85899,250.51801,250.51801,1009910016
2018-01-11,251.522,255.048,223.00301,229.366,229.366,1079389952
2018-01-12,229.787,243.592,224.821,236.856,236.856,691160000
2018-01-13,236.882,263.19501,236.882,259.19299,259.19299,961043008
2018-01-14,260.57901,270.85199,234.272,238.675,238.675,886414976
2018-01-15,237.289,245.004,232.774,232.774,232.774,601769984
2018-01-16,232.817,232.817,152.293,188.33099,188.33099,1405069952
2018-01-17,190.145,197.78999,141.007,186.51601,186.51601,1422489984
2018-01-18,186.94901,207.01601,176.83,192.83701,192.83701,936784000
2018-01-19,191.192,202.075,186.938,192.964,192.964,560284032
2018-01-20,194.37801,214.588,194.37801,211.01801,211.01801,540785984
2018-01-21,211.235,211.235,184.636,190.42101,190.42101,463516000
2018-01-22,191.78999,195.246,166.883,180.008,180.008,494091008
2018-01-23,180.27901,186.306,165.726,177.80701,177.80701,441764992
2018-01-24,178.425,186.27901,173.71899,179.987,179.987,375948992
2018-01-25,181.563,185.423,176.349,180.272,180.272,363137984
2018-01-26,179.819,182.892,167.084,176.73399,176.73399,375476992
2018-01-27,176.661,183.15401,174.879,180.886,180.886,291632992
2018-01-28,181.42101,194.679,181.42101,193.86501,193.86501,363515008
2018-01-29,193.75101,194.386,179.23199,181.664,181.664,303560992
2018-01-30,181.44501,181.51801,163.034,165.276,165.276,433227008
2018-01-31,165.29601,167.06799,157.645,163.351,163.351,363292992
2018-02-01,163.68201,165.814,131.548,142.297,142.297,539880000
2018-02-02,142.562,142.562,105.346,131.379,131.379,815539968
2018-02-03,131.401,165.55499,121.166,160.25,160.25,687676032
2018-02-04,160.381,173.79601,139.694,148.02499,148.02499,1006080000
2018-02-05,148.72701,153.524,118.147,125.33,125.33,844678016
2018-02-06,127.521,146.114,106.944,142.991,142.991,1148409984
2018-02-07,142.48199,157.89799,131.524,138.203,138.203,817808000
2018-02-08,138.336,151.08099,138.336,149.466,149.466,869206976
2018-02-09,149.73,163.98,142.586,163.95,163.95,722204992
2018-02-10,163.48801,169.32899,149.144,155.593,155.593,576328000
2018-02-11,155.392,155.731,142.61099,148.99001,148.99001,495720000
2018-02-12,150.104,163.34801,150.104,161.56599,161.56599,535710016
2018-02-13,161.77499,162.37399,153.511,159.554,159.554,483468000
2018-02-14,159.57899,218.231,159.57899,213.35899,213.35899,2383340032
2018-02-15,212.347,237.877,211.174,225.42599,225.42599,2087289984
2018-02-16,225.5,236.088,212.32899,230.12399,230.12399,1300089984
2018-02-17,229.502,233.451,225.603,229.465,229.465,863401024
2018-02-18,230.509,232.644,214.45799,215.73599,215.73599,1011120000
2018-02-19,215.41499,226.967,215.377,223.05701,223.05701,767596992
2018-02-20,223.08701,253.89799,222.507,232.851,232.851,1739670016
2018-02-21,230.948,235.41,208.925,213.35201,213.35201,1195820032
2018-02-22,212.841,222.76801,191.81,195.308,195.308,974379008
2018-02-23,194.19299,216.132,184.07001,209.30901,209.30901,1065680000
2018-02-24,210.63699,220.30701,197.884,209.422,209.422,937312000
2018-02-25,208.132,225.549,202.36501,220.47501,220.47501,1028590016
2018-02-26,222.138,234.41701,218.73599,220.96201,220.96201,1297080064
2018-02-27,221.71001,224.209,215.841,216.599,216.599,856454016
2018-02-28,217.27901,223.50999,202.70599,202.895,202.895,761321984
2018-03-01,203.119,214.698,201.54201,209.75,209.75,678542016
2018-03-02,209.55499,213.129,204.88,212.556,212.556,627142016
2018-03-03,213.838,217.763,209.537,210.64301,210.64301,681865984
2018-03-04,210.23599,214.12,205.364,213.799,213.799,574675008
2018-03-05,213.74001,215.978,209.24899,211.175,211.175,594828992
2018-03-06,210.513,210.513,193.157,196.601,196.601,661078016
2018-03-07,196.826,199.27499,175.647,185.839,185.839,755924992
2018-03-08,185.698,188.147,176.174,176.511,176.511,612508992
2018-03-09,176.481,189.91499,160.42599,187.168,187.168,943363968
2018-03-10,188.11301,194.64799,176.536,177.73199,177.73199,625808000
2018-03-11,177.513,193.47701,172.47,188.946,188.946,669377984
2018-03-12,189.01601,193.34,175.875,178.23399,178.23399,567628992
2018-03-13,177.597,181.87,172.257,175.782,175.782,468094016
2018-03-14,175.937,177.547,158.63,161.101,161.101,480652992
2018-03-15,161.202,167.332,151.479,164.476,164.476,564609024
2018-03-16,164.817,171.258,158.991,165.45,165.45,436628000
2018-03-17,165.188,165.218,151.058,152.96899,152.96899,403808992
2018-03-18,152.537,156.15401,138.01801,154.07401,154.07401,595955008
2018-03-19,155.47501,163.049,151.66299,161.142,161.142,504832992
2018-03-20,161.521,173.3,156.815,168.817,168.817,492892000
2018-03-21,169.55701,175.261,166.61501,169.052,169.052,462536000
2018-03-22,168.72301,172.306,161.11301,163.672,163.672,404996992
2018-03-23,163.577,167.832,157.263,167.832,167.832,348056000
2018-03-24,168.534,168.653,159.631,159.631,159.631,290270016
2018-03-25,158.864,162.72099,157.52,160.084,160.084,241431008
2018-03-26,160.16499,160.994,143.123,149.22099,149.22099,407135008
2018-03-27,148.961,149.621,135.77901,135.77901,135.77901,385104000
2018-03-28,135.49001,140.125,131.034,131.74699,131.74699,328374016
2018-03-29,131.925,132.61,113.934,114.679,114.679,476804000
2018-03-30,114.804,124.902,110.257,118.598,118.598,468439008
2018-03-31,118.637,123.872,116.184,116.607,116.607,295439008
2018-04-01,116.905,117.833,110.523,115.222,115.222,274182016
2018-04-02,115.237,121.416,114.719,119.306,119.306,271703008
2018-04-03,119.509,136.44701,118.584,134.47,134.47,375408992
2018-04-04,133.908,134.61,116.583,118.412,118.412,380351008
2018-04-05,118.209,121.287,114.468,119.131,119.131,294022016
2018-04-06,118.815,119.934,112.787,113.155,113.155,233190000
2018-04-07,113.135,119.38,113.095,116.26,116.26,211470000
2018-04-08,116.291,118.55,115.947,117.671,117.671,194664000
2018-04-09,117.783,122.426,113.325,114.99,114.99,260171008
2018-04-10,115.213,115.4,112.518,114.263,114.263,202879008
2018-04-11,114.289,119.094,113.33,118.291,118.291,230068992
2018-04-12,118.292,129.33501,113.551,129.33501,129.33501,587510976
2018-04-13,129.274,133.03999,124.056,125.354,125.354,458040000
2018-04-14,125.224,129.339,124.767,126.294,126.294,258806000
2018-04-15,126.669,132.045,126.669,132.045,132.045,274427008
2018-04-16,131.968,132.62601,125.238,128.33501,128.33501,290855008
2018-04-17,128.71001,139.653,128.71001,132.92799,132.92799,532336000
2018-04-18,132.377,140.853,132.377,139.99699,139.99699,381161984
2018-04-19,140.041,146.867,138.95799,146.3,146.3,408736000
2018-04-20,146.50101,155.724,143.84399,155.537,155.537,491945984
2018-04-21,155.685,156.61,142.17799,148.93401,148.93401,482924000
2018-04-22,148.608,152.23,145.314,146.774,146.774,338735008
2018-04-23,146.672,152.76801,146.67,152.252,152.252,376060000
2018-04-24,152.575,165.94299,152.575,165.78101,165.78101,643558016
2018-04-25,165.08701,165.08701,142.593,144.76401,144.76401,613467008
2018-04-26,144.69901,153.823,142.64301,153.679,153.679,412436992
2018-04-27,153.444,153.619,145.905,145.905,145.905,386742016
2018-04-28,145.742,153.326,145.742,152.29601,152.29601,337116992
2018-04-29,152.16499,155.621,148.897,153.631,153.631,388081984
2018-04-30,153.647,154.08099,147.871,148.47701,148.47701,341396992
2018-05-01,148.34399,148.545,143.939,148.48801,148.48801,342152000
2018-05-02,148.44501,152.88699,146.98399,151.577,151.577,354656992
2018-05-03,151.85899,163.99699,151.01199,161.459,161.459,617984000
2018-05-04,160.46899,170.37801,157.937,168.78799,168.78799,633054976
2018-05-05,168.35001,181.62801,168.35001,177.76199,177.76199,741246016
2018-05-06,178.021,182.883,166.175,171.8,171.8,626270016
2018-05-07,171.759,171.91701,158.92999,164.879,164.879,573281024
2018-05-08,164.83,167.981,158.158,159.617,159.617,466308992
2018-05-09,159.617,159.617,152.59801,157.05499,157.05499,448136000
2018-05-10,157.151,160.336,149.33701,149.869,149.869,426694016
2018-05-11,149.44501,149.44501,134.726,137.117,137.117,530416000
2018-05-12,137.257,144.41901,132.588,141.882,141.882,410184992
2018-05-13,141.798,147.246,137.655,144.588,144.588,383224000
2018-05-14,144.62399,152.155,136.07201,147.714,147.714,584222016
2018-05-15,147.48801,149.383,138.57001,139.88,139.88,415984992
2018-05-16,139.64999,140.651,135.27699,139.26801,139.26801,351689984
2018-05-17,139.55901,141.166,131.952,132.77299,132.77299,320248992
2018-05-18,132.70399,137.05499,129.703,136.05701,136.05701,371688000
2018-05-19,135.965,137.50101,133.871,135.32001,135.32001,310963008
2018-05-20,135.272,140.315,133.79401,139.698,139.698,324983008
2018-05-21,139.644,139.644,133.93401,134.509,134.509,308376992
2018-05-22,134.25999,135.605,128.332,128.67599,128.67599,294447008
2018-05-23,128.808,129.332,117.35,119.314,119.314,373329984
2018-05-24,119.195,124.371,115.89,122.613,122.613,345857984
2018-05-25,122.559,124.202,117.821,119.442,119.442,297743008
2018-05-26,119.35,122.251,117.868,118.277,118.277,275851008
2018-05-27,118.504,118.848,116.986,117.992,117.992,258727008
2018-05-28,117.93,119.083,111.476,111.598,111.598,295723008
2018-05-29,111.844,121.963,110.903,119.568,119.568,350520000
2018-05-30,119.54,122.376,116.017,117.533,117.533,305275008
2018-05-31,117.318,120.594,116.638,118.074,118.074,297183008
2018-06-01,118.028,120.196,117.116,119.915,119.915,290886016
2018-06-02,119.828,123.894,118.955,123.307,123.307,310800000
2018-06-03,123.285,127.368,122.366,125.5,125.5,322787008
2018-06-04,125.211,126.326,118.728,119.903,119.903,299780992
2018-06-05,119.896,122.006,116.442,121.701,121.701,300892000
2018-06-06,121.888,122.138,118.556,121.183,121.183,324158016
2018-06-07,121.339,123.178,119.621,121.426,121.426,365670016
2018-06-08,121.516,121.946,118.705,120.084,120.084,285831008
2018-06-09,120.108,121.025,117.741,117.741,117.741,242235008
2018-06-10,117.562,117.562,104.082,107.044,107.044,399889984
2018-06-11,106.541,108.847,104.124,107.516,107.516,331430016
2018-06-12,107.428,108.058,99.374603,100.752,100.752,333163008
2018-06-13,100.799,100.948,91.288498,94.0756,94.0756,360492992
2018-06-14,93.993698,102.417,93.611603,101.154,101.154,367742016
2018-06-15,101.115,101.115,95.599503,96.676003,96.676003,293284992
2018-06-16,96.5784,98.346397,93.970596,97.577003,97.577003,259324992
2018-06-17,97.717598,98.657204,95.532997,96.1026,96.1026,242331008
2018-06-18,95.773499,99.8134,93.910004,98.819,98.819,282937984
2018-06-19,98.727303,100.82,97.3983,98.8377,98.8377,284982016
2018-06-20,98.956299,99.204597,95.967102,97.9935,97.9935,261392000
2018-06-21,97.881203,98.869499,96.364899,96.925499,96.925499,261544000
2018-06-22,96.941101,97.123703,81.395897,85.075897,85.075897,458636992
2018-06-23,85.093002,86.361198,81.642998,82.603699,82.603699,439203008
2018-06-24,82.739098,83.388603,74.288101,80.7771,80.7771,449884992
2018-06-25,80.3666,86.072899,79.0205,81.833397,81.833397,458366016
2018-06-26,81.815201,82.497803,76.853699,76.866699,76.866699,258432992
2018-06-27,76.931999,81.339302,75.862999,80.659698,80.659698,274128000
2018-06-28,80.625702,81.039101,74.439201,74.929802,74.929802,263414000
2018-06-29,74.808899,80.178497,73.172699,78.768898,78.768898,309339008
2018-06-30,78.946602,83.244301,78.946602,81.374001,81.374001,276550016
2018-07-01,81.503998,81.607498,78.361099,80.242897,80.242897,343401984
2018-07-02,80.2677,86.270897,78.688202,85.257103,85.257103,302471008
2018-07-03,85.387802,89.276802,84.734901,85.101303,85.101303,343900992
2018-07-04,85.172798,89.116203,84.0214,85.494003,85.494003,282222016
2018-07-05,85.653198,86.670502,82.541901,83.760002,83.760002,306121984
2018-07-06,83.837303,84.596497,81.321404,83.378098,83.378098,253160000
2018-07-07,83.404297,86.201897,80.702003,86.201897,86.201897,238936992
2018-07-08,86.262299,86.678101,82.181999,82.396004,82.396004,239655008
2018-07-09,82.544098,83.257797,80.748001,80.857597,80.857597,263326000
2018-07-10,80.782303,80.882698,75.383499,76.083504,76.083504,321614016
2018-07-11,76.129898,80.796898,76.074303,78.699898,78.699898,284915008
2018-07-12,78.594101,78.594101,75.3106,76.808601,76.808601,267396992
2018-07-13,77.292099,78.434601,76.107597,76.942497,76.942497,256038000
2018-07-14,76.973297,77.541801,76.178497,76.722397,76.722397,197776000
2018-07-15,76.704597,79.6492,76.015503,78.939003,78.939003,230467008
2018-07-16,78.959602,84.595901,78.214798,84.595901,84.595901,307904000
2018-07-17,84.301498,90.3097,82.999496,89.806099,89.806099,341836000
2018-07-18,89.821503,93.649902,86.027802,86.962097,86.962097,375428992
2018-07-19,86.898201,88.829399,85.788498,86.667702,86.667702,307785984
2018-07-20,86.681999,86.681999,82.421097,82.754601,82.754601,287448000
2018-07-21,82.658302,85.245003,80.671204,84.463898,84.463898,246152992
2018-07-22,84.264503,84.630501,82.871902,83.156197,83.156197,245916992
2018-07-23,83.231499,86.054604,82.314102,82.433197,82.433197,296071008
2018-07-24,82.682999,89.285202,81.931999,89.285202,89.285202,440572992
2018-07-25,88.657204,89.922401,85.411301,86.2817,86.2817,310156992
2018-07-26,86.277199,88.022202,83.186501,84.027496,84.027496,286579008
2018-07-27,83.730003,85.2183,82.043999,84.4636,84.4636,358798016
2018-07-28,84.536903,84.628098,82.8311,83.624001,83.624001,279804992
2018-07-29,84.0541,85.2071,83.384598,84.084099,84.084099,276696000
2018-07-30,84.153999,84.712898,80.600403,82.849899,82.849899,313998000
2018-07-31,82.689301,82.939499,76.810402,79.702301,79.702301,319362000
2018-08-01,80.3908,80.733498,76.401497,77.855598,77.855598,301530000
2018-08-02,77.714203,78.538002,75.6147,76.138802,76.138802,285466000
2018-08-03,76.301804,77.566399,74.465599,77.5355,77.5355,298295000
2018-08-04,77.422302,77.822899,72.763,73.1987,73.1987,262765000
2018-08-05,73.379097,75.001099,72.689598,74.589401,74.589401,265627000
2018-08-06,75.0616,76.585899,72.790298,73.888298,73.888298,265134000
2018-08-07,74.003098,75.227798,68.1278,68.170303,68.170303,299418000
2018-08-08,68.162804,68.162804,62.138302,62.490398,62.490398,313187000
2018-08-09,62.473,65.5774,61.2962,63.980801,63.980801,270095000
2018-08-10,63.974998,64.930099,58.863098,59.394001,59.394001,259781000
2018-08-11,59.487598,59.798698,55.672699,58.3591,58.3591,259948000
2018-08-12,58.217499,61.705799,57.956699,59.328098,59.328098,276383000
2018-08-13,59.4837,60.597801,56.306,56.848202,56.848202,223061000
2018-08-14,57.004799,57.0536,51.158501,54.559399,54.559399,250440000
2018-08-15,54.679001,58.947899,54.300499,54.500401,54.500401,282699000
2018-08-16,54.535999,57.426998,54.510502,55.3619,55.3619,211779000
2018-08-17,55.329399,61.5144,55.193001,61.5144,61.5144,263383000
2018-08-18,61.556801,62.034,55.802898,57.2757,57.2757,243057000
2018-08-19,57.222698,58.741798,56.543301,57.938999,57.938999,204484000
2018-08-20,57.908401,58.551201,53.978401,53.996201,53.996201,244192000
2018-08-21,53.771599,56.797901,53.771599,56.350201,56.350201,187486000
2018-08-22,56.6591,59.011398,54.378399,55.3186,55.3186,228893000
2018-08-23,55.193699,57.809101,54.393501,57.5434,57.5434,205125000
2018-08-24,57.604198,58.278198,55.953602,57.929798,57.929798,194676000
2018-08-25,57.923599,58.2146,57.365002,57.907902,57.907902,187571000
2018-08-26,58.051601,58.1054,56.2384,57.334099,57.334099,206572000
2018-08-27,57.2593,60.4244,56.927898,60.249901,60.249901,228072000
2018-08-28,60.226002,63.397202,59.623001,63.024399,63.024399,246764000
2018-08-29,63.029202,63.389702,60.738499,61.7672,61.7672,220637000
2018-08-30,61.765598,62.034599,58.919201,60.315201,60.315201,219094000
2018-08-31,60.422798,62.254902,59.324902,61.925499,61.925499,265252000
2018-09-01,61.7388,67.250702,61.7388,65.950996,65.950996,306586000
2018-09-02,65.984802,66.901398,64.329803,65.649399,65.649399,265104000
2018-09-03,65.817596,66.198502,64.321602,65.373199,65.373199,235034000
2018-09-04,65.319901,68.977203,65.2276,67.7099,67.7099,308206000
2018-09-05,67.6679,68.118797,58.437698,58.437698,58.437698,409226000
2018-09-06,58.320999,58.320999,54.909599,57.486198,57.486198,351270000
2018-09-07,57.342201,58.1166,55.5117,56.1978,56.1978,229626000
2018-09-08,56.126701,57.6063,52.584202,53.244598,53.244598,223684000
2018-09-09,53.2747,56.399799,52.717201,54.924198,54.924198,253320000
2018-09-10,54.993698,56.0653,53.496201,54.595798,54.595798,251240000
2018-09-11,54.6068,54.784801,51.075802,52.367298,52.367298,272379000
2018-09-12,52.389,52.411701,47.6675,51.656601,51.656601,290357000
2018-09-13,51.883301,55.049198,51.7603,54.5364,54.5364,295074000
2018-09-14,54.647598,58.439098,53.316002,56.5765,56.5765,336190000
2018-09-15,56.336899,58.400799,56.175301,56.7131,56.7131,252020000
2018-09-16,56.581001,57.368099,55.058899,56.972698,56.972698,253978000
2018-09-17,57.0201,57.750099,51.849602,52.540501,52.540501,261325000
2018-09-18,52.2938,55.1008,50.9995,54.097198,54.097198,296552000
2018-09-19,54.017502,54.923,52.2556,54.334499,54.334499,271642000
2018-09-20,54.372799,57.153702,53.639801,56.634399,56.634399,260631000
2018-09-21,56.7827,62.057098,56.462299,60.722801,60.722801,398550000
2018-09-22,60.814602,61.708698,57.744701,60.4366,60.4366,298424000
2018-09-23,60.548302,63.187,59.995098,61.366402,61.366402,304888000
2018-09-24,61.339298,61.339298,57.304798,57.969101,57.969101,296366000
2018-09-25,58.021,58.147598,54.737598,57.537601,57.537601,351579000
2018-09-26,57.4492,59.620098,56.701698,57.3955,57.3955,294136000
2018-09-27,57.450001,64.294998,56.923901,62.979401,62.979401,574277000
2018-09-28,63.171501,64.4226,60.807899,61.8951,61.8951,459862000
2018-09-29,61.643501,62.025299,59.4916,61.606899,61.606899,356028000
2018-09-30,61.625301,62.3885,60.1497,61.141899,61.141899,463002000
2018-10-01,61.098598,61.729698,59.740002,60.208099,60.208099,456583000
2018-10-02,60.301201,61.252201,59.410702,59.705399,59.705399,444830000
2018-10-03,59.5755,59.5755,57.076599,57.477501,57.477501,452464000
2018-10-04,57.5215,59.049,57.444901,58.279499,58.279499,343602000
2018-10-05,58.331501,59.127201,57.673698,58.766201,58.766201,371790000
2018-10-06,58.875702,58.9198,57.266602,57.844101,57.844101,375900000
2018-10-07,57.934898,58.364399,57.208199,58.160301,58.160301,435270000
2018-10-08,58.2318,59.824402,57.481998,59.412601,59.412601,347408000
2018-10-09,59.4454,59.529099,58.2118,58.713299,58.713299,318545000
2018-10-10,58.664101,58.664101,57.425701,57.9818,57.9818,358009000
2018-10-11,57.976398,57.976398,50.991199,51.233002,51.233002,343098000
2018-10-12,50.874599,53.821499,50.874599,53.551701,53.551701,280891000
2018-10-13,53.4561,54.277599,53.214199,53.451801,53.451801,237333000
2018-10-14,53.509201,53.8386,52.032299,52.187401,52.187401,242221000
2018-10-15,52.173801,57.462002,51.914902,54.879601,54.879601,431765000
2018-10-16,54.965099,55.481701,53.673698,54.068199,54.068199,281917000
2018-10-17,54.2649,54.2649,53.0853,53.6721,53.6721,295022000
2018-10-18,53.7169,53.986698,52.129101,52.526901,52.526901,296411000
2018-10-19,52.552299,53.599998,52.237499,53.0201,53.0201,272130000
2018-10-20,53.067001,53.4618,52.7967,53.362801,53.362801,258418000
2018-10-21,53.4347,53.773102,52.7127,52.915798,52.915798,273510000
2018-10-22,52.784599,53.114201,52.012798,52.203899,52.203899,263337000
2018-10-23,52.237,52.873501,51.940201,52.541302,52.541302,278025000
2018-10-24,52.456501,53.007999,52.286499,52.514999,52.514999,291042000
2018-10-25,52.488098,52.510101,52.060101,52.2346,52.2346,241117000
2018-10-26,52.219601,52.483398,51.731701,52.0989,52.0989,292908000
2018-10-27,52.1278,52.3606,51.774799,51.931999,51.931999,312308000
2018-10-28,52.052299,52.172199,51.484699,51.9375,51.9375,335237000
2018-10-29,51.832699,52.030201,48.654202,49.0714,49.0714,373076000
2018-10-30,48.996498,49.4772,48.788502,49.239101,49.239101,295448000
2018-10-31,49.337799,49.940498,48.3214,49.441502,49.441502,410734000
2018-11-01,49.562302,51.027802,49.416199,50.2719,50.2719,321492000
2018-11-02,50.3395,51.659801,50.315399,51.3307,51.3307,362726000
2018-11-03,51.2976,51.361,50.760799,50.9734,50.9734,325128000
2018-11-04,50.986198,55.1367,50.815701,53.612499,53.612499,441533000
2018-11-05,53.5933,54.708099,53.1115,53.546299,53.546299,398133000
2018-11-06,53.702499,55.945099,53.482899,55.945099,55.945099,371534000
2018-11-07,56.043999,56.157101,53.706902,54.1889,54.1889,385412000
2018-11-08,54.192402,54.462898,52.372898,52.373402,52.373402,351857000
2018-11-09,52.3647,52.7243,51.6702,51.896,51.896,386711000
2018-11-10,51.9268,52.698502,51.8442,52.401798,52.401798,322713000
2018-11-11,52.318901,52.4701,50.248501,51.364899,51.364899,410262000
2018-11-12,51.4771,51.681301,50.469299,50.648201,50.648201,388194000
2018-11-13,50.634899,50.967499,49.261002,49.696602,49.696602,356433000
2018-11-14,49.578899,50.299198,41.9436,43.610802,43.610802,604639000
2018-11-15,43.727699,44.242001,40.7775,43.948299,43.948299,588718000
2018-11-16,43.961102,43.961102,42.086601,42.4589,42.4589,411507000
2018-11-17,42.4888,42.4888,41.662899,41.928902,41.928902,330818000
2018-11-18,42.0882,42.9795,42.006401,42.3279,42.3279,352001000
2018-11-19,42.339401,42.339401,35.969501,36.641102,36.641102,571241000
2018-11-20,36.572498,37.910801,31.4067,33.044201,33.044201,619356000
2018-11-21,33.065201,34.670601,31.892599,34.670601,34.670601,504001000
2018-11-22,34.692799,34.899502,32.195099,32.195099,32.195099,468218000
2018-11-23,32.022202,33.025002,31.1353,32.159698,32.159698,462932000
2018-11-24,32.259701,33.146702,28.764,29.217699,29.217699,396969000
2018-11-25,29.226801,31.914101,27.072701,30.8922,30.8922,573938000
2018-11-26,30.8687,32.113201,28.3832,29.410999,29.410999,528902000
2018-11-27,29.409599,31.349199,28.8193,31.0688,31.0688,486621000
2018-11-28,31.116899,35.978298,30.971201,34.626598,34.626598,573550000
2018-11-29,34.71944,35.538494,33.223019,33.797447,33.797447,476701013
2018-11-30,33.799175,34.25259,31.432522,32.064762,32.064762,431153649
2018-12-01,32.130596,35.15485,31.505257,34.340736,34.340736,428286157
2018-12-02,34.262409,35.137863,33.43261,33.71315,33.71315,407318732
2018-12-03,33.810291,33.810291,30.49416,31.072802,31.072802,431873524
2018-12-04,31.005577,32.149879,30.393677,31.186125,31.186125,398521610
2018-12-05,31.215851,31.386568,29.277233,29.295238,29.295238,392132740
2018-12-06,29.248985,30.408764,26.91877,26.943661,26.943661,451241301
2018-12-07,26.907946,26.907946,22.997705,25.272585,25.272585,519622321
2018-12-08,25.128456,26.627741,23.6269,24.864017,24.864017,504751040
2018-12-09,24.803595,26.913271,24.803595,25.947023,25.947023,471979152
2018-12-10,25.911686,26.125834,24.502552,24.6178,24.6178,423653343
2018-12-11,24.600491,24.952085,23.510136,23.802383,23.802383,386533569
2018-12-12,23.795937,25.250565,23.71084,24.49383,24.49383,367818943
2018-12-13,24.530657,24.659683,23.607573,23.668861,23.668861,328942983
2018-12-14,23.646481,23.754459,22.824781,23.464331,23.464331,318851820
2018-12-15,23.462881,24.116274,23.340948,23.782425,23.782425,291476162
2018-12-16,23.787989,26.725233,23.777025,25.59721,25.59721,424549776
2018-12-17,25.682781,30.403738,25.682781,29.26889,29.26889,613385969
2018-12-18,29.266506,30.142157,28.253374,30.142157,30.142157,492064386
2018-12-19,30.327751,31.769341,29.449499,29.682787,29.682787,505439992
2018-12-20,29.604042,33.258156,29.410448,32.816872,32.816872,796645103
2018-12-21,32.732635,34.283398,30.296894,30.796618,30.796618,546504526
2018-12-22,30.82662,31.855911,30.334074,31.855911,31.855911,419546205
2018-12-23,31.992167,34.147011,31.802282,33.459675,33.459675,554317219
2018-12-24,33.473583,36.558315,33.196667,33.196667,33.196667,535897387
2018-12-25,33.401596,33.401596,30.452274,31.134329,31.134329,508836253
2018-12-26,31.093464,32.204876,29.746025,30.985901,30.985901,464721770
2018-12-27,30.962173,31.363218,28.131933,28.294508,28.294508,442100051
2018-12-28,28.300598,33.359837,28.300598,32.51083,32.51083,486919645
2018-12-29,32.558426,33.338654,31.52054,31.565002,31.565002,390868406
2018-12-30,31.423141,32.378098,31.167883,31.976517,31.976517,405650440
2018-12-31,31.977234,32.000603,30.164322,30.468224,30.468224,367746437
2019-01-01,30.458393,32.097584,30.26428,31.979931,31.979931,379429124
2019-01-02,32.021229,33.793324,31.765974,33.433681,33.433681,414331918
2019-01-03,33.353573,33.420704,31.59248,32.026699,32.026699,345068249
2019-01-04,32.016525,33.02335,31.437557,32.404167,32.404167,391010579
2019-01-05,32.345547,36.14344,32.344795,34.936867,34.936867,640607603
2019-01-06,34.847218,39.959141,34.784061,39.298855,39.298855,809493170
2019-01-07,39.279751,39.64756,37.613743,37.806274,37.806274,586891613
2019-01-08,37.918991,40.950657,37.918991,39.479717,39.479717,643946959
2019-01-09,39.446453,40.278614,38.902725,38.985535,38.985535,504601883
2019-01-10,38.987137,39.524033,33.03175,33.866009,33.866009,701124437
2019-01-11,33.683475,34.098728,32.046043,32.327629,32.327629,628980637
2019-01-12,32.456207,32.938995,32.030506,32.384426,32.384426,491524393
2019-01-13,32.395824,33.138565,30.127712,30.332897,30.332897,564244096
2019-01-14,30.378098,32.733948,30.310152,32.358242,32.358242,593098938
2019-01-15,32.384205,32.706947,31.079927,31.507069,31.507069,527294088
2019-01-16,31.438589,32.246391,31.268059,31.823418,31.823418,539347966
2019-01-17,31.850113,31.946886,30.676147,31.888651,31.888651,609389197
2019-01-18,31.91345,31.940603,30.95557,31.311487,31.311487,566482194
2019-01-19,31.480209,33.112358,31.368427,32.550724,32.550724,585789957
2019-01-20,32.490044,33.354145,30.935497,31.176407,31.176407,584024741
2019-01-21,31.188656,31.389185,30.956667,31.21287,31.21287,531048792
2019-01-22,31.213305,32.019772,30.324675,31.684425,31.684425,589374367
2019-01-23,31.669024,32.386166,31.558426,32.001957,32.001957,613521888
2019-01-24,32.042973,33.042126,31.427628,32.776108,32.776108,614405338
2019-01-25,32.820435,33.209595,32.273338,32.981812,32.981812,661476020
2019-01-26,32.96796,33.950012,32.866627,33.150524,33.150524,694481467
2019-01-27,33.081963,33.345749,32.080502,32.592834,32.592834,678149673
2019-01-28,32.517124,32.716747,30.523111,31.199259,31.199259,812860294
2019-01-29,31.235544,31.457535,30.437248,31.097111,31.097111,707842400
2019-01-30,31.066559,32.089375,30.863518,31.930954,31.930954,694822148
2019-01-31,31.890856,32.437298,31.39546,31.652176,31.652176,654137406
2019-02-01,31.719522,33.449444,31.127136,32.82708,32.82708,825977656
2019-02-02,32.817982,34.557167,32.728092,34.394829,34.394829,829064166
2019-02-03,34.43121,34.568447,33.117676,33.439255,33.439255,820461891
2019-02-04,33.464359,34.428387,33.464359,34.108627,34.108627,740036504
2019-02-05,34.009163,34.388393,33.77774,34.256645,34.256645,708712284
2019-02-06,34.347305,34.347305,32.543476,32.932987,32.932987,748545366
2019-02-07,32.905396,33.592579,32.878471,33.22242,33.22242,652002936
2019-02-08,33.235271,43.903469,33.005573,43.464722,43.464722,1721691113
2019-02-09,43.021866,45.864746,42.2686,44.790283,44.790283,1509978243
2019-02-10,44.763634,47.09407,42.903816,46.827408,46.827408,1420578823
2019-02-11,46.881832,46.881832,42.397343,43.182541,43.182541,1229169302
2019-02-12,43.168873,44.143291,42.543179,43.928642,43.928642,1098569294
2019-02-13,43.83334,44.510052,41.416805,41.997643,41.997643,1087815590
2019-02-14,41.875496,42.553356,41.267056,41.640549,41.640549,997741394
2019-02-15,41.643276,43.675793,41.619717,42.699669,42.699669,1043820661
2019-02-16,42.759766,44.183578,42.567696,43.594761,43.594761,1017844635
2019-02-17,43.396259,44.649574,42.911343,43.928368,43.928368,1089205822
2019-02-18,43.88195,49.219578,43.84201,48.043175,48.043175,1462180271
2019-02-19,48.136169,49.183182,47.268829,47.864677,47.864677,1417050580
2019-02-20,47.820896,52.15839,47.410934,51.785965,51.785965,1582934318
2019-02-21,51.835323,51.835323,48.68166,49.1516,49.1516,1259734341
2019-02-22,49.132931,50.027672,48.717384,49.805733,49.805733,1213665948
2019-02-23,49.671822,51.885784,48.667637,51.680927,51.680927,1278039837
2019-02-24,51.68029,53.415829,43.656162,44.678593,44.678593,1618048131
2019-02-25,44.575947,47.190857,44.575947,46.213066,46.213066,1212141472
2019-02-26,46.17646,46.517334,45.093922,45.491131,45.491131,1060325373
2019-02-27,45.498642,46.138302,44.412914,45.581425,45.581425,1061879935
2019-02-28,45.616497,46.920059,45.597649,46.237255,46.237255,1119495712
2019-03-01,46.235413,48.987801,46.149918,47.48724,47.48724,1175425172
2019-03-02,47.481236,49.640739,47.463955,49.015366,49.015366,1227656624
2019-03-03,49.021946,49.385883,48.093163,48.380322,48.380322,1102677211
2019-03-04,48.334953,48.649303,45.853374,46.432034,46.432034,1243464082
2019-03-05,46.523563,54.023884,46.142342,53.132458,53.132458,2000300862
2019-03-06,53.020226,56.267273,52.276752,55.784279,55.784279,1998850452
2019-03-07,55.837769,58.999519,55.079391,57.189034,57.189034,2410843754
2019-03-08,57.435509,57.650024,55.453449,56.099548,56.099548,1977538387
2019-03-09,56.001781,59.285744,56.001781,58.086891,58.086891,2145350395
2019-03-10,58.09853,58.251389,56.591221,57.181866,57.181866,1778709344
2019-03-11,57.187702,57.848881,54.827072,55.420216,55.420216,1839260243
2019-03-12,55.413017,57.263145,53.495651,56.997055,56.997055,1666711996
2019-03-13,57.075665,57.21019,55.433735,55.933186,55.933186,1465625295
2019-03-14,55.860012,57.756111,55.785194,56.584183,56.584183,1610293200
2019-03-15,56.541637,59.386192,56.541637,58.989258,58.989258,1824454595
2019-03-16,58.994133,62.093449,58.994133,61.844753,61.844753,1997899601
2019-03-17,61.881493,61.989639,60.782539,61.243778,61.243778,1609232029
2019-03-18,61.284283,62.770649,59.50243,60.264805,60.264805,1971826811
2019-03-19,60.224297,60.947174,59.752319,60.615566,60.615566,1824124623
2019-03-20,60.677914,60.957047,58.569397,60.846546,60.846546,1990264182
2019-03-21,60.867493,61.082329,58.739544,59.378326,59.378326,1766689848
2019-03-22,59.302612,60.284576,58.887695,59.824001,59.824001,1660894830
2019-03-23,59.791531,61.707005,59.507809,61.348614,61.348614,2009701790
2019-03-24,61.242916,61.247284,59.713223,60.223877,60.223877,2041814465
2019-03-25,60.302681,60.926552,58.999908,59.496738,59.496738,2057863894
2019-03-26,59.508308,59.653008,58.334938,59.343529,59.343529,2020400713
2019-03-27,59.407898,62.288082,59.325237,62.251431,62.251431,2220590688
2019-03-28,62.222458,62.222458,60.745564,61.170486,61.170486,1818355774
2019-03-29,61.167595,61.532345,60.259777,61.301613,61.301613,1977436351
2019-03-30,61.254097,64.109009,60.365063,60.621964,60.621964,1698116593
2019-03-31,60.638481,60.850319,60.212364,60.755398,60.755398,1646531872
2019-04-01,60.769836,60.985172,60.413891,60.677994,60.677994,1712538382
2019-04-02,60.704704,77.411728,60.537777,76.19326,76.19326,4161362861
2019-04-03,76.256302,97.495255,76.009644,84.921936,84.921936,6206102119
2019-04-04,85.173927,89.338387,81.568634,84.980904,84.980904,4195622761
2019-04-05,85.037949,89.582016,84.923279,88.677864,88.677864,3512861847
2019-04-06,88.707771,96.741356,86.312386,92.573418,92.573418,3857950929
2019-04-07,92.421371,95.394669,90.085419,92.31237,92.31237,3314848880
2019-04-08,92.327896,93.822845,87.064087,89.493042,89.493042,3295695862
2019-04-09,89.497734,89.497734,85.007217,86.786964,86.786964,2742631078
2019-04-10,86.77433,90.352432,86.74704,88.377739,88.377739,2765900677
2019-04-11,88.393532,88.521744,76.656769,79.677994,79.677994,3461536000
2019-04-12,79.632645,80.26606,76.441635,78.963959,78.963959,2839796022
2019-04-13,78.946709,81.102783,76.693352,78.221306,78.221306,2379257754
2019-04-14,78.204674,82.937523,76.979172,82.937523,82.937523,2328308745
2019-04-15,83.014893,83.848152,76.981972,79.054703,79.054703,2742760721
2019-04-16,79.038223,81.838295,78.028656,81.349281,81.349281,2176907331
2019-04-17,81.352409,82.001778,79.080887,79.327469,79.327469,2060101784
2019-04-18,79.392204,83.201454,79.307556,82.074875,82.074875,2616912436
2019-04-19,82.098816,83.188484,80.433929,82.569221,82.569221,2608961075
2019-04-20,82.550385,82.892776,80.275955,81.512497,81.512497,2422737857
2019-04-21,81.522018,81.890503,75.02021,77.331558,77.331558,2957685726
2019-04-22,77.294411,77.889587,75.699577,76.948074,76.948074,2657300819
2019-04-23,76.8535,79.461784,74.639412,74.845024,74.845024,2920088568
2019-04-24,74.753876,75.235649,71.356064,73.308945,73.308945,3347048436
2019-04-25,73.245316,74.507721,71.055,71.248116,71.248116,2754712046
2019-04-26,71.363304,74.513008,70.193672,73.115349,73.115349,3041612619
2019-04-27,73.213371,73.328636,71.993332,72.120903,72.120903,2059777054
2019-04-28,72.120308,72.482826,69.080032,69.726799,69.726799,2362638270
2019-04-29,69.784256,70.229225,67.26606,67.960381,67.960381,2532498296
2019-04-30,67.950584,74.668297,67.950584,74.280876,74.280876,3065300354
2019-05-01,74.303352,75.420654,72.298012,73.657768,73.657768,2871792311
2019-05-02,73.682755,74.523659,73.095787,73.777176,73.777176,2903392114
2019-05-03,73.76445,80.419266,73.442604,79.32653,79.32653,3850339792
2019-05-04,79.307938,82.019585,75.796165,78.063843,78.063843,3502670655
2019-05-05,78.004234,78.150528,75.537895,75.984367,75.984367,2650746461
2019-05-06,76.028984,76.393639,72.325294,74.982758,74.982758,2933488799
2019-05-07,74.979942,78.008736,74.666443,74.693001,74.693001,3088433048
2019-05-08,74.647369,75.318115,73.101524,74.620285,74.620285,2532851418
2019-05-09,74.593979,75.932892,72.989838,74.177139,74.177139,2436426305
2019-05-10,74.18959,78.724144,73.038063,77.166649,77.166649,3051537532
2019-05-11,77.16275,94.54438,77.10923,89.22226,89.22226,5491744173
2019-05-12,89.539299,93.17627,83.823067,84.565514,84.565514,5582599422
2019-05-13,84.632576,92.372009,84.299744,88.058235,88.058235,4658762984
2019-05-14,88.053047,93.372978,87.658386,91.620407,91.620407,4930071296
2019-05-15,91.661552,103.14001,90.817268,101.74457,101.74457,5168624436
2019-05-16,101.57314,106.20565,92.565117,95.585587,95.585587,6442000276
2019-05-17,95.632607,97.258667,84.937782,88.995232,88.995232,5319840521
2019-05-18,89.010017,89.874954,85.800514,86.700188,86.700188,3317998478
2019-05-19,86.675331,96.542763,86.129234,95.321198,95.321198,4108852208
2019-05-20,95.339371,95.339371,88.569275,91.493675,91.493675,3566921483
2019-05-21,91.572083,92.44413,89.587975,91.507751,91.507751,3145769021
2019-05-22,91.505104,92.002701,87.545143,88.210571,88.210571,3398528443
2019-05-23,88.197609,89.73867,85.230118,89.176773,89.176773,3208807269
2019-05-24,88.973946,102.74993,88.32444,99.90303,99.90303,5393657682
2019-05-25,100.04554,104.10558,98.722878,102.67232,102.67232,4507357465
2019-05-26,102.70059,112.67322,99.743843,111.4186,111.4186,5168378349
2019-05-27,111.4353,120.69171,111.12795,118.0326,118.0326,6355361291
2019-05-28,117.89189,117.89189,112.99124,114.93116,114.93116,4171886802
2019-05-29,114.92545,117.87444,110.47267,115.08123,115.08123,4122926836
2019-05-30,115.14059,119.74174,105.29833,108.79558,108.79558,4971290022
2019-05-31,108.69622,114.62804,105.91383,114.53696,114.53696,4207966341
2019-06-01,114.46626,115.60691,111.67902,112.61927,112.61927,3807158511
2019-06-02,112.71017,116.24699,111.91222,114.70284,114.70284,3434073037
2019-06-03,114.66871,115.90578,106.46245,107.46857,107.46857,3832352496
2019-06-04,107.37293,107.37293,99.294312,102.08782,102.08782,4316694183
2019-06-05,102.1195,104.844,101.21884,103.84929,103.84929,3585162872
2019-06-06,103.80683,111.33434,102.08814,111.10722,111.10722,4142250662
2019-06-07,110.97515,120.63969,109.58657,117.37441,117.37441,5140908477
2019-06-08,117.27808,119.49825,114.4555,118.55203,118.55203,4689557936
2019-06-09,118.58606,119.13321,112.56882,115.1323,115.1323,4360301111
2019-06-10,114.99556,129.70882,113.1699,129.07144,129.07144,5449266884
2019-06-11,129.26413,138.14874,125.96252,136.02974,136.02974,5441787587
2019-06-12,136.08583,142.70641,132.23801,135.65375,135.65375,5855623530
2019-06-13,135.68211,136.886,129.13582,131.35176,131.35176,4947794845
2019-06-14,131.31401,133.17744,126.86179,133.05327,133.05327,4352005824
2019-06-15,133.17981,139.18628,133.14397,138.12709,138.12709,4329002013
2019-06-16,138.14879,138.79448,134.54083,137.12225,137.12225,4372645801
2019-06-17,137.12994,137.27733,133.05031,134.4381,134.4381,3230230843
2019-06-18,134.47209,135.92284,129.74715,135.15874,135.15874,3720828769
2019-06-19,135.15266,139.34061,134.0305,136.6032,136.6032,4383960510
2019-06-20,136.60228,137.08359,132.64307,135.47984,135.47984,3880682308
2019-06-21,135.50851,141.07347,135.50851,138.88376,138.88376,4378260963
2019-06-22,139.03696,146.43468,138.47974,141.90305,141.90305,5488615002
2019-06-23,141.94516,142.56012,136.32153,136.88217,136.88217,3998980168
2019-06-24,136.92087,138.68901,132.83249,135.53276,135.53276,3907725105
2019-06-25,135.58095,138.12456,130.8857,136.4894,136.4894,4411092400
2019-06-26,136.47701,138.32161,128.94409,131.26509,131.26509,5565887285
2019-06-27,131.22301,132.04285,110.66588,114.40477,114.40477,5588611122
2019-06-28,114.41111,122.02328,113.46674,120.15009,120.15009,4683311766
2019-06-29,120.1551,135.74449,116.21925,133.66278,133.66278,5745785825
2019-06-30,133.72464,136.25967,120.44099,122.24911,122.24911,5525273220
2019-07-01,122.11414,126.02437,114.22135,122.58372,122.58372,5034162436
2019-07-02,122.55634,123.29339,112.64794,119.2437,119.2437,4761878443
2019-07-03,119.33422,123.7364,118.37225,122.56412,122.56412,4529682890
2019-07-04,122.50275,126.6738,119.046,119.97692,119.97692,4564200301
2019-07-05,119.83766,120.64837,117.15359,118.35251,118.35251,4110868217
2019-07-06,118.37872,121.29406,117.32712,117.82362,117.82362,3484378308
2019-07-07,118.02601,120.32526,117.64109,120.32088,120.32088,3348662401
2019-07-08,120.28349,125.08202,118.59856,123.28548,123.28548,3803750017
2019-07-09,123.2471,124.16542,118.2281,119.43282,119.43282,3785641025
2019-07-10,119.501,120.10432,103.82219,108.50026,108.50026,4699511838
2019-07-11,108.5704,108.5704,97.281998,102.6443,102.6443,4633853162
2019-07-12,102.82732,106.3561,101.21263,105.30006,105.30006,3611846208
2019-07-13,105.28664,105.59157,98.014038,101.0248,101.0248,3353538171
2019-07-14,101.1068,101.68443,88.8069,89.770477,89.770477,3717531246
2019-07-15,89.857735,92.63166,85.681068,90.922974,90.922974,3570361793
2019-07-16,90.90007,92.060211,77.498993,79.499931,79.499931,3703346636
2019-07-17,79.407326,93.047722,77.497475,89.810722,89.810722,4616360556
2019-07-18,89.694733,103.14612,87.448036,101.08542,101.08542,4890332056
2019-07-19,101.08194,101.17888,95.722122,98.402657,98.402657,3983990085
2019-07-20,98.456924,104.61332,97.707748,100.60994,100.60994,3771308934
2019-07-21,100.50656,101.46703,96.950417,99.627586,99.627586,2829054215
2019-07-22,99.557892,100.24512,92.30304,95.417389,95.417389,2693989249
2019-07-23,95.406654,95.479813,89.444542,90.622627,90.622627,2700924026
2019-07-24,90.461143,96.419609,88.152931,94.309669,94.309669,3247150970
2019-07-25,94.35981,95.848648,92.471527,93.44632,93.44632,2690273677
2019-07-26,93.411346,94.546455,90.75367,94.305016,94.305016,2260844511
2019-07-27,94.316109,95.651978,87.69709,88.889023,88.889023,2626517608
2019-07-28,88.885887,90.414078,85.354362,89.769333,89.769333,2460180908
2019-07-29,89.771797,91.394356,88.56601,90.426422,90.426422,2457824867
2019-07-30,90.471451,92.192444,89.020401,90.566948,90.566948,2302521844
2019-07-31,90.471001,99.48381,90.334885,98.509575,98.509575,3051471469
2019-08-01,98.566689,100.25748,95.980942,99.179726,99.179726,2953184689
2019-08-02,99.199585,99.199585,93.544075,94.941292,94.941292,2882784454
2019-08-03,95.016815,96.842766,94.158951,94.580879,94.580879,2512959054
2019-08-04,94.598244,95.393082,91.454071,93.203781,93.203781,2427608117
2019-08-05,93.085281,105.59129,93.085281,96.834648,96.834648,4134352823
2019-08-06,96.889603,98.975616,91.660187,93.069717,93.069717,3245339849
2019-08-07,93.038872,93.738976,88.540726,90.912598,90.912598,3105989436
2019-08-08,90.911568,91.722328,88.499702,90.031609,90.031609,3034717882
2019-08-09,90.089195,90.357071,83.485146,84.439377,84.439377,3003278177
2019-08-10,84.390991,87.114174,83.136032,85.419479,85.419479,3088060147
2019-08-11,85.450752,91.031357,85.446121,89.75267,89.75267,3025787942
2019-08-12,89.702393,89.708679,85.630821,85.749229,85.749229,2716187719
2019-08-13,85.746429,86.323532,83.347244,84.406143,84.406143,2681787838
2019-08-14,84.420349,85.550514,75.961861,76.064987,76.064987,3093090406
2019-08-15,76.13327,78.507706,72.99778,76.388977,76.388977,3654075558
2019-08-16,76.315247,77.169769,73.068527,74.920151,74.920151,3016089036
2019-08-17,74.90509,75.330658,72.269691,72.797722,72.797722,2482385549
2019-08-18,72.8396,77.558281,71.669083,76.269951,76.269951,2743241606
2019-08-19,76.337112,78.508026,75.881348,77.263191,77.263191,2346796021
2019-08-20,77.298386,77.442024,73.941933,75.196564,75.196564,2430165429
2019-08-21,75.244278,75.465073,70.582108,72.964951,72.964951,2878567011
2019-08-22,72.950768,74.571014,71.309021,73.598595,73.598595,2908864703
2019-08-23,73.577332,75.692848,72.868958,75.402817,75.402817,2496513401
2019-08-24,75.407806,75.693214,72.320145,73.463615,73.463615,2191973575
2019-08-25,73.470039,74.733986,71.174263,72.308144,72.308144,2227400267
2019-08-26,72.320229,74.986115,72.122711,73.857178,73.857178,3046136697
2019-08-27,73.933868,73.933868,72.366127,72.836227,72.836227,2489689274
2019-08-28,72.902771,73.048622,66.538322,67.425545,67.425545,2883041616
2019-08-29,67.355339,67.430748,63.62867,64.098053,64.098053,3092332444
2019-08-30,64.083733,65.437241,62.614578,64.332977,64.332977,2377466438
2019-08-31,64.359093,65.266319,63.010761,64.57605,64.57605,2283340831
2019-09-01,64.558609,66.774185,64.495598,66.144722,66.144722,2228146663
2019-09-02,66.113625,67.551262,64.955193,66.944954,66.944954,2400017919
2019-09-03,66.990768,70.709526,66.638947,69.129257,69.129257,2816706430
2019-09-04,69.176498,69.236664,67.061035,67.285629,67.285629,2696779274
2019-09-05,67.308739,67.622856,64.615906,65.395569,65.395569,2379080140
2019-09-06,65.386726,67.889832,64.890511,65.228203,65.228203,2595201216
2019-09-07,65.236877,70.294876,64.903526,69.038712,69.038712,2763572250
2019-09-08,69.016068,71.109383,68.936508,70.54937,70.54937,2776939870
2019-09-09,70.619392,70.808723,68.515038,70.192238,70.192238,2654086135
2019-09-10,70.132103,72.672928,70.073242,70.823395,70.823395,2893715133
2019-09-11,70.876144,71.413765,68.974838,69.922142,69.922142,2569282757
2019-09-12,69.958572,70.148529,68.738419,69.225075,69.225075,2316445209
2019-09-13,69.233208,69.717659,67.913399,68.988617,68.988617,2368931048
2019-09-14,69.021957,71.160393,68.486244,70.562302,70.562302,2439744085
2019-09-15,70.587219,71.231209,69.971596,70.315178,70.315178,2330572400
2019-09-16,70.323318,73.269585,70.111961,72.573112,72.573112,2652253522
2019-09-17,72.591072,76.637077,72.419052,74.22123,74.22123,3104946341
2019-09-18,74.228523,79.65522,74.14994,77.969131,77.969131,3665577129
2019-09-19,77.919273,78.049927,73.383171,77.059624,77.059624,3778427056
2019-09-20,76.95784,77.048668,73.872093,75.149094,75.149094,3148504140
2019-09-21,75.181816,75.566307,72.907059,73.516525,73.516525,2572614027
2019-09-22,73.509254,73.550117,71.802605,72.616119,72.616119,2494428147
2019-09-23,72.613213,74.053101,64.32505,66.851891,66.851891,3215899051
2019-09-24,66.844116,67.606644,55.823639,55.823639,55.823639,3919809840
2019-09-25,55.834206,58.357494,54.254356,57.658009,57.658009,3360298410
2019-09-26,57.657761,57.833927,51.844608,55.540619,55.540619,2663433163
2019-09-27,55.566452,56.698696,53.770859,56.360847,56.360847,2324084589
2019-09-28,56.416576,56.574928,54.637699,55.682247,55.682247,1975938676
2019-09-29,55.706615,55.888477,52.997669,54.319546,54.319546,1825233237
2019-09-30,54.314339,56.159523,53.319054,56.056908,56.056908,2241248501
2019-10-01,56.089233,57.565506,55.506241,56.058075,56.058075,2325767310
2019-10-02,56.013378,56.886688,55.598915,56.508926,56.508926,2113331224
2019-10-03,56.53479,56.91161,54.837292,56.546814,56.546814,2221643896
2019-10-04,56.523712,57.523277,56.044254,56.85321,56.85321,2292624175
2019-10-05,56.809544,57.426826,55.885506,56.843872,56.843872,2063875681
2019-10-06,56.835426,56.944233,54.592808,55.411568,55.411568,2381501439
2019-10-07,55.342026,58.65361,54.44595,57.7883,57.7883,2891486029
2019-10-08,57.793385,58.315296,57.009289,57.398586,57.398586,2417116506
2019-10-09,57.420483,59.932804,56.978706,59.430866,59.430866,2790624239
2019-10-10,59.401573,59.408852,57.430687,57.776085,57.776085,2440262585
2019-10-11,57.769424,58.242374,55.995869,56.29697,56.29697,2441054545
2019-10-12,56.404388,56.930977,55.741596,55.982868,55.982868,2098404880
2019-10-13,55.941875,57.726322,55.876541,56.713997,56.713997,2235957909
2019-10-14,56.718159,57.329609,56.47765,56.975403,56.975403,2243495397
2019-10-15,57.00732,57.374565,54.711639,54.944206,54.944206,2602960066
2019-10-16,54.986629,55.551399,52.165623,52.923107,52.923107,2978803244
2019-10-17,52.897232,55.126427,52.351334,54.884476,54.884476,2925315824
2019-10-18,54.934757,55.035782,52.794998,53.491692,53.491692,2683486531
2019-10-19,53.465134,54.46423,53.074406,54.034573,54.034573,2453091268
2019-10-20,54.063122,55.442459,53.218063,54.93438,54.93438,2612273453
2019-10-21,54.916088,55.555656,54.02457,54.938297,54.938297,2727253951
2019-10-22,54.928261,55.288387,53.643375,53.744362,53.744362,2490194232
2019-10-23,53.753723,53.818588,48.49519,49.627956,49.627956,3077488277
2019-10-24,49.683434,50.469452,49.017292,50.067665,50.067665,2650862714
2019-10-25,50.114281,57.320293,49.609222,56.939011,56.939011,3770902916
2019-10-26,56.945976,61.729359,54.728668,56.775253,56.775253,5234627157
2019-10-27,56.802624,61.87487,55.915413,59.91399,59.91399,4218140032
2019-10-28,59.9198,61.912285,57.669796,58.126839,58.126839,3793848576
2019-10-29,58.051361,60.655861,58.051361,59.869625,59.869625,3582210705
2019-10-30,59.865326,60.890461,57.603004,58.420971,58.420971,3387114095
2019-10-31,58.363445,60.081844,57.692127,58.780685,58.780685,3165801278
2019-11-01,58.746315,58.75156,57.719109,58.583645,58.583645,3425154368
2019-11-02,58.579086,59.334785,58.219505,58.597027,58.597027,3353942166
2019-11-03,58.592102,58.966866,57.641125,58.625191,58.625191,3259935586
2019-11-04,58.595737,62.176826,58.38306,61.573055,61.573055,4164854559
2019-11-05,61.577427,63.997059,61.316727,63.302765,63.302765,4725921529
2019-11-06,63.345425,64.268745,62.956738,64.268745,64.268745,3755244863
2019-11-07,64.239006,64.410339,61.081654,61.843224,61.843224,3557191963
2019-11-08,61.877556,62.446648,59.509689,60.529919,60.529919,3414910991
2019-11-09,60.486755,62.153034,60.379971,61.954712,61.954712,2849228741
2019-11-10,61.897144,64.598618,61.805367,63.841465,63.841465,3611586094
2019-11-11,63.779156,64.339729,61.367542,61.899109,61.899109,3033016472
2019-11-12,61.933453,62.474472,60.689777,61.340298,61.340298,3333604208
2019-11-13,61.370422,62.057072,60.872532,61.111347,61.111347,3094050321
2019-11-14,61.077152,61.216248,59.416016,59.429893,59.429893,3040274519
2019-11-15,59.480595,60.47163,57.536869,57.81171,57.81171,3195878562
2019-11-16,57.7883,59.180298,57.471153,58.565437,58.565437,2841793395
2019-11-17,58.604748,60.669392,58.344856,59.573227,59.573227,3215100478
2019-11-18,59.570045,60.07711,55.857971,56.800949,56.800949,3131873188
2019-11-19,56.804165,57.594517,54.941875,55.623985,55.623985,3030389859
2019-11-20,55.63377,56.659695,55.092674,55.290924,55.290924,2858714058
2019-11-21,55.284191,55.435879,50.154816,50.883053,50.883053,3158748317
2019-11-22,50.879673,51.389736,44.890575,47.615536,47.615536,3734545939
2019-11-23,47.62233,48.707443,46.776062,48.70649,48.70649,2746902870
2019-11-24,48.714859,48.781994,44.734226,44.734226,44.734226,2709705879
2019-11-25,44.769817,47.267422,42.963909,45.830338,45.830338,3408224795
2019-11-26,45.814106,47.540039,45.663315,47.273342,47.273342,2659405400
2019-11-27,47.164562,48.517147,45.441307,48.008804,48.008804,2979663352
2019-11-28,48.002125,48.554131,47.020496,47.05695,47.05695,2662459127
2019-11-29,47.091339,49.322281,47.091339,48.879158,48.879158,2944492393
2019-11-30,48.912785,49.283764,47.089989,47.47543,47.47543,2678481167
2019-12-01,47.463898,48.301144,46.240036,47.71117,47.71117,2781413686
2019-12-02,47.65147,47.810467,45.323387,45.817017,45.817017,2680452035
2019-12-03,45.775471,46.622555,44.763412,45.381603,45.381603,2557212174
2019-12-04,45.399948,46.535767,44.583035,45.192951,45.192951,2951880019
2019-12-05,45.142643,46.746155,44.362118,45.30164,45.30164,2818768679
2019-12-06,45.28791,45.70335,44.753635,45.67012,45.67012,2585078804
2019-12-07,45.673733,46.207989,45.399178,45.640491,45.640491,2380335463
2019-12-08,45.68227,46.507679,45.447308,45.952946,45.952946,2266427857
2019-12-09,45.899914,46.065434,44.714352,44.939243,44.939243,2473452708
2019-12-10,45.012054,45.103615,44.110363,44.644241,44.644241,2349745528
2019-12-11,44.610558,44.931793,43.720062,43.945698,43.945698,2507211954
2019-12-12,43.922695,44.283878,43.502483,44.082169,44.082169,2740797932
2019-12-13,44.011265,44.502911,43.71006,44.450581,44.450581,2766557274
2019-12-14,44.44957,44.658405,43.51635,43.722187,43.722187,2721787991
2019-12-15,43.84594,44.314152,42.761066,43.756828,43.756828,2668105124
2019-12-16,43.784161,43.866947,40.04837,40.37426,40.37426,3046141449
2019-12-17,40.358624,40.415882,36.925114,37.083427,37.083427,3283924746
2019-12-18,37.116276,41.099987,36.672943,40.778545,40.778545,3845534650
2019-12-19,40.793453,41.123371,39.066872,39.920296,39.920296,3173676635
2019-12-20,39.939907,40.588001,39.67411,40.290157,40.290157,2778859161
2019-12-21,40.304817,40.335579,39.735462,39.99683,39.99683,2655178488
2019-12-22,40.010098,42.254562,39.953339,41.965191,41.965191,3141032976
2019-12-23,41.954311,42.547958,40.723042,40.847473,40.847473,3163414128
2019-12-24,40.862877,41.684586,40.224495,40.678017,40.678017,2860933776
2019-12-25,40.73457,40.757301,39.883541,40.629562,40.629562,2773383486
2019-12-26,40.608425,41.368019,39.811573,40.266037,40.266037,2848923906
2019-12-27,40.261745,41.651524,39.964371,41.178173,41.178173,2949759036
2019-12-28,41.165157,43.811863,41.129059,42.842522,42.842522,3260638656
2019-12-29,42.797741,44.449589,42.439438,43.670658,43.670658,3573796558
2019-12-30,43.753933,44.603996,42.431438,42.747337,42.747337,3330795171
2019-12-31,42.766113,43.060955,41.170471,41.340073,41.340073,3015923778
2020-01-01,41.326534,42.285019,41.288033,42.017719,42.017719,2782992323
2020-01-02,42.018085,42.134747,39.683567,39.823013,39.823013,2759827139
2020-01-03,39.863129,42.447174,39.450844,42.415573,42.415573,3260961326
2020-01-04,42.383526,43.342705,41.933075,43.326607,43.326607,2843192897
2020-01-05,43.291382,44.733616,42.998535,43.553207,43.553207,3017148033
2020-01-06,43.603893,45.957878,43.494373,45.816353,45.816353,3349237768
2020-01-07,45.83868,46.858387,44.723019,46.424583,46.424583,3611521907
2020-01-08,46.448353,48.202766,44.627048,45.653767,45.653767,3633957130
2020-01-09,45.622269,45.777836,44.310505,45.215931,45.215931,2986327757
2020-01-10,45.21154,49.166721,44.033108,48.727329,48.727329,3808140302
2020-01-11,48.633858,51.334717,48.088394,49.263767,49.263767,3915781115
2020-01-12,49.319157,51.298828,49.012787,51.080738,51.080738,3858852964
2020-01-13,51.122311,51.390354,48.934132,49.733768,49.733768,3336204744
2020-01-14,49.697361,59.881504,49.690269,58.478233,58.478233,5729547956
2020-01-15,58.390266,59.923035,56.166744,58.052849,58.052849,5070738793
2020-01-16,58.047962,58.302067,55.148739,57.618256,57.618256,4347723835
2020-01-17,57.642967,62.889545,56.898815,61.487125,61.487125,5067456613
2020-01-18,61.302834,62.165672,58.525059,59.408646,59.408646,4426051530
2020-01-19,59.445709,61.785957,56.180393,57.800694,57.800694,4197776579
2020-01-20,57.781528,58.088066,56.226814,57.203262,57.203262,3306438947
2020-01-21,57.233521,57.963223,56.271973,57.647881,57.647881,3130143642
2020-01-22,57.639591,58.990894,57.31628,58.354725,58.354725,3076205980
2020-01-23,58.350388,58.4767,53.385658,54.63026,54.63026,3348002983
2020-01-24,54.643814,55.424435,51.364414,54.531788,54.531788,3532776556
2020-01-25,54.564056,54.564056,52.769215,53.697788,53.697788,2938756558
2020-01-26,53.687065,56.475266,53.298935,56.212715,56.212715,3283750798
2020-01-27,56.275341,59.577499,56.078888,58.763268,58.763268,3832184228
2020-01-28,58.768562,61.153355,57.763199,60.671818,60.671818,4220742210
2020-01-29,60.663769,62.24987,59.783073,60.077934,60.077934,3894445882
2020-01-30,60.013916,69.738029,58.776909,68.159065,68.159065,6042169957
2020-01-31,68.179039,69.379814,65.789146,67.879494,67.879494,5718104791
2020-02-01,67.908516,72.282326,67.655067,70.820015,70.820015,6009767449
2020-02-02,70.802345,73.253731,68.128952,70.231544,70.231544,5482993030
2020-02-03,69.992584,72.385323,68.967522,69.78022,69.78022,4965069690
2020-02-04,69.769485,70.332069,66.904259,68.195778,68.195778,4449652117
2020-02-05,68.114609,73.181595,67.877815,72.493103,72.493103,5169585841
2020-02-06,72.532379,74.656769,71.106438,73.388687,73.388687,5463272394
2020-02-07,73.467918,74.958794,73.222267,74.356117,74.356117,5051951258
2020-02-08,74.395378,77.42173,72.139503,76.467567,76.467567,5496860399
2020-02-09,76.449097,78.201385,75.691269,77.092583,77.092583,5145711108
2020-02-10,77.143051,77.560341,73.12471,74.335098,74.335098,5373709984
2020-02-11,74.346077,76.631233,72.846199,76.597397,76.597397,4742120918
2020-02-12,76.493523,82.271889,76.454636,81.297447,81.297447,5701884854
2020-02-13,81.229721,83.689163,78.582314,80.403427,80.403427,6579062946
2020-02-14,80.375511,83.46431,79.428391,82.990349,82.990349,5382846670
2020-02-15,83.025452,83.384163,76.103004,76.513245,76.513245,5612667760
2020-02-16,76.729309,80.411926,69.575989,75.152588,75.152588,6186098306
2020-02-17,74.968086,75.383469,69.440193,73.251305,73.251305,5593944695
2020-02-18,73.185623,78.013863,70.892563,77.035179,77.035179,5600214717
2020-02-19,77.075516,78.198822,70.544571,71.135941,71.135941,5298677185
2020-02-20,70.981949,72.166733,67.459274,69.624847,69.624847,5500324693
2020-02-21,69.570442,74.939362,68.914688,73.45092,73.45092,5579449656
2020-02-22,73.485863,76.485184,72.574387,75.13308,75.13308,5547090434
2020-02-23,75.074013,79.800308,74.975014,79.536652,79.536652,5702486428
2020-02-24,79.559517,79.559517,72.376968,75.535622,75.535622,6355612214
2020-02-25,75.495399,75.807076,70.068893,71.180244,71.180244,5755711246
2020-02-26,71.180382,71.864975,58.579491,61.014309,61.014309,6518313483
2020-02-27,61.027927,64.623657,57.804031,61.507885,61.507885,5649302854
2020-02-28,61.437935,63.17149,57.840664,59.763958,59.763958,5266399749
2020-02-29,59.748737,61.377529,58.385159,58.543262,58.543262,4168117352
2020-03-01,58.530544,60.118355,56.646225,57.956688,57.956688,4317287191
2020-03-02,57.984009,61.941238,57.554787,60.995548,60.995548,5309970238
2020-03-03,61.020573,62.35498,60.00602,61.144478,61.144478,5412760345
2020-03-04,61.143494,61.565731,59.362278,60.38242,60.38242,4429853608
2020-03-05,60.402779,63.143787,60.402779,62.04546,62.04546,4712202709
2020-03-06,62.049889,63.773266,61.459637,63.0256,63.0256,4766934524
2020-03-07,63.022015,63.757771,60.499599,60.54631,60.54631,4258036532
2020-03-08,60.579117,60.605022,51.7286,51.7286,51.7286,4523736331
2020-03-09,51.638126,52.307636,47.284203,50.168148,50.168148,5097423294
2020-03-10,50.479828,51.252319,49.395454,50.25639,50.25639,3945792927
2020-03-11,50.263767,50.611923,46.238441,48.463783,48.463783,3807551814
2020-03-12,48.44923,48.55825,30.62701,30.930883,30.930883,5417383296
2020-03-13,31.004513,39.247818,25.573105,37.437954,37.437954,7552238198
2020-03-14,37.536198,37.598465,34.044044,34.396587,34.396587,3270465986
2020-03-15,34.409904,38.231068,34.204185,36.437092,36.437092,3434485463
2020-03-16,36.445911,36.445911,30.608006,32.876217,32.876217,4079630236
2020-03-17,32.903088,35.421474,32.786667,33.563869,33.563869,3289527849
2020-03-18,33.555664,34.13905,32.781597,33.684177,33.684177,3170415992
2020-03-19,33.721718,40.229843,33.712875,39.073765,39.073765,4157185543
2020-03-20,39.108093,43.326027,35.585869,38.131954,38.131954,4537692970
2020-03-21,38.077866,39.336178,36.947292,38.342327,38.342327,3438721430
2020-03-22,38.371738,39.477177,35.498974,35.628056,35.628056,3148219029
2020-03-23,35.577431,38.845856,35.416386,38.765766,38.765766,3598154774
2020-03-24,38.747993,40.754646,38.268036,40.490646,40.490646,3331925793
2020-03-25,40.479458,40.696136,38.545746,39.151222,39.151222,3133347522
2020-03-26,39.172966,40.170464,38.787258,40.160599,40.160599,2827963692
2020-03-27,40.183334,40.595192,38.885971,38.918476,38.918476,2962853270
2020-03-28,38.862179,39.329887,37.102375,38.873756,38.873756,3119837445
2020-03-29,38.86528,38.93475,37.210598,37.332542,37.332542,2683734233
2020-03-30,37.264854,39.324711,37.260727,39.13829,39.13829,3318334905
2020-03-31,39.119137,39.372299,38.681515,39.299103,39.299103,3359087002
2020-04-01,39.284687,39.380814,37.445934,39.380814,39.380814,3303999600
2020-04-02,39.36348,41.645641,39.254028,39.874168,39.874168,3985953572
2020-04-03,39.88763,41.0844,39.684814,40.359135,40.359135,3482692346
2020-04-04,40.344578,40.833725,39.964409,40.675556,40.675556,3229457622
2020-04-05,40.690037,40.999851,39.928326,40.670139,40.670139,3084146015
2020-04-06,40.658787,44.494198,40.544903,44.391121,44.391121,4287968687
2020-04-07,44.402138,47.20174,44.114861,44.667931,44.667931,4391267713
2020-04-08,44.678623,46.753803,44.350834,46.319859,46.319859,3831132142
2020-04-09,46.348034,46.583435,45.174339,46.384979,46.384979,3628019378
2020-04-10,46.400341,46.468353,41.331821,42.269814,42.269814,4008964133
2020-04-11,42.256741,42.966843,41.688248,42.319099,42.319099,3374908252
2020-04-12,42.320835,43.286934,42.007198,42.450287,42.450287,3639638078
2020-04-13,42.499252,42.499252,39.959061,41.204342,41.204342,3998289644
2020-04-14,41.222858,41.823635,40.677822,41.053841,41.053841,3713345006
2020-04-15,41.080093,41.708031,39.449886,39.589069,39.589069,3696959521
2020-04-16,39.643715,43.014286,38.601559,42.689018,42.689018,4985504369
2020-04-17,42.675053,43.214794,42.000957,42.745037,42.745037,4096625538
2020-04-18,42.751598,44.381767,42.533524,44.362896,44.362896,4508378329
2020-04-19,44.348003,44.506847,42.596107,42.63475,42.63475,4563334114
2020-04-20,42.674625,43.375874,40.462975,40.828384,40.828384,4293209435
2020-04-21,40.809624,41.261909,40.416969,41.040142,41.040142,3954491838
2020-04-22,40.993271,42.320145,40.688766,41.887413,41.887413,4029531589
2020-04-23,41.877735,43.367367,41.433205,42.937214,42.937214,4757478698
2020-04-24,42.994709,45.172287,42.944038,44.810452,44.810452,4786600723
2020-04-25,44.815205,45.647766,44.370213,44.714909,44.714909,4769855704
2020-04-26,44.719917,45.339993,44.31263,44.689087,44.689087,4687873111
2020-04-27,44.677433,45.419842,43.88546,44.710064,44.710064,4473729902
2020-04-28,44.738171,46.307301,44.074818,46.028702,46.028702,4413476561
2020-04-29,46.091522,49.622128,46.007324,49.181301,49.181301,5673988960
2020-04-30,49.147854,50.921558,46.583843,46.71402,46.71402,5724477325
2020-05-01,46.714264,48.596474,46.714264,47.791702,47.791702,4581731065
2020-05-02,47.770359,49.567081,47.448662,49.458046,49.458046,4453777871
2020-05-03,49.464958,50.044678,47.550114,48.267159,48.267159,4667453994
2020-05-04,48.243027,48.346298,46.037292,47.473492,47.473492,4488284400
2020-05-05,47.450291,47.905041,46.370968,46.787258,46.787258,4187625277
2020-05-06,46.768917,47.778015,45.942867,45.942867,45.942867,4575858023
2020-05-07,46.019604,48.066963,45.031567,47.330116,47.330116,5080727910
2020-05-08,47.307724,48.545975,46.629044,47.882217,47.882217,4780707207
2020-05-09,47.839458,48.939835,47.13308,47.274185,47.274185,4740601428
2020-05-10,47.260593,47.260593,40.574226,42.367626,42.367626,5783062532
2020-05-11,42.358269,42.863331,40.135761,41.699963,41.699963,5121746343
2020-05-12,41.739216,42.684315,41.412781,42.111881,42.111881,4734936547
2020-05-13,42.074535,43.548279,41.953808,43.13456,43.13456,4565388581
2020-05-14,43.094921,44.229015,42.479401,43.945335,43.945335,5023559798
2020-05-15,43.945839,44.064014,42.467709,42.833981,42.833981,4340414828
2020-05-16,42.85136,43.741074,42.578529,43.212898,43.212898,3879155974
2020-05-17,43.180321,44.356815,43.096382,43.640835,43.640835,3901110454
2020-05-18,43.643074,46.244678,43.586994,45.201073,45.201073,4473025831
2020-05-19,45.21331,45.383614,44.344105,45.383614,45.383614,3612370257
2020-05-20,45.387444,45.963009,43.716595,44.172127,44.172127,3448255432
2020-05-21,44.156235,44.447807,41.883862,42.742702,42.742702,3143718509
2020-05-22,42.73037,44.575794,42.51173,44.207581,44.207581,2908274408
2020-05-23,44.208248,44.533176,43.706081,44.033119,44.033119,2576920703
2020-05-24,44.018593,44.377956,42.442669,42.448895,42.448895,2656112321
2020-05-25,42.405674,43.438759,42.099075,42.946129,42.946129,2701310002
2020-05-26,42.9272,43.007381,42.120792,42.432056,42.432056,2475471673
2020-05-27,42.409096,44.066753,42.368759,43.861431,43.861431,2757608482
2020-05-28,43.871845,44.86269,43.504929,44.758698,44.758698,2743046058
2020-05-29,44.776535,45.37719,44.324528,44.652466,44.652466,2632197768
2020-05-30,44.632866,47.540939,44.22646,47.538631,47.538631,2852777896
2020-05-31,47.53928,47.565048,45.32407,45.591885,45.591885,2637761668
2020-06-01,45.57423,48.395439,45.425323,48.125233,48.125233,3035652544
2020-06-02,48.094391,49.761257,45.261967,45.923515,45.923515,3060955005
2020-06-03,45.929836,47.631241,45.663254,47.172894,47.172894,2691495449
2020-06-04,47.20063,47.99448,46.575047,47.637596,47.637596,2697436350
2020-06-05,47.674435,47.918568,46.870819,47.053146,47.053146,2551367878
2020-06-06,47.066727,47.324432,46.428371,46.731956,46.731956,2160092222
2020-06-07,46.744019,46.938652,45.387234,46.668003,46.668003,2385218875
2020-06-08,46.659168,46.879986,46.058006,46.473972,46.473972,2357747091
2020-06-09,46.471443,46.737926,45.665775,46.069412,46.069412,2141209283
2020-06-10,46.069267,46.892284,45.894508,46.679977,46.679977,2146762421
2020-06-11,46.683582,46.903816,42.96904,43.514709,43.514709,2554226325
2020-06-12,43.500725,45.273815,43.117912,44.828053,44.828053,2260548556
2020-06-13,44.793709,45.188557,44.458698,45.094559,45.094559,1739835590
2020-06-14,45.103828,45.103828,43.891037,44.084526,44.084526,1782403292
2020-06-15,44.084526,44.202991,42.093731,43.914295,43.914295,2090717318
2020-06-16,43.908958,44.280727,43.485138,43.877258,43.877258,1841455099
2020-06-17,43.882442,44.81456,43.364269,44.032356,44.032356,1996899442
2020-06-18,44.032356,44.12405,43.141312,43.560131,43.560131,1576467272
2020-06-19,43.556366,43.68409,42.603638,42.679832,42.679832,1712639222
2020-06-20,42.646275,43.783642,42.631229,43.346813,43.346813,1500492583
2020-06-21,43.337345,43.755852,43.027027,43.087444,43.087444,1362753187
2020-06-22,43.109253,44.336441,43.072403,44.188004,44.188004,1659721584
2020-06-23,44.194988,44.318157,43.624378,44.179279,44.179279,1365925951
2020-06-24,44.188141,44.529106,42.709351,42.843826,42.843826,1493695398
2020-06-25,42.862835,43.026108,42.211456,42.56353,42.56353,1311840193
2020-06-26,42.564304,43.561878,41.756687,43.320786,43.320786,1714646169
2020-06-27,43.280907,43.45171,40.754646,41.555561,41.555561,1453347400
2020-06-28,41.555561,42.018311,40.778221,41.408268,41.408268,1337385786
2020-06-29,41.427532,41.998566,41.01976,41.851032,41.851032,1668680719
2020-06-30,41.743965,41.972664,41.025242,41.467793,41.467793,1390313389
2020-07-01,41.43354,42.190136,41.286537,41.699245,41.699245,1220528740
2020-07-02,41.736717,41.934643,40.65646,41.485733,41.485733,1339074369
2020-07-03,41.471855,41.681614,41.045391,41.205135,41.205135,1122905126
2020-07-04,41.173149,42.172905,41.134186,42.066532,42.066532,1173145659
2020-07-05,42.02216,42.15836,40.985237,41.598076,41.598076,1170070065
2020-07-06,41.598076,44.147392,41.49567,43.963493,43.963493,1743603778
2020-07-07,43.963493,44.224865,43.108757,43.318249,43.318249,1360983976
2020-07-08,43.318398,45.410004,43.172123,45.200745,45.200745,2161892498
2020-07-09,45.188488,45.708691,43.830112,44.537457,44.537457,1985305536
2020-07-10,44.505367,44.532307,43.546581,44.246117,44.246117,1840301462
2020-07-11,44.250656,44.70628,44.005146,44.677078,44.677078,1764984238
2020-07-12,44.687767,45.182644,44.060249,44.636101,44.636101,1598865182
2020-07-13,44.636101,45.306725,43.236671,43.919796,43.919796,1724704950
2020-07-14,43.969219,44.001564,43.140652,43.802864,43.802864,1882872130
2020-07-15,43.790375,44.009056,42.991428,43.278954,43.278954,1809900342
2020-07-16,43.263828,43.403973,41.4748,42.035439,42.035439,1543731673
2020-07-17,42.041271,42.341431,41.779114,41.912815,41.912815,1336746650
2020-07-18,41.908268,42.83025,41.782635,42.425865,42.425865,1141296421
2020-07-19,42.425865,42.697979,41.88361,42.552731,42.552731,1140767149
2020-07-20,42.551159,42.706463,41.642338,41.975811,41.975811,1152077279
2020-07-21,41.973995,43.928329,41.885818,43.61615,43.61615,1384220462
2020-07-22,43.606789,45.000843,43.31926,44.936115,44.936115,1383704376
2020-07-23,44.939594,45.466652,44.577511,44.850079,44.850079,1775727714
2020-07-24,44.850105,44.880478,44.058842,44.182541,44.182541,1620747746
2020-07-25,44.107262,49.162403,44.067894,48.804768,48.804768,2433671618
2020-07-26,48.836586,50.378803,47.715778,47.978718,47.978718,2587129920
2020-07-27,47.973759,54.931488,47.521111,52.950027,52.950027,3397559596
2020-07-28,53.060986,57.130966,51.903347,55.575207,55.575207,3293197775
2020-07-29,55.591705,56.692726,55.03009,55.172005,55.172005,2572759911
2020-07-30,55.100842,57.971043,54.076878,56.643112,56.643112,3015740898
2020-07-31,56.65485,58.738693,55.826443,57.998138,57.998138,2461431454
2020-08-01,57.998138,61.663177,57.504925,61.293224,61.293224,3124975567
2020-08-02,61.259525,64.459045,55.802589,56.641445,56.641445,3499183526
2020-08-03,56.624901,59.644955,56.136665,58.468903,58.468903,2250487587
2020-08-04,58.462353,59.41592,56.80051,57.533054,57.533054,2088598738
2020-08-05,57.576206,59.765854,57.117451,59.010708,59.010708,2144590019
2020-08-06,58.986931,60.563934,57.976067,59.164265,59.164265,2241049269
2020-08-07,59.1483,60.841263,55.871727,57.245533,57.245533,2756992175
2020-08-08,57.205868,58.542938,56.65136,58.129208,58.129208,1726820323
2020-08-09,58.228046,58.66008,56.499744,57.13903,57.13903,1601010110
2020-08-10,57.116756,59.242893,57.116756,58.288845,58.288845,2247183310
2020-08-11,58.288845,59.439777,53.231251,54.386845,54.386845,2754950222
2020-08-12,54.36639,55.558563,52.322857,54.968586,54.968586,2450391467
2020-08-13,54.988716,57.862003,52.348724,57.741318,57.741318,2843622469
2020-08-14,57.701302,57.980789,56.357327,56.753124,56.753124,2476128674
2020-08-15,56.72636,60.376156,56.72636,59.927811,59.927811,3063536363
2020-08-16,59.942123,64.289314,59.330772,63.826542,63.826542,3595771595
2020-08-17,63.826542,68.519516,61.881557,67.028038,67.028038,3997651594
2020-08-18,67.05616,68.032959,64.278191,65.527534,65.527534,3627257060
2020-08-19,65.554649,66.967186,59.573177,62.004627,62.004627,3345972244
2020-08-20,62.019966,63.530529,61.284641,62.966755,62.966755,2801314591
2020-08-21,62.905972,63.649986,59.173359,59.379021,59.379021,2911090515
2020-08-22,59.363056,60.461704,58.288548,60.311157,60.311157,2317942996
2020-08-23,60.262802,61.48896,58.340385,60.62326,60.62326,2315616100
2020-08-24,60.62326,62.820099,60.271561,62.199425,62.199425,2490426542
2020-08-25,62.215099,62.341969,57.267555,58.580666,58.580666,2625416624
2020-08-26,58.442039,58.992382,57.213589,58.358173,58.358173,2067102732
2020-08-27,58.298702,59.159904,54.795097,56.041016,56.041016,2212235187
2020-08-28,56.103962,58.167583,55.566372,57.354404,57.354404,2206041301
2020-08-29,57.438873,58.226944,57.130051,57.291733,57.291733,2006047086
2020-08-30,57.207737,62.798176,57.171024,62.725342,62.725342,2759602454
2020-08-31,62.844059,63.491257,60.75156,61.113796,61.113796,2561891272
2020-09-01,61.105076,64.18396,60.386982,62.88279,62.88279,2717986649
2020-09-02,62.871326,63.070721,57.139809,58.099648,58.099648,2790169260
2020-09-03,58.013084,58.530819,47.059383,47.774113,47.774113,2765272845
2020-09-04,47.779217,52.333023,47.185322,50.611977,50.611977,2851271830
2020-09-05,50.619232,51.318096,46.146461,47.589336,47.589336,2831766570
2020-09-06,47.596558,48.895569,46.622665,48.053574,48.053574,2075916067
2020-09-07,48.033924,49.071953,45.621662,48.770107,48.770107,2235340013
2020-09-08,48.805126,49.300014,46.202377,47.383801,47.383801,2314205963
2020-09-09,47.377357,48.846668,46.701378,47.897697,47.897697,1828181736
2020-09-10,47.923195,49.384384,47.903496,48.716854,48.716854,2001211524
2020-09-11,48.716854,49.409737,47.402073,49.089752,49.089752,1835173089
2020-09-12,49.057728,51.221138,48.672417,50.817154,50.817154,1588978329
2020-09-13,50.760929,50.931419,47.525314,48.066036,48.066036,1785910878
2020-09-14,48.04966,49.944817,47.438557,49.090122,49.090122,1786276098
2020-09-15,49.117363,50.14468,48.347805,48.390099,48.390099,1663112038
2020-09-16,48.459633,48.792355,47.467407,47.933434,47.933434,1674030602
2020-09-17,47.980671,49.479813,47.875195,48.877068,48.877068,1701721113
2020-09-18,48.828274,49.077709,47.791714,48.462814,48.462814,1135775840
2020-09-19,48.481586,49.032795,48.208038,48.67683,48.67683,961716690
2020-09-20,48.667938,48.670559,46.431103,47.100529,47.100529,1033913350
2020-09-21,47.129139,47.649158,42.54327,43.390221,43.390221,1923483523
2020-09-22,43.359463,44.765404,43.117298,44.545048,44.545048,1078696494
2020-09-23,44.486065,45.076061,42.739395,43.05769,43.05769,1676705751
2020-09-24,43.046337,45.173306,42.754929,45.039856,45.039856,2070966440
2020-09-25,45.045551,46.566505,44.150795,46.086311,46.086311,1849539132
2020-09-26,46.103172,46.519585,45.364582,46.188923,46.188923,2123570272
2020-09-27,46.091331,46.591808,45.063534,46.091694,46.091694,2217192656
2020-09-28,46.110626,46.962429,45.28989,45.355541,45.355541,1923868466
2020-09-29,45.29805,45.870415,45.020565,45.796562,45.796562,1790368155
2020-09-30,45.806763,46.715122,45.494488,46.37146,46.37146,1979505099
2020-10-01,46.426956,48.513702,45.5658,46.313507,46.313507,2558851054
2020-10-02,46.348965,46.951092,44.201286,44.923973,44.923973,2201641713
2020-10-03,44.905697,46.130402,44.781742,45.581772,45.581772,1707844978
2020-10-04,45.580982,47.04055,45.453011,46.730106,46.730106,2034541387
2020-10-05,46.742477,47.105099,45.693832,46.363228,46.363228,2349391995
2020-10-06,46.356865,48.083424,45.673256,45.985531,45.985531,3013107749
2020-10-07,46.004665,46.982285,45.243946,46.66048,46.66048,2167187221
2020-10-08,46.680595,47.488434,45.837246,47.21838,47.21838,2350341454
2020-10-09,47.216053,48.27327,46.710346,47.832954,47.832954,2250628685
2020-10-10,47.777119,50.408005,47.777119,48.921097,48.921097,2781995604
2020-10-11,48.914909,51.243946,48.865318,50.727901,50.727901,2601103257
2020-10-12,50.615707,51.524342,49.536125,50.743816,50.743816,2646408249
2020-10-13,50.683041,50.683041,49.126942,49.940639,49.940639,2177774803
2020-10-14,50.007183,50.97562,49.415432,49.846489,49.846489,2213563866
2020-10-15,49.825611,50.248791,49.05896,49.490372,49.490372,2340485565
2020-10-16,49.534931,49.901913,46.212376,47.692875,47.692875,2331529601
2020-10-17,47.747189,47.747189,46.746178,47.053928,47.053928,2169301016
2020-10-18,47.059418,47.878197,46.973389,47.619545,47.619545,2636565895
2020-10-19,47.641457,48.496487,46.994373,48.098915,48.098915,1771107656
2020-10-20,48.102547,48.440239,46.685162,47.051029,47.051029,1757468523
2020-10-21,47.062843,54.548412,47.055691,53.04533,53.04533,3534993796
2020-10-22,53.015892,56.060555,53.009575,54.267277,54.267277,3814584794
2020-10-23,54.299412,56.667805,53.182617,55.238689,55.238689,3519541892
2020-10-24,55.238728,59.325233,54.814545,59.095589,59.095589,3899047277
2020-10-25,59.095585,59.770901,56.661301,58.674801,58.674801,3725652470
2020-10-26,58.67482,59.097111,55.213219,56.745777,56.745777,3701855843
2020-10-27,56.74575,58.885128,56.510864,57.816051,57.816051,3431678162
2020-10-28,57.816078,60.302204,54.710865,55.742512,55.742512,3786206312
2020-10-29,55.742558,56.30431,53.460052,54.765854,54.765854,3010404352
2020-10-30,54.765961,55.570557,52.526627,53.835033,53.835033,2563994174
2020-10-31,53.835037,56.105198,53.533382,55.59026,55.59026,2657420659
2020-11-01,55.59026,55.974216,54.259636,55.587624,55.587624,2045991010
2020-11-02,55.587322,56.710835,53.205944,53.817482,53.817482,3019889902
2020-11-03,53.81741,54.2724,51.648445,53.819622,53.819622,2580300879
2020-11-04,53.819469,55.007088,51.60656,54.499104,54.499104,3050534139
2020-11-05,54.501873,59.223793,54.501873,58.678497,58.678497,3250514599
2020-11-06,58.676193,63.280354,58.465351,63.131111,63.131111,4083503373
2020-11-07,63.131111,64.402084,57.592213,59.143646,59.143646,4320946722
2020-11-08,59.143646,61.81282,58.881237,61.055046,61.055046,2560316021
2020-11-09,61.055016,61.776428,57.842327,59.363884,59.363884,2791720300
2020-11-10,59.365467,59.657387,57.597496,58.237343,58.237343,2269831643
2020-11-11,58.237267,60.548317,58.204983,59.51503,59.51503,2580790979
2020-11-12,59.514549,60.449734,58.305347,60.365379,60.365379,2506731801
2020-11-13,60.364937,66.021179,60.311874,65.457199,65.457199,4324936978
2020-11-14,65.457199,65.836067,61.926991,63.774151,63.774151,2879859655
2020-11-15,63.774155,64.146866,61.23452,62.279922,62.279922,2565763410
2020-11-16,62.279919,71.997322,62.171036,71.326248,71.326248,5089779254
2020-11-17,73.501122,76.434593,71.234772,75.852341,75.852341,5781117491
2020-11-18,75.849861,76.447357,69.628525,73.694939,73.694939,6120728271
2020-11-19,73.695679,83.212341,71.7966,81.68367,81.68367,6615851204
2020-11-20,81.683632,85.174995,80.26535,82.583153,82.583153,6264878329
2020-11-21,82.583153,88.003593,80.650879,86.410118,86.410118,6565673514
2020-11-22,86.410118,87.643806,79.646095,82.704208,82.704208,6285046852
2020-11-23,82.704285,90.164413,81.185165,89.039314,89.039314,7198913664
2020-11-24,89.032753,93.576019,86.831665,89.205376,89.205376,7748145325
2020-11-25,89.203506,90.411552,79.864098,81.880127,81.880127,6033297331
2020-11-26,81.875198,83.072678,65.225349,70.865723,70.865723,8965913476
2020-11-27,70.884369,73.463661,65.952522,69.123871,69.123871,5874999214
2020-11-28,69.131828,74.833565,68.552994,72.692963,72.692963,4784394518
2020-11-29,72.699623,80.783401,71.732857,79.235069,79.235069,5314384738
2020-11-30,79.210464,88.128998,77.067017,87.574631,87.574631,6812463307
2020-12-01,87.576599,92.276779,81.314209,85.435768,85.435768,9818290618
2020-12-02,85.437561,90.105362,83.395226,88.856514,88.856514,7713268210
2020-12-03,88.876465,91.123352,85.80732,89.098969,89.098969,6014261404
2020-12-04,89.103928,89.602104,78.769203,80.017075,80.017075,5444117736
2020-12-05,80.007393,84.168556,79.154488,83.118729,83.118729,4517680975
2020-12-06,83.115913,85.037163,80.602432,83.555336,83.555336,3454805957
2020-12-07,83.545494,86.726448,81.933228,83.624062,83.624062,4312326196
2020-12-08,83.61647,84.714005,75.976501,76.748657,76.748657,4230876095
2020-12-09,76.738403,78.099937,72.61898,77.41098,77.41098,4239672634
2020-12-10,77.412209,77.575325,73.471329,74.829559,74.829559,3007098971
2020-12-11,74.825752,74.854874,70.231308,72.087334,72.087334,3761860017
2020-12-12,72.078712,77.519981,72.078712,76.706894,76.706894,2966684035
2020-12-13,76.713165,83.889015,75.659302,82.000641,82.000641,3845040543
2020-12-14,82.029449,82.874458,79.426796,82.363159,82.363159,3459910049
2020-12-15,82.364372,84.708344,80.699722,81.400673,81.400673,3727495996
2020-12-16,81.411545,92.846069,79.032356,92.789688,92.789688,6152647270
2020-12-17,92.799393,109.23464,91.140778,100.95957,100.95957,11165000706
2020-12-18,100.98905,112.25076,99.550888,109.38451,109.38451,10096427749
2020-12-19,109.36553,123.75543,105.68601,120.55891,120.55891,9859343632
2020-12-20,120.49281,122.73542,110.77296,114.66599,114.66599,8652067110
2020-12-21,114.66831,118.01513,101.59909,105.00539,105.00539,9903839433
2020-12-22,104.95058,114.02957,98.868668,113.68037,113.68037,11221164987
2020-12-23,113.67897,116.88766,96.269661,101.81706,101.81706,12287537836
2020-12-24,101.89503,111.93287,99.606331,111.5654,111.5654,10108653753
2020-12-25,111.51173,128.02589,108.58561,126.9836,126.9836,11678543063
2020-12-26,127.07919,134.73514,125.13356,129.4592,129.4592,12680207148
2020-12-27,129.45662,138.31972,123.0974,127.51697,127.51697,14103307412
2020-12-28,127.5883,136.18507,127.07134,130.05034,130.05034,10248729547
2020-12-29,130.03326,130.60858,121.1872,129.0408,129.0408,9160551332
2020-12-30,129.06186,132.45012,123.44434,129.46608,129.46608,8127317345
2020-12-31,129.48029,130.16624,123.03648,124.69032,124.69032,6274573135
2021-01-01,124.67277,133.18576,123.32808,126.23035,126.23035,7326980728
2021-01-02,126.27296,140.37257,123.69362,136.94489,136.94489,10532067985
2021-01-03,136.9494,163.89864,135.73991,160.19058,160.19058,15385661271
2021-01-04,160.27116,173.02782,143.62396,154.80733,154.80733,13659785704
2021-01-05,154.89755,162.85019,147.40007,158.59477,158.59477,10192818976
2021-01-06,158.66597,169.65746,155.45287,169.01692,169.01692,10743884477
2021-01-07,169.06822,180.87338,162.80655,169.61595,169.61595,13099581396
2021-01-08,169.64153,181.76663,151.65025,173.27988,173.27988,14705614969
2021-01-09,173.25375,179.09007,164.15248,177.48393,177.48393,11136779198
2021-01-10,177.47719,185.78035,163.78479,171.11484,171.11484,12774461582
2021-01-11,171.09483,171.09483,114.95646,139.25223,139.25223,17994263494
2021-01-12,139.07999,146.71638,128.92659,132.63591,132.63591,11898878222
2021-01-13,132.65894,147.8779,126.86205,147.42134,147.42134,8421748673
2021-01-14,147.37975,156.56693,144.18279,152.08458,152.08458,8271411810
2021-01-15,152.11153,155.11723,132.19333,144.23755,144.23755,8416625031
2021-01-16,144.18819,152.06082,140.00201,144.26543,144.26543,7183807955
2021-01-17,144.22484,146.82423,137.0695,142.43082,142.43082,6098835633
2021-01-18,142.43465,154.5257,138.81143,152.14409,152.14409,6640211538
2021-01-19,152.19756,165.9243,150.48788,153.48743,153.48743,9314780275
2021-01-20,153.35609,156.13849,139.0927,149.93143,149.93143,9002037330
2021-01-21,149.94409,149.94409,126.2342,130.1335,130.1335,8703006148
2021-01-22,130.07384,141.0155,123.64693,137.27145,137.27145,8550579025
2021-01-23,137.19769,142.33926,135.11137,137.75099,137.75099,5380627901
2021-01-24,137.73871,142.6524,134.47839,141.47731,141.47731,4972171240
2021-01-25,141.43828,147.15028,137.00993,137.4442,137.4442,6344860290
2021-01-26,137.43292,139.54097,128.86641,134.75526,134.75526,5897389103
2021-01-27,134.75145,134.86264,118.78751,122.94947,122.94947,6281091792
2021-01-28,122.94125,135.79153,121.53635,133.48694,133.48694,5828235786
2021-01-29,138.21852,144.95844,132.16176,135.01257,135.01257,8878892082
2021-01-30,134.99925,135.9034,128.91656,133.40002,133.40002,6332391807
2021-01-31,133.41803,134.7037,126.25299,129.57082,129.57082,4539387378
2021-02-01,129.5746,136.13022,126.35045,131.95193,131.95193,5607159828
2021-02-02,131.95291,145.53291,131.95291,142.50697,142.50697,7552216052
2021-02-03,142.47673,155.8923,142.16776,155.61203,155.61203,8586975076
2021-02-04,155.65648,158.08878,142.41409,145.14819,145.14819,7811659280
2021-02-05,145.15063,156.53531,144.31818,154.85222,154.85222,7359451680
2021-02-06,154.85408,163.43094,150.51277,155.71474,155.71474,8323878876
2021-02-07,155.66954,157.12865,145.66254,151.14008,151.14008,6884924123
2021-02-08,151.10751,168.26595,148.12273,167.21906,167.21906,8863883926
2021-02-09,167.21399,183.64449,164.68782,182.11447,182.11447,10156352233
2021-02-10,181.98746,194.18298,172.25545,182.17439,182.17439,12820808289
2021-02-11,182.06274,192.50488,176.55453,184.496,184.496,9278994121
2021-02-12,184.38715,199.41687,178.12335,197.2317,197.2317,10839370443
2021-02-13,197.23433,228.38446,192.91965,226.2276,226.2276,16565513036
2021-02-14,226.28587,229.20515,210.10167,214.43027,214.43027,12902511399
2021-02-15,214.325,219.6385,192.12125,207.68102,207.68102,13482646966
2021-02-16,207.61044,221.05159,201.29599,210.54657,210.54657,12666436004
2021-02-17,210.56903,236.97353,204.24294,236.97353,236.97353,13792789978
2021-02-18,236.94925,238.19661,221.5929,226.86955,226.86955,7889078633
2021-02-19,226.89929,241.16129,220.95677,236.67601,236.67601,7151082978
2021-02-20,236.65491,245.95752,216.64166,227.61989,227.61989,8208699025
2021-02-21,227.51962,233.14799,220.98375,227.23135,227.23135,6934669818
2021-02-22,227.22382,227.2348,182.52765,208.1068,208.1068,9523044215
2021-02-23,208.12341,208.36967,159.68468,176.93492,176.93492,10944696472
2021-02-24,176.96677,189.16547,169.789,181.37849,181.37849,7205360252
2021-02-25,181.38542,204.74384,176.03215,178.90184,178.90184,7327999233
2021-02-26,179.12852,182.07585,163.24825,170.39815,170.39815,7875998386
2021-02-27,170.43143,179.92987,167.90878,172.10045,172.10045,4991079437
2021-02-28,172.10219,172.64618,154.79979,164.92717,164.92717,5945000101
2021-03-01,164.98314,176.35516,163.96643,175.2379,175.2379,4627257694
2021-03-02,175.20969,184.7305,171.19963,177.87244,177.87244,5247274825
2021-03-03,177.97437,196.25894,177.3665,188.52567,188.52567,6392122021
2021-03-04,188.45831,194.23186,177.32474,181.07864,181.07864,5488598135
2021-03-05,181.03996,183.10257,169.32713,180.76561,180.76561,4560793618
2021-03-06,180.70633,184.33958,175.39545,182.9819,182.9819,3799599706
2021-03-07,182.99069,191.77023,182.42235,190.75911,190.75911,3541357558
2021-03-08,190.77127,194.61919,180.06842,191.92769,191.92769,4401225306
2021-03-09,191.94005,204.75063,189.41971,203.63786,203.63786,5408294951
2021-03-10,203.64159,207.3924,192.58246,200.51686,200.51686,6296082804
2021-03-11,200.44975,203.16783,191.53683,201.25034,201.25034,4823154653
2021-03-12,201.27367,223.61497,198.95384,220.82941,220.82941,8079722567
2021-03-13,220.86453,229.37398,213.61134,226.57829,226.57829,6378541696
2021-03-14,226.50551,227.83012,215.2961,215.2961,215.2961,4537627844
2021-03-15,215.22728,221.6864,198.75255,201.26462,201.26462,6186375403
2021-03-16,201.19121,204.8644,192.1918,201.04063,201.04063,5270029739
2021-03-17,201.06416,206.28743,195.02586,206.06793,206.06793,4362001168
2021-03-18,206.03314,208.09637,200.10303,200.53731,200.53731,3719561575
2021-03-19,200.49922,205.34372,196.95378,201.06372,201.06372,2807932048
2021-03-20,201.0334,206.69771,200.17737,200.80643,200.80643,2529075165
2021-03-21,200.81384,202.84862,193.49614,196.42775,196.42775,2758761604
2021-03-22,196.4299,198.90126,186.61748,187.07784,187.07784,3115325434
2021-03-23,187.06911,189.9579,182.69423,187.39397,187.39397,3047428308
2021-03-24,187.33908,197.33694,175.84314,177.65495,177.65495,4051272249
2021-03-25,177.58641,179.12672,169.63617,173.06119,173.06119,3429325350
2021-03-26,173.02219,184.43907,172.74222,184.27867,184.27867,3109769980
2021-03-27,184.26729,186.54395,179.11821,184.83044,184.83044,2408040965
2021-03-28,184.82436,187.74564,181.67015,185.02849,185.02849,2162823815
2021-03-29,185.01561,197.48889,183.47501,194.47478,194.47478,3353971422
2021-03-30,194.47083,200.12115,191.15234,196.6821,196.6821,3604665752
2021-03-31,196.68895,199.28268,189.49101,197.4991,197.4991,3416343750
2021-04-01,197.52437,205.467,195.94299,204.11252,204.11252,3871809467
2021-04-02,204.05362,214.40356,202.50856,213.22839,213.22839,4095228243
2021-04-03,213.15974,218.24023,197.14621,197.14821,197.14821,4020429578
2021-04-04,197.10977,206.21988,195.53404,204.04291,204.04291,2866830149
2021-04-05,204.04778,225.40085,200.92845,221.06905,221.06905,4789647554
2021-04-06,221.61464,244.51747,217.63345,237.6649,237.6649,9267495720
2021-04-07,237.56157,243.15128,212.22665,219.42368,219.42368,8711169124
2021-04-08,219.84662,228.35367,218.0844,227.00302,227.00302,4532286410
2021-04-09,227.02217,228.96715,220.10941,221.86237,221.86237,3137324847
2021-04-10,221.71602,255.67598,220.20073,255.62019,255.62019,6686630635
2021-04-11,256.92133,264.51428,246.41283,253.63446,253.63446,6786514965
2021-04-12,253.17601,258.59662,241.10439,244.49437,244.49437,5220366581
2021-04-13,244.71219,273.25272,244.67003,266.98148,266.98148,6908471654
2021-04-14,267.23248,282.67831,256.76266,279.74841,279.74841,8215124752
2021-04-15,279.34116,290.79053,267.17773,286.59061,286.59061,6470712244
2021-04-16,286.28067,316.9686,267.47308,310.61273,310.61273,11850832933
2021-04-17,309.55664,335.02454,300.61313,304.75992,304.75992,13254117896
2021-04-18,304.64703,307.30426,238.33742,273.09882,273.09882,13129808269
2021-04-19,273.64514,281.35254,251.51448,261.91922,261.91922,9384818110
2021-04-20,261.2803,272.59244,235.6734,260.94135,260.94135,9446199109
2021-04-21,261.0679,276.31024,251.68423,258.8056,258.8056,7698253801
2021-04-22,258.05942,289.32919,241.30144,253.07835,253.07835,9862940091
2021-04-23,253.1048,256.65619,212.02817,241.35878,241.35878,9252716255
2021-04-24,241.45779,241.45779,221.28371,224.83577,224.83577,4567973779
2021-04-25,224.92184,235.20607,212.28683,223.63286,223.63286,3703413398
2021-04-26,223.98714,247.95869,221.91039,247.40593,247.40593,4935577761
2021-04-27,247.57828,262.61612,243.99539,259.65228,259.65228,4605576124
2021-04-28,259.79095,266.3075,248.50774,258.50516,258.50516,4235575377
2021-04-29,258.577,262.54697,249.29305,255.58527,255.58527,3555940124
2021-04-30,255.45058,273.24503,252.88782,271.16708,271.16708,3898872713
2021-05-01,271.14267,278.21942,266.63141,276.83353,276.83353,3611805752
2021-05-02,276.96042,277.48346,265.33572,269.10437,269.10437,3118501264
2021-05-03,269.0083,299.30054,268.72897,294.70401,294.70401,5172505234
2021-05-04,294.77426,326.88867,275.46497,306.2345,306.2345,11541253990
2021-05-05,305.1774,359.50015,301.45157,356.03708,356.03708,13183539068
2021-05-06,356.02213,364.51761,323.70544,353.51035,353.51035,10441211171
2021-05-07,354.50684,372.26541,333.99518,346.25357,346.25357,11094872192
2021-05-08,345.29688,356.03287,334.97577,346.36874,346.36874,6775459938
2021-05-09,347.09003,388.23279,335.17346,386.45078,386.45078,9835832552
2021-05-10,387.86917,412.96014,339.13895,359.32932,359.32932,13240769672
2021-05-11,359.25809,378.85913,345.29883,377.38879,377.38879,8798204078
2021-05-12,377.67053,393.13248,303.08487,303.08487,303.08487,8782996412
2021-05-13,310.10239,332.02847,292.28067,316.90933,316.90933,9777636796
2021-05-14,317.51721,338.09805,308.70767,326.23386,326.23386,6413801038
2021-05-15,326.39792,331.59262,297.59085,299.77252,299.77252,5642887118
2021-05-16,299.81796,323.76379,280.37067,296.62704,296.62704,5522282426
2021-05-17,296.09244,296.41055,262.73999,281.76932,281.76932,6426443389
2021-05-18,281.10333,318.04507,279.41147,294.61932,294.61932,7572089848
2021-05-19,294.60559,299.8476,151.17244,189.52017,189.52017,11449368854
2021-05-20,186.86627,224.84767,167.64005,212.27614,212.27614,8294595618
2021-05-21,210.93597,219.2348,157.612,180.19704,180.19704,6827729891
2021-05-22,180.53874,184.37431,163.0665,169.59456,169.59456,5184597505
2021-05-23,169.68451,176.45573,118.64244,143.51936,143.51936,6847843143
2021-05-24,142.80264,184.144,140.40378,183.99413,183.99413,5615445186
2021-05-25,185.03749,194.12405,168.41075,183.49789,183.49789,5221949811
2021-05-26,183.97632,204.08951,180.0172,199.22433,199.22433,4409113332
2021-05-27,199.23518,208.4635,181.08734,193.12109,193.12109,4104509375
2021-05-28,193.99054,198.48676,166.20476,177.32066,177.32066,4842770593
2021-05-29,177.37822,188.60699,158.04439,163.80811,163.80811,4442221955
2021-05-30,163.80167,180.26018,156.32442,170.97823,170.97823,3015850344
2021-05-31,170.66888,188.159,164.00938,188.03368,188.03368,3347105582
2021-06-01,188.11755,193.00403,176.29721,182.9807,182.9807,2965166592
2021-06-02,183.00299,191.24442,178.66116,187.26398,187.26398,2808932742
2021-06-03,187.41008,197.68428,182.46523,193.08618,193.08618,2854571398
2021-06-04,193.54904,193.54904,170.01918,178.87201,178.87201,3123327190
2021-06-05,178.70622,185.43394,168.11909,173.02872,173.02872,2626658227
2021-06-06,173.14665,180.02162,172.51512,176.63943,176.63943,2250385468
2021-06-07,176.53931,182.23959,161.0728,161.7328,161.7328,2497621711
2021-06-08,162.04898,164.47745,145.6682,161.16107,161.16107,3333355082
2021-06-09,160.89131,173.04527,152.84213,172.13866,172.13866,3251347235
2021-06-10,172.47858,174.52016,162.96489,168.20306,168.20306,2639779895
2021-06-11,168.24397,173.48854,160.8947,162.88052,162.88052,2518234370
2021-06-12,162.97704,164.25702,154.38899,162.01486,162.01486,2207409008
2021-06-13,161.98259,171.51971,156.96461,170.93088,170.93088,2041213335
2021-06-14,170.8544,180.00092,166.69539,172.9491,172.9491,1960141206
2021-06-15,178.63373,181.04803,172.44073,178.65942,178.65942,2459814443
2021-06-16,175.32939,177.201,164.99568,166.45894,166.45894,2211208641
2021-06-17,166.60332,173.25113,163.5892,167.05569,167.05569,2010202177
2021-06-18,167.23404,167.37891,152.00549,156.35564,156.35564,2163514007
2021-06-19,156.5542,160.82736,152.93784,153.29546,153.29546,1718599931
2021-06-20,153.01445,156.23918,144.31534,155.09259,155.09259,1958671063
2021-06-21,154.97198,155.49323,124.24927,124.78646,124.78646,2929287425
2021-06-22,124.59528,132.62332,105.56629,119.60268,119.60268,3728601207
2021-06-23,119.67531,133.59462,115.95838,128.67499,128.67499,2863227875
2021-06-24,129.06081,137.17554,123.95979,134.4846,134.4846,1897169523
2021-06-25,134.59622,138.11972,124.58117,125.68774,125.68774,1912813174
2021-06-26,125.39343,129.30408,119.0298,126.65726,126.65726,2064657166
2021-06-27,126.89379,132.47606,125.09052,132.34789,132.34789,1804264433
2021-06-28,132.5927,139.47433,130.30415,137.37085,137.37085,1877529989
2021-06-29,137.6131,149.09628,137.42349,143.70291,143.70291,2182136698
2021-06-30,144.05045,146.67157,136.42932,144.13583,144.13583,1889869747
2021-07-01,144.13664,144.13664,134.40602,137.57753,137.57753,1681324823
2021-07-02,137.29927,138.7877,130.93547,136.9437,136.9437,1418980649
2021-07-03,136.93059,141.35602,134.94528,140.27969,140.27969,1236493834
2021-07-04,140.31799,147.83606,137.09642,144.90585,144.90585,1431656519
2021-07-05,144.84933,144.84933,134.96027,138.07324,138.07324,1338245545
2021-07-06,137.95168,142.70357,135.92484,138.98564,138.98564,1504907480
2021-07-07,138.96016,142.90057,137.18387,137.37122,137.37122,1594183502
2021-07-08,137.51826,137.67223,128.44664,132.3085,132.3085,1654154836
2021-07-09,132.17012,135.73354,126.36165,134.57159,134.57159,1578256301
2021-07-10,134.65134,136.72481,130.9225,133.98729,133.98729,1301165252
2021-07-11,133.98126,136.44572,132.2453,134.24583,134.24583,1267259648
2021-07-12,134.29124,139.66527,132.15503,133.53813,133.53813,1658972857
2021-07-13,133.48373,134.52394,129.73344,131.32181,131.32181,1326935445
2021-07-14,131.39902,132.31178,124.23351,131.06261,131.06261,1509497526
2021-07-15,131.13239,133.01707,122.3361,125.49156,125.49156,1512389053
2021-07-16,125.62897,127.78345,120.76907,121.04105,121.04105,1434977465
2021-07-17,120.94344,122.89362,118.07868,120.02708,120.02708,1380666904
2021-07-18,120.08081,123.98239,117.3905,119.51202,119.51202,1339676386
2021-07-19,119.38441,120.73291,111.98569,113.1648,113.1648,1252109735
2021-07-20,113.24037,114.93825,104.32589,107.39948,107.39948,1447927552
2021-07-21,107.33421,118.85838,105.37127,117.45989,117.45989,1535044626
2021-07-22,117.6325,121.90778,115.81659,120.73579,120.73579,1244645331
2021-07-23,120.74201,124.46803,117.28687,124.24941,124.24941,1105582289
2021-07-24,124.21848,127.74348,123.61669,126.18867,126.18867,1149988053
2021-07-25,126.11594,128.0143,123.86832,127.59798,127.59798,1152966295
2021-07-26,127.65141,140.26859,127.19209,131.36249,131.36249,2122247682
2021-07-27,131.23289,134.94685,127.62015,134.61787,134.61787,1709997405
2021-07-28,134.76721,141.8951,132.92088,139.83661,139.83661,1844085027
2021-07-29,140.29916,142.80492,137.14626,141.32129,141.32129,1579482162
2021-07-30,141.47171,145.79518,136.22012,145.77502,145.77502,1614166297
2021-07-31,145.6543,146.59869,142.05093,144.93321,144.93321,1337306944
2021-08-01,144.50986,149.6974,138.77187,140.73553,140.73553,1520253711
2021-08-02,140.54243,145.86026,139.09155,141.50551,141.50551,1446142148
2021-08-03,141.46851,143.142,136.13086,138.29085,138.29085,1337812400
2021-08-04,138.48631,144.43251,135.99455,142.62305,142.62305,1391008967
2021-08-05,142.62791,145.00406,136.48457,143.43597,143.43597,1601656842
2021-08-06,143.548,150.55557,142.00432,147.80095,147.80095,1830070393
2021-08-07,147.89876,156.33842,147.30452,155.86478,155.86478,2107022706
2021-08-08,155.95895,157.43845,147.36542,149.84773,149.84773,1780747563
2021-08-09,149.81851,170.386,145.44423,166.51636,166.51636,2544061454
2021-08-10,166.46773,168.17386,159.07925,165.46042,165.46042,2379906344
2021-08-11,165.40869,176.01881,164.40506,170.93594,170.93594,2419719473
2021-08-12,170.87929,179.57053,161.10706,165.13103,165.13103,2386820701
2021-08-13,165.51178,184.30399,164.2829,183.28609,183.28609,2604958786
2021-08-14,183.3824,184.93872,175.77863,182.71127,182.71127,2425228534
2021-08-15,182.93892,186.36778,175.61293,184.9043,184.9043,2463135987
2021-08-16,184.776,188.83736,176.99046,178.85449,178.85449,2512505149
2021-08-17,178.15265,184.22093,168.34058,168.84264,168.84264,2207382233
2021-08-18,168.67343,174.30966,163.58017,167.39661,167.39661,1933140312
2021-08-19,167.04376,175.54294,162.98669,175.49341,175.49341,1886756817
2021-08-20,175.4325,184.08156,174.36702,183.62852,183.62852,1821956870
2021-08-21,183.65146,184.41382,177.05251,179.73615,179.73615,1735474978
2021-08-22,179.90741,189.58826,179.14827,186.3131,186.3131,2051815458
2021-08-23,186.13239,191.38266,183.93526,187.10643,187.10643,2033355063
2021-08-24,187.30475,188.33014,172.78203,173.57681,173.57681,1968635010
2021-08-25,173.70973,178.95418,169.92413,177.60323,177.60323,1766315141
2021-08-26,177.8907,180.21773,166.03241,168.08559,168.08559,1967737081
2021-08-27,167.98785,175.98441,165.39891,175.98441,175.98441,2747733541
2021-08-28,176.12883,177.00636,171.77512,175.45409,175.45409,2197632103
2021-08-29,175.52719,182.30321,173.50204,174.70422,174.70422,2336929993
2021-08-30,174.63081,176.10399,167.07909,167.42467,167.42467,2322318232
2021-08-31,167.50459,175.23891,166.14059,171.65923,171.65923,2252832552
2021-09-01,171.46518,182.71591,169.01462,180.97217,180.97217,2807031001
2021-09-02,180.95639,187.886,179.71448,183.61725,183.61725,2648327451
2021-09-03,183.43488,217.51747,180.10706,212.96597,212.96597,5461104943
2021-09-04,212.96484,225.11005,208.93571,212.35846,212.35846,4290103830
2021-09-05,211.97353,231.95567,210.74658,231.33398,231.33398,3796951481
2021-09-06,232.10146,232.10146,216.67322,219.52577,219.52577,3846416196
2021-09-07,219.5246,221.43192,165.84286,178.1144,178.1144,4888577997
2021-09-08,178.07594,188.20123,170.00404,179.72467,179.72467,4614459511
2021-09-09,177.90974,188.45786,177.24062,180.3768,180.3768,2895886861
2021-09-10,180.44835,187.12901,171.5594,174.29604,174.29604,2640894542
2021-09-11,174.30833,185.77748,173.75514,178.68857,178.68857,2374798275
2021-09-12,178.68462,185.93312,175.57394,183.23448,183.23448,2524354411
2021-09-13,183.24245,233.05685,171.38385,179.48395,179.48395,8716460338
2021-09-14,179.55342,187.59383,176.49997,183.13907,183.13907,3674072759
2021-09-15,183.04619,191.49803,180.04247,189.23941,189.23941,2966645617
2021-09-16,189.02933,194.78986,181.8588,185.53807,185.53807,3890293445
2021-09-17,185.39853,190.08932,178.46478,179.68408,179.68408,3490133355
2021-09-18,179.83258,184.87099,178.50674,181.30887,181.30887,2288894200
2021-09-19,181.24803,181.47646,173.23143,175.7406,175.7406,2265327476
2021-09-20,175.75261,175.90527,154.10419,156.46402,156.46402,3091999618
2021-09-21,157.21269,162.04773,145.47476,148.38988,148.38988,2676739911
2021-09-22,148.24112,161.90076,145.77307,161.412,161.412,2470322802
2021-09-23,161.49306,164.51555,157.52075,163.81834,163.81834,2168287266
2021-09-24,163.89128,165.76833,142.44131,152.23174,152.23174,3002639992
2021-09-25,152.22765,155.5285,149.27893,151.18146,151.18146,2780149595
2021-09-26,151.18562,153.40535,142.54745,150.64087,150.64087,3285914022
2021-09-27,150.86325,154.82504,145.27652,145.34958,145.34958,2675737537
2021-09-28,145.22026,148.44705,140.3709,140.59712,140.59712,2716268316
2021-09-29,140.67201,149.66353,140.14516,144.91862,144.91862,2611872987
2021-09-30,144.85376,154.19713,144.17134,153.14799,153.14799,2490894083
2021-10-01,153.29366,168.00571,151.59265,166.1322,166.1322,3075986940
2021-10-02,166.21225,172.63452,164.80014,169.25893,169.25893,2954252473
2021-10-03,169.16826,174.69522,166.11365,170.60997,170.60997,3020051826
2021-10-04,170.6024,170.75908,162.34503,167.54015,167.54015,2809356425
2021-10-05,167.53915,175.23277,166.92149,173.89108,173.89108,2779608244
2021-10-06,173.89476,182.7166,164.39273,178.70567,178.70567,3434445937
2021-10-07,178.68307,186.70029,173.76512,178.77173,178.77173,3653828647
2021-10-08,178.61398,182.86284,174.97141,175.97238,175.97238,3235639420
2021-10-09,175.83916,182.58965,175.06262,179.65866,179.65866,3261336754
2021-10-10,179.77905,183.83078,174.62598,175.31857,175.31857,2933958270
2021-10-11,175.10953,185.0825,173.73311,179.42606,179.42606,3155773236
2021-10-12,179.44728,179.44728,167.44484,172.79776,172.79776,3014739916
2021-10-13,172.65509,179.4391,168.0248,177.62833,177.62833,2648806965
2021-10-14,177.54449,185.91507,177.16391,180.11839,180.11839,2669021002
2021-10-15,181.00021,192.36476,176.94957,188.81413,188.81413,3361284929
2021-10-16,189.49831,192.17178,185.43048,186.1893,186.1893,2812657145
2021-10-17,186.02997,187.79721,178.02435,183.73053,183.73053,2557228667
2021-10-18,183.80115,187.11165,179.23038,185.55675,185.55675,2735635061
2021-10-19,185.6239,191.05386,183.95369,188.93982,188.93982,2468334299
2021-10-20,188.86725,208.83336,185.98178,206.87079,206.87079,2998361011
2021-10-21,207.32845,214.02158,196.4023,196.86919,196.86919,2819160222
2021-10-22,196.94501,201.3196,188.53033,190.82228,190.82228,2250306566
2021-10-23,190.98883,197.4453,189.37584,196.30951,196.30951,1909421304
2021-10-24,196.46181,199.45081,185.71887,190.90569,190.90569,1964457059
2021-10-25,190.57065,197.39595,189.87563,195.29956,195.29956,2117515772
2021-10-26,195.36433,198.97658,190.97183,197.46887,197.46887,2152699224
2021-10-27,197.55179,204.65245,174.11334,179.33412,179.33412,3305908613
2021-10-28,179.32863,194.41095,178.42944,189.97763,189.97763,2629059101
2021-10-29,189.90927,197.90192,188.79784,196.34471,196.34471,2323635618
2021-10-30,196.42403,197.02652,188.01636,190.48235,190.48235,2152582091
2021-10-31,190.44385,194.93224,187.33171,191.81638,191.81638,2072793808
2021-11-01,192.04503,200.49144,188.38965,197.55499,197.55499,2301982951
2021-11-02,197.62567,204.24156,195.2384,200.72469,200.72469,2197205823
2021-11-03,200.71893,209.02328,197.85493,207.11014,207.11014,2526891232
2021-11-04,207.2831,207.2831,197.33305,202.96799,202.96799,2297111488
2021-11-05,202.95184,203.23917,197.13235,199.53793,199.53793,1691201016
2021-11-06,199.298,201.10339,191.83588,197.86636,197.86636,1562585003
2021-11-07,197.89726,202.4279,197.3546,202.05132,202.05132,1368484091
2021-11-08,202.30235,229.48041,202.30235,228.6962,228.6962,3069524134
2021-11-09,228.87668,274.27753,227.1017,262.90671,262.90671,7006560647
2021-11-10,262.15842,294.56287,254.38721,261.26297,261.26297,7776726430
2021-11-11,260.89175,273.75192,251.60541,263.0867,263.0867,3957519255
2021-11-12,262.60507,281.94739,244.24835,251.55836,251.55836,4974432912
2021-11-13,251.19339,263.68082,245.50743,258.0932,258.0932,2964986959
2021-11-14,257.9888,279.22168,249.10799,278.00751,278.00751,3230589098
2021-11-15,279.24094,280.72824,259.98837,262.7634,262.7634,2797322397
2021-11-16,263.30505,263.30505,224.91675,230.59943,230.59943,4031751969
2021-11-17,230.64383,234.97087,221.84703,229.5041,229.5041,2863410681
2021-11-18,229.75304,232.06091,200.68802,204.42291,204.42291,3104667090
2021-11-19,204.15195,220.94716,200.10725,218.13858,218.13858,2357308403
2021-11-20,218.11884,227.61884,213.79388,227.07961,227.07961,2134869389
2021-11-21,226.94084,230.32317,220.05844,221.77194,221.77194,1787880756
2021-11-22,221.71838,221.82921,205.91054,209.15802,209.15802,2030965166
2021-11-23,209.31345,218.42584,205.91696,216.38898,216.38898,1944651936
2021-11-24,216.36253,217.84108,206.51692,209.80659,209.80659,1884041986
2021-11-25,212.23346,229.6452,210.9241,215.63498,215.63498,1953190727
2021-11-26,222.91037,224.86201,190.84671,194.87465,194.87465,2690646017
2021-11-27,195.55786,200.84546,191.1983,195.17442,195.17442,1406618152
2021-11-28,195.4146,199.87122,184.10603,199.35422,199.35422,1712282909
2021-11-29,199.59099,209.29163,195.75456,205.87021,205.87021,1784850980
2021-11-30,205.73305,218.33965,198.14626,208.01454,208.01454,2122547294
2021-12-01,207.63661,217.50633,205.8056,208.97125,208.97125,1739548260
2021-12-02,208.89514,209.88774,200.5945,203.48962,203.48962,1523272322
2021-12-03,203.56836,207.63631,182.54175,188.09972,188.09972,1805361744
2021-12-04,188.34856,189.43102,132.05429,163.0527,163.0527,3667491155
2021-12-05,162.95724,165.01788,149.27339,156.40979,156.40979,1952282406
2021-12-06,156.51135,164.30856,141.77304,161.88652,161.88652,1959778935
2021-12-07,161.78375,165.45569,158.70609,162.29286,162.29286,1510598217
2021-12-08,162.04222,169.35587,156.88567,165.22346,165.22346,1705972971
2021-12-09,164.95927,166.93733,151.7953,151.7953,151.7953,1373978010
2021-12-10,151.75444,159.7128,148.22054,148.5983,148.5983,1344733451
2021-12-11,148.74196,159.41301,146.49547,158.04192,158.04192,1207041548
2021-12-12,157.92534,162.48502,153.61035,159.20396,159.20396,870576845
2021-12-13,159.35443,160.08821,143.16695,144.5359,144.5359,1097150357
2021-12-14,144.62206,151.63306,143.42258,146.078,146.078,1150775410
2021-12-15,150.6113,154.86322,142.09656,153.51541,153.51541,1356025651
2021-12-16,153.51085,156.6161,148.71083,148.94173,148.94173,1001741958
2021-12-17,148.98038,150.34846,142.02573,144.33841,144.33841,973529667
2021-12-18,144.26479,150.20789,143.17319,148.80141,148.80141,782184567
2021-12-19,148.71048,160.16498,147.89185,153.07764,153.07764,1587190278
2021-12-20,153.26048,157.30357,145.53555,152.62868,152.62868,1590290392
2021-12-21,152.50562,156.4102,149.45192,154.92709,154.92709,1053723085
2021-12-22,155.03398,159.98083,153.37021,155.4675,155.4675,1111879486
2021-12-23,155.53894,165.08154,153.58148,163.44949,163.44949,1337153835
2021-12-24,163.55247,166.6924,160.67201,161.42104,161.42104,1085980228
2021-12-25,161.49083,163.69916,157.7856,157.7856,157.7856,959492046
2021-12-26,157.77371,158.34277,153.33298,155.99234,155.99234,1248012717
2021-12-27,155.88499,161.0807,154.73364,155.88123,155.88123,1057977478
2021-12-28,155.98207,155.98207,145.17674,145.88687,145.88687,1315031071
2021-12-29,145.93681,150.60934,144.5752,145.51262,145.51262,1081715291
2021-12-30,145.58571,149.87093,143.23793,148.28601,148.28601,838034968
2021-12-31,148.20953,152.25169,144.55974,146.51474,146.51474,1051011688
2022-01-01,146.53687,150.752,146.45694,150.69743,150.69743,691648227
2022-01-02,150.6853,152.93604,148.6631,151.25549,151.25549,680239631
2022-01-03,151.2634,151.2634,146.67419,148.46159,148.46159,755658603
2022-01-04,148.46777,151.33206,146.56306,146.81229,146.81229,789511706
2022-01-05,146.81129,149.54523,132.10075,136.08911,136.08911,1304198400
2022-01-06,136.07732,137.75053,133.31514,136.50378,136.50378,1136595284
2022-01-07,136.49187,136.52577,128.0809,131.48845,131.48845,1364180297
2022-01-08,131.49484,134.62915,126.74759,130.13748,130.13748,1002118315
2022-01-09,130.13734,132.47717,128.80878,131.29832,131.29832,710682825
2022-01-10,131.30388,131.51532,122.62868,126.83382,126.83382,1097888042
2022-01-11,126.82605,133.20668,126.28759,131.54498,131.54498,834900749
2022-01-12,131.55469,141.74013,131.27281,141.7372,141.7372,881585292
2022-01-13,141.73686,142.04924,135.36169,136.63652,136.63652,886433982
2022-01-14,136.64693,146.02119,136.36302,144.72491,144.72491,1204657825
2022-01-15,144.72025,149.92145,144.45795,147.93741,147.93741,1001838786
2022-01-16,147.93227,148.78029,144.25447,146.5332,146.5332,756580688
2022-01-17,146.53484,153.14288,145.17018,151.66727,151.66727,1608309071
2022-01-18,151.6539,152.90213,139.51915,141.89076,141.89076,1278790664
2022-01-19,141.88826,142.82635,133.73798,136.9167,136.9167,926249070
2022-01-20,136.89677,142.53172,130.36119,130.36501,130.36501,706911161
2022-01-21,130.39229,130.82465,112.42588,114.39187,114.39187,1680709016
2022-01-22,114.42324,116.67909,99.761009,108.4285,108.4285,2098519931
2022-01-23,108.4622,112.39445,106.59942,112.08951,112.08951,1135598050
2022-01-24,112.10081,112.19467,98.665222,109.5916,109.5916,1645918728
2022-01-25,109.59248,109.68234,106.33942,108.06638,108.06638,909091096
2022-01-26,108.0623,115.783,105.84998,107.28218,107.28218,1064088735
2022-01-27,107.26136,109.46899,103.78439,106.95351,106.95351,825647673
2022-01-28,106.92748,109.83932,105.81873,109.43273,109.43273,683706404
2022-01-29,109.4312,111.85406,108.31248,110.82368,110.82368,592402655
2022-01-30,110.83002,112.04272,107.72005,108.79986,108.79986,537737428
2022-01-31,108.79917,110.9894,105.02007,109.5877,109.5877,691404381
2022-02-01,109.58944,116.36582,108.66441,115.402,115.402,824048434
2022-02-02,115.4045,115.88226,108.437,108.55602,108.55602,743395485
2022-02-03,108.53465,110.287,106.41797,110.287,110.287,683428425
2022-02-04,110.2911,120.92221,109.00499,120.91804,120.91804,953726676
2022-02-05,120.92329,123.39488,119.2457,121.91674,121.91674,736360985
2022-02-06,121.91935,127.4455,121.42715,127.4455,127.4455,782675364
2022-02-07,127.44466,139.24339,125.56071,137.10739,137.10739,1131143500
2022-02-08,137.1424,142.35387,130.99808,133.99124,133.99124,1373203815
2022-02-09,133.96217,140.7852,132.81433,140.1716,140.1716,1036393461
2022-02-10,140.1739,143.23289,135.08839,135.08839,135.08839,1276403767
2022-02-11,135.09285,135.09285,125.37025,126.03116,126.03116,1080587719
2022-02-12,126.01291,127.58035,122.20375,126.68368,126.68368,832593853
2022-02-13,126.67078,128.6429,124.21995,126.20422,126.20422,688706404
2022-02-14,126.13479,126.63776,122.2436,124.80006,124.80006,712457600
2022-02-15,124.79279,132.11191,124.23802,131.76262,131.76262,783234535
2022-02-16,131.76053,131.76744,126.02103,128.16084,128.16084,715637001
2022-02-17,128.10466,128.73141,115.71445,116.30241,116.30241,938120691
2022-02-18,116.33308,121.54307,114.92322,115.19709,115.19709,1205742846
2022-02-19,115.19398,116.98887,113.67296,115.70901,115.70901,686244892
2022-02-20,115.70782,115.70782,109.14818,110.83204,110.83204,736479992
2022-02-21,110.83517,114.31229,103.37959,103.45049,103.45049,980192105
2022-02-22,103.43082,107.6065,101.27152,107.5228,107.5228,902125484
2022-02-23,107.51875,110.81078,105.79009,105.96595,105.96595,740588315
2022-02-24,105.94165,106.20594,92.61261,104.23049,104.23049,1676181000
2022-02-25,104.23492,110.33593,102.0558,109.26631,109.26631,903266080
2022-02-26,109.26405,113.23926,107.20554,108.24366,108.24366,773091210
2022-02-27,108.23714,109.87518,102.35351,103.1056,103.1056,706861756
2022-02-28,103.10043,113.47458,102.22742,113.47458,113.47458,930577763
2022-03-01,113.47608,115.57983,110.731,112.54404,112.54404,951568702
2022-03-02,112.5403,114.24376,109.67252,110.35136,110.35136,838169853
2022-03-03,110.35635,112.50372,108.96235,111.35212,111.35212,905649306
2022-03-04,111.41283,112.35623,100.20732,101.3918,101.3918,930473366
2022-03-05,101.4084,105.35141,100.21808,104.97719,104.97719,548783174
2022-03-06,104.98062,105.60909,101.54562,101.59392,101.59392,563304861
2022-03-07,101.59588,103.66204,97.236954,98.869263,98.869263,756482342
2022-03-08,98.861572,102.16033,98.499702,100.61765,100.61765,699527175
2022-03-09,100.6217,109.04586,100.6217,106.94209,106.94209,812074655
2022-03-10,106.9342,106.97227,100.66965,102.65551,102.65551,814685365
2022-03-11,102.64948,106.56657,100.50381,104.96535,104.96535,764305866
2022-03-12,104.96476,107.76637,104.80728,105.8324,105.8324,536251476
2022-03-13,105.81227,107.20189,101.90417,102.1148,102.1148,535011513
2022-03-14,102.11121,105.77667,101.50163,105.67365,105.67365,743010065
2022-03-15,105.66586,108.43423,102.76978,106.98857,106.98857,713675630
2022-03-16,106.97649,111.36539,106.00886,111.35919,111.35919,977477844
2022-03-17,111.35096,111.4287,108.86953,110.31023,110.31023,616556664
2022-03-18,110.30344,112.78976,108.48085,112.11587,112.11587,644181133
2022-03-19,112.08791,116.37327,111.79776,116.37327,116.37327,741516370
2022-03-20,116.35651,117.76,111.93088,114.82914,114.82914,859708742
2022-03-21,114.8343,116.62821,113.7423,116.15873,116.15873,833192537
2022-03-22,116.15018,123.14499,115.76656,122.92796,122.92796,1124098345
2022-03-23,122.92252,124.09307,119.09694,122.47542,122.47542,872780593
2022-03-24,122.46806,127.29319,120.85212,126.58128,126.58128,1007870447
2022-03-25,126.58252,127.0941,122.37696,124.06737,124.06737,822120492
2022-03-26,124.07107,125.36094,122.28739,124.88133,124.88133,560151992
2022-03-27,124.88927,129.39748,123.67554,129.39748,129.39748,740569100
2022-03-28,129.40063,132.41248,127.85275,127.93861,127.93861,943699101
2022-03-29,127.91148,131.78604,127.72942,130.06123,130.06123,837905297
2022-03-30,130.05473,133.90678,127.10262,131.16934,131.16934,928949835
2022-03-31,131.16637,132.77643,122.52271,123.71601,123.71601,1352615724
2022-04-01,123.7317,125.96633,120.12483,124.88318,124.88318,854575075
2022-04-02,124.88238,128.09529,124.46918,124.92348,124.92348,761262628
2022-04-03,124.90181,129.30583,124.21854,128.94621,128.94621,676091829
2022-04-04,128.90709,128.90709,122.11196,124.8617,124.8617,849319392
2022-04-05,124.85991,127.0733,123.19573,123.21317,123.21317,662578353
2022-04-06,123.20004,123.24895,112.46133,112.46133,112.46133,1017954203
2022-04-07,112.47105,114.87783,111.46581,114.23019,114.23019,635873842
2022-04-08,114.23804,115.08162,110.61835,110.88206,110.88206,747638227
2022-04-09,110.87826,112.78964,110.57122,112.77728,112.77728,519806313
2022-04-10,112.77836,114.36927,111.17377,111.17377,111.17377,510044015
2022-04-11,111.15314,111.15314,102.59769,102.60739,102.60739,807193871
2022-04-12,102.64373,105.67219,102.25174,104.82841,104.82841,638546461
2022-04-13,104.8246,110.66859,104.24493,110.48245,110.48245,806829114
2022-04-14,110.4795,112.11448,106.39036,107.41104,107.41104,736401323
2022-04-15,107.41422,112.6255,107.39666,111.10934,111.10934,802528770
2022-04-16,111.10593,114.53565,110.5419,114.43071,114.43071,639352139
2022-04-17,114.40483,114.96901,108.76373,109.04279,109.04279,673093200
2022-04-18,109.03552,111.32577,105.70491,111.22614,111.22614,810603033
2022-04-19,111.2291,113.99001,110.8278,113.81209,113.81209,653731832
2022-04-20,113.81503,113.92159,111.04325,111.97969,111.97969,669392298
2022-04-21,111.97533,114.22015,106.30164,106.99799,106.99799,747220318
2022-04-22,106.99689,108.3449,105.5461,105.60062,105.60062,668097133
2022-04-23,105.60207,107.13332,105.31648,105.50437,105.50437,502713461
2022-04-24,105.49246,105.93084,104.10663,104.6226,104.6226,487505921
2022-04-25,104.6204,104.75668,99.510757,104.68702,104.68702,802054036
2022-04-26,104.67107,105.17319,97.590805,98.404678,98.404678,702800418
2022-04-27,98.41317,101.7441,98.223732,100.53876,100.53876,692599516
2022-04-28,100.54241,104.0937,100.00948,103.32335,103.32335,780434505
2022-04-29,103.31862,104.02322,99.038841,100.37801,100.37801,861249271
2022-04-30,100.37875,101.41122,95.947632,96.165985,96.165985,604900808
2022-05-01,96.16787,99.782799,95.484718,99.435776,99.435776,592413785
2022-05-02,99.433716,101.51068,98.60585,100.69323,100.69323,613922891
2022-05-03,100.69755,101.26875,97.8396,99.343018,99.343018,542363905
2022-05-04,99.33873,106.80409,99.265633,106.27486,106.27486,768693782
2022-05-05,106.27082,106.7128,95.528778,96.918915,96.918915,842334241
2022-05-06,96.909279,98.208733,94.089012,96.791756,96.791756,769940452
2022-05-07,96.794212,97.036308,93.347916,94.5709,94.5709,551811127
2022-05-08,94.571548,95.582298,92.002991,93.976433,93.976433,729348318
2022-05-09,93.975418,94.779556,77.957153,77.957153,77.957153,1207155617
2022-05-10,77.831169,84.617218,74.82235,80.22683,80.22683,1720920553
2022-05-11,80.211548,82.39093,65.524239,66.388802,66.388802,1899877236
2022-05-12,66.407776,69.257019,55.322548,64.402748,64.402748,1925404691
2022-05-13,64.383049,72.841606,63.494411,67.96254,67.96254,1140599762
2022-05-14,67.94561,69.999176,64.620659,68.95031,68.95031,743433183
2022-05-15,68.939713,71.530373,66.556671,71.530373,71.530373,741432120
2022-05-16,71.519737,71.519737,65.457672,67.211349,67.211349,722439504
2022-05-17,67.212189,73.51004,67.212189,72.969315,72.969315,802347484
2022-05-18,72.967667,74.037018,66.415634,66.415634,66.415634,756026173
2022-05-19,66.386711,72.204117,65.177986,72.09668,72.09668,801021670
2022-05-20,72.077171,72.906738,67.099205,68.658295,68.658295,729408177
2022-05-21,68.654564,70.429649,68.17234,69.705788,69.705788,449401029
2022-05-22,69.707268,72.303619,69.528656,71.774002,71.774002,449155414
2022-05-23,71.763947,73.742645,68.990349,69.012756,69.012756,736854342
2022-05-24,69.013824,70.535278,67.680138,70.321548,70.321548,588236113
2022-05-25,70.319221,71.436462,68.290421,68.313118,68.313118,529431480
2022-05-26,68.315109,68.712479,61.340752,63.828136,63.828136,721052783
2022-05-27,63.800579,63.928551,61.287403,61.563923,61.563923,646210455
2022-05-28,61.55788,62.686611,61.55788,62.313278,62.313278,615552947
2022-05-29,63.063595,64.265472,62.106644,63.746628,63.746628,418602793
2022-05-30,63.7458,69.296928,63.414074,69.120918,69.120918,587913790
2022-05-31,69.110268,69.562752,67.181343,68.411385,68.411385,532691935
2022-06-01,68.417023,70.076424,62.546368,62.967819,62.967819,754343388
2022-06-02,62.964443,64.610008,62.394325,64.451355,64.451355,497215110
2022-06-03,64.455803,64.762718,61.788277,62.659264,62.659264,445994255
2022-06-04,62.658833,64.205109,61.725307,63.747383,63.747383,365451394
2022-06-05,63.749756,63.780807,62.061108,63.207874,63.207874,358399957
2022-06-06,63.214748,66.294197,63.088215,64.417274,64.417274,500130108
2022-06-07,64.418068,65.326683,60.559193,63.90551,63.90551,578504158
2022-06-08,63.898411,64.253906,61.546677,61.546677,61.546677,590606981
2022-06-09,61.543854,62.288166,59.836327,60.215973,60.215973,461393198
2022-06-10,60.213543,60.213543,56.479984,56.658417,56.658417,631581518
2022-06-11,56.665623,57.678856,52.231976,52.29166,52.29166,735247033
2022-06-12,52.307575,52.5909,48.130508,48.228905,48.228905,674269221
2022-06-13,48.213318,48.213318,41.629677,43.300301,43.300301,1135771941
2022-06-14,43.314003,46.132015,40.680405,46.132015,46.132015,1038406218
2022-06-15,46.13348,50.64122,41.901669,50.491772,50.491772,1082980140
2022-06-16,50.515755,50.880894,44.331329,44.699718,44.699718,754689123
2022-06-17,44.706158,48.258762,44.577225,47.684914,47.684914,624241753
2022-06-18,47.681702,48.207226,41.935963,47.247257,47.247257,878504763
2022-06-19,47.237988,55.684326,45.201401,54.323166,54.323166,1408560758
2022-06-20,54.321991,54.372265,51.611004,52.905594,52.905594,867331545
2022-06-21,52.898785,55.451859,52.142395,53.507679,53.507679,683095131
2022-06-22,53.520718,53.573269,50.775017,52.105392,52.105392,571710882
2022-06-23,52.109196,56.438145,52.046005,55.762833,55.762833,675234042
2022-06-24,55.761623,56.961769,54.882591,55.992283,55.992283,589158085
2022-06-25,55.990242,59.527119,55.081539,58.969929,58.969929,560628121
2022-06-26,58.955406,60.300819,56.875595,56.876144,56.876144,486759815
2022-06-27,56.862957,58.514683,55.249855,55.925556,55.925556,456437012
2022-06-28,55.913891,56.720051,52.752289,52.811611,52.811611,519374670
2022-06-29,52.807201,54.233082,51.790497,53.422539,53.422539,557459009
2022-06-30,53.447411,53.736393,50.405018,53.64843,53.64843,632075268
2022-07-01,53.699032,55.618488,50.387623,51.115242,51.115242,628538818
2022-07-02,51.132595,51.4174,49.993984,50.485447,50.485447,448609019
2022-07-03,50.484867,51.498253,49.343208,50.972176,50.972176,402299367
2022-07-04,50.971882,52.282711,49.877628,52.243816,52.243816,425036720
2022-07-05,52.238739,52.331615,48.237862,49.830593,49.830593,559357113
2022-07-06,49.835804,50.592316,49.25436,50.361088,50.361088,429814449
2022-07-07,50.360191,52.406734,49.851658,52.142895,52.142895,478192342
2022-07-08,52.140446,53.747898,50.955704,51.564953,51.564953,565652402
2022-07-09,51.556355,54.494419,51.478233,54.160618,54.160618,444782359
2022-07-10,54.15984,54.881256,51.161804,52.16814,52.16814,616041879
2022-07-11,52.165337,52.165337,48.627056,48.77459,48.77459,393277100
2022-07-12,48.774891,49.129192,47.532364,47.542385,47.542385,368912014
2022-07-13,47.544437,49.563126,46.662994,49.563126,49.563126,447352506
2022-07-14,49.559036,51.504189,48.136143,51.218807,51.218807,420169921
2022-07-15,51.221443,52.445957,50.814613,51.798065,51.798065,442039141
2022-07-16,51.794743,55.255428,51.198593,55.125164,55.125164,426040229
2022-07-17,55.12352,56.834454,54.720367,55.721352,55.721352,579886019
2022-07-18,55.723267,59.004387,55.528221,58.626289,58.626289,604964726
2022-07-19,58.611267,59.197781,56.112801,57.9842,57.9842,579491163
2022-07-20,57.988674,61.464279,56.781219,57.237766,57.237766,662964095
2022-07-21,57.240597,58.519569,55.461178,58.099823,58.099823,464802265
2022-07-22,58.100525,59.097775,55.727009,56.176113,56.176113,464241227
2022-07-23,56.163647,57.159653,54.767349,56.426319,56.426319,380442502
2022-07-24,56.427811,59.611557,56.397011,58.485703,58.485703,402627822
2022-07-25,58.483295,58.79483,54.366276,54.366276,54.366276,445424172
2022-07-26,54.3536,54.3536,52.195511,53.790173,53.790173,400322025
2022-07-27,53.798828,58.951004,53.152176,58.951004,58.951004,529603132
2022-07-28,58.953762,63.920959,58.641445,63.463997,63.463997,757291482
2022-07-29,63.464642,64.305122,60.127213,60.922493,60.922493,664571137
2022-07-30,60.917049,63.771126,60.229553,60.440151,60.440151,667982996
2022-07-31,60.444057,62.792862,59.89642,59.909508,59.909508,502294495
2022-08-01,59.915623,60.570431,58.449516,59.535446,59.535446,467875340
2022-08-02,59.530258,59.722092,56.889019,58.243855,58.243855,524322092
2022-08-03,58.239834,60.009747,56.970886,57.805191,57.805191,472558915
2022-08-04,57.805233,60.375362,57.750965,59.848576,59.848576,437413922
2022-08-05,59.839481,62.408657,59.700733,62.401272,62.401272,463122316
2022-08-06,62.408161,62.433922,60.789921,60.918343,60.918343,291347560
2022-08-07,60.920589,61.940495,60.208691,61.102306,61.102306,276519336
2022-08-08,61.104336,63.960339,60.940411,62.592129,62.592129,384554405
2022-08-09,62.59898,62.782326,58.754459,59.259998,59.259998,406076522
2022-08-10,59.259869,62.172283,58.078102,61.603851,61.603851,543530224
2022-08-11,61.606346,63.256104,61.574463,61.904613,61.904613,472762678
2022-08-12,61.904186,62.962833,60.873383,62.932228,62.932228,370984475
2022-08-13,62.934349,65.33567,62.724846,63.753529,63.753529,391896085
2022-08-14,63.759975,65.627701,62.913338,63.308758,63.308758,411725410
2022-08-15,63.305836,65.172501,60.032421,60.825516,60.825516,487425277
2022-08-16,60.807072,61.541428,60.238541,61.342339,61.342339,400419587
2022-08-17,61.337975,64.561234,60.034073,60.374157,60.374157,564337359
2022-08-18,60.3904,61.564461,59.826164,60.045689,60.045689,375531380
2022-08-19,60.041904,60.102547,53.635345,54.031628,54.031628,598011455
2022-08-20,54.024258,55.569393,53.154167,54.187553,54.187553,473723831
2022-08-21,54.180012,55.935055,53.98764,55.492027,55.492027,346325352
2022-08-22,55.49744,57.260742,52.519234,57.255676,57.255676,766070930
2022-08-23,57.246269,57.581665,54.280712,57.079433,57.079433,524532444
2022-08-24,57.077991,57.463272,55.827904,56.478168,56.478168,471510182
2022-08-25,56.475605,57.368172,56.088352,56.792576,56.792576,432646387
2022-08-26,56.782242,57.959911,52.51424,52.74445,52.74445,567680603
2022-08-27,52.758629,53.282288,52.11684,53.05024,53.05024,392990718
2022-08-28,53.047722,55.673573,52.711056,53.612019,53.612019,485789560
2022-08-29,53.610783,56.572742,52.942425,55.771893,55.771893,526456711
2022-08-30,55.775101,56.067696,52.304546,53.056812,53.056812,464828759
2022-08-31,53.057659,55.096478,53.057659,53.856663,53.856663,439496760
2022-09-01,53.858364,57.574146,53.549686,57.527969,57.527969,584763245
2022-09-02,57.524899,62.078972,56.644379,61.040997,61.040997,761493332
2022-09-03,61.037678,61.959976,59.839687,60.134804,60.134804,529966061
2022-09-04,60.142941,60.914291,58.820389,60.900894,60.900894,404022021
2022-09-05,60.901596,61.327629,59.518284,60.416405,60.416405,450815584
2022-09-06,60.413952,62.349049,54.306274,54.313061,54.313061,671460963
2022-09-07,54.302589,58.100662,53.299686,57.415901,57.415901,623767136
2022-09-08,57.413059,58.469116,56.345573,58.003258,58.003258,539805386
2022-09-09,58.001518,61.653664,57.855316,61.232883,61.232883,610797768
2022-09-10,61.22506,64.448898,60.870651,63.431644,63.431644,611529013
2022-09-11,63.427025,64.268478,61.829754,62.243626,62.243626,467207228
2022-09-12,62.246159,62.94323,60.387188,61.362015,61.362015,527623332
2022-09-13,61.360821,67.066368,58.63789,59.102303,59.102303,1001779466
2022-09-14,59.061371,60.849468,58.701508,60.145191,60.145191,622750084
2022-09-15,60.149971,60.608158,56.193394,56.350262,56.350262,629471575
2022-09-16,56.355476,56.751133,54.940609,55.844261,55.844261,471316851
2022-09-17,55.855606,58.349216,55.855606,57.816555,57.816555,354646581
2022-09-18,57.812195,57.821388,52.83762,52.844284,52.844284,447780228
2022-09-19,52.832516,53.630905,50.428391,52.87487,52.87487,687424376
2022-09-20,52.884251,53.530235,51.177013,52.361065,52.361065,561066601
2022-09-21,52.356251,55.265606,50.691799,51.236183,51.236183,681284602
2022-09-22,51.233234,53.886658,50.807446,53.510612,53.510612,480101560
2022-09-23,53.511887,55.221016,51.896824,55.089714,55.089714,560635011
2022-09-24,55.096828,55.630455,53.43821,53.519299,53.519299,451262561
2022-09-25,53.519787,54.274868,52.555248,52.632,52.632,385124912
2022-09-26,52.639229,53.624149,52.22364,53.432064,53.432064,464070272
2022-09-27,53.434765,55.311691,52.032013,52.737259,52.737259,507500545
2022-09-28,52.730122,53.664368,51.357903,53.308426,53.308426,479078426
2022-09-29,53.307693,53.956154,52.447205,53.914047,53.914047,406391539
2022-09-30,53.914841,54.988789,53.031113,53.397038,53.397038,412604499
2022-10-01,53.403042,53.709396,52.705292,52.906868,52.906868,256914103
2022-10-02,52.904613,53.392735,51.911167,51.911633,51.911633,270394848
2022-10-03,51.916431,54.233017,51.773045,54.176208,54.176208,361537838
2022-10-04,54.172318,55.605537,53.989059,55.298462,55.298462,346928233
2022-10-05,55.297165,55.304989,53.485401,54.579308,54.579308,333262024
2022-10-06,54.580135,54.993561,53.464699,53.493645,53.493645,359457748
2022-10-07,53.498962,53.789028,52.475613,52.86694,52.86694,350100261
2022-10-08,52.866219,53.49382,52.565247,52.798374,52.798374,262572900
2022-10-09,52.796818,53.910038,52.747379,53.910038,53.910038,255019662
2022-10-10,53.913975,54.367195,52.755875,52.755875,52.755875,381643338
2022-10-11,52.747902,52.748379,51.549953,52.018421,52.018421,348076873
2022-10-12,52.02079,52.864552,51.875916,52.221348,52.221348,329386156
2022-10-13,52.222588,52.441425,48.871719,51.243484,51.243484,535442367
2022-10-14,51.240761,52.482601,51.032154,51.315563,51.315563,356949435
2022-10-15,51.314369,51.612221,50.442577,50.469181,50.469181,256385346
2022-10-16,50.466969,51.727512,50.456161,51.480919,51.480919,264200642
2022-10-17,51.474899,52.057629,51.158997,51.843838,51.843838,284788683
2022-10-18,51.843731,52.15136,50.901928,51.877003,51.877003,302736361
2022-10-19,51.878693,51.964622,50.946545,50.986633,50.986633,275310850
2022-10-20,50.984959,51.958187,50.721535,51.191002,51.191002,289082998
2022-10-21,51.194401,51.774086,49.96645,51.623371,51.623371,369983730
2022-10-22,51.623756,52.465622,51.431179,52.180172,52.180172,304008099
2022-10-23,52.181557,53.950367,51.944881,53.950367,53.950367,344691478
2022-10-24,53.950691,54.166924,52.263294,52.569244,52.569244,397590910
2022-10-25,52.56522,56.696671,52.392094,56.025154,56.025154,544831810
2022-10-26,56.012291,57.45509,55.775528,56.391678,56.391678,615500789
2022-10-27,56.394341,56.603626,54.724495,54.80761,54.80761,531516232
2022-10-28,54.809464,55.397671,53.736908,55.003899,55.003899,485918370
2022-10-29,55.001602,57.387974,54.776119,56.496178,56.496178,680353979
2022-10-30,56.512615,57.30468,54.908535,55.389553,55.389553,476487677
2022-10-31,55.382309,56.294716,54.229271,55.084435,55.084435,530884510
2022-11-01,55.085613,55.83004,54.635139,55.12719,55.12719,427975211
2022-11-02,55.126972,62.117073,54.834171,60.558468,60.558468,1674017428
2022-11-03,60.563324,64.290794,60.420151,61.921314,61.921314,1257411661
2022-11-04,61.91898,69.368462,61.810661,67.596596,67.596596,2151904532
2022-11-05,67.594658,71.284851,67.285049,69.721199,69.721199,1505513756
2022-11-06,69.687103,70.465843,67.891312,68.086052,68.086052,1004920656
2022-11-07,68.112007,72.610847,67.282097,67.652267,67.652267,1373144070
2022-11-08,67.643188,68.269325,56.007954,57.391804,57.391804,1854346680
2022-11-09,57.444447,59.548317,49.331955,50.658577,50.658577,1725423337
2022-11-10,50.654106,61.063343,50.265511,60.361053,60.361053,1623775451
2022-11-11,60.350395,63.743965,59.212734,61.242283,61.242283,1292495839
2022-11-12,61.258324,61.483814,58.682255,59.855553,59.855553,694111623
2022-11-13,59.861961,60.192348,56.751945,57.487175,57.487175,514877448
2022-11-14,57.473969,59.0312,53.977001,56.5462,56.5462,812582160
2022-11-15,56.540577,59.432426,56.540577,58.007263,58.007263,554300042
2022-11-16,57.999069,59.978466,56.982697,57.516422,57.516422,589292031
2022-11-17,57.518764,62.91095,57.27116,62.484116,62.484116,781698635
2022-11-18,62.486942,63.612141,61.684998,62.643764,62.643764,658083895
2022-11-19,62.635292,64.291817,61.633255,63.812397,63.812397,536167505
2022-11-20,63.814583,64.514786,60.91037,62.002327,62.002327,608805129
2022-11-21,62.002941,63.187744,59.80946,61.373489,61.373489,869131451
2022-11-22,61.36385,70.49604,61.30249,70.442795,70.442795,1313490535
2022-11-23,70.464264,81.563438,69.785896,79.000069,79.000069,2115042339
2022-11-24,78.999107,79.031052,76.008377,78.830147,78.830147,1248286495
2022-11-25,78.807121,78.85714,73.604179,74.0289,74.0289,891650503
2022-11-26,74.021461,79.247986,74.021461,76.372894,76.372894,765406705
2022-11-27,76.38353,78.89019,74.849884,75.044319,75.044319,622191865
2022-11-28,75.045197,75.280525,70.888885,74.120224,74.120224,848737350
2022-11-29,74.089272,77.374687,73.676804,75.983772,75.983772,784423812
2022-11-30,75.98597,79.786118,75.763336,79.297707,79.297707,730020088
2022-12-01,79.29113,79.948921,76.673859,77.518005,77.518005,662986878
2022-12-02,77.521957,77.957069,75.749168,77.951485,77.951485,458462393
2022-12-03,77.950829,77.951218,75.741432,76.597916,76.597916,348753640
2022-12-04,76.586929,77.219345,75.926544,77.214287,77.214287,322480996
2022-12-05,77.201431,83.823891,76.930344,80.263535,80.263535,974931920
2022-12-06,80.259926,81.643425,77.902466,79.921219,79.921219,561961413
2022-12-07,79.91864,80.219391,76.165359,77.036057,77.036057,569587946
2022-12-08,77.02951,78.544601,74.815338,78.38987,78.38987,612007545
2022-12-09,78.386414,78.567543,76.09816,76.334564,76.334564,440676994
2022-12-10,76.340836,77.322617,75.987244,76.370995,76.370995,272669009
2022-12-11,76.370842,78.261192,76.370842,76.628052,76.628052,286405662
2022-12-12,76.625244,76.625244,73.818199,76.221527,76.221527,463127138
2022-12-13,76.212524,79.517967,74.822929,77.344482,77.344482,680106244
2022-12-14,77.352959,78.963158,75.31604,75.475861,75.475861,583539478
2022-12-15,75.474091,75.474091,72.184914,72.335472,72.335472,471322636
2022-12-16,72.340218,73.458694,65.804878,66.326797,66.326797,725577784
2022-12-17,66.330742,67.534332,63.487167,64.957886,64.957886,688308693
2022-12-18,64.963646,65.639252,63.557354,64.554131,64.554131,335700601
2022-12-19,64.561241,64.830872,61.860809,63.341431,63.341431,461264127
2022-12-20,63.3512,65.954552,63.235497,65.746384,65.746384,519783204
2022-12-21,65.738136,66.653275,64.900475,65.391403,65.391403,375489125
2022-12-22,65.399422,66.514549,64.517052,66.151672,66.151672,368489876
2022-12-23,66.152802,66.596397,65.450348,65.772224,65.772224,306694378
2022-12-24,65.772232,66.012245,65.263176,65.774788,65.774788,178396939
2022-12-25,65.77475,69.363144,65.540604,69.206268,69.206268,335124962
2022-12-26,69.206825,70.834938,68.710892,70.684746,70.684746,457389047
2022-12-27,70.679482,70.844246,67.970711,68.74791,68.74791,440850738
2022-12-28,68.746948,69.215042,66.106972,66.339066,66.339066,457672812
2022-12-29,66.341637,67.169289,65.928177,66.751076,66.751076,337784432
2022-12-30,66.748352,68.330978,66.315529,67.994034,67.994034,324391932
2022-12-31,67.99823,70.887146,67.786964,69.996216,69.996216,367586009
2023-01-01,70.002823,71.328911,69.234886,70.815659,70.815659,344383885
2023-01-02,70.820496,75.755173,70.227379,74.862907,74.862907,699498243
2023-01-03,74.863411,76.157494,74.211052,75.602722,75.602722,562329324
2023-01-04,75.602333,77.644287,74.658356,75.433907,75.433907,577893231
2023-01-05,75.431168,76.171883,73.914047,74.250809,74.250809,432215597
2023-01-06,74.259392,76.265533,73.012077,75.992577,75.992577,537790219
2023-01-07,75.993446,76.602013,75.668655,76.373444,76.373444,332539243
2023-01-08,76.36908,77.682274,75.529953,77.682274,77.682274,384160222
2023-01-09,77.676666,83.288277,77.676666,81.747314,81.747314,879528523
2023-01-10,81.731117,82.596161,79.8806,80.88752,80.88752,561103552
2023-01-11,80.887657,84.414795,80.160622,84.070312,84.070312,651624972
2023-01-12,84.286324,86.039719,82.843849,85.964226,85.964226,919252860
2023-01-13,85.969009,87.583061,83.923912,86.340034,86.340034,726155927
2023-01-14,86.334831,90.645493,86.17276,87.813858,87.813858,1235692684
2023-01-15,87.814041,88.451981,85.997162,87.365532,87.365532,575262096
2023-01-16,87.36483,88.846123,85.131172,85.834312,85.834312,643419793
2023-01-17,85.849304,88.611061,85.004951,87.117424,87.117424,689233513
2023-01-18,87.124062,88.212799,82.761566,82.77533,82.77533,745330320
2023-01-19,82.767296,84.422523,82.141197,84.232269,84.232269,468877565
2023-01-20,84.230621,90.721245,83.221573,90.493225,90.493225,618138690
2023-01-21,90.499146,91.332787,88.310272,88.314651,88.314651,678058077
2023-01-22,88.314667,89.894447,86.989632,87.629974,87.629974,525923629
2023-01-23,87.630653,92.532982,87.630653,90.025925,90.025925,674337929
2023-01-24,90.011391,91.094902,86.699692,87.202881,87.202881,508764326
2023-01-25,87.218681,91.623344,85.990204,89.381012,89.381012,526831341
2023-01-26,89.367523,89.850044,87.171089,87.589455,87.589455,495312033
2023-01-27,87.59169,89.10096,86.346901,88.84581,88.84581,432915139
2023-01-28,88.850449,89.662697,87.505554,89.601936,89.601936,403642649
2023-01-29,89.601471,97.460876,89.601471,95.050056,95.050056,1052463965
2023-01-30,95.0467,95.846718,89.499718,91.262436,91.262436,767486345
2023-01-31,91.263313,95.999153,91.263313,94.308113,94.308113,786998062
2023-02-01,94.297386,101.98344,94.013306,100.44363,100.44363,1000421802
2023-02-02,100.43993,101.87773,98.495178,98.690186,98.690186,679499126
2023-02-03,98.67836,100.48057,98.039948,99.970924,99.970924,581587515
2023-02-04,99.960236,101.08512,98.526802,98.614479,98.614479,412470764
2023-02-05,98.614235,98.81041,95.215149,96.458755,96.458755,467715468
2023-02-06,96.467079,97.848999,95.409515,96.062454,96.062454,454784285
2023-02-07,96.044754,101.16193,95.979546,100.92767,100.92767,723164903
2023-02-08,100.92326,102.02372,97.43045,99.207619,99.207619,627006188
2023-02-09,99.212898,99.37793,90.920837,92.098465,92.098465,835624265
2023-02-10,92.095055,94.044289,91.370094,93.529282,93.529282,636744666
2023-02-11,93.530563,94.707855,93.039055,94.43055,94.43055,410760115
2023-02-12,94.420914,94.524567,91.603996,92.395737,92.395737,367491351
2023-02-13,92.397247,94.670494,88.849525,91.12175,91.12175,681702114
2023-02-14,91.125099,95.766182,90.535202,95.687576,95.687576,594958420
2023-02-15,95.688858,102.81857,95.180527,102.7953,102.7953,725730052
2023-02-16,102.78802,104.48017,98.912926,98.952202,98.952202,737793870
2023-02-17,98.950462,101.54398,98.672653,100.30951,100.30951,725287123
2023-02-18,100.30188,101.61113,99.222023,99.791847,99.791847,625887364
2023-02-19,99.793121,101.12449,97.305954,97.564217,97.564217,550959680
2023-02-20,97.602036,98.489075,94.903877,95.940819,95.940819,805774822
2023-02-21,95.948135,96.742409,92.478645,93.70948,93.70948,693293752
2023-02-22,93.721626,95.355377,92.111038,95.218925,95.218925,668342701
2023-02-23,95.21682,96.152885,93.748825,94.691994,94.691994,489893890
2023-02-24,94.687744,95.132828,90.825089,91.555099,91.555099,503847733
2023-02-25,91.563545,93.398376,91.151863,93.263451,93.263451,414154710
2023-02-26,93.246315,95.468826,92.918777,95.255623,95.255623,382931744
2023-02-27,95.257263,95.934364,92.990181,94.086678,94.086678,432031681
2023-02-28,94.084854,95.861084,93.389,93.792778,93.792778,409490427
2023-03-01,93.795372,97.929253,93.795372,97.737663,97.737663,533714000
2023-03-02,97.733429,98.116287,94.284027,95.25724,95.25724,469936514
2023-03-03,95.263947,95.35025,88.111771,90.548973,90.548973,651979397
2023-03-04,90.544441,90.744774,88.057297,89.289536,89.289536,353464242
2023-03-05,89.289429,91.684654,89.267792,89.953346,89.953346,334569360
2023-03-06,89.949089,90.469063,87.154549,87.42292,87.42292,497425953
2023-03-07,87.423859,88.695816,84.951775,86.301903,86.301903,562810842
2023-03-08,86.301346,86.507355,82.114616,82.783531,82.783531,501018352
2023-03-09,82.785294,84.759377,75.72065,76.731049,76.731049,688488963
2023-03-10,76.733093,76.777901,69.158936,71.762215,71.762215,1038005217
2023-03-11,71.747795,74.025536,66.678162,69.706955,69.706955,1077950408
2023-03-12,69.710175,76.479439,68.22007,76.311844,76.311844,766082096
2023-03-13,76.341232,82.906013,74.941673,81.768288,81.768288,1017027604
2023-03-14,81.768738,88.099586,79.793793,84.35054,84.35054,882163452
2023-03-15,84.355873,85.655327,75.653755,76.428154,76.428154,805712252
2023-03-16,76.464149,79.874878,76.209679,79.053551,79.053551,542002591
2023-03-17,79.054993,85.508904,78.520233,85.502319,85.502319,610202264
2023-03-18,85.525955,87.879791,82.820435,82.983742,82.983742,602010403
2023-03-19,83.001015,86.417305,82.68277,84.436096,84.436096,444514565
2023-03-20,84.420914,84.482536,78.370506,78.424553,78.424553,578107211
2023-03-21,78.434616,83.134872,77.72625,82.735352,82.735352,567896558
2023-03-22,82.71698,88.150375,79.948647,87.356888,87.356888,969686696
2023-03-23,87.348419,94.448112,86.031342,93.701004,93.701004,1054746379
2023-03-24,93.69886,95.759125,89.87368,93.709908,93.709908,866952422
2023-03-25,93.706764,93.96833,90.423843,91.581146,91.581146,493921885
2023-03-26,91.582176,94.643127,90.983017,93.525192,93.525192,489851737
2023-03-27,93.516914,93.617455,88.177658,89.246872,89.246872,552145190
2023-03-28,89.243179,89.421036,86.03421,89.139374,89.139374,556233998
2023-03-29,89.139328,92.875336,89.098915,91.341736,91.341736,541611636
2023-03-30,91.340508,92.99929,87.337234,89.059891,89.059891,593012954
2023-03-31,89.072517,90.208542,87.930046,89.684128,89.684128,452243261
2023-04-01,89.68644,93.853622,89.552834,92.875351,92.875351,548762293
2023-04-02,92.662842,94.429344,90.855324,93.015976,93.015976,549452266
2023-04-03,93.005661,95.380592,90.588432,93.037338,93.037338,693703512
2023-04-04,93.031387,93.916695,91.79789,92.600426,92.600426,455068842
2023-04-05,92.598495,94.870644,91.715324,92.622116,92.622116,574810382
2023-04-06,92.621239,92.652245,90.220451,90.929153,90.929153,401237969
2023-04-07,90.926834,91.392006,89.559052,90.638329,90.638329,409439989
2023-04-08,90.63308,91.296356,89.630333,89.975197,89.975197,321874464
2023-04-09,89.976685,90.979271,89.392578,90.676674,90.676674,313065579
2023-04-10,90.679436,94.204346,90.031815,93.821228,93.821228,525494733
2023-04-11,93.825928,96.887764,93.380363,94.311798,94.311798,640151185
2023-04-12,94.307854,94.677887,91.249123,92.504158,92.504158,501836456
2023-04-13,92.135078,94.537613,91.930389,94.259499,94.259499,494346656
2023-04-14,94.266335,98.806259,93.996773,96.451973,96.451973,856817465
2023-04-15,96.452698,97.242294,95.181625,96.86821,96.86821,403922763
2023-04-16,96.860451,101.86004,95.654579,100.26745,100.26745,768844226
2023-04-17,100.25771,100.30293,97.982254,98.674698,98.674698,687145902
2023-04-18,98.699631,103.04961,98.156731,101.85142,101.85142,711227682
2023-04-19,101.84577,101.86011,89.467819,90.440681,90.440681,935252615
2023-04-20,90.435074,91.883537,87.580452,90.239655,90.239655,747749560
2023-04-21,90.241974,90.672142,84.895081,85.517342,85.517342,662381963
2023-04-22,85.516357,87.251503,85.032768,87.098526,87.098526,380034373
2023-04-23,87.098724,87.130852,84.923111,86.897324,86.897324,382921210
2023-04-24,86.884995,88.882362,86.374855,88.407341,88.407341,516200917
2023-04-25,88.402985,91.654968,87.416229,91.108345,91.108345,614049406
2023-04-26,91.107857,93.802841,85.433022,88.254189,88.254189,798720366
2023-04-27,88.25872,90.510696,87.783218,89.688812,89.688812,574362305
2023-04-28,89.693436,90.180992,88.31118,89.731384,89.731384,438218243
2023-04-29,89.723907,91.455704,89.501831,91.087517,91.087517,332392500
2023-04-30,91.087074,91.393822,88.262856,88.533623,88.533623,364294782
2023-05-01,88.512329,88.811951,85.590904,86.742615,86.742615,494450271
2023-05-02,86.744492,89.026085,86.294777,88.295792,88.295792,406998356
2023-05-03,88.294945,89.775536,85.852837,88.894852,88.894852,466944292
2023-05-04,88.894318,89.100449,87.650299,88.494453,88.494453,311253105
2023-05-05,88.492111,89.526695,87.076103,88.838669,88.838669,402566192
2023-05-06,88.839821,89.342979,82.337173,83.631439,83.631439,611083498
2023-05-07,83.625854,84.695541,83.34185,83.572609,83.572609,345770753
2023-05-08,83.569977,84.861237,76.82547,77.873436,77.873436,718898381
2023-05-09,77.87397,80.059753,77.595108,80.021584,80.021584,468132043
2023-05-10,80.015068,81.968872,78.177956,81.069977,81.069977,582964296
2023-05-11,81.069855,81.798454,78.894051,81.040878,81.040878,586874786
2023-05-12,81.028175,81.307938,77.8498,80.503136,80.503136,526826920
2023-05-13,80.502625,80.975189,80.142456,80.305702,80.305702,305028463
2023-05-14,80.309692,83.81517,80.014259,83.444298,83.444298,400491842
2023-05-15,83.445,88.424675,82.564758,87.066566,87.066566,776623075
2023-05-16,87.064224,90.239113,86.417572,89.857719,89.857719,809177581
2023-05-17,89.867004,94.873375,89.833435,93.889732,93.889732,1045389525
2023-05-18,93.88942,94.067749,89.684647,90.542908,90.542908,586904480
2023-05-19,90.532806,93.237434,90.441109,91.702385,91.702385,558055386
2023-05-20,91.711212,92.68251,90.824493,92.371315,92.371315,306548115
2023-05-21,92.377602,93.29615,91.468597,92.27887,92.27887,365938794
2023-05-22,92.277184,92.659637,90.364304,90.946075,90.946075,396591248
2023-05-23,90.948753,92.988068,90.690895,91.632332,91.632332,384556801
2023-05-24,91.636017,91.792946,85.111,86.000366,86.000366,771426876
2023-05-25,85.984688,86.601036,83.53244,86.600677,86.600677,561109959
2023-05-26,86.60363,88.043518,86.279793,87.268066,87.268066,518267207
2023-05-27,87.256149,88.784302,87.064369,88.650314,88.650314,306057058
2023-05-28,88.649071,92.158066,88.338821,91.579964,91.579964,448657302
2023-05-29,91.57827,92.102997,90.40757,91.000458,91.000458,415109197
2023-05-30,90.996735,93.118324,90.729164,92.326111,92.326111,455802742
2023-05-31,92.322708,92.588692,88.349831,90.539009,90.539009,567208418
2023-06-01,90.537476,95.643593,89.662918,93.972336,93.972336,961609681
2023-06-02,93.99617,95.526382,93.176521,95.417747,95.417747,567841812
2023-06-03,95.416916,97.177094,94.367722,95.993134,95.993134,477888613
2023-06-04,95.996979,96.462967,94.268448,94.289917,94.289917,436188890
2023-06-05,94.293243,94.484978,85.063393,87.834602,87.834602,896571627
2023-06-06,87.828613,91.293861,86.10228,90.920715,90.920715,649344540
2023-06-07,90.916183,91.112823,87.903305,88.848389,88.848389,537757007
2023-06-08,88.855042,89.440239,87.454285,88.46656,88.46656,356770854
2023-06-09,88.470039,89.88707,87.376076,89.232033,89.232033,388902174
2023-06-10,89.233452,89.265106,75.292984,77.351707,77.351707,1185675805
2023-06-11,77.34903,78.885406,76.54277,77.698936,77.698936,432046461
2023-06-12,77.695969,77.800247,75.981384,77.548096,77.548096,452560497
2023-06-13,77.545448,79.205063,76.641762,77.443825,77.443825,440462157
2023-06-14,77.443779,78.058868,72.023109,73.163292,73.163292,490434416
2023-06-15,73.166046,74.978279,72.256889,74.526436,74.526436,402537213
2023-06-16,74.528152,76.664001,74.237961,76.049126,76.049126,352725567
2023-06-17,76.053062,77.654831,75.801025,76.912415,76.912415,273568501
2023-06-18,76.908684,78.434631,76.503403,77.178253,77.178253,274352131
2023-06-19,77.179764,77.632034,76.355797,77.422028,77.422028,293010032
2023-06-20,77.42572,80.652405,76.015526,80.308899,80.308899,437548832
2023-06-21,80.307419,87.154671,80.134224,85.147743,85.147743,814693890
2023-06-22,85.150505,88.695511,84.866455,86.070221,86.070221,606189402
2023-06-23,86.064316,92.427979,85.4356,91.209457,91.209457,755797463
2023-06-24,91.211723,93.15873,87.156143,89.744026,89.744026,666550721
2023-06-25,89.740479,90.314201,87.130508,88.275169,88.275169,487211798
2023-06-26,88.267952,89.903084,86.416504,87.275703,87.275703,548434353
2023-06-27,87.272263,89.37429,87.05574,87.998276,87.998276,420226149
2023-06-28,88.015442,88.052437,82.12751,83.06115,83.06115,556606414
2023-06-29,83.057808,85.658569,83.042068,84.775871,84.775871,395849863
2023-06-30,84.768753,110.79526,84.589302,108.16533,108.16533,3377766238
2023-07-01,108.20174,111.75741,104.69582,107.2292,107.2292,1853573626
2023-07-02,107.22595,113.62712,105.70906,113.21729,113.21729,1783628932
2023-07-03,113.2317,114.49706,105.97307,106.94577,106.94577,1154666410
2023-07-04,106.95415,109.16132,104.71099,104.71099,104.71099,795208399
2023-07-05,104.69002,106.2718,99.395523,102.69399,102.69399,1061933634
2023-07-06,102.6776,105.51247,95.667229,95.667229,95.667229,1197521335
2023-07-07,95.646278,98.382378,95.095688,98.242477,98.242477,703059439
2023-07-08,98.242294,98.380211,96.918228,97.874779,97.874779,417911861
2023-07-09,97.878448,98.306923,95.061836,95.17955,95.17955,412735847
2023-07-10,95.182213,97.641098,92.892586,96.731346,96.731346,801346663
2023-07-11,96.737701,98.120026,95.815361,96.786438,96.786438,584873947
2023-07-12,96.785233,97.753258,94.788307,96.280182,96.280182,502089267
2023-07-13,96.277916,104.01946,95.792992,101.92714,101.92714,1243581127
2023-07-14,101.92617,103.23743,92.939896,95.158661,95.158661,994506743
2023-07-15,95.16153,95.655182,94.186653,94.751808,94.751808,405906202
2023-07-16,94.757256,95.223877,92.75621,92.905281,92.905281,412440907
2023-07-17,92.910645,93.522675,90.334137,92.293449,92.293449,581572145
2023-07-18,92.290169,92.861053,90.163666,91.50322,91.50322,444675473
2023-07-19,91.515007,94.061165,91.515007,92.161797,92.161797,479778485
2023-07-20,92.153465,93.480644,91.681442,92.382057,92.382057,558800999
2023-07-21,92.384041,94.605263,91.963257,94.051865,94.051865,454489403
2023-07-22,94.048172,96.151344,91.718018,92.051514,92.051514,442970678
2023-07-23,92.062996,93.47718,91.820366,93.258865,93.258865,361401131
2023-07-24,93.249336,93.249336,88.219017,89.153465,89.153465,558656341
2023-07-25,89.155029,89.976944,88.857826,89.531403,89.531403,369676148
2023-07-26,89.53093,90.9702,88.949051,90.621422,90.621422,411401840
2023-07-27,90.626953,91.728279,89.925934,90.493767,90.493767,393733970
2023-07-28,90.493202,91.894402,90.493202,91.530571,91.530571,341018407
2023-07-29,91.519188,94.715752,90.966751,94.598091,94.598091,357766274
2023-07-30,94.570419,95.692551,92.211288,94.091057,94.091057,764611368
2023-07-31,94.089333,94.822273,91.647667,92.243134,92.243134,526612463
2023-08-01,92.244263,93.820404,89.78801,93.820404,93.820404,775320147
2023-08-02,93.818504,94.313004,86.918282,87.489059,87.489059,899573748
2023-08-03,87.491722,88.226562,82.696236,82.707794,82.707794,661629539
2023-08-04,82.693336,83.706123,81.506645,82.078911,82.078911,574898134
2023-08-05,82.086472,83.297775,81.581238,83.105591,83.105591,266995799
2023-08-06,83.100288,83.368553,82.089241,82.471703,82.471703,261949686
2023-08-07,82.470978,83.219833,80.512093,82.344521,82.344521,369980930
2023-08-08,82.34269,85.110458,81.824829,83.956894,83.956894,464971615
2023-08-09,83.954514,84.427437,83.2995,84.037209,84.037209,1086009763
2023-08-10,84.038338,84.278816,82.701035,83.03347,83.03347,273793336
2023-08-11,83.034775,83.527885,82.719955,83.495865,83.495865,210777034
2023-08-12,83.494972,83.857224,83.344505,83.448524,83.448524,187648883
2023-08-13,83.450485,83.615974,81.651932,81.978035,81.978035,268437601
2023-08-14,81.979042,82.973045,81.669762,82.068581,82.068581,262059229
2023-08-15,82.06823,82.109108,78.763145,79.27375,79.27375,401918865
2023-08-16,79.27623,79.457489,73.629234,74.478859,74.478859,622966364
2023-08-17,74.479179,75.666794,61.756107,65.085762,65.085762,785297656
2023-08-18,65.094193,65.764481,63.73204,64.082916,64.082916,571194825
2023-08-19,64.085136,64.895279,63.734344,64.103867,64.103867,299693328
2023-08-20,64.107918,65.723625,64.073631,65.25251,65.25251,246734222
2023-08-21,65.251503,67.046448,64.978058,66.958687,66.958687,431113836
2023-08-22,66.958954,67.105316,63.279003,64.770287,64.770287,377574603
2023-08-23,64.773697,66.593552,64.16803,65.610779,65.610779,304886653
2023-08-24,65.612083,65.844902,64.138451,64.879272,64.879272,225372238
2023-08-25,64.881393,65.222832,63.843147,65.111916,65.111916,268487447
2023-08-26,65.112892,65.498466,64.96183,65.010719,65.010719,183821199
2023-08-27,65.010399,65.879028,64.905098,65.367111,65.367111,191462581
2023-08-28,65.367813,65.66758,64.27063,65.542503,65.542503,252050651
2023-08-29,65.541748,70.215546,64.709366,68.892471,68.892471,540744008
2023-08-30,68.893066,68.985382,66.814873,67.659531,67.659531,294424844
2023-08-31,67.66082,68.222328,63.616837,63.951378,63.951378,377755734
2023-09-01,63.946068,64.210144,62.191444,63.007454,63.007454,311070837
2023-09-02,63.009144,64.620071,63.009144,64.560631,64.560631,219217798
2023-09-03,64.563904,64.787521,63.733078,63.938118,63.938118,203377116
2023-09-04,63.936501,64.83728,63.254429,63.708687,63.708687,236821353
2023-09-05,63.713348,63.726978,62.663677,63.123634,63.123634,250002419
2023-09-06,63.118565,63.56403,62.059971,62.843525,62.843525,248375044
2023-09-07,62.843639,64.189995,62.594913,63.622368,63.622368,213292207
2023-09-08,63.62635,64.039047,61.982117,62.576981,62.576981,206394384
2023-09-09,62.578594,63.195698,62.546692,63.081509,63.081509,145767952
2023-09-10,63.083092,63.083092,60.512524,61.121529,61.121529,249697962
2023-09-11,61.119495,61.56356,58.038231,58.837158,58.837158,316901808
2023-09-12,58.836308,61.192917,58.693039,60.012791,60.012791,285423408
2023-09-13,60.017136,62.590473,59.743076,62.003521,62.003521,300723201
2023-09-14,62.002014,63.320518,62.002014,62.808537,62.808537,268972316
2023-09-15,62.816547,66.152283,62.675568,65.995529,65.995529,273527819
2023-09-16,65.990669,66.701874,64.532097,65.339523,65.339523,225396971
2023-09-17,65.346802,65.382362,63.25346,63.578228,63.578228,238602170
2023-09-18,63.577751,67.357925,63.222713,65.8946,65.8946,411318370
2023-09-19,65.893295,68.262886,65.777,67.334236,67.334236,310488863
2023-09-20,67.333961,67.61348,63.988403,64.564346,64.564346,407377312
2023-09-21,64.565125,64.967659,63.12476,64.690987,64.690987,270451760
2023-09-22,64.691711,65.460808,64.177536,64.335403,64.335403,278551984
2023-09-23,64.334908,65.225388,64.334908,65.080391,65.080391,240624622
2023-09-24,65.080063,65.084198,63.540279,63.587139,63.587139,189877277
2023-09-25,63.586189,64.990959,63.113136,64.337242,64.337242,216448495
2023-09-26,64.33316,64.918907,63.397556,63.758511,63.758511,256010742
2023-09-27,63.756336,65.419136,63.280056,63.486813,63.486813,212329352
2023-09-28,63.487186,65.410072,63.218338,65.238808,65.238808,235902966
2023-09-29,65.240662,66.399559,64.974792,65.632095,65.632095,215673747
2023-09-30,65.630783,66.523338,65.420502,66.069649,66.069649,153210629
2023-10-01,66.06881,68.591217,65.90535,68.233315,68.233315,248362902
2023-10-02,68.228951,68.33139,65.448631,66.011124,66.011124,283142952
2023-10-03,66.007019,66.836845,65.368187,65.493515,65.493515,188593883
2023-10-04,65.49839,65.509216,63.725567,64.452065,64.452065,220351720
2023-10-05,64.459198,65.196564,64.096916,64.858765,64.858765,202994978
2023-10-06,64.857376,65.906784,64.566528,65.533188,65.533188,178382571
2023-10-07,65.5336,66.229881,65.100388,65.485641,65.485641,146532235
2023-10-08,65.487183,65.968346,65.103546,65.364548,65.364548,179284709
2023-10-09,65.364395,65.376381,62.14703,63.111057,63.111057,235298990
2023-10-10,63.109085,63.793541,62.681705,63.621071,63.621071,164326149
2023-10-11,63.619778,63.685921,61.262772,61.499821,61.499821,186389594
2023-10-12,61.501141,61.521873,60.754681,61.127815,61.127815,171888213
2023-10-13,61.127197,61.995136,61.112534,61.574059,61.574059,203849754
2023-10-14,61.574585,61.949982,61.470036,61.665157,61.665157,120785909
2023-10-15,61.664009,62.101719,61.447323,61.656433,61.656433,134170091
2023-10-16,61.657101,65.364571,61.646015,63.337162,63.337162,334167678
2023-10-17,63.335766,63.335766,61.688175,62.16301,62.16301,191914626
2023-10-18,62.156055,62.601551,60.191654,60.276974,60.276974,188485126
2023-10-19,60.278484,61.812965,60.10833,61.786652,61.786652,182482608
2023-10-20,61.788864,64.175446,61.65102,63.41782,63.41782,251686318
2023-10-21,63.418297,65.255669,63.418297,64.735542,64.735542,198983839
2023-10-22,64.737358,66.057327,63.820606,65.190582,65.190582,283863584
2023-10-23,65.37159,69.535011,65.245911,68.991096,68.991096,471640160
2023-10-24,68.991356,72.381958,67.787247,69.03186,69.03186,547455091
2023-10-25,69.049782,70.322868,67.986588,68.694923,68.694923,369294933
2023-10-26,68.697502,70.428925,67.449448,68.854385,68.854385,385302387
2023-10-27,68.848656,68.848656,66.057655,67.055794,67.055794,308631582
2023-10-28,67.052139,68.294487,67.018555,67.782776,67.782776,287279561
2023-10-29,67.778076,69.22142,67.267944,68.800842,68.800842,232084984
2023-10-30,68.800125,69.70359,67.849525,69.250839,69.250839,270567503
2023-10-31,69.24955,70.356743,68.316826,68.949562,68.949562,334835486
2023-11-01,68.949478,70.345139,66.798882,69.93502,69.93502,377378547
2023-11-02,69.938553,70.679962,68.058701,69.394196,69.394196,350621685
2023-11-03,69.389854,69.565971,67.951309,69.491142,69.491142,234233495
2023-11-04,69.490921,70.625267,68.967598,70.472099,70.472099,194430502
2023-11-05,70.450546,72.216225,70.104073,71.662651,71.662651,337144700
2023-11-06,71.66227,74.926018,71.091972,74.482864,74.482864,307139405
2023-11-07,74.485069,74.510315,71.379761,73.564384,73.564384,345874833
2023-11-08,73.560333,74.262314,72.614494,73.179939,73.179939,279316148
2023-11-09,73.179779,76.103615,70.337265,73.752213,73.752213,563715610
2023-11-10,73.755669,74.940819,71.399673,73.305,73.305,391745232
2023-11-11,73.300339,75.864899,71.412216,75.174309,75.174309,409990766
2023-11-12,75.171997,76.638184,72.854874,74.891273,74.891273,400244544
2023-11-13,74.897934,75.930305,71.19603,71.491547,71.491547,391890703
2023-11-14,71.441101,72.502419,68.790596,70.635262,70.635262,378863884
2023-11-15,70.635925,74.251389,70.62352,74.080322,74.080322,335516203
2023-11-16,74.080063,74.301231,70.071388,71.179054,71.179054,343373015
2023-11-17,71.149132,71.62706,68.408035,70.182335,70.182335,406903529
2023-11-18,70.19162,70.276321,67.996239,69.893806,69.893806,243237870
2023-11-19,69.89537,70.669556,68.821861,70.640312,70.640312,226121115
2023-11-20,70.63932,70.959778,69.200745,69.517738,69.517738,271959607
2023-11-21,69.519119,71.643837,65.864296,66.457382,66.457382,427605909
2023-11-22,66.449669,69.052269,66.271072,68.705589,68.705589,275595694
2023-11-23,68.700592,70.593941,68.624847,69.512451,69.512451,307401786
2023-11-24,69.511108,71.632751,69.507187,70.735954,70.735954,307601320
2023-11-25,70.738464,72.083138,70.652245,71.833366,71.833366,237235479
2023-11-26,71.836105,71.846375,69.429031,70.05899,70.05899,257792066
2023-11-27,70.055466,70.459503,68.280457,69.242332,69.242332,261741816
2023-11-28,69.24424,70.164375,68.111427,69.737251,69.737251,340266606
2023-11-29,69.737106,70.417572,69.299042,69.989349,69.989349,241745414
2023-11-30,69.988968,70.108871,69.187241,69.44558,69.44558,238522259
2023-12-01,69.442284,72.139008,69.287735,71.544968,71.544968,342098446
2023-12-02,71.544434,72.677498,71.458717,72.272224,72.272224,252948067
2023-12-03,72.272415,72.713417,71.454407,72.256432,72.256432,260490911
2023-12-04,72.259773,74.971222,72.110649,72.821663,72.821663,579013037
2023-12-05,72.830307,74.29496,71.492302,74.291199,74.291199,409610732
2023-12-06,74.288979,74.644127,72.415291,72.415291,72.415291,415760055
2023-12-07,72.429695,74.440765,72.286278,74.058464,74.058464,380178224
2023-12-08,74.060219,78.563766,73.564705,78.398766,78.398766,518109798
2023-12-09,78.409485,79.432281,76.23912,76.27755,76.27755,646771325
2023-12-10,76.284004,78.705635,76.284004,77.141884,77.141884,373110524
2023-12-11,77.147018,77.461678,71.656647,72.650749,72.650749,562479070
2023-12-12,72.650223,73.620483,71.137817,72.412987,72.412987,327096779
2023-12-13,72.404373,73.931694,70.676971,73.197853,73.197853,409363158
2023-12-14,73.195175,74.016518,71.907013,72.963417,72.963417,390459199
2023-12-15,72.962944,72.979904,70.935616,70.955879,70.955879,289918266
2023-12-16,70.956932,72.460571,70.8433,72.13298,72.13298,239288933
2023-12-17,72.133156,73.491867,70.993378,71.234871,71.234871,296569366
2023-12-18,71.223412,71.4552,68.376556,70.802841,70.802841,331991740
2023-12-19,70.806755,71.574341,69.884979,70.614555,70.614555,268798362
2023-12-20,70.61554,71.857498,69.588707,69.804977,69.804977,388377729
2023-12-21,69.809822,71.042763,69.085365,70.92453,70.92453,337148848
2023-12-22,70.924004,73.761681,70.57711,73.729713,73.729713,361158771
2023-12-23,73.722198,74.003815,71.650833,72.540627,72.540627,300928578
2023-12-24,72.536018,72.917969,70.576263,71.174713,71.174713,325474499
2023-12-25,71.176849,72.721153,70.827148,72.275284,72.275284,272499306
2023-12-26,72.274742,74.283531,71.279106,73.15052,73.15052,464032652
2023-12-27,73.150154,76.862938,72.369438,75.850304,75.850304,534010451
2023-12-28,75.870583,77.433975,74.726974,76.722328,76.722328,561930641
2023-12-29,76.71389,77.712738,73.291084,73.404144,73.404144,516441232
2023-12-30,73.401978,74.007294,72.641197,73.312737,73.312737,311515246
2023-12-31,73.305855,74.162262,72.440132,72.798439,72.798439,286836101
2024-01-01,72.913292,74.731926,72.252098,74.731926,74.731926,255667692
2024-01-02,74.729744,75.80822,72.701019,72.984077,72.984077,386648433
2024-01-03,72.985168,73.573273,63.047882,65.301643,65.301643,759247166
2024-01-04,65.301285,66.95932,64.819405,66.491394,66.491394,396941206
2024-01-05,66.488365,66.748772,64.61969,66.021149,66.021149,417630277
2024-01-06,66.024986,66.105186,63.635895,65.676079,65.676079,285283013
2024-01-07,65.678177,66.297729,63.962063,64.257469,64.257469,259336849
2024-01-08,64.254425,68.301544,61.708389,67.806549,67.806549,504603252
2024-01-09,67.812973,67.835304,64.871216,66.949287,66.949287,474216123
2024-01-10,66.95327,71.036385,65.40641,69.890137,69.890137,530257325
2024-01-11,69.918015,74.51088,69.735077,71.984474,71.984474,680917400
2024-01-12,71.975418,76.847626,70.681259,72.900215,72.900215,933230770
2024-01-13,72.893471,73.484695,71.104477,71.987511,71.987511,405367417
2024-01-14,71.985992,72.235588,69.694969,69.815598,69.815598,338194628
2024-01-15,69.796051,71.528847,69.051437,69.255615,69.255615,303171541
2024-01-16,69.225204,70.407028,68.601913,69.474655,69.474655,333674337
2024-01-17,69.464996,69.87574,68.59005,69.386147,69.386147,287190583
2024-01-18,69.387436,70.236847,66.610962,67.992676,67.992676,414154847
2024-01-19,67.994881,71.419266,67.123352,71.184181,71.184181,403881358
2024-01-20,71.185715,72.674866,70.609535,71.297417,71.297417,353477650
2024-01-21,71.299355,72.148636,70.546265,71.600082,71.600082,231236531
2024-01-22,71.614716,72.544601,66.91217,67.288277,67.288277,458158615
2024-01-23,67.28894,68.318596,63.261303,65.449432,65.449432,408856695
2024-01-24,65.45224,66.294586,64.906517,66.140167,66.140167,276316216
2024-01-25,66.140495,66.140495,64.663963,65.498993,65.498993,234636079
2024-01-26,65.498344,67.502678,65.239349,67.034065,67.034065,248070449
2024-01-27,67.035583,68.282333,66.421394,68.084564,68.084564,211372666
2024-01-28,68.078758,68.443588,67.407852,68.397507,68.397507,238275365
2024-01-29,68.391548,68.706993,66.92247,68.453011,68.453011,276494459
2024-01-30,68.453011,68.641647,67.290657,67.512024,67.512024,238389131
2024-01-31,67.516197,69.796165,66.26516,66.753044,66.753044,348867643
2024-02-01,66.750572,68.074562,65.803146,67.516586,67.516586,232108384
2024-02-02,67.516792,68.341827,67.41259,68.003517,68.003517,203602294
2024-02-03,68.003433,69.084076,67.915031,68.836838,68.836838,187461706
2024-02-04,68.833611,68.833611,66.682175,66.931389,66.931389,207440125
2024-02-05,66.932289,68.132332,66.71402,67.619415,67.619415,204854690
2024-02-06,67.61927,68.751411,67.555908,68.290985,68.290985,215034847
2024-02-07,68.292206,68.742569,67.754036,68.55603,68.55603,243889376
2024-02-08,68.561722,70.607178,68.456512,70.562767,70.562767,271057492
2024-02-09,70.569008,71.859253,70.354332,70.677048,70.677048,396248689
2024-02-10,70.675262,71.17469,70.102371,70.809875,70.809875,229511617
2024-02-11,70.801582,72.940567,70.688957,71.540001,71.540001,314543793
2024-02-12,71.544945,73.412682,70.454361,72.932869,72.932869,301824432
2024-02-13,72.930977,73.130775,68.280548,69.00106,69.00106,489477662
2024-02-14,68.999779,70.74321,68.564987,69.896278,69.896278,437462934
2024-02-15,69.8965,70.863441,69.244209,69.811485,69.811485,396502737
2024-02-16,69.814407,70.960419,69.242889,70.617165,70.617165,313910640
2024-02-17,70.616348,70.720383,68.415062,69.989624,69.989624,262442667
2024-02-18,69.990204,71.278076,69.881165,70.730247,70.730247,250736447
2024-02-19,70.738907,71.671402,70.584267,71.312042,71.312042,294953659
2024-02-20,71.312912,71.423721,68.311455,69.655167,69.655167,391121481
2024-02-21,69.653664,69.662804,67.503006,68.937561,68.937561,295704432
2024-02-22,68.939537,69.631729,67.983353,68.764519,68.764519,311236598
2024-02-23,68.76355,69.063919,67.723602,68.828163,68.828163,256867051
2024-02-24,68.826271,70.618874,68.719391,70.387062,70.387062,241694583
2024-02-25,70.386635,70.554375,69.802238,70.082115,70.082115,225632198
2024-02-26,70.087296,72.915688,69.228516,71.937889,71.937889,389106739
2024-02-27,71.945541,76.287796,71.945541,74.033752,74.033752,641863534
2024-02-28,74.025719,77.845032,71.762718,74.592545,74.592545,768473291
2024-02-29,74.580627,84.812614,74.124466,79.940895,79.940895,1042945490
2024-03-01,79.917297,86.05925,79.917297,85.084114,85.084114,656274472
2024-03-02,85.059731,94.47052,84.583656,94.419029,94.419029,1040122066
2024-03-03,94.426163,94.525162,87.49765,90.66835,90.66835,707371775
2024-03-04,90.672821,92.424568,87.784439,88.935455,88.935455,830931633
2024-03-05,88.946327,91.83197,74.434402,82.041199,82.041199,1367572503
2024-03-06,82.039032,87.258514,79.986244,85.829971,85.829971,742784629
2024-03-07,85.829971,89.603676,83.591751,88.108047,88.108047,651436457
2024-03-08,88.10762,89.309906,84.958397,88.630768,88.630768,704449860
2024-03-09,88.630913,91.011528,87.224251,90.846802,90.846802,526302540
2024-03-10,90.846184,90.911903,85.68235,87.507553,87.507553,482197828
2024-03-11,87.505875,105.58414,84.834015,103.79211,103.79211,1538166122
2024-03-12,103.79321,104.08688,93.295799,97.538002,97.538002,1160292398
2024-03-13,97.538002,98.784698,94.631676,97.321983,97.321983,668550065
2024-03-14,97.323357,98.015755,90.354042,94.116142,94.116142,835527149
2024-03-15,94.120766,95.27179,84.351768,89.713394,89.713394,922321450
2024-03-16,89.711891,90.632874,82.469444,84.138443,84.138443,622982146
2024-03-17,84.142258,86.679932,81.124657,85.857529,85.857529,503681869
2024-03-18,85.856873,87.869095,80.949005,87.112206,87.112206,563769105
2024-03-19,87.112518,87.429291,77.297951,78.586372,78.586372,978488125
2024-03-20,78.586372,85.249886,77.285156,84.789017,84.789017,727339448
2024-03-21,84.789017,86.803009,83.856575,85.701622,85.701622,563676121
2024-03-22,85.704666,86.082878,80.807465,83.311508,83.311508,473810620
2024-03-23,83.311508,87.455254,83.151237,85.424141,85.424141,494227407
2024-03-24,85.423538,90.424782,85.375748,89.69075,89.69075,614433135
2024-03-25,89.69075,91.936607,88.718079,90.724037,90.724037,620722715
2024-03-26,90.724037,96.847153,87.78437,95.864464,95.864464,964048565
2024-03-27,95.865128,98.305832,92.853401,93.675514,93.675514,984598281
2024-03-28,93.675514,96.385338,93.524315,94.219116,94.219116,702908138
2024-03-29,94.219017,110.00593,93.110497,109.25897,109.25897,1803906237
2024-03-30,109.24394,109.24998,101.30654,102.86311,102.86311,729886796
2024-03-31,102.8663,106.54881,101.55446,105.1834,105.1834,638798519
2024-04-01,105.1834,112.31586,97.518333,99.375343,99.375343,1354224503
2024-04-02,99.375175,108.81121,94.320908,106.81754,106.81754,1576166267
2024-04-03,106.81896,109.545,96.74646,98.572235,98.572235,990603461
2024-04-04,98.572235,103.96652,96.451706,98.408485,98.408485,952231750
2024-04-05,98.408485,100.1022,95.338783,98.043449,98.043449,735964372
2024-04-06,98.043205,102.3131,97.303543,101.50172,101.50172,496165238
2024-04-07,101.49998,105.67727,100.43559,101.17563,101.17563,581333824
2024-04-08,101.17564,105.84208,99.911369,103.31106,103.31106,706651161
2024-04-09,103.31106,103.38559,96.744263,97.498123,97.498123,593234437
2024-04-10,97.498123,98.134644,94.457336,96.69976,96.69976,571530949
2024-04-11,96.700424,99.800484,95.044495,98.689102,98.689102,533522657
2024-04-12,98.688545,99.288963,80.812927,86.269569,86.269569,1052316398
2024-04-13,86.263977,86.492859,71.311768,77.606583,77.606583,1220477380
2024-04-14,77.597496,80.364578,74.138649,79.91433,79.91433,833631968
2024-04-15,79.915688,82.753822,75.949974,78.073151,78.073151,713883734
2024-04-16,78.072556,80.381912,75.870285,79.922195,79.922195,487783387
2024-04-17,79.925522,80.71611,76.526031,80.16748,80.16748,428178765
2024-04-18,80.167564,82.393158,78.880608,80.799385,80.799385,502655456
2024-04-19,80.799385,82.01754,76.203392,80.90979,80.90979,484059666
2024-04-20,80.90921,85.890221,80.441826,85.092041,85.092041,342916025
2024-04-21,85.091858,85.682602,82.989189,84.16568,84.16568,297434669
2024-04-22,84.164932,86.37735,84.087967,85.467796,85.467796,379391982
2024-04-23,85.467796,85.90683,84.179588,85.108002,85.108002,315895462
2024-04-24,85.107826,87.638771,82.431122,83.163177,83.163177,520985490
2024-04-25,83.166,85.020462,82.157448,83.798103,83.798103,455920818
2024-04-26,83.798103,88.488274,83.213669,87.992081,87.992081,600181600
2024-04-27,87.991898,88.360016,83.35038,83.882629,83.882629,431405902
2024-04-28,83.882629,85.363808,83.702888,83.952034,83.952034,297363904
2024-04-29,83.952682,85.481102,81.940971,83.515251,83.515251,384053398
2024-04-30,83.514412,84.445656,77.615334,79.495316,79.495316,409800293
2024-05-01,79.495338,80.695045,74.917747,80.095863,80.095863,465312453
2024-05-02,80.095863,81.140411,78.660805,80.122772,80.122772,313083456
2024-05-03,80.122772,82.598335,79.455429,81.930138,81.930138,306780202
2024-05-04,81.929993,82.923904,81.645073,81.687035,81.687035,252821970
2024-05-05,81.687035,81.737373,80.54306,81.375572,81.375572,266211647
2024-05-06,81.375359,83.981728,80.237999,80.787651,80.787651,401251818
2024-05-07,80.78756,82.540146,80.02095,80.817924,80.817924,334396236
2024-05-08,80.818169,82.10762,79.409798,81.636353,81.636353,362774817
2024-05-09,81.636353,83.071136,80.76738,83.056221,83.056221,301587301
2024-05-10,83.057304,83.422516,79.679558,80.226929,80.226929,314299445
2024-05-11,80.226959,82.189949,80.22377,81.345299,81.345299,239865771
2024-05-12,81.347336,82.101158,80.951012,81.382782,81.382782,199954369
2024-05-13,81.382812,82.464737,79.070953,80.601341,80.601341,335695526
2024-05-14,80.601257,81.170593,78.669899,78.731247,78.731247,391753723
2024-05-15,78.731339,82.784592,78.317101,82.534523,82.534523,377340508
2024-05-16,82.5345,83.187836,81.492264,82.457687,82.457687,324211603
2024-05-17,82.456741,84.219322,82.000473,84.185486,84.185486,315118606
2024-05-18,84.185486,84.616539,83.626663,83.866615,83.866615,250565475
2024-05-19,83.866646,84.377007,81.861725,82.221214,82.221214,245911982
2024-05-20,82.221214,88.994904,82.220566,88.600945,88.600945,488444835
2024-05-21,88.601578,89.417999,87.071083,88.213181,88.213181,626800539
2024-05-22,88.21331,88.4086,85.047371,85.714882,85.714882,456965594
2024-05-23,85.714882,87.718399,81.873505,85.415604,85.415604,705291984
2024-05-24,85.415604,86.333282,84.143394,84.981606,84.981606,454791324
2024-05-25,84.981812,85.88945,84.516197,84.980858,84.980858,262450587
2024-05-26,84.980896,85.212601,83.623199,83.899925,83.899925,260785016
2024-05-27,83.899925,86.317238,83.854958,85.212181,85.212181,332515348
2024-05-28,85.212181,85.395294,82.173676,83.39978,83.39978,406136903
2024-05-29,83.39975,84.081863,82.727348,83.481499,83.481499,325029291
2024-05-30,83.481628,85.428825,81.968208,84.41935,84.41935,374103585
2024-05-31,84.41935,84.592133,82.151497,83.238518,83.238518,311113104
2024-06-01,83.238518,83.640167,82.909187,83.434013,83.434013,199228313
2024-06-02,83.433708,83.433708,82.219772,83.053757,83.053757,260625536
2024-06-03,83.053757,84.161095,82.729958,82.798363,82.798363,323671050
2024-06-04,82.79937,83.656044,81.222527,83.655457,83.655457,322575434
2024-06-05,83.655457,85.428101,83.587341,85.413132,85.413132,298932207
2024-06-06,85.413132,85.734612,84.181122,84.181122,84.181122,303021855
2024-06-07,84.18129,84.804031,76.523254,80.088684,80.088684,591251891
2024-06-08,80.086105,80.391396,79.045731,79.994102,79.994102,284518077
2024-06-09,79.993134,80.677368,79.572723,80.510002,80.510002,286027438
2024-06-10,80.510674,80.510674,79.138863,79.602325,79.602325,345564925
2024-06-11,79.606644,79.640701,76.142433,77.281952,77.281952,566945767
2024-06-12,77.287254,79.190559,76.53653,78.469414,78.469414,391170592
2024-06-13,78.471893,79.71875,77.435272,79.143242,79.143242,348470946
2024-06-14,79.141632,80.171265,76.529984,77.542374,77.542374,377573766
2024-06-15,77.54187,79.349846,77.490921,79.196426,79.196426,235783709
2024-06-16,79.197708,80.002747,78.609398,78.905937,78.905937,213769033
2024-06-17,78.908035,79.160629,75.337883,76.626091,76.626091,374224288
2024-06-18,76.619247,76.67543,70.870773,72.616463,72.616463,615015988
2024-06-19,72.614571,74.879639,72.548477,73.703514,73.703514,294923125
2024-06-20,73.703514,75.292023,73.291885,74.708763,74.708763,328191289
2024-06-21,74.695091,74.695091,72.362633,74.114372,74.114372,357955358
2024-06-22,74.113251,74.821632,73.600838,74.549248,74.549248,197490888
2024-06-23,74.548767,74.961006,73.373917,73.380127,73.380127,210095112
2024-06-24,73.37001,73.37001,67.92466,69.689819,69.689819,535404321
2024-06-25,69.687523,71.911362,69.442513,71.364861,71.364861,313829290
2024-06-26,71.363998,71.903458,70.532585,70.9636,70.9636,276567055
2024-06-27,70.959732,73.188126,70.541176,73.123543,73.123543,274414769
2024-06-28,73.126945,74.548218,72.604851,72.765137,72.765137,366036150
2024-06-29,72.767708,76.595337,72.767708,74.92382,74.92382,295661343
2024-06-30,74.911057,75.804184,74.089035,75.279999,75.279999,284483188
2024-07-01,75.270493,75.802681,74.189568,74.340248,74.340248,258562233
2024-07-02,74.338417,76.042,74.236229,75.863907,75.863907,226870728
2024-07-03,75.869843,76.066666,71.811661,72.07505,72.07505,395211144
2024-07-04,72.065887,72.294716,65.211349,65.315697,65.315697,449109396
2024-07-05,65.308617,65.398636,57.513309,61.887257,61.887257,714310543
2024-07-06,61.887772,65.580559,61.595318,65.43029,65.43029,266484568
2024-07-07,65.429436,65.534492,61.724735,62.062256,62.062256,239300654
2024-07-08,62.061871,66.134888,59.440605,64.869331,64.869331,397070221
2024-07-09,64.86528,66.1782,64.360031,65.316864,65.316864,227402086
2024-07-10,65.317078,67.195724,64.584305,66.938148,66.938148,235892135
2024-07-11,66.940315,69.083244,66.582932,67.435982,67.435982,255074186
2024-07-12,67.4319,69.343994,66.875702,69.275726,69.275726,308924534
2024-07-13,69.277061,70.576851,69.253845,69.851257,69.851257,236979172
2024-07-14,69.845215,70.503105,69.344749,69.966858,69.966858,229260943
2024-07-15,69.975571,72.510933,69.817932,72.455849,72.455849,353497138
2024-07-16,72.434692,73.991928,70.598679,73.201447,73.201447,382767108
2024-07-17,73.207596,74.194038,71.341942,71.420448,71.420448,299830129
2024-07-18,71.416466,72.885849,70.711319,71.610229,71.610229,249796825
2024-07-19,71.60865,74.111053,69.776512,73.456703,73.456703,316824843
2024-07-20,73.456818,73.855354,72.489876,73.073494,73.073494,215480330
2024-07-21,73.07354,74.043098,71.614937,73.988525,73.988525,255675000
2024-07-22,73.988617,74.545387,70.892784,71.307938,71.307938,476945507
2024-07-23,71.307938,73.003502,70.647583,72.930161,72.930161,310802776
2024-07-24,72.931587,73.622627,70.889107,71.24752,71.24752,253444139
2024-07-25,71.248405,71.61515,67.394051,68.854759,68.854759,375680971
2024-07-26,68.855293,71.660423,68.810692,71.333107,71.333107,243237326
2024-07-27,71.333313,72.277946,70.569809,71.362938,71.362938,243026963
2024-07-28,71.362129,71.722603,70.442711,71.128441,71.128441,187721468
2024-07-29,71.128685,76.616226,71.094582,73.749481,73.749481,462935071
2024-07-30,73.748055,74.484985,71.386292,71.685204,71.685204,259291619
2024-07-31,71.685204,72.838882,70.114349,70.190422,70.190422,257603953
2024-08-01,70.191086,71.383339,66.368935,69.56617,69.56617,343996932
2024-08-02,69.565987,69.822922,64.320305,64.991119,64.991119,339170811
2024-08-03,64.991676,66.288132,62.748089,64.604225,64.604225,297433385
2024-08-04,64.603889,65.132408,60.656128,62.396122,62.396122,281214196
2024-08-05,62.396214,62.491745,50.429405,56.213379,56.213379,1092702214
2024-08-06,56.212059,59.258076,56.149593,58.263363,58.263363,349503018
2024-08-07,58.263172,59.510571,55.549072,55.98391,55.98391,367194429
2024-08-08,55.983974,61.843304,55.369366,61.223553,61.223553,294496934
2024-08-09,61.225414,61.234879,59.505371,60.742867,60.742867,246443804
2024-08-10,60.74297,61.501312,60.221748,61.174854,61.174854,176462072
2024-08-11,61.176109,62.307144,59.047203,59.706982,59.706982,233911051
2024-08-12,59.707371,61.991829,59.417652,61.466908,61.466908,299287490
2024-08-13,61.466908,63.432693,61.264305,63.41338,63.41338,255498754
2024-08-14,63.417381,64.664711,62.841465,64.017326,64.017326,263275082
2024-08-15,64.017426,66.827744,63.682274,65.276924,65.276924,391715001
2024-08-16,65.276924,66.723709,64.503281,66.568558,66.568558,324517098
2024-08-17,66.568558,67.832535,65.972527,67.583611,67.583611,205601591
2024-08-18,67.583801,68.104019,66.220505,66.383362,66.383362,222494748
2024-08-19,66.381859,67.403084,66.068535,66.368103,66.368103,256252677
2024-08-20,66.368309,67.278702,63.346378,64.480011,64.480011,285075432
2024-08-21,64.479836,64.719101,62.149853,64.281448,64.281448,309111692
2024-08-22,64.281143,64.323967,62.663166,63.830376,63.830376,245199798
2024-08-23,63.831142,66.777687,63.647522,66.200844,66.200844,278557924
2024-08-24,66.200981,67.983994,65.531532,66.578659,66.578659,234226298
2024-08-25,66.581314,66.835098,64.591614,64.846954,64.846954,233579393
2024-08-26,64.846954,65.080284,63.153942,63.174961,63.174961,246877104
2024-08-27,63.174961,63.94175,59.499466,60.463036,60.463036,284396748
2024-08-28,60.463036,62.320957,59.628807,61.80204,61.80204,295624638
2024-08-29,61.80032,63.851608,61.224091,62.483681,62.483681,336726050
2024-08-30,62.485291,65.364815,61.745369,64.975525,64.975525,324286731
2024-08-31,64.97525,66.371712,64.907547,65.05883,65.05883,230541644
2024-09-01,65.058929,65.065918,63.088341,63.52634,63.52634,223244709
2024-09-02,63.52692,65.645966,62.696014,65.308998,65.308998,257230043
2024-09-03,65.30941,66.295509,64.422668,64.422668,64.422668,241196620
2024-09-04,64.421242,66.166595,62.744938,65.427345,65.427345,320527127
2024-09-05,65.427429,68.355988,64.487724,66.082581,66.082581,426596399
2024-09-06,66.082893,66.755722,61.501209,63.002007,63.002007,374017227
2024-09-07,63.002007,64.089729,61.755295,62.086559,62.086559,246272609
2024-09-08,62.086853,62.261154,60.141632,60.895454,60.895454,259629922
2024-09-09,60.896397,61.733353,59.786652,61.419647,61.419647,345619612
2024-09-10,61.418522,61.75275,60.393341,61.546448,61.546448,260893434
2024-09-11,61.546116,62.399754,60.239319,62.187168,62.187168,302925854
2024-09-12,62.187168,63.11039,61.551613,62.845119,62.845119,231453624
2024-09-13,62.845119,64.992561,62.45269,64.979485,64.979485,248433624
2024-09-14,64.979485,66.733978,64.963348,65.975227,65.975227,243105165
2024-09-15,65.975227,66.291161,63.141464,63.336693,63.336693,205909250
2024-09-16,63.336693,63.721615,62.145054,62.585892,62.585892,244928541
2024-09-17,62.585766,64.000069,62.017254,63.743195,63.743195,272258838
2024-09-18,63.743832,64.767281,62.495819,64.76133,64.76133,310968399
2024-09-19,64.760391,66.02198,64.760391,65.444542,65.444542,296760652
2024-09-20,65.44487,66.40876,64.432281,65.278564,65.278564,290835716
2024-09-21,65.278847,67.114052,64.887108,66.942825,66.942825,213651825
2024-09-22,66.942734,68.73761,66.599373,68.598427,68.598427,283357159
2024-09-23,68.598427,69.267014,66.755531,67.024902,67.024902,296739054
2024-09-24,67.025085,67.134621,65.836838,66.720383,66.720383,260127617
2024-09-25,66.720146,67.77375,66.002609,66.588097,66.588097,250660877
2024-09-26,66.587624,68.519203,65.75457,68.518311,68.518311,291077284
2024-09-27,68.518311,71.196579,68.395325,71.188202,71.188202,316406296
2024-09-28,71.186371,71.461914,69.084473,70.003967,70.003967,260685823
2024-09-29,70.003517,70.257927,68.628403,69.314423,69.314423,220926144
2024-09-30,69.314308,69.321297,66.454277,66.82045,66.82045,300374349
2024-10-01,66.820259,68.517387,62.442696,63.424938,63.424938,395586913
2024-10-02,63.424107,64.735512,62.400681,62.954258,62.954258,318776691
2024-10-03,62.954258,63.93829,62.120785,63.454109,63.454109,294933538
2024-10-04,63.454128,65.143227,63.387962,64.943146,64.943146,216190011
2024-10-05,64.943138,66.275566,64.836784,66.272148,66.272148,192454685
2024-10-06,66.272148,67.598999,66.170181,67.068306,67.068306,201634058
2024-10-07,67.068306,67.885811,64.600037,64.772972,64.772972,288447077
2024-10-08,64.773697,66.089722,64.649895,65.647629,65.647629,231603117
2024-10-09,65.646172,65.890762,64.149696,64.548935,64.548935,237702418
2024-10-10,64.547882,64.986359,63.421295,64.243614,64.243614,220488940
2024-10-11,64.243706,65.845825,64.242348,65.504883,65.504883,198224592
2024-10-12,65.505272,66.608131,65.137047,66.211685,66.211685,167873811
2024-10-13,66.211136,66.249878,64.497467,64.756927,64.756927,183505571
2024-10-14,64.756737,67.242065,64.20092,66.805885,66.805885,316391805
2024-10-15,66.80616,71.461395,65.559006,70.873611,70.873611,726572236
2024-10-16,70.87262,72.848381,69.424721,70.070206,70.070206,516569125
2024-10-17,70.071701,73.902206,70.017136,72.741005,72.741005,416852906
2024-10-18,72.744286,74.695778,71.913704,73.129723,73.129723,381814830
2024-10-19,73.129723,75.878502,73.114777,74.876564,74.876564,275571744
2024-10-20,74.877007,75.592072,73.708435,74.312317,74.312317,267425993
2024-10-21,74.311974,74.506432,70.494667,70.724983,70.724983,335343556
2024-10-22,70.724983,71.454742,69.412979,69.928459,69.928459,398707379
2024-10-23,69.928192,70.201195,67.913895,70.156418,70.156418,268108203
2024-10-24,70.040245,71.259644,69.290573,71.084976,71.084976,244903575
2024-10-25,71.084778,72.191353,67.393707,68.646118,68.646118,335176505
2024-10-26,68.646133,69.514038,68.141312,68.39888,68.39888,231712158
2024-10-27,68.398979,71.090942,68.011848,71.079895,71.079895,197424384
2024-10-28,71.077248,71.443359,69.69735,70.717972,70.717972,284589804
2024-10-29,70.718063,74.268105,70.717087,73.977661,73.977661,343094196
2024-10-30,73.977844,74.141449,71.529144,71.840622,71.840622,262974545
2024-10-31,71.840622,71.950844,68.523491,69.204643,69.204643,300368043
2024-11-01,69.204071,70.935547,67.790916,70.206955,70.206955,326016919
2024-11-02,70.206924,71.188354,69.014763,69.128365,69.128365,217833777
2024-11-03,69.129601,69.230209,65.528732,66.911102,66.911102,295584618
2024-11-04,66.911636,67.604088,64.641953,65.492516,65.492516,275984609
2024-11-05,65.492714,67.219734,65.195305,65.440475,65.440475,324532216
2024-11-06,65.440727,71.510429,65.436874,71.023445,71.023445,623921567
2024-11-07,71.023628,72.350883,70.045509,71.493713,71.493713,387639215
2024-11-08,71.49369,73.026367,70.842865,72.804688,72.804688,379197013
2024-11-09,72.803207,74.14164,71.794739,74.063515,74.063515,339509424
2024-11-10,74.063515,78.206596,73.828484,76.523125,76.523125,807368526
2024-11-11,76.523125,80.175186,74.82251,80.119392,80.119392,1262708979
2024-11-12,80.119392,82.560684,74.36824,76.93087,76.93087,1322213373
2024-11-13,76.928291,77.834824,72.059525,75.447517,75.447517,985219056
2024-11-14,75.447495,84.401421,74.461113,82.0662,82.0662,1829780387
2024-11-15,82.068237,87.053535,79.085754,83.69957,83.69957,1239617781
2024-11-16,83.69957,97.889313,83.033119,95.321449,95.321449,2147085221
2024-11-17,95.318718,96.929092,85.191284,87.056503,87.056503,1334923131
2024-11-18,87.056915,94.329132,86.67804,89.177689,89.177689,1360023719
2024-11-19,89.178337,89.983414,85.391716,86.820526,86.820526,857872216
2024-11-20,86.819801,87.696846,82.617241,83.370949,83.370949,813559484
2024-11-21,83.372971,90.932907,81.878601,89.538345,89.538345,1267955013
2024-11-22,89.544968,92.360901,88.168373,92.07103,92.07103,1071379018
2024-11-23,92.070915,105.69183,92.070915,99.391197,99.391197,2506682590
2024-11-24,99.391289,102.70941,92.369156,96.949509,96.949509,1275314163
2024-11-25,96.949371,98.965027,91.403152,92.363762,92.363762,995234778
2024-11-26,92.359818,95.094948,88.284294,93.044876,93.044876,863238776
2024-11-27,93.043198,98.994827,91.775742,97.276321,97.276321,836699475
2024-11-28,97.278313,98.290451,93.849815,95.660309,95.660309,590244817
2024-11-29,95.660507,104.40586,94.868202,104.03567,104.03567,860277102
2024-11-30,104.03793,104.65581,100.57648,102.66781,102.66781,807205071
2024-12-01,102.66685,120.9921,99.650169,119.8652,119.8652,1939653658
2024-12-02,119.86567,139.02486,115.52821,133.26752,133.26752,4378946142
2024-12-03,133.27036,134.55455,123.5246,131.79187,131.79187,2437321820
2024-12-04,131.7917,135.07838,122.29574,134.24739,134.24739,1927342283
2024-12-05,134.24854,146.60947,125.57722,135.28972,135.28972,2939455553
2024-12-06,136.15509,138.82379,130.90408,136.23871,136.23871,1390423679
2024-12-07,136.23871,138.5782,132.20195,133.84982,133.84982,1038566675
2024-12-08,133.85188,135.29349,130.4404,135.17453,135.17453,841654335
2024-12-09,135.17412,135.17412,104.13651,110.84188,110.84188,2034241556
2024-12-10,110.83819,114.7227,101.69247,109.8657,109.8657,2037589188
2024-12-11,109.86618,118.58147,106.50914,117.53139,117.53139,1164954184
2024-12-12,117.53033,124.9249,116.76867,119.26687,119.26687,1343188269
2024-12-13,119.27,124.77325,117.44319,124.18071,124.18071,1094565816
2024-12-14,124.18071,124.9725,115.5995,118.18442,118.18442,791737586
2024-12-15,118.18503,122.00163,114.92382,121.13903,121.13903,762696903
2024-12-16,121.14262,123.5196,115.61851,118.15115,118.15115,1084943495
2024-12-17,118.15097,130.58755,114.82483,124.76041,124.76041,1775923471
2024-12-18,124.76174,128.51418,108.51541,108.54095,108.54095,1958584697
2024-12-19,108.5435,111.42552,95.208153,99.685699,99.685699,1683552328
2024-12-20,99.684929,103.02344,86.887138,101.36201,101.36201,1435726361
2024-12-21,101.3634,105.82721,98.250137,101.46427,101.46427,898120489
2024-12-22,101.45757,103.70295,97.071487,99.564056,99.564056,661472495
2024-12-23,99.575829,107.33769,98.171066,106.53766,106.53766,853944667
2024-12-24,106.5406,110.5843,104.00266,108.32438,108.32438,635428194
2024-12-25,108.32471,110.30266,107.16,109.57796,109.57796,486255392
2024-12-26,109.57694,110.12512,101.15778,102.14168,102.14168,571420833
2024-12-27,102.14069,106.13685,99.745293,100.31396,100.31396,538853959
2024-12-28,100.31675,101.44341,98.678452,100.58468,100.58468,379869204
2024-12-29,100.58387,101.37926,96.837448,98.275055,98.275055,400071703
2024-12-30,98.275032,102.72205,97.574776,99.309219,99.309219,594835260
2024-12-31,99.314224,104.49745,97.814713,103.06851,103.06851,493712848
2025-01-01,103.06864,107.72876,102.08669,104.81209,104.81209,532072625
2025-01-02,104.81171,107.70021,104.62228,105.08982,105.08982,628792957
2025-01-03,105.0901,114.67106,104.18689,112.68725,112.68725,638586297
2025-01-04,112.68858,112.72619,110.31646,111.16759,111.16759,435541346
2025-01-05,111.16714,116.04696,110.6994,115.46583,115.46583,481946519
2025-01-06,115.46616,116.90952,111.75954,114.01073,114.01073,715869331
2025-01-07,114.01122,114.75484,102.33089,102.83799,102.83799,858089236
2025-01-08,102.83752,104.8566,97.751274,101.49867,101.49867,697152698
2025-01-09,101.49867,105.68768,100.38447,102.26555,102.26555,663913513
2025-01-10,102.26511,106.1594,102.20291,104.01673,104.01673,569619939
2025-01-11,104.01673,104.84367,102.19261,104.3747,104.3747,372059719
2025-01-12,104.37247,105.12775,101.48238,102.35241,102.35241,355892863
2025-01-13,102.35053,104.20749,93.147041,98.462181,98.462181,679177204
2025-01-14,98.46151,102.45131,97.685318,102.41369,102.41369,438225096
2025-01-15,102.4141,118.31262,100.89743,117.2108,117.2108,1150190542
2025-01-16,117.22245,129.68501,114.62859,124.29759,124.29759,2349272554
2025-01-17,124.29691,140.61679,124.29653,136.99023,136.99023,2079115778
2025-01-18,136.98946,138.97385,123.34905,125.40595,125.40595,1424136216
2025-01-19,125.40585,128.32504,112.29077,115.334,115.334,1622033651
2025-01-20,115.32475,125.77989,113.34946,118.42408,118.42408,1624807420
2025-01-21,118.42768,124.48506,113.78015,118.90388,118.90388,961440834
2025-01-22,118.9052,120.09255,114.49641,115.24545,115.24545,602604724
2025-01-23,115.24545,116.91871,111.43823,116.50757,116.50757,692580468
2025-01-24,116.5067,122.67865,113.20506,118.69554,118.69554,1030649407
2025-01-25,118.69833,129.04582,118.55207,123.98307,123.98307,1228083983
2025-01-26,123.98795,124.85203,117.20661,117.20661,117.20661,626299165
2025-01-27,117.20271,117.71219,106.55506,114.8987,114.8987,1063367632
2025-01-28,114.90412,116.88209,109.39889,110.22003,110.22003,652725828
2025-01-29,110.2208,118.95045,110.00134,115.69034,115.69034,738092056
2025-01-30,115.69006,133.6295,114.47339,129.91165,129.91165,1621653177
2025-01-31,129.90988,134.53957,125.59959,128.01291,128.01291,1048380061
2025-02-01,128.01392,131.09091,118.0477,118.91511,118.91511,983459679
2025-02-02,118.91496,121.23682,105.12375,109.48184,109.48184,1287044634
2025-02-03,109.48341,109.4893,85.307365,106.95283,106.95283,2397646501
2025-02-04,106.95283,108.5711,98.804276,101.45013,101.45013,985577467
2025-02-05,101.44994,108.83069,100.7258,103.3877,103.3877,771171988
2025-02-06,103.3877,109.2944,99.825974,101.68909,101.68909,881265474
2025-02-07,101.68404,107.8052,100.7951,103.21641,103.21641,811277196
2025-02-08,103.21774,105.10612,102.03209,104.6851,104.6851,501350634
2025-02-09,104.68413,109.00013,102.51841,107.4587,107.4587,623178747
2025-02-10,107.45924,121.71173,107.29494,120.08202,120.08202,1528523943
2025-02-11,120.08803,131.64156,118.28966,119.69583,119.69583,1985970457
2025-02-12,119.69592,124.47865,112.32293,122.04392,122.04392,1392547068
2025-02-13,122.04375,129.00433,119.3354,126.31778,126.31778,1368690456
2025-02-14,126.32027,133.58102,124.80476,125.12674,125.12674,1541689997
2025-02-15,125.12339,134.51234,124.56686,133.84044,133.84044,1346292179
2025-02-16,133.84663,137.17133,125.26655,125.55438,125.55438,1226603117
2025-02-17,125.55278,128.56538,120.5263,122.30785,122.30785,1088409484
2025-02-18,122.30736,129.51433,120.32439,129.49008,129.49008,1333528584
2025-02-19,129.4951,139.414,129.49472,135.21471,135.21471,1800586289
2025-02-20,135.20071,135.20355,126.31468,130.60191,130.60191,1363354948
2025-02-21,130.60342,139.85905,123.93377,128.05028,128.05028,2157310257
2025-02-22,128.05095,130.95367,125.83778,126.05923,126.05923,882754016
2025-02-23,126.05711,130.13835,125.40063,129.94188,129.94188,606417516
2025-02-24,129.93982,130.25696,113.86596,114.46143,114.46143,1208689964
2025-02-25,114.46385,116.80305,107.50932,114.61451,114.61451,1495685860
2025-02-26,114.61364,128.13632,114.15335,124.62174,124.62174,1963281558
2025-02-27,124.6332,131.72025,121.8619,126.77029,126.77029,1643976096
2025-02-28,126.77039,129.39287,114.34692,127.96198,127.96198,2011445432
2025-03-01,127.96327,130.26738,123.18787,124.26994,124.26994,805254661
2025-03-02,124.27044,129.27155,118.43245,127.49489,127.49489,1566031140
2025-03-03,127.4944,130.03572,107.10387,109.94984,109.94984,1644681694
2025-03-04,109.94981,110.75365,94.650436,103.70934,103.70934,1605915631
2025-03-05,103.6998,106.62614,100.85635,104.73208,104.73208,749010490
2025-03-06,104.73486,112.85941,102.27267,103.3981,103.3981,991239117
2025-03-07,103.39809,106.5116,98.037186,103.48184,103.48184,976368252
2025-03-08,103.49061,108.21886,102.07648,102.25265,102.25265,625236444
2025-03-09,102.25475,102.58418,93.997925,94.471039,94.471039,774058349
2025-03-10,94.471382,98.764847,86.639145,87.557991,87.557991,1003972797
2025-03-11,87.555603,92.994759,83.872429,90.332718,90.332718,960802515
2025-03-12,90.33271,92.558571,87.680321,91.489655,91.489655,591598868
2025-03-13,91.489655,91.656181,86.411102,88.030502,88.030502,522721551
2025-03-14,88.028236,92.713287,87.922585,91.333908,91.333908,495040756
2025-03-15,91.332466,94.104698,91.081116,92.54055,92.54055,446857353
2025-03-16,92.540771,92.617043,88.659286,90.349358,90.349358,452344718
2025-03-17,90.349228,94.276146,90.308281,92.363617,92.363617,682772839
2025-03-18,92.363365,92.363365,87.341133,90.082695,90.082695,521781987
2025-03-19,90.082596,94.137688,89.459305,94.050446,94.050446,609241860
2025-03-20,94.063133,94.411552,90.243187,93.282623,93.282623,470588105
2025-03-21,93.280952,93.818489,90.933357,90.933357,90.933357,417713987
2025-03-22,90.933388,92.147591,90.500153,91.257545,91.257545,298814287
2025-03-23,91.25753,92.943474,90.779785,91.415352,91.415352,310565424
2025-03-24,91.414482,95.51638,90.958366,93.674507,93.674507,543202292
2025-03-25,93.673111,94.662086,92.073326,94.449547,94.449547,416701792
2025-03-26,94.449181,96.470108,91.231766,92.336746,92.336746,490084182
2025-03-27,92.336845,94.976891,92.316452,92.823479,92.823479,385090771
2025-03-28,92.822952,93.353737,85.852051,87.396629,87.396629,533689886
2025-03-29,87.396591,87.929581,84.464684,85.448753,85.448753,393958821
2025-03-30,85.448395,86.756004,84.829887,86.003471,86.003471,304673706
2025-03-31,86.003479,86.161484,81.01516,83.033501,83.033501,490698699
2025-04-01,83.033813,85.839249,82.958771,84.488823,84.488823,365025852
2025-04-02,84.487946,88.073082,81.169495,81.758881,81.758881,689988277
2025-04-03,81.759773,84.573593,80.362152,83.325066,83.325066,513143317
2025-04-04,83.325027,84.96299,81.795151,84.417725,84.417725,447174201
2025-04-05,84.418518,84.877892,81.797729,82.711456,82.711456,236343177
2025-04-06,82.711197,82.997406,68.641136,70.428543,70.428543,657828967
2025-04-07,70.428658,72.354675,63.751862,70.965164,70.965164,1102503251
2025-04-08,70.970978,73.403198,68.422302,69.093231,69.093231,520346488
2025-04-09,69.093613,78.02639,66.733704,76.011818,76.011818,775644355
2025-04-10,76.013443,76.014595,71.307945,73.724831,73.724831,443121281
2025-04-11,73.727127,77.393791,73.727127,76.214218,76.214218,396930539
2025-04-12,76.212631,79.976677,74.937393,78.596924,78.596924,364154969
2025-04-13,78.598099,79.931862,76.969933,77.784248,77.784248,381467151
2025-04-14,77.783386,80.132851,75.946724,77.076431,77.076431,418704418
2025-04-15,77.07637,78.614517,74.848618,75.405632,75.405632,331081560
2025-04-16,75.405304,76.445671,73.615593,74.311646,74.311646,397457521
2025-04-17,74.311646,76.443848,73.766006,74.880203,74.880203,326332046
2025-04-18,74.884102,76.984795,74.66256,75.98806,75.98806,266957995
2025-04-19,75.98806,76.678734,75.045776,76.126816,76.126816,252451132
2025-04-20,76.126816,78.342171,75.485672,77.748589,77.748589,261707695
2025-04-21,77.748589,81.492622,77.481041,78.047279,78.047279,410886865
2025-04-22,78.047607,84.475479,77.728767,83.408302,83.408302,507393527
2025-04-23,83.408302,85.12458,82.444511,83.225151,83.225151,526977935
2025-04-24,83.225311,84.525085,80.934685,84.331688,84.331688,400748481
2025-04-25,84.331825,87.234718,83.059242,86.328041,86.328041,419900402
2025-04-26,86.328934,88.034851,85.430519,87.106789,87.106789,318675801
2025-04-27,87.106979,87.570862,84.731789,85.534653,85.534653,308737031
2025-04-28,85.532524,88.016304,83.931183,85.731476,85.731476,413999132
2025-04-29,85.731216,87.240845,84.693886,85.471649,85.471649,422993505
2025-04-30,85.471611,86.530411,81.770943,83.513466,83.513466,412774299
2025-05-01,83.515221,90.875664,83.472443,88.925636,88.925636,476506479
2025-05-02,88.929634,90.86631,87.341408,87.999435,87.999435,377793683
2025-05-03,87.999222,88.001839,85.815338,86.672165,86.672165,249936836
2025-05-04,86.67157,86.866203,84.941833,85.023941,85.023941,311019376
2025-05-05,85.023956,89.354088,82.35894,83.370049,83.370049,568505578
2025-05-06,83.370049,92.360153,81.182426,91.861496,91.861496,649598421
2025-05-07,91.869652,93.201538,87.30938,89.448761,89.448761,783041527
2025-05-08,89.450592,95.190788,89.449455,94.701752,94.701752,778491877
2025-05-09,94.701187,101.33684,93.955658,100.44051,100.44051,830455702
2025-05-10,100.44161,106.14919,100.44126,105.24385,105.24385,834309329
2025-05-11,105.24359,105.64226,98.50721,99.973946,99.973946,648329187
2025-05-12,99.974136,104.79101,98.951904,103.92965,103.92965,876238985
2025-05-13,103.92965,104.89892,99.71328,103.55943,103.55943,756388508
2025-05-14,103.55962,105.06613,98.730125,101.12409,101.12409,685905055
2025-05-15,101.12202,101.82232,95.882576,99.148277,99.148277,655626582
2025-05-16,99.151772,102.10828,98.406418,99.475838,99.475838,484569633
2025-05-17,99.479309,101.07941,95.76722,96.291138,96.291138,503355643
2025-05-18,96.289581,102.23528,96.139275,101.17874,101.17874,529675531
2025-05-19,101.13947,101.13947,94.536331,98.34388,98.34388,559403328
2025-05-20,98.34388,99.539513,92.534561,94.3993,94.3993,704464955
2025-05-21,94.399261,98.281288,93.710617,97.260567,97.260567,652438243
2025-05-22,97.26088,100.88308,97.138115,100.28232,100.28232,689339568
2025-05-23,100.28232,102.82711,94.846962,95.140282,95.140282,683087073
2025-05-24,95.140282,97.767548,95.029007,95.68589,95.68589,362386410
2025-05-25,95.68589,96.036064,93.317795,95.657738,95.657738,373036618
2025-05-26,95.657738,97.571243,94.508606,95.009216,95.009216,359429190
2025-05-27,95.006645,96.982826,93.249069,95.964775,95.964775,461941241
2025-05-28,95.963158,97.428963,93.593643,95.304985,95.304985,409308570
2025-05-29,95.307648,98.579285,93.060966,93.088806,93.088806,523998753
2025-05-30,93.088814,93.839478,85.530312,85.661499,85.661499,676735944
2025-05-31,85.661896,87.882675,83.393089,87.127884,87.127884,420118292
2025-06-01,87.127655,88.70327,86.116638,88.389458,88.389458,302703072
2025-06-02,88.387787,89.939453,87.068466,89.640053,89.640053,367243058
2025-06-03,89.640053,90.561409,88.855911,89.562004,89.562004,347093463
2025-06-04,89.561646,90.96714,87.592911,88.084991,88.084991,330087158
2025-06-05,88.086746,89.084778,82.18512,83.746071,83.746071,442927658
2025-06-06,83.745064,87.68367,83.587723,87.251694,87.251694,380718079
2025-06-07,87.252136,89.313904,86.782837,88.375305,88.375305,288243852
2025-06-08,88.375504,88.584671,86.776588,87.257942,87.257942,297151017
2025-06-09,87.257423,90.764137,86.826912,90.761101,90.761101,419226063
2025-06-10,90.760406,93.399818,89.614174,93.266991,93.266991,438349979
2025-06-11,93.267052,94.005936,90.516945,91.575851,91.575851,474053032
2025-06-12,91.575851,91.793678,86.162178,86.452309,86.452309,394517665
2025-06-13,86.452309,86.605225,81.53981,86.542664,86.542664,518619534
2025-06-14,86.542664,86.877747,84.38018,85.254196,85.254196,275701195
2025-06-15,85.25412,86.545174,85.101173,86.327621,86.327621,256887622
2025-06-16,86.327621,88.892982,85.509262,86.846306,86.846306,374880407
2025-06-17,86.846893,87.696815,82.658234,84.347076,84.347076,429229520
2025-06-18,84.347404,85.582001,83.469284,85.066475,85.066475,341881808
2025-06-19,85.065979,85.841042,84.4048,85.127914,85.127914,305809453
2025-06-20,85.128067,85.924965,81.150002,82.895752,82.895752,383363426
2025-06-21,82.895752,84.086517,79.158653,80.116104,80.116104,323966294
2025-06-22,80.118996,81.985977,76.421524,80.138046,80.138046,474474626
2025-06-23,80.139221,85.38858,79.72673,85.122292,85.122292,421570218
2025-06-24,85.121803,85.338524,83.978218,84.803444,84.803444,315638462
2025-06-25,84.805038,85.414474,84.101875,84.665466,84.665466,342324717
2025-06-26,84.665466,85.892204,83.99733,84.285095,84.285095,341637057
2025-06-27,84.285057,85.603371,83.309799,84.832466,84.832466,320633032
2025-06-28,84.832581,87.342987,84.661125,86.304588,86.304588,274366872
2025-06-29,86.304794,88.355888,85.92717,87.991165,87.991165,277905455
2025-06-30,87.991165,88.245903,84.931732,85.983482,85.983482,350978484
2025-07-01,85.983452,86.778297,82.489136,83.244865,83.244865,378604364
2025-07-02,83.244751,88.444305,83.174545,87.305054,87.305054,445395341
2025-07-03,87.304863,92.104103,87.042984,89.004677,89.004677,664431144
2025-07-04,89.004715,89.203995,85.835617,86.869064,86.869064,443311764
2025-07-05,86.867279,87.812454,85.932472,87.516388,87.516388,246712540
2025-07-06,87.516388,88.349915,86.549004,87.39492,87.39492,284893873
2025-07-07,87.39492,88.198326,85.22538,86.088524,86.088524,389381283
2025-07-08,86.088608,87.939728,85.586761,87.685623,87.685623,336652893
2025-07-09,87.685623,91.319458,87.214203,90.698929,90.698929,532651549
2025-07-10,90.698929,95.13665,90.217819,94.800781,94.800781,567862448
2025-07-11,94.800758,98.111092,92.991943,94.249214,94.249214,832216258
2025-07-12,94.249214,95.371658,90.900955,92.778862,92.778862,495945011
2025-07-13,92.778862,96.773964,92.603775,94.648071,94.648071,479511705
2025-07-14,94.648071,97.817612,94.328384,95.561684,95.561684,654942624
2025-07-15,95.561752,96.656654,91.430038,96.324203,96.324203,677076010
2025-07-16,96.324203,99.878159,95.221779,97.503113,97.503113,740323178
2025-07-17,97.503113,103.47514,95.614594,101.61338,101.61338,1084635926
2025-07-18,101.61276,111.89652,100.21293,101.6703,101.6703,1855244520
2025-07-19,101.67025,113.49438,99.889015,113.44484,113.44484,1366523077
2025-07-20,113.43802,121.29607,110.85593,116.86456,116.86456,1788741762
2025-07-21,116.86456,121.85042,114.8214,115.85136,115.85136,1256762792
2025-07-22,115.85287,119.72758,112.97355,119.72321,119.72321,1289928158
2025-07-23,119.72321,121.89843,109.18414,112.1916,112.1916,1308642897
2025-07-24,112.18927,115.28634,106.98598,112.31223,112.31223,939814899
2025-07-25,112.31223,116.25657,108.65923,113.81567,113.81567,972174923
2025-07-26,113.81546,115.40968,112.18491,113.98575,113.98575,502830524
2025-07-27,113.97541,115.43243,112.63733,114.80377,114.80377,536393875
2025-07-28,114.8036,116.27148,108.50888,108.59438,108.59438,694833022
2025-07-29,108.59674,110.67664,107.03286,108.53234,108.53234,616382447
2025-07-30,108.53234,111.12192,106.57289,110.53425,110.53425,801543068
2025-07-31,110.53425,111.71803,105.96804,106.22357,106.22357,684405941
2025-08-01,106.22247,108.09593,103.7477,106.64381,106.64381,1130900178
2025-08-02,106.64321,109.85328,104.56811,106.23707,106.23707,936925752
2025-08-03,106.23707,111.20708,104.65965,110.46973,110.46973,619301155
2025-08-04,110.46998,121.33966,110.2835,121.20525,121.20525,1214564672
2025-08-05,121.20436,128.78732,119.74081,120.26901,120.26901,1816200417
2025-08-06,120.26873,120.97945,115.29591,119.29515,119.29515,903681272
2025-08-07,119.29482,122.7265,117.57749,122.72581,122.72581,1168601895
2025-08-08,122.72575,126.08,119.70303,123.87101,123.87101,1148348257
2025-08-09,123.87011,126.13383,120.35805,120.4222,120.4222,833424606
2025-08-10,120.42184,125.49438,118.60416,123.79395,123.79395,934579237
2025-08-11,123.79395,127.67213,119.73428,120.28969,120.28969,1370403494
2025-08-12,120.28976,131.75642,118.53737,130.46371,130.46371,1343826519
2025-08-13,130.46371,133.91891,128.74184,130.97704,130.97704,1206662600
2025-08-14,130.97672,133.68826,119.89668,121.29955,121.29955,1374736977
2025-08-15,121.30585,123.15582,116.83715,119.04712,119.04712,874257688
2025-08-16,119.04772,120.94687,117.35563,120.94687,120.94687,563468906
2025-08-17,120.94698,123.22442,119.99161,120.84669,120.84669,648987761
2025-08-18,120.84622,120.94714,115.5621,117.70345,117.70345,749192122
2025-08-19,117.70345,119.02589,112.38814,112.48564,112.48564,757336681
2025-08-20,112.48693,117.02444,112.48587,116.0265,116.0265,681776075
2025-08-21,116.0265,116.99515,113.568,114.64164,114.64164,482258580
2025-08-22,114.64164,123.50634,112.66785,122.79264,122.79264,865400443
2025-08-23,122.79275,123.15912,119.83235,121.34606,121.34606,513144353
2025-08-24,121.35036,124.64083,117.30415,118.19591,118.19591,739400069
2025-08-25,118.19728,118.47305,107.12154,109.44449,109.44449,1051702884
2025-08-26,109.44176,114.69603,109.1099,113.49969,113.49969,675662110
2025-08-27,113.49929,116.12551,112.04985,112.1391,112.1391,639072158
2025-08-28,112.13748,114.53,111.56938,113.75819,113.75819,498513993
2025-08-29,113.75794,113.75794,108.86856,109.91402,109.91402,634205711
2025-08-30,109.91386,111.13255,108.60655,110.8103,110.8103,375821556
2025-08-31,110.8102,111.86898,108.89059,108.90846,108.90846,330538313
2025-09-01,108.90746,111.24774,106.7991,108.54405,108.54405,580389986
2025-09-02,108.54484,112.0551,108.54484,111.67448,111.67448,614989597
2025-09-03,111.67509,113.21361,110.84224,112.95296,112.95296,459682611
2025-09-04,112.95296,113.43308,109.6693,111.09366,111.09366,401689027
2025-09-05,111.09261,114.95744,111.0806,112.10284,112.10284,575953638
2025-09-06,112.10284,112.488,111.29491,112.16635,112.16635,273199193
2025-09-07,112.16653,115.26838,112.16125,115.02294,115.02294,383914303
2025-09-08,115.0242,115.30452,112.03854,112.71385,112.71385,687724220
2025-09-09,112.71477,114.62589,110.95941,111.94291,111.94291,577640276
2025-09-10,111.94308,117.87779,111.60301,117.56956,117.56956,690880713
2025-09-11,117.56827,117.65097,113.49244,115.86507,115.86507,713400215
2025-09-12,115.86517,118.23969,114.9458,118.15469,118.15469,732906569
2025-09-13,118.1562,120.79343,117.63171,119.29096,119.29096,779591173
2025-09-14,119.29078,119.33483,114.10334,115.2027,115.2027,724782000
2025-09-15,115.20227,116.72882,112.38194,113.78031,113.78031,626419211
2025-09-16,113.78041,115.73895,112.2495,115.0352,115.0352,596285131
2025-09-17,115.03548,117.55502,113.48325,117.03032,117.03032,653794448
2025-09-18,117.02937,119.03903,115.08156,118.26287,118.26287,694529748
2025-09-19,118.26516,119.37104,113.53672,114.12753,114.12753,582773714
2025-09-20,114.12723,115.201,113.57085,113.96716,113.96716,355111514
2025-09-21,113.96725,116.17369,113.89693,114.11298,114.11298,410249227
2025-09-22,114.11298,114.39429,104.7634,105.81873,105.81873,876073231
2025-09-23,105.81882,107.22338,104.60342,106.15793,106.15793,523184699
2025-09-24,106.15681,107.60359,105.11365,105.61561,105.61561,589064383
2025-09-25,105.61759,105.84506,100.81879,102.16448,102.16448,672852348
2025-09-26,102.16448,104.89333,101.16644,104.64486,104.64486,473689137
2025-09-27,104.64486,104.95571,103.49834,104.54808,104.54808,286702721
2025-09-28,104.54817,107.12032,102.88084,106.84751,106.84751,344669714
2025-09-29,106.84776,107.33427,105.46658,106.8386,106.8386,499980246
2025-09-30,106.83815,107.55211,104.02042,106.89807,106.89807,489043119
2025-10-01,106.89818,115.24843,105.52689,115.12531,115.12531,825797330
2025-10-02,115.12579,122.45798,115.11648,119.63857,119.63857,1495691962
2025-10-03,119.637,123.96359,116.0281,120.52268,120.52268,1162755610
2025-10-04,120.52319,120.92425,117.69045,120.43743,120.43743,550626645
2025-10-05,120.43706,123.98869,118.55752,118.85699,118.85699,883469730
2025-10-06,118.85718,121.19857,118.26468,118.33409,118.33409,746248182
2025-10-07,118.33362,119.2131,115.56689,117.07423,117.07423,774015896
2025-10-08,117.0744,119.56071,115.64062,118.63648,118.63648,622388433
2025-10-09,118.63589,127.44834,115.66256,125.93397,125.93397,1273616054
2025-10-10,125.9282,135.56294,66.263969,96.627251,96.627251,3795640156
2025-10-11,96.627251,102.40987,90.638283,93.419548,93.419548,2019304084
2025-10-12,93.418854,102.02229,91.98378,98.760643,98.760643,1207205427
2025-10-13,98.772675,101.28065,95.922928,99.57048,99.57048,1304474829
2025-10-14,99.572266,100.3976,92.019302,97.365692,97.365692,1242393333
2025-10-15,97.365921,99.683151,93.557114,95.401215,95.401215,812985564
2025-10-16,95.404999,96.789787,89.972366,91.788643,91.788643,931560855
2025-10-17,91.788338,92.85997,84.548065,90.115898,90.115898,1131196571
2025-10-18,90.118179,92.153419,90.032898,91.702469,91.702469,468168711
2025-10-19,91.702469,94.757996,90.845642,93.283867,93.283867,536008306
2025-10-20,93.289108,95.799568,92.370621,94.114098,94.114098,549774243
2025-10-21,94.095039,96.848465,91.831367,92.690552,92.690552,786338501
2025-10-22,92.689529,94.887039,90.143044,91.920959,91.920959,813155475
2025-10-23,91.920959,94.735092,91.874115,94.043701,94.043701,573637773
2025-10-24,94.043793,97.034676,94.03112,96.413452,96.413452,586259508
2025-10-25,96.414314,97.020241,95.782913,96.98793,96.98793,388705087
2025-10-26,96.988052,100.51624,96.449059,99.96093,99.96093,524114205
2025-10-27,99.961082,102.87415,98.300957,99.37915,99.37915,870204653
2025-10-28,99.379059,106.34301,95.992546,96.724236,96.724236,1767742095
2025-10-29,96.723473,100.59837,96.328072,98.558876,98.558876,931934576
2025-10-30,98.558701,99.671791,90.60453,93.38382,93.38382,837783881
2025-10-31,93.384148,96.180077,93.153442,95.494255,95.494255,603370214
2025-11-01,95.493896,101.75743,95.1166,101.40186,101.40186,771158463
2025-11-02,101.39516,101.39516,97.916466,99.51091,99.51091,701549373
2025-11-03,99.505852,99.666924,86.477074,87.397202,87.397202,1067081583
2025-11-04,87.396927,90.767159,80.098145,85.483665,85.483665,1090634571
2025-11-05,85.48304,89.842072,82.304863,89.555122,89.555122,656549647
2025-11-06,89.55394,89.555725,85.558144,87.000023,87.000023,548991432
2025-11-07,86.999695,104.45752,86.097183,101.78586,101.78586,1531130020
2025-11-08,101.78528,106.15179,98.388428,106.15179,106.15179,1111008507
2025-11-09,106.17696,113.23821,99.160721,110.16724,110.16724,2029738554
2025-11-10,110.17061,111.6038,104.16159,104.20058,104.20058,1234198128
2025-11-11,104.20118,106.50174,99.228653,99.665848,99.665848,921164198
2025-11-12,99.668335,104.02366,95.32373,97.541542,97.541542,1080933289
2025-11-13,97.542366,101.6203,94.177719,96.792564,96.792564,956926925
2025-11-14,96.792564,99.96096,93.9235,97.51413,97.51413,1107096324
2025-11-15,97.51413,109.05708,97.511398,101.76781,101.76781,1126906970
2025-11-16,101.76836,103.23073,94.921631,95.8955,95.8955,781398030
2025-11-17,95.882904,97.483582,90.618195,91.240044,91.240044,784384000
2025-11-18,91.239845,97.350357,90.670624,95.654587,95.654587,808109875
2025-11-19,95.654587,95.829308,88.985893,92.871933,92.871933,689528725
2025-11-20,92.871742,93.538132,86.126068,87.268936,87.268936,678913031
2025-11-21,87.266685,88.422394,80.463669,82.602448,82.602448,1043552599
2025-11-22,82.601982,83.796822,81.00631,82.174629,82.174629,452950906
2025-11-23,82.174103,84.328133,81.908592,82.977539,82.977539,453259049
2025-11-24,82.978378,87.186638,82.264389,85.477417,85.477417,566995168
2025-11-25,85.477531,86.561638,83.302757,85.282166,85.282166,623882901
2025-11-26,85.282265,87.665817,83.478409,86.870491,86.870491,525728835
2025-11-27,86.87027,87.710686,86.126144,86.62722,86.62722,428297943
2025-11-28,86.627396,86.643356,83.376236,84.311989,84.311989,496944485
2025-11-29,84.311234,85.583427,83.294868,84.072723,84.072723,308254769
2025-11-30,84.072807,84.773697,82.555725,82.555725,82.555725,295328497
2025-12-01,82.554588,82.554588,75.006897,77.588867,77.588867,752501913
2025-12-02,77.588867,83.261002,77.408447,82.812523,82.812523,500105423
2025-12-03,82.812813,86.555733,82.633537,85.993408,85.993408,571293063
2025-12-04,85.987709,86.656311,82.375809,83.566437,83.566437,483767759
2025-12-05,83.566628,84.104477,79.832222,80.490646,80.490646,446162340
2025-12-06,80.490448,82.456062,80.000427,81.701767,81.701767,318654513
2025-12-07,81.702011,83.647766,80.030922,81.424065,81.424065,373060719
2025-12-08,81.424095,84.363342,81.150002,83.90387,83.90387,424408411
2025-12-09,83.903687,87.403488,82.573723,86.102013,86.102013,520973416
2025-12-10,86.103134,86.935631,83.885757,84.506859,84.506859,455118837
2025-12-11,84.506004,84.511253,80.463768,82.949966,82.949966,511752649
2025-12-12,82.952843,84.428612,80.665016,81.925217,81.925217,388744300
2025-12-13,81.925217,82.42469,80.994118,81.556175,81.556175,237398812
2025-12-14,81.555779,81.815613,78.181908,78.978348,78.978348,318947661
2025-12-15,78.978729,81.325394,76.156906,77.591728,77.591728,446077598
2025-12-16,77.590736,79.522842,76.958572,79.058838,79.058838,442772969
2025-12-17,79.058838,80.793716,75.278999,75.925575,75.925575,440038460
2025-12-18,75.926056,78.391006,72.755478,74.286316,74.286316,500370942
2025-12-19,74.286316,77.874344,73.68998,77.503525,77.503525,405109931
2025-12-20,77.50351,79.053391,76.454781,77.84877,77.84877,234490174
2025-12-21,77.848671,77.994324,75.572975,76.716003,76.716003,282682030
2025-12-22,76.715904,79.284302,76.372757,76.995308,76.995308,397235170
2025-12-23,76.995308,77.846794,75.632729,76.929955,76.929955,318897668
2025-12-24,76.930573,77.322487,75.327782,75.742493,75.742493,305434352
2025-12-25,75.742462,77.436424,75.439377,75.677475,75.677475,255084241
2025-12-26,75.677437,77.898666,75.658386,76.832779,76.832779,306593764
2025-12-27,76.832779,80.205589,76.764893,80.190605,80.190605,261495744
2025-12-28,80.190445,80.331253,77.864151,78.633163,78.633163,272790073
2025-12-29,78.632736,80.087196,77.018433,78.276489,78.276489,369803795
2025-12-30,78.276077,78.794121,77.709839,78.761627,78.761627,308551347
2025-12-31,78.761627,78.781845,76.050385,76.777306,76.777306,302253326
2026-01-01,76.777969,79.858162,76.635223,79.843811,79.843811,255021763
2026-01-02,79.843346,82.162209,79.020432,81.82328,81.82328,360416066
2026-01-03,81.823479,82.757523,81.006821,82.052773,82.052773,312443399
2026-01-04,82.052773,82.996727,81.76535,82.133148,82.133148,320989435
2026-01-05,82.133675,84.388268,81.624489,83.57547,83.57547,452029892
2026-01-06,83.575287,84.753967,81.291672,83.9468,83.9468,411766696
2026-01-07,83.946701,83.94857,81.109329,81.628616,81.628616,357477681
2026-01-08,81.628616,82.166374,80.089775,81.247337,81.247337,330236986
2026-01-09,81.247742,81.916145,79.992714,81.369362,81.369362,328331156
2026-01-10,81.369865,82.191612,80.742134,81.121048,81.121048,213243077
2026-01-11,81.12011,81.642853,78.613808,78.689507,78.689507,346868302
2026-01-12,78.689507,80.576714,75.771774,76.050217,76.050217,689679296
2026-01-13,76.050217,78.813728,75.424271,78.123917,78.123917,873722670
2026-01-14,78.124405,80.701141,76.29818,76.741356,76.741356,1238753022
2026-01-15,76.740967,76.744751,71.54026,72.12104,72.12104,1081241025
2026-01-16,72.121124,75.955246,71.38726,75.264626,75.264626,683173346
2026-01-17,75.264595,75.91066,73.886147,74.838974,74.838974,340850829
2026-01-18,74.838867,75.830948,72.234245,72.257195,72.257195,368393329
2026-01-19,72.263268,72.264816,68.521431,70.720749,70.720749,703146046
2026-01-20,70.721237,70.974945,66.836609,67.062454,67.062454,535546348
2026-01-21,67.062828,69.559578,66.191887,68.420143,68.420143,509865307
2026-01-22,68.42054,69.505043,67.206406,68.125671,68.125671,336527343
2026-01-23,68.125671,69.43573,67.085869,68.040298,68.040298,344777102
2026-01-24,68.039467,68.837395,67.705437,68.115677,68.115677,212212958
2026-01-25,68.11554,70.187057,65.359627,67.172829,67.172829,489809813
2026-01-26,67.173264,69.961487,67.058861,69.738861,69.738861,380934311
2026-01-27,69.738396,70.19268,68.591286,69.964523,69.964523,318526846
2026-01-28,69.964592,70.078064,68.548302,69.383377,69.383377,311817253
2026-01-29,69.381805,69.382141,64.424103,66.103889,66.103889,439496548
2026-01-30,66.103561,66.264938,63.209511,65.349129,65.349129,646220871
2026-01-31,65.349121,65.369537,56.906326,59.433186,59.433186,801488870
2026-02-01,59.432899,59.813576,57.464073,58.482113,58.482113,507225797
2026-02-02,58.482155,61.060169,56.63702,59.991734,59.991734,555157029
2026-02-03,59.991817,61.127319,56.963879,59.266666,59.266666,498495438
2026-02-04,59.270657,60.85532,57.144363,58.794044,58.794044,511322598
2026-02-05,58.794044,59.227428,50.499771,50.687832,50.687832,886638073
2026-02-06,50.687202,56.30624,46.083118,55.060947,55.060947,895029426
2026-02-07,55.0606,55.904045,52.959927,55.223782,55.223782,511314895
2026-02-08,55.22369,55.670235,53.809738,54.545467,54.545467,324833058
2026-02-09,54.545002,55.011726,52.372311,54.397285,54.397285,348353427
2026-02-10,54.398125,54.566807,52.892681,53.326027,53.326027,289518820
2026-02-11,53.326488,53.657776,51.177502,52.237,52.237,349187081
2026-02-12,52.2369,53.677612,51.61425,53.098179,53.098179,313961951
2026-02-13,53.097797,55.615868,52.391159,55.080509,55.080509,334226925
2026-02-14,55.080276,56.559105,54.913082,56.010582,56.010582,299076293
2026-02-15,56.011181,56.542351,54.273651,55.038193,55.038193,328163745
2026-02-16,55.038013,55.431236,53.381718,55.042183,55.042183,329314319
2026-02-17,55.042282,55.753521,53.31073,53.897327,53.897327,311838533
2026-02-18,53.897415,54.875191,53.002518,53.290188,53.290188,269022807
2026-02-19,53.289997,53.67672,51.573982,52.661591,52.661591,271664517
2026-02-20,52.661591,55.392956,52.661381,55.210484,55.210484,365876773
2026-02-21,55.210514,55.87038,54.831669,54.945824,54.945824,247942759
2026-02-22,54.945915,54.947666,53.018463,53.467232,53.467232,237494898
2026-02-23,53.464546,53.481911,50.966103,51.255573,51.255573,317588549
2026-02-24,51.256634,51.830162,50.356293,51.163261,51.163261,300075205
2026-02-25,51.164139,58.503212,51.093517,56.677147,56.677147,492727284
2026-02-26,56.67503,57.000919,54.514351,55.619682,55.619682,354410839
2026-02-27,55.619774,56.329128,53.737919,54.529472,54.529472,323623303
2026-02-28,54.528648,54.925308,51.580952,54.387661,54.387661,356602878
2026-03-01,54.387661,55.494648,52.546852,53.246262,53.246262,312027903
2026-03-02,53.246346,55.517971,52.994171,54.540585,54.540585,390389774
2026-03-03,54.541523,55.127792,53.096062,54.776108,54.776108,370029257
2026-03-04,54.776108,57.64978,54.386688,56.792614,56.792614,432985743
2026-03-05,56.792614,57.15501,55.138138,55.471489,55.471489,359157991
2026-03-06,55.471573,55.820671,53.152718,53.81081,53.81081,296608685
2026-03-07,53.809307,54.233383,53.32827,53.563412,53.563412,243005020
2026-03-08,53.562775,53.845219,52.145996,52.636494,52.636494,304345236
2026-03-09,52.636494,54.658852,52.573479,53.720394,53.720394,315115156
2026-03-10,53.721439,54.915478,53.48307,53.849331,53.849331,316110848
2026-03-11,53.849064,55.192711,53.62122,54.742794,54.742794,279513671
2026-03-12,54.743671,54.973248,53.887081,54.574989,54.574989,278178765
2026-03-13,54.574711,56.598358,54.535721,55.305935,55.305935,346269516
2026-03-14,55.305908,55.802254,54.429951,55.00079,55.00079,240195212
2026-03-15,55.00079,56.354034,54.749157,56.185833,56.185833,261359342
2026-03-16,56.187218,58.923405,55.859516,58.72369,58.72369,454090668
2026-03-17,58.723495,59.137989,57.398373,58.094673,58.094673,376791396
2026-03-18,58.095062,58.52457,55.415237,56.053482,56.053482,343498586
2026-03-19,56.05368,56.26976,54.700146,55.507347,55.507347,285778078
2026-03-20,55.506958,56.409973,55.265228,56.176323,56.176323,268435837
2026-03-21,56.176655,56.548058,54.640057,54.667313,54.667313,235350864
2026-03-22,54.673855,54.96973,53.098392,53.489571,53.489571,288426839
2026-03-23,53.489761,55.907772,53.36483,55.664776,55.664776,338040837
2026-03-24,55.664581,56.441158,55.107059,56.382774,56.382774,288614366
2026-03-25,56.382858,56.679905,55.904499,56.621643,56.621643,294347644
2026-03-26,56.621643,56.621975,54.217285,54.568012,54.568012,314473137
2026-03-27,54.567898,55.108131,53.355228,53.683521,53.683521,282317429
2026-03-28,53.683201,54.783054,53.35841,53.840645,53.840645,259780951
2026-03-29,53.84063,54.312122,52.56987,53.29501,53.29501,248017423
2026-03-30,53.294662,54.309391,53.075016,53.197754,53.197754,339847736
2026-03-31,53.197033,54.137329,53.142342,53.917908,53.917908,293928216
2026-04-01,53.918324,54.680088,53.805328,53.805855,53.805855,275835213
2026-04-02,53.805748,54.077427,51.478455,52.260174,52.260174,280225201
2026-04-03,52.260174,53.446274,52.173676,53.20805,53.20805,206379608
2026-04-04,53.20723,53.801353,53.015434,53.574547,53.574547,175707279
2026-04-05,53.574547,54.115688,52.642673,54.114513,54.114513,183620530
2026-04-06,54.114513,54.508179,53.292923,53.542976,53.542976,245384697
2026-04-07,53.541855,55.694027,52.956654,55.407417,55.407417,283918771
2026-04-08,55.407162,55.506413,53.912472,53.968433,53.968433,254301221
2026-04-09,53.968433,55.145847,53.699661,54.502483,54.502483,237655046
2026-04-10,54.502533,55.47271,54.286064,54.966801,54.966801,224539500
2026-04-11,54.966896,55.680862,54.415558,55.072063,55.072063,196485613
2026-04-12,55.071671,55.073952,53.416821,53.489849,53.489849,199201840
2026-04-13,53.489849,54.711689,52.703888,54.650387,54.650387,276036236
2026-04-14,54.650192,55.231396,54.052048,54.311543,54.311543,275658398
2026-04-15,54.311638,55.627319,53.889942,55.132885,55.132885,248899392
2026-04-16,55.132885,56.525772,54.676785,56.369068,56.369068,295784323
2026-04-17,56.368858,57.33886,55.397453,56.476791,56.476791,305690674
2026-04-18,56.47718,56.64254,55.317425,55.729435,55.729435,233909397
2026-04-19,55.729622,55.792942,53.987335,54.072124,54.072124,233976494
2026-04-20,54.07222,55.368629,54.053867,55.036503,55.036503,246406332
2026-04-21,55.036121,55.836082,54.726814,55.549175,55.549175,242762274
2026-04-22,55.549809,56.509304,55.52953,55.568554,55.568554,263722817
2026-04-23,55.568554,56.236877,54.975292,56.23465,56.23465,251381797
2026-04-24,56.233852,56.734169,55.807835,56.519524,56.519524,244802426
2026-04-25,56.519524,56.697628,55.973167,56.047924,56.047924,187199544
2026-04-26,56.047924,56.439243,55.803886,56.307533,56.307533,206807978
2026-04-27,56.307442,56.794788,55.111649,55.549923,55.549923,251910874
2026-04-28,55.549923,55.718517,54.784885,55.718464,55.718464,212246070
2026-04-29,55.718369,57.612141,54.437508,55.303509,55.303509,338089706
2026-04-30,55.304337,55.933811,55.006367,55.170101,55.170101,224660906
2026-05-01,55.169258,55.984711,54.982376,55.395008,55.395008,251885628
2026-05-02,55.39481,55.667004,55.091492,55.365639,55.365639,195781109
2026-05-03,55.365463,55.710735,54.900482,55.286594,55.286594,195138866
2026-05-04,55.286804,56.315445,54.926174,54.948448,54.948448,334068230
2026-05-05,54.94986,56.562859,54.877728,56.376831,56.376831,299600799
2026-05-06,56.37682,57.854042,56.187771,56.683311,56.683311,341792374
2026-05-07,56.6824,57.346436,56.167217,56.431557,56.431557,295499669
2026-05-08,56.431557,58.911098,56.157394,58.233158,58.233158,314661149
2026-05-09,58.233158,59.103813,57.672821,58.008904,58.008904,249017480
2026-05-10,58.00901,60.525169,57.707447,60.381748,60.381748,328029676
2026-05-11,60.381748,60.485706,58.187222,58.53215,58.53215,309041426
2026-05-12,58.532223,58.586037,57.093803,58.006672,58.006672,284815414
2026-05-13,58.008232,58.91029,56.336555,56.96645,56.96645,304031761
2026-05-14,56.966557,59.427067,56.657471,58.159058,58.159058,313523692
2026-05-15,58.159153,58.45808,56.489151,57.49334,57.49334,298075417
2026-05-16,57.49334,57.612602,55.61047,56.178093,56.178093,246655147
2026-05-17,56.178093,56.44096,54.01944,54.564796,54.564796,244268225
2026-05-18,54.564705,54.564705,53.229424,54.310062,54.310062,315343861
2026-05-19,54.310062,54.472534,53.573215,54.385937,54.385937,236783709
2026-05-20,54.385967,54.478889,53.29565,53.906731,53.906731,273753027
2026-05-21,53.906803,54.629482,53.366329,54.131657,54.131657,274542485
2026-05-22,54.130527,54.476501,52.347092,52.621891,52.621891,293337535
2026-05-23,52.622147,54.100315,51.775322,53.435867,53.435867,265931024
2026-05-24,53.434811,53.568649,52.039516,52.765041,52.765041,209539208
2026-05-25,52.765774,53.077866,52.46056,52.656631,52.656631,232583143
2026-05-26,52.656631,53.0243,51.611366,51.859898,51.859898,241069248
2026-05-27,51.859997,52.724075,51.692074,51.922619,51.922619,252065091
2026-05-28,51.922504,52.016544,50.341969,51.587639,51.587639,293114697
2026-05-29,51.587662,52.223488,51.239075,51.830482,51.830482,250888377
2026-05-30,51.830479,52.682842,51.805531,52.34655,52.34655,223316329
2026-05-31,52.349583,52.666176,51.395092,52.003757,52.003757,206316979
2026-06-01,52.003265,52.178696,50.111675,50.720573,50.720573,303310345
2026-06-02,50.720573,50.7258,46.450542,46.907112,46.907112,402451348
2026-06-03,46.906635,48.447281,46.861286,47.143551,47.143551,352488746
2026-06-04,47.142769,47.384258,44.693073,45.554485,45.554485,391232099
2026-06-05,45.555305,45.727024,42.124657,43.241554,43.241554,469920301
2026-06-06,43.241573,43.976643,40.765076,41.336964,41.336964,330815380
2026-06-07,41.336975,43.072601,41.216854,42.837921,42.837921,327484995
2026-06-08,42.837921,43.791573,42.132645,43.063995,43.063995,281758611
2026-06-09,43.063709,43.431026,41.904957,43.006329,43.006329,261415257
2026-06-10,43.006329,43.158085,41.302818,41.718655,41.718655,248219678
2026-06-11,41.718765,42.804165,41.710827,42.508427,42.508427,214340988
2026-06-12,42.507999,43.454144,42.170757,43.046124,43.046124,225876016
2026-06-13,43.045994,44.352093,42.987724,44.286201,44.286201,185484725
2026-06-14,44.286201,45.359871,43.752506,45.358803,45.358803,210796666
2026-06-15,45.359329,46.195782,44.816601,45.803589,45.803589,299791970
2026-06-16,45.803589,46.306732,44.553001,45.63327,45.63327,234234290
2026-06-17,45.63327,45.862186,44.471439,44.86039,44.86039,203629911
2026-06-18,44.860504,44.984806,43.015148,43.80323,43.80323,194265553
2026-06-19,43.803131,44.512161,43.212337,44.058811,44.058811,172460528
2026-06-20,44.060558,44.535511,43.782867,44.4907,44.4907,155196443
2026-06-21,44.490799,45.971737,44.401077,44.439747,44.439747,189128869
2026-06-22,44.439838,45.754032,44.320038,44.540558,44.540558,184446407
2026-06-23,44.540546,44.600315,41.813599,42.133804,42.133804,221787112
2026-06-24,42.133793,42.259865,39.387177,41.02338,41.02338,264031026
2026-06-25,41.023373,41.900509,39.552616,40.853039,40.853039,249564225
2026-06-26,40.853039,42.049751,40.064693,41.846115,41.846115,273339064
2026-06-27,41.846218,43.177715,41.690231,42.132332,42.132332,213580575
2026-06-28,42.132397,43.285652,41.883381,42.462593,42.462593,179372390
2026-06-29,42.462086,43.353798,42.142994,43.077484,43.077484,230752765
2026-06-30,43.077126,43.121227,41.549618,41.877335,41.877335,217270918
2026-07-01,41.877926,43.526649,41.176727,42.655479,42.655479,245030399
2026-07-02,42.655441,43.762257,42.409081,43.490246,43.490246,246354222
2026-07-03,43.490246,45.249603,43.1273,44.799492,44.799492,224687112
2026-07-04,44.799709,45.644127,43.995682,44.827072,44.827072,207636094
2026-07-05,44.827072,46.048328,44.054012,45.716084,45.716084,232840523
2026-07-06,45.71994,45.923992,43.81691,44.82526,44.82526,257279654
2026-07-07,44.825359,44.935711,43.752712,43.898998,43.898998,199057503
2026-07-08,43.898533,43.943554,43.193027,43.623161,43.623161,259557825
2026-07-09,43.62352,44.23423,43.440071,43.765083,43.765083,183355588
2026-07-10,43.765629,44.835407,43.582863,44.751579,44.751579,188703753
2026-07-11,44.751625,45.487255,44.599403,44.695614,44.695614,155974384
2026-07-12,44.695217,44.844791,43.966602,43.969948,43.969948,153380886
2026-07-13,43.970177,44.434498,42.935936,43.488796,43.488796,189185700
2026-07-14,43.488899,45.44136,43.40984,45.434525,45.434525,217762060
2026-07-15,45.435589,45.937843,44.624729,45.123379,45.123379,307474247
2026-07-16,45.123058,45.370937,44.343117,44.942398,44.942398,264656558
2026-07-17,44.942402,45.807419,44.116199,45.143532,45.143532,283631032
2026-07-18,45.143101,47.772415,45.057663,47.002655,47.002655,295342758
2026-07-19,47.003639,47.784126,46.710114,47.04229,47.04229,219385203
2026-07-20,47.04213,47.721581,46.429455,47.337593,47.337593,309955094
2026-07-21,47.337704,48.007454,46.68425,46.815903,46.815903,215590993
2026-07-22,46.81604,47.565491,46.333542,47.070957,47.070957,187652402
2026-07-23,47.071121,47.465984,46.237122,46.927826,46.927826,250764343
2026-07-24,46.9277,47.324818,46.005566,46.325607,46.325607,228709166
2026-07-25,46.325203,46.612129,45.778706,46.506744,46.506744,161851928
2026-07-26,46.507656,48.182178,46.478611,47.793957,47.793957,230885222
2026-07-27,47.794506,47.796768,45.962151,45.999119,45.999119,209235225
2026-07-28,45.999516,46.634663,45.902046,46.134525,46.134525,182962017
2026-07-29,46.134544,46.313923,44.352535,45.410442,45.410442,240123243
2026-07-30,45.4105,45.774368,44.919331,45.543644,45.543644,191972049
2026-07-31,45.543659,45.842953,44.178688,44.244831,44.244831,182322239
2026-08-01,44.245014,44.708603,43.671692,44.184437,44.184437,153548958
2026-08-02,44.186188,44.982471,44.15007,44.634689,44.634689,134711917
2026-08-03,44.634514,44.680904,44.008591,44.247856,44.247856,162822248
2026-08-04,44.247574,45.058159,44.049603,44.830284,44.830284,177789074
2026-08-05,44.830177,45.369652,44.723827,45.274605,45.274605,168163718
2026-08-06,45.274628,45.75322,44.768764,45.402657,45.402657,158221602
2026-08-07,45.402023,45.995872,45.295719,45.568085,45.568085,170299410
2026-08-08,45.567043,46.055328,45.450882,45.980061,45.980061,119700372
2026-08-09,45.980076,46.425053,45.400848,45.40329,45.40329,126372772
2026-08-10,45.403622,45.658928,44.996433,45.110874,45.110874,150980083
2026-08-11,45.109669,45.519981,44.94598,45.465885,45.465885,133556568
2026-08-12,45.465309,45.596733,44.701363,44.851692,44.851692,156694638
2026-08-13,44.851467,45.011585,44.612015,44.812222,44.812222,129408890
2026-08-14,44.811867,44.884914,43.378605,43.765976,43.765976,159764280
2026-08-15,43.7663,44.273888,43.638519,44.066128,44.066128,117518381
2026-08-16,44.066463,44.743404,44.045444,44.116589,44.116589,109035062
2026-08-17,44.116879,44.592281,43.821201,44.523277,44.523277,148281866
2026-08-18,44.523048,44.693287,44.145863,44.319794,44.319794,143750589
2026-08-19,44.319958,47.175735,44.318592,46.733158,46.733158,249681899
2026-08-20,46.730953,48.532436,46.500591,47.828125,47.828125,283078008
2026-08-21,47.826603,54.105682,47.81271,53.126881,53.126881,570436686
2026-08-22,53.129475,55.339485,50.593979,52.503609,52.503609,635182640
2026-08-23,52.503628,53.122433,50.734432,52.298508,52.298508,298430713
2026-08-24,52.298851,54.031197,51.362976,51.621639,51.621639,450901646
2026-08-25,51.623829,52.833328,49.773521,49.918304,49.918304,312285878
2026-08-26,49.918015,50.833565,49.292686,50.525509,50.525509,305849053
2026-08-27,50.525581,50.526447,49.476231,49.924355,49.924355,279939105
2026-08-28,49.924133,50.444115,48.219589,49.318901,49.318901,266229941
2026-08-29,49.319008,49.480827,48.658974,49.00639,49.00639,169666323
2026-08-30,49.007019,50.102715,47.656776,47.906338,47.906338,178612612
2026-08-31,47.906902,49.009914,47.851692,48.528721,48.528721,199344796
2026-09-01,48.530163,49.988831,48.351521,49.563438,49.563438,256697135
2026-09-02,49.563503,49.934933,48.535706,49.622734,49.622734,238137114
2026-09-03,49.622833,51.81641,49.55481,51.480949,51.480949,261178465
2026-09-04,51.480827,51.513992,49.883587,50.782017,50.782017,217258544
2026-09-05,50.782471,55.250774,50.767296,54.685814,54.685814,441939199
2026-09-06,54.687126,55.077541,53.651142,54.974289,54.974289,269297084
2026-09-07,54.974716,59.245525,53.955196,55.257076,55.257076,481878381
2026-09-08,55.25806,56.162132,53.965038,54.281452,54.281452,314379400
2026-09-09,54.281204,54.721985,52.683052,53.137539,53.137539,276848963
2026-09-10,53.137558,53.327839,51.736481,52.120342,52.120342,234072567
2026-09-11,52.119888,54.176029,51.97707,53.266113,53.266113,260322451
2026-09-12,53.266029,54.220402,53.185513,53.638432,53.638432,127057844
2026-09-13,53.638454,55.129993,53.326374,53.734257,53.734257,195380807
2026-09-14,53.735054,54.53968,53.118057,53.121048,53.121048,211173693
2026-09-15,53.121029,53.129398,50.862846,51.253685,51.253685,244027047
2026-09-16,51.253792,51.729664,50.256321,51.684353,51.684353,249462787
2026-09-17,51.684254,53.949203,51.564548,53.929024,53.929024,204081830
2026-09-18,53.928829,58.003128,53.889118,58.002792,58.002792,389098854
2026-09-19,58.001598,59.091702,56.76255,58.332253,58.332253,356399346
2026-09-20,58.32703,59.138359,56.655785,58.736786,58.736786,294687344
2026-09-21,58.737179,63.666862,58.20483,62.002445,62.002445,587979569
2026-09-22,62.002884,63.719177,59.948711,62.877068,62.877068,512933338
2026-09-23,62.877018,64.489304,59.279171,61.826874,61.826874,667917500
