Date,Open,High,Low,Close,Adj Close,Volume
2020-04-10,0.83200502,1.3134871,0.69418699,0.95105398,0.95105398,87364276
2020-04-11,0.95105398,1.049073,0.76502001,0.77681899,0.77681899,43862444
2020-04-12,0.78544801,0.95666999,0.76242602,0.88250703,0.88250703,38736897
2020-04-13,0.89076,0.89160299,0.77397603,0.77783197,0.77783197,18211285
2020-04-14,0.77783197,0.79647201,0.628169,0.66192502,0.66192502,16747614
2020-04-15,0.66928899,0.70496398,0.62153101,0.64665103,0.64665103,13075275
2020-04-16,0.63087898,0.77419198,0.62510699,0.69081599,0.69081599,21346031
2020-04-17,0.68931198,0.71961403,0.66072798,0.66072798,0.66072798,9870810
2020-04-18,0.66072798,0.71761799,0.65942699,0.68109602,0.68109602,9782112
2020-04-19,0.68151599,0.684641,0.59848702,0.606969,0.606969,9289670
2020-04-20,0.612948,0.63925397,0.52057803,0.53881198,0.53881198,8342616
2020-04-21,0.54138702,0.60458601,0.50854897,0.587659,0.587659,9711507
2020-04-22,0.58116603,0.70696402,0.56962103,0.69160098,0.69160098,18828400
2020-04-23,0.68534702,0.69807702,0.60032201,0.62745702,0.62745702,13485271
2020-04-24,0.62402099,0.67101997,0.61394101,0.634242,0.634242,9064190
2020-04-25,0.63052797,0.67094803,0.62154698,0.64332902,0.64332902,7311905
2020-04-26,0.65321499,0.69149899,0.63117099,0.63550597,0.63550597,8320760
2020-04-27,0.63571399,0.66028303,0.561028,0.57237202,0.57237202,7406934
2020-04-28,0.57825297,0.69214797,0.56848401,0.66129303,0.66129303,7470201
2020-04-29,0.66228598,0.777771,0.65527397,0.74584001,0.74584001,8801144
2020-04-30,0.74719501,0.800816,0.68788099,0.69104499,0.69104499,5016892
2020-05-01,0.69104499,0.73707098,0.68590301,0.72879398,0.72879398,4164272
2020-05-02,0.72726798,0.748981,0.70790398,0.71587598,0.71587598,3441356
2020-05-03,0.71479601,0.729801,0.65661597,0.67953497,0.67953497,3328344
2020-05-04,0.67962497,0.70581198,0.61843401,0.66749102,0.66749102,3443698
2020-05-05,0.67343998,0.68621403,0.626499,0.641837,0.641837,2847469
2020-05-06,0.64245403,0.67389101,0.62258399,0.62258399,0.62258399,2677563
2020-05-07,0.62258399,0.63226801,0.573376,0.61297798,0.61297798,3355830
2020-05-08,0.61297798,0.63661802,0.58985198,0.604922,0.604922,2488195
2020-05-09,0.60404199,0.62542897,0.58844799,0.604527,0.604527,2128503
2020-05-10,0.60446101,0.61230302,0.51308101,0.53703398,0.53703398,2327581
2020-05-11,0.536255,0.57186002,0.50519401,0.51527297,0.51527297,2098481
2020-05-12,0.51339102,0.55975902,0.50525099,0.53857601,0.53857601,2198625
2020-05-13,0.53837198,0.56487399,0.51803797,0.55053198,0.55053198,2326446
2020-05-14,0.55053198,0.58094603,0.55010998,0.56911802,0.56911802,2047897
2020-05-15,0.56919301,0.57462001,0.54709297,0.55975199,0.55975199,1850070
2020-05-16,0.558981,0.606534,0.55436099,0.59912002,0.59912002,2300409
2020-05-17,0.59522802,0.64019603,0.58917499,0.61298901,0.61298901,2936428
2020-05-18,0.61268198,0.674393,0.609649,0.65267003,0.65267003,3314359
2020-05-19,0.65097398,0.65447998,0.61124802,0.62445402,0.62445402,2380263
2020-05-20,0.62247503,0.626656,0.57528299,0.57915598,0.57915598,2302926
2020-05-21,0.57969201,0.61378902,0.54334599,0.60891497,0.60891497,2863017
2020-05-22,0.60523897,0.67643201,0.58283001,0.63887501,0.63887501,3411419
2020-05-23,0.63741499,0.63884902,0.588247,0.61303103,0.61303103,2638524
2020-05-24,0.613289,0.613289,0.54843199,0.54905301,0.54905301,2786816
2020-05-25,0.54856998,0.65013802,0.538064,0.60085702,0.60085702,4509580
2020-05-26,0.59910399,0.61235303,0.56646299,0.57330698,0.57330698,2689697
2020-05-27,0.57330698,0.61108702,0.57144302,0.590985,0.590985,2536916
2020-05-28,0.59088397,0.59239799,0.566948,0.57515502,0.57515502,2662788
2020-05-29,0.57469898,0.59340501,0.56685799,0.57941502,0.57941502,2066857
2020-05-30,0.58135498,0.60248899,0.56704998,0.587933,0.587933,2449095
2020-05-31,0.58790302,0.593997,0.56924498,0.57002199,0.57002199,1892967
2020-06-01,0.57347202,0.58783901,0.567348,0.57749498,0.57749498,2159877
2020-06-02,0.577142,0.58972502,0.55229402,0.56466901,0.56466901,1295757
2020-06-03,0.56466901,0.59102499,0.56446099,0.58662099,0.58662099,877446
2020-06-04,0.58686697,0.59164,0.56451797,0.58729899,0.58729899,901641
2020-06-05,0.58729899,0.69827902,0.57792503,0.66115499,0.66115499,4322092
2020-06-06,0.661071,0.66161901,0.611781,0.62244302,0.62244302,1604055
2020-06-07,0.62244302,0.62444401,0.59339797,0.61657798,0.61657798,716785
2020-06-08,0.61507797,0.67900097,0.61330998,0.66831303,0.66831303,1440234
2020-06-09,0.66778398,0.66808802,0.62724203,0.65800202,0.65800202,988327
2020-06-10,0.65803802,0.67004299,0.63340402,0.644867,0.644867,1096203
2020-06-11,0.64488798,0.65053499,0.57008201,0.57374197,0.57374197,1122221
2020-06-12,0.57405901,0.604653,0.56992,0.59386897,0.59386897,940323
2020-06-13,0.59394801,0.61143899,0.58548498,0.60894299,0.60894299,764757
2020-06-14,0.61092699,0.618258,0.580899,0.58707702,0.58707702,873416
2020-06-15,0.58837301,0.59189701,0.54728699,0.57063901,0.57063901,942666
2020-06-16,0.57057899,0.58982801,0.56868899,0.585576,0.585576,652020
2020-06-17,0.58549702,0.59012902,0.565117,0.58156198,0.58156198,673274
2020-06-18,0.58158201,0.65030903,0.57928503,0.620956,0.620956,1349341
2020-06-19,0.62240702,0.83639801,0.62038398,0.68433201,0.68433201,6577471
2020-06-20,0.68252301,0.68858302,0.62562603,0.64359099,0.64359099,1714405
2020-06-21,0.64613497,0.74854201,0.63687998,0.67314899,0.67314899,2238347
2020-06-22,0.67257702,0.74311298,0.645877,0.72684801,0.72684801,1620388
2020-06-23,0.72677302,0.76063299,0.70071203,0.70829701,0.70829701,1327340
2020-06-24,0.70853001,0.80069202,0.693501,0.73699403,0.73699403,2769054
2020-06-25,0.73710001,0.75670499,0.69924003,0.71319401,0.71319401,1751581
2020-06-26,0.71253097,0.75199199,0.68153203,0.741144,0.741144,1664662
2020-06-27,0.73959702,0.75221097,0.67583799,0.713548,0.713548,1681428
2020-06-28,0.713548,0.84397697,0.68709499,0.79849499,0.79849499,3412582
2020-06-29,0.79849499,0.88533902,0.77000898,0.85245401,0.85245401,2147791
2020-06-30,0.85302198,1.029176,0.85010397,0.86009401,0.86009401,3887548
2020-07-01,0.86336398,0.90171498,0.82092702,0.83264202,0.83264202,1772560
2020-07-02,0.83211601,0.83712697,0.75366801,0.78021902,0.78021902,1749581
2020-07-03,0.78203601,0.786035,0.75511301,0.76809299,0.76809299,1144958
2020-07-04,0.767941,0.82315499,0.76145101,0.78037202,0.78037202,1644301
2020-07-05,0.780101,0.78554702,0.64263499,0.69166398,0.69166398,3799016
2020-07-06,0.69166398,0.72104597,0.68658,0.70790797,0.70790797,1120773
2020-07-07,0.70785803,0.78089303,0.701922,0.753048,0.753048,1700041
2020-07-08,0.753048,0.82752299,0.743411,0.79671299,0.79671299,2220223
2020-07-09,0.79401797,0.88235801,0.75990599,0.85345298,0.85345298,2668724
2020-07-10,0.85330403,0.93962902,0.84285003,0.91355997,0.91355997,1856095
2020-07-11,0.91355997,0.92634702,0.85909498,0.92462403,0.92462403,1788814
2020-07-12,0.92385602,1.130978,0.91411698,1.016716,1.016716,4693371
2020-07-13,1.016716,1.287663,1.008884,1.175734,1.175734,4062069
2020-07-14,1.1724761,1.246006,1.119166,1.148075,1.148075,2213135
2020-07-15,1.147523,1.396835,1.141458,1.289598,1.289598,3355229
2020-07-16,1.284039,1.374967,0.85504401,0.87244099,0.87244099,7486568
2020-07-17,0.87076098,1.046842,0.801884,0.97783703,0.97783703,8973774
2020-07-18,0.97751498,1.000716,0.93172598,0.96658301,0.96658301,2923007
2020-07-19,0.96800399,0.97035402,0.89951497,0.920349,0.920349,2206671
2020-07-20,0.920515,0.92158401,0.85187799,0.87308902,0.87308902,3036871
2020-07-21,0.87292802,1.0082541,0.86031598,0.977166,0.977166,4299502
2020-07-22,0.977198,1.104704,0.97248501,1.0440871,1.0440871,5295002
2020-07-23,1.046155,1.101218,0.99739403,1.049844,1.049844,2970423
2020-07-24,1.049844,1.053954,0.97478002,0.99534601,0.99534601,1991763
2020-07-25,0.99544001,1.43274,0.99539697,1.252223,1.252223,9978279
2020-07-26,1.244728,1.624648,1.238283,1.56511,1.56511,10463130
2020-07-27,1.565098,2.0427401,1.561087,1.778636,1.778636,32838355
2020-07-28,1.784111,1.858672,1.611769,1.784067,1.784067,9692632
2020-07-29,1.7856621,2.0956221,1.593166,1.658289,1.658289,10348945
2020-07-30,1.658289,1.7964489,1.635712,1.686807,1.686807,5222980
2020-07-31,1.686807,1.688488,1.5104049,1.538178,1.538178,4822046
2020-08-01,1.532759,1.6622289,1.498872,1.52661,1.52661,4589882
2020-08-02,1.52991,1.746823,1.411973,1.74281,1.74281,7216576
2020-08-03,1.73229,1.830034,1.668726,1.802611,1.802611,5836036
2020-08-04,1.800012,1.949875,1.794984,1.871639,1.871639,5495665
2020-08-05,1.870736,1.888122,1.709509,1.75455,1.75455,5405764
2020-08-06,1.75455,2.228003,1.746783,2.2063479,2.2063479,11143557
2020-08-07,2.203166,2.203166,1.885572,2.0859029,2.0859029,8068102
2020-08-08,2.083889,2.5695901,2.0265379,2.4736249,2.4736249,10919229
2020-08-09,2.4715559,2.7068231,2.302501,2.6652279,2.6652279,12107837
2020-08-10,2.6652279,3.397929,2.525898,3.131793,3.131793,22863251
2020-08-11,3.131042,3.4865351,2.753634,3.3034191,3.3034191,36356155
2020-08-12,3.3079579,3.916168,3.1039791,3.7697511,3.7697511,28461707
2020-08-13,3.7707031,4.1558142,3.5285201,3.755971,3.755971,28236179
2020-08-14,3.7601681,3.7899971,3.332654,3.4093881,3.4093881,18427950
2020-08-15,3.412555,3.719945,3.1654651,3.183795,3.183795,13155762
2020-08-16,3.185406,3.4706881,3.1386881,3.385653,3.385653,10395313
2020-08-17,3.385653,3.385999,3.087985,3.098608,3.098608,10723919
2020-08-18,3.1044691,3.7099111,2.8944139,3.3299761,3.3299761,30350145
2020-08-19,3.328696,3.4838631,2.8381081,2.8990409,2.8990409,14838389
2020-08-20,2.8990409,3.431843,2.8962359,3.208267,3.208267,13756478
2020-08-21,3.209718,3.22329,2.9137709,2.9436679,2.9436679,11796736
2020-08-22,2.945308,3.194865,2.7573271,3.0208859,3.0208859,10296805
2020-08-23,3.0208631,3.403415,3.0188379,3.3224311,3.3224311,11991402
2020-08-24,3.312222,3.6075389,3.224431,3.344986,3.344986,15785208
2020-08-25,3.349664,3.358247,3.027719,3.2648499,3.2648499,13444308
2020-08-26,3.266041,3.7953241,3.1943109,3.5583749,3.5583749,22147431
2020-08-27,3.5578439,3.854706,3.2922139,3.44506,3.44506,21031356
2020-08-28,3.4524951,4.3095932,3.4472809,4.0113931,4.0113931,27212888
2020-08-29,4.0142159,4.1052408,3.787112,3.9688089,3.9688089,14585964
2020-08-30,3.970011,4.7050052,3.919132,4.435823,4.435823,22220239
2020-08-31,4.421679,4.872941,4.1096811,4.7820458,4.7820458,20950150
2020-09-01,4.7810502,4.9447312,4.3445158,4.3445158,4.3445158,16944927
2020-09-02,4.3526931,4.3559389,3.705164,4.1644721,4.1644721,23655802
2020-09-03,4.1687722,4.440814,3.5273399,3.5273399,3.5273399,26473634
2020-09-04,3.5233901,3.8341041,3.198894,3.545794,3.545794,17729340
2020-09-05,3.5509839,3.660244,2.1916749,2.5979159,2.5979159,25062205
2020-09-06,2.600317,3.175637,2.2881911,3.0860429,3.0860429,20375890
2020-09-07,3.0860839,3.1895599,2.3914931,2.9285281,2.9285281,17135013
2020-09-08,2.927629,2.9397359,2.3986411,2.468977,2.468977,10163725
2020-09-09,2.4711781,3.7517159,2.389806,3.636378,3.636378,52354542
2020-09-10,3.636378,3.8513091,3.3208089,3.469837,3.469837,31177875
2020-09-11,3.467335,3.501013,3.0401709,3.427428,3.427428,17090627
2020-09-12,3.419102,3.467052,3.150727,3.33266,3.33266,10368518
2020-09-13,3.336381,3.4667821,3.0054021,3.2258389,3.2258389,15316353
2020-09-14,3.2315259,3.5249341,3.0941739,3.2691331,3.2691331,21301450
2020-09-15,3.2691331,3.3200669,2.918473,2.939121,2.939121,11992538
2020-09-16,2.939307,2.939307,2.4538391,2.545399,2.545399,24199804
2020-09-17,2.545399,2.9341021,2.370034,2.8918741,2.8918741,23792220
2020-09-18,2.8918741,3.159317,2.7416761,3.10794,3.10794,23510207
2020-09-19,3.111747,3.2534201,2.971704,3.0288911,3.0288911,10763973
2020-09-20,3.031028,3.032877,2.7201381,2.870903,2.870903,9217295
2020-09-21,2.870903,3.0269401,2.5004189,2.7825091,2.7825091,19492894
2020-09-22,2.7736881,2.99437,2.6686029,2.915519,2.915519,18556523
2020-09-23,2.9303551,3.0653379,2.7463031,2.8367569,2.8367569,16096650
2020-09-24,2.8381209,3.2515631,2.7956469,3.132715,3.132715,18993326
2020-09-25,3.1455441,3.2651651,2.911772,3.188612,3.188612,15935143
2020-09-26,3.18803,3.2039061,3.0412669,3.1347029,3.1347029,11018475
2020-09-27,3.1338379,3.1734991,3.010551,3.1529469,3.1529469,9734368
2020-09-28,3.152705,3.204191,2.9359541,2.9566779,2.9566779,10950201
2020-09-29,2.9583609,3.0100949,2.9017899,2.9464331,2.9464331,8821253
2020-09-30,2.949074,2.9793479,2.83567,2.897876,2.897876,7767702
2020-10-01,2.8981619,2.9858339,2.657398,2.861028,2.861028,10825966
2020-10-02,2.864197,2.8766351,2.4577911,2.6260829,2.6260829,15856539
2020-10-03,2.6273351,2.6694951,2.547303,2.547303,2.547303,6155891
2020-10-04,2.5430119,2.5880361,2.428889,2.515995,2.515995,7075729
2020-10-05,2.519135,2.6626239,2.46732,2.657644,2.657644,8105684
2020-10-06,2.6552,2.6552,2.147692,2.17625,2.17625,9739071
2020-10-07,2.1758089,2.391937,2.0957601,2.291796,2.291796,11759752
2020-10-08,2.2999821,2.4306099,2.0285261,2.3652201,2.3652201,14931922
2020-10-09,2.3677421,2.625268,2.31709,2.5398591,2.5398591,12002959
2020-10-10,2.5369329,2.594095,2.403172,2.40609,2.40609,8842884
2020-10-11,2.407367,2.457566,2.3449211,2.426578,2.426578,7170647
2020-10-12,2.426115,2.6986389,2.4158621,2.5870719,2.5870719,12289969
2020-10-13,2.5848911,2.5848911,2.348171,2.4049101,2.4049101,11415737
2020-10-14,2.408196,2.436614,2.2462571,2.314635,2.314635,9436239
2020-10-15,2.3148,2.3357961,2.203418,2.2664361,2.2664361,8332483
2020-10-16,2.2651999,2.265671,2.1279211,2.1493859,2.1493859,13637728
2020-10-17,2.1456361,2.2383051,2.1324091,2.201843,2.201843,6612612
2020-10-18,2.20275,2.2488461,2.1783271,2.214267,2.214267,6294162
2020-10-19,2.213372,2.2135119,2.053211,2.05808,2.05808,8248860
2020-10-20,2.0581019,2.0978611,1.854154,1.888672,1.888672,13129043
2020-10-21,1.888612,2.066206,1.861235,1.890378,1.890378,19275509
2020-10-22,1.890372,2.0824339,1.889817,1.955653,1.955653,11445663
2020-10-23,1.957068,1.984771,1.85331,1.960035,1.960035,11497445
2020-10-24,1.960035,1.96165,1.882344,1.911828,1.911828,7581827
2020-10-25,1.911828,1.922942,1.768644,1.787459,1.787459,9092334
2020-10-26,1.787459,1.86299,1.629365,1.6854661,1.6854661,13396736
2020-10-27,1.6854661,1.7454031,1.605287,1.710232,1.710232,14384427
2020-10-28,1.710232,1.719027,1.394572,1.4900531,1.4900531,17089719
2020-10-29,1.4900531,1.566892,1.412426,1.428936,1.428936,8024138
2020-10-30,1.428936,1.467319,1.342213,1.441336,1.441336,8528336
2020-10-31,1.441336,1.549327,1.429894,1.5407,1.5407,6449388
2020-11-01,1.5407,1.637903,1.513543,1.59984,1.59984,6877557
2020-11-02,1.59984,1.63018,1.467695,1.474072,1.474072,6366346
2020-11-03,1.474072,1.4805011,1.412186,1.4122339,1.4122339,6536977
2020-11-04,1.4122339,1.4128979,1.281868,1.3922549,1.3922549,11406316
2020-11-05,1.3922549,1.4861701,1.303825,1.405218,1.405218,8924132
2020-11-06,1.405218,1.940707,1.4000109,1.91374,1.91374,22547497
2020-11-07,1.91374,2.481369,1.844831,2.0319641,2.0319641,51426100
2020-11-08,2.0319641,2.2647791,1.974402,2.1565981,2.1565981,25931043
2020-11-09,2.1565981,2.1893129,1.958753,2.028652,2.028652,18210626
2020-11-10,2.028652,2.3079879,2.012321,2.247987,2.247987,16170833
2020-11-11,2.247987,2.2841411,1.974165,2.002125,2.002125,13877949
2020-11-12,2.002125,2.050298,1.831728,1.899138,1.899138,11506048
2020-11-13,1.899138,2.061116,1.899138,2.020792,2.020792,11621744
2020-11-14,2.020792,2.0334909,1.8752789,1.917016,1.917016,8134593
2020-11-15,1.917016,2.209059,1.9168479,2.0432341,2.0432341,18621333
2020-11-16,2.0432341,2.3602109,1.994853,2.2553549,2.2553549,22156135
2020-11-17,2.28108,2.318186,2.1325901,2.2021811,2.2021811,17074175
2020-11-18,2.2021811,2.2059219,2.0126929,2.1150291,2.1150291,14629648
2020-11-19,2.1150291,2.1750219,2.0181661,2.0767691,2.0767691,10155987
2020-11-20,2.0767691,2.230391,2.056972,2.095392,2.095392,11113990
2020-11-21,2.095392,2.4988279,2.0485239,2.382205,2.382205,20288343
2020-11-22,2.382205,2.403821,2.0539379,2.144845,2.144845,16416065
2020-11-23,2.144845,2.351599,2.1203151,2.276377,2.276377,15487339
2020-11-24,2.277241,2.4663839,2.143795,2.267967,2.267967,25036626
2020-11-25,2.269485,2.477587,2.1827769,2.2700341,2.2700341,24870951
2020-11-26,2.2665341,2.291702,1.741493,1.903037,1.903037,33038223
2020-11-27,1.903335,1.9706531,1.780363,1.857949,1.857949,13307808
2020-11-28,1.859825,1.939715,1.81071,1.888935,1.888935,11661883
2020-11-29,1.887913,1.943885,1.857227,1.9151551,1.9151551,6139511
2020-11-30,1.9151421,2.0135911,1.91193,1.9668911,1.9668911,8716571
2020-12-01,1.968321,2.1303411,1.932264,1.976308,1.976308,12847022
2020-12-02,1.977266,2.1874371,1.9567,2.115401,2.115401,15849828
2020-12-03,2.1171169,2.2213099,2.0850301,2.1003709,2.1003709,18106122
2020-12-04,2.0986021,2.112071,1.847345,1.855953,1.855953,9019864
2020-12-05,1.855968,1.980722,1.8254941,1.978774,1.978774,7750781
2020-12-06,1.978658,1.983898,1.815854,1.854249,1.854249,7167230
2020-12-07,1.853451,1.8956881,1.809485,1.8311729,1.8311729,6425070
2020-12-08,1.8312221,1.831581,1.645106,1.665352,1.665352,11304051
2020-12-09,1.6646219,1.6742769,1.5036761,1.662304,1.662304,10461119
2020-12-10,1.662414,1.665135,1.54524,1.574151,1.574151,6167983
2020-12-11,1.572366,1.576709,1.4406019,1.444585,1.444585,8273918
2020-12-12,1.44159,1.537429,1.440706,1.490912,1.490912,7085231
2020-12-13,1.490715,1.642916,1.458118,1.565456,1.565456,8389349
2020-12-14,1.567968,1.622869,1.523698,1.591646,1.591646,8672052
2020-12-15,1.59103,1.799413,1.589263,1.760671,1.760671,19470080
2020-12-16,1.760092,1.7875839,1.610018,1.7835979,1.7835979,18277631
2020-12-17,1.783892,1.80312,1.6552171,1.678634,1.678634,15461477
2020-12-18,1.679024,1.706327,1.636987,1.6988,1.6988,7879397
2020-12-19,1.699267,1.764254,1.664263,1.668651,1.668651,9095045
2020-12-20,1.670714,1.68443,1.527714,1.563576,1.563576,9093229
2020-12-21,1.5637749,1.6183259,1.495151,1.5419151,1.5419151,8333991
2020-12-22,1.539609,1.57408,1.474485,1.490286,1.490286,11066565
2020-12-23,1.49022,1.510585,1.090161,1.2056921,1.2056921,16776307
2020-12-24,1.207705,1.3836679,1.173007,1.362408,1.362408,9236939
2020-12-25,1.361496,1.452924,1.347236,1.445403,1.445403,9359549
2020-12-26,1.446014,1.447517,1.313424,1.3242379,1.3242379,6798656
2020-12-27,1.325074,1.4087451,1.26825,1.3030421,1.3030421,12286531
2020-12-28,1.303993,1.517038,1.294349,1.515685,1.515685,12668150
2020-12-29,1.515462,1.727582,1.43972,1.674345,1.674345,26355259
2020-12-30,1.6696939,1.680791,1.529833,1.535457,1.535457,12663616
2020-12-31,1.535606,1.5506099,1.430263,1.510898,1.510898,12763260
2021-01-01,1.509775,1.859656,1.502038,1.8420841,1.8420841,25722549
2021-01-02,1.8455859,1.989295,1.721482,1.799275,1.799275,31671064
2021-01-03,1.799902,2.3649809,1.799902,2.161752,2.161752,55073422
2021-01-04,2.1624119,2.4850969,1.8763421,2.4850969,2.4850969,59955405
2021-01-05,2.4909821,2.5026159,2.0777421,2.157217,2.157217,50555207
2021-01-06,2.159626,2.1858921,1.907585,1.929217,1.929217,50263975
2021-01-07,1.936586,2.6118309,1.933043,2.372745,2.372745,159870278
2021-01-08,2.3687401,3.77932,2.1809289,3.219887,3.219887,206412154
2021-01-09,3.223541,3.6627879,2.938307,3.3853819,3.3853819,91906875
2021-01-10,3.3900261,3.733551,3.1962349,3.4661109,3.4661109,62766977
2021-01-11,3.4610651,3.513571,2.5971241,3.1080899,3.1080899,82877500
2021-01-12,3.103688,3.8444159,3.080035,3.6133981,3.6133981,73484689
2021-01-13,3.6283829,3.6288249,3.2749209,3.513782,3.513782,57994893
2021-01-14,3.516036,3.542866,3.1819739,3.2781639,3.2781639,59283112
2021-01-15,3.2803991,3.4359219,2.9851911,3.2501609,3.2501609,45331739
2021-01-16,3.248934,3.703232,3.248934,3.4470551,3.4470551,68035606
2021-01-17,3.43487,3.9653721,3.319746,3.8181391,3.8181391,85407766
2021-01-18,3.8221309,4.1479201,3.655761,3.7955151,3.7955151,70601713
2021-01-19,3.792043,4.0314488,3.6090231,3.641866,3.641866,44547768
2021-01-20,3.6355751,3.7370031,3.344084,3.723578,3.723578,46698656
2021-01-21,3.7216699,3.7343259,2.9826961,2.990536,2.990536,43834765
2021-01-22,2.9899199,3.4971459,2.5409861,3.3462291,3.3462291,63361382
2021-01-23,3.3410349,3.597302,3.315762,3.504112,3.504112,27904470
2021-01-24,3.5071101,3.7930491,3.4894941,3.6344111,3.6344111,32747555
2021-01-25,3.634645,3.9743569,3.4513099,3.699981,3.699981,80055958
2021-01-26,3.6989591,4.0969162,3.682632,4.0473499,4.0473499,78823456
2021-01-27,4.0486302,4.0486302,3.5316019,3.690587,3.690587,35195110
2021-01-28,3.6863699,3.943491,3.6098809,3.822072,3.822072,31410527
2021-01-29,3.8615811,3.892602,3.6393859,3.834676,3.834676,44053151
2021-01-30,3.837682,4.311976,3.7741041,4.2242761,4.2242761,53378198
2021-01-31,4.2373142,4.7870102,4.1704979,4.2641439,4.2641439,78376267
2021-02-01,4.261251,4.6116018,4.1182551,4.6116018,4.6116018,39361629
2021-02-02,4.6137409,5.4036422,4.4801192,5.267508,5.267508,98755962
2021-02-03,5.246592,5.7807808,5.0727382,5.7159901,5.7159901,49386327
2021-02-04,5.7317481,6.5310111,5.6032362,6.426065,6.426065,108249482
2021-02-05,6.43537,7.1271172,6.4264469,6.6817198,6.6817198,92892157
2021-02-06,6.6873012,6.7991309,5.7138281,6.1108069,6.1108069,102365494
2021-02-07,6.1176448,6.8715138,5.7685919,6.7004628,6.7004628,105451103
2021-02-08,6.7024469,8.055933,6.4889278,7.8832502,7.8832502,155254261
2021-02-09,7.8697948,8.4677839,7.5702152,7.816793,7.816793,121037873
2021-02-10,7.818552,9.0726042,7.6138468,9.0722141,9.0722141,120679902
2021-02-11,9.0803566,9.7070036,8.7613163,9.2153521,9.2153521,53600048
2021-02-12,9.2147903,9.9244518,9.0790119,9.2470121,9.2470121,91484664
2021-02-13,9.2360334,9.4990387,8.6830091,8.7324553,8.7324553,91417968
2021-02-14,8.7429886,9.2202997,8.5597153,8.7388964,8.7388964,93500423
2021-02-15,8.7242661,9.3106384,7.8404708,8.8617392,8.8617392,109854635
2021-02-16,8.8607483,8.9803677,7.9835572,8.2978668,8.2978668,71625205
2021-02-17,8.2986889,8.4332981,7.5443988,8.2225771,8.2225771,89948578
2021-02-18,8.2328711,9.2791748,8.2328711,8.9804516,8.9804516,77306770
2021-02-19,8.97997,11.680577,8.5569811,11.465653,11.465653,261175711
2021-02-20,11.478087,11.786737,9.8158541,10.002664,10.002664,140264810
2021-02-21,9.9875498,11.640289,9.8870468,11.085513,11.085513,137742366
2021-02-22,11.073036,14.545641,9.2559042,14.454785,14.454785,574136241
2021-02-23,14.421626,15.743371,11.599894,15.201538,15.201538,485252846
2021-02-24,15.213842,18.146622,14.861799,17.302708,17.302708,375439707
2021-02-25,17.230183,17.695444,13.795913,13.816014,13.816014,364505276
2021-02-26,13.865891,15.483705,13.120141,13.587941,13.587941,289687328
2021-02-27,13.601574,14.612065,13.057273,13.201168,13.201168,247640940
2021-02-28,13.207767,13.779016,11.489983,13.089247,13.089247,300493226
2021-03-01,13.108435,15.516057,13.057385,14.955588,14.955588,306451693
2021-03-02,14.966845,15.224125,13.460749,13.958921,13.958921,178549852
2021-03-03,13.96354,14.729359,13.767049,14.115591,14.115591,153830742
2021-03-04,14.094867,14.260361,12.77127,13.097983,13.097983,116364466
2021-03-05,13.066306,13.079862,12.184608,12.610443,12.610443,90978408
2021-03-06,12.569937,13.270481,11.901228,13.036458,13.036458,118851546
2021-03-07,13.043927,13.996903,12.726385,13.877732,13.877732,117548176
2021-03-08,13.826815,13.870826,13.082289,13.602188,13.602188,115525659
2021-03-09,13.615291,14.986444,13.320187,14.846311,14.846311,134867044
2021-03-10,14.850929,15.187938,14.079064,14.231084,14.231084,103150901
2021-03-11,14.219837,16.239399,13.704226,15.992279,15.992279,229272516
2021-03-12,16.02092,16.485796,14.111229,14.552142,14.552142,185287457
2021-03-13,14.563803,15.394398,13.920056,15.308803,15.308803,145102757
2021-03-14,15.301581,15.349832,14.378764,14.508266,14.508266,90232804
2021-03-15,14.477127,14.790473,13.698057,14.186662,14.186662,102600692
2021-03-16,14.163912,14.282896,13.229815,13.622773,13.622773,112303590
2021-03-17,13.634964,14.266797,13.130529,14.220203,14.220203,94696339
2021-03-18,14.210677,14.745477,13.827284,14.230025,14.230025,79074263
2021-03-19,14.23265,14.488219,13.932458,14.204796,14.204796,68715211
2021-03-20,14.195826,14.978218,14.152045,14.211981,14.211981,68049683
2021-03-21,14.218328,14.365723,13.668254,14.332206,14.332206,64229338
2021-03-22,14.350278,16.599873,14.202886,14.919293,14.919293,260995136
2021-03-23,14.848619,15.243709,14.097057,14.204831,14.204831,106780662
2021-03-24,14.190396,15.371431,13.661298,13.661298,13.661298,118813690
2021-03-25,13.650586,13.70525,12.614725,13.025085,13.025085,116277943
2021-03-26,13.019528,14.804294,12.370458,14.779421,14.779421,149987319
2021-03-27,14.786246,16.804165,14.758046,16.508322,16.508322,223872587
2021-03-28,16.479424,19.386005,16.345009,18.016233,18.016233,426120062
2021-03-29,18.083303,18.987843,17.700363,18.854809,18.854809,216748601
2021-03-30,18.891403,20.869474,18.891403,19.233925,19.233925,264028427
2021-03-31,19.101685,19.795801,18.156256,19.465229,19.465229,206011018
2021-04-01,19.415682,20.36154,18.844246,19.084902,19.084902,173731886
2021-04-02,19.084631,19.824574,18.568419,19.810223,19.810223,131061660
2021-04-03,19.796452,23.827188,19.78945,22.552277,22.552277,483057740
2021-04-04,22.52737,25.569532,22.212969,24.061323,24.061323,426557980
2021-04-05,23.928839,24.777637,22.806452,22.984283,22.984283,264085329
2021-04-06,22.97784,25.346525,21.876614,24.957146,24.957146,320886935
2021-04-07,25.145559,27.487616,23.089359,26.478081,26.478081,676846221
2021-04-08,26.514593,27.970011,25.724936,27.033987,27.033987,377988327
2021-04-09,26.985804,29.014734,26.903826,27.778275,27.778275,282477938
2021-04-10,27.649712,28.257971,25.963226,26.841404,26.841404,270235258
2021-04-11,26.80805,28.687227,25.57832,27.93189,27.93189,232938762
2021-04-12,27.918367,29.862303,26.842743,28.512123,28.512123,308804546
2021-04-13,28.541012,28.797941,26.417603,27.435553,27.435553,258183912
2021-04-14,27.400005,27.482693,24.792021,26.475111,26.475111,342565805
2021-04-15,26.436844,28.249399,25.539415,27.818314,27.818314,221346739
2021-04-16,27.820324,28.226879,24.972918,25.397366,25.397366,240665351
2021-04-17,25.369205,26.819767,25.099874,25.099874,25.099874,201720376
2021-04-18,25.135502,32.902569,21.539209,32.302917,32.302917,1155150688
2021-04-19,32.339523,36.080257,29.925907,31.675896,31.675896,1219130981
2021-04-20,31.47629,32.69722,28.932571,31.770054,31.770054,793008154
2021-04-21,31.681538,35.004303,30.167492,32.513042,32.513042,729130141
2021-04-22,32.68343,40.971863,31.600691,38.879761,38.879761,1638622971
2021-04-23,38.899181,41.463261,31.66427,36.97842,36.97842,1612232268
2021-04-24,37.257496,43.532223,34.683292,40.737316,40.737316,1101380795
2021-04-25,40.84547,48.434265,40.512016,47.367626,47.367626,1583800800
2021-04-26,47.541855,48.310783,43.371727,43.976517,43.976517,1357487872
2021-04-27,43.89357,46.548611,42.557327,43.239002,43.239002,904891996
2021-04-28,43.161442,46.916565,40.672073,44.825985,44.825985,1021154320
2021-04-29,44.849949,46.071491,40.950985,42.460541,42.460541,772259307
2021-04-30,42.500046,44.270153,41.243504,42.956001,42.956001,534976437
2021-05-01,42.893337,49.844578,42.030865,49.508022,49.508022,859524423
2021-05-02,49.500805,49.896671,45.981823,46.890987,46.890987,571072187
2021-05-03,46.903976,49.009453,45.044476,45.933689,45.933689,609194252
2021-05-04,45.98336,47.757156,42.313103,42.729557,42.729557,682976428
2021-05-05,42.637238,45.927792,42.315735,44.923576,44.923576,503781975
2021-05-06,44.974052,44.974052,42.591583,43.455677,43.455677,391497018
2021-05-07,43.502655,46.059563,41.438374,43.155018,43.155018,514344601
2021-05-08,43.152065,46.639027,42.298019,45.561531,45.561531,451056655
2021-05-09,45.61763,47.121216,43.296944,44.330196,44.330196,510603312
2021-05-10,44.342094,45.877502,39.558849,42.909634,42.909634,499528076
2021-05-11,42.872272,45.151203,39.76297,44.577469,44.577469,473731333
2021-05-12,44.591526,48.979034,42.45731,42.45731,42.45731,1151668076
2021-05-13,43.235085,45.417099,37.526894,40.997852,40.997852,1016860656
2021-05-14,41.034519,44.791435,39.986053,42.717865,42.717865,504167711
2021-05-15,42.699947,45.391788,39.374607,43.461308,43.461308,500445722
2021-05-16,43.401691,52.50135,41.915497,47.200829,47.200829,1990976771
2021-05-17,46.898022,51.87603,43.302917,46.863205,46.863205,1951921366
2021-05-18,46.660419,58.302925,46.187557,55.910961,55.910961,2025388219
2021-05-19,56.089256,57.525772,29.429859,35.107182,35.107182,2772224999
2021-05-20,35.043045,51.25845,32.318142,44.742748,44.742748,2487748626
2021-05-21,44.447254,47.645592,33.837395,38.812851,38.812851,1769762028
2021-05-22,38.98838,40.009579,31.254862,31.315582,31.315582,1078751751
2021-05-23,31.225767,32.436268,19.139839,24.688747,24.688747,1925832341
2021-05-24,24.49832,32.094452,24.49832,31.283571,31.283571,1346786023
2021-05-25,31.396347,33.130127,26.100075,29.997078,29.997078,909470305
2021-05-26,30.047991,37.237637,29.008554,35.539818,35.539818,1069991365
2021-05-27,35.482449,35.52705,31.127129,33.584591,33.584591,649389058
2021-05-28,33.675526,34.502506,28.067144,29.039276,29.039276,600255582
2021-05-29,29.00313,30.022339,25.75094,27.376421,27.376421,376859866
2021-05-30,27.408316,29.749254,25.650293,28.602659,28.602659,359661704
2021-05-31,28.60424,32.983589,27.524746,32.816246,32.816246,534826504
2021-06-01,32.770885,33.289917,29.880173,30.98526,30.98526,432053117
2021-06-02,30.935238,35.038155,30.432858,33.956318,33.956318,497567418
2021-06-03,34.018715,41.145378,33.792233,39.470905,39.470905,960056106
2021-06-04,39.581303,39.609863,34.310902,37.41507,37.41507,1056279506
2021-06-05,37.417377,42.822674,37.09911,39.5854,39.5854,1112426664
2021-06-06,39.749126,43.377193,38.963997,42.308376,42.308376,794387364
2021-06-07,42.253677,44.100559,38.090839,38.262333,38.262333,923157614
2021-06-08,38.25127,42.478291,33.685459,41.517815,41.517815,1786996802
2021-06-09,41.279793,43.997566,39.368633,42.031776,42.031776,1218831041
2021-06-10,42.024036,43.00491,39.596783,41.098675,41.098675,595246689
2021-06-11,41.110153,41.312485,35.311172,36.046085,36.046085,518666603
2021-06-12,36.164352,37.614223,34.318157,36.441689,36.441689,549070417
2021-06-13,36.514709,39.359974,34.78299,38.770435,38.770435,452988674
2021-06-14,38.704521,40.476521,36.814133,38.713055,38.713055,477871463
2021-06-15,40.535839,41.758675,39.435814,41.153648,41.153648,605285143
2021-06-16,39.545349,41.496307,37.503498,39.703617,39.703617,576016902
2021-06-17,39.68927,41.237431,38.286083,39.264591,39.264591,417775600
2021-06-18,39.266785,39.427128,35.004017,36.648796,36.648796,424163369
2021-06-19,36.819107,37.354588,34.981606,35.353436,35.353436,264640750
2021-06-20,35.237026,35.928387,31.362095,35.322014,35.322014,452587531
2021-06-21,35.261436,35.497616,25.94908,26.6574,26.6574,760344541
2021-06-22,26.592831,28.712969,20.380444,26.771856,26.771856,1258580061
2021-06-23,26.912943,32.772961,25.696486,30.048887,30.048887,1111302687
2021-06-24,30.846079,32.99131,28.548386,31.181034,31.181034,641150364
2021-06-25,31.168531,32.902515,28.03508,28.698862,28.698862,632052177
2021-06-26,28.607899,30.007036,26.710814,29.712854,29.712854,560342710
2021-06-27,29.75264,31.929392,29.271196,31.929392,31.929392,497353288
2021-06-28,31.880831,34.243225,31.035128,32.92778,32.92778,473612135
2021-06-29,33.009785,35.788578,32.726685,33.866802,33.866802,471854279
2021-06-30,33.962971,35.954723,31.601351,35.556404,35.556404,570984168
2021-07-01,35.505653,35.538193,32.386272,33.404034,33.404034,474665321
2021-07-02,33.306309,34.031788,31.479923,34.020481,34.020481,440298780
2021-07-03,34.015575,35.40477,33.298473,34.478817,34.478817,327019964
2021-07-04,34.495117,35.502373,33.555737,34.3106,34.3106,303420520
2021-07-05,34.282551,34.461823,32.482693,32.984589,32.984589,313839322
2021-07-06,32.930305,34.978317,32.930305,34.269138,34.269138,365336040
2021-07-07,34.232807,38.011703,33.84203,36.59137,36.59137,519252659
2021-07-08,36.719719,36.915283,32.802273,33.203728,33.203728,498201257
2021-07-09,33.134331,34.387947,31.991049,33.264648,33.264648,327170629
2021-07-10,33.318439,34.140488,31.186785,31.788645,31.788645,296566657
2021-07-11,31.693039,32.536335,31.411757,32.177841,32.177841,211679810
2021-07-12,32.173389,32.644054,30.074202,30.848087,30.848087,221058993
2021-07-13,30.786404,31.093704,28.918608,29.121189,29.121189,197825362
2021-07-14,29.142693,31.435339,27.515703,31.281,31.281,331866434
2021-07-15,31.360701,31.483404,28.008404,28.452101,28.452101,329918376
2021-07-16,28.549067,29.442204,26.228809,26.370008,26.370008,374718328
2021-07-17,26.254124,27.696987,26.04067,26.721668,26.721668,289689475
2021-07-18,26.78417,27.733564,26.360977,26.751909,26.751909,230336396
2021-07-19,26.67124,26.721746,24.012245,24.447577,24.447577,361915410
2021-07-20,24.510302,24.975603,22.177542,23.489555,23.489555,413439963
2021-07-21,23.443457,27.416498,22.86537,26.623079,26.623079,555770206
2021-07-22,26.665323,28.13599,25.952209,27.702082,27.702082,364666998
2021-07-23,27.706509,28.690611,26.425711,28.51388,28.51388,407955237
2021-07-24,28.5179,29.507799,28.068638,28.70262,28.70262,353750758
2021-07-25,28.649401,28.872978,26.528553,28.168774,28.168774,309208018
2021-07-26,28.227026,31.054016,27.903797,28.306643,28.306643,743673802
2021-07-27,28.210499,28.952671,27.00543,28.065327,28.065327,375599550
2021-07-28,28.145641,28.746954,27.412333,27.815411,27.815411,315682626
2021-07-29,27.877975,31.886148,27.372438,31.281137,31.281137,448009571
2021-07-30,31.275415,33.055126,30.067673,32.393944,32.393944,617830199
2021-07-31,32.353287,36.868259,31.68322,36.827312,36.827312,587168181
2021-08-01,36.679127,36.719913,33.283005,34.25436,34.25436,490639931
2021-08-02,34.190563,35.912395,33.060654,33.22242,33.22242,407399691
2021-08-03,33.191425,35.833092,32.40266,33.996441,33.996441,474629269
2021-08-04,34.108356,36.652477,33.273182,35.763626,35.763626,413657602
2021-08-05,35.771976,38.208866,35.533855,37.355137,37.355137,595137193
2021-08-06,37.355358,40.388084,35.688293,39.446102,39.446102,589190671
2021-08-07,39.492302,40.505878,37.626602,39.403473,39.403473,534979916
2021-08-08,39.465904,39.533291,36.935577,37.673824,37.673824,358570315
2021-08-09,37.660496,40.004841,36.481171,38.767784,38.767784,377034585
2021-08-10,38.67881,41.660908,38.223171,40.639797,40.639797,452480699
2021-08-11,40.648941,43.73914,40.628239,41.744114,41.744114,507980107
2021-08-12,41.704514,43.401909,39.381557,41.099361,41.099361,527833804
2021-08-13,41.114368,44.900524,40.721619,44.894501,44.894501,541894525
2021-08-14,44.851425,44.871239,42.93766,44.11285,44.11285,363834257
2021-08-15,44.149956,54.629551,43.450008,53.745159,53.745159,1448656564
2021-08-16,53.541149,68.822372,52.465851,62.432465,62.432465,3799339365
2021-08-17,62.11533,74.889259,58.981335,64.210709,64.210709,4043742154
2021-08-18,64.16835,80.119904,60.269714,72.543312,72.543312,4507409622
2021-08-19,72.838562,75.092422,68.610497,72.757607,72.757607,2467398203
2021-08-20,72.748901,79.990005,70.937286,78.724617,78.724617,1844455899
2021-08-21,78.698929,81.813774,72.69693,73.75621,73.75621,1513097171
2021-08-22,73.86834,77.481155,71.553947,72.803917,72.803917,968933849
2021-08-23,72.769409,76.70533,71.680748,75.708038,75.708038,1372134245
2021-08-24,75.780174,79.370949,68.619789,70.670906,70.670906,2153611667
2021-08-25,70.679962,72.702866,66.222763,71.951569,71.951569,1551240766
2021-08-26,71.973434,78.055206,66.264557,75.316208,75.316208,2713050538
2021-08-27,74.811783,88.854279,72.715126,88.086983,88.086983,3263988286
2021-08-28,88.000015,97.842949,85.790642,96.703171,96.703171,2580080503
2021-08-29,96.563972,97.777878,90.993622,94.469673,94.469673,1830344091
2021-08-30,94.344872,116.85023,94.03772,110.54481,110.54481,5274104165
2021-08-31,109.75615,130.01462,103.3513,108.48377,108.48377,7590894022
2021-09-01,107.44448,119.53011,106.27082,111.033,111.033,3974443896
2021-09-02,110.73124,131.96188,109.65262,128.10239,128.10239,5074399603
2021-09-03,128.38908,148.83418,128.38908,146.58305,146.58305,7526373837
2021-09-04,146.41841,150.42856,136.44955,139.11307,139.11307,3970422964
2021-09-05,138.99014,144.99786,135.07997,142.07088,142.07088,2996918105
2021-09-06,142.06282,165.87874,138.03821,164.38092,164.38092,5774090688
2021-09-07,164.18369,194.8197,133.10025,173.14893,173.14893,17068643416
2021-09-08,173.27856,197.98901,147.99118,191.0414,191.0414,13187213606
2021-09-09,209.47079,214.95718,181.44588,188.1958,188.1958,12676272744
2021-09-10,187.61281,196.94519,168.69083,179.86523,179.86523,7087524572
2021-09-11,179.36623,193.40561,175.56541,178.86787,178.86787,5367389010
2021-09-12,179.23016,181.56825,170.58459,174.53763,174.53763,3012633094
2021-09-13,174.41846,174.93187,150.97441,169.26955,169.26955,6437530449
2021-09-14,169.77452,171.30116,143.55312,158.09482,158.09482,5799758794
2021-09-15,158.41544,166.17529,154.23955,159.11739,159.11739,3908939772
2021-09-16,158.80728,163.12283,147.65327,152.47406,152.47406,3215168472
2021-09-17,152.35144,153.44493,135.24522,147.59306,147.59306,4675731485
2021-09-18,147.44876,171.14278,144.39226,169.18422,169.18422,5415012910
2021-09-19,169.22633,170.65211,151.25098,152.51669,152.51669,3350530308
2021-09-20,152.79448,153.38766,131.26103,132.13446,132.13446,5623667250
2021-09-21,132.76231,144.46844,116.3432,123.95039,123.95039,5243953819
2021-09-22,124.17745,150.94151,122.34916,147.92426,147.92426,4952222859
2021-09-23,148.05516,152.36499,143.20126,149.75357,149.75357,3389212044
2021-09-24,149.93547,151.2019,128.80132,139.39565,139.39565,3852350632
2021-09-25,139.29655,144.07256,134.10776,136.17892,136.17892,2037106949
2021-09-26,136.21616,140.78178,125.11543,135.69937,135.69937,2674182809
2021-09-27,135.93137,148.49783,133.98428,136.72842,136.72842,2867246888
2021-09-28,136.50891,139.29436,128.24483,131.53722,131.53722,2422542861
2021-09-29,132.33853,140.03818,131.23369,135.35146,135.35146,2428105040
2021-09-30,135.4129,142.85316,134.31326,141.06905,141.06905,2244376110
2021-10-01,141.38292,164.73755,138.43694,161.68237,161.68237,4387488320
2021-10-02,161.59439,174.9007,156.32234,169.09302,169.09302,3471658582
2021-10-03,169.11371,176.97034,166.07001,172.58916,172.58916,3149579954
2021-10-04,172.96162,172.96162,162.77333,166.73192,166.73192,3109040100
2021-10-05,166.99496,169.97937,160.59315,164.11583,164.11583,2541087419
2021-10-06,164.60519,165.36198,150.76837,154.10774,154.10774,3259712887
2021-10-07,153.96115,161.36299,150.54204,154.28119,154.28119,2579187256
2021-10-08,154.25655,168.84637,152.75577,158.9492,158.9492,2781848650
2021-10-09,158.7047,161.40732,154.8698,156.82584,156.82584,1522023824
2021-10-10,156.75192,158.36157,146.89824,148.04871,148.04871,1556965341
2021-10-11,147.80045,153.92114,140.36397,144.85814,144.85814,1851795187
2021-10-12,145.00766,153.26398,137.81157,152.73712,152.73712,2853992440
2021-10-13,152.52393,155.34799,144.40787,148.17604,148.17604,2105226551
2021-10-14,148.01727,155.32974,147.33093,149.75681,149.75681,1948101208
2021-10-15,150.0466,165.12221,146.98483,162.59621,162.59621,3970589003
2021-10-16,163.00703,164.71371,156.73756,157.53882,157.53882,1531502795
2021-10-17,157.46356,167.42599,154.09035,159.7438,159.7438,2168838138
2021-10-18,159.99748,162.85628,155.03023,157.23128,157.23128,1698878759
2021-10-19,157.21021,159.40587,153.22101,156.01703,156.01703,1400902548
2021-10-20,155.88339,176.44067,155.19984,175.94687,175.94687,3315306825
2021-10-21,176.76555,193.59915,176.76555,190.31844,190.31844,6865815461
2021-10-22,190.4549,214.04445,188.27362,196.43153,196.43153,7486821306
2021-10-23,196.30048,205.66988,192.56276,197.70386,197.70386,3253670286
2021-10-24,197.97311,204.7191,185.57243,202.36198,202.36198,3413057378
2021-10-25,202.31648,218.73189,198.20244,210.10429,210.10429,4837376169
2021-10-26,209.53165,213.98286,197.48665,199.80725,199.80725,3194205752
2021-10-27,199.87448,205.40474,178.73087,183.7746,183.7746,4552692842
2021-10-28,184.5157,201.04536,182.21753,194.86398,194.86398,3463958628
2021-10-29,194.90643,204.89661,194.90643,200.18275,200.18275,2468703579
2021-10-30,200.22572,200.38623,187.81657,195.41606,195.41606,1732207667
2021-10-31,195.77377,205.16338,186.06299,202.42102,202.42102,2577364486
2021-11-01,202.62921,211.36084,198.23897,203.54509,203.54509,3157612663
2021-11-02,203.51791,222.23303,201.18039,220.23959,220.23959,3020087232
2021-11-03,221.07675,246.32153,216.1962,242.89882,242.89882,6024951132
2021-11-04,243.09781,250.46634,235.15088,247.38777,247.38777,4440296290
2021-11-05,247.27094,248.38391,231.16081,236.47433,236.47433,2752870913
2021-11-06,236.49275,260.0621,235.28996,258.93433,258.93433,3869779683
2021-11-07,258.78156,258.8501,246.12242,249.82349,249.82349,2624869522
2021-11-08,249.97926,253.25418,241.14014,248.46718,248.46718,3344410176
2021-11-09,248.35684,253.17982,237.89529,239.21313,239.21313,2819309492
2021-11-10,239.13374,247.94704,218.38855,233.77953,233.77953,3873202098
2021-11-11,233.91399,246.44719,229.74852,234.24075,234.24075,2693456862
2021-11-12,233.72127,238.69568,221.25294,228.50209,228.50209,3022054714
2021-11-13,228.59625,241.82503,225.07593,241.82503,241.82503,2322796265
2021-11-14,241.86211,242.04489,230.68941,238.42552,238.42552,1705211600
2021-11-15,238.7314,245.9761,235.09911,237.5536,237.5536,2414551003
2021-11-16,238.49715,238.49715,215.44209,219.23903,219.23903,3557977024
2021-11-17,219.29564,222.02884,210.02695,218.71524,218.71524,2982505239
2021-11-18,218.87558,222.87694,187.67313,195.48741,195.48741,3911214658
2021-11-19,195.06628,219.36707,189.75017,215.28001,215.28001,3431624914
2021-11-20,215.40691,221.44534,206.28587,218.01527,218.01527,2003638941
2021-11-21,217.78403,235.23091,210.80974,231.28262,231.28262,2636480460
2021-11-22,230.98964,231.90482,212.03009,215.73727,215.73727,3254258844
2021-11-23,215.84296,226.06174,211.31223,221.8369,221.8369,2328763768
2021-11-24,221.86061,222.45927,200.50261,214.92154,214.92154,2293934142
2021-11-25,205.88617,216.40051,202.32341,206.25299,206.25299,2586718627
2021-11-26,210.04828,210.50458,184.32828,191.51175,191.51175,3380122748
2021-11-27,192.28357,199.36499,191.04054,193.10216,193.10216,1443178833
2021-11-28,193.2756,201.62871,182.37245,200.67665,200.67665,2033215941
2021-11-29,200.82127,212.4458,199.9543,204.31937,204.31937,2110532147
2021-11-30,204.23294,218.33939,200.08434,208.67099,208.67099,2888387657
2021-12-01,208.39316,232.38622,208.15227,229.79924,229.79924,3532771294
2021-12-02,229.85471,243.11166,220.38718,233.99304,233.99304,4074103518
2021-12-03,233.6019,239.1221,207.32977,211.2244,211.2244,4061060881
2021-12-04,212.11238,212.80754,171.55357,201.12483,201.12483,5949505665
2021-12-05,200.78061,204.61748,182.01682,196.16826,196.16826,3402591975
2021-12-06,196.54749,197.66302,176.88806,194.19922,194.19922,3693853028
2021-12-07,194.2766,204.1185,188.28081,190.59691,190.59691,2556849839
2021-12-08,190.505,196.37411,184.13271,194.6217,194.6217,2277446203
2021-12-09,194.48329,196.68974,178.79214,181.17809,181.17809,1968182104
2021-12-10,181.46756,184.68942,167.95483,167.95483,167.95483,2118266396
2021-12-11,167.91663,173.89848,161.86,171.94949,171.94949,1877844189
2021-12-12,171.94832,176.64941,167.86125,173.43167,173.43167,1196808540
2021-12-13,173.09993,173.09993,148.57182,155.21306,155.21306,2547597256
2021-12-14,155.14166,161.61827,150.11798,153.34145,153.34145,2604045117
2021-12-15,161.3589,182.51317,157.65321,178.34079,178.34079,3783787658
2021-12-16,178.59154,188.87871,174.45097,176.95467,176.95467,2766320569
2021-12-17,176.89497,182.39363,168.51874,175.5033,175.5033,2711688386
2021-12-18,175.65636,184.37518,171.19656,182.83513,182.83513,1690397976
2021-12-19,182.85091,189.26254,178.75502,180.09805,180.09805,1678714066
2021-12-20,179.97774,181.15326,168.68352,173.67178,173.67178,1982986558
2021-12-21,173.6944,182.41751,170.49063,180.09254,180.09254,1821107818
2021-12-22,179.85834,187.47343,177.42734,178.59712,178.59712,1889229699
2021-12-23,178.50276,193.27605,176.11646,190.03632,190.03632,2191634326
2021-12-24,190.10286,197.15771,185.01938,190.27319,190.27319,2286837232
2021-12-25,190.5316,195.14923,189.03223,193.12093,193.12093,1443209769
2021-12-26,192.92052,200.6442,190.82368,198.00073,198.00073,1971114647
2021-12-27,197.88341,204.57857,195.1608,195.4295,195.4295,1800094698
2021-12-28,195.62166,195.62166,177.04036,177.42563,177.42563,2826063568
2021-12-29,177.38904,180.59077,170.44342,170.65756,170.65756,2175731146
2021-12-30,170.76479,175.69116,168.39848,172.75119,172.75119,1540637869
2021-12-31,172.70384,177.35704,168.31207,170.29907,170.29907,1567918820
2022-01-01,170.31084,178.96225,170.19554,178.51794,178.51794,1084780603
2022-01-02,178.53241,179.43236,175.01231,176.38284,176.38284,995389409
2022-01-03,176.38631,176.38631,167.53398,170.29774,170.29774,1345778058
2022-01-04,170.28612,173.73511,166.74013,167.9389,167.9389,1499265336
2022-01-05,167.94034,171.11046,148.21611,155.09973,155.09973,2123759721
2022-01-06,155.10593,155.10593,146.66766,150.43135,150.43135,2097172620
2022-01-07,150.41341,150.52095,135.14999,136.40282,136.40282,2926269672
2022-01-08,136.40016,147.83731,134.02101,142.51346,142.51346,2730000333
2022-01-09,142.54312,145.44041,138.3941,140.839,140.839,1599123912
2022-01-10,140.83363,143.56337,130.797,135.95494,135.95494,2040883379
2022-01-11,135.9409,143.29904,134.13397,140.18385,140.18385,1554197314
2022-01-12,140.20375,152.93648,138.54626,151.70311,151.70311,2242337550
2022-01-13,151.6906,157.54373,146.01004,146.01004,146.01004,2177023564
2022-01-14,146.02591,150.46948,142.39069,146.15903,146.15903,1822320951
2022-01-15,146.18002,149.35019,144.41914,147.80118,147.80118,1123271784
2022-01-16,147.78661,151.77234,146.40178,147.85652,147.85652,1172854751
2022-01-17,147.87679,148.20587,137.50003,139.92601,139.92601,1487772250
2022-01-18,139.93277,142.46649,134.8958,141.58719,141.58719,1449435942
2022-01-19,141.547,142.29408,133.35518,135.79239,135.79239,1444663456
2022-01-20,135.79134,143.6174,127.17404,127.20528,127.20528,984099352
2022-01-21,127.33334,128.43286,107.909,111.96606,111.96606,3771688473
2022-01-22,111.97654,113.58768,89.287155,94.178368,94.178368,4039466376
2022-01-23,94.307602,104.5192,93.593483,99.578224,99.578224,2548191912
2022-01-24,99.617516,99.770515,81.226051,91.650162,91.650162,4664539688
2022-01-25,91.660156,99.701233,87.757126,94.720352,94.720352,2842652332
2022-01-26,94.718834,103.72156,89.807556,92.238045,92.238045,3177186515
2022-01-27,92.218056,94.059998,86.186035,89.632492,89.632492,2513945822
2022-01-28,89.529091,93.36467,87.574242,91.312897,91.312897,2156098049
2022-01-29,91.354698,98.611046,90.963799,96.223488,96.223488,1727329992
2022-01-30,96.249001,97.298325,91.707024,93.297676,93.297676,1110338981
2022-01-31,93.30117,100.72507,89.585991,99.738838,99.738838,1888454241
2022-02-01,99.725945,112.98013,99.477859,109.97898,109.97898,3568466349
2022-02-02,110.01945,111.95737,97.735596,101.8376,101.8376,3297984784
2022-02-03,101.8281,102.66846,94.635315,101.45904,101.45904,2618951519
2022-02-04,101.34093,112.41033,100.67738,112.17425,112.17425,3121470028
2022-02-05,112.20548,118.21312,110.53407,113.8943,113.8943,2337469324
2022-02-06,113.90282,115.86649,112.18636,115.29976,115.29976,1488437091
2022-02-07,115.27619,121.55403,113.14046,117.35515,117.35515,2501444983
2022-02-08,117.40891,119.96955,110.24194,113.59548,113.59548,2670414753
2022-02-09,113.53403,116.82732,109.97865,114.01938,114.01938,1844036035
2022-02-10,114.02164,114.78842,106.2028,106.2028,106.2028,2534257400
2022-02-11,106.22977,107.84539,95.604286,96.381882,96.381882,2244853464
2022-02-12,96.401489,99.553658,93.498642,95.918205,95.918205,1722515979
2022-02-13,95.892586,97.206215,91.815704,93.244102,93.244102,1150014559
2022-02-14,93.193687,97.74173,91.207695,96.433273,96.433273,1787236369
2022-02-15,96.437408,105.29198,96.433296,104.87331,104.87331,2134576044
2022-02-16,104.92504,105.34634,98.580376,101.9329,101.9329,1908954820
2022-02-17,101.89823,102.63293,92.676247,93.410423,93.410423,1872498133
2022-02-18,93.462982,96.20182,89.706108,90.06546,90.06546,1669246812
2022-02-19,90.05188,92.540962,88.953117,91.496651,91.496651,1084605729
2022-02-20,91.444321,93.320282,86.017441,90.901413,90.901413,1912980153
2022-02-21,90.883026,95.904091,83.118446,83.123161,83.123161,2892900595
2022-02-22,83.1064,87.163979,81.204857,86.465385,86.465385,2046554018
2022-02-23,86.470795,92.738441,84.902786,84.902786,84.902786,2293962445
2022-02-24,84.863579,92.279396,76.859573,89.194748,89.194748,5253578948
2022-02-25,89.228134,94.777809,87.276161,92.598824,92.598824,3069242551
2022-02-26,92.608864,94.604332,89.757675,90.141563,90.141563,1721041901
2022-02-27,90.124634,91.989433,84.492928,85.519051,85.519051,2012522473
2022-02-28,85.501106,101.04179,84.575844,99.520348,99.520348,3457872746
2022-03-01,99.540466,101.55916,94.893425,98.653557,98.653557,3225742519
2022-03-02,98.649071,105.98477,97.105797,100.64964,100.64964,3800592927
2022-03-03,100.65377,101.42727,94.37796,95.5392,95.5392,2309311748
2022-03-04,95.567039,95.70813,87.554443,88.245979,88.245979,2592829728
2022-03-05,88.290535,91.036179,86.288841,89.647842,89.647842,1437161887
2022-03-06,89.64859,89.865379,84.329643,84.542183,84.542183,1467561782
2022-03-07,84.552872,86.483086,80.316849,82.130066,82.130066,2375648176
2022-03-08,82.112602,84.7799,81.540115,82.254761,82.254761,2112765959
2022-03-09,82.279922,89.482048,82.206238,88.202065,88.202065,2624860794
2022-03-10,88.190399,88.453949,81.019341,82.939087,82.939087,2196400279
2022-03-11,82.940742,84.050667,80.281235,80.744995,80.744995,1852734626
2022-03-12,80.74752,82.663757,80.722099,81.553818,81.553818,1036290480
2022-03-13,81.531219,82.883034,78.004387,78.936073,78.936073,1316842580
2022-03-14,78.925575,82.099304,78.274353,81.17334,81.17334,1676601058
2022-03-15,81.170059,85.51931,79.071777,82.955086,82.955086,1627848455
2022-03-16,82.951675,87.903625,81.653244,87.903625,87.903625,2370877301
2022-03-17,87.862457,90.757286,86.751228,87.876846,87.876846,2440062581
2022-03-18,87.866264,91.848618,84.636978,89.822037,89.822037,2745357460
2022-03-19,89.820457,94.360893,89.392616,92.418152,92.418152,1951674158
2022-03-20,92.413666,92.435921,88.150459,88.614861,88.614861,1286133603
2022-03-21,88.605003,91.011986,87.207642,88.757202,88.757202,1598537312
2022-03-22,88.741905,93.766808,88.182777,90.51297,90.51297,1879747152
2022-03-23,90.513931,96.051842,89.811462,95.102684,95.102684,2099467745
2022-03-24,95.020905,103.4558,94.065506,102.22369,102.22369,3601646600
2022-03-25,102.23836,104.58296,97.318245,98.658104,98.658104,2175497007
2022-03-26,98.666748,103.19357,97.829681,101.76418,101.76418,1282869612
2022-03-27,101.7737,107.29871,99.269096,107.08422,107.08422,1572329892
2022-03-28,107.07796,113.17595,105.47787,106.46526,106.46526,2877146388
2022-03-29,106.32799,115.27572,105.99919,111.71031,111.71031,3052274877
2022-03-30,111.69025,124.605,107.76726,120.69949,120.69949,3908170428
2022-03-31,120.68156,128.93011,120.19783,122.66146,122.66146,4115229587
2022-04-01,122.73611,137.55841,118.78791,134.43094,134.43094,4434807484
2022-04-02,134.45358,143.02002,132.13919,132.19887,132.19887,3394186456
2022-04-03,132.24107,140.2637,131.22615,136.77533,136.77533,2585967812
2022-04-04,136.76079,137.63351,126.86533,132.41263,132.41263,2828117206
2022-04-05,132.38786,136.18285,126.56397,126.86224,126.86224,2239922210
2022-04-06,126.85796,127.28116,112.77368,112.88338,112.88338,3281009143
2022-04-07,112.9358,119.76071,111.95747,118.79652,118.79652,2431083313
2022-04-08,118.81622,122.25412,108.54116,109.80088,109.80088,2376864565
2022-04-09,109.79876,113.11489,108.63434,112.97279,112.97279,1202250516
2022-04-10,112.97271,115.80833,110.07784,111.74244,111.74244,1280232450
2022-04-11,111.69899,111.83114,98.670853,99.339104,99.339104,2272498194
2022-04-12,99.384674,109.11756,98.935303,103.30639,103.30639,2317008207
2022-04-13,103.28101,105.67685,100.48846,105.00195,105.00195,1675840412
2022-04-14,104.94061,107.32964,99.256844,100.7078,100.7078,1686576071
2022-04-15,100.70653,102.67265,100.1009,101.30978,101.30978,1050639351
2022-04-16,101.29869,103.27172,100.96472,102.25732,102.25732,774939305
2022-04-17,102.24844,105.29456,99.958176,100.4097,100.4097,1057908299
2022-04-18,100.40795,102.51703,95.242775,102.15853,102.15853,1846133932
2022-04-19,102.20238,108.58203,101.30173,108.58203,108.58203,1711909607
2022-04-20,108.6022,110.72298,104.77266,105.497,105.497,1761531528
2022-04-21,105.49767,109.76533,100.76715,101.77614,101.77614,1838571747
2022-04-22,101.75742,103.49815,99.57943,100.61205,100.61205,1274793594
2022-04-23,100.61978,102.77123,98.78157,100.74444,100.74444,823252482
2022-04-24,100.72719,102.21668,99.008514,99.235794,99.235794,818266008
2022-04-25,99.241409,101.44059,94.755753,101.24763,101.24763,1538486689
2022-04-26,101.22488,101.74249,95.177895,95.78215,95.78215,1301074534
2022-04-27,95.785522,100.54493,95.283501,98.378868,98.378868,1253566599
2022-04-28,98.382149,100.40123,96.694527,98.18573,98.18573,1307131609
2022-04-29,98.182961,98.568565,92.88427,94.011345,94.011345,1234575023
2022-04-30,94.013557,94.928848,82.909538,85.095932,85.095932,1293033765
2022-05-01,85.094688,92.43013,84.944153,89.671509,89.671509,1426749080
2022-05-02,89.672058,90.693367,85.407219,87.581017,87.581017,1265220129
2022-05-03,87.562744,88.687859,84.922104,85.842377,85.842377,1011988792
2022-05-04,85.841728,92.937195,85.728065,92.770851,92.770851,1428455342
2022-05-05,92.769791,95.032822,81.834869,84.596024,84.596024,1805979399
2022-05-06,84.588493,84.646935,80.468613,81.764107,81.764107,1585081920
2022-05-07,81.76667,82.180786,77.883232,78.983421,78.983421,1139093165
2022-05-08,78.987633,79.283791,74.527184,75.220184,75.220184,1439700868
2022-05-09,75.234459,76.983093,63.269653,63.269653,63.269653,2773999164
2022-05-10,63.369312,73.759888,61.026585,66.766151,66.766151,3677013066
2022-05-11,66.734749,68.117226,44.003826,50.21085,50.21085,4432811558
2022-05-12,50.239231,53.659389,38.050091,44.68359,44.68359,4471167155
2022-05-13,44.633572,55.902115,44.076366,48.593552,48.593552,2854210432
2022-05-14,48.676643,53.061165,46.220566,52.417225,52.417225,2042138537
2022-05-15,52.431343,58.878067,49.834801,58.81126,58.81126,1843835578
2022-05-16,58.803913,58.803913,52.267929,53.646461,53.646461,2067312217
2022-05-17,53.656006,58.038071,53.505302,57.125626,57.125626,1823895389
2022-05-18,57.116318,57.69772,49.731094,49.75621,49.75621,1745565671
2022-05-19,49.794865,53.617489,48.635551,52.213978,52.213978,1958004386
2022-05-20,52.211971,53.438042,48.050583,49.538509,49.538509,1830699507
2022-05-21,49.53545,51.05505,48.767487,50.317982,50.317982,979492374
2022-05-22,50.32066,53.02166,49.862785,52.75518,52.75518,1105760506
2022-05-23,52.736088,54.474648,48.927246,49.05685,49.05685,1661669360
2022-05-24,49.064232,50.577522,47.500824,49.653336,49.653336,1508166642
2022-05-25,49.648418,50.442371,47.673145,47.982426,47.982426,1304580067
2022-05-26,47.983974,48.551022,42.321381,43.491211,43.491211,2208994514
2022-05-27,43.47438,43.813648,40.268963,40.981346,40.981346,2256358026
2022-05-28,41.493732,44.658012,40.548679,44.343163,44.343163,1254325884
2022-05-29,44.338791,45.386253,41.998047,44.909615,44.909615,1317843243
2022-05-30,44.908669,47.936829,44.357407,47.179443,47.179443,1708817065
2022-05-31,47.181328,48.03899,44.840015,45.767841,45.767841,1509191627
2022-06-01,45.765129,45.946659,40.05035,40.269669,40.269669,1422647092
2022-06-02,40.25528,41.327866,38.360672,40.891346,40.891346,1554022054
2022-06-03,40.895752,41.433346,37.802719,38.25922,38.25922,1348656102
2022-06-04,38.274551,39.040428,36.040726,38.931446,38.931446,1130762770
2022-06-05,38.934101,39.995296,38.035351,38.480534,38.480534,998532387
2022-06-06,38.501598,44.450619,38.438789,42.433132,42.433132,1955057411
2022-06-07,42.429775,42.44931,37.776325,39.437572,39.437572,1974825213
2022-06-08,39.434052,40.526806,38.401608,38.843369,38.843369,1211034282
2022-06-09,38.845585,41.723763,38.555695,39.972607,39.972607,1265873005
2022-06-10,39.967625,40.769779,37.001259,37.089767,37.089767,1177042406
2022-06-11,37.092381,37.843258,33.435917,33.821117,33.821117,1086904917
2022-06-12,33.83749,34.228504,30.743271,30.743271,30.743271,1430666510
2022-06-13,30.730293,30.917982,26.13961,28.192362,28.192362,2577135234
2022-06-14,28.182896,31.610319,26.06032,29.714619,29.714619,2317785256
2022-06-15,29.695768,34.565529,26.868401,34.487942,34.487942,2574959860
2022-06-16,34.506123,35.71172,29.731699,29.989742,29.989742,1908909523
2022-06-17,30.002502,32.008869,29.478064,30.74292,30.74292,1283536081
2022-06-18,30.740925,31.838633,27.463039,31.807936,31.807936,1804420726
2022-06-19,31.809134,35.160576,28.910509,34.243748,34.243748,2005402608
2022-06-20,34.238365,36.764236,31.892912,35.417114,35.417114,1958378683
2022-06-21,35.397156,38.804771,34.400112,36.121159,36.121159,1790090431
2022-06-22,36.182724,36.704681,33.802742,34.121635,34.121635,1533123071
2022-06-23,34.120804,38.347355,34.083588,38.175232,38.175232,1666479184
2022-06-24,38.201443,42.729317,37.852936,42.212048,42.212048,1765927064
2022-06-25,42.202999,42.490692,39.875328,42.332813,42.332813,1271293523
2022-06-26,42.302418,42.341324,39.384304,39.408089,39.408089,1138724690
2022-06-27,39.409088,41.082157,38.170925,38.451252,38.451252,1253389517
2022-06-28,38.445427,39.705933,35.229137,35.326439,35.326439,1361946847
2022-06-29,35.327236,35.969231,33.251137,33.873901,33.873901,1366803516
2022-06-30,33.908783,34.045753,31.057346,33.588417,33.588417,1321861663
2022-07-01,33.645653,35.230743,31.934067,32.80307,32.80307,1427407655
2022-07-02,32.811005,33.934597,31.957586,33.359409,33.359409,765552187
2022-07-03,33.356258,33.577499,32.219078,33.385933,33.385933,605659825
2022-07-04,33.385269,36.806507,32.520714,36.78503,36.78503,1091202628
2022-07-05,36.761269,36.87249,33.266792,35.395554,35.395554,1569156882
2022-07-06,35.40472,37.476231,34.889488,37.073563,37.073563,1410588451
2022-07-07,37.075268,39.11948,36.497711,38.518307,38.518307,1189167903
2022-07-08,38.517429,39.35284,36.55621,38.28672,38.28672,1485794730
2022-07-09,38.292435,38.792534,37.870064,38.07196,38.07196,789899204
2022-07-10,38.071083,38.071083,36.386768,36.697609,36.697609,714119421
2022-07-11,36.693195,36.693195,33.337299,33.4636,33.4636,930216020
2022-07-12,33.465031,34.501244,32.757595,32.757595,32.757595,916386230
2022-07-13,32.748028,34.939667,31.959471,34.910938,34.910938,1313110217
2022-07-14,34.912262,37.221024,33.690948,37.107822,37.107822,1320137563
2022-07-15,37.11224,38.851181,36.646233,37.415928,37.415928,1266226950
2022-07-16,37.412758,40.084702,36.401539,39.574123,39.574123,1149921714
2022-07-17,39.579891,40.968723,38.546474,38.644722,38.644722,1119935904
2022-07-18,38.646957,43.746159,38.608562,43.746159,43.746159,1793335611
2022-07-19,43.668545,47.09938,42.716999,44.899876,44.899876,2530289999
2022-07-20,44.896854,46.09573,41.642551,42.09367,42.09367,2020822242
2022-07-21,42.088425,43.919407,39.818287,43.190594,43.190594,1926399176
2022-07-22,43.189011,44.223217,40.138878,40.618504,40.618504,1523873136
2022-07-23,40.591167,41.826378,38.714317,40.040977,40.040977,1151436691
2022-07-24,40.038811,42.021122,39.605618,41.006584,41.006584,1115260733
2022-07-25,41.00948,41.048183,36.711998,36.711998,36.711998,1465847128
2022-07-26,36.715424,36.715424,34.819839,36.190853,36.190853,1362323126
2022-07-27,36.203747,40.39473,35.755058,40.30785,40.30785,1829226049
2022-07-28,40.302082,44.073296,39.1329,42.845268,42.845268,2454901807
2022-07-29,42.876968,44.228748,41.277008,41.926998,41.926998,2066610408
2022-07-30,41.923416,46.476025,41.619186,43.75589,43.75589,1980341418
2022-07-31,43.760658,45.051529,42.352737,42.400204,42.400204,1356657075
2022-08-01,42.401554,43.116291,40.736763,41.786484,41.786484,1082119921
2022-08-02,41.774147,42.332111,39.74712,39.754505,39.754505,1205226999
2022-08-03,39.754864,40.730652,37.893131,38.544418,38.544418,2312325350
2022-08-04,38.54464,39.679878,38.044727,38.830673,38.830673,1235137178
2022-08-05,38.823994,41.174652,38.795719,40.561031,40.561031,1198859111
2022-08-06,40.561169,40.845413,39.953098,40.057007,40.057007,650997770
2022-08-07,40.060047,41.494068,39.336483,40.605591,40.605591,614104051
2022-08-08,40.609642,43.539856,40.603798,42.170551,42.170551,1117550363
2022-08-09,42.175392,42.702393,39.943928,40.372623,40.372623,895263875
2022-08-10,40.370525,42.611816,39.257374,42.365868,42.365868,1389333742
2022-08-11,42.37365,45.124771,42.37365,42.821789,42.821789,1735349568
2022-08-12,42.82053,45.375183,42.23114,45.334759,45.334759,1128246063
2022-08-13,45.340744,48.184284,45.340744,46.485348,46.485348,1416039040
2022-08-14,46.505985,47.960876,44.694038,44.916569,44.916569,1061034922
2022-08-15,44.92244,47.127541,42.909031,43.823223,43.823223,1364253429
2022-08-16,43.806095,44.187122,42.782154,43.158806,43.158806,1131452045
2022-08-17,43.153057,44.633087,40.28677,40.403053,40.403053,1336772691
2022-08-18,40.42651,41.607304,39.525936,39.545231,39.545231,885648540
2022-08-19,39.541328,39.541328,35.755028,35.890259,35.890259,1821467945
2022-08-20,35.876614,37.223209,34.358337,35.269733,35.269733,1203622743
2022-08-21,35.264179,36.982368,34.782307,36.533199,36.533199,982071275
2022-08-22,36.525806,36.525806,33.90044,35.47438,35.47438,1139846770
2022-08-23,35.475307,36.050423,34.312916,35.646252,35.646252,854779221
2022-08-24,35.645657,36.286068,34.433517,34.957916,34.957916,946325778
2022-08-25,34.959103,36.422668,34.933643,35.316463,35.316463,828503624
2022-08-26,35.313255,35.580132,31.499327,31.726362,31.726362,1315871629
2022-08-27,31.713827,32.205086,30.953018,31.542433,31.542433,764882265
2022-08-28,31.538864,32.129612,30.388781,30.392286,30.392286,562501615
2022-08-29,30.39386,32.520748,30.119162,32.465298,32.465298,891913484
2022-08-30,32.460041,33.072636,30.796524,31.412056,31.412056,861409804
2022-08-31,31.416515,32.876423,31.237885,31.472956,31.472956,769308937
2022-09-01,31.475082,31.709314,30.511267,31.585678,31.585678,666487074
2022-09-02,31.584988,32.358829,30.843948,31.22793,31.22793,659575995
2022-09-03,31.228193,31.232313,30.858368,31.109484,31.109484,314531753
2022-09-04,31.10894,32.139351,31.081865,32.106956,32.106956,392954663
2022-09-05,32.108028,32.370533,31.211069,32.194649,32.194649,512588616
2022-09-06,32.199669,33.785297,30.640547,30.891743,30.891743,1196204019
2022-09-07,30.8839,32.896896,30.488951,32.710918,32.710918,779212909
2022-09-08,32.708031,33.796051,32.102501,33.608646,33.608646,978070646
2022-09-09,33.606644,35.799934,33.6064,34.739765,34.739765,1186140934
2022-09-10,34.732857,35.362141,34.369415,35.126728,35.126728,731145106
2022-09-11,35.122841,35.899521,34.124435,34.965961,34.965961,757216096
2022-09-12,34.967442,38.169079,34.507923,37.424183,37.424183,1701399970
2022-09-13,37.421608,38.870384,32.870453,33.430817,33.430817,1785181627
2022-09-14,33.018276,34.283195,32.870453,34.091572,34.091572,1003604224
2022-09-15,34.094292,34.715267,32.721893,33.047684,33.047684,1139377803
2022-09-16,33.044594,33.203125,31.641165,32.208858,32.208858,765952525
2022-09-17,32.212246,33.848179,32.212246,33.750778,33.750778,501302380
2022-09-18,33.748276,33.954716,30.979143,31.059855,31.059855,694870049
2022-09-19,31.053614,32.989857,30.693249,32.685303,32.685303,971182780
2022-09-20,32.687065,32.790112,31.389032,31.433041,31.433041,819978937
2022-09-21,31.43379,33.133961,30.195068,30.826378,30.826378,1193686258
2022-09-22,30.815771,32.807045,30.638882,32.408905,32.408905,833702543
2022-09-23,32.406239,33.909164,31.363554,33.676636,33.676636,982495447
2022-09-24,33.675129,34.699177,33.274097,33.46265,33.46265,872691785
2022-09-25,33.461063,33.985237,32.014919,32.335361,32.335361,610529879
2022-09-26,32.336349,33.881508,31.96015,33.880554,33.880554,936313674
2022-09-27,33.878628,35.237244,32.271835,32.75013,32.75013,1223724195
2022-09-28,32.738255,33.741096,31.727701,33.235439,33.235439,998520503
2022-09-29,33.235283,34.338314,32.793049,33.95245,33.95245,951223921
2022-09-30,33.951778,35.133347,32.735813,33.212444,33.212444,1210784941
2022-10-01,33.215691,33.225082,32.466942,32.469395,32.469395,572976679
2022-10-02,32.470421,32.998119,31.997139,32.055698,32.055698,532211084
2022-10-03,32.05711,33.204929,31.954931,32.967621,32.967621,633204077
2022-10-04,32.956772,34.341999,32.881382,34.122471,34.122471,717157069
2022-10-05,34.117191,34.311543,33.279221,34.073883,34.073883,655950188
2022-10-06,34.073753,34.457283,33.333324,33.342819,33.342819,712289836
2022-10-07,33.344467,33.728569,32.551998,33.001465,33.001465,649212486
2022-10-08,33.000069,33.042526,32.445843,32.577934,32.577934,367021196
2022-10-09,32.578014,33.103115,32.478024,32.913883,32.913883,405849928
2022-10-10,32.912937,33.339455,31.970835,31.970835,31.970835,640691958
2022-10-11,31.966032,31.966032,30.579493,30.776869,30.776869,733071932
2022-10-12,30.779692,31.46023,30.72917,31.165485,31.165485,490127096
2022-10-13,31.164413,31.181086,28.197371,30.544519,30.544519,1302451856
2022-10-14,30.542488,31.909657,29.759932,30.007418,30.007418,836283411
2022-10-15,30.006132,30.151255,29.534006,29.575348,29.575348,547825492
2022-10-16,29.578842,30.444729,29.578842,30.16884,30.16884,608389719
2022-10-17,30.168091,31.263992,29.88316,31.224876,31.224876,658840500
2022-10-18,31.224253,31.411192,29.833694,30.164331,30.164331,715092973
2022-10-19,30.164618,30.212551,28.830276,28.900799,28.900799,697269954
2022-10-20,28.894571,29.432121,28.073795,28.085096,28.085096,803871622
2022-10-21,28.080429,28.243172,26.986404,28.108677,28.108677,967208274
2022-10-22,28.108328,28.14439,27.557684,28.013863,28.013863,474234383
2022-10-23,28.013676,29.331539,27.85796,29.270071,29.270071,633157057
2022-10-24,29.27252,29.413946,28.215033,28.310064,28.310064,667625312
2022-10-25,28.30999,32.191311,28.119305,30.939976,30.939976,1336242036
2022-10-26,30.928865,31.837549,30.765102,31.284721,31.284721,1250974763
2022-10-27,31.287027,32.203964,30.585346,30.630625,30.630625,1275994871
2022-10-28,30.630795,32.448708,30.189333,32.111263,32.111263,1063403956
2022-10-29,32.109062,33.73914,31.916813,32.857128,32.857128,1165931963
2022-10-30,32.857777,33.479279,32.061623,32.965931,32.965931,731319297
2022-10-31,32.961021,34.307743,32.286266,32.611038,32.611038,1174404933
2022-11-01,32.607609,33.325981,32.201412,32.248425,32.248425,729292793
2022-11-02,32.245979,32.834824,30.294113,30.788076,30.788076,1166999748
2022-11-03,30.792919,32.143494,30.677149,30.84388,30.84388,832207929
2022-11-04,30.841738,34.104263,30.73159,33.780853,33.780853,1364403572
2022-11-05,33.777416,38.549622,33.735134,36.765762,36.765762,2470595904
2022-11-06,36.772167,36.902027,32.546303,32.683582,32.683582,1650006613
2022-11-07,32.678947,33.067505,28.926735,29.601345,29.601345,2545092967
2022-11-08,29.597441,31.060968,21.783983,24.152937,24.152937,6120104231
2022-11-09,24.159435,24.159435,12.505624,13.940857,13.940857,4647808136
2022-11-10,13.985069,18.675638,13.411027,17.681408,17.681408,4084381465
2022-11-11,17.66345,18.136482,15.507472,16.326746,16.326746,2191908978
2022-11-12,16.340282,16.408434,14.538013,14.539001,14.539001,866923655
2022-11-13,14.537562,14.660888,13.122664,13.164529,13.164529,880792311
2022-11-14,13.165713,14.889988,12.254618,14.001356,14.001356,1365413449
2022-11-15,13.999627,14.969863,13.932036,14.301294,14.301294,833458645
2022-11-16,14.299587,14.562107,13.711964,14.285508,14.285508,487495993
2022-11-17,14.286023,14.46369,13.078255,13.638735,13.638735,673219780
2022-11-18,13.638845,13.790632,13.039168,13.247497,13.247497,357193046
2022-11-19,13.24739,13.255353,12.644581,12.851014,12.851014,314294255
2022-11-20,12.852312,13.416734,12.203308,12.252833,12.252833,508411732
2022-11-21,12.254122,12.257598,11.341638,11.846209,11.846209,504498729
2022-11-22,11.842515,12.465628,11.010652,12.435625,12.435625,529418278
2022-11-23,12.43792,14.402455,12.427633,14.351512,14.351512,859905329
2022-11-24,14.353003,14.85401,13.916857,14.582351,14.582351,620159372
2022-11-25,14.580628,14.581173,13.961507,14.063138,14.063138,323667943
2022-11-26,14.0628,14.887809,14.031248,14.159194,14.159194,333271818
2022-11-27,14.159537,14.409466,14.082966,14.115767,14.115767,225035409
2022-11-28,14.113132,14.145077,12.824841,13.404518,13.404518,447463511
2022-11-29,13.403423,13.897473,13.280128,13.369734,13.369734,265372933
2022-11-30,13.371024,14.21945,13.308285,14.115445,14.115445,331594403
2022-12-01,14.133452,14.154324,13.441185,13.480968,13.480968,232200065
2022-12-02,13.482586,13.773052,13.377079,13.71564,13.71564,245049936
2022-12-03,13.716783,13.730709,13.278402,13.302458,13.302458,161314094
2022-12-04,13.301778,13.724018,13.299368,13.718219,13.718219,141802483
2022-12-05,13.716101,14.13532,13.630226,13.831113,13.831113,335440747
2022-12-06,13.830925,14.322913,13.828653,14.288855,14.288855,279979830
2022-12-07,14.292367,14.31063,13.497425,13.519653,13.519653,223134812
2022-12-08,13.519829,13.753017,13.310491,13.689222,13.689222,195918913
2022-12-09,13.689074,13.979892,13.536896,13.580188,13.580188,211833041
2022-12-10,13.581316,13.695787,13.568408,13.576996,13.576996,109293691
2022-12-11,13.576214,13.778305,13.41336,13.42781,13.42781,117436002
2022-12-12,13.426751,13.458085,12.951157,13.318544,13.318544,205298705
2022-12-13,13.318247,14.05765,12.828972,13.833986,13.833986,315949878
2022-12-14,13.836178,14.887667,13.831062,14.140526,14.140526,441479811
2022-12-15,14.140318,14.467164,13.909064,14.021511,14.021511,272679087
2022-12-16,14.021939,14.145012,12.14768,12.266606,12.266606,358747840
2022-12-17,12.265799,12.511941,11.987808,12.504404,12.504404,222801055
2022-12-18,12.504684,12.568932,12.312158,12.41312,12.41312,110722042
2022-12-19,12.41585,12.566923,11.73771,11.932655,11.932655,206060595
2022-12-20,11.934521,12.43645,11.875389,12.280515,12.280515,177388342
2022-12-21,12.279061,12.279061,11.929597,12.128985,12.128985,167974882
2022-12-22,12.129865,12.168594,11.720109,11.794829,11.794829,181200151
2022-12-23,11.794523,12.084676,11.755585,11.786166,11.786166,157181374
2022-12-24,11.786255,11.786255,11.239624,11.444276,11.444276,202780776
2022-12-25,11.444534,11.534026,11.27483,11.387903,11.387903,105389060
2022-12-26,11.38769,11.45341,11.138464,11.306611,11.306611,132410401
2022-12-27,11.309179,11.390708,10.76621,11.08543,11.08543,223332961
2022-12-28,11.084863,11.098109,9.5229492,9.7559061,9.7559061,468728777
2022-12-29,9.7557755,9.8271294,8.1412678,9.651783,9.651783,772500177
2022-12-30,9.6519146,10.021772,9.0627146,9.8801765,9.8801765,837030648
2022-12-31,9.8810053,10.151167,9.6926241,9.9610386,9.9610386,285758573
2023-01-01,9.9610357,10.052801,9.7210112,9.982173,9.982173,194221164
2023-01-02,9.983222,11.372013,9.845211,11.272967,11.272967,558570124
2023-01-03,11.274727,13.500268,11.053267,13.344046,13.344046,1149255381
2023-01-04,13.351509,14.09534,12.922946,13.435113,13.435113,1142852070
2023-01-05,13.434939,13.7692,12.990192,13.41933,13.41933,564255825
2023-01-06,13.420552,13.541294,12.771324,13.525842,13.525842,517147909
2023-01-07,13.526757,13.526757,13.055073,13.092268,13.092268,210349250
2023-01-08,13.091505,14.333257,12.924286,14.319933,14.319933,535020165
2023-01-09,14.325533,17.361557,14.325533,16.302464,16.302464,2029272608
2023-01-10,16.296198,16.640087,15.711213,16.196724,16.196724,833408341
2023-01-11,16.196577,16.446589,15.368487,16.359415,16.359415,630606082
2023-01-12,16.789261,16.808434,15.744722,16.619043,16.619043,884719784
2023-01-13,16.618727,18.514465,16.381359,18.288445,18.288445,1037251176
2023-01-14,18.287506,24.565018,18.266825,24.249458,24.249458,3399684035
2023-01-15,24.259123,24.651987,22.116848,22.873306,22.873306,1661787281
2023-01-16,22.875086,24.752789,22.585596,23.577564,23.577564,1596086615
2023-01-17,23.580601,23.802801,22.882893,22.884064,22.884064,926501252
2023-01-18,22.886484,23.482634,20.693499,20.850634,20.850634,1427677518
2023-01-19,20.850828,21.765444,20.52895,21.426765,21.426765,799641392
2023-01-20,21.426407,25.678333,21.004543,25.548271,25.548271,1419157455
2023-01-21,25.551525,26.4105,24.614994,24.627838,24.627838,1948796870
2023-01-22,24.624043,25.38925,23.756323,24.23279,24.23279,1029738787
2023-01-23,24.231546,24.885983,23.973736,24.357807,24.357807,874649827
2023-01-24,24.352102,25.167665,22.647783,22.795673,22.795673,837211317
2023-01-25,22.796204,25.216593,22.397007,24.571445,24.571445,1166026842
2023-01-26,24.561398,25.120348,23.953539,24.350697,24.350697,809826004
2023-01-27,24.350981,24.861765,23.498766,24.407858,24.407858,682926581
2023-01-28,24.410603,25.017385,23.841827,23.981802,23.981802,489857934
2023-01-29,23.980787,26.652805,23.827845,26.132387,26.132387,1131621628
2023-01-30,26.135302,26.249315,23.489176,23.946321,23.946321,1084170329
2023-01-31,23.949322,24.341288,23.592249,23.952547,23.952547,617019880
2023-02-01,23.948515,25.126236,22.643122,24.993359,24.993359,984317489
2023-02-02,24.988787,26.037151,24.254307,24.265059,24.265059,1017290364
2023-02-03,24.260811,25.003572,24.118975,24.680897,24.680897,643813200
2023-02-04,24.679983,24.892578,24.317745,24.317745,24.317745,321758043
2023-02-05,24.319521,24.425667,23.116827,23.493439,23.493439,578466008
2023-02-06,23.493685,23.687357,22.603905,22.706388,22.706388,449884793
2023-02-07,22.697823,23.899799,22.607054,23.861357,23.861357,625438600
2023-02-08,23.860729,24.148073,22.881855,23.192671,23.192671,534148944
2023-02-09,23.198092,23.279087,20.203577,20.452127,20.452127,797436250
2023-02-10,20.45359,21.117727,19.843344,20.13011,20.13011,654189930
2023-02-11,20.128391,20.86068,20.119469,20.830095,20.830095,267159267
2023-02-12,20.828875,22.260618,20.646626,21.489979,21.489979,532943787
2023-02-13,21.486788,21.529655,19.870745,20.7901,20.7901,693292656
2023-02-14,20.781595,22.245665,20.711224,21.824953,21.824953,865868623
2023-02-15,21.824722,23.901154,21.502102,23.883902,23.883902,747616299
2023-02-16,23.88419,24.030554,22.264261,22.285952,22.285952,885086333
2023-02-17,22.282129,23.493309,22.153913,23.166758,23.166758,580803415
2023-02-18,23.167397,23.757635,22.967705,23.478592,23.478592,370892073
2023-02-19,23.476208,25.520731,23.268293,24.840752,24.840752,993875671
2023-02-20,24.846375,26.925581,24.342072,26.181387,26.181387,1459545676
2023-02-21,26.182732,26.424297,24.673828,24.948559,24.948559,925847245
2023-02-22,24.949751,25.135201,23.377934,24.181349,24.181349,892548647
2023-02-23,24.182421,24.635834,23.683668,23.900801,23.900801,579213279
2023-02-24,23.899637,24.05633,22.636557,23.053036,23.053036,612377428
2023-02-25,23.058849,23.273439,21.641863,22.523399,22.523399,547286025
2023-02-26,22.523857,23.484447,22.32424,23.256088,23.256088,370371591
2023-02-27,23.255739,23.367462,22.400766,22.692589,22.692589,475987023
2023-02-28,22.690985,22.725033,21.825813,21.916388,21.916388,351065863
2023-03-01,21.912136,22.795338,21.738678,22.506432,22.506432,346532018
2023-03-02,22.505314,22.575216,21.73251,21.984879,21.984879,322545445
2023-03-03,21.986517,22.001711,20.541079,21.399353,21.399353,489228523
2023-03-04,21.400026,21.536839,20.374146,20.966839,20.966839,249364880
2023-03-05,20.966393,21.616997,20.895563,20.978584,20.978584,278729462
2023-03-06,20.978413,21.098866,20.522215,20.635012,20.635012,318022843
2023-03-07,20.634691,20.886848,19.820597,20.244732,20.244732,394901279
2023-03-08,20.243931,20.332367,18.286304,18.421194,18.421194,620543521
2023-03-09,18.424707,18.689047,16.943132,17.308147,17.308147,754162560
2023-03-10,17.31225,18.323397,16.117346,18.243643,18.243643,944032048
2023-03-11,18.243105,18.848188,17.171354,18.225843,18.225843,696894876
2023-03-12,18.224798,20.392891,17.942476,20.310532,20.310532,666940879
2023-03-13,20.310793,21.340412,18.964472,20.433712,20.433712,1161164364
2023-03-14,20.434708,22.106672,19.914528,20.928034,20.928034,1130224251
2023-03-15,20.935295,21.488909,18.830359,19.290981,19.290981,816614774
2023-03-16,19.299496,19.883511,19.03631,19.730543,19.730543,438673097
2023-03-17,19.730066,21.676241,19.499819,21.629103,21.629103,623518286
2023-03-18,21.632441,22.861988,21.14187,21.195902,21.195902,789771840
2023-03-19,21.19829,22.453812,21.19829,21.903402,21.903402,475166077
2023-03-20,21.904612,23.831194,21.58556,22.176464,22.176464,1147250538
2023-03-21,22.177589,23.223715,21.639103,22.618267,22.618267,745081556
2023-03-22,22.614277,23.067322,21.149651,21.480486,21.480486,851680842
2023-03-23,21.475513,22.700598,21.216276,22.216778,22.216778,555730954
2023-03-24,22.214151,22.258434,20.355827,20.678856,20.678856,547225198
2023-03-25,20.677746,20.952482,20.184853,20.446646,20.446646,272949711
2023-03-26,20.444178,21.129982,20.34569,20.975519,20.975519,226663968
2023-03-27,20.976086,20.979824,19.508055,19.921675,19.921675,359607077
2023-03-28,19.922195,20.764208,19.665567,20.470697,20.470697,347656506
2023-03-29,20.465441,21.505144,20.458122,21.111467,21.111467,378726667
2023-03-30,21.11384,21.590513,20.232969,20.551046,20.551046,472449267
2023-03-31,20.552515,21.441999,20.155243,21.170496,21.170496,352864960
2023-04-01,21.171352,21.313889,20.858906,20.975641,20.975641,209186327
2023-04-02,21.087992,21.286085,20.315701,20.536976,20.536976,229561591
2023-04-03,20.536037,20.934097,20.024902,20.44305,20.44305,437266506
2023-04-04,20.44265,21.236378,20.35272,20.92462,20.92462,305630170
2023-04-05,20.924538,21.319178,20.670977,20.966007,20.966007,324885702
2023-04-06,20.969713,20.970621,20.506414,20.610128,20.610128,222557225
2023-04-07,20.611345,20.771725,20.267675,20.46994,20.46994,171660856
2023-04-08,20.466675,20.713236,19.947697,20.036449,20.036449,194413927
2023-04-09,20.03837,20.420706,19.964378,20.299465,20.299465,152580905
2023-04-10,20.300236,20.936527,20.115707,20.882357,20.882357,224169192
2023-04-11,20.883928,23.635956,20.860193,23.018827,23.018827,1083533914
2023-04-12,23.018801,24.344652,22.423229,23.985306,23.985306,1204250258
2023-04-13,23.810883,25.242456,23.704796,24.432308,24.432308,792335438
2023-04-14,24.435778,25.461393,23.817448,24.772722,24.772722,859037933
2023-04-15,24.774611,24.774611,23.872028,24.079378,24.079378,379745930
2023-04-16,24.079786,25.454144,23.947815,25.361927,25.361927,466841333
2023-04-17,25.36248,25.938335,24.406898,24.558846,24.558846,789077237
2023-04-18,24.564686,25.423292,24.102089,24.85269,24.85269,487693856
2023-04-19,24.85041,24.939508,22.266665,22.712835,22.712835,836873906
2023-04-20,22.70462,23.120537,21.664963,22.18144,22.18144,658826580
2023-04-21,22.183802,22.37649,21.133299,21.278135,21.278135,489546774
2023-04-22,21.277473,21.948162,21.108492,21.816288,21.816288,246809009
2023-04-23,21.816427,22.217382,21.067719,21.480139,21.480139,314447869
2023-04-24,21.47946,21.950172,21.078793,21.391069,21.391069,358681450
2023-04-25,21.389921,21.937141,20.783756,21.927254,21.927254,367752382
2023-04-26,21.927477,22.921377,20.574015,21.283012,21.283012,690088236
2023-04-27,21.284691,22.483582,21.226152,22.340115,22.340115,509745191
2023-04-28,22.339731,23.460052,22.210754,23.366287,23.366287,511781472
2023-04-29,23.366915,23.750763,22.987078,23.182997,23.182997,369964075
2023-04-30,23.183659,23.929724,22.832014,22.832014,22.832014,368042267
2023-05-01,22.828505,22.878492,21.640711,21.986633,21.986633,438350469
2023-05-02,21.986553,22.373878,21.772896,22.264978,22.264978,296722866
2023-05-03,22.265135,22.267185,21.2827,22.218002,22.218002,445797367
2023-05-04,22.218752,22.441139,21.651815,21.730349,21.730349,291826693
2023-05-05,21.730816,23.029722,21.706457,22.826111,22.826111,423211212
2023-05-06,22.828093,23.222301,21.729971,21.974262,21.974262,351934449
2023-05-07,21.971926,22.738605,21.808727,21.844229,21.844229,303626005
2023-05-08,21.807779,21.807779,20.26063,20.657463,20.657463,553548056
2023-05-09,20.658003,20.964788,20.459637,20.683645,20.683645,272780907
2023-05-10,20.682779,21.29501,20.165688,20.953711,20.953711,490700208
2023-05-11,20.9555,20.9555,19.855696,20.23488,20.23488,376535594
2023-05-12,20.232479,20.929598,19.864313,20.911795,20.911795,362726295
2023-05-13,20.915911,21.247978,20.821968,20.868761,20.868761,224618367
2023-05-14,20.868267,21.243988,20.666637,20.953398,20.953398,184522451
2023-05-15,20.953228,21.48564,20.64781,21.007189,21.007189,307353987
2023-05-16,21.008013,21.120253,20.47538,20.67942,20.67942,279283146
2023-05-17,20.679012,21.170769,20.500479,21.068399,21.068399,279742763
2023-05-18,21.068193,21.068193,20.168507,20.348696,20.348696,293327002
2023-05-19,20.348099,20.5581,20.312674,20.349871,20.349871,149073606
2023-05-20,20.350309,20.361488,20.146999,20.285446,20.285446,121021517
2023-05-21,20.285702,20.383839,19.508217,19.609438,19.609438,210641913
2023-05-22,19.612019,19.981628,19.383373,19.542046,19.542046,216922971
2023-05-23,19.542263,20.152935,19.45126,20.043182,20.043182,258761187
2023-05-24,20.04435,20.062014,18.914326,19.223663,19.223663,297840141
2023-05-25,19.222572,19.525496,18.892263,19.260662,19.260662,194537149
2023-05-26,19.260941,19.541164,19.120453,19.366957,19.366957,140228468
2023-05-27,19.366158,20.499245,19.35017,20.425234,20.425234,179682882
2023-05-28,20.426081,21.15099,20.336889,20.798578,20.798578,291460886
2023-05-29,20.800047,20.970686,20.297682,20.58651,20.58651,228295637
2023-05-30,20.587137,21.381718,20.519501,21.254084,21.254084,367512387
2023-05-31,21.255285,21.318878,20.468752,20.824503,20.824503,246152341
2023-06-01,20.824892,20.972609,20.46447,20.502218,20.502218,209047110
2023-06-02,20.502729,21.35614,20.383593,21.257595,21.257595,237609887
2023-06-03,21.258623,21.335468,21.017078,21.155565,21.155565,144933830
2023-06-04,21.15741,22.284592,21.061323,21.818975,21.818975,317802167
2023-06-05,21.821796,22.042025,19.423832,20.07506,20.07506,594214946
2023-06-06,20.062506,20.683781,19.320532,20.398483,20.398483,441408235
2023-06-07,20.399315,20.486584,18.549921,18.634283,18.634283,390444801
2023-06-08,18.635647,19.077765,18.294737,18.909475,18.909475,258460307
2023-06-09,18.908403,19.299477,17.161293,17.3797,17.3797,463344687
2023-06-10,17.381353,17.392958,13.379449,15.656101,15.656101,1230339924
2023-06-11,15.65445,16.115692,15.198493,15.558776,15.558776,446176848
2023-06-12,15.557232,15.606237,14.81719,15.196708,15.196708,384209938
2023-06-13,15.196287,15.873086,14.816585,15.018193,15.018193,363876713
2023-06-14,15.01819,15.30515,14.195953,14.486572,14.486572,296502336
2023-06-15,14.486286,15.010393,14.214148,14.759473,14.759473,329864409
2023-06-16,14.760416,15.399172,14.469567,15.308254,15.308254,232544705
2023-06-17,15.308581,16.065783,15.185427,15.650521,15.650521,206436912
2023-06-18,15.649475,15.812691,15.361244,15.438235,15.438235,141612316
2023-06-19,15.438766,16.075371,15.414377,16.073042,16.073042,163949883
2023-06-20,16.078037,16.665106,15.759371,16.635231,16.635231,265787114
2023-06-21,16.635487,17.379574,16.583469,17.257046,17.257046,357788986
2023-06-22,17.257149,17.698505,16.610346,16.64262,16.64262,299233520
2023-06-23,16.642969,17.510693,16.236748,17.149534,17.149534,386994632
2023-06-24,17.149275,17.517597,16.463318,16.652863,16.652863,260480952
2023-06-25,16.651472,17.340685,16.607138,16.97138,16.97138,252839095
2023-06-26,16.969646,17.101677,16.020975,16.270027,16.270027,275948459
2023-06-27,16.269871,16.909897,16.178589,16.61965,16.61965,259041273
2023-06-28,16.621904,16.627329,15.747582,15.986843,15.986843,327399744
2023-06-29,15.985511,18.199755,15.906377,17.970457,17.970457,737633196
2023-06-30,17.971071,19.855125,17.314871,18.897322,18.897322,1120379648
2023-07-01,18.896065,18.971428,17.945799,18.683903,18.683903,349552752
2023-07-02,18.689669,19.704559,18.582005,19.453594,19.453594,497231250
2023-07-03,19.452414,19.613159,18.943146,19.240538,19.240538,324227812
2023-07-04,19.242031,19.876696,19.096739,19.143229,19.143229,345225951
2023-07-05,19.145613,19.355267,18.498629,18.992865,18.992865,260416081
2023-07-06,18.991993,20.922775,18.886261,19.729385,19.729385,903770571
2023-07-07,19.72611,21.601711,19.318932,21.484665,21.484665,988591308
2023-07-08,21.485252,22.403002,21.356882,21.859268,21.859268,693929963
2023-07-09,21.854956,22.322025,21.087578,21.349005,21.349005,405174806
2023-07-10,21.347788,21.777145,20.572586,21.313776,21.313776,543191863
2023-07-11,21.314722,22.2852,21.242493,22.092934,22.092934,453810523
2023-07-12,22.092424,22.712725,21.828255,21.977602,21.977602,541605988
2023-07-13,21.97846,26.624346,21.494825,26.025696,26.025696,1527996472
2023-07-14,26.02076,30.057695,25.434978,26.735718,26.735718,2184090884
2023-07-15,26.729034,29.057396,26.688868,27.391356,27.391356,1323279744
2023-07-16,27.395527,28.551088,26.897699,27.384083,27.384083,753056132
2023-07-17,27.385769,28.380919,25.895729,26.872766,26.872766,970813262
2023-07-18,26.869007,27.045597,24.824854,25.544504,25.544504,696782373
2023-07-19,25.550882,26.922089,25.418062,26.372353,26.372353,603189951
2023-07-20,26.368727,26.896439,25.169426,25.375168,25.375168,606255421
2023-07-21,25.375525,25.947922,25.142338,25.544268,25.544268,410907584
2023-07-22,25.543179,25.950357,24.306475,24.535053,24.535053,335432006
2023-07-23,24.532663,25.213612,24.250967,24.766815,24.766815,330741258
2023-07-24,24.76552,24.810638,23.069426,23.381491,23.381491,492344649
2023-07-25,23.383249,23.525883,22.864363,23.279322,23.279322,346742173
2023-07-26,23.279358,25.518347,23.207731,25.177053,25.177053,688135176
2023-07-27,25.17808,25.586376,24.720161,25.099337,25.099337,514211484
2023-07-28,25.098728,25.473248,24.577673,24.846857,24.846857,374045446
2023-07-29,24.843933,25.367044,24.780375,25.168974,25.168974,265061245
2023-07-30,25.169373,25.193293,23.845407,24.261019,24.261019,365262222
2023-07-31,24.261839,24.750183,23.658819,23.720957,23.720957,376948332
2023-08-01,23.724892,23.998753,23.087238,23.998753,23.998753,428254164
2023-08-02,23.993515,24.219627,22.984316,23.145721,23.145721,393185796
2023-08-03,23.144894,23.353016,22.5401,22.636049,22.636049,365983702
2023-08-04,22.632715,23.521782,22.522667,22.793619,22.793619,382245804
2023-08-05,22.793602,22.895529,22.327997,22.632204,22.632204,250613466
2023-08-06,22.632547,23.4161,22.596603,23.185696,23.185696,320595154
2023-08-07,23.185406,23.503939,22.487352,23.068756,23.068756,353804981
2023-08-08,23.069252,24.727625,23.021738,24.211763,24.211763,495649796
2023-08-09,24.211031,24.951586,24.194208,24.378527,24.378527,447009018
2023-08-10,24.378302,24.8095,24.150667,24.613052,24.613052,339616018
2023-08-11,24.610626,24.865314,24.359615,24.582861,24.582861,314045619
2023-08-12,24.585543,25.111952,24.405806,24.906731,24.906731,253389584
2023-08-13,24.905216,24.91316,24.236483,24.242886,24.242886,263449955
2023-08-14,24.242403,25.227118,24.095398,25.142822,25.142822,359715099
2023-08-15,25.147171,25.241121,23.761662,23.896585,23.896585,424193111
2023-08-16,23.900015,23.99312,22.487528,22.811975,22.811975,441171937
2023-08-17,22.811419,23.380619,20.304153,21.709974,21.709974,620931325
2023-08-18,21.712427,22.170013,21.089134,21.335493,21.335493,411279768
2023-08-19,21.335711,22.147785,21.315994,21.879038,21.879038,244048976
2023-08-20,21.879751,22.004704,21.630095,21.773275,21.773275,198853112
2023-08-21,21.773264,21.777426,20.683577,21.20826,21.20826,339125910
2023-08-22,21.207066,21.250513,19.735468,20.546541,20.546541,381594696
2023-08-23,20.54735,21.746029,20.451468,21.703625,21.703625,404686524
2023-08-24,21.707987,21.988443,20.751087,21.033031,21.033031,328472951
2023-08-25,21.03511,21.049627,20.153101,20.392719,20.392719,278312420
2023-08-26,20.392975,20.403776,20.217575,20.280424,20.280424,144065112
2023-08-27,20.280701,20.870127,20.262112,20.786839,20.786839,177496132
2023-08-28,20.786964,20.786964,20.16869,20.5571,20.5571,200600033
2023-08-29,20.556866,21.983257,20.128344,21.780764,21.780764,469679540
2023-08-30,21.782026,21.932714,20.641665,20.834904,20.834904,292322455
2023-08-31,20.833838,21.007214,19.549763,19.735092,19.735092,343649256
2023-09-01,19.734756,19.907936,19.09251,19.327845,19.327845,286842939
2023-09-02,19.328524,19.666084,19.188915,19.493744,19.493744,200858690
2023-09-03,19.494253,19.657276,19.280931,19.578747,19.578747,164570332
2023-09-04,19.57785,19.949865,19.242256,19.499409,19.499409,220024399
2023-09-05,19.500677,20.547443,19.094311,20.272385,20.272385,387328289
2023-09-06,20.272238,20.348989,19.215927,19.620029,19.620029,313630984
2023-09-07,19.62108,19.972979,19.367788,19.890499,19.890499,242438252
2023-09-08,19.893768,20.214828,19.421865,19.599045,19.599045,219114497
2023-09-09,19.600006,19.602888,19.404615,19.446072,19.446072,101925453
2023-09-10,19.446188,19.446188,17.87034,18.248831,18.248831,520683204
2023-09-11,18.246708,18.413116,17.461477,17.739166,17.739166,380225621
2023-09-12,17.738865,18.655071,17.606657,17.929827,17.929827,361388393
2023-09-13,17.930872,18.508787,17.739513,18.403,18.403,356729875
2023-09-14,18.403322,19.267307,18.403322,18.838306,18.838306,349380172
2023-09-15,18.83918,19.406582,18.59033,19.168844,19.168844,205202282
2023-09-16,19.169498,19.416815,18.917416,19.140369,19.140369,146477836
2023-09-17,19.139828,19.139828,18.71294,18.831629,18.831629,112594680
2023-09-18,18.83238,20.100101,18.651571,19.657246,19.657246,316245106
2023-09-19,19.657076,20.358543,19.614437,20.036188,20.036188,253895801
2023-09-20,20.036289,20.48304,19.853781,20.304937,20.304937,233206126
2023-09-21,20.304815,20.304815,19.373915,19.479071,19.479071,253809695
2023-09-22,19.478251,19.774113,19.221296,19.438145,19.438145,170874161
2023-09-23,19.438511,19.558161,19.313749,19.473904,19.473904,97379053
2023-09-24,19.473894,19.657696,19.308037,19.37429,19.37429,115380619
2023-09-25,19.374146,19.70344,19.217249,19.40414,19.40414,163848456
2023-09-26,19.402744,19.505365,18.941389,19.023287,19.023287,170201883
2023-09-27,19.022514,19.446526,18.774216,19.130022,19.130022,210385139
2023-09-28,19.129475,19.960865,19.110308,19.957617,19.957617,225954938
2023-09-29,19.959581,20.415977,19.87516,20.300655,20.300655,219571069
2023-09-30,20.299589,21.729971,20.12468,21.395147,21.395147,328987954
2023-10-01,21.392059,24.396019,21.170073,23.836487,23.836487,637123111
2023-10-02,23.837955,24.603424,22.976023,23.3717,23.3717,658084028
2023-10-03,23.369921,24.662073,23.296711,23.552694,23.552694,653491878
2023-10-04,23.556915,23.754377,22.692842,23.144787,23.144787,429268875
2023-10-05,23.146551,23.717648,22.628948,22.694141,22.694141,361288781
2023-10-06,22.692167,23.705091,22.692167,23.424454,23.424454,402665506
2023-10-07,23.42395,24.101723,23.117117,23.287302,23.287302,278403509
2023-10-08,23.289335,23.613707,23.144279,23.246426,23.246426,190670414
2023-10-09,23.244909,23.353512,21.814489,22.118397,22.118397,356967743
2023-10-10,22.117517,22.458488,21.738728,22.105116,22.105116,241087146
2023-10-11,22.105202,22.391182,21.679808,22.00742,22.00742,278925381
2023-10-12,22.007484,22.019926,21.068972,21.300268,21.300268,283320977
2023-10-13,21.299955,22.156654,21.132036,21.834917,21.834917,269268807
2023-10-14,21.834354,22.196814,21.821913,22.011719,22.011719,174004594
2023-10-15,22.010534,22.135815,21.711384,21.922028,21.922028,178940996
2023-10-16,21.922586,24.414469,21.922586,23.982958,23.982958,726713710
2023-10-17,23.98159,24.485266,23.64439,23.959318,23.959318,520830665
2023-10-18,23.959225,24.302999,23.424078,23.432138,23.432138,362606644
2023-10-19,23.433477,25.389076,23.256447,24.93792,24.93792,663249208
2023-10-20,24.937544,27.31617,24.774506,27.033674,27.033674,910991447
2023-10-21,27.034481,30.142448,26.712612,29.386229,29.386229,1160814433
2023-10-22,29.384228,29.966192,28.208645,29.036682,29.036682,665340924
2023-10-23,29.26222,32.468773,28.901739,31.850985,31.850985,1581590969
2023-10-24,31.849657,32.360317,29.702093,30.151537,30.151537,1450364573
2023-10-25,30.15122,33.693222,30.059874,32.463066,32.463066,1458706203
2023-10-26,32.461857,33.22134,30.797068,32.775494,32.775494,1015617285
2023-10-27,32.776436,33.302402,31.525139,31.739698,31.739698,870812666
2023-10-28,31.739922,32.477669,31.506313,31.653318,31.653318,380462073
2023-10-29,31.652102,33.131329,31.434202,32.822609,32.822609,507672244
2023-10-30,32.819035,35.172894,32.394566,34.962337,34.962337,1099930941
2023-10-31,34.959831,38.546432,34.908436,38.519516,38.519516,1577034191
2023-11-01,38.513058,46.2509,37.961052,41.461544,41.461544,3630725002
2023-11-02,41.385948,44.489124,38.975346,40.207569,40.207569,2583692673
2023-11-03,40.208927,40.225723,38.218376,39.51976,39.51976,1755955299
2023-11-04,39.52021,42.69524,39.168793,42.346596,42.346596,1454107898
2023-11-05,42.373367,42.803539,40.380127,41.238602,41.238602,884855278
2023-11-06,41.238564,42.155067,39.825077,42.12859,42.12859,1010459088
2023-11-07,42.137772,44.42585,40.319908,43.092545,43.092545,1780187159
2023-11-08,43.085918,43.805058,42.39423,43.189888,43.189888,1009177437
2023-11-09,43.18187,48.703068,42.608185,45.444828,45.444828,2830770419
2023-11-10,45.442371,57.349102,45.216846,56.643852,56.643852,3795204638
2023-11-11,56.640995,63.415447,54.044868,56.102661,56.102661,4182963132
2023-11-12,56.13203,61.714905,54.942104,56.154099,56.154099,2987356952
2023-11-13,56.180626,59.713657,51.907051,51.907051,51.907051,2942685126
2023-11-14,51.902218,57.730106,51.714462,56.838375,56.838375,3195616616
2023-11-15,56.839939,66.867668,56.308987,65.534401,65.534401,3793937162
2023-11-16,65.539444,67.992149,56.810131,57.871403,57.871403,3922608772
2023-11-17,57.92104,60.41629,54.551647,58.415936,58.415936,3185454735
2023-11-18,58.392673,59.283443,55.062313,58.512726,58.512726,1942321169
2023-11-19,58.524284,62.021152,56.882648,61.393559,61.393559,1998656461
2023-11-20,61.370461,61.370461,56.353432,56.533833,56.533833,1937313546
2023-11-21,56.540367,57.365688,51.555916,52.000473,52.000473,2440890238
2023-11-22,52.002129,58.791565,51.737495,57.588558,57.588558,1985653842
2023-11-23,57.578018,59.473923,56.287563,56.599369,56.599369,1379316733
2023-11-24,56.578892,58.686012,56.349091,56.86644,56.86644,1146346831
2023-11-25,56.866287,59.654144,56.325279,58.846489,58.846489,1183793273
2023-11-26,58.845421,58.957962,56.511456,57.6427,57.6427,871154750
2023-11-27,57.628868,58.021225,53.71447,55.064621,55.064621,1237763215
2023-11-28,55.06263,58.606823,54.085323,58.19437,58.19437,1412314015
2023-11-29,58.19305,61.653358,57.855091,59.25013,59.25013,1941361674
2023-11-30,59.253517,61.437874,58.946922,59.241623,59.241623,1263841021
2023-12-01,59.238178,61.758018,58.77821,59.803997,59.803997,1376669760
2023-12-02,59.803745,63.832859,59.773762,63.832859,63.832859,1346327049
2023-12-03,63.820877,65.396255,62.416622,63.039967,63.039967,1368876645
2023-12-04,63.037769,65.13324,60.280521,61.526615,61.526615,2211865569
2023-12-05,61.529175,62.540005,59.250828,60.994831,60.994831,1693517649
2023-12-06,60.979866,66.383621,60.979866,61.902958,61.902958,3030993886
2023-12-07,61.934044,69.300468,61.873009,67.83783,67.83783,3002455075
2023-12-08,67.846718,75.129791,67.841232,75.002434,75.002434,3612712432
2023-12-09,74.989548,77.502022,72.039688,72.257607,72.257607,2893248364
2023-12-10,72.272949,74.724594,70.919228,74.705887,74.705887,1849363354
2023-12-11,74.714226,74.838112,67.215492,70.367172,70.367172,3729540309
2023-12-12,70.344284,72.340927,65.968994,68.54068,68.54068,2366453484
2023-12-13,68.532249,72.354759,64.369774,70.767784,70.767784,2414610075
2023-12-14,70.748672,76.179985,69.857323,75.620331,75.620331,2464938440
2023-12-15,75.636688,79.15107,72.366638,72.368988,72.368988,2821390652
2023-12-16,72.433479,77.079201,71.569344,73.473503,73.473503,1781972898
2023-12-17,73.474785,74.720016,70.824455,71.000519,71.000519,1552380672
2023-12-18,70.932632,75.380539,67.334404,74.34716,74.34716,2281865174
2023-12-19,74.34919,76.271408,72.010612,72.989769,72.989769,1900875405
2023-12-20,72.98999,83.957451,72.98999,82.191231,82.191231,3745738278
2023-12-21,82.185646,95.323441,81.237709,93.854813,93.854813,4711493441
2023-12-22,93.858017,99.124428,90.798401,98.003693,98.003693,5284203995
2023-12-23,98.001686,109.50884,93.106766,107.59423,107.59423,3957434568
2023-12-24,107.72514,117.38067,107.72514,112.48521,112.48521,6365529251
2023-12-25,112.56412,125.19389,108.90338,121.14646,121.14646,5951791518
2023-12-26,121.08434,121.144,104.72822,112.67673,112.67673,6117657160
2023-12-27,112.65483,115.03387,105.42523,107.0238,107.0238,4267938569
2023-12-28,107.02271,109.42065,97.668648,102.10457,102.10457,4492625126
2023-12-29,102.06928,109.67112,100.05551,106.31152,106.31152,4445797973
2023-12-30,106.2985,107.32822,101.06812,101.84509,101.84509,1863177830
2023-12-31,101.84418,105.13354,99.886429,101.50582,101.50582,1748630533
2024-01-01,101.51281,109.50868,101.51281,109.50868,109.50868,2157671990
2024-01-02,109.54906,116.88249,106.38898,106.61122,106.61122,3782057553
2024-01-03,106.61653,109.84809,92.923668,98.594437,98.594437,5472216595
2024-01-04,98.586975,107.98247,97.10833,105.07754,105.07754,3272723247
2024-01-05,105.05201,105.23543,95.942726,99.97879,99.97879,3022127826
2024-01-06,99.987991,100.03741,92.022789,93.857719,93.857719,2235902092
2024-01-07,93.860352,96.692398,88.223457,89.276344,89.276344,2288061692
2024-01-08,89.278175,99.761871,85.646698,97.790443,97.790443,4152448360
2024-01-09,97.816032,103.79617,95.893791,99.409187,99.409187,4070131683
2024-01-10,99.384239,105.08237,92.563263,102.03302,102.03302,4216429514
2024-01-11,102.10365,106.93574,98.412498,99.909439,99.909439,4174026719
2024-01-12,99.911873,100.25449,88.309845,91.720909,91.720909,2868799888
2024-01-13,91.759743,96.917648,89.754494,95.730049,95.730049,1880329065
2024-01-14,95.732651,102.17358,93.890564,94.133141,94.133141,2736734725
2024-01-15,94.036545,96.821236,93.241112,94.490227,94.490227,1755858499
2024-01-16,94.438347,98.595306,94.396683,97.626915,97.626915,1806576879
2024-01-17,97.615807,102.43374,97.055161,102.0636,102.0636,3220344763
2024-01-18,102.0295,102.92314,92.140579,94.250954,94.250954,2684524713
2024-01-19,94.250671,95.164726,87.483658,93.386169,93.386169,2631067383
2024-01-20,93.393799,94.025314,90.493752,92.569839,92.569839,1204443546
2024-01-21,92.589523,93.713783,90.848434,90.848434,90.848434,894963197
2024-01-22,90.903694,91.636162,82.659767,83.62281,83.62281,2662287481
2024-01-23,83.621841,85.840187,79.066696,84.274506,84.274506,2990436327
2024-01-24,84.287262,89.267723,83.418686,88.73201,88.73201,2352477736
2024-01-25,88.737801,89.376823,85.273682,86.889214,86.889214,1674093024
2024-01-26,86.88945,93.528671,86.148392,92.442368,92.442368,2027305107
2024-01-27,92.387627,94.437614,90.844765,94.163216,94.163216,1256585307
2024-01-28,94.1819,99.377373,93.53833,95.937981,95.937981,2425625612
2024-01-29,95.937981,101.77191,95.176132,101.56667,101.56667,2604890575
2024-01-30,101.56667,106.21346,101.10939,101.47298,101.47298,3328090833
2024-01-31,101.44926,102.54807,96.103592,97.028709,97.028709,3814467068
2024-02-01,97.024841,97.944191,93.379189,97.846695,97.846695,2951395444
2024-02-02,97.834694,102.41263,97.574158,100.44052,100.44052,2574044077
2024-02-03,100.45113,101.05898,96.812576,97.879982,97.879982,1349320819
2024-02-04,97.885063,98.457588,95.266373,95.476959,95.476959,1304106726
2024-02-05,95.471466,98.544044,94.292526,95.54866,95.54866,1635327054
2024-02-06,95.549614,97.790787,93.280739,96.861076,96.861076,1699997346
2024-02-07,96.861893,101.2366,94.720222,100.97928,100.97928,1733607189
2024-02-08,100.9955,104.79804,100.5537,102.78564,102.78564,2288429230
2024-02-09,102.79018,108.98772,102.79018,106.93333,106.93333,2852770180
2024-02-10,106.93366,110.74279,106.93366,109.13147,109.13147,1836561570
2024-02-11,109.11668,110.55687,107.35765,107.49529,107.49529,1370383843
2024-02-12,107.49263,112.06966,103.60929,111.99275,111.99275,2650731894
2024-02-13,111.97725,114.81065,108.49378,112.57931,112.57931,2709494768
2024-02-14,112.57497,118.32778,110.87847,116.97633,116.97633,2391239729
2024-02-15,116.98539,118.3065,111.77588,113.69941,113.69941,2471486178
2024-02-16,113.67307,114.25309,108.34872,110.44592,110.44592,1921299579
2024-02-17,110.44331,111.07304,106.12522,108.98402,108.98402,1370606631
2024-02-18,108.9876,114.00138,107.60672,112.17467,112.17467,1516321334
2024-02-19,112.17883,114.71798,111.08141,111.48533,111.48533,1898655220
2024-02-20,111.48344,112.03674,104.89023,108.45964,108.45964,2656976089
2024-02-21,108.45267,108.45267,100.41202,105.12522,105.12522,2246861647
2024-02-22,105.12031,106.99541,101.6424,101.66979,101.66979,1830636004
2024-02-23,101.67462,103.02283,98.958351,99.954697,99.954697,1483285120
2024-02-24,99.954376,104.64539,98.585205,104.13352,104.13352,1083637514
2024-02-25,104.13267,104.32994,102.17103,103.45349,103.45349,909662462
2024-02-26,103.45071,110.58035,100.4552,109.91853,109.91853,2334408023
2024-02-27,109.91879,112.20471,105.89693,108.38808,108.38808,2723995106
2024-02-28,108.39924,118.0522,107.46088,118.0522,118.0522,5029492553
2024-02-29,118.23875,134.4657,117.66752,125.71152,125.71152,6950123902
2024-03-01,125.6367,137.60187,125.6367,129.9904,129.9904,4743077738
2024-03-02,129.98232,131.45486,127.68089,129.70018,129.70018,2741772676
2024-03-03,129.79338,132.06274,125.76933,130.45087,130.45087,2875614168
2024-03-04,130.42323,134.87418,127.79814,133.19458,133.19458,4429758300
2024-03-05,133.15936,142.65094,109.53876,125.70671,125.70671,8980294607
2024-03-06,125.69921,134.81062,120.31734,130.74202,130.74202,5146680159
2024-03-07,130.74202,149.22473,130.70175,143.97786,143.97786,7111178325
2024-03-08,143.97728,152.41792,142.53615,145.24004,145.24004,5474659974
2024-03-09,145.24033,149.35129,144.29037,144.60725,144.60725,2946261381
2024-03-10,144.60733,148.67192,140.84,144.51518,144.51518,3407621981
2024-03-11,144.51448,150.01797,137.63298,148.75096,148.75096,5383624184
2024-03-12,148.74968,154.94229,142.87015,151.01544,151.01544,6413617983
2024-03-13,151.01544,166.44876,148.94562,163.83981,163.83981,5917471836
2024-03-14,163.83994,177.89262,160.23355,176.67975,176.67975,8399967972
2024-03-15,176.67975,188.50136,165.41272,182.96469,182.96469,14093348410
2024-03-16,182.96751,197.65599,177.46127,181.88034,181.88034,11794134069
2024-03-17,181.88034,204.29254,179.2256,202.12357,202.12357,10876218562
2024-03-18,202.1226,209.69606,194.84941,195.99275,195.99275,11137647410
2024-03-19,195.99275,198.24107,166.17674,170.01628,170.01628,11658593922
2024-03-20,170.01628,192.91182,163.29626,191.54962,191.54962,8673957460
2024-03-21,191.54962,195.30612,176.28333,179.22075,179.22075,5613811275
2024-03-22,179.23981,181.32324,167.87785,174.36371,174.36371,4150938142
2024-03-23,174.36371,178.80011,171.01697,172.90225,172.90225,2711581881
2024-03-24,172.89787,186.62943,171.67372,183.57346,183.57346,2661231893
2024-03-25,183.57346,194.43027,181.25235,189.08354,189.08354,4066489821
2024-03-26,189.08339,196.29305,186.75282,190.69986,190.69986,3520179571
2024-03-27,190.69998,192.49658,180.42044,186.36147,186.36147,3844985014
2024-03-28,186.36147,190.88347,180.99762,189.62163,189.62163,2910414256
2024-03-29,189.62163,192.96982,183.64616,192.22795,192.22795,3031009580
2024-03-30,192.22786,199.73094,191.21678,194.38554,194.38554,2999311846
2024-03-31,194.37579,203.02679,194.03532,202.87413,202.87413,2342185476
2024-04-01,202.87444,204.17976,187.48889,192.56783,192.56783,3872515434
2024-04-02,192.56783,192.56943,176.13208,181.17226,181.17226,4553269015
2024-04-03,181.17273,191.69267,177.39551,185.24861,185.24861,4160370221
2024-04-04,185.24861,190.06969,180.5123,183.95811,183.95811,4101220964
2024-04-05,183.95811,184.97778,168.23607,174.50151,174.50151,7398400404
2024-04-06,174.50151,179.69753,173.87431,178.91534,178.91534,4672922789
2024-04-07,178.91534,182.53821,177.0658,179.64986,179.64986,1854793003
2024-04-08,179.6507,184.30287,175.58998,180.78477,180.78477,2744377905
2024-04-09,180.77951,180.82568,169.36777,172.41362,172.41362,2688188866
2024-04-10,172.41426,175.32262,163.81313,173.43736,173.43736,3344074648
2024-04-11,173.43736,176.23552,170.39343,172.57637,172.57637,2712334365
2024-04-12,172.57637,175.80864,145.51639,153.63547,153.63547,4727185451
2024-04-13,153.63448,154.94395,119.83334,139.34169,139.34169,8976793985
2024-04-14,139.34169,152.50101,131.28717,151.28494,151.28494,7110974218
2024-04-15,151.29944,155.96117,134.57256,138.50862,138.50862,5699439234
2024-04-16,138.50757,140.27831,126.86528,136.27933,136.27933,5156084639
2024-04-17,136.27911,142.60439,127.52895,131.86618,131.86618,4888546522
2024-04-18,131.86717,143.72736,128.07675,142.0824,142.0824,4193561506
2024-04-19,142.0824,147.33379,128.86282,142.6805,142.6805,5857667913
2024-04-20,142.67845,152.09918,140.00571,151.13356,151.13356,2795892211
2024-04-21,151.13408,153.42226,147.16953,148.60931,148.60931,2211663291
2024-04-22,148.60931,158.37271,146.9917,157.03122,157.03122,2959650502
2024-04-23,157.03122,159.9446,153.32312,154.70131,154.70131,2750685937
2024-04-24,154.70131,159.5809,145.77057,147.74515,147.74515,3932336720
2024-04-25,147.74962,149.30376,142.26457,144.89212,144.89212,3674969172
2024-04-26,144.88918,145.85461,138.90839,139.10434,139.10434,2564389027
2024-04-27,139.10434,142.87451,134.02892,141.28917,141.28917,2373155947
2024-04-28,141.28917,144.51389,137.23302,137.85641,137.85641,1959005342
2024-04-29,137.86018,138.73872,133.70917,137.77666,137.77666,2464951751
2024-04-30,137.7773,139.66765,121.63746,126.96271,126.96271,3407320371
2024-05-01,126.96255,135.11386,119.38481,134.62798,134.62798,4136407963
2024-05-02,134.62798,140.28152,128.26028,137.81448,137.81448,3380078368
2024-05-03,137.81448,144.96004,136.12343,143.77255,143.77255,3216962298
2024-05-04,143.7722,148.93575,142.56625,146.13506,146.13506,3050187811
2024-05-05,146.13506,147.91647,143.47845,145.71303,145.71303,2034794725
2024-05-06,145.71205,156.62669,145.58432,152.8024,152.8024,2926902880
2024-05-07,152.80667,159.05345,148.08362,148.13432,148.13432,2687619013
2024-05-08,148.13432,149.8109,140.1691,142.29474,142.29474,2502237557
2024-05-09,142.29474,153.08624,140.78964,152.84995,152.84995,2249863780
2024-05-10,152.85291,155.41159,144.9388,146.2169,146.2169,2471594251
2024-05-11,146.21696,147.42644,143.33141,145.31438,145.31438,1243751505
2024-05-12,145.31438,147.57147,142.88184,143.52081,143.52081,936690341
2024-05-13,143.52081,150.54666,138.03285,147.28233,147.28233,2556255769
2024-05-14,147.27908,148.82869,141.90686,142.0304,142.0304,2586166419
2024-05-15,142.0304,158.64072,141.35033,158.18683,158.18683,3585715674
2024-05-16,158.18776,164.31932,156.77263,159.11646,159.11646,3498272951
2024-05-17,159.11646,171.60608,159.11646,169.53055,169.53055,3371355809
2024-05-18,169.53055,175.7791,168.93306,172.53914,172.53914,2479657643
2024-05-19,172.5392,175.18933,166.73262,170.09135,170.09135,2300080451
2024-05-20,170.09135,187.44713,168.03044,186.52049,186.52049,4636864705
2024-05-21,186.51952,188.49384,174.7117,178.11615,178.11615,4568414163
2024-05-22,178.11568,183.06767,175.44746,176.86078,176.86078,3833758536
2024-05-23,176.86311,180.16528,167.40369,175.98578,175.98578,5117258940
2024-05-24,175.98578,176.03148,162.86589,167.79692,167.79692,4013502065
2024-05-25,167.79692,170.35506,166.11301,168.43764,168.43764,1875205755
2024-05-26,168.43764,168.43927,161.26387,163.35091,163.35091,2543881488
2024-05-27,163.35091,171.98854,163.33545,169.99614,169.99614,2745440475
2024-05-28,169.99614,173.01714,164.9734,168.65085,168.65085,3342283019
2024-05-29,168.65085,173.64195,167.32385,168.07268,168.07268,2852496248
2024-05-30,168.07268,172.41779,163.68396,166.97653,166.97653,2932316784
2024-05-31,166.97653,170.63156,163.93309,165.63771,165.63771,2415920333
2024-06-01,165.63773,167.73709,165.58562,166.03067,166.03067,1058869941
2024-06-02,166.02962,166.91548,161.65324,163.24991,163.24991,1562269041
2024-06-03,163.25015,167.03876,161.85371,164.92346,164.92346,2182487608
2024-06-04,164.92506,171.81682,164.51553,171.80193,171.80193,2057558426
2024-06-05,171.80193,175.47531,171.383,173.48291,173.48291,2405906612
2024-06-06,173.48291,174.3047,167.86421,170.01622,170.01622,1965442993
2024-06-07,170.01584,172.43816,155.79877,162.50705,162.50705,3298527575
2024-06-08,162.49675,163.62018,157.54295,157.9689,157.9689,1722237785
2024-06-09,157.96371,162.91898,156.76877,162.0836,162.0836,1475878151
2024-06-10,162.07889,162.82776,157.7702,158.92802,158.92802,1815361482
2024-06-11,158.93413,159.5231,145.86519,149.42899,149.42899,2812642453
2024-06-12,149.42232,161.51483,145.82144,155.17757,155.17757,2853692260
2024-06-13,155.19235,155.19235,146.17224,147.31442,147.31442,2085097655
2024-06-14,147.28204,148.78934,140.11539,143.09444,143.09444,2330458883
2024-06-15,143.07408,145.54097,143.02365,145.41222,145.41222,1065293341
2024-06-16,145.41797,151.1255,143.17953,151.1255,151.1255,1147997523
2024-06-17,151.13724,151.58478,140.13881,143.33427,143.33427,2244770232
2024-06-18,143.3147,143.61066,130.28908,137.504,137.504,4046511952
2024-06-19,137.47981,141.66994,134.73264,135.6096,135.6096,2241396569
2024-06-20,135.6096,141.07524,132.08765,133.47296,133.47296,2343938226
2024-06-21,133.47195,135.22916,128.92192,134.5883,134.5883,2214701928
2024-06-22,134.56766,136.46005,133.14249,133.67024,133.67024,948392979
2024-06-23,133.66,135.00586,128.2697,128.59042,128.59042,1063910411
2024-06-24,128.59801,132.31123,123.66933,132.24139,132.24139,3420423301
2024-06-25,132.26935,139.72958,131.29636,136.5592,136.5592,2517391150
2024-06-26,136.55498,140.16876,134.92577,136.60915,136.60915,1670038554
2024-06-27,136.61342,150.76721,135.245,149.44838,149.44838,2831651846
2024-06-28,149.45427,150.05159,139.30589,139.7034,139.7034,2396070692
2024-06-29,139.71931,142.82385,139.6678,140.01015,140.01015,1139066175
2024-06-30,140.01273,147.19933,137.14137,146.49249,146.49249,1567841881
2024-07-01,146.48128,148.79851,145.8228,146.59506,146.59506,1814659116
2024-07-02,146.58855,154.71297,146.12054,153.70049,153.70049,2024773533
2024-07-03,153.71114,154.198,139.51726,140.73141,140.73141,2813419415
2024-07-04,140.71533,142.51486,127.55082,127.55082,127.55082,3243822145
2024-07-05,127.60507,135.84579,122.44231,134.36934,134.36934,4644036182
2024-07-06,134.3633,144.00847,132.6133,143.24118,143.24118,2078535871
2024-07-07,143.18706,143.18706,131.77409,131.77409,131.77409,1842515124
2024-07-08,131.79703,141.63411,128.56293,139.4637,139.4637,3692404575
2024-07-09,139.53735,143.92938,136.74094,141.34845,141.34845,2418798702
2024-07-10,141.37415,145.85371,138.85605,141.97479,141.97479,1952272010
2024-07-11,141.9828,145.32443,135.84752,135.88322,135.88322,2286890972
2024-07-12,135.86403,140.42477,134.15915,139.52802,139.52802,1990173458
2024-07-13,139.5264,143.36743,138.17953,141.92497,141.92497,1131518484
2024-07-14,141.92665,148.54706,141.92665,147.62231,147.62231,2009294488
2024-07-15,147.66614,159.94206,147.20288,159.93398,159.93398,2580623500
2024-07-16,159.77333,162.46951,153.05373,160.55188,160.55188,3034234774
2024-07-17,160.56329,163.59523,155.06703,155.58411,155.58411,2255652667
2024-07-18,155.59105,161.58716,155.56604,159.07242,159.07242,2044591406
2024-07-19,159.09233,171.50674,156.60654,169.18587,169.18587,3617009839
2024-07-20,169.18262,174.8313,167.55731,173.89178,173.89178,1908476088
2024-07-21,173.89374,184.87032,171.11821,184.54161,184.54161,3080452915
2024-07-22,184.54556,184.79247,177.04413,178.97829,178.97829,2808509242
2024-07-23,178.97829,180.49615,170.98854,172.75757,172.75757,3230351478
2024-07-24,172.75851,182.3576,171.21042,178.0323,178.0323,3112174836
2024-07-25,178.02953,179.52094,165.93254,171.96307,171.96307,4067186719
2024-07-26,171.96257,183.53836,171.8779,183.13672,183.13672,2816314095
2024-07-27,183.13809,188.14059,178.59836,184.0854,184.0854,3248901126
2024-07-28,184.086,186.51462,181.39534,184.88608,184.88608,1852374783
2024-07-29,184.88719,193.73228,181.88536,182.78059,182.78059,3654304391
2024-07-30,182.77159,184.18013,176.02243,179.10719,179.10719,2766172800
2024-07-31,179.10805,184.17944,171.8192,171.82616,171.82616,3055204208
2024-08-01,171.82567,172.6898,157.98839,167.67212,167.67212,4402828194
2024-08-02,167.66054,169.04396,150.08499,152.63823,152.63823,4507521137
2024-08-03,152.63823,153.77686,140.22141,142.922,142.922,3620526646
2024-08-04,142.92195,145.83766,132.13968,138.05508,138.05508,4333596296
2024-08-05,138.05269,139.14146,110.60956,129.8643,129.8643,14114308949
2024-08-06,129.86295,149.35297,129.78857,144.09036,144.09036,5813459735
2024-08-07,144.08821,155.0078,142.7469,144.6321,144.6321,5529725414
2024-08-08,144.63248,163.02591,142.01993,162.93074,162.93074,5385642745
2024-08-09,162.93074,163.24948,151.22614,156.45721,156.45721,3217916997
2024-08-10,156.45721,158.58606,152.87305,153.95917,153.95917,1662980960
2024-08-11,153.96167,157.9319,141.3483,141.52686,141.52686,2411765937
2024-08-12,141.53207,150.81464,141.4408,146.45424,146.45424,3380174341
2024-08-13,146.45456,149.61012,143.15202,146.71269,146.71269,2224488388
2024-08-14,146.71269,151.72604,142.71793,143.92346,143.92346,2714536693
2024-08-15,143.92267,147.35155,138.16193,142.74582,142.74582,3032770371
2024-08-16,142.74287,144.79546,136.38464,139.33057,139.33057,2707615564
2024-08-17,139.33057,141.96283,137.8663,141.79851,141.79851,1199702073
2024-08-18,141.79851,146.96298,140.95963,142.58688,142.58688,1866239536
2024-08-19,142.58688,145.92363,140.74872,144.34369,144.34369,2077549615
2024-08-20,144.34685,148.64861,141.3607,143.16774,143.16774,2124392770
2024-08-21,142.33304,144.1563,139.26654,142.70961,142.70961,1923259439
2024-08-22,142.70961,144.81322,140.9344,143.25793,143.25793,1368400829
2024-08-23,143.25793,153.77124,143.16478,153.10709,153.10709,2560976300
2024-08-24,153.10834,162.16933,152.15208,160.73175,160.73175,2749419604
2024-08-25,160.73175,161.94797,155.50714,158.90912,158.90912,2085078554
2024-08-26,158.9115,161.9111,155.88449,157.23688,157.23688,2588808155
2024-08-27,157.23659,159.62355,145.6564,146.89709,146.89709,2783392784
2024-08-28,146.89709,148.69498,140.97081,143.89139,143.89139,2932401182
2024-08-29,143.89107,147.22058,138.26607,140.05403,140.05403,2098251665
2024-08-30,140.05403,141.01318,132.45134,138.09999,138.09999,2683385690
2024-08-31,138.09999,138.99225,134.63643,135.37425,135.37425,892155699
2024-09-01,135.37425,135.99782,128.24326,128.69055,128.69055,1974170865
2024-09-02,128.69055,135.35239,127.2662,135.00237,135.00237,2092221241
2024-09-03,135.00237,137.14476,127.57423,127.57758,127.57758,1787700523
2024-09-04,127.57758,134.86917,123.61295,133.60391,133.60391,2663812153
2024-09-05,133.60437,135.08521,128.14137,129.32895,129.32895,1926178088
2024-09-06,129.32895,134.16808,121.05538,124.99007,124.99007,3520537699
2024-09-07,124.99007,129.29089,124.26908,127.72157,127.72157,1321261949
2024-09-08,127.72157,131.51524,126.81303,129.98952,129.98952,1317794291
2024-09-09,129.98952,136.18654,127.2198,135.02562,135.02562,2443769044
2024-09-10,135.02637,137.80635,132.63109,135.63522,135.63522,1642358500
2024-09-11,135.63495,135.80388,128.43401,132.49739,132.49739,2122617674
2024-09-12,132.49709,136.61481,132.44333,136.14191,136.14191,1597055803
2024-09-13,136.14191,139.8325,131.86395,139.10054,139.10054,1668690414
2024-09-14,139.10254,139.73457,135.94356,137.17978,137.17978,952465288
2024-09-15,137.17978,137.92349,130.9698,131.49939,131.49939,1358403273
2024-09-16,131.49939,132.29637,129.13808,131.4726,131.4726,1623218789
2024-09-17,131.47244,135.48714,130.47569,131.53708,131.53708,1726861492
2024-09-18,131.53708,133.99185,127.25076,133.99185,133.99185,2260675347
2024-09-19,133.99185,143.90437,133.99185,142.83627,142.83627,2884543933
2024-09-20,142.83655,151.76094,141.31616,146.5668,146.5668,3241123621
2024-09-21,146.5668,149.83646,144.79803,149.52704,149.52704,1385610390
2024-09-22,149.52704,149.86583,141.38461,144.80365,144.80365,1597826979
2024-09-23,144.80365,148.97043,142.64384,144.81499,144.81499,2344229720
2024-09-24,144.81499,153.53629,143.30414,152.89215,152.89215,2927238360
2024-09-25,152.89096,153.54764,147.45013,148.02342,148.02342,2138602628
2024-09-26,148.0211,157.85815,146.87076,155.5761,155.5761,3009969111
2024-09-27,155.5761,160.9814,154.13028,157.74994,157.74994,2765830721
2024-09-28,157.75191,159.34521,155.29932,156.91243,156.91243,1300870644
2024-09-29,156.91243,161.62306,155.24309,158.62917,158.62917,1773980028
2024-09-30,158.63242,159.50893,152.01984,152.61847,152.61847,2376780676
2024-10-01,152.61847,157.25819,142.84233,145.28989,145.28989,3656164855
2024-10-02,145.28989,148.82568,138.91875,140.38556,140.38556,2892264150
2024-10-03,140.3849,142.80544,133.55316,136.78519,136.78519,2914986844
2024-10-04,136.78519,144.42679,136.07564,143.17227,143.17227,2361841303
2024-10-05,143.17227,144.83429,141.16966,142.71175,142.71175,1113937760
2024-10-06,142.71172,146.62001,142.11424,146.44237,146.44237,1168715645
2024-10-07,146.44354,152.10384,143.60458,143.99179,143.99179,2678803498
2024-10-08,143.99179,145.44879,141.23637,143.39442,143.39442,1710617951
2024-10-09,143.39534,145.12952,138.79744,139.31554,139.31554,1697499287
2024-10-10,139.31377,140.58058,135.5827,138.88841,138.88841,1770157917
2024-10-11,138.88675,146.43063,138.75586,145.38115,145.38115,1797846253
2024-10-12,145.38115,147.1369,144.76176,146.50029,146.50029,1118630507
2024-10-13,146.50034,148.71333,144.62364,147.57243,147.57243,1294444111
2024-10-14,147.57025,157.7541,147.00583,157.44513,157.44513,2929339176
2024-10-15,157.44513,158.71576,150.90952,154.72063,154.72063,3451652506
2024-10-16,154.72063,158.13704,153.0817,154.23422,154.23422,2397546608
2024-10-17,154.23817,155.55164,147.9435,150.31602,150.31602,2157747733
2024-10-18,150.32271,156.53741,149.70102,154.97594,154.97594,1754226839
2024-10-19,154.97594,159.71042,153.91283,159.63936,159.63936,1440375026
2024-10-20,159.64122,167.58565,157.76573,166.93982,166.93982,2579198899
2024-10-21,166.93861,171.43066,161.8105,166.21687,166.21687,3924173188
2024-10-22,166.21761,170.76009,163.28537,167.26015,167.26015,3470792372
2024-10-23,167.26064,173.81502,164.19382,170.9325,170.9325,3861697575
2024-10-24,171.11087,178.9953,170.51738,177.15694,177.15694,3529481044
2024-10-25,177.15714,177.19194,160.03528,164.7569,164.7569,4869966180
2024-10-26,164.756,172.82283,162.44336,170.70596,170.70596,2755373492
2024-10-27,170.70596,177.89516,170.19244,176.54919,176.54919,2427933420
2024-10-28,176.55368,179.40797,172.87225,178.1049,178.1049,3623055701
2024-10-29,178.10364,183.03944,176.85548,179.36075,179.36075,3919545873
2024-10-30,179.36075,181.15266,173.3994,174.92497,174.92497,2772422773
2024-10-31,174.92508,176.27985,167.57678,168.42999,168.42999,2652620406
2024-11-01,168.43022,173.85002,164.03255,166.26213,166.26213,3157093060
2024-11-02,166.26213,168.46057,162.38702,166.01035,166.01035,1618170398
2024-11-03,166.01035,166.37633,158.13676,162.5513,162.5513,2645801646
2024-11-04,162.5517,164.7139,155.16553,157.7471,157.7471,2809006700
2024-11-05,157.7471,169.12665,156.98819,166.7224,166.7224,3243848057
2024-11-06,166.7224,189.91548,166.69824,186.95479,186.95479,9822932731
2024-11-07,186.95479,197.90094,186.13605,196.33459,196.33459,4700842780
2024-11-08,196.33459,204.96976,196.02374,199.93901,199.93901,5673142495
2024-11-09,199.93961,203.34729,195.47411,200.19492,200.19492,3363617004
2024-11-10,200.19595,215.17908,198.98311,210.61372,210.61372,8564655765
2024-11-11,210.61372,223.2198,204.5623,222.64168,222.64168,10290809023
2024-11-12,222.64168,225.01152,205.44786,212.23181,212.23181,11308516682
2024-11-13,212.20801,220.33919,201.47058,215.18456,215.18456,11296665808
2024-11-14,215.18446,222.63914,207.49681,209.21907,209.21907,8094554275
2024-11-15,209.23624,219.53879,204.82802,218.09491,218.09491,6109860311
2024-11-16,218.56937,221.66237,213.80478,215.84883,215.84883,4698955745
2024-11-17,215.84779,241.23534,212.72816,237.57553,237.57553,9981076722
2024-11-18,237.57553,248.19281,234.40105,239.79425,239.79425,8798714213
2024-11-19,239.80089,247.09056,234.15306,238.09755,238.09755,6711919414
2024-11-20,238.09258,242.10788,230.91055,235.42366,235.42366,6454141445
2024-11-21,235.4274,259.05356,230.34157,257.06589,257.06589,10735314060
2024-11-22,257.08142,263.70087,252.13542,256.51868,256.51868,7249493783
2024-11-23,256.51816,263.83154,253.18744,255.17851,255.17851,6234742858
2024-11-24,255.17851,259.62564,243.12216,252.91953,252.91953,5330146683
2024-11-25,252.91606,256.4227,231.55199,234.44661,234.44661,6616015635
2024-11-26,234.44568,239.6378,222.9572,230.9782,230.9782,6996936265
2024-11-27,230.97221,243.1248,228.13005,242.30222,242.30222,5381404312
2024-11-28,242.30046,245.20445,233.20287,237.76401,237.76401,4047310070
2024-11-29,237.76398,246.77629,236.82124,243.5495,243.5495,4152396835
2024-11-30,243.54884,245.23688,237.72253,237.74374,237.74374,3549156564
2024-12-01,237.74384,239.80658,234.5304,237.06993,237.06993,3726118866
2024-12-02,237.06543,237.87662,220.55119,225.7562,225.7562,7374176295
2024-12-03,225.76857,239.27252,216.47302,234.20032,234.20032,8404095315
2024-12-04,234.20032,240.71959,225.25491,229.11929,229.11929,6569129896
2024-12-05,229.11938,244.68095,223.46054,233.9987,233.9987,8820663279
2024-12-06,236.54147,246.41866,231.42596,237.05107,237.05107,6726557034
2024-12-07,237.05107,243.12402,234.65906,238.54796,238.54796,4003422914
2024-12-08,239.48517,241.44072,233.71338,236.67233,236.67233,3204778349
2024-12-09,237.45744,237.45744,209.70613,217.34146,217.34146,8610208198
2024-12-10,217.32895,220.74098,203.72383,213.82462,213.82462,8419973004
2024-12-11,213.83522,230.50737,211.99318,227.44684,227.44684,5615074058
2024-12-12,227.44511,234.33322,225.95189,227.02672,227.02672,4935392005
2024-12-13,227.02672,228.27306,220.82472,224.8373,224.8373,4029626623
2024-12-14,224.8373,227.24194,215.34424,219.84076,219.84076,2925240730
2024-12-15,219.84076,225.06665,215.91074,223.65767,223.65767,2969473030
2024-12-16,223.65613,227.04477,213.48239,216.33496,216.33496,5071129914
2024-12-17,216.33377,228.68629,211.90964,222.81673,222.81673,6445051900
2024-12-18,222.82318,225.89439,205.00487,206.38174,206.38174,6888988933
2024-12-19,206.38281,211.99521,188.02753,194.28452,194.28452,8043974299
2024-12-20,194.28227,199.3622,175.90517,194.20818,194.20818,9600073165
2024-12-21,194.2074,201.6317,178.74005,181.30145,181.30145,5368845730
2024-12-22,181.28682,187.53346,177.13406,180.16891,180.16891,4001292417
2024-12-23,180.17429,193.04814,176.71889,189.75369,189.75369,4922594345
2024-12-24,189.75369,198.69614,186.1153,196.98903,196.98903,3412375255
2024-12-25,196.99136,201.63464,195.35304,197.47908,197.47908,2688415733
2024-12-26,197.47516,199.39798,186.85559,188.21811,188.21811,2864701219
2024-12-27,188.21655,193.75336,182.94713,183.82848,183.82848,2788285851
2024-12-28,183.83339,195.43544,183.83333,195.01353,195.01353,2158687217
2024-12-29,195.02245,197.18108,188.341,189.74426,189.74426,2165753102
2024-12-30,189.7442,196.12291,185.93761,191.02805,191.02805,3246300054
2024-12-31,191.0453,198.67839,187.97987,189.26448,189.26448,3276526561
2025-01-01,189.26692,194.8185,187.87946,193.87373,193.87373,2324231668
2025-01-02,193.87213,209.06673,193.25853,207.76704,207.76704,4230329837
2025-01-03,207.76761,219.55952,205.6524,217.74733,217.74733,4064420852
2025-01-04,217.74805,217.90504,213.83145,216.62292,216.62292,2432220391
2025-01-05,216.62276,218.8784,211.76523,213.39363,213.39363,2403765299
2025-01-06,213.39484,222.95297,211.65314,218.72313,218.72313,3408034919
2025-01-07,218.41293,219.1423,202.12491,202.23026,202.23026,4360983978
2025-01-08,202.22787,203.06032,188.95789,197.55905,197.55905,5028291858
2025-01-09,197.55905,198.901,182.32233,185.02528,185.02528,3815664216
2025-01-10,185.01314,192.75632,183.86676,187.57918,187.57918,3739014100
2025-01-11,187.57118,191.71881,184.27744,187.99551,187.99551,2174290937
2025-01-12,187.99533,190.74918,185.25227,188.56038,188.56038,1544086708
2025-01-13,188.55092,191.77518,170.62898,182.83536,182.83536,5225490858
2025-01-14,182.83299,189.93732,181.95667,187.4986,187.4986,2748310371
2025-01-15,187.49818,205.93495,186.00299,205.91135,205.91135,4071481523
2025-01-16,205.92197,216.83995,198.66252,211.22784,211.22784,6099125467
2025-01-17,211.22841,221.85242,209.96925,219.62161,219.62161,5118230275
2025-01-18,219.6207,268.74658,217.57504,261.86975,261.86975,23186958912
2025-01-19,261.87244,294.33496,239.61058,250.58636,250.58636,33172955667
2025-01-20,250.62497,272.15305,231.63455,242.25023,242.25023,22690757561
2025-01-21,242.23653,259.82935,231.67592,250.41379,250.41379,10694802909
2025-01-22,250.41379,271.53003,248.7516,257.23737,257.23737,8880832578
2025-01-23,257.23624,258.12915,242.49619,253.4552,253.4552,9264528949
2025-01-24,253.4552,269.80579,247.63147,253.36122,253.36122,7483041553
2025-01-25,253.36632,260.58249,246.65912,256.07358,256.07358,5035419721
2025-01-26,256.07388,259.63449,240.85243,240.88345,240.88345,4178231600
2025-01-27,240.88533,242.42902,221.97533,235.07445,235.07445,10736630238
2025-01-28,235.07297,243.89478,225.25986,227.20396,227.20396,5105320114
2025-01-29,227.20279,237.70976,222.92351,227.94493,227.94493,5385638692
2025-01-30,227.95305,244.32596,227.13762,239.02315,239.02315,4636567306
2025-01-31,239.01669,241.6666,228.47884,231.63791,231.63791,4043216055
2025-02-01,231.64061,233.86383,213.4364,213.78502,213.78502,3546350864
2025-02-02,213.78094,218.38438,195.44923,203.11963,203.11963,8432593480
2025-02-03,203.12151,218.64769,180.4093,216.14958,216.14958,15260840772
2025-02-04,216.15051,219.99588,202.84885,207.09198,207.09198,7328632702
2025-02-05,207.0771,209.31876,195.39058,195.98814,195.98814,3826498437
2025-02-06,195.98639,203.88782,188.16553,189.77249,189.77249,3936545265
2025-02-07,189.75771,203.15053,188.48074,192.20465,192.20465,4593806344
2025-02-08,192.20255,200.83197,190.12877,199.5999,199.5999,2387525186
2025-02-09,199.5898,207.27464,194.24132,200.49756,200.49756,3380872965
2025-02-10,200.49825,208.8275,196.38077,200.35635,200.35635,4106376694
2025-02-11,200.35892,205.92419,195.3215,197.98236,197.98236,3907611299
2025-02-12,197.98386,198.44981,189.60843,196.7738,196.7738,4290836657
2025-02-13,196.7738,198.26076,189.42772,194.46095,194.46095,2755407329
2025-02-14,194.45456,205.12502,194.35405,199.93567,199.93567,3732334277
2025-02-15,199.88678,200.05339,192.81378,194.48209,194.48209,1869221857
2025-02-16,194.48116,196.07031,186.97987,188.4864,188.4864,2160799161
2025-02-17,188.48521,189.5065,175.26355,177.68974,177.68974,4345262539
2025-02-18,177.68861,178.94608,161.30545,169.08429,169.08429,6684824301
2025-02-19,169.08543,174.12148,163.9594,169.0108,169.0108,3717681436
2025-02-20,169.00534,176.58813,167.87346,176.04889,176.04889,3347070717
2025-02-21,176.035,180.43396,167.30507,168.89163,168.89163,4684370707
2025-02-22,168.89163,174.46559,168.36743,172.16286,172.16286,2026581266
2025-02-23,172.16347,173.03606,166.62766,168.03812,168.03812,1621130854
2025-02-24,168.03812,169.56248,140.56651,141.98949,141.98949,7062261489
2025-02-25,141.99234,146.73987,132.48584,144.10776,144.10776,9341433919
2025-02-26,144.09996,144.87468,130.69107,134.83133,134.83133,4916419994
2025-02-27,134.8316,142.18147,134.72974,137.6208,137.6208,3723520943
2025-02-28,137.62077,148.18384,125.74222,148.03001,148.03001,7544673033
2025-03-01,148.03021,150.78716,138.68468,143.6757,143.6757,3305410077
2025-03-02,143.67673,178.50856,140.29758,178.4955,178.4955,11540413390
2025-03-03,178.49524,178.63464,139.7901,142.02109,142.02109,9241009702
2025-03-04,142.03319,146.39647,131.57347,144.91658,144.91658,8035056091
2025-03-05,144.91881,149.48547,140.59686,146.2673,146.2673,4501939048
2025-03-06,146.27066,152.77925,142.7804,143.35522,143.35522,4204376336
2025-03-07,143.35522,150.02325,135.71716,139.20914,139.20914,6090751623
2025-03-08,139.20914,140.90457,135.48297,136.94208,136.94208,2270939562
2025-03-09,136.94283,139.72577,125.93571,126.43543,126.43543,3429886567
2025-03-10,126.43543,131.24095,115.91789,118.29175,118.29175,5519806938
2025-03-11,118.29167,128.14886,113.18921,125.26395,125.26395,5259428587
2025-03-12,125.2619,130.65511,121.36756,126.58324,126.58324,4112201839
2025-03-13,126.58324,128.15863,120.90948,123.28615,123.28615,2871050068
2025-03-14,123.2866,135.64348,123.11715,133.31448,133.31448,3161542602
2025-03-15,133.31325,136.48134,132.55995,135.91254,135.91254,1844463215
2025-03-16,135.91679,136.46899,125.38741,125.98811,125.98811,2456569508
2025-03-17,125.98742,130.52687,125.8619,128.16371,128.16371,2487364373
2025-03-18,128.16135,128.16135,121.94453,125.3127,125.3127,2534317858
2025-03-19,125.31229,135.92552,124.29733,135.57251,135.57251,3539287974
2025-03-20,135.57416,135.77261,126.85358,127.49718,127.49718,2469659459
2025-03-21,127.49886,129.95624,124.97737,128.43031,128.43031,2370317364
2025-03-22,128.42993,131.57619,127.93256,128.48499,128.48499,1442831196
2025-03-23,128.48448,133.96196,128.34225,132.59932,132.59932,1711242607
2025-03-24,132.59932,144.88309,132.1618,140.86928,140.86928,4207560020
2025-03-25,140.87473,147.058,138.34668,143.81708,143.81708,3585353324
2025-03-26,143.81708,145.36848,136.13635,137.28857,137.28857,3083070981
2025-03-27,137.29095,140.17451,135.92221,138.34738,138.34738,2660348034
2025-03-28,138.34724,138.95282,127.98094,129.42316,129.42316,3532896573
2025-03-29,129.42451,130.38051,123.07389,124.58765,124.58765,2253256988
2025-03-30,124.58649,126.62339,123.30076,124.64263,124.64263,1639017444
2025-03-31,124.64403,127.6969,123.07924,124.69413,124.69413,3206702485
2025-04-01,124.69534,130.03242,123.94904,126.68238,126.68238,2993289339
2025-04-02,126.6796,135.69579,117.74428,117.75763,117.75763,5399672438
2025-04-03,117.7492,120.78983,112.47826,117.06145,117.06145,4633002432
2025-04-04,117.06481,123.9006,113.60323,122.78688,122.78688,5182517335
2025-04-05,122.78643,122.78691,117.1888,120.259,120.259,1667996329
2025-04-06,120.25851,120.93268,104.00413,105.71201,105.71201,3822458629
2025-04-07,105.71201,111.47198,96.588066,106.90278,106.90278,8644174246
2025-04-08,106.90527,112.29893,103.14452,105.51219,105.51219,5353641480
2025-04-09,105.50959,120.47077,101.43474,119.05754,119.05754,7096350476
2025-04-10,119.06229,119.08256,108.60169,112.80392,112.80392,4310698523
2025-04-11,112.80732,122.39859,112.18642,121.53238,121.53238,3953610468
2025-04-12,121.5327,133.75885,119.65935,132.26056,132.26056,4089397536
2025-04-13,132.26259,133.50684,125.52386,128.5808,128.5808,3818650340
2025-04-14,128.57817,135.18695,128.23288,129.31038,129.31038,4425565001
2025-04-15,129.31102,134.19319,126.13686,126.26313,126.26313,3272094237
2025-04-16,126.26312,133.59012,123.72076,131.44969,131.44969,4448562334
2025-04-17,131.45023,135.90935,129.73309,134.69875,134.69875,3504448606
2025-04-18,134.70419,135.8689,132.588,134.0735,134.0735,2142264993
2025-04-19,134.0735,140.09261,133.69476,139.75026,139.75026,2522912658
2025-04-20,139.7529,141.83037,135.77147,137.7746,137.7746,2796023398
2025-04-21,137.7746,142.66159,134.12236,136.70439,136.70439,4162691832
2025-04-22,136.70184,149.94925,135.37776,148.73941,148.73941,4659792312
2025-04-23,148.74001,153.86874,147.45079,151.15273,151.15273,4699152180
2025-04-24,151.15395,152.75404,145.66135,152.30363,152.30363,3903057847
2025-04-25,152.32135,156.04518,150.12779,150.91501,150.91501,4411923686
2025-04-26,150.91727,153.01953,148.03741,149.28937,149.28937,2128235815
2025-04-27,149.2897,150.20872,145.7666,148.24583,148.24583,2015737709
2025-04-28,148.24516,153.2077,144.89145,147.80994,147.80994,3819502747
2025-04-29,147.80994,150.04419,145.16933,146.42787,146.42787,2872743502
2025-04-30,146.42749,148.20929,140.7121,147.6432,147.6432,3017472875
2025-05-01,147.64497,153.86591,147.61298,150.84659,150.84659,3224541533
2025-05-02,150.84314,151.7317,147.45224,148.05003,148.05003,2823970426
2025-05-03,148.04985,148.95946,146.1095,146.79605,146.79605,1567415096
2025-05-04,146.79596,147.68251,143.82242,143.98306,143.98306,1636835620
2025-05-05,143.98593,147.61659,142.89989,146.69664,146.69664,2238980623
2025-05-06,146.69577,147.08965,141.67053,146.7664,146.7664,2728680947
2025-05-07,146.76689,149.33984,144.88271,147.21375,147.21375,4316881378
2025-05-08,147.21727,163.97505,147.21419,163.96078,163.96078,6372889923
2025-05-09,163.96024,175.86208,161.24777,172.82828,172.82828,7452318987
2025-05-10,172.8277,178.57185,168.92941,177.62181,177.62181,4012477696
2025-05-11,177.62289,179.62253,169.71773,173.02646,173.02646,4025374577
2025-05-12,173.03668,180.95149,169.07826,174.24789,174.24789,6940951587
2025-05-13,174.2462,184.7014,166.80731,184.00626,184.00626,5170161208
2025-05-14,184.0063,184.71819,173.73174,176.70923,176.70923,4610872279
2025-05-15,176.70866,178.10504,167.28017,169.00999,169.00999,4347587992
2025-05-16,169.01469,173.9581,166.75723,167.33395,167.33395,3495576096
2025-05-17,167.33395,169.76828,164.22495,165.93083,165.93083,2783616834
2025-05-18,165.93198,176.49248,165.51353,173.89871,173.89871,3866092629
2025-05-19,173.83578,173.83853,159.64749,166.86423,166.86423,4498613127
2025-05-20,166.86421,172.86057,164.77965,168.48369,168.48369,3787047019
2025-05-21,168.48412,175.52242,166.30487,173.68173,173.68173,5254974027
2025-05-22,173.68221,180.54625,172.75525,179.69095,179.69095,4913432701
2025-05-23,179.69147,187.27975,173.57063,173.82542,173.82542,7488253558
2025-05-24,173.84041,178.14275,172.79172,176.0424,176.0424,3002798120
2025-05-25,176.03448,176.7213,169.35779,175.72548,175.72548,3395309315
2025-05-26,175.72566,178.978,173.70024,174.9079,174.9079,2872898398
2025-05-27,174.9077,179.22127,171.57545,176.81519,176.81519,3737068836
2025-05-28,176.81465,177.37599,169.1057,172.18956,172.18956,3454599629
2025-05-29,172.1906,175.18428,166.25851,166.58818,166.58818,3480369993
2025-05-30,166.59343,167.34712,156.03465,156.23471,156.23471,4458908034
2025-05-31,156.23595,157.93669,152.44165,156.63895,156.63895,2817151487
2025-06-01,156.63789,157.82785,150.84341,157.78455,157.78455,2554572841
2025-06-02,157.78374,158.89464,151.99745,156.99806,156.99806,3070599881
2025-06-03,156.99809,163.39369,154.70766,155.34317,155.34317,3739800274
2025-06-04,155.34172,157.85304,153.17564,153.35965,153.35965,2694510572
2025-06-05,153.35933,154.56042,141.90294,144.54295,144.54295,4691163987
2025-06-06,144.54291,152.02252,144.4404,147.91313,147.91313,2780168622
2025-06-07,147.90805,152.82553,147.18727,150.13406,150.13406,1895979261
2025-06-08,150.1339,155.04189,148.22443,152.4301,152.4301,1928262265
2025-06-09,152.4301,161.4991,149.83992,161.08865,161.08865,3689102023
2025-06-10,161.09471,165.53392,156.84259,165.02817,165.02817,4891108456
2025-06-11,165.02817,168.01811,159.42578,161.05586,161.05586,5292694830
2025-06-12,161.05586,161.20279,152.23741,152.78967,152.78967,3655760294
2025-06-13,152.78705,152.78705,141.43715,148.62836,148.62836,6346327306
2025-06-14,148.63223,148.64667,142.22569,144.76375,144.76375,2159011897
2025-06-15,144.7634,153.21786,144.36363,152.81439,152.81439,3600058127
2025-06-16,152.81439,158.60788,150.87,150.87,150.87,4629439778
2025-06-17,150.86487,154.14801,145.87115,147.7498,147.7498,4505742897
2025-06-18,147.74905,149.15915,143.96722,146.35312,146.35312,3507323344
2025-06-19,146.35527,147.78708,143.11188,147.07147,147.07147,2754965137
2025-06-20,147.07291,148.7189,136.51241,140.16859,140.16859,4112242022
2025-06-21,140.16805,142.49974,132.41425,135.16101,135.16101,3335622844
2025-06-22,135.19635,137.55214,126.82628,131.61569,131.61569,4990284543
2025-06-23,131.61586,146.5985,131.16086,144.84673,144.84673,5742740781
2025-06-24,144.84673,146.58948,142.56668,145.95453,145.95453,3709899362
2025-06-25,145.95351,147.77402,142.55795,143.50513,143.50513,3095794422
2025-06-26,143.50529,147.73015,138.80823,139.05986,139.05986,3480832173
2025-06-27,139.05978,144.40373,137.7942,142.19148,142.19148,3327165986
2025-06-28,142.19203,152.43739,141.34932,150.82756,150.82756,2847495210
2025-06-29,150.82599,154.42337,149.53247,153.35309,153.35309,2462940245
2025-06-30,153.35309,159.63161,149.61244,154.73531,154.73531,4752163067
2025-07-01,154.73503,155.34743,145.21289,146.92664,146.92664,3599415509
2025-07-02,146.92874,154.40984,146.23218,152.22763,152.22763,3941952132
2025-07-03,152.22856,156.18848,150.15146,152.40179,152.40179,3748228101
2025-07-04,152.40202,153.5576,145.45197,147.76364,147.76364,3575641174
2025-07-05,147.76291,148.59071,146.07684,147.64145,147.64145,1579874806
2025-07-06,147.64146,153.38705,146.89973,151.87294,151.87294,2921512526
2025-07-07,151.87334,153.27696,147.7894,148.87234,148.87234,3661294298
2025-07-08,148.87196,152.7966,147.94987,151.81039,151.81039,3885408944
2025-07-09,151.81039,157.88002,150.69989,157.28151,157.28151,4759358090
2025-07-10,157.28151,165.07658,156.04607,164.06277,164.06277,5703252463
2025-07-11,164.06253,167.92197,160.06564,162.88338,162.88338,7095844188
2025-07-12,162.88338,163.84532,157.99803,160.68484,160.68484,3795297694
2025-07-13,160.68484,163.9576,159.91585,161.19402,161.19402,3865898680
2025-07-14,161.19402,168.33612,160.77779,162.27522,162.27522,7130680773
2025-07-15,162.27562,164.12209,157.60275,163.95044,163.95044,6533486768
2025-07-16,163.95044,175.8358,161.69142,173.70848,173.70848,8415349750
2025-07-17,173.70848,178.06844,169.03152,175.79305,175.79305,7913250794
2025-07-18,175.79193,184.369,173.91469,177.38197,177.38197,8439352014
2025-07-19,177.38191,178.36938,174.31314,177.07013,177.07013,4074891432
2025-07-20,177.0705,183.31976,176.52831,181.54604,181.54604,6503778374
2025-07-21,181.54526,198.91556,178.56219,195.99426,195.99426,11211509986
2025-07-22,195.9879,205.87148,194.2823,205.70055,205.70055,14508715185
2025-07-23,205.71124,205.75609,184.32736,189.54294,189.54294,10671351702
2025-07-24,189.53931,191.88336,179.94815,182.60606,182.60606,8921891799
2025-07-25,182.60394,186.78859,176.41354,186.77966,186.77966,8613557362
2025-07-26,186.7798,189.64696,184.53267,184.91388,184.91388,3756183776
2025-07-27,184.91197,190.44315,184.74013,188.73349,188.73349,4713357652
2025-07-28,188.7321,194.65802,182.36876,182.54156,182.54156,7456216270
2025-07-29,182.55849,186.48845,178.57059,181.33531,181.33531,5430304723
2025-07-30,181.33531,182.37952,172.34227,177.69402,177.69402,6074764559
2025-07-31,177.69379,182.48248,171.8528,172.42435,172.42435,5443530167
2025-08-01,172.41711,172.41711,159.78857,162.87709,162.87709,8200357157
2025-08-02,162.87709,165.10701,156.08435,158.48302,158.48302,4455060056
2025-08-03,158.48341,162.82405,156.87167,161.95497,161.95497,3702562222
2025-08-04,161.96297,169.71173,161.437,169.42569,169.42569,4977909460
2025-08-05,169.42778,171.56015,161.6409,164.09644,164.09644,4979304041
2025-08-06,164.09857,169.86183,161.40118,168.17574,168.17574,3851544154
2025-08-07,168.17543,175.48871,166.89455,175.48543,175.48543,5177005321
2025-08-08,175.48546,179.35963,173.7016,176.76329,176.76329,6565011386
2025-08-09,176.76312,183.14249,176.75984,180.18234,180.18234,5297615193
2025-08-10,180.18289,185.91675,177.99513,182.90302,182.90302,6719478867
2025-08-11,182.90303,186.6573,173.68668,174.97781,174.97781,7353962794
2025-08-12,174.97783,193.44084,173.83562,191.85683,191.85683,8611505118
2025-08-13,191.85683,204.47002,191.49545,201.59042,201.59042,11831412257
2025-08-14,201.58673,209.66685,187.78337,192.58595,192.58595,14664456934
2025-08-15,192.58777,198.13832,183.76401,185.74126,185.74126,7685764515
2025-08-16,185.73955,189.98114,185.45778,189.767,189.767,3716008732
2025-08-17,189.76585,195.4408,187.72368,191.16483,191.16483,4221788171
2025-08-18,191.16449,191.35416,180.41411,183.06987,183.06987,6328028844
2025-08-19,183.06969,185.78374,175.99242,176.11227,176.11227,5990636025
2025-08-20,176.11388,187.68954,176.10101,187.5863,187.5863,6283111574
2025-08-21,187.5863,189.40053,179.71333,180.28062,180.28062,5379108039
2025-08-22,180.27969,201.93735,177.47476,200.64745,200.64745,10256417346
2025-08-23,200.64616,207.839,195.37184,203.93674,203.93674,7845395369
2025-08-24,203.93715,211.76024,201.7072,205.85237,205.85237,11456987571
2025-08-25,205.85544,213.00613,186.02505,187.27844,187.27844,13048248034
2025-08-26,187.26842,197.84653,186.17345,195.90509,195.90509,8032115173
2025-08-27,195.90601,211.85757,194.06311,202.92337,202.92337,12883119559
2025-08-28,202.9257,216.0874,202.00714,214.40564,214.40564,12079041801
2025-08-29,214.40134,217.8367,200.43594,205.22,205.22,14055051455
2025-08-30,205.21448,206.8004,197.8942,202.86014,202.86014,5828701739
2025-08-31,202.85719,206.50696,200.65669,200.86354,200.86354,5028997406
2025-09-01,200.86186,204.21785,194.37802,197.10834,197.10834,7253329838
2025-09-02,197.10959,209.48154,197.09366,209.48154,209.48154,8625200488
2025-09-03,209.48279,212.82352,207.58408,210.74631,210.74631,6966454259
2025-09-04,210.74631,211.79501,202.12701,202.56018,202.56018,5241887525
2025-09-05,202.54674,209.86006,201.18001,203.49852,203.49852,7780086538
2025-09-06,203.49852,204.55754,199.6404,200.24631,200.24631,3057210360
2025-09-07,200.24736,207.86734,200.2285,206.46819,206.46819,4153166545
2025-09-08,206.46454,216.89978,205.71736,214.1864,214.1864,10019366594
2025-09-09,214.18654,219.5235,211.15825,217.25069,217.25069,8798692220
2025-09-10,217.2504,225.51247,215.27252,223.98691,223.98691,9070263027
2025-09-11,223.98569,228.90883,222.02515,228.75618,228.75618,9580815361
2025-09-12,228.75624,243.78891,228.26355,242.30328,242.30328,13008621197
2025-09-13,242.30098,244.14328,236.4733,242.5959,242.5959,7478581447
2025-09-14,242.5956,249.12413,240.21393,240.55769,240.55769,9358190854
2025-09-15,240.5481,244.00041,230.48401,234.35756,234.35756,10017744936
2025-09-16,234.35922,240.68352,231.87297,236.98958,236.98958,7521208086
2025-09-17,236.97752,246.46394,232.77397,244.85745,244.85745,10420751509
2025-09-18,244.8513,253.2099,242.90659,247.63713,247.63713,9258651570
2025-09-19,247.63824,248.50661,235.87193,238.5527,238.5527,7513642552
2025-09-20,238.54976,240.99896,237.17776,239.59248,239.59248,3518711912
2025-09-21,239.59331,241.80893,235.71669,236.57545,236.57545,3513052984
2025-09-22,236.57422,236.86926,216.91777,220.49644,220.49644,12102727916
2025-09-23,220.50391,221.35005,212.80286,213.7173,213.7173,7373425460
2025-09-24,213.71072,216.38019,206.0406,211.75626,211.75626,8377116522
2025-09-25,211.75345,212.40076,192.08315,192.38077,192.38077,12314273479
2025-09-26,192.39796,205.41528,191.12665,205.35255,205.35255,10334548744
2025-09-27,205.34518,205.39914,200.26909,203.58333,203.58333,4016294139
2025-09-28,203.58324,210.89622,198.32043,210.73775,210.73775,4467879569
2025-09-29,210.73973,214.68811,205.13081,213.05341,213.05341,6886600486
2025-09-30,213.04497,213.50681,204.56564,208.74312,208.74312,6873718512
2025-10-01,208.74223,221.67587,206.62067,221.67587,221.67587,8264703260
2025-10-02,221.69473,234.86058,219.85985,234.85687,234.85687,9665302715
2025-10-03,234.85399,236.79118,227.67674,233.00197,233.00197,9289248668
2025-10-04,233.00098,233.90085,224.47383,228.0032,228.0032,4553115834
2025-10-05,228.0025,236.77724,226.89816,228.6012,228.6012,7132874650
2025-10-06,228.6011,237.32254,227.99805,232.51604,232.51604,7521265450
2025-10-07,232.51477,235.08649,220.4547,220.48271,220.48271,9339230314
2025-10-08,220.48555,229.56433,218.18419,229.10121,229.10121,7198664384
2025-10-09,229.09688,229.31578,217.19894,220.99107,220.99107,7901186012
2025-10-10,220.99306,224.25441,174.06973,188.66386,188.66386,16784427014
2025-10-11,188.6389,190.87914,173.75479,178.05417,178.05417,12850012618
2025-10-12,178.0562,198.87398,173.52139,197.50854,197.50854,11797041281
2025-10-13,197.51219,209.24919,191.94417,208.36729,208.36729,11469454798
2025-10-14,208.36356,211.10504,191.67102,202.46034,202.46034,13600198608
2025-10-15,202.46187,208.33116,192.70006,194.02187,194.02187,9867608882
2025-10-16,194.02187,197.95575,182.25134,184.68895,184.68895,10042886154
2025-10-17,184.6862,187.42857,174.74417,182.03479,182.03479,10401735741
2025-10-18,182.03616,188.26788,182.02399,187.66029,187.66029,4108902789
2025-10-19,187.66029,192.20061,183.45825,187.7982,187.7982,4863227045
2025-10-20,187.79831,194.34116,184.04663,189.75067,189.75067,6103945646
2025-10-21,189.76204,197.37448,183.31325,185.66628,185.66628,8186574439
2025-10-22,185.66733,187.32663,177.67314,180.14813,180.14813,7337365275
2025-10-23,180.14813,193.17557,179.80087,191.38828,191.38828,6358339771
2025-10-24,191.3886,195.31233,189.10889,193.56023,193.56023,5855077941
2025-10-25,193.56082,195.08336,191.60333,194.04037,194.04037,3170047006
2025-10-26,194.03758,200.62122,192.16077,200.02863,200.02863,4753310567
2025-10-27,200.02748,205.02005,197.59854,198.74171,198.74171,6714497027
2025-10-28,198.741,203.83176,191.38519,194.44279,194.44279,8093133805
2025-10-29,194.43362,201.67744,190.60921,194.41087,194.41087,8057327834
2025-10-30,194.40018,198.03947,179.22173,184.62442,184.62442,8688393422
2025-10-31,184.62895,189.85353,184.02078,187.20947,187.20947,5699604751
2025-11-01,187.20926,187.34557,184.06209,186.38005,186.38005,2742470897
2025-11-02,186.37965,188.14153,182.82925,187.82597,187.82597,3213989849
2025-11-03,187.82605,188.74121,163.54529,166.0907,166.0907,10083921329
2025-11-04,166.09554,168.2003,146.74956,155.40318,155.40318,11720472283
2025-11-05,155.39946,163.65787,147.89247,162.56607,162.56607,7278004532
2025-11-06,162.56339,162.7793,153.79433,155.06592,155.06592,5543550041
2025-11-07,155.06641,164.09254,150.44388,161.70818,161.70818,6565811742
2025-11-08,161.70853,164.70511,156.08548,158.10251,158.10251,3777278818
2025-11-09,158.10298,166.23103,155.38454,164.45384,164.45384,4538025398
2025-11-10,164.45126,170.15529,163.8564,167.367,167.367,5424364139
2025-11-11,167.36734,171.60735,154.26486,154.56833,154.56833,6202061657
2025-11-12,154.56334,161.01407,151.46877,153.26204,153.26204,5979682267
2025-11-13,153.26006,156.9861,141.39766,145.10847,145.10847,7354986019
2025-11-14,145.10847,145.46722,136.04134,138.67661,138.67661,8170562276
2025-11-15,138.67661,143.59059,138.67661,139.5352,139.5352,3449336899
2025-11-16,139.53267,143.15945,134.96567,137.26573,137.26573,4722106857
2025-11-17,137.26535,142.46754,129.01918,130.84827,130.84827,7330608944
2025-11-18,130.84869,141.83173,129.3094,140.71439,140.71439,7400753648
2025-11-19,140.71439,142.47826,130.64391,136.76695,136.76695,6005404886
2025-11-20,136.76776,144.33061,131.38913,133.51715,133.51715,8497498957
2025-11-21,133.51396,134.78764,122.27206,128.5005,128.5005,10081815694
2025-11-22,128.49857,129.64389,125.40488,127.5512,127.5512,3490973210
2025-11-23,127.55113,133.32692,127.55113,130.70506,130.70506,3820042054
2025-11-24,130.70604,139.4839,128.54152,138.37135,138.37135,6046925667
2025-11-25,138.37889,140.34663,133.50813,138.89114,138.89114,4512057787
2025-11-26,138.88988,144.47104,135.63246,143.01219,143.01219,5361639551
2025-11-27,143.01253,144.17322,140.69576,140.84641,140.84641,3419017564
2025-11-28,140.84648,143.30421,136.28543,137.3902,137.3902,4865188881
2025-11-29,137.39064,137.88579,135.12068,136.08171,136.08171,2428334173
2025-11-30,136.08211,139.93712,133.56482,133.56482,133.56482,3123775023
2025-12-01,133.56482,133.60721,123.31387,126.70902,126.70902,6212210725
2025-12-02,126.70862,140.66483,126.14126,138.67421,138.67421,6173683503
2025-12-03,138.6731,145.73007,137.94106,144.8985,144.8985,5809364566
2025-12-04,144.89154,146.72038,138.06799,139.01453,139.01453,4304817495
2025-12-05,139.01398,140.37988,131.1353,133.323,133.323,4557254539
2025-12-06,133.32437,134.06984,131.50658,132.34845,132.34845,2061286212
2025-12-07,132.34987,136.23268,128.28511,132.09357,132.09357,3824892147
2025-12-08,132.09599,139.20735,131.67465,133.27823,133.27823,4710407082
2025-12-09,133.27834,144.74278,131.87073,137.90161,137.90161,5869893316
2025-12-10,137.9061,142.44235,135.86287,136.46902,136.46902,5949930252
2025-12-11,136.46376,137.67807,129.38402,136.37157,136.37157,5833676784
2025-12-12,136.36993,139.98732,130.67987,132.3243,132.3243,5282060650
2025-12-13,132.32404,134.24513,131.98581,133.24747,133.24747,2024059188
2025-12-14,133.24762,133.59099,128.90166,129.48109,129.48109,2489001258
2025-12-15,129.48334,134.71762,123.99805,127.75712,127.75712,5120043768
2025-12-16,127.75731,129.94527,125.45385,129.25121,129.25121,3918682307
2025-12-17,129.25282,133.44177,121.55805,123.1198,123.1198,5452646038
2025-12-18,123.12611,128.76418,117.31623,119.57015,119.57015,5835673225
2025-12-19,119.57015,127.50523,117.79813,126.19275,126.19275,5045203467
2025-12-20,126.19405,126.76324,125.39104,125.80904,125.80904,1703857955
2025-12-21,125.81024,126.45637,123.60158,125.9915,125.9915,2335972346
2025-12-22,125.99152,128.38507,124.40662,125.80123,125.80123,3657779407
2025-12-23,125.80123,126.73116,122.32802,123.85722,123.85722,3084149409
2025-12-24,123.85684,124.10684,120.78386,122.4586,122.4586,2313559221
2025-12-25,122.45836,124.19392,119.90099,119.94712,119.94712,2194207451
2025-12-26,119.94737,124.92918,119.57317,122.19595,122.19595,3779508002
2025-12-27,122.19612,124.74816,121.8604,124.64771,124.64771,1711358748
2025-12-28,124.64841,125.21761,123.07059,125.19936,125.19936,2003713687
2025-12-29,125.19875,129.30441,122.42873,123.12523,123.12523,4871847248
2025-12-30,123.12449,126.19067,122.539,124.93132,124.93132,3096711898
2025-12-31,124.93132,127.11942,123.46352,124.48447,124.48447,3627228070
2026-01-01,124.48474,126.98711,124.05154,126.76112,126.76112,2461653813
2026-01-02,126.76112,132.9879,125.79122,132.13367,132.13367,4508641946
2026-01-03,132.13339,133.60838,129.93521,133.29848,133.29848,2477037555
2026-01-04,133.29822,135.35448,133.22733,133.89961,133.89961,2982580991
2026-01-05,133.90263,139.63559,133.34866,137.98997,137.98997,5200675282
2026-01-06,137.98982,143.03658,136.36613,141.09842,141.09842,5874437271
2026-01-07,141.09612,141.09892,134.6916,136.31302,136.31302,3910044770
2026-01-08,136.31302,139.83444,132.82118,138.29343,138.29343,4776764584
2026-01-09,138.29727,140.89507,135.04872,135.75639,135.75639,5002612595
2026-01-10,135.75705,136.81883,135.29323,135.72701,135.72701,1631651535
2026-01-11,135.72768,141.04338,135.6405,139.49046,139.49046,3148787073
2026-01-12,139.49088,143.91158,138.4205,139.13618,139.13618,6095296933
2026-01-13,139.13544,147.30531,137.80846,145.36087,145.36087,6784244711
2026-01-14,145.36163,148.216,143.52069,146.75281,146.75281,6358680886
2026-01-15,146.75563,146.76199,141.03555,142.33244,142.33244,4616638822
2026-01-16,142.33289,145.38098,140.4368,144.86047,144.86047,3652609587
2026-01-17,144.86015,144.86577,143.57346,143.72568,143.72568,1900249993
2026-01-18,143.72594,143.82253,137.96004,137.99542,137.99542,2984193864
2026-01-19,137.99721,137.99765,132.81778,133.3387,133.3387,5018545520
2026-01-20,133.33859,134.38629,125.67016,125.70573,125.70573,5647782627
2026-01-21,125.70573,131.83931,125.58707,129.37907,129.37907,5435243612
2026-01-22,129.37895,130.49164,126.85424,128.28835,128.28835,3212054901
2026-01-23,128.28851,129.72862,125.37661,127.36158,127.36158,3766000022
2026-01-24,127.36304,127.90245,126.56281,127.05382,127.05382,1620566908
2026-01-25,127.05251,127.22686,117.5798,118.77286,118.77286,5349293195
2026-01-26,118.77265,125.06039,118.66184,124.13972,124.13972,4273720547
2026-01-27,124.13898,127.62338,123.0452,127.05479,127.05479,3683537052
2026-01-28,127.05332,127.96629,124.89338,125.11845,125.11845,3544660044
2026-01-29,125.11926,125.18668,115.41664,117.60577,117.60577,6044075471
2026-01-30,117.60324,118.86774,112.96723,117.36304,117.36304,6818716389
2026-01-31,117.36463,118.61029,99.980453,105.44165,105.44165,9542017060
2026-02-01,105.4404,106.20302,98.529465,100.85052,100.85052,5440089988
2026-02-02,100.84495,105.69131,96.429047,104.47115,104.47115,6949524331
2026-02-03,104.47044,104.91224,96.813133,97.563904,97.563904,5824450887
2026-02-04,97.564034,99.451859,89.661613,92.029305,92.029305,7163239530
2026-02-05,92.029305,92.902664,77.77494,78.187416,78.187416,10561367080
2026-02-06,78.185532,89.507439,68.691818,87.464775,87.464775,11668451362
2026-02-07,87.467308,89.059181,84.328209,87.639832,87.639832,5200795827
2026-02-08,87.639832,88.673767,85.871246,87.044106,87.044106,3068974562
2026-02-09,87.042244,88.469116,82.938843,86.701782,86.701782,4074999909
2026-02-10,86.703606,87.344391,81.98999,82.915482,82.915482,2879051689
2026-02-11,82.916153,84.226875,78.399734,79.25425,79.25425,4305057649
2026-02-12,79.253899,82.10656,76.668991,78.348442,78.348442,3687924145
2026-02-13,78.346741,85.464142,77.61657,84.32254,84.32254,3663739655
2026-02-14,84.322311,88.803543,84.235809,88.160835,88.160835,2954230209
2026-02-15,88.161217,91.07579,85.008202,86.005096,86.005096,4172988583
2026-02-16,86.007599,86.670334,82.731911,86.428787,86.428787,3523436883
2026-02-17,86.428833,87.550171,83.13166,85.197609,85.197609,3175385366
2026-02-18,85.19693,85.851189,80.571312,81.566948,81.566948,3282222779
2026-02-19,81.567055,82.574333,79.7537,82.39325,82.39325,2887552822
2026-02-20,82.393387,85.261917,81.851646,84.635109,84.635109,3866512374
2026-02-21,84.63517,86.640648,84.028633,85.211136,85.211136,2020472698
2026-02-22,85.21122,85.482346,82.550179,82.790977,82.790977,2030721314
2026-02-23,82.787155,82.787155,77.276695,77.753319,77.753319,4967335032
2026-02-24,77.754417,79.578949,76.02327,79.036522,79.036522,3622232562
2026-02-25,79.036522,91.047569,78.808044,87.915604,87.915604,5782225888
2026-02-26,87.909569,89.119408,84.501099,85.909119,85.909119,4154129610
2026-02-27,85.909134,88.040733,80.933128,81.951485,81.951485,3859172094
2026-02-28,81.950661,85.258842,77.446358,84.36618,84.36618,4761528427
2026-03-01,84.366348,88.65435,81.84449,83.57766,83.57766,4665364489
2026-03-02,83.576454,89.889122,82.490974,86.634521,86.634521,5455789912
2026-03-03,86.636246,87.322571,82.876556,87.019753,87.019753,4835947541
2026-03-04,87.019569,93.82653,84.942863,90.834267,90.834267,6907739136
2026-03-05,90.834267,92.788788,88.009369,88.691109,88.691109,4462211662
2026-03-06,88.693474,89.244934,83.743309,84.681801,84.681801,3739561333
2026-03-07,84.680557,85.002602,82.494537,83.179955,83.179955,1916017174
2026-03-08,83.180038,84.053894,80.710953,81.624588,81.624588,2686950610
2026-03-09,81.624557,86.915436,81.599792,84.936172,84.936172,4216355210
2026-03-10,84.937492,88.630692,84.926033,85.838226,85.838226,4341777505
2026-03-11,85.838158,87.832138,84.451584,86.564934,86.564934,3960189193
2026-03-12,86.566681,87.590599,84.816452,86.86779,86.86779,3741395035
2026-03-13,86.867706,92.880531,86.813286,88.15329,88.15329,5722483290
2026-03-14,88.154129,88.671196,86.630234,88.070686,88.070686,2167169768
2026-03-15,88.070435,92.997765,87.498703,92.251823,92.251823,3277177955
2026-03-16,92.258133,97.417717,91.245918,96.223724,96.223724,6507301442
2026-03-17,96.224236,96.747719,93.322861,94.705971,94.705971,4239635773
2026-03-18,94.704643,95.539375,88.812065,90.06572,90.06572,4331839385
2026-03-19,90.064423,91.227554,87.194138,88.917847,88.917847,3654219084
2026-03-20,88.917252,90.236908,88.241943,89.853569,89.853569,3090719128
2026-03-21,89.85437,90.761169,87.441238,87.46537,87.46537,1903136993
2026-03-22,87.466637,89.047119,85.293449,86.128349,86.128349,2979255573
2026-03-23,86.128693,92.164352,85.250336,91.42408,91.42408,5416789599
2026-03-24,91.425209,92.150391,88.488998,90.822426,90.822426,4147126404
2026-03-25,90.822426,93.263008,90.80262,91.708221,91.708221,3750957246
2026-03-26,91.708221,91.895798,85.512512,86.443932,86.443932,4280339140
2026-03-27,86.445702,86.914375,82.043274,83.018829,83.018829,3694287477
2026-03-28,83.018456,84.055405,81.869537,82.015602,82.015602,2278504599
2026-03-29,82.015686,83.071739,79.575035,81.422401,81.422401,2398386905
2026-03-30,81.422012,84.721413,81.198494,82.444054,82.444054,3987544544
2026-03-31,82.443817,84.229179,80.212914,83.106461,83.106461,4833199759
2026-04-01,83.1092,86.390976,80.93441,81.195259,81.195259,5093477642
2026-04-02,81.195404,81.70182,76.81694,78.951317,78.951317,4928225665
2026-04-03,78.951317,80.560555,78.91806,80.368546,80.368546,2994787677
2026-04-04,80.368752,81.2901,79.743759,80.80838,80.80838,2127989928
2026-04-05,80.808952,81.969719,78.602921,81.854492,81.854492,2423711503
2026-04-06,81.854637,82.873337,79.731415,80.151573,80.151573,3541988994
2026-04-07,80.143753,86.814896,78.431015,85.64801,85.64801,5460070540
2026-04-08,85.649223,85.806808,82.348602,82.581696,82.581696,4682919248
2026-04-09,82.581917,85.608391,81.548599,83.297729,83.297729,4470806838
2026-04-10,83.297485,85.482628,82.765877,84.828476,84.828476,12723244529
2026-04-11,84.828583,86.181831,83.987213,84.948769,84.948769,11558630681
2026-04-12,84.949417,84.993919,81.406509,81.535233,81.535233,3897286488
2026-04-13,81.535233,86.678001,81.50766,86.656563,86.656563,4977932541
2026-04-14,86.654121,87.531616,83.396217,83.774628,83.774628,5728418790
2026-04-15,83.774223,85.577843,82.746719,84.919334,84.919334,4650021670
2026-04-16,84.919861,90.377655,84.20401,88.994209,88.994209,6215173056
2026-04-17,88.995224,90.669724,87.43824,88.874161,88.874161,6454981141
2026-04-18,88.874329,89.151108,85.942154,86.202713,86.202713,3619028688
2026-04-19,86.202614,87.075584,83.172981,83.580948,83.580948,4429065589
2026-04-20,83.579956,86.168465,83.481911,85.332954,85.332954,4326731566
2026-04-21,85.331985,86.704979,84.420586,86.029465,86.029465,4083758344
2026-04-22,86.029549,89.263695,86.027298,86.915825,86.915825,5098022834
2026-04-23,86.916519,87.046654,84.626884,86.14106,86.14106,4738760145
2026-04-24,86.14019,86.925354,85.076263,86.23188,86.23188,3681485520
2026-04-25,86.231651,86.775246,85.614357,86.151176,86.151176,2482382785
2026-04-26,86.151176,87.120438,85.90538,86.970383,86.970383,2965743271
2026-04-27,86.970718,88.046181,83.849022,84.817787,84.817787,4759031980
2026-04-28,84.818077,84.901642,83.045013,84.038979,84.038979,3290032033
2026-04-29,84.038063,85.51001,81.626457,83.026871,83.026871,4529973017
2026-04-30,83.027122,83.931183,82.274132,83.023758,83.023758,3355884138
2026-05-01,83.023666,84.722298,83.018532,83.723503,83.723503,3514127644
2026-05-02,83.723274,84.819664,83.511406,84.276611,84.276611,2492556942
2026-05-03,84.276779,84.765572,83.593391,83.899574,83.899574,2703436374
2026-05-04,83.899574,85.80262,83.36557,84.089859,84.089859,5375059086
2026-05-05,84.08902,86.894287,84.051453,86.319191,86.319191,4431996628
2026-05-06,86.318901,89.892326,86.138687,89.14502,89.14502,5689603384
2026-05-07,89.145668,90.314964,87.682587,88.404785,88.404785,4791004890
2026-05-08,88.404785,92.725105,87.691986,91.949821,91.949821,4607631630
2026-05-09,91.949821,94.030121,91.896011,93.145515,93.145515,3739835286
2026-05-10,93.145576,96.811409,92.64257,96.426987,96.426987,4711429504
2026-05-11,96.426987,98.266678,94.432518,97.350151,97.350151,5304012390
2026-05-12,97.349892,97.618362,93.642822,94.284294,94.284294,4206766577
2026-05-13,94.283951,95.864449,90.419586,91.085472,91.085472,4567512131
2026-05-14,91.085747,93.579109,89.896507,92.148727,92.148727,4117442304
2026-05-15,92.147629,92.563103,88.76194,89.200356,89.200356,3954608210
2026-05-16,89.200508,89.347946,85.694801,86.536484,86.536484,3093543960
2026-05-17,86.536484,87.172081,83.802322,85.172951,85.172951,2900109291
2026-05-18,85.172188,85.668106,83.518105,85.296898,85.296898,3814216398
2026-05-19,85.29702,85.777725,83.854797,84.208603,84.208603,2746890424
2026-05-20,84.208519,86.900139,83.862442,86.041939,86.041939,3466596442
2026-05-21,86.042061,87.786758,85.356789,87.156204,87.156204,3835849177
2026-05-22,87.156807,87.661461,84.036621,84.307091,84.307091,3382830764
2026-05-23,84.307121,87.143623,81.69162,85.658485,85.658485,4032785357
2026-05-24,85.658485,86.762207,83.820297,85.249695,85.249695,3092213910
2026-05-25,85.249031,86.366974,84.723053,85.010506,85.010506,2786627394
2026-05-26,85.009697,85.984238,83.191917,83.586517,83.586517,3652722719
2026-05-27,83.586571,84.562813,82.062721,82.368126,82.368126,3313099113
2026-05-28,82.368111,82.812134,80.041855,81.985428,81.985428,3669754717
2026-05-29,81.985451,83.04985,80.356621,81.932487,81.932487,3340907091
2026-05-30,81.932907,82.988815,81.82415,82.547295,82.547295,2257737109
2026-05-31,82.548149,83.217926,81.34182,82.298302,82.298302,2207975455
2026-06-01,82.298058,82.880722,79.100319,81.087021,81.087021,3764320653
2026-06-02,81.087021,81.14238,72.870407,74.14286,74.14286,4479904038
2026-06-03,74.142563,75.543373,70.971115,71.612381,71.612381,4320073081
2026-06-04,71.612076,71.960213,67.524406,68.718925,68.718925,5532042136
2026-06-05,68.718941,68.929977,61.588036,63.486942,63.486942,6580342268
2026-06-06,63.48756,64.791634,60.414719,62.189804,62.189804,3098233389
2026-06-07,62.189266,67.444984,62.00248,66.310631,66.310631,2721563824
2026-06-08,66.310814,67.967316,65.023827,66.794952,66.794952,2829739169
2026-06-09,66.795258,67.389336,63.633232,64.962059,64.962059,2794618813
2026-06-10,64.962151,65.407951,62.375931,63.160954,63.160954,2771122697
2026-06-11,63.160652,67.207809,63.158787,66.822006,66.822006,2584434257
2026-06-12,66.822586,68.687592,65.940964,66.749275,66.749275,2496073408
2026-06-13,66.750076,69.453758,66.645332,68.872787,68.872787,1473600629
2026-06-14,68.872871,71.18206,66.979179,71.166183,71.166183,1618939393
2026-06-15,71.166229,75.938789,70.768219,73.979332,73.979332,2855926507
2026-06-16,73.979248,75.4468,72.475082,73.413788,73.413788,2180655774
2026-06-17,73.413788,74.37616,71.05014,71.930984,71.930984,2589799897
2026-06-18,71.930008,72.545303,68.305534,69.626495,69.626495,2261568852
2026-06-19,69.624939,69.982452,67.918533,69.720604,69.720604,1724372055
2026-06-20,69.721794,74.1185,69.474983,73.172653,73.172653,2008492615
2026-06-21,73.172691,74.507927,72.380074,72.418159,72.418159,1920143205
2026-06-22,72.417648,74.891541,71.635178,71.908165,71.908165,2409081243
2026-06-23,71.907524,71.921997,68.339401,69.643684,69.643684,2072312842
2026-06-24,69.643677,70.226425,64.830978,67.982498,67.982498,3271251788
2026-06-25,67.982254,69.43689,64.418365,67.574089,67.574089,3473874338
2026-06-26,67.574089,73.703346,65.920654,71.835381,71.835381,4463148306
2026-06-27,71.834908,73.016411,70.388374,70.410698,70.410698,1872823921
2026-06-28,70.410774,72.047989,69.838837,71.312943,71.312943,1793569190
2026-06-29,71.313095,75.920204,70.509064,74.946815,74.946815,4009589866
2026-06-30,74.946648,75.057938,71.918785,73.523308,73.523308,2808926983
2026-07-01,73.526276,78.611755,72.593727,77.383705,77.383705,3886778163
2026-07-02,77.383591,82.598656,76.900269,80.643982,80.643982,4145904986
2026-07-03,80.643982,82.954338,80.348595,82.28006,82.28006,2166541336
2026-07-04,82.28022,83.808868,81.364677,81.649635,81.649635,2119524835
2026-07-05,81.649239,82.210968,79.734863,81.423042,81.423042,1773256119
2026-07-06,81.424995,83.059418,79.220482,81.915176,81.915176,2786913228
2026-07-07,81.915672,82.673439,80.462509,80.648705,80.648705,2279589175
2026-07-08,80.648216,80.68988,76.25663,77.787025,77.787025,2467047352
2026-07-09,77.78701,78.586929,76.843231,78.045464,78.045464,1792200591
2026-07-10,78.044273,79.55249,77.296539,78.066612,78.066612,2145859531
2026-07-11,78.067329,78.716553,76.814354,76.824165,76.824165,1454994477
2026-07-12,76.824188,77.657936,75.797485,76.87384,76.87384,1385994112
2026-07-13,76.874062,78.021004,74.161781,74.861389,74.861389,1940829057
2026-07-14,74.861702,77.817268,74.550888,77.762444,77.762444,2122308075
2026-07-15,77.762909,78.877342,77.059784,77.264069,77.264069,2085836919
2026-07-16,77.263626,77.433846,75.035477,75.271973,75.271973,1794252183
2026-07-17,75.272392,75.639732,73.401695,75.011597,75.011597,1654645230
2026-07-18,75.00988,75.55999,74.531464,75.460907,75.460907,889545169
2026-07-19,75.461006,76.586166,75.432808,76.355263,76.355263,1306988109
2026-07-20,76.354095,78.191612,75.556732,77.791916,77.791916,2188464392
2026-07-21,77.792381,78.725952,77.563385,78.108604,78.108604,1592514558
2026-07-22,78.108757,78.70797,76.99382,77.906265,77.906265,1695110149
2026-07-23,77.905891,78.454697,75.469612,75.859802,75.859802,1579075500
2026-07-24,75.859909,76.276695,73.469231,73.879913,73.879913,1659258809
2026-07-25,73.880341,74.644226,73.616341,74.428566,74.428566,879280475
2026-07-26,74.428879,76.916161,74.428864,76.602165,76.602165,1070329957
2026-07-27,76.603127,77.370888,73.825363,74.141846,74.141846,1866082368
2026-07-28,74.143349,74.427681,72.379272,73.699127,73.699127,1901784233
2026-07-29,73.701813,74.403015,72.399681,73.597206,73.597206,1911038318
2026-07-30,73.598061,74.856377,73.085808,74.468002,74.468002,1435786109
2026-07-31,74.468903,75.114937,72.650894,72.78968,72.78968,1582701858
2026-08-01,72.789398,73.118652,70.694214,71.86628,71.86628,1163302717
2026-08-02,71.866486,74.09449,71.866486,73.448822,73.448822,1052914463
2026-08-03,73.450745,74.112488,71.959717,73.473701,73.473701,1450637712
2026-08-04,73.473793,74.342255,73.00811,73.717758,73.717758,1454644591
2026-08-05,73.71785,74.642296,73.28363,73.96138,73.96138,1749454360
2026-08-06,73.962029,74.216309,72.309387,72.576523,72.576523,1489469428
2026-08-07,72.576996,74.231995,72.466782,73.642654,73.642654,1652529951
2026-08-08,73.642555,76.617447,73.567924,75.972237,75.972237,1505941284
2026-08-09,75.972336,77.616982,75.738808,76.212128,76.212128,1166793770
2026-08-10,76.213203,77.010384,75.586266,75.945206,75.945206,1496390290
2026-08-11,75.94651,76.540291,74.661858,76.195061,76.195061,1440764130
2026-08-12,76.196358,76.999512,75.362602,75.52549,75.52549,1317223755
2026-08-13,75.525932,76.50264,75.079239,76.177322,76.177322,1229603276
2026-08-14,76.175209,76.237083,74.669785,75.327309,75.327309,1141924174
2026-08-15,75.327751,75.642487,74.993439,75.272301,75.272301,674624941
2026-08-16,75.2724,75.599602,74.204208,74.539017,74.539017,754939968
2026-08-17,74.539024,76.119041,74.398689,75.944069,75.944069,1367560466
2026-08-18,75.943588,77.281456,75.185989,77.031204,77.031204,1532779241
2026-08-19,77.031548,86.897247,76.618996,85.374481,85.374481,4534447560
2026-08-20,85.371834,87.897003,84.083664,87.63694,87.63694,4371687960
2026-08-21,87.638046,94.743378,87.604988,93.65361,93.65361,7161166024
2026-08-22,93.65847,101.75001,91.283165,93.912529,93.912529,8719705613
2026-08-23,93.913223,96.623474,91.81588,95.44223,95.44223,4711237515
2026-08-24,95.441032,98.653206,93.334564,98.561668,98.561668,5841862285
2026-08-25,98.558838,102.58709,96.059509,96.603539,96.603539,6535134478
2026-08-26,96.602798,102.28264,95.234642,102.16743,102.16743,3573894029
2026-08-27,102.16382,110.039,100.63221,109.20824,109.20824,7155838121
2026-08-28,109.20793,109.91187,102.58251,104.12695,104.12695,6006683790
2026-08-29,104.12696,105.76617,103.14342,105.65202,105.65202,2051847724
2026-08-30,105.65215,107.30847,100.6913,101.87669,101.87669,2856461629
2026-08-31,101.87573,104.82479,100.98351,102.9969,102.9969,3072699027
2026-09-01,102.99818,104.29522,98.515373,99.986877,99.986877,3212628309
2026-09-02,99.986725,100.58069,97.450882,100.38562,100.38562,2681164773
2026-09-03,100.38726,105.5076,99.442383,103.97836,103.97836,4006843685
2026-09-04,103.97791,104.58451,100.56634,101.94949,101.94949,3323635657
2026-09-05,101.94972,104.2466,101.69004,103.18763,103.18763,2183017785
2026-09-06,103.18824,107.11646,103.17562,106.44763,106.44763,3636915298
2026-09-07,106.44832,106.8494,103.11211,103.86623,103.86623,3048619480
2026-09-08,103.86619,104.65015,101.84962,103.32513,103.32513,2815722796
2026-09-09,103.32491,104.98393,100.69061,101.60806,101.60806,2975874780
2026-09-10,101.60814,102.10133,98.689911,98.689911,98.689911,2724393615
2026-09-11,98.690285,105.48805,98.62587,102.39625,102.39625,4430290675
2026-09-12,102.39571,102.50067,101.27464,101.78559,101.78559,1515467936
2026-09-13,101.78558,102.26318,99.23539,99.245773,99.245773,1810208961
2026-09-14,99.250038,104.6656,99.077934,102.49506,102.49506,3056074624
2026-09-15,102.49525,102.74226,96.393532,96.888367,96.888367,3727168281
2026-09-16,96.889122,98.724632,96.225525,98.641861,98.641861,3172832119
2026-09-17,98.637093,101.83881,98.456032,101.60339,101.60339,2985379034
2026-09-18,101.60353,114.05921,100.94785,112.59922,112.59922,6481095369
2026-09-19,112.59785,113.73842,110.13224,111.01494,111.01494,2988170676
2026-09-20,111.01461,111.24195,107.53234,111.13291,111.13291,3209670387
2026-09-21,111.12926,119.80717,110.96224,118.75013,118.75013,6854063256
2026-09-22,118.75114,119.28591,115.6203,118.50742,118.50742,4713746303
2026-09-23,118.50974,119.62113,113.30788,114.97535,114.97535,5299051131
