Date,Open,High,Low,Close,Adj Close,Volume
2017-11-09,0.0023040001,0.0024379999,0.0022849999,0.0023439999,0.0023439999,2924350
2017-11-10,0.0023350001,0.00235,0.001989,0.002013,0.002013,2193620
2017-11-11,0.0020260001,0.002298,0.00189,0.0020029999,0.0020029999,1748460
2017-11-12,0.0020059999,0.0020059999,0.001684,0.001783,0.001783,2174370
2017-11-13,0.001795,0.002146,0.001771,0.002112,0.002112,2889150
2017-11-14,0.002111,0.002566,0.0020630001,0.0024850001,0.0024850001,4040400
2017-11-15,0.002444,0.0024999999,0.0021879999,0.002322,0.002322,5008060
2017-11-16,0.002323,0.0023380001,0.001823,0.0022090001,0.0022090001,5082450
2017-11-17,0.0021869999,0.0021889999,0.0019490001,0.001984,0.001984,5720510
2017-11-18,0.0019799999,0.002043,0.001906,0.0020280001,0.0020280001,5709820
2017-11-19,0.00202,0.002113,0.001951,0.0020020001,0.0020020001,4289470
2017-11-20,0.001993,0.0021850001,0.001993,0.002134,0.002134,3909200
2017-11-21,0.0021480001,0.002199,0.0020049999,0.002143,0.002143,3417520
2017-11-22,0.002146,0.00254,0.0021220001,0.0023020001,0.0023020001,4119730
2017-11-23,0.0023109999,0.0024290001,0.002043,0.002105,0.002105,4402340
2017-11-24,0.002106,0.0021629999,0.0019690001,0.0020250001,0.0020250001,4204470
2017-11-25,0.0020270001,0.002109,0.001993,0.002048,0.002048,4704770
2017-11-26,0.00205,0.0021899999,0.0019710001,0.002138,0.002138,6245890
2017-11-27,0.0021510001,0.0022249999,0.0020089999,0.0020620001,0.0020620001,6405580
2017-11-28,0.0020620001,0.00239,0.001991,0.0023080001,0.0023080001,6065010
2017-11-29,0.0023099999,0.0026100001,0.0019349999,0.0020679999,0.0020679999,7852660
2017-11-30,0.0020900001,0.0023000001,0.0020310001,0.0022440001,0.0022440001,4155450
2017-12-01,0.0022410001,0.0022470001,0.0020570001,0.0021180001,0.0021180001,6294070
2017-12-02,0.00211,0.0022120001,0.0020320001,0.002073,0.002073,5760180
2017-12-03,0.00208,0.002204,0.0020339999,0.002116,0.002116,7261200
2017-12-04,0.0021240001,0.002169,0.002049,0.002144,0.002144,10447300
2017-12-05,0.002139,0.0021840001,0.0020580001,0.002085,0.002085,8749920
2017-12-06,0.0020679999,0.0040770001,0.0020679999,0.003055,0.003055,33314700
2017-12-07,0.0031340001,0.005808,0.0029740001,0.0042750002,0.0042750002,44215300
2017-12-08,0.004311,0.0047309999,0.0036820001,0.0043939999,0.0043939999,21605600
2017-12-09,0.0044410001,0.0047889999,0.004305,0.0044729998,0.0044729998,17520500
2017-12-10,0.0044519999,0.0046299999,0.003489,0.004408,0.004408,18145200
2017-12-11,0.0044359998,0.0052820002,0.0043830001,0.0052820002,0.0052820002,20137200
2017-12-12,0.0051770001,0.007675,0.0049029998,0.007613,0.007613,48699100
2017-12-13,0.0076139998,0.018093999,0.006823,0.01646,0.01646,174319008
2017-12-14,0.016445,0.020064,0.015114,0.017689999,0.017689999,192816992
2017-12-15,0.017419999,0.018433999,0.01458,0.018433999,0.018433999,139710000
2017-12-16,0.018405,0.037326999,0.018405,0.036270998,0.036270998,336496000
2017-12-17,0.037670001,0.041386999,0.034598999,0.036189999,0.036189999,338444992
2017-12-18,0.036371998,0.046912,0.032634001,0.044589002,0.044589002,369401984
2017-12-19,0.044442002,0.053959001,0.040144999,0.046847999,0.046847999,235095008
2017-12-20,0.046852,0.048882999,0.036669001,0.048882999,0.048882999,317193984
2017-12-21,0.049966,0.070908003,0.039733998,0.045968998,0.045968998,460308000
2017-12-22,0.045662001,0.04637,0.022616001,0.039074,0.039074,494380000
2017-12-23,0.0403,0.057062998,0.035975002,0.051791001,0.051791001,503996992
2017-12-24,0.051472999,0.051741999,0.033264998,0.036208998,0.036208998,230931008
2017-12-25,0.036706001,0.041792002,0.033296,0.035177,0.035177,189610000
2017-12-26,0.035748001,0.045472998,0.032838002,0.037831999,0.037831999,263744992
2017-12-27,0.037829999,0.041324999,0.035362002,0.036830999,0.036830999,173156000
2017-12-28,0.036722001,0.041974001,0.032258,0.041974001,0.041974001,261940992
2017-12-29,0.042006999,0.043161999,0.034756999,0.036348,0.036348,246896992
2017-12-30,0.036357,0.038796,0.031117,0.036412999,0.036412999,256698000
2017-12-31,0.036129002,0.045258,0.034681,0.044752002,0.044752002,375152000
2018-01-01,0.044682,0.052813001,0.043400001,0.051695,0.051695,516798016
2018-01-02,0.052069999,0.086989,0.052069999,0.078681998,0.078681998,1604039936
2018-01-03,0.078648001,0.094702996,0.068305999,0.094702996,0.094702996,1136850048
2018-01-04,0.094920002,0.217114,0.094920002,0.207974,0.207974,4089410048
2018-01-05,0.20957901,0.300363,0.17671201,0.22055499,0.22055499,3864399872
2018-01-06,0.224499,0.232172,0.143149,0.174797,0.174797,2437349888
2018-01-07,0.173678,0.199655,0.145697,0.199655,0.199655,1750349952
2018-01-08,0.20519499,0.20519499,0.13158201,0.15199301,0.15199301,1532320000
2018-01-09,0.154165,0.156468,0.105963,0.124782,0.124782,1262109952
2018-01-10,0.12702,0.136777,0.097434998,0.12955301,0.12955301,1729920000
2018-01-11,0.13082699,0.13082699,0.097424999,0.10908,0.10908,1074579968
2018-01-12,0.109802,0.112919,0.104891,0.108858,0.108858,679499008
2018-01-13,0.108694,0.119219,0.100102,0.103035,0.103035,819091008
2018-01-14,0.102634,0.103169,0.084270999,0.084781997,0.084781997,714278976
2018-01-15,0.084890001,0.097897001,0.067721002,0.075694002,0.075694002,1013430016
2018-01-16,0.076044999,0.076370999,0.040550001,0.054488,0.054488,695308992
2018-01-17,0.053796001,0.084310003,0.044651002,0.075622998,0.075622998,1326569984
2018-01-18,0.076431997,0.110867,0.073540002,0.083178997,0.083178997,1392329984
2018-01-19,0.082409002,0.088133,0.072995,0.080499001,0.080499001,706521984
2018-01-20,0.081157997,0.088724002,0.080608003,0.085201003,0.085201003,626438976
2018-01-21,0.084867999,0.085698001,0.068420999,0.071185999,0.071185999,561259008
2018-01-22,0.071947001,0.082809001,0.063831002,0.071411997,0.071411997,623766976
2018-01-23,0.071209997,0.074034996,0.062890999,0.068572,0.068572,409592000
2018-01-24,0.068595998,0.074320003,0.066938996,0.070421003,0.070421003,505468992
2018-01-25,0.071252003,0.073680997,0.067022003,0.068765998,0.068765998,362497984
2018-01-26,0.068599999,0.071055003,0.06036,0.066629998,0.066629998,381401984
2018-01-27,0.066495001,0.069426,0.064972997,0.068421997,0.068421997,282556992
2018-01-28,0.068916,0.070874996,0.065049,0.065494999,0.065494999,276320992
2018-01-29,0.065430999,0.066768996,0.063112997,0.064001001,0.064001001,256876000
2018-01-30,0.064065002,0.064120002,0.051580999,0.053761002,0.053761002,267126000
2018-01-31,0.053957999,0.054453999,0.049635999,0.054453999,0.054453999,251080992
2018-02-01,0.054753002,0.058563001,0.043161001,0.046227001,0.046227001,288656000
2018-02-02,0.046041999,0.046041999,0.031091001,0.040798999,0.040798999,363928992
2018-02-03,0.041035,0.047338001,0.035080001,0.044472001,0.044472001,241928992
2018-02-04,0.044525001,0.046020001,0.036049001,0.037932999,0.037932999,169960992
2018-02-05,0.03779,0.038903002,0.028054999,0.030161001,0.030161001,167296992
2018-02-06,0.030367,0.036970999,0.025109001,0.036478002,0.036478002,271110016
2018-02-07,0.036235001,0.038957,0.031904999,0.032745998,0.032745998,204200000
2018-02-08,0.032667998,0.038047001,0.032667998,0.036725,0.036725,193436992
2018-02-09,0.036784999,0.047968,0.034951001,0.047968,0.047968,176363008
2018-02-10,0.047424,0.055941001,0.044780999,0.048698999,0.048698999,470408992
2018-02-11,0.048563998,0.048563998,0.040066,0.042401001,0.042401001,273583008
2018-02-12,0.042603001,0.047493,0.042603001,0.046115998,0.046115998,219120000
2018-02-13,0.046103001,0.046482999,0.042498,0.043356001,0.043356001,178960992
2018-02-14,0.043295,0.046749,0.043021999,0.045936,0.045936,186660000
2018-02-15,0.045922,0.048457,0.045086998,0.046496,0.046496,178912992
2018-02-16,0.046489,0.053082,0.046379,0.052448999,0.052448999,310512992
2018-02-17,0.052154999,0.054914001,0.050969001,0.054914001,0.054914001,231988000
2018-02-18,0.054935001,0.055311002,0.048707999,0.049605999,0.049605999,195043008
2018-02-19,0.049555,0.052700002,0.049364001,0.051541999,0.051541999,178480992
2018-02-20,0.051537,0.052074,0.046560001,0.046861,0.046861,198212992
2018-02-21,0.046909001,0.048234999,0.042934999,0.044580001,0.044580001,179052992
2018-02-22,0.044461001,0.046146002,0.039590999,0.040674001,0.040674001,162732992
2018-02-23,0.040275,0.043552,0.039138999,0.042874999,0.042874999,159880992
2018-02-24,0.042856,0.045607999,0.039374001,0.040929001,0.040929001,194792992
2018-02-25,0.040821001,0.041602999,0.039108001,0.039882999,0.039882999,182260000
2018-02-26,0.039898999,0.042893998,0.039000001,0.041769002,0.041769002,189976000
2018-02-27,0.041792002,0.043099001,0.041187,0.042730998,0.042730998,219795008
2018-02-28,0.042736001,0.046404999,0.040685002,0.04335,0.04335,298758016
2018-03-01,0.043513998,0.049224999,0.042367,0.048847001,0.048847001,318231008
2018-03-02,0.048700001,0.056474,0.047594,0.052947,0.052947,824566016
2018-03-03,0.052524999,0.052737001,0.047750998,0.048918001,0.048918001,399204992
2018-03-04,0.048788998,0.049674999,0.047162,0.047800999,0.047800999,314648992
2018-03-05,0.047754999,0.047905002,0.046390001,0.046776,0.046776,284713984
2018-03-06,0.046744,0.047626,0.043567002,0.043958001,0.043958001,262251008
2018-03-07,0.043944001,0.044899002,0.034816001,0.038601,0.038601,290193984
2018-03-08,0.038488001,0.039593998,0.035278,0.036424998,0.036424998,236262000
2018-03-09,0.036362998,0.037402,0.030828999,0.036981001,0.036981001,295228992
2018-03-10,0.036940999,0.038182002,0.034483999,0.034928001,0.034928001,253447008
2018-03-11,0.034751002,0.039321002,0.033491999,0.038716,0.038716,266342000
2018-03-12,0.038561001,0.039508,0.034644,0.036132,0.036132,228564992
2018-03-13,0.035967998,0.037122,0.034525,0.035726,0.035726,200526000
2018-03-14,0.035700999,0.036323,0.030237,0.031056,0.031056,197406000
2018-03-15,0.031047,0.03119,0.028356999,0.030119,0.030119,169547008
2018-03-16,0.030049,0.031245001,0.028953999,0.030119,0.030119,149356000
2018-03-17,0.030164,0.030308999,0.028001999,0.028357999,0.028357999,116472000
2018-03-18,0.028285,0.029386999,0.023117,0.028620999,0.028620999,127381000
2018-03-19,0.028969999,0.032995,0.028221,0.032364,0.032364,183591008
2018-03-20,0.032728001,0.040353999,0.031429,0.038112,0.038112,250396992
2018-03-21,0.038084999,0.040038999,0.036348999,0.037106,0.037106,232926000
2018-03-22,0.037159,0.039076999,0.034522001,0.037923999,0.037923999,227472000
2018-03-23,0.037852999,0.041136999,0.035080001,0.041136999,0.041136999,230134000
2018-03-24,0.041717,0.052988999,0.041090999,0.04978,0.04978,706931008
2018-03-25,0.049417999,0.049612001,0.044861,0.045311,0.045311,320430016
2018-03-26,0.045341,0.046448,0.03946,0.044378001,0.044378001,327374016
2018-03-27,0.044372998,0.046131998,0.040470999,0.043074999,0.043074999,274910016
2018-03-28,0.042854,0.049504999,0.042599998,0.048817001,0.048817001,280836000
2018-03-29,0.048966002,0.050609998,0.043001998,0.043001998,0.043001998,483100992
2018-03-30,0.042631,0.045609001,0.039127,0.041276999,0.041276999,349432992
2018-03-31,0.041283,0.042971,0.033590999,0.033971999,0.033971999,358492000
2018-04-01,0.033955,0.034841999,0.028607,0.032152001,0.032152001,219372992
2018-04-02,0.032271001,0.035755001,0.031021001,0.035755001,0.035755001,241103008
2018-04-03,0.035691001,0.035827,0.033470999,0.034800999,0.034800999,240608000
2018-04-04,0.034683999,0.035158001,0.029716,0.030136,0.030136,157468992
2018-04-05,0.030096,0.050131001,0.029025,0.040013999,0.040013999,1488739968
2018-04-06,0.039294001,0.044105001,0.035852,0.036917999,0.036917999,661966976
2018-04-07,0.036878999,0.038150001,0.036262002,0.037064001,0.037064001,245334000
2018-04-08,0.036977001,0.038683999,0.036734998,0.037632,0.037632,215712992
2018-04-09,0.037645001,0.037985999,0.034338001,0.035755999,0.035755999,295115008
2018-04-10,0.035792001,0.037168998,0.035007998,0.036928002,0.036928002,303561984
2018-04-11,0.036851,0.037493002,0.036001001,0.036270998,0.036270998,301439008
2018-04-12,0.036143001,0.039870001,0.035239,0.039563999,0.039563999,415956992
2018-04-13,0.039414,0.043226,0.038224,0.039005999,0.039005999,484566016
2018-04-14,0.038685001,0.041515,0.038566999,0.040011,0.040011,307575008
2018-04-15,0.040061999,0.043279,0.040013,0.042971,0.042971,306262016
2018-04-16,0.042897999,0.043903001,0.040220998,0.041255999,0.041255999,296337984
2018-04-17,0.041274998,0.043400001,0.0407,0.042116001,0.042116001,359111008
2018-04-18,0.042006001,0.047520999,0.041995998,0.047520999,0.047520999,475425984
2018-04-19,0.047428999,0.051807001,0.046909999,0.049392,0.049392,587153984
2018-04-20,0.049134001,0.053672999,0.048199002,0.053672999,0.053672999,477675008
2018-04-21,0.053659,0.056619,0.049720999,0.053677,0.053677,715849024
2018-04-22,0.053406999,0.054510001,0.051837001,0.052420001,0.052420001,319432000
2018-04-23,0.05243,0.058545999,0.052384,0.058545999,0.058545999,472464000
2018-04-24,0.058348998,0.077468999,0.057220999,0.073360004,0.073360004,1561020032
2018-04-25,0.071681,0.081391998,0.066467002,0.070014998,0.070014998,2124440064
2018-04-26,0.069982998,0.074565999,0.066749997,0.074565999,0.074565999,759337024
2018-04-27,0.074894004,0.079154,0.071840003,0.074037001,0.074037001,717529984
2018-04-28,0.073807001,0.084223002,0.073807001,0.081661999,0.081661999,718297984
2018-04-29,0.081696004,0.090331003,0.080683999,0.089144997,0.089144997,1161459968
2018-04-30,0.089656003,0.101197,0.086102001,0.093777001,0.093777001,1749639936
2018-05-01,0.093745001,0.094278999,0.086773001,0.093359999,0.093359999,1043369984
2018-05-02,0.092763998,0.093038,0.090172999,0.091397002,0.091397002,401505984
2018-05-03,0.091321997,0.091438003,0.084532999,0.087339997,0.087339997,789150976
2018-05-04,0.087085001,0.088867001,0.081083,0.08681,0.08681,727056000
2018-05-05,0.086212002,0.090875,0.086186998,0.087102003,0.087102003,476743008
2018-05-06,0.087098002,0.087098002,0.081906997,0.084778003,0.084778003,388707008
2018-05-07,0.084965996,0.084965996,0.079717003,0.083085999,0.083085999,412406016
2018-05-08,0.083405003,0.086034998,0.080760002,0.083071001,0.083071001,372063008
2018-05-09,0.082979001,0.082979001,0.078887999,0.081005998,0.081005998,357911008
2018-05-10,0.081006996,0.081609003,0.073155999,0.073573999,0.073573999,352612992
2018-05-11,0.073601,0.077209003,0.063905999,0.065932997,0.065932997,836388992
2018-05-12,0.066182002,0.071635999,0.060635999,0.068731003,0.068731003,615174016
2018-05-13,0.069153003,0.077010997,0.067982003,0.075612999,0.075612999,601064000
2018-05-14,0.076108001,0.076108001,0.070671998,0.072811998,0.072811998,463712000
2018-05-15,0.072838999,0.073619001,0.067555003,0.068566002,0.068566002,287628000
2018-05-16,0.068190999,0.072182998,0.064071,0.071953997,0.071953997,492396000
2018-05-17,0.071911998,0.073441997,0.066256002,0.067437001,0.067437001,304225984
2018-05-18,0.067023002,0.069530003,0.064976998,0.069386996,0.069386996,263304992
2018-05-19,0.069481,0.070564002,0.067617998,0.069144003,0.069144003,206880992
2018-05-20,0.069269001,0.078197002,0.068474002,0.077269003,0.077269003,470467008
2018-05-21,0.077699997,0.084728003,0.077381,0.082378,0.082378,802233024
2018-05-22,0.082253002,0.083210997,0.074271001,0.074828997,0.074828997,498436000
2018-05-23,0.075071998,0.076696001,0.067810997,0.069848001,0.069848001,608060032
2018-05-24,0.070087001,0.074386999,0.068700001,0.073095001,0.073095001,587902016
2018-05-25,0.073201001,0.073279001,0.069467001,0.071278997,0.071278997,301519008
2018-05-26,0.071066998,0.076324999,0.070482001,0.073161997,0.073161997,334004992
2018-05-27,0.072981,0.073450997,0.06938,0.070601001,0.070601001,311443008
2018-05-28,0.070651002,0.070749998,0.060206998,0.060653999,0.060653999,493598016
2018-05-29,0.061097,0.065944001,0.057386,0.065008998,0.065008998,569742976
2018-05-30,0.065109998,0.068083003,0.060277998,0.062401999,0.062401999,463945984
2018-05-31,0.062436,0.064002,0.059448998,0.060541,0.060541,371256992
2018-06-01,0.060612001,0.061604999,0.056414999,0.058706999,0.058706999,268287008
2018-06-02,0.058816999,0.063236997,0.057739001,0.061184,0.061184,297120992
2018-06-03,0.061156999,0.063395999,0.060775001,0.061978001,0.061978001,250455008
2018-06-04,0.062018,0.062488001,0.058258999,0.059179001,0.059179001,216791008
2018-06-05,0.059220001,0.060823001,0.057337001,0.060577001,0.060577001,220480992
2018-06-06,0.060621001,0.060649998,0.058435,0.059408002,0.059408002,188314000
2018-06-07,0.059432998,0.060348999,0.058391001,0.058819,0.058819,164796000
2018-06-08,0.058680002,0.058791,0.056793001,0.057576999,0.057576999,176148000
2018-06-09,0.057720002,0.059220999,0.057156999,0.057156999,0.057156999,171568992
2018-06-10,0.057138,0.057138,0.045857999,0.048002999,0.048002999,330216000
2018-06-11,0.04786,0.049116001,0.045696001,0.048829,0.048829,254203008
2018-06-12,0.048772,0.048813,0.042842001,0.043981999,0.043981999,199435008
2018-06-13,0.044008002,0.044408001,0.03895,0.041533001,0.041533001,242384000
2018-06-14,0.04146,0.045731999,0.040566001,0.045417,0.045417,283351008
2018-06-15,0.045616999,0.046073999,0.042534001,0.04287,0.04287,210247008
2018-06-16,0.042799,0.043685,0.041809,0.043214999,0.043214999,137208000
2018-06-17,0.043163002,0.043605,0.042557999,0.042647999,0.042647999,114357000
2018-06-18,0.042569,0.045678001,0.041498002,0.045095999,0.045095999,173063008
2018-06-19,0.045178,0.051107001,0.044808,0.049502999,0.049502999,360852000
2018-06-20,0.049580999,0.049644999,0.045132998,0.049394,0.049394,400321984
2018-06-21,0.049206,0.050181001,0.047479998,0.04862,0.04862,214723008
2018-06-22,0.048611,0.048932999,0.042247001,0.043136001,0.043136001,242306000
2018-06-23,0.043278001,0.044721,0.042530999,0.044179,0.044179,151474000
2018-06-24,0.044195998,0.044337999,0.038552001,0.042459998,0.042459998,235740000
2018-06-25,0.042390998,0.043504,0.041214999,0.042349,0.042349,146474000
2018-06-26,0.042401999,0.042449001,0.038261998,0.038261998,0.038261998,93775000
2018-06-27,0.038187001,0.039689999,0.037684999,0.038987,0.038987,99853600
2018-06-28,0.039087001,0.039705999,0.036343999,0.036665,0.036665,104241000
2018-06-29,0.036566,0.037620999,0.034706,0.037237,0.037237,149928992
2018-06-30,0.037278999,0.040002,0.037172001,0.038423002,0.038423002,182466000
2018-07-01,0.038438998,0.038718998,0.036936,0.037884999,0.037884999,112292000
2018-07-02,0.037643,0.040467001,0.037048999,0.039528999,0.039528999,174376992
2018-07-03,0.039528999,0.040739,0.038495,0.038867,0.038867,182019008
2018-07-04,0.038851999,0.040240001,0.037468001,0.038895,0.038895,132730000
2018-07-05,0.039198998,0.039767001,0.037406001,0.037861001,0.037861001,118836000
2018-07-06,0.037843,0.037926,0.035300002,0.036975,0.036975,119639000
2018-07-07,0.036927,0.038334001,0.036107,0.038334001,0.038334001,96368304
2018-07-08,0.038309999,0.038587999,0.037046,0.037099998,0.037099998,104921000
2018-07-09,0.037103001,0.037163999,0.035781998,0.035797998,0.035797998,144390000
2018-07-10,0.035826001,0.036056001,0.032816,0.033588,0.033588,132760000
2018-07-11,0.033523999,0.034531999,0.032878,0.033578001,0.033578001,173036992
2018-07-12,0.033569999,0.033569999,0.031399,0.032228,0.032228,162156992
2018-07-13,0.032278001,0.034455001,0.032278001,0.03334,0.03334,179488000
2018-07-14,0.033293001,0.033829,0.032666001,0.033429001,0.033429001,170704000
2018-07-15,0.033420999,0.034954,0.033167001,0.034364,0.034364,180511008
2018-07-16,0.034403998,0.037521001,0.034178,0.037521001,0.037521001,211212000
2018-07-17,0.037455,0.040546998,0.036155,0.039758999,0.039758999,228396992
2018-07-18,0.039645001,0.043076999,0.039129999,0.039661001,0.039661001,284600992
2018-07-19,0.039455999,0.039457001,0.037503,0.037916999,0.037916999,259096992
2018-07-20,0.037903,0.037903,0.034591999,0.034906,0.034906,225139008
2018-07-21,0.034935001,0.036313001,0.033992,0.035603002,0.035603002,210056992
2018-07-22,0.035544001,0.036339998,0.035062,0.035123002,0.035123002,189920992
2018-07-23,0.035094,0.036111001,0.034042001,0.034061,0.034061,194284000
2018-07-24,0.034079999,0.038874999,0.032905001,0.038107,0.038107,323728992
2018-07-25,0.037799001,0.038779002,0.036290001,0.037122,0.037122,221752992
2018-07-26,0.037094001,0.038509998,0.035448,0.035996001,0.035996001,190784992
2018-07-27,0.035937,0.037044998,0.035211999,0.036504,0.036504,218420992
2018-07-28,0.036506001,0.036867999,0.035905998,0.036782,0.036782,183664000
2018-07-29,0.036788002,0.040548999,0.036738999,0.039236002,0.039236002,310647008
2018-07-30,0.039096002,0.039423,0.035386998,0.036451999,0.036451999,254606000
2018-07-31,0.036497999,0.036497999,0.033551998,0.033925999,0.033925999,211254000
2018-08-01,0.033967,0.034035001,0.031829,0.032643002,0.032643002,140270000
2018-08-02,0.032676999,0.033323999,0.030994,0.031539001,0.031539001,148160000
2018-08-03,0.031528,0.031659,0.029532,0.030602001,0.030602001,154910000
2018-08-04,0.030596999,0.031183001,0.028626001,0.028932,0.028932,128197000
2018-08-05,0.028932,0.030641999,0.028353,0.030329,0.030329,124479000
2018-08-06,0.030378999,0.031027,0.028905001,0.029228,0.029228,118348000
2018-08-07,0.029214,0.029981,0.027724,0.027866,0.027866,116330000
2018-08-08,0.027830999,0.027830999,0.023812,0.024482001,0.024482001,147343000
2018-08-09,0.024529999,0.026503,0.023875,0.025940999,0.025940999,142877000
2018-08-10,0.025864,0.026085,0.023455,0.023822,0.023822,134155000
2018-08-11,0.023819,0.023871001,0.022108,0.022614,0.022614,119307000
2018-08-12,0.022631999,0.023182999,0.022457,0.022581,0.022581,101854000
2018-08-13,0.022636,0.023058999,0.019226,0.019362001,0.019362001,124043000
2018-08-14,0.019445,0.019517999,0.016666001,0.019059001,0.019059001,108349000
2018-08-15,0.019159,0.020839,0.019159,0.019443,0.019443,136496000
2018-08-16,0.019440001,0.020052999,0.019207001,0.019521,0.019521,103582000
2018-08-17,0.019516001,0.023360001,0.019424999,0.023281001,0.023281001,152305000
2018-08-18,0.023404,0.024552001,0.02059,0.021619,0.021619,141608000
2018-08-19,0.021570999,0.022810001,0.021009,0.022263,0.022263,97137100
2018-08-20,0.022236001,0.022706,0.020423001,0.020661,0.020661,99473200
2018-08-21,0.020594001,0.021289,0.02022,0.021003,0.021003,98379000
2018-08-22,0.020997999,0.022219,0.019347001,0.019711999,0.019711999,96828800
2018-08-23,0.019688999,0.020781999,0.019654,0.020771001,0.020771001,82585900
2018-08-24,0.020803999,0.021653,0.020533999,0.021606,0.021606,90424900
2018-08-25,0.021578999,0.022634,0.021227,0.022481,0.022481,88818800
2018-08-26,0.022437001,0.023,0.02142,0.022763999,0.022763999,97504300
2018-08-27,0.022784,0.024476999,0.022523001,0.024460001,0.024460001,107457000
2018-08-28,0.02448,0.027453,0.024278,0.026846999,0.026846999,166567000
2018-08-29,0.026768001,0.027177,0.025028,0.025426,0.025426,143515000
2018-08-30,0.025420001,0.025883,0.023464,0.024897,0.024897,119155000
2018-08-31,0.024893999,0.025463,0.024398999,0.025345,0.025345,106949000
2018-09-01,0.025382999,0.027040999,0.025382999,0.026590001,0.026590001,109153000
2018-09-02,0.026574001,0.026590999,0.024946,0.025572,0.025572,104754000
2018-09-03,0.025642,0.025707001,0.024684999,0.025037,0.025037,91449300
2018-09-04,0.025059,0.025748,0.024997,0.025255,0.025255,96674400
2018-09-05,0.02527,0.025455,0.021810001,0.021810001,0.021810001,150148000
2018-09-06,0.021659,0.021713,0.020432999,0.021644,0.021644,142361000
2018-09-07,0.021599,0.021888001,0.020413,0.020594999,0.020594999,110765000
2018-09-08,0.020594001,0.020934001,0.019038999,0.019312,0.019312,98754400
2018-09-09,0.019311,0.020249,0.018986,0.019365,0.019365,97726800
2018-09-10,0.020088,0.020293999,0.019129001,0.019381,0.019381,101717000
2018-09-11,0.019416001,0.019655,0.01812,0.018677,0.018677,106212000
2018-09-12,0.018680001,0.018781999,0.017237,0.018243,0.018243,109120000
2018-09-13,0.018289,0.020407001,0.018289,0.019946,0.019946,124862000
2018-09-14,0.019981001,0.020683,0.019274,0.019832,0.019832,117114000
2018-09-15,0.019823,0.020388,0.019823,0.019933,0.019933,94169900
2018-09-16,0.019925,0.020119,0.019385001,0.019974999,0.019974999,102132000
2018-09-17,0.019956,0.020283001,0.018351,0.018517001,0.018517001,109688000
2018-09-18,0.018478001,0.019582,0.018395999,0.019389,0.019389,100841000
2018-09-19,0.019355999,0.020169999,0.019013001,0.019753,0.019753,114381000
2018-09-20,0.019762,0.021722,0.01974,0.021413,0.021413,135790000
2018-09-21,0.021506,0.025816999,0.021356,0.02493,0.02493,283823000
2018-09-22,0.024907,0.02537,0.022404,0.023176,0.023176,173243000
2018-09-23,0.023197999,0.024604,0.023094,0.023791,0.023791,138225000
2018-09-24,0.023739001,0.024093,0.021965001,0.022089001,0.022089001,116603000
2018-09-25,0.022028999,0.022028999,0.020275,0.02128,0.02128,126284000
2018-09-26,0.021274,0.02197,0.020384001,0.021028001,0.021028001,110081000
2018-09-27,0.021097001,0.022797,0.020747,0.022507001,0.022507001,124196000
2018-09-28,0.022507001,0.022962,0.021458,0.021978,0.021978,114936000
2018-09-29,0.021933001,0.022143999,0.021322999,0.022035001,0.022035001,108096000
2018-09-30,0.022049,0.022592001,0.021911999,0.022165,0.022165,117217000
2018-10-01,0.022213999,0.022329999,0.021706,0.022051999,0.022051999,110444000
2018-10-02,0.022057001,0.02238,0.021901,0.022093,0.022093,111868000
2018-10-03,0.022057001,0.022057001,0.021248,0.021600001,0.021600001,107097000
2018-10-04,0.021619,0.023426,0.021614,0.022702999,0.022702999,148666000
2018-10-05,0.022737,0.023286,0.022442,0.023274999,0.023274999,139745000
2018-10-06,0.023375999,0.024274999,0.022972001,0.023715001,0.023715001,162799000
2018-10-07,0.023775,0.027222,0.023662001,0.026875,0.026875,299132000
2018-10-08,0.027012,0.02805,0.026098,0.026591999,0.026591999,302834000
2018-10-09,0.026573,0.026794,0.025279,0.026058,0.026058,188256000
2018-10-10,0.025939001,0.025939001,0.024636,0.025355,0.025355,165671000
2018-10-11,0.025305999,0.025305999,0.020873001,0.020928999,0.020928999,172387000
2018-10-12,0.02076,0.023623999,0.020679999,0.022738,0.022738,183447000
2018-10-13,0.022701001,0.023901001,0.022701001,0.023565,0.023565,149554000
2018-10-14,0.023614001,0.024576999,0.023503,0.023622001,0.023622001,146316000
2018-10-15,0.023508999,0.025798,0.023,0.025082,0.025082,197544000
2018-10-16,0.025132,0.025132,0.024224,0.024358001,0.024358001,103826000
2018-10-17,0.024421999,0.024507999,0.023766,0.024234001,0.024234001,103220000
2018-10-18,0.024238,0.024938,0.024008,0.024271,0.024271,113584000
2018-10-19,0.024247,0.024327001,0.023901001,0.024073999,0.024073999,83554800
2018-10-20,0.024092,0.024266999,0.023957999,0.024157001,0.024157001,87168500
2018-10-21,0.024138,0.024643,0.023964999,0.024196001,0.024196001,92125200
2018-10-22,0.024189999,0.024339,0.023667,0.023810999,0.023810999,81313000
2018-10-23,0.023819,0.023879001,0.023050001,0.023476999,0.023476999,80184600
2018-10-24,0.023397001,0.023822,0.023395,0.02348,0.02348,63083100
2018-10-25,0.023476999,0.023487,0.022922,0.023143999,0.023143999,81264400
2018-10-26,0.023086,0.023695,0.02289,0.023585999,0.023585999,82337400
2018-10-27,0.023637,0.023754001,0.022817001,0.023274001,0.023274001,68108100
2018-10-28,0.023418,0.023583001,0.023305001,0.023554999,0.023554999,68048500
2018-10-29,0.023491001,0.023584001,0.021947,0.022185,0.022185,71341500
2018-10-30,0.022162,0.022363,0.022032,0.022190999,0.022190999,59288100
2018-10-31,0.022222999,0.022257,0.021636,0.022191999,0.022191999,61235400
2018-11-01,0.022194,0.023717999,0.022112001,0.022575,0.022575,59714000
2018-11-02,0.022578999,0.023114,0.02252,0.02286,0.02286,72574300
2018-11-03,0.022864001,0.022864001,0.022505,0.022701001,0.022701001,65167000
2018-11-04,0.022692,0.023482,0.022429001,0.023273,0.023273,85125200
2018-11-05,0.023247,0.023993,0.023073001,0.023745,0.023745,77425400
2018-11-06,0.023796,0.025294,0.023543,0.024421001,0.024421001,117452000
2018-11-07,0.024362,0.025835,0.023643,0.023774,0.023774,124654000
2018-11-08,0.023766,0.024254,0.023031,0.023115,0.023115,59261300
2018-11-09,0.023085,0.023303,0.022846,0.023027999,0.023027999,52900400
2018-11-10,0.023034999,0.023217,0.022736,0.023023,0.023023,50249500
2018-11-11,0.023014,0.023043999,0.022604,0.022810999,0.022810999,46834800
2018-11-12,0.022867,0.022933999,0.022221999,0.022471,0.022471,60384600
2018-11-13,0.022417,0.022507999,0.021934001,0.021999,0.021999,60343200
2018-11-14,0.021946,0.021946,0.018363999,0.01936,0.01936,92991300
2018-11-15,0.019400001,0.019563001,0.017546,0.019076001,0.019076001,86974800
2018-11-16,0.019059001,0.019492,0.018688001,0.018896,0.018896,66279000
2018-11-17,0.018902,0.018911,0.018505,0.018809,0.018809,58196600
2018-11-18,0.018848,0.019133,0.018688001,0.018849,0.018849,82353500
2018-11-19,0.018846,0.018855,0.015691999,0.015803,0.015803,103267000
2018-11-20,0.015751,0.016298,0.012835,0.013839,0.013839,131001000
2018-11-21,0.013974,0.014949,0.013499,0.014726,0.014726,101730000
2018-11-22,0.014726,0.014817,0.013876,0.013876,0.013876,58052500
2018-11-23,0.013829,0.013922,0.01323,0.01367,0.01367,61201000
2018-11-24,0.013674,0.013995,0.012084,0.012548,0.012548,68651200
2018-11-25,0.012509,0.012696,0.01089,0.012373,0.012373,79478000
2018-11-26,0.012314,0.012845,0.01127,0.011661,0.011661,71673900
2018-11-27,0.011669,0.011971,0.01127,0.011855,0.011855,55086700
2018-11-28,0.011846,0.015679,0.011846,0.014649,0.014649,144929000
2018-11-29,0.014697,0.016886,0.01443,0.015695,0.015695,179257157
2018-11-30,0.015779,0.015779,0.013567,0.01439,0.01439,109408268
2018-12-01,0.014453,0.015528,0.013957,0.015184,0.015184,87112118
2018-12-02,0.015157,0.015544,0.014743,0.014935,0.014935,62667776
2018-12-03,0.014959,0.014972,0.013607,0.013868,0.013868,73121095
2018-12-04,0.013835,0.015252,0.013537,0.014412,0.014412,77358762
2018-12-05,0.014439,0.01471,0.013952,0.013952,0.013952,69577290
2018-12-06,0.013938,0.014498,0.012817,0.012817,0.012817,82841981
2018-12-07,0.012833,0.0134,0.012318,0.013225,0.013225,97661557
2018-12-08,0.013241,0.013762,0.012889,0.013467,0.013467,69080665
2018-12-09,0.013416,0.013991,0.013333,0.013625,0.013625,58390962
2018-12-10,0.013608,0.013775,0.013132,0.013317,0.013317,58353052
2018-12-11,0.013292,0.013474,0.013089,0.013291,0.013291,67716703
2018-12-12,0.013291,0.013649,0.013231,0.013353,0.013353,65379207
2018-12-13,0.013336,0.013465,0.012987,0.013058,0.013058,84620147
2018-12-14,0.013055,0.013176,0.012609,0.012775,0.012775,57158874
2018-12-15,0.012789,0.01293,0.012591,0.012784,0.012784,40979880
2018-12-16,0.012783,0.013331,0.012752,0.013022,0.013022,50617473
2018-12-17,0.013035,0.014543,0.013021,0.014221,0.014221,76507902
2018-12-18,0.014215,0.014855,0.013919,0.014831,0.014831,85124713
2018-12-19,0.014903,0.017552,0.014882,0.015665,0.015665,154903029
2018-12-20,0.015529,0.017531,0.015493,0.017385,0.017385,153780391
2018-12-21,0.017323,0.022546001,0.017163999,0.020021001,0.020021001,297256276
2018-12-22,0.020031,0.021392001,0.018689999,0.020966001,0.020966001,205134523
2018-12-23,0.021036001,0.022,0.020621,0.020911001,0.020911001,137162934
2018-12-24,0.020908,0.023670999,0.020688999,0.02107,0.02107,189212251
2018-12-25,0.021057,0.021057,0.018724,0.020008,0.020008,134753602
2018-12-26,0.020011,0.020919999,0.019593,0.020447001,0.020447001,126978263
2018-12-27,0.020437,0.020527,0.018393001,0.018487999,0.018487999,101383039
2018-12-28,0.018511999,0.021018,0.018146999,0.020868,0.020868,125947733
2018-12-29,0.020888999,0.021028001,0.020004001,0.020004001,0.020004001,97614433
2018-12-30,0.020045999,0.020442,0.019709,0.019947,0.019947,71517430
2018-12-31,0.019973001,0.020001,0.018826,0.018826,0.018826,65808388
2019-01-01,0.018891999,0.019653,0.018746,0.019561,0.019561,72033016
2019-01-02,0.019594001,0.020385999,0.019247999,0.020222001,0.020222001,94380030
2019-01-03,0.020161999,0.020823,0.019765999,0.020088,0.020088,110250991
2019-01-04,0.020035001,0.021817001,0.019854,0.021492001,0.021492001,157943636
2019-01-05,0.021400999,0.023468999,0.021400999,0.022294,0.022294,213153344
2019-01-06,0.022322999,0.023599001,0.021861,0.023004999,0.023004999,151845152
2019-01-07,0.023054,0.024111999,0.022799,0.023600999,0.023600999,150320431
2019-01-08,0.023716999,0.026664,0.023184,0.026335999,0.026335999,320028399
2019-01-09,0.026373999,0.029723,0.025754999,0.028418001,0.028418001,313368064
2019-01-10,0.028543999,0.034224998,0.024559001,0.025846999,0.025846999,972801039
2019-01-11,0.025751,0.027884999,0.024871999,0.025127999,0.025127999,377913706
2019-01-12,0.025096999,0.025116,0.023136999,0.023499999,0.023499999,228910149
2019-01-13,0.023523999,0.023619,0.02108,0.021290001,0.021290001,170493613
2019-01-14,0.021304,0.025932999,0.021151001,0.025671,0.025671,447035751
2019-01-15,0.026131,0.026489001,0.023915,0.024558,0.024558,269270597
2019-01-16,0.024481,0.025353,0.024141001,0.025180001,0.025180001,172007503
2019-01-17,0.025165001,0.02605,0.024286,0.025320999,0.025320999,193853594
2019-01-18,0.025296001,0.025632,0.024781,0.024800999,0.024800999,138895643
2019-01-19,0.024769999,0.025043,0.023797,0.024568001,0.024568001,149301842
2019-01-20,0.024545001,0.024754999,0.023395,0.023870001,0.023870001,130983395
2019-01-21,0.023862001,0.025635,0.023703,0.02561,0.02561,230873327
2019-01-22,0.025567999,0.02671,0.025331,0.026385,0.026385,247836124
2019-01-23,0.026342001,0.027278,0.025861001,0.026557,0.026557,263548455
2019-01-24,0.026490999,0.027218999,0.026203999,0.026908999,0.026908999,171347507
2019-01-25,0.02699,0.027104,0.026541,0.026767001,0.026767001,207081806
2019-01-26,0.026758,0.029019,0.02658,0.028658999,0.028658999,287822262
2019-01-27,0.028720999,0.030687001,0.028338,0.029282,0.029282,395857213
2019-01-28,0.029247999,0.029254001,0.025769999,0.026888,0.026888,470040284
2019-01-29,0.027003,0.027851,0.026183,0.027341001,0.027341001,284671372
2019-01-30,0.027318001,0.028124999,0.026973,0.02729,0.02729,263325496
2019-01-31,0.027313,0.027562,0.025429999,0.025429999,0.025429999,288020365
2019-02-01,0.025325,0.026639,0.024284,0.026271001,0.026271001,266911186
2019-02-02,0.026232,0.026377,0.025730001,0.026112,0.026112,189382943
2019-02-03,0.026108,0.026140001,0.025296001,0.025442,0.025442,174803441
2019-02-04,0.025477,0.028643001,0.025199,0.027058,0.027058,354502264
2019-02-05,0.026884001,0.027581001,0.026110001,0.026178,0.026178,235468419
2019-02-06,0.026186001,0.026659001,0.025396001,0.025575001,0.025575001,213275337
2019-02-07,0.025558,0.026112,0.025508,0.025702,0.025702,155638484
2019-02-08,0.025717,0.027293,0.025576999,0.026799999,0.026799999,228499103
2019-02-09,0.026811,0.027429,0.026222,0.026265001,0.026265001,195675256
2019-02-10,0.026276,0.026312999,0.025133001,0.025814001,0.025814001,217842436
2019-02-11,0.025831001,0.026113,0.024453999,0.024727,0.024727,224477577
2019-02-12,0.024638001,0.024823001,0.024266999,0.024533,0.024533,156849554
2019-02-13,0.024560001,0.025250999,0.023977,0.024209,0.024209,143707398
2019-02-14,0.024205999,0.024435,0.023424,0.023726,0.023726,133232136
2019-02-15,0.023767,0.024613,0.023747001,0.024056001,0.024056001,131747206
2019-02-16,0.024041999,0.024116,0.023784,0.023954,0.023954,123247151
2019-02-17,0.023963001,0.024103999,0.023562999,0.023817999,0.023817999,129569495
2019-02-18,0.023832999,0.025177,0.023832999,0.024984,0.024984,218788420
2019-02-19,0.025008,0.025988,0.024993001,0.024993001,0.024993001,200614927
2019-02-20,0.024981,0.025428001,0.024452001,0.025227999,0.025227999,144523656
2019-02-21,0.025201,0.025364,0.024643,0.024804,0.024804,148824564
2019-02-22,0.02479,0.02516,0.024727,0.025157999,0.025157999,127494150
2019-02-23,0.025131,0.025539,0.024924999,0.025455,0.025455,152106379
2019-02-24,0.025465,0.027183,0.022805,0.023809001,0.023809001,352101654
2019-02-25,0.023714,0.024661001,0.023714,0.02445,0.02445,193452748
2019-02-26,0.024343999,0.02468,0.023957999,0.024412001,0.024412001,159243421
2019-02-27,0.024385,0.024467001,0.023638999,0.024131,0.024131,152193562
2019-02-28,0.024132,0.024339,0.023737,0.023867,0.023867,150484768
2019-03-01,0.023878001,0.024010999,0.023666,0.023726,0.023726,128326437
2019-03-02,0.023670999,0.023700001,0.022514001,0.022937,0.022937,201484006
2019-03-03,0.022933999,0.023188001,0.022599,0.022723,0.022723,114553316
2019-03-04,0.022674,0.023243999,0.021043001,0.022937,0.022937,230202985
2019-03-05,0.023068,0.024047,0.02227,0.023996999,0.023996999,233979257
2019-03-06,0.023969,0.023987999,0.023225,0.023430999,0.023430999,161164628
2019-03-07,0.023426,0.023716999,0.023119999,0.023188001,0.023188001,140664451
2019-03-08,0.023205999,0.023212001,0.022533,0.022564,0.022564,157215771
2019-03-09,0.022547999,0.023019001,0.022229999,0.022875,0.022875,156377581
2019-03-10,0.022948001,0.023207,0.022555999,0.023071,0.023071,148100619
2019-03-11,0.022892,0.023212001,0.022120999,0.022244999,0.022244999,150553430
2019-03-12,0.022271,0.022688,0.021856001,0.022399001,0.022399001,103129813
2019-03-13,0.022402,0.022613,0.022092,0.022441,0.022441,102721071
2019-03-14,0.022387,0.023011001,0.022355,0.022647999,0.022647999,150611750
2019-03-15,0.022626,0.023243999,0.022534,0.023171,0.023171,141062816
2019-03-16,0.023166001,0.023651,0.023086,0.023374001,0.023374001,195407917
2019-03-17,0.023368999,0.023406999,0.023003999,0.02314,0.02314,155662772
2019-03-18,0.023161,0.023444001,0.022767,0.023003001,0.023003001,180460923
2019-03-19,0.023043999,0.023165001,0.022752,0.023091,0.023091,164337837
2019-03-20,0.0231,0.023125,0.022731001,0.023081001,0.023081001,166565928
2019-03-21,0.023085,0.023097999,0.022281,0.022472,0.022472,185021970
2019-03-22,0.022446999,0.022922,0.022405,0.022748999,0.022748999,174571200
2019-03-23,0.022736,0.024497001,0.022631999,0.024404,0.024404,364384766
2019-03-24,0.02444,0.024529001,0.023143001,0.023366001,0.023366001,270254346
2019-03-25,0.023404,0.023491001,0.022381,0.022747001,0.022747001,259384297
2019-03-26,0.022763001,0.022834999,0.022169,0.022629,0.022629,226574961
2019-03-27,0.022673,0.023668,0.022576001,0.023623001,0.023623001,241360970
2019-03-28,0.023614001,0.023628,0.023141,0.023382001,0.023382001,214311281
2019-03-29,0.023393,0.023917001,0.022998,0.023319,0.023319,273806472
2019-03-30,0.023294,0.024287,0.022797,0.023291999,0.023291999,227044995
2019-03-31,0.023293,0.023596,0.023150999,0.023522999,0.023522999,190106148
2019-04-01,0.023507001,0.024932999,0.023399999,0.02434,0.02434,331600220
2019-04-02,0.024341,0.027026,0.024341,0.026884001,0.026884001,671204433
2019-04-03,0.026869999,0.029136,0.025350999,0.025944,0.025944,641811998
2019-04-04,0.026010999,0.026945001,0.025198,0.025982,0.025982,432565534
2019-04-05,0.025969001,0.027593,0.025966,0.027239,0.027239,453160618
2019-04-06,0.027241001,0.027429,0.0265,0.026860001,0.026860001,396057876
2019-04-07,0.026843,0.029463001,0.026679,0.028895,0.028895,552496053
2019-04-08,0.028913001,0.031720001,0.027818,0.030732,0.030732,769629475
2019-04-09,0.030732,0.031033,0.029147999,0.029953999,0.029953999,612987560
2019-04-10,0.02994,0.030987,0.029781001,0.030100999,0.030100999,451232025
2019-04-11,0.030099999,0.030144,0.025663,0.026714001,0.026714001,523780926
2019-04-12,0.026671,0.027108001,0.025575999,0.026558001,0.026558001,348382391
2019-04-13,0.026550001,0.026977001,0.026083,0.026317,0.026317,306242490
2019-04-14,0.026317,0.027179999,0.026136,0.027062001,0.027062001,318773007
2019-04-15,0.027062001,0.027594,0.026144,0.026490999,0.026490999,347818728
2019-04-16,0.026494,0.027071999,0.026128,0.027037,0.027037,288436397
2019-04-17,0.027043,0.027207,0.026578,0.026775001,0.026775001,310344059
2019-04-18,0.026767001,0.027294001,0.026727,0.026953001,0.026953001,335721876
2019-04-19,0.026968,0.026968,0.026279001,0.026559001,0.026559001,338855781
2019-04-20,0.026559999,0.026613999,0.025921,0.026187999,0.026187999,335704353
2019-04-21,0.026176,0.026382999,0.024413999,0.024985,0.024985,369120035
2019-04-22,0.025002999,0.025443001,0.024635,0.025153,0.025153,386932498
2019-04-23,0.025146,0.025384,0.024467001,0.024467001,0.024467001,454414124
2019-04-24,0.024463,0.024463,0.022956001,0.023415999,0.023415999,498834585
2019-04-25,0.023426,0.02524,0.022961,0.023,0.023,642529371
2019-04-26,0.023035999,0.023956001,0.022474,0.023892,0.023892,694049171
2019-04-27,0.023898,0.023977,0.023381,0.023643,0.023643,570435238
2019-04-28,0.023646999,0.023855999,0.023348,0.023592001,0.023592001,585265493
2019-04-29,0.023605,0.023717999,0.022565,0.022839,0.022839,662954530
2019-04-30,0.022832001,0.024288001,0.022608001,0.023971001,0.023971001,681165084
2019-05-01,0.023969,0.024421001,0.023442,0.023776,0.023776,649588398
2019-05-02,0.023806,0.024025001,0.023491001,0.023652,0.023652,669483908
2019-05-03,0.023653001,0.024460999,0.023607999,0.024072999,0.024072999,751948314
2019-05-04,0.024072999,0.024651,0.022996999,0.023418,0.023418,709321145
2019-05-05,0.023329999,0.023624999,0.022983,0.023421001,0.023421001,661532212
2019-05-06,0.023424,0.024258001,0.0229,0.023874,0.023874,735203031
2019-05-07,0.023861,0.024416,0.023784,0.023840999,0.023840999,714212082
2019-05-08,0.023868,0.025053,0.023561999,0.024637001,0.024637001,794016009
2019-05-09,0.024637001,0.024645001,0.023227001,0.023367999,0.023367999,679478099
2019-05-10,0.023341,0.023723001,0.022404,0.023613,0.023613,757106700
2019-05-11,0.02361,0.026434001,0.023379,0.025273001,0.025273001,959045067
2019-05-12,0.025283,0.025675001,0.023411,0.023754001,0.023754001,833444362
2019-05-13,0.023754001,0.025547,0.023673,0.024617,0.024617,865064757
2019-05-14,0.024602,0.027625,0.024504,0.027520999,0.027520999,1102232263
2019-05-15,0.0275,0.031564001,0.027489999,0.031348001,0.031348001,1230473116
2019-05-16,0.031286001,0.03328,0.027827,0.028857,0.028857,1184973195
2019-05-17,0.028874001,0.029236,0.025241001,0.02722,0.02722,923659536
2019-05-18,0.02722,0.027881,0.026578,0.026822999,0.026822999,646042341
2019-05-19,0.026825,0.02964,0.026798001,0.029277001,0.029277001,742466999
2019-05-20,0.029255999,0.029270999,0.027352,0.028509,0.028509,681144112
2019-05-21,0.028507,0.030077999,0.027969999,0.028881,0.028881,715128353
2019-05-22,0.028856,0.02939,0.027012,0.027262,0.027262,717015281
2019-05-23,0.027234999,0.027714999,0.026077,0.027386,0.027386,632341441
2019-05-24,0.027409,0.028642001,0.027151,0.027998,0.027998,722472480
2019-05-25,0.028013,0.029075,0.027848,0.028085001,0.028085001,686519146
2019-05-26,0.028091,0.031954002,0.027574001,0.031429999,0.031429999,1145964556
2019-05-27,0.031443998,0.036281001,0.031244,0.035068002,0.035068002,1526159935
2019-05-28,0.035115998,0.036534,0.032977,0.034694999,0.034694999,1300778741
2019-05-29,0.034681998,0.034873001,0.032191001,0.033693001,0.033693001,945010735
2019-05-30,0.033709999,0.035696,0.03036,0.031353001,0.031353001,1085549024
2019-05-31,0.031302001,0.033023,0.030463999,0.033023,0.033023,855746410
2019-06-01,0.033059999,0.039055001,0.032710001,0.037408002,0.037408002,1599163697
2019-06-02,0.037491001,0.040975001,0.037110999,0.038438,0.038438,1371641994
2019-06-03,0.038412001,0.039099,0.033569999,0.034116,0.034116,1452970554
2019-06-04,0.034021001,0.036093999,0.031750001,0.034997001,0.034997001,1432646151
2019-06-05,0.035061002,0.035723001,0.033052001,0.034246001,0.034246001,1058786144
2019-06-06,0.03418,0.034403998,0.031505998,0.03283,0.03283,874644103
2019-06-07,0.032827001,0.034506001,0.032492999,0.033861,0.033861,755133750
2019-06-08,0.033858001,0.033962999,0.032256,0.032543998,0.032543998,686969778
2019-06-09,0.032540999,0.032605998,0.029552,0.030086,0.030086,717761804
2019-06-10,0.03011,0.031746,0.029383,0.031690001,0.031690001,816346517
2019-06-11,0.031707,0.031722002,0.030261001,0.031293001,0.031293001,659133707
2019-06-12,0.031318001,0.033622999,0.031184001,0.033622999,0.033622999,768394833
2019-06-13,0.03359,0.033810001,0.032503001,0.032621,0.032621,711198894
2019-06-14,0.032636002,0.032832,0.031088,0.032538,0.032538,777742705
2019-06-15,0.032554001,0.033201002,0.032081999,0.032889999,0.032889999,658268516
2019-06-16,0.032898001,0.033799998,0.032683,0.033009999,0.033009999,757904533
2019-06-17,0.033000998,0.034081999,0.032949001,0.033920001,0.033920001,655296486
2019-06-18,0.033916999,0.034125,0.032338001,0.033114001,0.033114001,557315112
2019-06-19,0.033119999,0.033659998,0.032953002,0.033309001,0.033309001,517681766
2019-06-20,0.033319999,0.033576,0.032396998,0.032726999,0.032726999,575073619
2019-06-21,0.032729998,0.033955,0.032703999,0.033344999,0.033344999,572181170
2019-06-22,0.033367999,0.037655,0.033355001,0.037326999,0.037326999,964802346
2019-06-23,0.037321001,0.038353,0.036228999,0.037369002,0.037369002,815907332
2019-06-24,0.037411999,0.039404001,0.036359001,0.038375001,0.038375001,918280358
2019-06-25,0.038385,0.040270001,0.037618,0.038557,0.038557,1026593885
2019-06-26,0.038543999,0.039772,0.034867998,0.036481999,0.036481999,1266096120
2019-06-27,0.036511,0.037377998,0.02991,0.032251,0.032251,1123269112
2019-06-28,0.032279,0.033943001,0.031736001,0.033943001,0.033943001,1060684355
2019-06-29,0.033964001,0.035432,0.032364,0.035358999,0.035358999,971687751
2019-06-30,0.035294,0.035525002,0.031939,0.031939,0.031939,956413298
2019-07-01,0.031881999,0.033236001,0.030957,0.032602001,0.032602001,912290262
2019-07-02,0.032586999,0.032901999,0.030345,0.031945001,0.031945001,909205913
2019-07-03,0.031946,0.033013001,0.031902,0.033013001,0.033013001,813805576
2019-07-04,0.032997999,0.033073001,0.031188,0.031404,0.031404,659688354
2019-07-05,0.031406,0.032295,0.031087,0.031849001,0.031849001,787943843
2019-07-06,0.031845,0.032733999,0.031838,0.032047,0.032047,603802953
2019-07-07,0.032047998,0.035523001,0.032012999,0.034933001,0.034933001,761416388
2019-07-08,0.034901999,0.035409998,0.033594999,0.034502,0.034502,856758104
2019-07-09,0.034503002,0.035135001,0.033801001,0.034373,0.034373,757844450
2019-07-10,0.034371998,0.034559,0.031221,0.032102998,0.032102998,770045698
2019-07-11,0.032097001,0.032097001,0.027225001,0.027933,0.027933,688476105
2019-07-12,0.027927,0.029718,0.027744999,0.029586,0.029586,549684166
2019-07-13,0.029587001,0.029647,0.027633,0.028406,0.028406,432108330
2019-07-14,0.028406,0.029263999,0.025193,0.025332,0.025332,570381989
2019-07-15,0.0253,0.025743,0.023988999,0.025402,0.025402,624412206
2019-07-16,0.025397999,0.02571,0.021,0.021202,0.021202,544125553
2019-07-17,0.02114,0.023701999,0.020435,0.022869,0.022869,571051870
2019-07-18,0.022869,0.026107,0.02242,0.025805,0.025805,610044767
2019-07-19,0.02581,0.028066,0.024986001,0.028046001,0.028046001,621357651
2019-07-20,0.02806,0.030722,0.027682999,0.029157,0.029157,623539108
2019-07-21,0.029155999,0.029794,0.027277,0.029159,0.029159,579044738
2019-07-22,0.029153001,0.029867999,0.026339,0.026619,0.026619,620867202
2019-07-23,0.026577,0.026906,0.022092,0.024362,0.024362,1009280185
2019-07-24,0.024243999,0.024613,0.02265,0.023925999,0.023925999,753418717
2019-07-25,0.023905,0.024347,0.022879001,0.023071,0.023071,527822928
2019-07-26,0.02307,0.023477999,0.022403,0.023243001,0.023243001,469799595
2019-07-27,0.023249,0.023631001,0.021731,0.021946,0.021946,500070946
2019-07-28,0.021971,0.022727,0.021575,0.022330999,0.022330999,438015796
2019-07-29,0.022327,0.022608001,0.021867,0.022053,0.022053,411851026
2019-07-30,0.022055,0.022333,0.021707,0.022177,0.022177,393692745
2019-07-31,0.022177,0.022722,0.022174999,0.022479,0.022479,493826285
2019-08-01,0.022479,0.022505,0.021915,0.022252999,0.022252999,431296974
2019-08-02,0.022262,0.022296,0.02159,0.021759,0.021759,373625483
2019-08-03,0.02176,0.022081001,0.021636,0.021929,0.021929,377614598
2019-08-04,0.021917,0.02266,0.021477999,0.022414999,0.022414999,410756046
2019-08-05,0.02241,0.023499001,0.022235001,0.023088001,0.023088001,469772899
2019-08-06,0.023080001,0.023080001,0.021545,0.021669,0.021669,464780301
2019-08-07,0.021671999,0.022074999,0.021540999,0.021676,0.021676,434015912
2019-08-08,0.021677,0.02235,0.021599,0.021887001,0.021887001,451114468
2019-08-09,0.021891,0.021996001,0.019532001,0.019788999,0.019788999,465725220
2019-08-10,0.019777,0.0206,0.019663,0.020462999,0.020462999,493857970
2019-08-11,0.02046,0.021151001,0.020098001,0.020716,0.020716,452209004
2019-08-12,0.020711999,0.020998999,0.020416999,0.020677,0.020677,460097013
2019-08-13,0.020678001,0.020719999,0.020041,0.020324999,0.020324999,440513694
2019-08-14,0.020323001,0.020431001,0.017679,0.017704001,0.017704001,483213276
2019-08-15,0.017719001,0.017996,0.016542001,0.017608,0.017608,564505966
2019-08-16,0.017609,0.017692,0.016690999,0.016968001,0.016968001,444447812
2019-08-17,0.016973,0.017339,0.016758,0.016941,0.016941,359367689
2019-08-18,0.016943,0.018238001,0.01677,0.017833,0.017833,386511456
2019-08-19,0.017832,0.018329,0.017695,0.018083001,0.018083001,398770744
2019-08-20,0.01808,0.018104,0.017391,0.0176,0.0176,366355788
2019-08-21,0.017602,0.017611001,0.016371001,0.016690001,0.016690001,469160737
2019-08-22,0.016692,0.017979,0.01667,0.017538,0.017538,537114538
2019-08-23,0.0175,0.018377,0.017408,0.018083001,0.018083001,490595580
2019-08-24,0.018084999,0.018221,0.017436,0.017801,0.017801,487645267
2019-08-25,0.017790001,0.018317999,0.017504999,0.017566999,0.017566999,482224129
2019-08-26,0.017562,0.017960999,0.017467,0.017717,0.017717,491414308
2019-08-27,0.017719001,0.017724,0.017343,0.017611001,0.017611001,461705868
2019-08-28,0.017617,0.017673999,0.015823999,0.016000001,0.016000001,485624918
2019-08-29,0.016000001,0.016004,0.015137,0.015533,0.015533,481464079
2019-08-30,0.015538,0.015807999,0.015265,0.015606,0.015606,439318790
2019-08-31,0.015608,0.015698001,0.015251,0.01556,0.01556,467796844
2019-09-01,0.015571,0.015686,0.015415,0.015625,0.015625,424372234
2019-09-02,0.015608,0.016101001,0.01527,0.015923999,0.015923999,458500298
2019-09-03,0.015935,0.016093999,0.015738999,0.015949,0.015949,422623093
2019-09-04,0.015961001,0.015972,0.015499,0.015593,0.015593,407752910
2019-09-05,0.015591,0.015613,0.014691,0.015009,0.015009,441122941
2019-09-06,0.015006,0.015087,0.014053,0.014256,0.014256,465868869
2019-09-07,0.014262,0.015675999,0.01421,0.015434,0.015434,527720264
2019-09-08,0.015436,0.016091,0.015423,0.01584,0.01584,565551912
2019-09-09,0.01584,0.01602,0.01529,0.015742,0.015742,669187814
2019-09-10,0.015742,0.016153,0.015475,0.015623,0.015623,550196165
2019-09-11,0.015623,0.01571,0.014859,0.014955,0.014955,538549616
2019-09-12,0.014957,0.015008,0.014554,0.014864,0.014864,525523848
2019-09-13,0.014865,0.015565,0.01475,0.015516,0.015516,510685257
2019-09-14,0.015528,0.015922001,0.015225,0.015807999,0.015807999,565011950
2019-09-15,0.015806001,0.016040999,0.015475,0.015592,0.015592,554916296
2019-09-16,0.015592,0.015834,0.015437,0.015690001,0.015690001,527588255
2019-09-17,0.015690001,0.017286999,0.015689,0.016785,0.016785,667459152
2019-09-18,0.016789,0.018553,0.016767001,0.018017,0.018017,799716562
2019-09-19,0.018007999,0.018007999,0.016643999,0.017650999,0.017650999,736829335
2019-09-20,0.017642001,0.0177,0.017103,0.017393,0.017393,616635633
2019-09-21,0.017395001,0.018510001,0.017221,0.018227,0.018227,651793485
2019-09-22,0.018227,0.018227,0.016602,0.016921001,0.016921001,652943017
2019-09-23,0.016923999,0.017112,0.016081,0.016081,0.016081,618313969
2019-09-24,0.016074,0.016313,0.012379,0.012794,0.012794,736691185
2019-09-25,0.012797,0.013494,0.012492,0.013252,0.013252,702110438
2019-09-26,0.013248,0.013587,0.012322,0.012884,0.012884,597128850
2019-09-27,0.012869,0.013925,0.012717,0.013772,0.013772,730136371
2019-09-28,0.013764,0.013892,0.013464,0.013685,0.013685,573461375
2019-09-29,0.013684,0.013728,0.013047,0.013402,0.013402,523279121
2019-09-30,0.013399,0.014856,0.013019,0.014524,0.014524,663359129
2019-10-01,0.014543,0.014839,0.013915,0.014072,0.014072,615910233
2019-10-02,0.014069,0.014467,0.013825,0.014467,0.014467,559687304
2019-10-03,0.014463,0.01451,0.014056,0.014355,0.014355,577538792
2019-10-04,0.01435,0.014814,0.014231,0.014708,0.014708,594460353
2019-10-05,0.014709,0.015146,0.014421,0.015113,0.015113,605918087
2019-10-06,0.015112,0.015432,0.01474,0.014789,0.014789,647870694
2019-10-07,0.014769,0.016573999,0.014657,0.016355,0.016355,772577285
2019-10-08,0.016349001,0.017233999,0.015949,0.017077999,0.017077999,751448971
2019-10-09,0.017092999,0.017282,0.016697999,0.016984001,0.016984001,777844289
2019-10-10,0.016982,0.017039999,0.016096,0.016313,0.016313,659340343
2019-10-11,0.016318999,0.016681001,0.015845999,0.015992999,0.015992999,666304122
2019-10-12,0.015998,0.016241999,0.015672,0.015741,0.015741,571352239
2019-10-13,0.015732,0.016379001,0.015686,0.016137,0.016137,622543636
2019-10-14,0.016138,0.016747,0.016071999,0.016732,0.016732,642336082
2019-10-15,0.016727,0.016822999,0.015539,0.015744001,0.015744001,637965138
2019-10-16,0.015742,0.015876001,0.014848,0.015287,0.015287,625699158
2019-10-17,0.015282,0.015463,0.014689,0.015442,0.015442,644710023
2019-10-18,0.015442,0.015561,0.014704,0.015416,0.015416,626283795
2019-10-19,0.015419,0.015805,0.015221,0.015525,0.015525,733897947
2019-10-20,0.015526,0.015587,0.015225,0.015552,0.015552,632826319
2019-10-21,0.015553,0.015727,0.015411,0.015598,0.015598,748254275
2019-10-22,0.015599,0.015691999,0.015171,0.015212,0.015212,742578864
2019-10-23,0.015195,0.015245,0.013914,0.014318,0.014318,725581900
2019-10-24,0.014326,0.015375,0.014326,0.015298,0.015298,810730076
2019-10-25,0.015292,0.017639,0.015124,0.017639,0.017639,1083716136
2019-10-26,0.017633,0.018014999,0.015986999,0.016581999,0.016581999,1328873818
2019-10-27,0.016589001,0.019551,0.016194999,0.019131999,0.019131999,1578939462
2019-10-28,0.019134,0.021888999,0.01912,0.020183999,0.020183999,2072365497
2019-10-29,0.020188,0.022319,0.020045999,0.021991,0.021991,1785310977
2019-10-30,0.022002,0.022817999,0.019951001,0.020114001,0.020114001,1452165854
2019-10-31,0.020098999,0.020726001,0.019277999,0.019897999,0.019897999,1075269261
2019-11-01,0.019902,0.020090001,0.01935,0.019676,0.019676,868159777
2019-11-02,0.019672999,0.020230001,0.019662,0.019958001,0.019958001,847828051
2019-11-03,0.019966999,0.020112,0.019388,0.0197,0.0197,854200817
2019-11-04,0.019696999,0.019889999,0.018882999,0.019831,0.019831,968918172
2019-11-05,0.019831,0.020021999,0.019478999,0.019851999,0.019851999,893103611
2019-11-06,0.019847,0.020578999,0.019678,0.020188,0.020188,999616731
2019-11-07,0.020181,0.020202,0.019315001,0.019623,0.019623,992198179
2019-11-08,0.019602999,0.019711999,0.018517001,0.018794,0.018794,1247102504
2019-11-09,0.018796001,0.019103,0.018762,0.018964,0.018964,1154702394
2019-11-10,0.018967999,0.019555001,0.018924,0.019401999,0.019401999,1197385478
2019-11-11,0.019401001,0.019406,0.018743001,0.019096,0.019096,984056557
2019-11-12,0.019091001,0.019710001,0.019082,0.019614,0.019614,1016783750
2019-11-13,0.019603999,0.020237001,0.019358,0.020113001,0.020113001,985820301
2019-11-14,0.020114001,0.020253001,0.019242,0.019509001,0.019509001,1002646257
2019-11-15,0.019493001,0.019535,0.018479001,0.018617,0.018617,987509599
2019-11-16,0.018611001,0.018885,0.018541001,0.018794,0.018794,884418648
2019-11-17,0.018797001,0.019196,0.018468,0.018893,0.018893,896891602
2019-11-18,0.018888,0.018916,0.017201999,0.017397,0.017397,991930691
2019-11-19,0.017399,0.017565999,0.016632,0.017068001,0.017068001,1091020964
2019-11-20,0.017066,0.017211,0.016511001,0.016643999,0.016643999,1055792316
2019-11-21,0.016643001,0.016664,0.015069,0.015422,0.015422,1152178110
2019-11-22,0.015421,0.015573,0.013512,0.014482,0.014482,1319516654
2019-11-23,0.01448,0.015185,0.014101,0.01518,0.01518,1137753709
2019-11-24,0.015192,0.015254,0.01393,0.01393,0.01393,1212567751
2019-11-25,0.013923,0.014633,0.013159,0.014292,0.014292,1304867281
2019-11-26,0.014292,0.015525,0.014155,0.015417,0.015417,1188544728
2019-11-27,0.015391,0.016398,0.014671,0.016148999,0.016148999,2021635640
2019-11-28,0.016151,0.016377,0.015792999,0.015877999,0.015877999,1266811966
2019-11-29,0.015888,0.016334999,0.015821001,0.016193001,0.016193001,1203702929
2019-11-30,0.016184,0.016306,0.015393,0.015505,0.015505,1106913968
2019-12-01,0.01551,0.016066,0.015138,0.01595,0.01595,1221749577
2019-12-02,0.015944,0.015992001,0.015166,0.015247,0.015247,1078642608
2019-12-03,0.015265,0.015578,0.015038,0.015251,0.015251,847268484
2019-12-04,0.015246,0.015255,0.014209,0.014428,0.014428,1017108758
2019-12-05,0.014429,0.01495,0.014297,0.014606,0.014606,1063061041
2019-12-06,0.014615,0.014724,0.014494,0.014708,0.014708,1016590546
2019-12-07,0.01471,0.014852,0.01459,0.014595,0.014595,932823180
2019-12-08,0.0146,0.014822,0.014505,0.014754,0.014754,909202289
2019-12-09,0.014729,0.014768,0.014387,0.014469,0.014469,945176795
2019-12-10,0.014459,0.014499,0.014097,0.014153,0.014153,920910088
2019-12-11,0.014159,0.014374,0.014103,0.014179,0.014179,919584735
2019-12-12,0.014185,0.0142,0.013527,0.013862,0.013862,1001541934
2019-12-13,0.013862,0.014228,0.013717,0.014098,0.014098,973273278
2019-12-14,0.01409,0.014588,0.013913,0.013942,0.013942,969812672
2019-12-15,0.013937,0.014154,0.013794,0.014028,0.014028,1025255094
2019-12-16,0.014026,0.014046,0.013353,0.013489,0.013489,1114277015
2019-12-17,0.013497,0.013511,0.01233,0.012478,0.012478,1090326003
2019-12-18,0.01246,0.013477,0.012311,0.013376,0.013376,1277690945
2019-12-19,0.013387,0.013511,0.012756,0.013078,0.013078,1176707542
2019-12-20,0.013082,0.013553,0.012956,0.013464,0.013464,1189193477
2019-12-21,0.013465,0.013601,0.013339,0.013601,0.013601,1104610705
2019-12-22,0.013595,0.015015,0.013595,0.014913,0.014913,1319603647
2019-12-23,0.014918,0.015227,0.013782,0.013843,0.013843,1237088083
2019-12-24,0.013842,0.013974,0.013411,0.013633,0.013633,1184108108
2019-12-25,0.013647,0.013647,0.013175,0.013339,0.013339,1074051749
2019-12-26,0.013351,0.013701,0.013259,0.013412,0.013412,1111971331
2019-12-27,0.013411,0.013454,0.013221,0.0133,0.0133,1113460814
2019-12-28,0.013297,0.013788,0.013289,0.013515,0.013515,1159949303
2019-12-29,0.013504,0.013925,0.013433,0.013743,0.013743,1090566660
2019-12-30,0.013744,0.013989,0.013323,0.0134,0.0134,1180670788
2019-12-31,0.013406,0.01349,0.013154,0.013306,0.013306,1065550361
2020-01-01,0.013294,0.013388,0.013193,0.01325,0.01325,977215885
2020-01-02,0.013254,0.013254,0.012809,0.01287,0.01287,999867628
2020-01-03,0.012887,0.013524,0.012772,0.013435,0.013435,1109470187
2020-01-04,0.01345,0.013534,0.01331,0.013521,0.013521,991868126
2020-01-05,0.013531,0.013913,0.013522,0.013623,0.013623,1079591214
2020-01-06,0.013617,0.014548,0.013601,0.014548,0.014548,1204485570
2020-01-07,0.014594,0.014741,0.01421,0.014373,0.014373,1120168579
2020-01-08,0.014378,0.014623,0.013886,0.014069,0.014069,1120252261
2020-01-09,0.014067,0.014109,0.013819,0.014063,0.014063,943917224
2020-01-10,0.014064,0.014764,0.013732,0.014614,0.014614,1156355120
2020-01-11,0.014624,0.014929,0.014501,0.014614,0.014614,1176009007
2020-01-12,0.014619,0.015004,0.014514,0.014976,0.014976,1151253021
2020-01-13,0.014975,0.015045,0.01459,0.014706,0.014706,1067644896
2020-01-14,0.014707,0.016922999,0.014696,0.016720001,0.016720001,1466195336
2020-01-15,0.016728999,0.018059,0.016324,0.017284,0.017284,1462008167
2020-01-16,0.017292,0.017346,0.016246,0.017119,0.017119,1333108083
2020-01-17,0.017197,0.018068001,0.017019,0.017666001,0.017666001,1420514220
2020-01-18,0.017673999,0.018093999,0.017318999,0.017716,0.017716,1385173971
2020-01-19,0.017724,0.018065,0.016263001,0.016620001,0.016620001,1309357592
2020-01-20,0.016612999,0.016744999,0.016238,0.016626,0.016626,1266246610
2020-01-21,0.016618,0.017308,0.016535001,0.017308,0.017308,1239081715
2020-01-22,0.017307,0.017438,0.017093999,0.017353,0.017353,1180207766
2020-01-23,0.017364999,0.017391,0.016046001,0.016253,0.016253,1238646077
2020-01-24,0.016263001,0.016564,0.015760999,0.016411001,0.016411001,1237593967
2020-01-25,0.016426001,0.016426001,0.016023001,0.016199,0.016199,1147617479
2020-01-26,0.016193001,0.016828001,0.016109001,0.016804,0.016804,1255315356
2020-01-27,0.016797001,0.017286999,0.016797001,0.017135,0.017135,1323659601
2020-01-28,0.017146001,0.018869,0.017130001,0.018614,0.018614,1624609028
2020-01-29,0.018612999,0.019650999,0.018587001,0.018683,0.018683,1509737028
2020-01-30,0.018666999,0.019719001,0.017972,0.019499,0.019499,1581901735
2020-01-31,0.019514,0.019695001,0.018263999,0.018681999,0.018681999,1451545525
2020-02-01,0.018664001,0.019068999,0.018494001,0.019064,0.019064,1346616386
2020-02-02,0.019057,0.019841,0.018580999,0.019136,0.019136,1482162206
2020-02-03,0.019125,0.019566,0.018971,0.019218,0.019218,1419005610
2020-02-04,0.019202,0.019444,0.018468,0.019261001,0.019261001,1407881433
2020-02-05,0.019277001,0.020776,0.019262001,0.020776,0.020776,1511971143
2020-02-06,0.020762,0.023155,0.020300001,0.022535,0.022535,1944165321
2020-02-07,0.022565,0.023466,0.021553,0.022061,0.022061,1757671584
2020-02-08,0.022019001,0.022375001,0.020702001,0.021852,0.021852,1566606336
2020-02-09,0.021838,0.022615001,0.021559,0.022034001,0.022034001,1466737554
2020-02-10,0.022041,0.022337001,0.021105999,0.022229001,0.022229001,1587320613
2020-02-11,0.022231,0.022782,0.021459,0.022679999,0.022679999,1519186217
2020-02-12,0.022698,0.024156,0.022676,0.024015,0.024015,1699116541
2020-02-13,0.024015,0.025715999,0.022816001,0.023859,0.023859,2007884210
2020-02-14,0.023862001,0.026647,0.023807,0.026325,0.026325,2085354470
2020-02-15,0.026350999,0.026494,0.023387,0.023585999,0.023585999,1768976193
2020-02-16,0.023608999,0.024631999,0.020640001,0.022464,0.022464,1939185864
2020-02-17,0.022419,0.022419,0.020349,0.021728,0.021728,1842155294
2020-02-18,0.021737,0.022775,0.020705,0.022569999,0.022569999,1712241882
2020-02-19,0.022578999,0.02259,0.020236,0.02032,0.02032,1691858297
2020-02-20,0.02031,0.020501001,0.019265,0.019872,0.019872,1910177842
2020-02-21,0.019867999,0.020466,0.019719999,0.020199001,0.020199001,1762615940
2020-02-22,0.02021,0.020284999,0.019825,0.020086,0.020086,1552695029
2020-02-23,0.020087,0.02131,0.020067001,0.021305,0.021305,1638283297
2020-02-24,0.02131,0.021313,0.019335,0.019858999,0.019858999,1823897501
2020-02-25,0.019855,0.019876,0.0188,0.019052999,0.019052999,1702733218
2020-02-26,0.019035,0.019145001,0.015977001,0.016477,0.016477,1983398773
2020-02-27,0.016471,0.017472999,0.016007001,0.016938001,0.016938001,1817877422
2020-02-28,0.016956,0.017276,0.016277,0.017055999,0.017055999,1651360029
2020-02-29,0.017018,0.017338,0.016624,0.016628999,0.016628999,1530978799
2020-03-01,0.016631,0.017049,0.016231,0.016499,0.016499,1530951215
2020-03-02,0.016518001,0.017723,0.016445,0.017495001,0.017495001,1640719067
2020-03-03,0.017494,0.017564001,0.017104,0.017271001,0.017271001,1491595029
2020-03-04,0.017261,0.017711001,0.017127,0.017711001,0.017711001,1397778318
2020-03-05,0.017729999,0.018316001,0.017729999,0.017891999,0.017891999,1419888590
2020-03-06,0.017911,0.018343,0.017911,0.018236,0.018236,1371421963
2020-03-07,0.018243,0.01826,0.017024999,0.017049,0.017049,1298740279
2020-03-08,0.017039999,0.017042,0.014866,0.014866,0.014866,1363976467
2020-03-09,0.014836,0.015082,0.01423,0.014988,0.014988,1427631477
2020-03-10,0.014997,0.015311,0.014702,0.015106,0.015106,1243119267
2020-03-11,0.015112,0.015251,0.014274,0.014835,0.014835,1269759581
2020-03-12,0.01484,0.014874,0.0087590003,0.0087919999,0.0087919999,1368123604
2020-03-13,0.0087639997,0.010752,0.007516,0.010244,0.010244,1816706172
2020-03-14,0.010266,0.010551,0.00966,0.0097620003,0.0097620003,1142638047
2020-03-15,0.0097589996,0.010897,0.0096829999,0.010344,0.010344,1158531783
2020-03-16,0.010331,0.010336,0.0087869996,0.0095610004,0.0095610004,1159919447
2020-03-17,0.0095640002,0.010283,0.0095619997,0.0098850001,0.0098850001,1084261693
2020-03-18,0.0098789996,0.010063,0.0097230002,0.0099339997,0.0099339997,1025586853
2020-03-19,0.009939,0.012005,0.009939,0.011668,0.011668,1253883132
2020-03-20,0.011667,0.012663,0.010618,0.011246,0.011246,1193679336
2020-03-21,0.011253,0.011496,0.010797,0.011229,0.011229,1084677872
2020-03-22,0.011231,0.011581,0.010329,0.010365,0.010365,960442296
2020-03-23,0.010365,0.011303,0.010299,0.011284,0.011284,1113460487
2020-03-24,0.011296,0.011615,0.011185,0.011513,0.011513,1086206947
2020-03-25,0.011512,0.011685,0.011172,0.011385,0.011385,1051356265
2020-03-26,0.011385,0.011919,0.011322,0.011871,0.011871,1012778457
2020-03-27,0.011883,0.011993,0.011402,0.011427,0.011427,992171536
2020-03-28,0.011425,0.011487,0.010922,0.011402,0.011402,1027379374
2020-03-29,0.011399,0.011431,0.010749,0.010749,0.010749,917907291
2020-03-30,0.010753,0.011685,0.01071,0.011509,0.011509,1056877618
2020-03-31,0.011514,0.011708,0.011421,0.011625,0.011625,756610778
2020-04-01,0.011625,0.011639,0.011168,0.011575,0.011575,810514942
2020-04-02,0.011582,0.012308,0.011539,0.011975,0.011975,852662345
2020-04-03,0.011978,0.012155,0.011811,0.011905,0.011905,794179930
2020-04-04,0.01191,0.012047,0.011787,0.011998,0.011998,808013454
2020-04-05,0.012004,0.012704,0.011893,0.012603,0.012603,906467477
2020-04-06,0.012603,0.013676,0.0126,0.013658,0.013658,1010970948
2020-04-07,0.013655,0.013952,0.013217,0.013266,0.013266,937935932
2020-04-08,0.013276,0.013726,0.01319,0.013695,0.013695,1079069172
2020-04-09,0.013695,0.013767,0.013324,0.013507,0.013507,981287829
2020-04-10,0.013505,0.013528,0.012141,0.012462,0.012462,1097485527
2020-04-11,0.012462,0.012806,0.012354,0.012483,0.012483,1051591915
2020-04-12,0.01248,0.013157,0.012398,0.012902,0.012902,1058237103
2020-04-13,0.012893,0.012893,0.012252,0.012585,0.012585,1247887208
2020-04-14,0.012578,0.012762,0.012411,0.012413,0.012413,1235758429
2020-04-15,0.012417,0.012599,0.012209,0.012225,0.012225,1227074918
2020-04-16,0.012218,0.01311,0.012033,0.013042,0.013042,1483226074
2020-04-17,0.01304,0.013119,0.012822,0.013004,0.013004,1294903478
2020-04-18,0.013006,0.013445,0.012988,0.013369,0.013369,1358911558
2020-04-19,0.013373,0.01343,0.01302,0.013032,0.013032,1297116920
2020-04-20,0.013031,0.0132,0.012397,0.012517,0.012517,1366517418
2020-04-21,0.012508,0.012716,0.01244,0.012586,0.012586,1285407673
2020-04-22,0.012588,0.013112,0.012529,0.012976,0.012976,1277662807
2020-04-23,0.012977,0.013668,0.012893,0.013554,0.013554,1370466698
2020-04-24,0.013558,0.01433,0.013539,0.014019,0.014019,1538403027
2020-04-25,0.014016,0.014244,0.013833,0.014018,0.014018,1484554238
2020-04-26,0.014013,0.014273,0.014012,0.014252,0.014252,1396232783
2020-04-27,0.014255,0.014647,0.014251,0.014554,0.014554,1431665480
2020-04-28,0.014561,0.015423,0.01441,0.015395,0.015395,1536500537
2020-04-29,0.015389,0.016422,0.015112,0.016310999,0.016310999,1744485549
2020-04-30,0.016310999,0.016649,0.015219,0.015278,0.015278,1686974900
2020-05-01,0.015276,0.016331,0.015275,0.015892999,0.015892999,1620462039
2020-05-02,0.01591,0.016423,0.015864,0.016375,0.016375,1500824958
2020-05-03,0.016384,0.016557001,0.015794,0.01602,0.01602,1561508724
2020-05-04,0.016024999,0.016399,0.015356,0.016307,0.016307,1743677561
2020-05-05,0.016307,0.016627001,0.015797,0.015902,0.015902,1797335086
2020-05-06,0.015897,0.016276,0.015764,0.015828,0.015828,1566060151
2020-05-07,0.015791001,0.016226999,0.01558,0.016055999,0.016055999,1694644130
2020-05-08,0.016049,0.016550999,0.015969001,0.016325001,0.016325001,1695737285
2020-05-09,0.016319999,0.01657,0.016153,0.016198,0.016198,1624909900
2020-05-10,0.016185001,0.016185001,0.013705,0.014283,0.014283,1751400504
2020-05-11,0.014286,0.01444,0.013483,0.014022,0.014022,1723522613
2020-05-12,0.014039,0.014892,0.013975,0.014559,0.014559,1644365120
2020-05-13,0.014556,0.015183,0.014517,0.015003,0.015003,1584119641
2020-05-14,0.014998,0.015323,0.014856,0.015263,0.015263,1642843797
2020-05-15,0.015261,0.015272,0.014785,0.014917,0.014917,1521940437
2020-05-16,0.014916,0.015082,0.014831,0.014962,0.014962,1494408339
2020-05-17,0.014964,0.015139,0.01494,0.015004,0.015004,1507268889
2020-05-18,0.015011,0.015525,0.01499,0.015356,0.015356,1514322601
2020-05-19,0.015352,0.015512,0.015172,0.015512,0.015512,1525778977
2020-05-20,0.01551,0.01551,0.014804,0.015001,0.015001,1549092830
2020-05-21,0.014998,0.015042,0.013921,0.014256,0.014256,1485466980
2020-05-22,0.014258,0.015057,0.014136,0.014859,0.014859,1529285626
2020-05-23,0.014857,0.015589,0.014851,0.015048,0.015048,1511113356
2020-05-24,0.015044,0.015269,0.01443,0.01443,0.01443,1484128068
2020-05-25,0.014391,0.014766,0.014258,0.014742,0.014742,1472796404
2020-05-26,0.014744,0.014767,0.014328,0.014566,0.014566,1406337763
2020-05-27,0.014569,0.014893,0.014525,0.01473,0.01473,1379206169
2020-05-28,0.014729,0.015157,0.014617,0.015131,0.015131,1428376209
2020-05-29,0.015119,0.015321,0.014934,0.015011,0.015011,1366748932
2020-05-30,0.015014,0.016326001,0.014929,0.016314,0.016314,1646591606
2020-05-31,0.016318001,0.017101999,0.01574,0.015891001,0.015891001,1730497289
2020-06-01,0.015869999,0.017026,0.015815999,0.017007001,0.017007001,1709386487
2020-06-02,0.017000001,0.017436,0.015899001,0.016307,0.016307,1668286862
2020-06-03,0.016309001,0.016914999,0.016122,0.016875001,0.016875001,1607589690
2020-06-04,0.016881,0.017315,0.016465999,0.01691,0.01691,1580934885
2020-06-05,0.016909,0.017268,0.016816,0.016938001,0.016938001,1509634218
2020-06-06,0.016930999,0.017096,0.016641,0.016992999,0.016992999,1517537231
2020-06-07,0.017000999,0.018199001,0.016992001,0.018178999,0.018178999,1796519392
2020-06-08,0.018193001,0.018557999,0.017781001,0.017957,0.017957,1671492248
2020-06-09,0.017953999,0.017964,0.017506,0.017609,0.017609,1527613343
2020-06-10,0.017608,0.017666999,0.017371999,0.017608,0.017608,1453161202
2020-06-11,0.017604999,0.017704001,0.015648,0.015806001,0.015806001,1479076108
2020-06-12,0.015813001,0.016638,0.01571,0.016457999,0.016457999,1431010897
2020-06-13,0.016474999,0.016736001,0.016197,0.016705001,0.016705001,1362642566
2020-06-14,0.016705999,0.016723,0.016176,0.016256999,0.016256999,1332912266
2020-06-15,0.016256999,0.016256999,0.01517,0.016113,0.016113,1347052817
2020-06-16,0.016111,0.016232001,0.01602,0.016146,0.016146,1204257818
2020-06-17,0.016145,0.016450001,0.015968001,0.0162,0.0162,1212665543
2020-06-18,0.0162,0.016209999,0.015896,0.016063999,0.016063999,800422738
2020-06-19,0.016062001,0.01613,0.015760999,0.015799001,0.015799001,783041745
2020-06-20,0.015799001,0.016082,0.015711,0.015930999,0.015930999,890585140
2020-06-21,0.015934,0.016051,0.015817,0.015838999,0.015838999,912842172
2020-06-22,0.015838001,0.016355,0.015838001,0.016331,0.016331,785970254
2020-06-23,0.016329,0.016758,0.016133999,0.016525,0.016525,782289505
2020-06-24,0.016531,0.016818,0.015845999,0.015964,0.015964,586064620
2020-06-25,0.015962999,0.016084,0.0156,0.015933,0.015933,514058865
2020-06-26,0.015924999,0.016092001,0.015718,0.015841,0.015841,536770368
2020-06-27,0.01584,0.016075,0.015236,0.015513,0.015513,579087365
2020-06-28,0.015513,0.016024999,0.015341,0.015814999,0.015814999,524320333
2020-06-29,0.015815999,0.016368,0.015795,0.016202999,0.016202999,715965924
2020-06-30,0.016194001,0.016604999,0.016181,0.016372001,0.016372001,670713846
2020-07-01,0.016371001,0.017035,0.016251,0.016871,0.016871,691472812
2020-07-02,0.016865,0.017225999,0.016286001,0.016694,0.016694,784497063
2020-07-03,0.016689001,0.017035,0.016569,0.016662,0.016662,585485001
2020-07-04,0.016644999,0.016934,0.016605999,0.016804,0.016804,640532541
2020-07-05,0.016809,0.016844001,0.016426999,0.01684,0.01684,649642721
2020-07-06,0.01684,0.018082,0.01684,0.01802,0.01802,1023605276
2020-07-07,0.018005,0.018065,0.017103,0.01719,0.01719,703321313
2020-07-08,0.017145,0.018066,0.016851,0.017906001,0.017906001,766932917
2020-07-09,0.017899999,0.018781999,0.017604001,0.018451,0.018451,807804060
2020-07-10,0.01843,0.018572001,0.017824,0.018143,0.018143,572487095
2020-07-11,0.018134,0.018764,0.018134,0.018366,0.018366,497162339
2020-07-12,0.018377,0.018479999,0.017968001,0.018153001,0.018153001,427938227
2020-07-13,0.018153001,0.018338,0.017371999,0.017553,0.017553,496850309
2020-07-14,0.017537,0.017748,0.017198,0.017641,0.017641,440691747
2020-07-15,0.01764,0.017771,0.017493,0.017561,0.017561,381803426
2020-07-16,0.017556001,0.017594,0.016768999,0.017144,0.017144,407189009
2020-07-17,0.017137,0.017325999,0.017038999,0.017183,0.017183,321094831
2020-07-18,0.017182,0.017464001,0.017015999,0.0174,0.0174,313414180
2020-07-19,0.017395999,0.017533001,0.017247001,0.017477,0.017477,335531450
2020-07-20,0.017479001,0.017517,0.017100001,0.017219,0.017219,339773905
2020-07-21,0.017216999,0.017649001,0.01718,0.017562,0.017562,361737984
2020-07-22,0.017563,0.017975001,0.017438,0.017952999,0.017952999,321816294
2020-07-23,0.017948,0.018007999,0.017775999,0.017864,0.017864,383109394
2020-07-24,0.017865,0.018239999,0.017535999,0.017959001,0.017959001,387143586
2020-07-25,0.01795,0.018724,0.017924,0.018683,0.018683,425724567
2020-07-26,0.018681001,0.019166,0.018331001,0.018525001,0.018525001,456539888
2020-07-27,0.018525001,0.019052001,0.017826,0.018665999,0.018665999,570027398
2020-07-28,0.018718001,0.019441999,0.018265,0.019122001,0.019122001,548888124
2020-07-29,0.01912,0.019846,0.019014001,0.019324999,0.019324999,561417584
2020-07-30,0.019335,0.019384,0.018817,0.019276001,0.019276001,465222604
2020-07-31,0.019269001,0.019724,0.019018,0.019677,0.019677,472882523
2020-08-01,0.019677,0.020679999,0.0195,0.020396,0.020396,625808106
2020-08-02,0.020408001,0.021121999,0.018745,0.019038999,0.019038999,764416764
2020-08-03,0.019056,0.020064,0.018936001,0.019887,0.019887,530532808
2020-08-04,0.019887,0.020636,0.019887,0.020352,0.020352,535229652
2020-08-05,0.020359,0.020710999,0.020172,0.020451,0.020451,472602438
2020-08-06,0.020448999,0.020537,0.020047,0.020275,0.020275,450623907
2020-08-07,0.020268001,0.021059999,0.019309999,0.019938,0.019938,800831329
2020-08-08,0.019898999,0.020574,0.019784,0.020417999,0.020417999,396763867
2020-08-09,0.020447999,0.020633999,0.020205,0.020473,0.020473,383920387
2020-08-10,0.020496,0.021771001,0.020496,0.021516999,0.021516999,596055237
2020-08-11,0.021514,0.021522,0.019653,0.020157,0.020157,806259540
2020-08-12,0.020160999,0.020664001,0.019191001,0.020391,0.020391,477942729
2020-08-13,0.020389,0.023212999,0.019704999,0.022606,0.022606,771131136
2020-08-14,0.022628,0.025748,0.022628,0.02475,0.02475,1078753054
2020-08-15,0.024738999,0.025508,0.023755999,0.025201,0.025201,836345615
2020-08-16,0.025211999,0.028444,0.024295,0.028207,0.028207,1128912475
2020-08-17,0.028207,0.031145001,0.026942,0.030387999,0.030387999,1342730121
2020-08-18,0.030332001,0.032393999,0.028507,0.028803,0.028803,1708225951
2020-08-19,0.028778,0.028925,0.025642,0.026536999,0.026536999,1532284594
2020-08-20,0.026519001,0.027719,0.026450001,0.027544999,0.027544999,925062330
2020-08-21,0.027541,0.027729001,0.024234001,0.024343001,0.024343001,901541907
2020-08-22,0.024349,0.025451999,0.023548,0.025163,0.025163,871932825
2020-08-23,0.025141999,0.025232,0.023841999,0.024465,0.024465,559951529
2020-08-24,0.024452001,0.025611,0.024049001,0.025163,0.025163,562364027
2020-08-25,0.025164001,0.025407,0.022464,0.023132,0.023132,660656192
2020-08-26,0.023123,0.023922,0.022883,0.023747001,0.023747001,584388284
2020-08-27,0.023746001,0.02447,0.022343,0.0231,0.0231,656715523
2020-08-28,0.023108,0.024251999,0.022802999,0.023980999,0.023980999,563814715
2020-08-29,0.023985,0.025195999,0.023799,0.025038,0.025038,548310637
2020-08-30,0.025001001,0.028139999,0.024989,0.026952,0.026952,907256920
2020-08-31,0.026991,0.029708,0.025908999,0.029298,0.029298,1169223528
2020-09-01,0.029277001,0.035672002,0.028379999,0.034552999,0.034552999,2177409507
2020-09-02,0.034616999,0.038077001,0.032414999,0.034451,0.034451,4058694827
2020-09-03,0.034543999,0.048875999,0.034292001,0.041191999,0.041191999,6184131222
2020-09-04,0.041028999,0.044489,0.032993998,0.03562,0.03562,5318358918
2020-09-05,0.035749,0.036656,0.028108999,0.029997,0.029997,3631605784
2020-09-06,0.029997,0.032373998,0.028170999,0.031523,0.031523,3126107645
2020-09-07,0.031475998,0.032552,0.028658001,0.032276001,0.032276001,2401424526
2020-09-08,0.032329001,0.035429999,0.03176,0.035000999,0.035000999,3157190949
2020-09-09,0.035110001,0.035873,0.033792999,0.034024999,0.034024999,2334257138
2020-09-10,0.034058999,0.035181999,0.032726001,0.033077002,0.033077002,2259381039
2020-09-11,0.033077002,0.034409001,0.031431001,0.033509001,0.033509001,2419591539
2020-09-12,0.033548001,0.033551998,0.032248002,0.032749001,0.032749001,2301374668
2020-09-13,0.032749001,0.032749999,0.029658999,0.030583,0.030583,2416138366
2020-09-14,0.030592,0.031585999,0.030154999,0.030452,0.030452,2776982500
2020-09-15,0.030402999,0.030431001,0.027701,0.027900999,0.027900999,3079049243
2020-09-16,0.027908999,0.029203,0.026238,0.026494,0.026494,3463620542
2020-09-17,0.026453,0.028395001,0.026427001,0.028104,0.028104,2801521792
2020-09-18,0.028104,0.029801,0.027875001,0.029089,0.029089,3523907328
2020-09-19,0.029045001,0.029294999,0.027657,0.027782001,0.027782001,2897389598
2020-09-20,0.027763,0.027794,0.026523,0.026965,0.026965,2760499756
2020-09-21,0.026981,0.027520999,0.024691001,0.024999,0.024999,3377753024
2020-09-22,0.025005,0.025513999,0.024675,0.025044,0.025044,1948134714
2020-09-23,0.024994001,0.026077,0.024711,0.024859,0.024859,2221896912
2020-09-24,0.024863999,0.026193,0.024538999,0.026193,0.026193,1082136389
2020-09-25,0.026238,0.0274,0.025571,0.027151,0.027151,1950671093
2020-09-26,0.027155001,0.028875999,0.027110999,0.027251,0.027251,1742286537
2020-09-27,0.027207,0.027482999,0.026091,0.026589001,0.026589001,1707161011
2020-09-28,0.026604,0.027093001,0.026273999,0.026309,0.026309,1564086685
2020-09-29,0.026258999,0.026393,0.025565,0.0263,0.0263,1138184315
2020-09-30,0.026325,0.026428999,0.025712,0.026059,0.026059,1147697016
2020-10-01,0.026063999,0.026548,0.025188001,0.025596,0.025596,1221295537
2020-10-02,0.025736,0.026048999,0.024110001,0.025922,0.025922,1262331645
2020-10-03,0.025897,0.028425001,0.025645001,0.027092,0.027092,1528316308
2020-10-04,0.027179001,0.027353,0.025837,0.026361,0.026361,1304049000
2020-10-05,0.026387,0.026660001,0.025885999,0.026443001,0.026443001,1179082884
2020-10-06,0.026425,0.026461,0.025304999,0.02558,0.02558,1299750870
2020-10-07,0.025544001,0.025645001,0.025015,0.025477,0.025477,1067116403
2020-10-08,0.025482999,0.025857,0.025041999,0.025671,0.025671,1188282586
2020-10-09,0.025692999,0.026458001,0.025575999,0.026223,0.026223,1362210231
2020-10-10,0.026202001,0.027278,0.026195001,0.02637,0.02637,1436858808
2020-10-11,0.02636,0.026807999,0.026094001,0.026466999,0.026466999,1114292998
2020-10-12,0.026441,0.027803,0.025697,0.027082,0.027082,1422722056
2020-10-13,0.027086001,0.027275,0.026547,0.026788,0.026788,1240301674
2020-10-14,0.026819,0.02716,0.026412999,0.026827,0.026827,1135266066
2020-10-15,0.026804,0.026804,0.026327001,0.026536001,0.026536001,1067720847
2020-10-16,0.026525,0.026569,0.02533,0.025738999,0.025738999,1076494690
2020-10-17,0.025743,0.026033999,0.025562,0.025746001,0.025746001,783849476
2020-10-18,0.025753999,0.025978001,0.025667001,0.025936,0.025936,741735960
2020-10-19,0.025951,0.026098,0.025658,0.025861001,0.025861001,970398128
2020-10-20,0.025861001,0.028631,0.025289999,0.026012,0.026012,1752177516
2020-10-21,0.026007,0.027133999,0.025970999,0.026721001,0.026721001,1217457321
2020-10-22,0.026713001,0.027329,0.026703,0.027042,0.027042,1141772374
2020-10-23,0.027053,0.027059,0.026319999,0.026691001,0.026691001,1048646249
2020-10-24,0.026691001,0.027247,0.026573,0.02705,0.02705,923427611
2020-10-25,0.02705,0.027199,0.026644999,0.026935,0.026935,915475862
2020-10-26,0.026935,0.027377,0.026425,0.026761999,0.026761999,1088998065
2020-10-27,0.026761999,0.027141999,0.026611,0.026961001,0.026961001,1010406631
2020-10-28,0.026961001,0.027086999,0.026551001,0.026852001,0.026852001,883960291
2020-10-29,0.026852001,0.027187999,0.026357999,0.026489999,0.026489999,942916978
2020-10-30,0.026489999,0.026575999,0.025320999,0.025626,0.025626,910069440
2020-10-31,0.025626,0.026556,0.025427001,0.025769999,0.025769999,934899053
2020-11-01,0.025821,0.02593,0.025485,0.025727,0.025727,740672528
2020-11-02,0.025727,0.025892001,0.02438,0.024433,0.024433,909137322
2020-11-03,0.024433,0.02447,0.023169,0.024416,0.024416,953218599
2020-11-04,0.024416,0.024416,0.023801001,0.024196001,0.024196001,858371148
2020-11-05,0.024196999,0.025041999,0.024089999,0.024962001,0.024962001,809301894
2020-11-06,0.024961,0.026064999,0.02492,0.026064999,0.026064999,876674156
2020-11-07,0.026064999,0.026629999,0.024533,0.02492,0.02492,952470345
2020-11-08,0.02492,0.025649,0.024693999,0.025365001,0.025365001,636276784
2020-11-09,0.025365001,0.025633,0.024782,0.024811,0.024811,835050949
2020-11-10,0.024812,0.025288999,0.024706,0.024871999,0.024871999,707887433
2020-11-11,0.024871999,0.025333,0.024871999,0.025054,0.025054,711256095
2020-11-12,0.025054,0.025218001,0.024877001,0.024937,0.024937,719747327
2020-11-13,0.024937,0.025525,0.024879999,0.025405001,0.025405001,653191359
2020-11-14,0.025405001,0.025425,0.025093,0.025191,0.025191,695044806
2020-11-15,0.025191,0.025854001,0.025072999,0.025409,0.025409,726438273
2020-11-16,0.025409,0.025838001,0.025233001,0.025596,0.025596,643168772
2020-11-17,0.025869999,0.026621001,0.025753999,0.026467999,0.026467999,892680900
2020-11-18,0.026467999,0.027077001,0.025251999,0.026822001,0.026822001,1224808279
2020-11-19,0.026822001,0.026874,0.025371,0.025801999,0.025801999,843848867
2020-11-20,0.025801999,0.026523,0.025796,0.02627,0.02627,910566105
2020-11-21,0.02627,0.030479001,0.026205,0.030335,0.030335,1971506924
2020-11-22,0.030335,0.030671,0.027479,0.028698999,0.028698999,1963692552
2020-11-23,0.028698999,0.031674001,0.028293001,0.031672999,0.031672999,1693209297
2020-11-24,0.031679001,0.038743999,0.031555001,0.035066999,0.035066999,2856540897
2020-11-25,0.035076998,0.037284002,0.032074999,0.033105999,0.033105999,2303332553
2020-11-26,0.033098001,0.033812001,0.027474999,0.029386999,0.029386999,2248209134
2020-11-27,0.029398,0.030166,0.028261,0.029363001,0.029363001,1242017588
2020-11-28,0.029367,0.031156,0.028717,0.030435,0.030435,1124450214
2020-11-29,0.030438,0.031176999,0.029642001,0.030699,0.030699,893286078
2020-11-30,0.030701,0.032857001,0.030358,0.03232,0.03232,1234758185
2020-12-01,0.03232,0.033996001,0.029694,0.030277001,0.030277001,1616257102
2020-12-02,0.03028,0.031304002,0.029912001,0.031196,0.031196,840203817
2020-12-03,0.031204,0.031907,0.030854,0.031640999,0.031640999,673624677
2020-12-04,0.031643,0.0317,0.029196,0.029553,0.029553,823071021
2020-12-05,0.029548001,0.030588999,0.029267,0.030572001,0.030572001,684866342
2020-12-06,0.030572001,0.030990999,0.030105,0.030925,0.030925,716011957
2020-12-07,0.030919001,0.030982001,0.02998,0.030316999,0.030316999,614032135
2020-12-08,0.030316001,0.030316001,0.027628001,0.027849,0.027849,780286048
2020-12-09,0.027848,0.028847,0.027077001,0.02871,0.02871,888645741
2020-12-10,0.028709,0.028797001,0.027837999,0.028146001,0.028146001,581956183
2020-12-11,0.028142,0.028192,0.027279999,0.027819,0.027819,604593707
2020-12-12,0.027814001,0.028764,0.027789,0.028572001,0.028572001,599944339
2020-12-13,0.028574999,0.029647,0.028492,0.029184001,0.029184001,507399199
2020-12-14,0.029188,0.029193999,0.028665001,0.029088,0.029088,458112630
2020-12-15,0.029085999,0.029495001,0.028803,0.029206,0.029206,650311170
2020-12-16,0.029209999,0.031177999,0.028860001,0.031176001,0.031176001,760891772
2020-12-17,0.031191001,0.032363001,0.030486001,0.030708,0.030708,1226706409
2020-12-18,0.030711001,0.031362999,0.030141,0.031113001,0.031113001,816502608
2020-12-19,0.03111,0.031957,0.030902,0.031289998,0.031289998,615092281
2020-12-20,0.031284001,0.032676,0.030605,0.031225,0.031225,976931379
2020-12-21,0.031229001,0.031806,0.029181,0.029379999,0.029379999,947004005
2020-12-22,0.029369,0.029564001,0.027881,0.028894,0.028894,974116414
2020-12-23,0.028879,0.029006001,0.024134001,0.02482,0.02482,1027482138
2020-12-24,0.024828,0.027697001,0.024274001,0.027697001,0.027697001,999870120
2020-12-25,0.027693,0.029395999,0.027119,0.028496999,0.028496999,1092567729
2020-12-26,0.028503001,0.028573999,0.027316,0.027737999,0.027737999,841956308
2020-12-27,0.027742,0.030818,0.026837001,0.028845999,0.028845999,1395277093
2020-12-28,0.028856,0.030243,0.028649,0.029532,0.029532,977375508
2020-12-29,0.029531,0.030153001,0.026566001,0.027690001,0.027690001,1222238399
2020-12-30,0.027690001,0.027842,0.026513999,0.026945001,0.026945001,1108455178
2020-12-31,0.026944,0.027000999,0.026168,0.026833,0.026833,861613319
2021-01-01,0.026830999,0.027332,0.026577,0.026939999,0.026939999,740550356
2021-01-02,0.026934,0.027915999,0.026613999,0.027218999,0.027218999,980910324
2021-01-03,0.027225999,0.030022999,0.026605999,0.029495001,0.029495001,1496675629
2021-01-04,0.029526001,0.032173999,0.027265999,0.030853,0.030853,1768802420
2021-01-05,0.03084,0.030896001,0.027245,0.028632,0.028632,1715256508
2021-01-06,0.028638,0.030939,0.028026,0.030515,0.030515,1636410063
2021-01-07,0.030528,0.033330001,0.030167,0.031067999,0.031067999,2184194025
2021-01-08,0.03108,0.031272002,0.028937001,0.030613,0.030613,1816169856
2021-01-09,0.030608,0.035618,0.029701,0.034026001,0.034026001,1942464523
2021-01-10,0.034033,0.036706001,0.031461999,0.032935001,0.032935001,2238339640
2021-01-11,0.032924999,0.032924999,0.027109001,0.028963,0.028963,1859950567
2021-01-12,0.028956,0.030308999,0.028024999,0.028558001,0.028558001,1940236521
2021-01-13,0.028553,0.030196,0.027833,0.030196,0.030196,1188664735
2021-01-14,0.030198,0.030933,0.029385,0.03001,0.03001,1226382496
2021-01-15,0.030029001,0.031277001,0.028618,0.029789999,0.029789999,1414993857
2021-01-16,0.029782001,0.031045999,0.029527999,0.030153001,0.030153001,1279285483
2021-01-17,0.030144,0.030583,0.029256999,0.030141,0.030141,1011001496
2021-01-18,0.03015,0.032141,0.029744999,0.031617999,0.031617999,1114043435
2021-01-19,0.03162,0.032196,0.030754,0.030792,0.030792,1107368899
2021-01-20,0.030771,0.031137001,0.029244,0.030507,0.030507,1172430542
2021-01-21,0.030510999,0.030531,0.027704,0.027704,0.027704,1322491373
2021-01-22,0.027694,0.028944001,0.026435999,0.028638,0.028638,1501863627
2021-01-23,0.028623,0.029438,0.028161,0.029186999,0.029186999,911280721
2021-01-24,0.029193999,0.030637,0.029042,0.03002,0.03002,1013208322
2021-01-25,0.030015999,0.032402001,0.029536,0.029557999,0.029557999,1443220944
2021-01-26,0.029550999,0.02994,0.028611001,0.029513,0.029513,899192285
2021-01-27,0.029511999,0.029517001,0.027609,0.028325001,0.028325001,1150116667
2021-01-28,0.028322,0.029947,0.028062001,0.029648,0.029648,765734319
2021-01-29,0.030029001,0.042851999,0.029379999,0.033296,0.033296,4817781094
2021-01-30,0.033314999,0.03345,0.030786,0.032028001,0.032028001,1966189340
2021-01-31,0.032035999,0.034531001,0.031030999,0.031603001,0.031603001,1825939148
2021-02-01,0.031592999,0.034687001,0.031273998,0.032926999,0.032926999,1907823432
2021-02-02,0.032930002,0.033431001,0.032354999,0.033153001,0.033153001,1453404854
2021-02-03,0.033156998,0.035117999,0.033156998,0.034439001,0.034439001,1315556227
2021-02-04,0.03444,0.034593999,0.032348,0.033174001,0.033174001,1585497411
2021-02-05,0.033167999,0.036416002,0.033107001,0.036256,0.036256,1696796527
2021-02-06,0.036244001,0.036263,0.033693999,0.035106,0.035106,1882492650
2021-02-07,0.035105001,0.037152,0.034166001,0.035971999,0.035971999,1871100821
2021-02-08,0.035958,0.041666999,0.035317,0.040546,0.040546,2844000480
2021-02-09,0.040529002,0.049557,0.040397,0.046034001,0.046034001,4192383244
2021-02-10,0.045988999,0.049322002,0.041854002,0.046188999,0.046188999,2971214151
2021-02-11,0.04617,0.058612,0.044778001,0.057064001,0.057064001,3849219974
2021-02-12,0.057025999,0.057457,0.052134998,0.055321999,0.055321999,3474527931
2021-02-13,0.055316001,0.060718998,0.051902998,0.059615999,0.059615999,3469891543
2021-02-14,0.059615999,0.059921,0.052533001,0.055544,0.055544,3066907831
2021-02-15,0.055504002,0.056070998,0.046755999,0.050746001,0.050746001,3539421366
2021-02-16,0.050701998,0.055011,0.049585,0.052173998,0.052173998,2771063532
2021-02-17,0.052191999,0.053725999,0.049146999,0.052604001,0.052604001,2330164000
2021-02-18,0.052593999,0.055525001,0.052329998,0.054988999,0.054988999,1707823236
2021-02-19,0.054993998,0.063850001,0.054226998,0.06103,0.06103,3547291765
2021-02-20,0.060977999,0.063474,0.055778001,0.058040999,0.058040999,3088402642
2021-02-21,0.057994001,0.061133001,0.056646001,0.059468001,0.059468001,2152212761
2021-02-22,0.059459001,0.059478,0.048546001,0.054375999,0.054375999,2903206916
2021-02-23,0.054364,0.054398999,0.038775999,0.04479,0.04479,3354811856
2021-02-24,0.044817001,0.049736999,0.043439999,0.048028,0.048028,2381928515
2021-02-25,0.048018001,0.049908001,0.045201,0.045205001,0.045205001,1421732750
2021-02-26,0.045258,0.046790998,0.042615,0.045173001,0.045173001,1888660788
2021-02-27,0.045196,0.048266999,0.045196,0.046606001,0.046606001,1364941497
2021-02-28,0.046606001,0.046835002,0.043363001,0.045646999,0.045646999,1696557291
2021-03-01,0.04566,0.04809,0.045148998,0.047818001,0.047818001,1633969210
2021-03-02,0.047811002,0.048843,0.045584001,0.046849001,0.046849001,1404555443
2021-03-03,0.046854999,0.049633998,0.046668999,0.049082,0.049082,1291298206
2021-03-04,0.049056999,0.053335,0.048579,0.051380001,0.051380001,2912170556
2021-03-05,0.051371999,0.051444001,0.048703998,0.050269,0.050269,1536724580
2021-03-06,0.050274,0.050737999,0.048927002,0.05029,0.05029,1188435802
2021-03-07,0.050285999,0.051824,0.050124999,0.051722001,0.051722001,1052201573
2021-03-08,0.051709,0.053227,0.050388001,0.052813001,0.052813001,1675275515
2021-03-09,0.052839998,0.053481001,0.052134,0.053173002,0.053173002,1369429281
2021-03-10,0.053174,0.053335998,0.050887998,0.051516999,0.051516999,1560251407
2021-03-11,0.051484,0.051839001,0.049809001,0.051506002,0.051506002,1375292625
2021-03-12,0.051514,0.051686998,0.04905,0.050042,0.050042,1348994992
2021-03-13,0.050048001,0.053920999,0.048987001,0.052815001,0.052815001,2098551189
2021-03-14,0.052824002,0.053739998,0.051112,0.051300999,0.051300999,1468032009
2021-03-15,0.051290002,0.052110001,0.048723001,0.050840002,0.050840002,1793092433
2021-03-16,0.05082,0.052992001,0.049302001,0.052297,0.052297,1736903544
2021-03-17,0.052312002,0.055511001,0.052018002,0.054974999,0.054974999,2149834412
2021-03-18,0.054935001,0.055195,0.052944999,0.053578001,0.053578001,1367777853
2021-03-19,0.053571001,0.059641,0.052622002,0.058793001,0.058793001,2078396867
2021-03-20,0.058798999,0.068285003,0.058798999,0.061080001,0.061080001,4489856636
2021-03-21,0.061083999,0.064329997,0.058888,0.063295998,0.063295998,2696917321
2021-03-22,0.063322999,0.066202,0.059452001,0.059764002,0.059764002,2264417503
2021-03-23,0.059734002,0.061686002,0.057828002,0.05883,0.05883,2098616731
2021-03-24,0.058804002,0.062116001,0.05525,0.056079,0.056079,2379532803
2021-03-25,0.056040999,0.056336999,0.053677998,0.055622,0.055622,2012758050
2021-03-26,0.055605002,0.065986998,0.055452999,0.064900003,0.064900003,3063327253
2021-03-27,0.064892001,0.067668997,0.063166998,0.063790001,0.063790001,2597894844
2021-03-28,0.063780002,0.064824998,0.062463,0.063562997,0.063562997,1522344813
2021-03-29,0.063592002,0.065805003,0.063399002,0.064791001,0.064791001,1402334471
2021-03-30,0.064796999,0.066716,0.064355999,0.066086002,0.066086002,1764948843
2021-03-31,0.066087998,0.096789002,0.065760002,0.092312001,0.092312001,11940378031
2021-04-01,0.092564002,0.094600998,0.083333999,0.086120002,0.086120002,6635312741
2021-04-02,0.086102001,0.093043,0.084879003,0.092551999,0.092551999,4510763618
2021-04-03,0.092615001,0.111164,0.088744998,0.102072,0.102072,9374928775
2021-04-04,0.102101,0.12947001,0.101279,0.129373,0.129373,11560343178
2021-04-05,0.12932099,0.14914601,0.129123,0.13672499,0.13672499,13973157818
2021-04-06,0.136989,0.138585,0.111889,0.124374,0.124374,10316828261
2021-04-07,0.124153,0.125944,0.10416,0.110282,0.110282,9491738033
2021-04-08,0.110677,0.125571,0.110625,0.12307,0.12307,6339334762
2021-04-09,0.123107,0.124811,0.114702,0.115934,0.115934,3535987595
2021-04-10,0.115942,0.127434,0.113069,0.125983,0.125983,4226862320
2021-04-11,0.126398,0.12680601,0.118111,0.122353,0.122353,3489511001
2021-04-12,0.122297,0.137109,0.121904,0.129048,0.129048,6239467781
2021-04-13,0.12871499,0.15516999,0.128273,0.14629801,0.14629801,8237122751
2021-04-14,0.146449,0.156093,0.13321,0.14069401,0.14069401,7445604413
2021-04-15,0.140531,0.16857401,0.13644999,0.16464999,0.16464999,8681561025
2021-04-16,0.164327,0.17772301,0.13618501,0.16208901,0.16208901,9411593702
2021-04-17,0.16160201,0.179934,0.154469,0.157435,0.157435,7661537252
2021-04-18,0.157326,0.158415,0.12493,0.14287899,0.14287899,7549173251
2021-04-19,0.143079,0.14777,0.129866,0.13023899,0.13023899,5266036570
2021-04-20,0.12991001,0.13480601,0.117601,0.133035,0.133035,5231143613
2021-04-21,0.132965,0.135327,0.122897,0.12308,0.12308,3024231904
2021-04-22,0.122809,0.129519,0.109532,0.11013,0.11013,4066582030
2021-04-23,0.11015,0.112377,0.091017,0.109025,0.109025,6294975868
2021-04-24,0.109104,0.114285,0.102281,0.102706,0.102706,3719956116
2021-04-25,0.102652,0.109817,0.096836001,0.101471,0.101471,2540298957
2021-04-26,0.101684,0.117295,0.100364,0.117295,0.117295,2892838739
2021-04-27,0.117363,0.128731,0.115612,0.12579399,0.12579399,3041272610
2021-04-28,0.125935,0.12964401,0.116533,0.122684,0.122684,2371003551
2021-04-29,0.122777,0.12525,0.117767,0.121265,0.121265,1872811999
2021-04-30,0.121249,0.132927,0.118948,0.132229,0.132229,2368983198
2021-05-01,0.132365,0.133449,0.127611,0.131108,0.131108,1935148532
2021-05-02,0.131055,0.132121,0.125542,0.127653,0.127653,1746230679
2021-05-03,0.127648,0.136429,0.12747,0.131614,0.131614,2740304989
2021-05-04,0.131698,0.13176601,0.118138,0.119394,0.119394,2897234578
2021-05-05,0.119182,0.14635301,0.117878,0.14635301,0.14635301,5159319860
2021-05-06,0.14649101,0.15803599,0.13785399,0.15177301,0.15177301,6468289634
2021-05-07,0.152031,0.16916201,0.139634,0.14768,0.14768,6775689483
2021-05-08,0.147588,0.152767,0.141513,0.14311101,0.14311101,3500456762
2021-05-09,0.143023,0.145679,0.135309,0.142875,0.142875,3448515635
2021-05-10,0.142924,0.148139,0.122047,0.127159,0.127159,4063896699
2021-05-11,0.127138,0.139302,0.121564,0.138826,0.138826,4099303989
2021-05-12,0.138895,0.14712,0.118699,0.118699,0.118699,4360921578
2021-05-13,0.119222,0.126589,0.108053,0.121473,0.121473,4797998918
2021-05-14,0.121527,0.128167,0.119432,0.124776,0.124776,3126225399
2021-05-15,0.124794,0.126966,0.118339,0.120691,0.120691,3290167007
2021-05-16,0.120554,0.13111299,0.114885,0.119506,0.119506,3644579995
2021-05-17,0.119571,0.119635,0.108732,0.11287,0.11287,3088970039
2021-05-18,0.112694,0.119929,0.112041,0.116386,0.116386,2432893290
2021-05-19,0.116495,0.117895,0.064525999,0.079332002,0.079332002,4661555306
2021-05-20,0.079010002,0.093151003,0.073717996,0.089597002,0.089597002,2897823918
2021-05-21,0.089249,0.093225002,0.071370997,0.077921003,0.077921003,2636925196
2021-05-22,0.078054003,0.079190999,0.071171001,0.075359002,0.075359002,1963047915
2021-05-23,0.075428002,0.077160999,0.055725999,0.063180998,0.063180998,2311184087
2021-05-24,0.062988997,0.076880001,0.061990999,0.076723002,0.076723002,2612529960
2021-05-25,0.076977998,0.080916002,0.071675003,0.077280998,0.077280998,2517356854
2021-05-26,0.077253997,0.084412001,0.076141,0.083241001,0.083241001,2452202470
2021-05-27,0.083251998,0.083278999,0.076760001,0.079150997,0.079150997,1881157842
2021-05-28,0.079410002,0.080023997,0.070349999,0.072086997,0.072086997,1935535999
2021-05-29,0.072076999,0.074429996,0.067194998,0.068783,0.068783,1715969409
2021-05-30,0.068763003,0.073145002,0.066653997,0.072035998,0.072035998,1308704706
2021-05-31,0.071997002,0.076920003,0.069879003,0.076920003,0.076920003,1317577084
2021-06-01,0.076862998,0.077497996,0.073752001,0.076136,0.076136,1680627011
2021-06-02,0.076154001,0.079562999,0.074593998,0.078041002,0.078041002,1309569035
2021-06-03,0.078074999,0.082493,0.077237003,0.082119003,0.082119003,1309491953
2021-06-04,0.082209997,0.082891002,0.073997997,0.077252001,0.077252001,1607401363
2021-06-05,0.077234,0.079813004,0.074312001,0.075595997,0.075595997,1256512914
2021-06-06,0.075563997,0.077514999,0.075395003,0.077506997,0.077506997,941526755
2021-06-07,0.077526003,0.078613997,0.071359001,0.071621001,0.071621001,1014355949
2021-06-08,0.071748003,0.073248997,0.067367002,0.072632998,0.072632998,1564333796
2021-06-09,0.072531,0.075374998,0.070110999,0.075374998,0.075374998,1277102996
2021-06-10,0.075379997,0.077086002,0.071604997,0.072609,0.072609,1488792119
2021-06-11,0.072616003,0.073319003,0.068570003,0.069142997,0.069142997,1257136952
2021-06-12,0.069211997,0.069211997,0.065817997,0.068118997,0.068118997,949381460
2021-06-13,0.068108998,0.071854003,0.066642001,0.071556002,0.071556002,927457428
2021-06-14,0.071514003,0.072866999,0.070052996,0.072251998,0.072251998,937971750
2021-06-15,0.072017998,0.073161997,0.070975997,0.072550997,0.072550997,997561624
2021-06-16,0.071777001,0.072747998,0.068533003,0.068916999,0.068916999,1076935627
2021-06-17,0.068928003,0.073949002,0.068788998,0.073821999,0.073821999,1048499053
2021-06-18,0.073896997,0.074762002,0.068363003,0.069583997,0.069583997,1070084460
2021-06-19,0.069623001,0.070253,0.068437003,0.068722002,0.068722002,767687152
2021-06-20,0.068481997,0.068697996,0.063426003,0.067832999,0.067832999,838602860
2021-06-21,0.067688003,0.068016,0.053427,0.053583998,0.053583998,1389817967
2021-06-22,0.05353,0.056368999,0.046820998,0.05094,0.05094,1562546370
2021-06-23,0.051022001,0.057822999,0.049479999,0.055721998,0.055721998,1250973341
2021-06-24,0.057983,0.067925997,0.057845,0.066024996,0.066024996,1612558750
2021-06-25,0.066114001,0.068471998,0.060171999,0.061601002,0.061601002,1546113262
2021-06-26,0.061469,0.062941998,0.058942001,0.062696002,0.062696002,1048264489
2021-06-27,0.062774003,0.064916998,0.061085999,0.064779997,0.064779997,839958642
2021-06-28,0.064795002,0.066536002,0.064286001,0.065231003,0.065231003,801639183
2021-06-29,0.065307997,0.069838002,0.065204002,0.067690998,0.067690998,1159746648
2021-06-30,0.067919999,0.068705998,0.063917004,0.068145998,0.068145998,1247099128
2021-07-01,0.068191998,0.068203002,0.063782997,0.064893998,0.064893998,1006008727
2021-07-02,0.064808004,0.066592999,0.063368998,0.066512004,0.066512004,849413564
2021-07-03,0.066565998,0.067336999,0.065282002,0.066813,0.066813,732889830
2021-07-04,0.066834003,0.068181999,0.065113001,0.067298003,0.067298003,844766257
2021-07-05,0.067330003,0.067344002,0.063690998,0.064574003,0.064574003,798184866
2021-07-06,0.064548999,0.066368997,0.064010002,0.064934999,0.064934999,699504111
2021-07-07,0.064975001,0.065972999,0.064291,0.064295001,0.064295001,742194463
2021-07-08,0.064369999,0.064479001,0.060341001,0.061122,0.061122,862275730
2021-07-09,0.061025999,0.062555,0.059177,0.062178001,0.062178001,657442032
2021-07-10,0.062196001,0.062992997,0.060777999,0.061377998,0.061377998,580818168
2021-07-11,0.061407998,0.062540002,0.060697999,0.061822999,0.061822999,576300878
2021-07-12,0.061854001,0.062856004,0.059594002,0.060224,0.060224,629129064
2021-07-13,0.060146999,0.060727999,0.058793999,0.059339002,0.059339002,572600864
2021-07-14,0.059381999,0.060268,0.056976002,0.059868999,0.059868999,648866442
2021-07-15,0.059900001,0.060695998,0.057082999,0.057716001,0.057716001,679113077
2021-07-16,0.057822,0.058789998,0.055682998,0.055682998,0.055682998,661820828
2021-07-17,0.055645,0.056687001,0.054850001,0.055994999,0.055994999,653077710
2021-07-18,0.056005001,0.057477001,0.055505998,0.056051001,0.056051001,571783731
2021-07-19,0.055989999,0.056274999,0.053369001,0.053449001,0.053449001,613695394
2021-07-20,0.053465001,0.054233,0.049167,0.050558001,0.050558001,629142805
2021-07-21,0.050514001,0.055183999,0.049796999,0.053823002,0.053823002,784720302
2021-07-22,0.053849999,0.055356,0.053020999,0.055282,0.055282,653910002
2021-07-23,0.055289,0.056216002,0.053803999,0.056026999,0.056026999,631144957
2021-07-24,0.055987,0.057987001,0.055796001,0.057347,0.057347,626451716
2021-07-25,0.057348002,0.058107998,0.055920001,0.057879999,0.057879999,653096000
2021-07-26,0.057914,0.063392997,0.057725001,0.058554001,0.058554001,1123235539
2021-07-27,0.058494002,0.060681,0.056968,0.060178999,0.060178999,951725023
2021-07-28,0.060247,0.061826002,0.059712,0.060516998,0.060516998,897792708
2021-07-29,0.060653999,0.062297001,0.059760001,0.061772,0.061772,751987635
2021-07-30,0.061866999,0.063271999,0.059903,0.063271999,0.063271999,820238094
2021-07-31,0.063217998,0.064698003,0.062415998,0.064094998,0.064094998,848178786
2021-08-01,0.064005002,0.066791996,0.062555,0.063317999,0.063317999,895682088
2021-08-02,0.063247003,0.065687999,0.062344,0.064691998,0.064691998,820616993
2021-08-03,0.064676002,0.065429002,0.062946998,0.063922003,0.063922003,902977989
2021-08-04,0.064021997,0.067937002,0.063593,0.067394003,0.067394003,855161197
2021-08-05,0.067392997,0.070837997,0.067261003,0.070134997,0.070134997,1224102604
2021-08-06,0.070153996,0.072438002,0.069934003,0.071883,0.071883,987326057
2021-08-07,0.071934,0.076481,0.071886003,0.075156003,0.075156003,1198065274
2021-08-08,0.075274996,0.075976998,0.070846997,0.071864001,0.071864001,1225411721
2021-08-09,0.071898997,0.074758999,0.069807999,0.074034996,0.074034996,1152810402
2021-08-10,0.073963001,0.075583003,0.072306,0.074658997,0.074658997,1122106248
2021-08-11,0.074629001,0.086332999,0.074299999,0.083388001,0.083388001,2180294801
2021-08-12,0.083508,0.091082998,0.080712996,0.084138997,0.084138997,2191704712
2021-08-13,0.084236003,0.089521997,0.083609998,0.089427002,0.089427002,1446124467
2021-08-14,0.089511,0.093222998,0.087038003,0.092660002,0.092660002,1470697878
2021-08-15,0.092703,0.095045999,0.089428999,0.093098,0.093098,1558230624
2021-08-16,0.093001999,0.096510999,0.088779002,0.089662999,0.089662999,1621564865
2021-08-17,0.089405,0.092154004,0.084936,0.085148998,0.085148998,1310914121
2021-08-18,0.085119002,0.087442003,0.081552997,0.084762998,0.084762998,1118460118
2021-08-19,0.084660001,0.088206999,0.081781998,0.088206999,0.088206999,1125639333
2021-08-20,0.088218004,0.090607002,0.086493,0.090567,0.090567,1021270866
2021-08-21,0.090627,0.090627,0.087820001,0.088004,0.088004,987580081
2021-08-22,0.088062003,0.090062998,0.086139999,0.088111997,0.088111997,825816856
2021-08-23,0.088059001,0.091410004,0.087820001,0.089942999,0.089942999,1256305126
2021-08-24,0.090000004,0.090985999,0.084063001,0.084619999,0.084619999,1430714354
2021-08-25,0.084712997,0.087661996,0.083094001,0.087429002,0.087429002,1155743063
2021-08-26,0.087566003,0.088342004,0.082249001,0.083169997,0.083169997,1219048378
2021-08-27,0.083132997,0.088267997,0.081634,0.088267997,0.088267997,1218334793
2021-08-28,0.088330999,0.088751003,0.086452,0.088296004,0.088296004,1007304615
2021-08-29,0.088356003,0.090246998,0.086966,0.088591002,0.088591002,1213189319
2021-08-30,0.088573001,0.088896997,0.085892998,0.086190999,0.086190999,1097597074
2021-08-31,0.086207002,0.090547003,0.085226998,0.088812001,0.088812001,1469838770
2021-09-01,0.088816002,0.095213003,0.087344997,0.095110998,0.095110998,1414699568
2021-09-02,0.095096998,0.101854,0.094397999,0.099926002,0.099926002,1827683179
2021-09-03,0.099620998,0.105843,0.097796999,0.101519,0.101519,2084965478
2021-09-04,0.101491,0.103438,0.099491999,0.101669,0.101669,1487349617
2021-09-05,0.101513,0.105184,0.101191,0.105147,0.105147,1471892049
2021-09-06,0.105214,0.107251,0.101372,0.103712,0.103712,1516943299
2021-09-07,0.103745,0.105824,0.078055002,0.085275002,0.085275002,2481055300
2021-09-08,0.085329004,0.096633002,0.083678,0.092797004,0.092797004,3850532893
2021-09-09,0.091049999,0.094479002,0.090412997,0.093024001,0.093024001,1691771918
2021-09-10,0.093033001,0.095774002,0.086623996,0.090873003,0.090873003,1973955943
2021-09-11,0.090829,0.097010002,0.090579003,0.095399998,0.095399998,2021046580
2021-09-12,0.095556997,0.117832,0.094026998,0.112668,0.112668,4555490083
2021-09-13,0.112479,0.116707,0.099652998,0.104793,0.104793,3258032453
2021-09-14,0.104728,0.120196,0.104248,0.118268,0.118268,3737125575
2021-09-15,0.11829,0.122687,0.113607,0.120918,0.120918,2536911743
2021-09-16,0.120719,0.122041,0.112371,0.116088,0.116088,2135501641
2021-09-17,0.116027,0.120474,0.103663,0.105164,0.105164,2589661092
2021-09-18,0.105221,0.109141,0.103587,0.105934,0.105934,1423069244
2021-09-19,0.105834,0.107314,0.102568,0.103744,0.103744,1197742964
2021-09-20,0.103739,0.103778,0.089975998,0.090944,0.090944,2287314375
2021-09-21,0.091426998,0.095633,0.087260999,0.088238001,0.088238001,1968682256
2021-09-22,0.088146999,0.098837003,0.086727999,0.098771997,0.098771997,1543235375
2021-09-23,0.098784,0.10058,0.096280999,0.099206001,0.099206001,1221757467
2021-09-24,0.099255003,0.099440999,0.086381003,0.092330001,0.092330001,1725865390
2021-09-25,0.092354,0.093741,0.089538999,0.090682,0.090682,1339568978
2021-09-26,0.090724997,0.090871997,0.083582997,0.087715998,0.087715998,1583621546
2021-09-27,0.087828003,0.090595998,0.08602,0.086080998,0.086080998,1359027319
2021-09-28,0.086051002,0.087249003,0.083065003,0.083145,0.083145,1284143801
2021-09-29,0.083145,0.087936997,0.082670003,0.085946001,0.085946001,1177606321
2021-09-30,0.085860997,0.089621998,0.085559003,0.089426003,0.089426003,1021905677
2021-10-01,0.089469001,0.094732001,0.088644996,0.094732001,0.094732001,1244241400
2021-10-02,0.094803996,0.095903002,0.092474997,0.093626998,0.093626998,1035214700
2021-10-03,0.093543001,0.096617997,0.092752002,0.094981,0.094981,1058942942
2021-10-04,0.095013,0.095160998,0.090263002,0.093506999,0.093506999,1221597030
2021-10-05,0.093488999,0.098467998,0.092993997,0.096183002,0.096183002,1803369231
2021-10-06,0.096220002,0.096970998,0.091275997,0.095521003,0.095521003,1713306308
2021-10-07,0.095500998,0.098287001,0.09347,0.095513999,0.095513999,1627469794
2021-10-08,0.095469996,0.099367,0.095325999,0.097669996,0.097669996,1430548633
2021-10-09,0.097681999,0.105416,0.097245,0.10287,0.10287,1790421869
2021-10-10,0.103014,0.103024,0.097370997,0.097747996,0.097747996,1221386238
2021-10-11,0.097653002,0.10093,0.095326997,0.097162001,0.097162001,1100623957
2021-10-12,0.097221002,0.097221002,0.09161,0.095509,0.095509,1280870343
2021-10-13,0.095489003,0.098015003,0.093516998,0.097993001,0.097993001,1241862431
2021-10-14,0.097903997,0.099499002,0.096527003,0.097158998,0.097158998,1165003317
2021-10-15,0.097294003,0.102746,0.095325999,0.098503999,0.098503999,1591245618
2021-10-16,0.098577999,0.100944,0.098236002,0.098690003,0.098690003,1082612429
2021-10-17,0.098632999,0.102059,0.096547,0.098690003,0.098690003,1170758481
2021-10-18,0.098743998,0.099352002,0.097065002,0.098140001,0.098140001,1157169880
2021-10-19,0.098140001,0.100929,0.097860999,0.100609,0.100609,1326434459
2021-10-20,0.10059,0.106019,0.100161,0.103064,0.103064,1749882996
2021-10-21,0.103211,0.105865,0.099522002,0.099522002,0.099522002,1598864313
2021-10-22,0.099624999,0.102015,0.098687999,0.099826001,0.099826001,1398644864
2021-10-23,0.099817,0.101235,0.098899998,0.10074,0.10074,1247898652
2021-10-24,0.100755,0.101508,0.097351998,0.099234,0.099234,1212237562
2021-10-25,0.099163003,0.101465,0.098764002,0.100708,0.100708,1715400596
2021-10-26,0.100682,0.105593,0.100378,0.101189,0.101189,2887926661
2021-10-27,0.101152,0.102679,0.089112997,0.090705998,0.090705998,2319437826
2021-10-28,0.090666004,0.096235,0.090666004,0.095369004,0.095369004,2730738901
2021-10-29,0.095374003,0.099446997,0.094752997,0.099439003,0.099439003,2503779170
2021-10-30,0.09945,0.104538,0.097898997,0.101127,0.101127,2853009501
2021-10-31,0.101193,0.102365,0.097709,0.101527,0.101527,2663826401
2021-11-01,0.101542,0.102007,0.098177001,0.100548,0.100548,1724266847
2021-11-02,0.100565,0.110433,0.099891998,0.107395,0.107395,2695125439
2021-11-03,0.107416,0.109262,0.102384,0.105863,0.105863,2736243802
2021-11-04,0.10591,0.10721,0.101839,0.103427,0.103427,1970446437
2021-11-05,0.103417,0.10619,0.102336,0.103719,0.103719,1693587971
2021-11-06,0.103638,0.104331,0.099664003,0.102594,0.102594,1701272409
2021-11-07,0.102658,0.104981,0.102214,0.104585,0.104585,1778269192
2021-11-08,0.104635,0.110013,0.104635,0.109963,0.109963,2551114894
2021-11-09,0.109989,0.115429,0.108629,0.114433,0.114433,3034203511
2021-11-10,0.114394,0.117489,0.103328,0.106788,0.106788,3282293457
2021-11-11,0.10678,0.1105,0.105099,0.109251,0.109251,2482719187
2021-11-12,0.109033,0.110693,0.104837,0.107874,0.107874,2509218666
2021-11-13,0.107983,0.113893,0.107503,0.112631,0.112631,2990220769
2021-11-14,0.112614,0.117355,0.110655,0.116947,0.116947,2500811809
2021-11-15,0.117071,0.12907299,0.115833,0.123602,0.123602,3649274121
2021-11-16,0.124056,0.124056,0.105925,0.109496,0.109496,3293527272
2021-11-17,0.109504,0.113676,0.108024,0.111222,0.111222,2346982289
2021-11-18,0.111219,0.112548,0.099760003,0.100435,0.100435,2368557261
2021-11-19,0.100364,0.105721,0.098188996,0.104012,0.104012,2635327807
2021-11-20,0.104,0.105796,0.101732,0.105113,0.105113,2327286906
2021-11-21,0.10526,0.109724,0.104516,0.106877,0.106877,2241989309
2021-11-22,0.106681,0.107132,0.101245,0.101817,0.101817,2354774655
2021-11-23,0.101896,0.103516,0.101211,0.102827,0.102827,2197249733
2021-11-24,0.102892,0.103863,0.096372999,0.100695,0.100695,2117457455
2021-11-25,0.097888999,0.101251,0.097227,0.098454997,0.098454997,1744005441
2021-11-26,0.100178,0.101323,0.090498,0.091923997,0.091923997,2710143957
2021-11-27,0.092238002,0.095432997,0.091894001,0.093440004,0.093440004,1974830154
2021-11-28,0.093524002,0.095261,0.089810997,0.095103003,0.095103003,2625603057
2021-11-29,0.095224999,0.09725,0.094380997,0.096661001,0.096661001,2047489953
2021-11-30,0.096612997,0.099932,0.095142998,0.096610002,0.096610002,2394129999
2021-12-01,0.096492998,0.100627,0.095843002,0.096900001,0.096900001,1783980402
2021-12-02,0.096917003,0.098333001,0.095192,0.097415,0.097415,2248113731
2021-12-03,0.097539999,0.1019,0.093639001,0.093893997,0.093893997,2566234254
2021-12-04,0.094062999,0.094062999,0.073918998,0.086897001,0.086897001,2809805061
2021-12-05,0.086925998,0.087935999,0.082323,0.084328003,0.084328003,1832487822
2021-12-06,0.084366001,0.087599002,0.079080001,0.087384999,0.087384999,2399893667
2021-12-07,0.087600999,0.092735998,0.086900003,0.090204999,0.090204999,1742062753
2021-12-08,0.090078004,0.093888,0.089905001,0.092456996,0.092456996,1627161249
2021-12-09,0.092289999,0.093351997,0.088656999,0.088780999,0.088780999,1298412035
2021-12-10,0.088785,0.093005002,0.087683,0.087944001,0.087944001,1120007632
2021-12-11,0.087962002,0.091920003,0.086815998,0.091614,0.091614,1013565432
2021-12-12,0.091573998,0.092408001,0.089893997,0.091136001,0.091136001,845372145
2021-12-13,0.091150999,0.091691002,0.084288999,0.085009001,0.085009001,1140985647
2021-12-14,0.085005999,0.087344997,0.084004,0.085588999,0.085588999,1563260445
2021-12-15,0.087160997,0.088756002,0.083154999,0.087587997,0.087587997,1603110499
2021-12-16,0.087609999,0.088069998,0.085226998,0.085427001,0.085427001,1466076994
2021-12-17,0.085389003,0.085937001,0.078644998,0.079691,0.079691,2402612047
2021-12-18,0.079676002,0.082323,0.078785002,0.080435,0.080435,1171642825
2021-12-19,0.080471002,0.081756003,0.079485998,0.079526,0.079526,775625741
2021-12-20,0.079476997,0.080135003,0.074891001,0.077514,0.077514,1457312918
2021-12-21,0.077514,0.079363003,0.077031001,0.078895003,0.078895003,1151321730
2021-12-22,0.078946002,0.080370001,0.078486003,0.079120003,0.079120003,1049649725
2021-12-23,0.079167001,0.082737997,0.078116998,0.082641996,0.082641996,1114421110
2021-12-24,0.082764998,0.083224997,0.080426,0.080920003,0.080920003,1037349824
2021-12-25,0.080931,0.082272999,0.080225997,0.081497997,0.081497997,1251308755
2021-12-26,0.081496,0.081945002,0.079844996,0.081575997,0.081575997,1023229636
2021-12-27,0.081560999,0.082730003,0.080949999,0.081001997,0.081001997,1004525114
2021-12-28,0.081132002,0.081145003,0.077022001,0.077258997,0.077258997,1416238066
2021-12-29,0.077248,0.080031,0.076242,0.076466002,0.076466002,1316794811
2021-12-30,0.076526001,0.078598,0.075755,0.077923998,0.077923998,1152092093
2021-12-31,0.077908002,0.078778997,0.073853001,0.075397,0.075397,1295328486
2022-01-01,0.075398996,0.076792002,0.075368002,0.076609999,0.076609999,1207176771
2022-01-02,0.076609999,0.078295998,0.076263003,0.077781998,0.077781998,1361260678
2022-01-03,0.077777997,0.078048997,0.076476,0.077081002,0.077081002,1342568593
2022-01-04,0.077081002,0.078005999,0.076076001,0.076200001,0.076200001,1287549032
2022-01-05,0.076204002,0.077336997,0.069980003,0.071382001,0.071382001,1548312023
2022-01-06,0.071373001,0.071494997,0.069673002,0.071111999,0.071111999,1852557542
2022-01-07,0.071106002,0.071180001,0.067125998,0.068126,0.068126,1606695992
2022-01-08,0.068148002,0.069131002,0.064328,0.065722004,0.065722004,1054607408
2022-01-09,0.065727003,0.067336001,0.065245003,0.066266999,0.066266999,888640481
2022-01-10,0.066266999,0.066881001,0.061652999,0.063565001,0.063565001,1210963183
2022-01-11,0.063551001,0.065599002,0.063147001,0.064934,0.064934,993256206
2022-01-12,0.064935997,0.068285003,0.064935997,0.068062998,0.068062998,793399590
2022-01-13,0.068066001,0.068475001,0.066260003,0.066272996,0.066272996,1064293958
2022-01-14,0.066271998,0.068317004,0.066068001,0.067666002,0.067666002,1245430751
2022-01-15,0.067670003,0.069264002,0.067250997,0.068544,0.068544,745432667
2022-01-16,0.068536997,0.07023,0.068336003,0.069872998,0.069872998,795161568
2022-01-17,0.069881,0.072223999,0.069145001,0.070791997,0.070791997,1187460204
2022-01-18,0.070800997,0.071258999,0.067713998,0.068484999,0.068484999,1136342399
2022-01-19,0.068494998,0.069572002,0.066538997,0.069280997,0.069280997,1076902669
2022-01-20,0.069261,0.071946003,0.067726001,0.067737997,0.067737997,771683932
2022-01-21,0.067755997,0.068635002,0.060017001,0.060908001,0.060908001,1380540047
2022-01-22,0.060945,0.061902002,0.053275999,0.056685999,0.056685999,1742549671
2022-01-23,0.056706,0.058460999,0.055718001,0.057573002,0.057573002,1128920315
2022-01-24,0.057579,0.057597,0.051371001,0.055043001,0.055043001,1622227424
2022-01-25,0.055047002,0.056035999,0.054448001,0.055875,0.055875,1109217822
2022-01-26,0.055868,0.058692001,0.055521,0.056267001,0.056267001,1020554347
2022-01-27,0.056253001,0.057115,0.054644,0.056403,0.056403,740762468
2022-01-28,0.056403998,0.057643,0.055946,0.057592999,0.057592999,608753944
2022-01-29,0.057592001,0.060275,0.057197999,0.060268,0.060268,693230761
2022-01-30,0.060286,0.06047,0.058377001,0.058734,0.058734,539574622
2022-01-31,0.058735002,0.059308,0.056834001,0.059140999,0.059140999,779591396
2022-02-01,0.059137002,0.060192998,0.058954999,0.059866998,0.059866998,735081397
2022-02-02,0.059866,0.061494,0.058600001,0.058646001,0.058646001,740774665
2022-02-03,0.058626998,0.059659,0.058456,0.059659,0.059659,849458813
2022-02-04,0.059655,0.064424001,0.059655,0.064409003,0.064409003,955304604
2022-02-05,0.064410999,0.066077001,0.063607998,0.064759001,0.064759001,866798264
2022-02-06,0.064759001,0.066256002,0.064579003,0.066206001,0.066206001,670345285
2022-02-07,0.066205002,0.069222003,0.065330997,0.068562001,0.068562001,904658907
2022-02-08,0.068576999,0.070116997,0.066878997,0.068149,0.068149,1032224697
2022-02-09,0.068131998,0.070058003,0.067530997,0.069820002,0.069820002,1096017424
2022-02-10,0.069824003,0.071557999,0.068641998,0.068659998,0.068659998,1231341478
2022-02-11,0.068659,0.068659,0.063529,0.064048,0.064048,1361740340
2022-02-12,0.064046003,0.065067001,0.062484,0.063487999,0.063487999,1088288712
2022-02-13,0.063476004,0.064966001,0.063331001,0.064464003,0.064464003,971646317
2022-02-14,0.064430997,0.065381996,0.063435003,0.064548999,0.064548999,858657148
2022-02-15,0.064544,0.066945001,0.064448997,0.066846997,0.066846997,925056523
2022-02-16,0.066853002,0.066896997,0.065655001,0.066471003,0.066471003,895487514
2022-02-17,0.066449001,0.067088999,0.062304001,0.062479999,0.062479999,1053177299
2022-02-18,0.062503003,0.064030997,0.062330998,0.063147001,0.063147001,891046818
2022-02-19,0.063147001,0.064358003,0.063033998,0.063556001,0.063556001,753293121
2022-02-20,0.063547999,0.063552,0.061186999,0.062066,0.062066,901307183
2022-02-21,0.062058002,0.063639998,0.059597,0.059625,0.059625,1208227105
2022-02-22,0.059622999,0.062711999,0.059383001,0.062664002,0.062664002,1008773090
2022-02-23,0.062660001,0.063796997,0.060966,0.060966,0.060966,987073097
2022-02-24,0.060956001,0.061347,0.056453001,0.061121002,0.061121002,1307665649
2022-02-25,0.061127,0.062734,0.055899002,0.059496,0.059496,1432622630
2022-02-26,0.059502002,0.061480001,0.058917999,0.059530001,0.059530001,946242863
2022-02-27,0.059533,0.060727999,0.057588998,0.058053002,0.058053002,1374458612
2022-02-28,0.058038,0.061953001,0.057613999,0.061749,0.061749,971123894
2022-03-01,0.061751999,0.062789001,0.061186001,0.062125001,0.062125001,803573245
2022-03-02,0.062128998,0.062840998,0.061023999,0.061510999,0.061510999,724474999
2022-03-03,0.06151,0.061616,0.05931,0.059964001,0.059964001,641921174
2022-03-04,0.059974998,0.060107,0.057617001,0.058191001,0.058191001,777565049
2022-03-05,0.058205001,0.060849,0.057821002,0.060428001,0.060428001,657435476
2022-03-06,0.060435001,0.060830001,0.058887001,0.05892,0.05892,758260527
2022-03-07,0.058917001,0.060587998,0.058049999,0.058680002,0.058680002,893261081
2022-03-08,0.058678001,0.061009001,0.058566999,0.060543999,0.060543999,1091513262
2022-03-09,0.060552001,0.062555999,0.060451001,0.060841002,0.060841002,1111369248
2022-03-10,0.060839999,0.060839999,0.057944,0.059868999,0.059868999,1114796677
2022-03-11,0.059870999,0.060826,0.059064001,0.060267001,0.060267001,958304319
2022-03-12,0.060268998,0.060676001,0.05965,0.059675001,0.059675001,662171997
2022-03-13,0.059668001,0.060233999,0.059032001,0.059363,0.059363,680268525
2022-03-14,0.059356999,0.060398001,0.059034999,0.060143001,0.060143001,824441089
2022-03-15,0.060141999,0.06067,0.059650999,0.060501002,0.060501002,744609517
2022-03-16,0.060497999,0.061471,0.059610002,0.061083999,0.061083999,826564020
2022-03-17,0.061085999,0.061097998,0.060685001,0.060796998,0.060796998,522659354
2022-03-18,0.060791001,0.061747,0.060146,0.061689001,0.061689001,631362750
2022-03-19,0.061678998,0.062139999,0.061345,0.061909001,0.061909001,696942473
2022-03-20,0.061896998,0.062433001,0.060927998,0.061438002,0.061438002,919041984
2022-03-21,0.061439998,0.061815999,0.060908999,0.061781999,0.061781999,926959844
2022-03-22,0.061774999,0.063754,0.061671,0.063408002,0.063408002,1002011711
2022-03-23,0.063413002,0.064838998,0.063288003,0.064336002,0.064336002,896960807
2022-03-24,0.064335003,0.065794997,0.063886002,0.065571003,0.065571003,953255096
2022-03-25,0.065575004,0.066551998,0.064075001,0.064466,0.064466,793393593
2022-03-26,0.064467996,0.066161998,0.064001001,0.066161998,0.066161998,977050307
2022-03-27,0.066173002,0.069264002,0.066014998,0.069169998,0.069169998,1325490972
2022-03-28,0.069150999,0.071920998,0.068645,0.069081001,0.069081001,1246959758
2022-03-29,0.06904,0.072327003,0.068588004,0.069381997,0.069381997,1007120138
2022-03-30,0.069385,0.074193999,0.067798004,0.073086999,0.073086999,1790649644
2022-03-31,0.073114999,0.079297997,0.073114999,0.073876001,0.073876001,2057808251
2022-04-01,0.073909998,0.075034,0.071661003,0.074894004,0.074894004,1135129855
2022-04-02,0.074899003,0.076350003,0.073221996,0.073250003,0.073250003,1022431667
2022-04-03,0.073237002,0.073645003,0.072244003,0.073158003,0.073158003,949584135
2022-04-04,0.073146001,0.073146001,0.069132,0.070816003,0.070816003,1513711813
2022-04-05,0.070809998,0.071704999,0.069401003,0.069426998,0.069426998,1507602616
2022-04-06,0.069421999,0.069421999,0.063262999,0.063285999,0.063285999,1529128179
2022-04-07,0.063290998,0.064769998,0.063010998,0.064429998,0.064429998,971910242
2022-04-08,0.064425997,0.065141,0.062245,0.062518999,0.062518999,872570450
2022-04-09,0.062523,0.063979998,0.062449001,0.063965999,0.063965999,1129762089
2022-04-10,0.063965999,0.064184003,0.062444001,0.062535003,0.062535003,1102729641
2022-04-11,0.062515996,0.062551998,0.057985,0.058226999,0.058226999,1069383981
2022-04-12,0.058242999,0.060377002,0.058095999,0.059955999,0.059955999,1043273712
2022-04-13,0.059946999,0.061515,0.059443001,0.061515,0.061515,1020106607
2022-04-14,0.061503999,0.061875999,0.059581999,0.060132001,0.060132001,1055022478
2022-04-15,0.060134001,0.062167,0.060019001,0.061889,0.061889,1031895769
2022-04-16,0.061891999,0.062201999,0.061110999,0.061960001,0.061960001,875267945
2022-04-17,0.061955001,0.062850997,0.060157999,0.060238998,0.060238998,1112760166
2022-04-18,0.060242001,0.061625,0.059098002,0.061561,0.061561,1069156318
2022-04-19,0.061561,0.063562997,0.061218001,0.063368,0.063368,968416694
2022-04-20,0.063340999,0.063387997,0.061934002,0.062642001,0.062642001,982946556
2022-04-21,0.062638998,0.074119002,0.062555,0.071456999,0.071456999,3205960176
2022-04-22,0.071400002,0.072051004,0.066682003,0.06679,0.06679,1803457516
2022-04-23,0.066783004,0.069118001,0.066699997,0.067652002,0.067652002,859038929
2022-04-24,0.067653999,0.067859001,0.064929001,0.065696999,0.065696999,731832317
2022-04-25,0.065701999,0.065734997,0.061923001,0.065330997,0.065330997,822895494
2022-04-26,0.065323003,0.065546997,0.061764002,0.061919998,0.061919998,759564577
2022-04-27,0.061926,0.063631997,0.061852001,0.063221,0.063221,769914329
2022-04-28,0.063215002,0.064049996,0.062586002,0.063752003,0.063752003,750546636
2022-04-29,0.063744001,0.069665,0.062985003,0.063533999,0.063533999,1446734275
2022-04-30,0.063538,0.065164998,0.062116999,0.062766999,0.062766999,1060740399
2022-05-01,0.062765002,0.071497001,0.061990999,0.070905998,0.070905998,1781670101
2022-05-02,0.070903003,0.073393002,0.064871997,0.068788998,0.068788998,1653747358
2022-05-03,0.068793997,0.074859999,0.068488002,0.072336003,0.072336003,1731810530
2022-05-04,0.072351001,0.086251996,0.070225999,0.086249001,0.086249001,2980152527
2022-05-05,0.086254001,0.089119002,0.071994998,0.074584998,0.074584998,2820369694
2022-05-06,0.074579999,0.087788999,0.073169999,0.086175002,0.086175002,3585606184
2022-05-07,0.086243004,0.087881997,0.080489002,0.083264999,0.083264999,3071282411
2022-05-08,0.083295003,0.090869002,0.080684997,0.087526999,0.087526999,2832185588
2022-05-09,0.087549999,0.087820999,0.072672002,0.073262997,0.073262997,2918306329
2022-05-10,0.073247001,0.082055002,0.072030999,0.076998003,0.076998003,2462951535
2022-05-11,0.076972,0.081814997,0.063630998,0.074473001,0.074473001,4142562948
2022-05-12,0.074473999,0.078904003,0.066124,0.067403004,0.067403004,2368941622
2022-05-13,0.067377999,0.076292999,0.066753998,0.074207,0.074207,1476857085
2022-05-14,0.074211001,0.075932004,0.071043,0.072500996,0.072500996,1027296113
2022-05-15,0.072490998,0.072490998,0.068094999,0.072357997,0.072357997,870741567
2022-05-16,0.072361,0.072366998,0.067516997,0.069087997,0.069087997,855280675
2022-05-17,0.069107004,0.073593996,0.069036998,0.072292998,0.072292998,952468477
2022-05-18,0.072278,0.072732002,0.069553003,0.070974,0.070974,882600967
2022-05-19,0.070978001,0.074551001,0.070242003,0.073608004,0.073608004,1024380447
2022-05-20,0.07361,0.07491,0.070284002,0.071350999,0.071350999,1027930564
2022-05-21,0.071354002,0.075433999,0.070607997,0.074069999,0.074069999,762864621
2022-05-22,0.074070998,0.078396998,0.073687002,0.078130998,0.078130998,893396754
2022-05-23,0.078128003,0.082278997,0.075969003,0.076282002,0.076282002,1295306336
2022-05-24,0.076279998,0.082652003,0.076155998,0.080606997,0.080606997,1477540632
2022-05-25,0.080596,0.085963003,0.080238,0.084629998,0.084629998,1379210475
2022-05-26,0.084665,0.086245,0.079681002,0.082369998,0.082369998,1876632595
2022-05-27,0.082336001,0.083433002,0.078709997,0.080622002,0.080622002,1464024903
2022-05-28,0.080223002,0.082443997,0.079177998,0.081254996,0.081254996,895921518
2022-05-29,0.081254996,0.082160003,0.078870997,0.080507003,0.080507003,744344490
2022-05-30,0.080504999,0.084238,0.080307998,0.083259001,0.083259001,930393865
2022-05-31,0.083250001,0.084191002,0.079651996,0.084191002,0.084191002,983838110
2022-06-01,0.084172003,0.090939,0.082180001,0.083474003,0.083474003,1758857734
2022-06-02,0.083471,0.085350998,0.081403002,0.084219001,0.084219001,1015848750
2022-06-03,0.084230997,0.086060002,0.080673002,0.081143998,0.081143998,806751464
2022-06-04,0.081153996,0.081324004,0.077215001,0.080366999,0.080366999,871853678
2022-06-05,0.080370001,0.082428999,0.079373002,0.081426002,0.081426002,598654849
2022-06-06,0.081433997,0.084739,0.081207998,0.081704997,0.081704997,779535719
2022-06-07,0.081702001,0.083003998,0.079026997,0.082013004,0.082013004,908038206
2022-06-08,0.082006998,0.082493998,0.079742998,0.080637001,0.080637001,817566177
2022-06-09,0.080641001,0.081736997,0.080096997,0.080976002,0.080976002,699118760
2022-06-10,0.080972999,0.081522003,0.078929998,0.078943998,0.078943998,768679902
2022-06-11,0.078953996,0.080222003,0.074955001,0.075947002,0.075947002,781940113
2022-06-12,0.075983003,0.078459002,0.074372001,0.076422997,0.076422997,976987397
2022-06-13,0.076410003,0.076504998,0.061268002,0.063794002,0.063794002,2287620588
2022-06-14,0.063804001,0.064562999,0.052398998,0.055785999,0.055785999,1822789352
2022-06-15,0.055753998,0.063525997,0.047439002,0.062932998,0.062932998,2755308725
2022-06-16,0.062940001,0.065295003,0.058511999,0.05909,0.05909,1183929294
2022-06-17,0.059094999,0.062724002,0.058835998,0.059873998,0.059873998,762884513
2022-06-18,0.059875999,0.061988998,0.057236001,0.060922999,0.060922999,1028383584
2022-06-19,0.060906999,0.062733002,0.058793999,0.061494999,0.061494999,852991390
2022-06-20,0.061452001,0.061861999,0.059586,0.061152,0.061152,646782356
2022-06-21,0.061144002,0.066578001,0.060998999,0.064846002,0.064846002,729139975
2022-06-22,0.064874999,0.065613002,0.06312,0.063124999,0.063124999,556844383
2022-06-23,0.063120998,0.064461999,0.062070001,0.063747004,0.063747004,470843937
2022-06-24,0.063743003,0.066614002,0.063637003,0.065900996,0.065900996,588393543
2022-06-25,0.065906003,0.066197,0.063758001,0.064914003,0.064914003,450270261
2022-06-26,0.064902,0.065817997,0.064149998,0.064963996,0.064963996,429015922
2022-06-27,0.064971998,0.070051,0.064934,0.067071997,0.067071997,783335544
2022-06-28,0.067065001,0.068122,0.065390997,0.066037998,0.066037998,711602626
2022-06-29,0.066033997,0.066468999,0.064170003,0.064829998,0.064829998,633531668
2022-06-30,0.064833,0.065808997,0.062337,0.064755,0.064755,772177738
2022-07-01,0.064792,0.066160001,0.064219996,0.064943999,0.064943999,775984995
2022-07-02,0.064967997,0.065375999,0.064438999,0.064765997,0.064765997,448329134
2022-07-03,0.064769,0.066307001,0.062560998,0.066246003,0.066246003,593842787
2022-07-04,0.066242002,0.067543,0.065623,0.067238003,0.067238003,587238127
2022-07-05,0.067244001,0.068843,0.066657998,0.068194002,0.068194002,645612237
2022-07-06,0.068203002,0.068444997,0.066885002,0.067585997,0.067585997,549364122
2022-07-07,0.067585997,0.068781003,0.066339999,0.068644002,0.068644002,602740360
2022-07-08,0.068641998,0.069650002,0.067745,0.069022,0.069022,642392688
2022-07-09,0.069029003,0.071186997,0.069029003,0.069833003,0.069833003,523762966
2022-07-10,0.069835,0.069932997,0.067285001,0.067647003,0.067647003,536501465
2022-07-11,0.067626998,0.067674004,0.064588003,0.064718001,0.064718001,501527155
2022-07-12,0.064717002,0.065682001,0.064534999,0.064644001,0.064644001,522121126
2022-07-13,0.064645998,0.066243999,0.063772,0.066243,0.066243,647000670
2022-07-14,0.066243999,0.067390002,0.065180004,0.066881999,0.066881999,550380240
2022-07-15,0.066877,0.067805,0.066591002,0.067070998,0.067070998,480306925
2022-07-16,0.067071997,0.069231004,0.066150002,0.068897001,0.068897001,536372612
2022-07-17,0.068907,0.069273002,0.067422003,0.067427002,0.067427002,487931457
2022-07-18,0.067431003,0.070517004,0.067351997,0.069077998,0.069077998,695038392
2022-07-19,0.069039002,0.069700003,0.067749999,0.069141999,0.069141999,673459607
2022-07-20,0.069142997,0.070262998,0.067487001,0.067605004,0.067605004,620662504
2022-07-21,0.067606002,0.068230003,0.066555001,0.068031996,0.068031996,513203358
2022-07-22,0.068028003,0.069027998,0.066716,0.067054003,0.067054003,467189246
2022-07-23,0.067047998,0.067860998,0.066128001,0.066959001,0.066959001,425003130
2022-07-24,0.06696,0.067772001,0.066771001,0.066944003,0.066944003,436083112
2022-07-25,0.066947997,0.066988997,0.063836001,0.063855,0.063855,522131861
2022-07-26,0.063835002,0.065338999,0.063138001,0.065338999,0.065338999,470056536
2022-07-27,0.065341003,0.068664998,0.065140001,0.068664998,0.068664998,583569484
2022-07-28,0.068666004,0.070303001,0.067635998,0.069756001,0.069756001,681131771
2022-07-29,0.069752999,0.071658,0.068449996,0.069289997,0.069289997,697922778
2022-07-30,0.069291003,0.071158998,0.069118001,0.069142997,0.069142997,558691097
2022-07-31,0.069150999,0.070762001,0.068743996,0.068943001,0.068943001,492358498
2022-08-01,0.068935998,0.071349002,0.068409003,0.069936998,0.069936998,496002227
2022-08-02,0.069939002,0.070405997,0.067924999,0.068373002,0.068373002,494878828
2022-08-03,0.068377003,0.069169,0.067418002,0.067824997,0.067824997,372209995
2022-08-04,0.067823,0.069426,0.067697003,0.068944,0.068944,388332214
2022-08-05,0.068939,0.070056997,0.068350002,0.069828004,0.069828004,354133861
2022-08-06,0.069828004,0.070547,0.069426998,0.069472,0.069472,292783849
2022-08-07,0.069479004,0.070200004,0.069209002,0.069633,0.069633,280333476
2022-08-08,0.069633,0.071013004,0.069623001,0.070110001,0.070110001,330352594
2022-08-09,0.070106,0.070895001,0.068338998,0.068474002,0.068474002,381450851
2022-08-10,0.068475001,0.070361003,0.068034999,0.070321999,0.070321999,374260298
2022-08-11,0.070317,0.071046002,0.070083,0.070331,0.070331,375233195
2022-08-12,0.070327997,0.070667997,0.069462001,0.070450999,0.070450999,348132540
2022-08-13,0.070454001,0.071170002,0.069674999,0.069904,0.069904,341923295
2022-08-14,0.069911003,0.072145998,0.069647998,0.0704,0.0704,449741205
2022-08-15,0.070403002,0.071047999,0.068402998,0.068935998,0.068935998,427093950
2022-08-16,0.068922997,0.070362002,0.068472996,0.069715999,0.069715999,395283023
2022-08-17,0.069719002,0.070864998,0.068038002,0.068218999,0.068218999,420544638
2022-08-18,0.068235002,0.068534002,0.067442998,0.067442998,0.067442998,380890835
2022-08-19,0.067440003,0.067445002,0.064021997,0.064081997,0.064081997,511432500
2022-08-20,0.064079002,0.065789998,0.064079002,0.065788999,0.065788999,366457637
2022-08-21,0.065780997,0.066307999,0.064795002,0.065982997,0.065982997,338437993
2022-08-22,0.065981999,0.066203997,0.064631,0.065559998,0.065559998,372955310
2022-08-23,0.065559998,0.066696003,0.064962998,0.066257998,0.066257998,478282039
2022-08-24,0.066252999,0.066343002,0.064838,0.064852998,0.064852998,444387152
2022-08-25,0.064856,0.065733999,0.064820997,0.065502003,0.065502003,401181549
2022-08-26,0.065493003,0.0656,0.061546002,0.061648,0.061648,580164367
2022-08-27,0.061650001,0.062971003,0.061241001,0.062899999,0.062899999,420606764
2022-08-28,0.062902004,0.063116997,0.061471,0.061471,0.061471,296252044
2022-08-29,0.061469,0.063382998,0.061067,0.063360997,0.063360997,373308078
2022-08-30,0.063362002,0.066542998,0.062962003,0.064695999,0.064695999,683289145
2022-08-31,0.064700998,0.06549,0.063336,0.063406996,0.063406996,425044110
2022-09-01,0.063410997,0.063674003,0.062162001,0.063249998,0.063249998,387409445
2022-09-02,0.063243002,0.063530996,0.062376998,0.062592998,0.062592998,358864875
2022-09-03,0.062590003,0.063111998,0.062479999,0.063111998,0.063111998,260862804
2022-09-04,0.063120998,0.063597001,0.062651999,0.063519999,0.063519999,269500806
2022-09-05,0.063519001,0.063589998,0.062527001,0.062955,0.062955,322145597
2022-09-06,0.062959,0.063996002,0.060648002,0.060764998,0.060764998,465026871
2022-09-07,0.060757,0.061873,0.060221002,0.061818998,0.061818998,399831007
2022-09-08,0.061815001,0.061870001,0.060187999,0.061228,0.061228,455218021
2022-09-09,0.06123,0.063615002,0.061186001,0.063415997,0.063415997,462054727
2022-09-10,0.063418001,0.064682998,0.06312,0.064668998,0.064668998,425003560
2022-09-11,0.064668,0.064925998,0.063669004,0.064098001,0.064098001,359330842
2022-09-12,0.064095996,0.064661004,0.063248001,0.063823,0.063823,430598942
2022-09-13,0.063819997,0.063882001,0.060649,0.061096001,0.061096001,408384338
2022-09-14,0.060727,0.061703,0.060649,0.061608002,0.061608002,348252168
2022-09-15,0.061606999,0.061907999,0.060679,0.061253,0.061253,397542060
2022-09-16,0.061257001,0.061578002,0.060736001,0.061292,0.061292,351830909
2022-09-17,0.061294999,0.062293999,0.061292998,0.062288001,0.062288001,262000923
2022-09-18,0.062286001,0.062578,0.060858998,0.060876001,0.060876001,313019265
2022-09-19,0.060869001,0.061179999,0.059418999,0.060334999,0.060334999,403942833
2022-09-20,0.060320999,0.060605999,0.059521001,0.059748001,0.059748001,353093809
2022-09-21,0.059748001,0.061172001,0.058848001,0.059193999,0.059193999,431504689
2022-09-22,0.059181001,0.060334999,0.058835998,0.060260002,0.060260002,359264471
2022-09-23,0.060260002,0.061115,0.059360001,0.060447,0.060447,376538249
2022-09-24,0.060446002,0.060860999,0.059680998,0.059870999,0.059870999,300528950
2022-09-25,0.059868,0.060268998,0.059528999,0.059726998,0.059726998,267696551
2022-09-26,0.059732001,0.059847001,0.059039999,0.059548002,0.059548002,378865177
2022-09-27,0.059547,0.060814001,0.059103001,0.059409998,0.059409998,347069034
2022-09-28,0.059401002,0.059861001,0.058522001,0.059595,0.059595,350944981
2022-09-29,0.059597,0.061802,0.059390001,0.061032001,0.061032001,425995005
2022-09-30,0.061034001,0.062233001,0.060380001,0.061014,0.061014,450033099
2022-10-01,0.061007999,0.061388001,0.060171001,0.060474999,0.060474999,292352772
2022-10-02,0.060477,0.061849002,0.060449,0.060879,0.060879,388404433
2022-10-03,0.060883,0.061462998,0.060826998,0.061393999,0.061393999,318156914
2022-10-04,0.061392002,0.062431,0.061110001,0.062320001,0.062320001,302584824
2022-10-05,0.062316999,0.062648997,0.061988,0.062426001,0.062426001,290676174
2022-10-06,0.062430002,0.063134998,0.062091,0.062784001,0.062784001,344121613
2022-10-07,0.062785998,0.063216999,0.062111001,0.062499002,0.062499002,299943015
2022-10-08,0.062498,0.062700003,0.061895002,0.062072001,0.062072001,252050650
2022-10-09,0.062068999,0.062739,0.061999001,0.062426999,0.062426999,226469326
2022-10-10,0.062428001,0.064924002,0.062341001,0.062831998,0.062831998,565904749
2022-10-11,0.062824003,0.062824003,0.061326001,0.061627001,0.061627001,352174118
2022-10-12,0.061632998,0.064318001,0.061253,0.061776001,0.061776001,475164602
2022-10-13,0.06177,0.062192,0.059508,0.061009001,0.061009001,484368346
2022-10-14,0.061007001,0.065006003,0.060825001,0.063941002,0.063941002,698236582
2022-10-15,0.063965999,0.064939998,0.061818998,0.061822999,0.061822999,476732078
2022-10-16,0.061824001,0.061990999,0.061283998,0.061820999,0.061820999,300535408
2022-10-17,0.061820999,0.062928997,0.061737001,0.062665001,0.062665001,350961967
2022-10-18,0.062666997,0.062931001,0.06177,0.062169999,0.062169999,334605707
2022-10-19,0.062167998,0.063022003,0.061774999,0.061783001,0.061783001,384236864
2022-10-20,0.061778001,0.062609002,0.061590999,0.062213,0.062213,309499843
2022-10-21,0.062210999,0.062844999,0.060848001,0.061662,0.061662,335452050
2022-10-22,0.061661001,0.061951999,0.061248999,0.061640002,0.061640002,255324499
2022-10-23,0.061639,0.061955001,0.061172999,0.06188,0.06188,275426762
2022-10-24,0.061880998,0.061972,0.061292998,0.061365001,0.061365001,281871241
2022-10-25,0.061361998,0.062830001,0.061214998,0.062412001,0.062412001,318898262
2022-10-26,0.062403999,0.063700996,0.062323999,0.063432001,0.063432001,365580095
2022-10-27,0.063435003,0.064090997,0.062808998,0.062978998,0.062978998,359452196
2022-10-28,0.062978998,0.063725002,0.062702999,0.063561998,0.063561998,320154857
2022-10-29,0.063562997,0.064424999,0.063516997,0.064180002,0.064180002,362144152
2022-10-30,0.064176999,0.064724997,0.063019998,0.063135996,0.063135996,324343312
2022-10-31,0.063134998,0.063337997,0.062498,0.063308001,0.063308001,349700848
2022-11-01,0.063298002,0.063395001,0.062587999,0.062815003,0.062815003,300855552
2022-11-02,0.062812999,0.062992997,0.061512999,0.061561,0.061561,394994112
2022-11-03,0.061563,0.062401999,0.061507002,0.061788999,0.061788999,335386203
2022-11-04,0.061771002,0.063753001,0.061597999,0.063753001,0.063753001,356635032
2022-11-05,0.063754998,0.064684004,0.063451998,0.063591003,0.063591003,370671030
2022-11-06,0.063594997,0.065237001,0.062680997,0.062752999,0.062752999,392399490
2022-11-07,0.062749997,0.062965997,0.061903,0.062279999,0.062279999,348936354
2022-11-08,0.062268998,0.062933996,0.057167999,0.058763001,0.058763001,934087523
2022-11-09,0.058759,0.064577997,0.053077001,0.053537998,0.053537998,1840550752
2022-11-10,0.053530999,0.060403001,0.05277,0.057723999,0.057723999,1717038445
2022-11-11,0.057721,0.057925001,0.054478001,0.05587,0.05587,632540724
2022-11-12,0.055879999,0.055980999,0.053057998,0.054949,0.054949,436532708
2022-11-13,0.054953001,0.056164,0.050604999,0.050891001,0.050891001,656554023
2022-11-14,0.050887,0.052464001,0.045798,0.050113998,0.050113998,1022630202
2022-11-15,0.050112002,0.051577002,0.049495999,0.050671,0.050671,482268226
2022-11-16,0.050671,0.05116,0.049603,0.050207999,0.050207999,400076924
2022-11-17,0.050207999,0.050365999,0.049038999,0.050046001,0.050046001,332743394
2022-11-18,0.050044999,0.050974,0.050039999,0.050666001,0.050666001,283468072
2022-11-19,0.050664999,0.052528001,0.050574999,0.052161999,0.052161999,319861070
2022-11-20,0.052163001,0.052361999,0.049865998,0.050035998,0.050035998,270430040
2022-11-21,0.050032001,0.051431,0.049361002,0.051408,0.051408,513977626
2022-11-22,0.051401,0.052448999,0.049114998,0.050625,0.050625,659551825
2022-11-23,0.050624002,0.051785,0.050257999,0.051736999,0.051736999,404275672
2022-11-24,0.051739,0.053555999,0.051467001,0.052887999,0.052887999,396895080
2022-11-25,0.052882001,0.053238999,0.052119002,0.052955002,0.052955002,275859172
2022-11-26,0.052955002,0.053575002,0.05257,0.052788001,0.052788001,214200709
2022-11-27,0.052786,0.054086,0.052786,0.053236999,0.053236999,201816035
2022-11-28,0.053226002,0.053909998,0.052094001,0.053031001,0.053031001,286606539
2022-11-29,0.053034,0.054283001,0.05288,0.053312998,0.053312998,238145016
2022-11-30,0.053314,0.054738,0.053307999,0.054625001,0.054625001,222788976
2022-12-01,0.054625001,0.054962002,0.054083999,0.054154001,0.054154001,197459343
2022-12-02,0.054159001,0.054446001,0.053886,0.054421,0.054421,176550181
2022-12-03,0.054426,0.054547001,0.053583998,0.053638,0.053638,150496348
2022-12-04,0.053638,0.054095998,0.053006001,0.053194001,0.053194001,179442292
2022-12-05,0.05319,0.053716,0.053059999,0.053305,0.053305,216644848
2022-12-06,0.053307001,0.053690001,0.052685998,0.053661998,0.053661998,193239705
2022-12-07,0.053658001,0.053658001,0.052510999,0.053109001,0.053109001,193776336
2022-12-08,0.053109001,0.054492,0.053022999,0.054492,0.054492,164264332
2022-12-09,0.054488,0.054992002,0.054310001,0.054653,0.054653,175235859
2022-12-10,0.054651,0.055289999,0.054651,0.054790001,0.054790001,159988846
2022-12-11,0.054795001,0.054931998,0.053803999,0.053950999,0.053950999,119167446
2022-12-12,0.053948998,0.053948998,0.052108999,0.053505,0.053505,253168878
2022-12-13,0.0535,0.054471001,0.052592002,0.054432999,0.054432999,261654719
2022-12-14,0.054434001,0.057418,0.054434001,0.055666,0.055666,282065146
2022-12-15,0.055659998,0.056026999,0.055229999,0.055774,0.055774,199442912
2022-12-16,0.055773001,0.056102,0.052724998,0.052955002,0.052955002,240564735
2022-12-17,0.052967001,0.054887999,0.052072,0.054871,0.054871,225983901
2022-12-18,0.054868001,0.055055998,0.053442001,0.053787999,0.053787999,167766398
2022-12-19,0.053791001,0.054219998,0.053264,0.053631999,0.053631999,187707442
2022-12-20,0.053631999,0.055163998,0.05356,0.054985002,0.054985002,184653754
2022-12-21,0.054986,0.055415001,0.054629002,0.054846998,0.054846998,137005094
2022-12-22,0.054857001,0.055769999,0.054685,0.055551998,0.055551998,162724426
2022-12-23,0.055553999,0.055675998,0.054189999,0.054235999,0.054235999,149471811
2022-12-24,0.054234002,0.054807998,0.054127,0.054742001,0.054742001,101569505
2022-12-25,0.054740999,0.054864001,0.054258998,0.054814,0.054814,112729218
2022-12-26,0.054818999,0.055,0.054345999,0.054552,0.054552,116647160
2022-12-27,0.054554999,0.05469,0.053784002,0.054106001,0.054106001,146077041
2022-12-28,0.054104999,0.054602001,0.053374998,0.054145001,0.054145001,165230958
2022-12-29,0.054145001,0.054462999,0.053332999,0.054014001,0.054014001,159780714
2022-12-30,0.054012999,0.054444999,0.053647,0.054373998,0.054373998,160347943
2022-12-31,0.054375999,0.055041999,0.054364,0.054499999,0.054499999,128634359
2023-01-01,0.054497998,0.054935999,0.054457001,0.054820001,0.054820001,100273280
2023-01-02,0.054818001,0.055394001,0.054505002,0.055156998,0.055156998,138920680
2023-01-03,0.055158999,0.055495001,0.054788999,0.054832999,0.054832999,130813322
2023-01-04,0.054834001,0.055617999,0.054448001,0.054731999,0.054731999,176956208
2023-01-05,0.054731999,0.054977998,0.053459998,0.053661,0.053661,182910374
2023-01-06,0.05367,0.053886,0.050069999,0.052494001,0.052494001,769019622
2023-01-07,0.052492,0.052813999,0.051493,0.052019,0.052019,277255900
2023-01-08,0.052014001,0.053815,0.051392,0.053815,0.053815,202055018
2023-01-09,0.053895,0.056371,0.053791001,0.054625999,0.054625999,374224118
2023-01-10,0.054623999,0.054903001,0.054005001,0.054781999,0.054781999,196148451
2023-01-11,0.054786999,0.056485999,0.054714002,0.056485999,0.056485999,209852698
2023-01-12,0.056777,0.057257,0.055868,0.057110999,0.057110999,241844702
2023-01-13,0.057110999,0.060465999,0.056910999,0.060010999,0.060010999,258403126
2023-01-14,0.060008999,0.065586999,0.060008999,0.061875001,0.061875001,566265041
2023-01-15,0.061875999,0.062726997,0.060789,0.062355999,0.062355999,266691428
2023-01-16,0.062353,0.063166998,0.061503001,0.062430002,0.062430002,249155140
2023-01-17,0.062431999,0.062493,0.061574999,0.061726,0.061726,214020771
2023-01-18,0.061726,0.062353,0.059002999,0.059002999,0.059002999,260102160
2023-01-19,0.058997001,0.060240999,0.05892,0.060153,0.060153,170235362
2023-01-20,0.060148001,0.062859997,0.059982002,0.062830999,0.062830999,193161022
2023-01-21,0.062824003,0.063096002,0.061726,0.061732002,0.061732002,260535017
2023-01-22,0.061737999,0.062618002,0.060927,0.061678998,0.061678998,209391461
2023-01-23,0.061682001,0.063166998,0.061425999,0.062822998,0.062822998,224484708
2023-01-24,0.062809996,0.063441999,0.059962999,0.060203999,0.060203999,228798004
2023-01-25,0.060208,0.062625997,0.059434999,0.061841998,0.061841998,220414744
2023-01-26,0.061827999,0.062097002,0.061354,0.061730999,0.061730999,189522704
2023-01-27,0.061733998,0.064188004,0.061046999,0.063582003,0.063582003,321741026
2023-01-28,0.063584998,0.063914999,0.062206,0.063092001,0.063092001,232264924
2023-01-29,0.063096002,0.064365998,0.062997997,0.063794002,0.063794002,298809875
2023-01-30,0.063793004,0.063961998,0.061652999,0.062247001,0.062247001,322622838
2023-01-31,0.062249999,0.063042,0.061788,0.06222,0.06222,272093600
2023-02-01,0.062217999,0.063321002,0.061533,0.063193001,0.063193001,281503052
2023-02-02,0.063180998,0.065334,0.063166998,0.063761003,0.063761003,408694985
2023-02-03,0.063758999,0.064712003,0.063619003,0.064121999,0.064121999,331119561
2023-02-04,0.064121999,0.064438999,0.063222997,0.063823998,0.063823998,240138022
2023-02-05,0.063823998,0.065650001,0.063308001,0.064084999,0.064084999,383628012
2023-02-06,0.064090997,0.064448997,0.062896997,0.063193999,0.063193999,263575211
2023-02-07,0.063184001,0.065852001,0.063155003,0.065774001,0.065774001,391361423
2023-02-08,0.065773003,0.069343001,0.065569997,0.066873997,0.066873997,627966026
2023-02-09,0.066871002,0.067024998,0.062125999,0.062614001,0.062614001,649103224
2023-02-10,0.062615998,0.063886002,0.062469002,0.063322999,0.063322999,341903614
2023-02-11,0.063325003,0.064042002,0.063228004,0.063804999,0.063804999,192015517
2023-02-12,0.063799001,0.065077998,0.063669004,0.063836999,0.063836999,188947371
2023-02-13,0.063832,0.065678,0.063199997,0.0656,0.0656,312370710
2023-02-14,0.065598004,0.066825002,0.065187998,0.066745996,0.066745996,278017069
2023-02-15,0.066748001,0.070837997,0.066748001,0.070821002,0.070821002,354951527
2023-02-16,0.070822001,0.071419001,0.066849001,0.066881999,0.066881999,396517012
2023-02-17,0.066875003,0.071484998,0.066648997,0.070456997,0.070456997,367932392
2023-02-18,0.07045,0.071046002,0.069794998,0.070138,0.070138,226753466
2023-02-19,0.070132002,0.071558997,0.069821,0.070385002,0.070385002,227740238
2023-02-20,0.070417002,0.072890997,0.069729,0.071939997,0.071939997,378596767
2023-02-21,0.071935996,0.072035,0.069109999,0.069467001,0.069467001,303772124
2023-02-22,0.069470003,0.069622003,0.068279997,0.069434002,0.069434002,240981973
2023-02-23,0.069433004,0.070354,0.069112003,0.069594003,0.069594003,216718423
2023-02-24,0.069590002,0.069986001,0.067456998,0.067851998,0.067851998,216581383
2023-02-25,0.067855999,0.068746999,0.066932,0.067833997,0.067833997,206862281
2023-02-26,0.067831002,0.069689997,0.067815997,0.069513001,0.069513001,191149284
2023-02-27,0.069510996,0.069656,0.068489,0.069397002,0.069397002,219217373
2023-02-28,0.069403,0.069776997,0.068662003,0.069011003,0.069011003,206608576
2023-03-01,0.069014996,0.070254996,0.068833001,0.069877997,0.069877997,213887807
2023-03-02,0.069876,0.070148997,0.069044001,0.069651,0.069651,208539788
2023-03-03,0.069651,0.069766998,0.06662,0.067158997,0.067158997,262446714
2023-03-04,0.067157,0.067524999,0.066187002,0.066684,0.066684,183966665
2023-03-05,0.066687003,0.067791,0.066582002,0.067256004,0.067256004,164056033
2023-03-06,0.067254998,0.067642003,0.066743001,0.067400999,0.067400999,186105196
2023-03-07,0.067400999,0.067626998,0.065838002,0.066262998,0.066262998,221770992
2023-03-08,0.066262998,0.066514999,0.064887002,0.065260001,0.065260001,211024622
2023-03-09,0.065260999,0.066183001,0.057229999,0.058456998,0.058456998,456504522
2023-03-10,0.058460999,0.058630999,0.055753998,0.057417002,0.057417002,517634913
2023-03-11,0.057424001,0.059292,0.055380002,0.059271999,0.059271999,416436742
2023-03-12,0.059269998,0.064714,0.058940001,0.064709999,0.064709999,347554981
2023-03-13,0.064731002,0.068720996,0.064731002,0.067220002,0.067220002,629423181
2023-03-14,0.067212999,0.069076002,0.066105001,0.067133002,0.067133002,479935465
2023-03-15,0.067143999,0.067941003,0.064401001,0.065312997,0.065312997,351647072
2023-03-16,0.065324001,0.066811003,0.065153003,0.065366998,0.065366998,284940911
2023-03-17,0.065366,0.067946002,0.064999998,0.067795001,0.067795001,298647153
2023-03-18,0.067787997,0.068172999,0.065617003,0.065876998,0.065876998,266466762
2023-03-19,0.065879002,0.067377999,0.065877996,0.066768996,0.066768996,227466259
2023-03-20,0.066760004,0.067079999,0.065072,0.065110996,0.065110996,257085180
2023-03-21,0.065126002,0.067276999,0.065099999,0.067183003,0.067183003,272449145
2023-03-22,0.067178003,0.068122,0.057480998,0.059875,0.059875,656303403
2023-03-23,0.059872001,0.066487998,0.059622001,0.065263003,0.065263003,578593453
2023-03-24,0.065263003,0.065504,0.062922999,0.063442998,0.063442998,326386910
2023-03-25,0.063445002,0.064329997,0.062891997,0.063722998,0.063722998,212310172
2023-03-26,0.063723996,0.064822003,0.063519001,0.064216003,0.064216003,198798457
2023-03-27,0.064218,0.064369,0.062047999,0.063579999,0.063579999,241874730
2023-03-28,0.063579999,0.064444996,0.063382,0.064214997,0.064214997,215581345
2023-03-29,0.064211003,0.065415002,0.064058997,0.064341001,0.064341001,240013427
2023-03-30,0.064343996,0.065341003,0.063837998,0.064819999,0.064819999,258652353
2023-03-31,0.064827003,0.066101998,0.064498,0.065615997,0.065615997,224600778
2023-04-01,0.065614998,0.067088999,0.06543,0.066841997,0.066841997,219808205
2023-04-02,0.066454999,0.066871002,0.064957999,0.065311998,0.065311998,187174703
2023-04-03,0.065301999,0.066146001,0.064397998,0.065761,0.065761,226414717
2023-04-04,0.065756999,0.066742003,0.065677002,0.065783001,0.065783001,228568032
2023-04-05,0.065782003,0.066609003,0.065477997,0.066109002,0.066109002,200006422
2023-04-06,0.066114001,0.066670999,0.065733001,0.066097997,0.066097997,220436025
2023-04-07,0.066096,0.066483997,0.065660998,0.066113003,0.066113003,175108623
2023-04-08,0.06611,0.066566996,0.065810002,0.066152997,0.066152997,161228526
2023-04-09,0.066154003,0.066867001,0.065971002,0.066652,0.066652,160496297
2023-04-10,0.066653997,0.067405,0.066290997,0.067336001,0.067336001,208000060
2023-04-11,0.067337997,0.067694001,0.065677002,0.066431999,0.066431999,314766026
2023-04-12,0.066432998,0.066496998,0.062596001,0.065026,0.065026,263863465
2023-04-13,0.065096997,0.065481,0.064695001,0.065309003,0.065309003,239705567
2023-04-14,0.065310001,0.066887997,0.065250002,0.066257998,0.066257998,249121640
2023-04-15,0.066256002,0.066256002,0.065624997,0.066000998,0.066000998,160719155
2023-04-16,0.065998003,0.066679999,0.065788001,0.066551998,0.066551998,138908766
2023-04-17,0.066552997,0.066616997,0.065494001,0.065784,0.065784,186846117
2023-04-18,0.065784998,0.066798002,0.065665998,0.066762,0.066762,182633505
2023-04-19,0.066763997,0.067117997,0.065105997,0.065848999,0.065848999,284488433
2023-04-20,0.065834999,0.066615,0.064862996,0.065412998,0.065412998,260052069
2023-04-21,0.065412998,0.065958001,0.064393997,0.065001003,0.065001003,203170564
2023-04-22,0.064998001,0.066129997,0.064916,0.066074997,0.066074997,186829871
2023-04-23,0.066073999,0.066954002,0.065710001,0.066676997,0.066676997,179889691
2023-04-24,0.066674002,0.066968001,0.065931,0.066140004,0.066140004,183407395
2023-04-25,0.066138998,0.066203997,0.065289997,0.065862998,0.065862998,174903064
2023-04-26,0.065861002,0.067048997,0.064213,0.065182999,0.065182999,260293408
2023-04-27,0.065178998,0.066101,0.065085001,0.065793999,0.065793999,190727736
2023-04-28,0.065797001,0.066710003,0.065688998,0.066710003,0.066710003,159999592
2023-04-29,0.066711999,0.068170004,0.066693999,0.068003997,0.068003997,165520602
2023-04-30,0.068002999,0.068057999,0.067342997,0.067342997,0.067342997,168124254
2023-05-01,0.067342997,0.069311,0.066954002,0.068503998,0.068503998,273046031
2023-05-02,0.068507999,0.069799997,0.067309998,0.069246002,0.069246002,223619552
2023-05-03,0.069247998,0.069537997,0.068368003,0.069245003,0.069245003,241038777
2023-05-04,0.069246002,0.069628,0.069049999,0.069453999,0.069453999,175585119
2023-05-05,0.069453999,0.071341999,0.069447003,0.071002997,0.071002997,216516011
2023-05-06,0.071002997,0.071139999,0.069807,0.070326999,0.070326999,184142912
2023-05-07,0.070322998,0.070555001,0.069296002,0.069342002,0.069342002,163121117
2023-05-08,0.069337003,0.069417,0.067428999,0.068438999,0.068438999,221247793
2023-05-09,0.068441004,0.069284,0.068084002,0.069081001,0.069081001,181444363
2023-05-10,0.069084004,0.070308998,0.068506002,0.069408,0.069408,220122062
2023-05-11,0.069411002,0.069536,0.066954002,0.067704998,0.067704998,215941932
2023-05-12,0.067703001,0.069181003,0.067305997,0.069095999,0.069095999,215884738
2023-05-13,0.069099002,0.06955,0.068559997,0.06938,0.06938,148244433
2023-05-14,0.069375999,0.069732003,0.068939999,0.069401003,0.069401003,150250447
2023-05-15,0.069401003,0.070478998,0.069215,0.070242003,0.070242003,156324130
2023-05-16,0.070243001,0.070729002,0.070019998,0.070559002,0.070559002,177030609
2023-05-17,0.070555001,0.071319997,0.070313998,0.071052,0.071052,180958724
2023-05-18,0.071057998,0.071341,0.069949999,0.070276,0.070276,188382376
2023-05-19,0.070272997,0.070777997,0.070142001,0.070675001,0.070675001,138133276
2023-05-20,0.070678003,0.072890997,0.070574,0.07265,0.07265,207049769
2023-05-21,0.072645001,0.076454997,0.072118998,0.075124003,0.075124003,337181123
2023-05-22,0.075121,0.079147004,0.074326001,0.078167997,0.078167997,400941744
2023-05-23,0.078146003,0.079333998,0.077670999,0.078481004,0.078481004,233949094
2023-05-24,0.078486003,0.078486003,0.076505996,0.076898001,0.076898001,234035901
2023-05-25,0.076890998,0.078186996,0.076701,0.076812997,0.076812997,220218292
2023-05-26,0.076808996,0.077344,0.075465001,0.075488999,0.075488999,207970256
2023-05-27,0.075484,0.077238999,0.075277001,0.077188998,0.077188998,158329168
2023-05-28,0.077183999,0.077936001,0.076825999,0.077448003,0.077448003,171980184
2023-05-29,0.07745,0.078047,0.076159999,0.076159999,0.076159999,173443791
2023-05-30,0.076160997,0.077013999,0.075845003,0.076402001,0.076402001,188724764
2023-05-31,0.076402001,0.076650001,0.075161003,0.075282,0.075282,194967702
2023-06-01,0.075273998,0.075421996,0.074280001,0.074772999,0.074772999,162975054
2023-06-02,0.074773997,0.083343998,0.074694999,0.082754001,0.082754001,339773520
2023-06-03,0.082754999,0.085617997,0.081193998,0.081834003,0.081834003,531303825
2023-06-04,0.081830002,0.082484998,0.080325998,0.081478,0.081478,264302975
2023-06-05,0.081478998,0.081775002,0.077540003,0.078346997,0.078346997,256099265
2023-06-06,0.078346997,0.079164997,0.077531002,0.078234002,0.078234002,244259894
2023-06-07,0.078230001,0.078808002,0.076411001,0.076741003,0.076741003,218146752
2023-06-08,0.076742001,0.077959001,0.076245002,0.077495001,0.077495001,160011052
2023-06-09,0.077497996,0.078331999,0.071415,0.071984001,0.071984001,303441320
2023-06-10,0.071989998,0.072003998,0.065277003,0.069600999,0.069600999,395427317
2023-06-11,0.069604002,0.070577003,0.068539001,0.070176996,0.070176996,157686552
2023-06-12,0.070175,0.071204998,0.069401003,0.071033001,0.071033001,156857411
2023-06-13,0.071039997,0.072567001,0.071039997,0.071919002,0.071919002,178497059
2023-06-14,0.071919002,0.072754003,0.070210002,0.070964999,0.070964999,166316972
2023-06-15,0.070969,0.071974002,0.069402002,0.070951,0.070951,196317063
2023-06-16,0.070949003,0.071148001,0.069101997,0.070514999,0.070514999,176525558
2023-06-17,0.070517004,0.071668997,0.070372,0.071592003,0.071592003,133558906
2023-06-18,0.071590997,0.071976997,0.069865003,0.070120998,0.070120998,147583377
2023-06-19,0.070120998,0.070270002,0.069577999,0.069968998,0.069968998,142064691
2023-06-20,0.069968998,0.070601001,0.068218999,0.070591003,0.070591003,198690663
2023-06-21,0.070588,0.07265,0.070404001,0.072384,0.072384,230525361
2023-06-22,0.072379999,0.074032001,0.071576998,0.071935996,0.071935996,189639822
2023-06-23,0.071947999,0.073588997,0.071608,0.073151998,0.073151998,176505028
2023-06-24,0.073154002,0.073413,0.071695,0.072246999,0.072246999,147193406
2023-06-25,0.072247997,0.073638,0.072148003,0.073204003,0.073204003,144466984
2023-06-26,0.073201999,0.074579999,0.072457999,0.073772997,0.073772997,173527560
2023-06-27,0.073775999,0.075332999,0.073775999,0.074413002,0.074413002,150660903
2023-06-28,0.074417002,0.074497998,0.072866999,0.073743999,0.073743999,155067955
2023-06-29,0.073740996,0.074732997,0.073499002,0.074446999,0.074446999,146670527
2023-06-30,0.074442998,0.076739997,0.074307002,0.076205,0.076205,229107503
2023-07-01,0.07621,0.077665001,0.076116003,0.077212997,0.077212997,157022109
2023-07-02,0.077214003,0.077312998,0.075476997,0.075985998,0.075985998,143086068
2023-07-03,0.075984001,0.077817,0.075851001,0.077339999,0.077339999,150965021
2023-07-04,0.077343002,0.078332998,0.077069998,0.077069998,0.077069998,150713422
2023-07-05,0.077076003,0.077885002,0.076692998,0.077072002,0.077072002,154386341
2023-07-06,0.077071004,0.078532003,0.076994002,0.077195004,0.077195004,168248868
2023-07-07,0.077186003,0.079484001,0.076921999,0.078791,0.078791,164509056
2023-07-08,0.078787997,0.080052003,0.078736,0.080052003,0.080052003,138044936
2023-07-09,0.080046996,0.080389,0.077469997,0.077533998,0.077533998,151299430
2023-07-10,0.077535003,0.077982999,0.076439999,0.077587001,0.077587001,171564500
2023-07-11,0.077587001,0.077587001,0.076848999,0.077349,0.077349,133545108
2023-07-12,0.077349,0.078079998,0.077195004,0.077850997,0.077850997,133008012
2023-07-13,0.077848002,0.082020998,0.077745996,0.081643,0.081643,234522385
2023-07-14,0.081646003,0.082222998,0.079085,0.079875998,0.079875998,220444579
2023-07-15,0.079873003,0.081547,0.079873003,0.080843002,0.080843002,181355334
2023-07-16,0.080839001,0.080940001,0.079246998,0.079819001,0.079819001,150273704
2023-07-17,0.079818003,0.080485001,0.079085998,0.079958998,0.079958998,158031688
2023-07-18,0.079954997,0.080885001,0.079204001,0.079778999,0.079778999,154140875
2023-07-19,0.079778001,0.080404997,0.079383999,0.080273002,0.080273002,161844857
2023-07-20,0.080270998,0.080936998,0.079383999,0.080683999,0.080683999,175730416
2023-07-21,0.080687001,0.081460997,0.080518,0.080562003,0.080562003,165162652
2023-07-22,0.080558002,0.093174003,0.080351003,0.083815999,0.083815999,832082013
2023-07-23,0.083834998,0.084893003,0.082956001,0.083362997,0.083362997,247135687
2023-07-24,0.083359003,0.083365999,0.080600999,0.081482001,0.081482001,225684366
2023-07-25,0.081485003,0.082092002,0.080429003,0.081889004,0.081889004,216618949
2023-07-26,0.081891999,0.082509004,0.080646001,0.082346,0.082346,228353399
2023-07-27,0.082347997,0.082958996,0.082121,0.082552999,0.082552999,206082067
2023-07-28,0.082553998,0.085312001,0.082553998,0.085212,0.085212,233743862
2023-07-29,0.085194997,0.085266002,0.083145998,0.083282001,0.083282001,179457761
2023-07-30,0.083282001,0.083646998,0.079484999,0.080026001,0.080026001,233497363
2023-07-31,0.080027997,0.080279,0.077601999,0.077977002,0.077977002,252431660
2023-08-01,0.077977002,0.078593999,0.077044003,0.078593999,0.078593999,219695489
2023-08-02,0.078578003,0.078647003,0.076412998,0.076454997,0.076454997,207829852
2023-08-03,0.076454997,0.077421002,0.076246001,0.077096,0.077096,176736320
2023-08-04,0.077096,0.077776,0.076321997,0.076704003,0.076704003,167917309
2023-08-05,0.076706,0.077513002,0.075925998,0.077382997,0.077382997,177803134
2023-08-06,0.077386998,0.077478997,0.076626003,0.076848,0.076848,143000099
2023-08-07,0.076848,0.077109002,0.076113999,0.076742999,0.076742999,176365013
2023-08-08,0.076742001,0.077099003,0.076214999,0.076792002,0.076792002,180371011
2023-08-09,0.076797001,0.077019997,0.076214999,0.076711997,0.076711997,194821881
2023-08-10,0.076714002,0.077476002,0.076683998,0.077255003,0.077255003,157176421
2023-08-11,0.077253997,0.077366002,0.076843001,0.077156,0.077156,147827385
2023-08-12,0.077156,0.077494003,0.077150002,0.077449001,0.077449001,127324265
2023-08-13,0.077451997,0.077578001,0.077000998,0.077108003,0.077108003,144796321
2023-08-14,0.077111997,0.077538997,0.077033997,0.077435002,0.077435002,170411109
2023-08-15,0.077434003,0.077439003,0.076270998,0.076277003,0.076277003,162346285
2023-08-16,0.076278999,0.076645002,0.074389003,0.074601002,0.074601002,206757605
2023-08-17,0.074594997,0.075346999,0.072062001,0.072742,0.072742,293806022
2023-08-18,0.072737001,0.073398001,0.072067998,0.072999001,0.072999001,214674143
2023-08-19,0.073002003,0.074165002,0.072972,0.074075997,0.074075997,140745870
2023-08-20,0.074075997,0.076241001,0.074074,0.075902,0.075902,156526807
2023-08-21,0.075903997,0.076176003,0.074258,0.075122997,0.075122997,182098796
2023-08-22,0.075117998,0.075493,0.074440002,0.075430997,0.075430997,163227059
2023-08-23,0.075429,0.077803001,0.075425997,0.077597998,0.077597998,192175125
2023-08-24,0.077597998,0.077903003,0.076265,0.076540999,0.076540999,167432407
2023-08-25,0.076554,0.077316999,0.076311,0.077202,0.077202,174447305
2023-08-26,0.077202,0.077551,0.077164002,0.077431999,0.077431999,122098369
2023-08-27,0.077430002,0.077536002,0.077186003,0.077514999,0.077514999,115622858
2023-08-28,0.077514999,0.077524997,0.076292001,0.076383002,0.076383002,146293864
2023-08-29,0.076380998,0.077988997,0.075925998,0.077333003,0.077333003,205229425
2023-08-30,0.077335,0.077340998,0.075488001,0.075626999,0.075626999,176403792
2023-08-31,0.075634003,0.076888002,0.075317003,0.076714002,0.076714002,184954077
2023-09-01,0.076714002,0.077423997,0.075805999,0.076093003,0.076093003,188298937
2023-09-02,0.076093003,0.077147,0.076021001,0.077032,0.077032,129054735
2023-09-03,0.077032998,0.077094004,0.076705001,0.077041,0.077041,107374126
2023-09-04,0.077039003,0.077454999,0.076742999,0.077430002,0.077430002,142347287
2023-09-05,0.077432998,0.077715002,0.077105999,0.077418,0.077418,137744760
2023-09-06,0.077422,0.078860998,0.077365004,0.07886,0.07886,191576576
2023-09-07,0.078863002,0.079294004,0.078708999,0.079040997,0.079040997,156830179
2023-09-08,0.079051003,0.079447001,0.078364,0.079125002,0.079125002,128452654
2023-09-09,0.079121999,0.079176001,0.078731,0.079149,0.079149,95346936
2023-09-10,0.079150997,0.079150997,0.077872999,0.078327999,0.078327999,118374750
2023-09-11,0.078327,0.078781001,0.077101,0.077505,0.077505,167213713
2023-09-12,0.077506997,0.082341999,0.077468,0.080784,0.080784,294848591
2023-09-13,0.080793001,0.081362002,0.080351003,0.081183001,0.081183001,182359085
2023-09-14,0.081184,0.083913997,0.081110999,0.083694004,0.083694004,214594731
2023-09-15,0.083697997,0.084127001,0.083061002,0.084040999,0.084040999,199026196
2023-09-16,0.084039003,0.084448002,0.083384,0.083518997,0.083518997,144840486
2023-09-17,0.083517998,0.083826996,0.083173998,0.083379999,0.083379999,131356022
2023-09-18,0.083379,0.084790997,0.083159998,0.084045,0.084045,179583234
2023-09-19,0.084034003,0.084836997,0.083814003,0.084587999,0.084587999,156849702
2023-09-20,0.084588997,0.085005,0.084242001,0.084509,0.084509,147910377
2023-09-21,0.084507003,0.084729001,0.082921997,0.083071999,0.083071999,211943139
2023-09-22,0.083071001,0.084191002,0.082943,0.083373003,0.083373003,159466757
2023-09-23,0.083368003,0.083881997,0.083276004,0.083635002,0.083635002,116509236
2023-09-24,0.083636999,0.084445,0.083527997,0.083612002,0.083612002,116463706
2023-09-25,0.083613001,0.084625997,0.083370999,0.084608003,0.084608003,157124183
2023-09-26,0.084606998,0.084912002,0.084257998,0.084647998,0.084647998,144903897
2023-09-27,0.084663004,0.085929997,0.084659003,0.085414998,0.085414998,166632347
2023-09-28,0.085417002,0.086744003,0.084472001,0.086723998,0.086723998,169612028
2023-09-29,0.086746,0.089775003,0.086723,0.089139998,0.089139998,229860537
2023-09-30,0.089143001,0.089304999,0.088482,0.088684,0.088684,124895442
2023-10-01,0.088679001,0.090314999,0.088097997,0.090117998,0.090117998,150130603
2023-10-02,0.090113997,0.090290003,0.08743,0.087566003,0.087566003,197202684
2023-10-03,0.087558001,0.090857998,0.087416999,0.090857998,0.090857998,219892593
2023-10-04,0.090866998,0.090866998,0.088307999,0.088999003,0.088999003,209971945
2023-10-05,0.089000002,0.089487001,0.088242002,0.088275999,0.088275999,164533914
2023-10-06,0.088274002,0.088900998,0.085492998,0.087265998,0.087265998,237318251
2023-10-07,0.087265,0.088404998,0.087243997,0.088128999,0.088128999,137050862
2023-10-08,0.088133998,0.088400997,0.087572001,0.088023998,0.088023998,102573431
2023-10-09,0.088022999,0.088284001,0.085667998,0.086199,0.086199,165266430
2023-10-10,0.086202003,0.086657003,0.086096004,0.086274996,0.086274996,133973983
2023-10-11,0.086273,0.086530998,0.085692003,0.086025998,0.086025998,170578364
2023-10-12,0.086025,0.086498998,0.084826998,0.084867001,0.084867001,144336437
2023-10-13,0.084864996,0.085721999,0.084795997,0.085481003,0.085481003,129011198
2023-10-14,0.085478999,0.085715003,0.085054003,0.085059002,0.085059002,113893539
2023-10-15,0.085060999,0.086710997,0.084871002,0.086682998,0.086682998,185613393
2023-10-16,0.086684003,0.089194,0.086643003,0.088913999,0.088913999,239895827
2023-10-17,0.088913001,0.088916004,0.087725997,0.088564001,0.088564001,170690298
2023-10-18,0.088569999,0.089456998,0.088508002,0.089212999,0.089212999,182808917
2023-10-19,0.089210004,0.089973003,0.088552997,0.089969002,0.089969002,176537551
2023-10-20,0.089968003,0.092036001,0.089961998,0.090760998,0.090760998,227444174
2023-10-21,0.090764001,0.091821998,0.09065,0.091599002,0.091599002,175563451
2023-10-22,0.091601998,0.091890998,0.089821003,0.090380996,0.090380996,174571243
2023-10-23,0.090393998,0.092830002,0.090164997,0.092238002,0.092238002,301555123
2023-10-24,0.092225999,0.093875997,0.091969997,0.092353001,0.092353001,329845514
2023-10-25,0.092361003,0.094075002,0.092361003,0.093489997,0.093489997,226287820
2023-10-26,0.093493998,0.093757004,0.092092998,0.092841998,0.092841998,206472961
2023-10-27,0.092845,0.093952,0.092687003,0.093627997,0.093627997,186299988
2023-10-28,0.093625002,0.094599001,0.093378,0.094332002,0.094332002,159783858
2023-10-29,0.094329,0.095163003,0.094246998,0.094879001,0.094879001,142054658
2023-10-30,0.094875999,0.095637001,0.094159,0.095610999,0.095610999,186783744
2023-10-31,0.095613003,0.097172998,0.09561,0.097172998,0.097172998,264955245
2023-11-01,0.097167,0.1005,0.097018003,0.100256,0.100256,355168812
2023-11-02,0.100255,0.100953,0.098725997,0.099294998,0.099294998,248476068
2023-11-03,0.099290997,0.099290997,0.097249001,0.097313002,0.097313002,219639698
2023-11-04,0.097319998,0.098194003,0.097079001,0.097778,0.097778,164825258
2023-11-05,0.097764999,0.099017002,0.097502999,0.098219998,0.098219998,165027505
2023-11-06,0.098219998,0.099028997,0.096709996,0.097722001,0.097722001,214742277
2023-11-07,0.097721003,0.097877003,0.096068002,0.096671,0.096671,221778811
2023-11-08,0.096671,0.098608002,0.096463002,0.098412,0.098412,206131116
2023-11-09,0.098407999,0.100798,0.097487003,0.098903,0.098903,337814624
2023-11-10,0.098906003,0.111519,0.098906003,0.106238,0.106238,776939025
2023-11-11,0.106235,0.108902,0.10508,0.107989,0.107989,261955668
2023-11-12,0.107988,0.108835,0.106599,0.108411,0.108411,222855732
2023-11-13,0.108418,0.110593,0.107152,0.107152,0.107152,296261795
2023-11-14,0.107145,0.107145,0.102174,0.102275,0.102275,313182455
2023-11-15,0.102278,0.104671,0.102275,0.104105,0.104105,303520303
2023-11-16,0.104108,0.104706,0.101636,0.102396,0.102396,263886939
2023-11-17,0.102405,0.103887,0.101975,0.103674,0.103674,231161206
2023-11-18,0.103674,0.103724,0.101577,0.103006,0.103006,192057426
2023-11-19,0.103008,0.103866,0.101972,0.103499,0.103499,177524933
2023-11-20,0.103503,0.105032,0.101076,0.101121,0.101121,254396121
2023-11-21,0.101111,0.102001,0.095996998,0.096245997,0.096245997,329930004
2023-11-22,0.096256003,0.101871,0.096129,0.101237,0.101237,359844115
2023-11-23,0.101231,0.102153,0.100989,0.102084,0.102084,188298352
2023-11-24,0.102081,0.105278,0.10208,0.104721,0.104721,329356342
2023-11-25,0.10472,0.108824,0.104626,0.108811,0.108811,298382396
2023-11-26,0.108816,0.109884,0.107272,0.107854,0.107854,231468428
2023-11-27,0.107843,0.10793,0.102031,0.102099,0.102099,298597103
2023-11-28,0.102101,0.103748,0.100327,0.103043,0.103043,322767749
2023-11-29,0.103041,0.104053,0.102928,0.103544,0.103544,238729774
2023-11-30,0.103542,0.104236,0.10302,0.103515,0.103515,237850679
2023-12-01,0.103514,0.10413,0.102889,0.103177,0.103177,221433774
2023-12-02,0.103178,0.103538,0.102492,0.103286,0.103286,185994290
2023-12-03,0.103296,0.103939,0.102812,0.103162,0.103162,210464602
2023-12-04,0.103162,0.105687,0.102502,0.103848,0.103848,329972486
2023-12-05,0.103842,0.104103,0.102614,0.103645,0.103645,270593797
2023-12-06,0.103651,0.105748,0.102597,0.104798,0.104798,365114587
2023-12-07,0.104823,0.105503,0.103144,0.104226,0.104226,242231940
2023-12-08,0.104231,0.1072,0.10421,0.106716,0.106716,311278546
2023-12-09,0.106719,0.108653,0.106628,0.106675,0.106675,284051196
2023-12-10,0.106685,0.108386,0.10665,0.107823,0.107823,232567606
2023-12-11,0.107816,0.107907,0.102382,0.103787,0.103787,380408061
2023-12-12,0.103788,0.105068,0.102984,0.103626,0.103626,244770706
2023-12-13,0.103625,0.104485,0.102098,0.1043,0.1043,259812575
2023-12-14,0.104298,0.106093,0.104075,0.105985,0.105985,242250054
2023-12-15,0.105987,0.106214,0.101541,0.101563,0.101563,259883394
2023-12-16,0.10157,0.103086,0.101278,0.102756,0.102756,200963120
2023-12-17,0.102753,0.103251,0.102026,0.102111,0.102111,179934289
2023-12-18,0.102106,0.102106,0.098050997,0.100912,0.100912,284455154
2023-12-19,0.100919,0.101507,0.100087,0.100574,0.100574,207746308
2023-12-20,0.100573,0.103297,0.100573,0.102698,0.102698,203535146
2023-12-21,0.102704,0.104886,0.102704,0.10467,0.10467,206355982
2023-12-22,0.104668,0.105154,0.104078,0.105129,0.105129,207941510
2023-12-23,0.105133,0.106997,0.104213,0.106776,0.106776,202317893
2023-12-24,0.106788,0.107504,0.105633,0.10639,0.10639,225415800
2023-12-25,0.106391,0.108359,0.105695,0.105933,0.105933,261129592
2023-12-26,0.105932,0.10644,0.102331,0.103069,0.103069,289744158
2023-12-27,0.103068,0.105463,0.102599,0.105409,0.105409,215294654
2023-12-28,0.105418,0.106445,0.104677,0.1056,0.1056,251909690
2023-12-29,0.1056,0.106829,0.104912,0.105689,0.105689,245388399
2023-12-30,0.105687,0.106994,0.105297,0.105985,0.105985,197786642
2023-12-31,0.105981,0.108958,0.105745,0.107673,0.107673,206209443
2024-01-01,0.107687,0.108281,0.106257,0.107812,0.107812,196859913
2024-01-02,0.107817,0.110552,0.107706,0.108364,0.108364,284111603
2024-01-03,0.108372,0.109942,0.103835,0.106826,0.106826,414418343
2024-01-04,0.106821,0.108672,0.106673,0.107085,0.107085,279585286
2024-01-05,0.107081,0.107224,0.10353,0.10446,0.10446,273609126
2024-01-06,0.104461,0.104484,0.102026,0.103917,0.103917,207408616
2024-01-07,0.103913,0.104179,0.102759,0.102898,0.102898,168263086
2024-01-08,0.102906,0.10432,0.101356,0.104285,0.104285,279910402
2024-01-09,0.104293,0.104521,0.101691,0.102768,0.102768,267455370
2024-01-10,0.102765,0.105786,0.102765,0.105291,0.105291,314121921
2024-01-11,0.105294,0.107545,0.104811,0.106227,0.106227,338623355
2024-01-12,0.106218,0.108007,0.105828,0.106923,0.106923,342062902
2024-01-13,0.10691,0.115961,0.106256,0.114149,0.114149,615120221
2024-01-14,0.11415,0.117514,0.111132,0.111155,0.111155,363975277
2024-01-15,0.111141,0.114309,0.107892,0.108732,0.108732,334592688
2024-01-16,0.10871,0.110393,0.107542,0.108072,0.108072,274895783
2024-01-17,0.108065,0.109193,0.107504,0.108305,0.108305,219179246
2024-01-18,0.108308,0.109709,0.107037,0.10798,0.10798,266078534
2024-01-19,0.107982,0.110366,0.106928,0.110358,0.110358,282699968
2024-01-20,0.11036,0.110642,0.109764,0.109901,0.109901,177047400
2024-01-21,0.109904,0.111463,0.10887,0.10887,0.10887,184387378
2024-01-22,0.108882,0.109712,0.108018,0.10917,0.10917,264631698
2024-01-23,0.109168,0.109801,0.106108,0.107158,0.107158,310839292
2024-01-24,0.107158,0.108764,0.106878,0.108719,0.108719,217739892
2024-01-25,0.108721,0.112367,0.108679,0.112078,0.112078,264212763
2024-01-26,0.112076,0.11518,0.112071,0.114522,0.114522,280239978
2024-01-27,0.114511,0.116326,0.112208,0.112466,0.112466,231608311
2024-01-28,0.112459,0.113458,0.111663,0.112206,0.112206,206277152
2024-01-29,0.112203,0.114251,0.112074,0.113046,0.113046,262767224
2024-01-30,0.113049,0.113083,0.111807,0.112047,0.112047,220714015
2024-01-31,0.112046,0.113455,0.111466,0.11224,0.11224,304178039
2024-02-01,0.112239,0.115782,0.11175,0.115567,0.115567,276079935
2024-02-02,0.115573,0.117884,0.115573,0.11628,0.11628,265930418
2024-02-03,0.116272,0.117343,0.116045,0.117217,0.117217,157226912
2024-02-04,0.117217,0.118896,0.116972,0.118388,0.118388,185096146
2024-02-05,0.118386,0.119759,0.117793,0.118904,0.118904,242736396
2024-02-06,0.118898,0.126093,0.118853,0.120897,0.120897,327307297
2024-02-07,0.120913,0.12615401,0.120913,0.123515,0.123515,302925715
2024-02-08,0.123532,0.126647,0.121216,0.121924,0.121924,316971277
2024-02-09,0.121922,0.123897,0.121846,0.123776,0.123776,276136935
2024-02-10,0.123777,0.124587,0.123108,0.12441,0.12441,184159083
2024-02-11,0.124408,0.124912,0.124103,0.124278,0.124278,178880486
2024-02-12,0.124275,0.12576,0.123653,0.125058,0.125058,272926451
2024-02-13,0.125062,0.127068,0.12476,0.12694199,0.12694199,269282903
2024-02-14,0.12694199,0.12976301,0.12663899,0.129684,0.129684,305312706
2024-02-15,0.129685,0.13184699,0.129678,0.13116901,0.13116901,388631451
2024-02-16,0.13117,0.13295101,0.130872,0.13292301,0.13292301,296219329
2024-02-17,0.13293,0.139377,0.132671,0.13589101,0.13589101,455688875
2024-02-18,0.13589901,0.136062,0.13480701,0.135186,0.135186,234406233
2024-02-19,0.13519099,0.136766,0.13515601,0.13636801,0.13636801,276812945
2024-02-20,0.13636801,0.139975,0.13598301,0.139275,0.139275,398791346
2024-02-21,0.139274,0.140416,0.13865601,0.139732,0.139732,432026952
2024-02-22,0.139736,0.14012,0.138653,0.13892999,0.13892999,317088280
2024-02-23,0.13892899,0.139239,0.137679,0.138189,0.138189,268932312
2024-02-24,0.138189,0.138299,0.13700999,0.137448,0.137448,211694410
2024-02-25,0.137448,0.137935,0.137251,0.13761801,0.13761801,190733975
2024-02-26,0.13761701,0.140076,0.13740499,0.13992,0.13992,300182189
2024-02-27,0.139919,0.143755,0.1398,0.142885,0.142885,433238586
2024-02-28,0.142883,0.144126,0.141039,0.142234,0.142234,535931021
2024-02-29,0.14222901,0.14367101,0.140393,0.140578,0.140578,449732034
2024-03-01,0.140582,0.141626,0.14044499,0.141599,0.141599,327944052
2024-03-02,0.141607,0.141792,0.14031699,0.14128099,0.14128099,305096358
2024-03-03,0.14128099,0.141304,0.140011,0.140689,0.140689,312512282
2024-03-04,0.14069299,0.141279,0.139668,0.14041799,0.14041799,489746585
2024-03-05,0.140414,0.140572,0.135058,0.13608199,0.13608199,712988515
2024-03-06,0.13608199,0.138252,0.135563,0.13776299,0.13776299,528421791
2024-03-07,0.13776299,0.138089,0.136764,0.13732199,0.13732199,370515128
2024-03-08,0.13732199,0.13780101,0.136182,0.136948,0.136948,366795845
2024-03-09,0.136948,0.137373,0.13591801,0.13608301,0.13608301,315886706
2024-03-10,0.13608401,0.136317,0.133679,0.13387901,0.13387901,325824639
2024-03-11,0.133881,0.134341,0.13203,0.133755,0.133755,470911165
2024-03-12,0.133755,0.13409799,0.130669,0.13145401,0.13145401,438184277
2024-03-13,0.13145401,0.132367,0.13123,0.131993,0.131993,372850235
2024-03-14,0.13199399,0.132064,0.127868,0.12911201,0.12911201,470720226
2024-03-15,0.12911201,0.129325,0.12524299,0.126371,0.126371,587485000
2024-03-16,0.126371,0.12737399,0.124822,0.125202,0.125202,370216041
2024-03-17,0.125202,0.12650201,0.124239,0.12619799,0.12619799,330839522
2024-03-18,0.12619799,0.126642,0.123016,0.124096,0.124096,350277415
2024-03-19,0.124096,0.124337,0.110487,0.112382,0.112382,706956687
2024-03-20,0.112382,0.121218,0.110644,0.120922,0.120922,680147410
2024-03-21,0.120922,0.12193,0.120431,0.121126,0.121126,409297522
2024-03-22,0.121126,0.121527,0.115349,0.117228,0.117228,427328735
2024-03-23,0.117227,0.119715,0.116213,0.11833,0.11833,323639416
2024-03-24,0.11833,0.120536,0.116763,0.120188,0.120188,322960295
2024-03-25,0.120184,0.121063,0.117376,0.120469,0.120469,384619969
2024-03-26,0.120469,0.122344,0.120369,0.120778,0.120778,351646470
2024-03-27,0.120778,0.121464,0.118969,0.119485,0.119485,327217155
2024-03-28,0.119485,0.120648,0.11906,0.120399,0.120399,255729566
2024-03-29,0.120399,0.121016,0.119592,0.119985,0.119985,263559649
2024-03-30,0.119984,0.122981,0.119976,0.122599,0.122599,236560785
2024-03-31,0.122598,0.123333,0.122159,0.122987,0.122987,204426058
2024-04-01,0.122987,0.123228,0.11997,0.120591,0.120591,309064934
2024-04-02,0.120588,0.120615,0.115941,0.116683,0.116683,396269581
2024-04-03,0.116683,0.118482,0.115871,0.117261,0.117261,334945424
2024-04-04,0.117261,0.119509,0.116942,0.119176,0.119176,289517255
2024-04-05,0.119176,0.119446,0.117416,0.117966,0.117966,289741311
2024-04-06,0.117966,0.119899,0.11782,0.119653,0.119653,189209397
2024-04-07,0.119653,0.120949,0.119628,0.120544,0.120544,184551685
2024-04-08,0.120544,0.123413,0.12052,0.123015,0.123015,307149715
2024-04-09,0.123015,0.123095,0.120418,0.121078,0.121078,297865516
2024-04-10,0.121078,0.123904,0.117942,0.119206,0.119206,411323271
2024-04-11,0.119206,0.120492,0.118975,0.120403,0.120403,276293638
2024-04-12,0.120403,0.122247,0.113544,0.11488,0.11488,528820521
2024-04-13,0.114882,0.115324,0.107868,0.110303,0.110303,584646397
2024-04-14,0.110303,0.112712,0.109034,0.112592,0.112592,439868653
2024-04-15,0.112592,0.115413,0.110224,0.11153,0.11153,497080994
2024-04-16,0.11153,0.112101,0.109058,0.111825,0.111825,425035282
2024-04-17,0.111825,0.113033,0.109188,0.109737,0.109737,372091717
2024-04-18,0.109738,0.110155,0.107693,0.109329,0.109329,356937640
2024-04-19,0.109329,0.110646,0.105567,0.109948,0.109948,462227373
2024-04-20,0.109948,0.111192,0.109118,0.11112,0.11112,276359683
2024-04-21,0.11112,0.111499,0.110363,0.111347,0.111347,202407396
2024-04-22,0.111347,0.112472,0.110549,0.11229,0.11229,277496701
2024-04-23,0.11229,0.113671,0.111413,0.113273,0.113273,270459502
2024-04-24,0.113273,0.11404,0.112569,0.113224,0.113224,321459433
2024-04-25,0.113226,0.117437,0.113218,0.117228,0.117228,359612035
2024-04-26,0.117228,0.120568,0.116559,0.120055,0.120055,351468147
2024-04-27,0.120055,0.120574,0.118604,0.119776,0.119776,287980305
2024-04-28,0.119776,0.121465,0.119729,0.121344,0.121344,240768592
2024-04-29,0.121344,0.121379,0.117782,0.119036,0.119036,322824228
2024-04-30,0.119036,0.12075,0.117791,0.119467,0.119467,496122483
2024-05-01,0.119467,0.12092,0.117059,0.12033,0.12033,482118834
2024-05-02,0.12033,0.123352,0.120104,0.122292,0.122292,352230934
2024-05-03,0.122292,0.123922,0.121909,0.122766,0.122766,275034834
2024-05-04,0.122765,0.123563,0.122321,0.122322,0.122322,224837130
2024-05-05,0.122322,0.122349,0.120765,0.121111,0.121111,196753191
2024-05-06,0.121111,0.122011,0.118453,0.118674,0.118674,297737882
2024-05-07,0.118674,0.121376,0.118287,0.120623,0.120623,304468296
2024-05-08,0.120623,0.123693,0.120454,0.122878,0.122878,393827836
2024-05-09,0.122878,0.126993,0.122873,0.126193,0.126193,387865258
2024-05-10,0.126195,0.12743901,0.124306,0.12736601,0.12736601,356388484
2024-05-11,0.12736601,0.12763,0.125974,0.12639201,0.12639201,208898092
2024-05-12,0.12639201,0.127333,0.126378,0.127317,0.127317,161252978
2024-05-13,0.127317,0.12745599,0.125614,0.125662,0.125662,270909400
2024-05-14,0.125662,0.125778,0.124745,0.125388,0.125388,258085082
2024-05-15,0.125388,0.126546,0.12527101,0.126407,0.126407,257993650
2024-05-16,0.126407,0.126697,0.1244,0.12502301,0.12502301,352992921
2024-05-17,0.12502301,0.125165,0.124006,0.124411,0.124411,283983851
2024-05-18,0.124411,0.124605,0.123039,0.123071,0.123071,216719510
2024-05-19,0.123071,0.123165,0.12061,0.121196,0.121196,225340742
2024-05-20,0.121196,0.124447,0.121013,0.124447,0.124447,322250099
2024-05-21,0.124447,0.124568,0.122862,0.123643,0.123643,357307829
2024-05-22,0.123643,0.123836,0.120025,0.120096,0.120096,299226970
2024-05-23,0.120096,0.120096,0.113784,0.115225,0.115225,391144666
2024-05-24,0.115225,0.115654,0.113339,0.115456,0.115456,341018841
2024-05-25,0.115456,0.116021,0.113213,0.113783,0.113783,281110846
2024-05-26,0.113783,0.114085,0.112774,0.113089,0.113089,207137714
2024-05-27,0.113089,0.1132,0.110906,0.112466,0.112466,353856000
2024-05-28,0.112466,0.112499,0.110371,0.111102,0.111102,329425570
2024-05-29,0.111102,0.112357,0.110973,0.111948,0.111948,276957864
2024-05-30,0.111948,0.112162,0.110736,0.112013,0.112013,262083184
2024-05-31,0.112013,0.112453,0.11112,0.112073,0.112073,272401228
2024-06-01,0.112073,0.112811,0.111007,0.112478,0.112478,194791817
2024-06-02,0.112478,0.115217,0.112462,0.114722,0.114722,242662521
2024-06-03,0.114722,0.115069,0.112929,0.113434,0.113434,283130643
2024-06-04,0.113434,0.114572,0.113136,0.114473,0.114473,280842437
2024-06-05,0.114473,0.114776,0.113798,0.114636,0.114636,239489525
2024-06-06,0.114636,0.115192,0.114008,0.114748,0.114748,249335077
2024-06-07,0.114747,0.115096,0.111809,0.112711,0.112711,397404842
2024-06-08,0.112702,0.115098,0.112314,0.114756,0.114756,337196249
2024-06-09,0.114764,0.116934,0.113888,0.116882,0.116882,314074669
2024-06-10,0.116879,0.11778,0.116037,0.117608,0.117608,357397026
2024-06-11,0.117605,0.117919,0.116163,0.116534,0.116534,370239898
2024-06-12,0.116542,0.117833,0.116024,0.11645,0.11645,361648488
2024-06-13,0.116457,0.117111,0.116008,0.116875,0.116875,281970353
2024-06-14,0.116878,0.116987,0.115686,0.116412,0.116412,293614650
2024-06-15,0.116409,0.116559,0.114873,0.115247,0.115247,181547682
2024-06-16,0.115252,0.117245,0.114984,0.117245,0.117245,194131715
2024-06-17,0.11725,0.118015,0.116509,0.116805,0.116805,322739696
2024-06-18,0.116794,0.116795,0.113712,0.115387,0.115387,347521884
2024-06-19,0.11539,0.117095,0.115199,0.11579,0.11579,245411854
2024-06-20,0.11579,0.117033,0.115689,0.116707,0.116707,216922871
2024-06-21,0.116706,0.118642,0.116322,0.118265,0.118265,270172643
2024-06-22,0.118263,0.119915,0.117912,0.119603,0.119603,191626517
2024-06-23,0.119603,0.120419,0.119123,0.11916,0.11916,169799736
2024-06-24,0.119164,0.119732,0.117813,0.119024,0.119024,322524405
2024-06-25,0.119022,0.122165,0.119022,0.121864,0.121864,247861071
2024-06-26,0.121862,0.12483,0.121842,0.122497,0.122497,296817761
2024-06-27,0.122501,0.12336,0.121848,0.121853,0.121853,225331986
2024-06-28,0.121861,0.123564,0.121726,0.122973,0.122973,242361450
2024-06-29,0.122967,0.126031,0.122852,0.125338,0.125338,233345038
2024-06-30,0.125333,0.125624,0.124517,0.124527,0.124527,183931851
2024-07-01,0.124531,0.12876301,0.124486,0.12769701,0.12769701,269814845
2024-07-02,0.12769499,0.129127,0.127674,0.12898301,0.12898301,232650231
2024-07-03,0.128986,0.12969001,0.12831099,0.12855799,0.12855799,345065680
2024-07-04,0.128555,0.128849,0.125671,0.127196,0.127196,434893718
2024-07-05,0.12714501,0.12775201,0.121213,0.126901,0.126901,729512148
2024-07-06,0.12687699,0.130311,0.126495,0.12992901,0.12992901,296147002
2024-07-07,0.129933,0.13089301,0.124549,0.124667,0.124667,327743354
2024-07-08,0.124673,0.126332,0.123032,0.126183,0.126183,426126472
2024-07-09,0.12617099,0.129987,0.126123,0.12994,0.12994,301114203
2024-07-10,0.129941,0.131786,0.12921301,0.13145401,0.13145401,284122579
2024-07-11,0.13146099,0.135235,0.13146099,0.13439,0.13439,374769340
2024-07-12,0.134389,0.13728601,0.13401499,0.13727701,0.13727701,328033234
2024-07-13,0.13727599,0.14149,0.13727599,0.13946,0.13946,379445047
2024-07-14,0.13947,0.140108,0.13739499,0.13768899,0.13768899,289920335
2024-07-15,0.13768999,0.138946,0.136806,0.13744,0.13744,340651377
2024-07-16,0.137435,0.137435,0.13292301,0.13407201,0.13407201,423036640
2024-07-17,0.134068,0.13506199,0.133555,0.13357,0.13357,290529371
2024-07-18,0.133568,0.134693,0.133342,0.134446,0.134446,269807843
2024-07-19,0.134434,0.135758,0.134124,0.134765,0.134765,306159807
2024-07-20,0.134766,0.134847,0.133829,0.134739,0.134739,222964612
2024-07-21,0.134739,0.135015,0.133793,0.13434701,0.13434701,208989470
2024-07-22,0.13434801,0.13697,0.13234299,0.132394,0.132394,400209430
2024-07-23,0.132394,0.134148,0.131211,0.134115,0.134115,280472644
2024-07-24,0.13411701,0.134828,0.133644,0.13437,0.13437,239802291
2024-07-25,0.13437,0.136318,0.133637,0.13545799,0.13545799,308515818
2024-07-26,0.13545799,0.13770001,0.13545699,0.137564,0.137564,235886710
2024-07-27,0.137564,0.137703,0.13670599,0.13725799,0.13725799,214453550
2024-07-28,0.13725799,0.139176,0.13685399,0.13867,0.13867,218590422
2024-07-29,0.13867,0.13937899,0.13504,0.137613,0.137613,368741658
2024-07-30,0.137612,0.138385,0.132506,0.132964,0.132964,279008406
2024-07-31,0.132964,0.133,0.12864301,0.128803,0.128803,314937649
2024-08-01,0.12879901,0.129696,0.127064,0.128167,0.128167,339233360
2024-08-02,0.128167,0.128291,0.122966,0.123375,0.123375,345981793
2024-08-03,0.123375,0.12535501,0.122907,0.125306,0.125306,317620781
2024-08-04,0.125306,0.128508,0.12504201,0.126275,0.126275,405632494
2024-08-05,0.126275,0.126564,0.117364,0.121596,0.121596,931977257
2024-08-06,0.121594,0.123801,0.121511,0.123534,0.123534,388010106
2024-08-07,0.123536,0.124996,0.123438,0.124793,0.124793,318013404
2024-08-08,0.124793,0.12715399,0.124373,0.127123,0.127123,307982262
2024-08-09,0.127123,0.128277,0.12639999,0.128262,0.128262,265182217
2024-08-10,0.128262,0.12974501,0.12825499,0.12915,0.12915,221791160
2024-08-11,0.129151,0.129409,0.127543,0.127745,0.127745,196251191
2024-08-12,0.127745,0.128233,0.126256,0.126736,0.126736,273794102
2024-08-13,0.126736,0.128989,0.12574001,0.128813,0.128813,258900507
2024-08-14,0.128813,0.13092101,0.12868699,0.13052499,0.13052499,315801896
2024-08-15,0.13052499,0.132083,0.129866,0.130215,0.130215,316539517
2024-08-16,0.130215,0.134198,0.12948599,0.134192,0.134192,364725161
2024-08-17,0.134192,0.13624001,0.133542,0.13488901,0.13488901,301391437
2024-08-18,0.13488901,0.135675,0.133261,0.135245,0.135245,243873815
2024-08-19,0.135245,0.14361,0.134128,0.14318401,0.14318401,668428525
2024-08-20,0.14318401,0.16182999,0.142689,0.161705,0.161705,1428595804
2024-08-21,0.161705,0.16562,0.153319,0.153868,0.153868,1552238681
2024-08-22,0.153868,0.159678,0.14834,0.155651,0.155651,1195024963
2024-08-23,0.155651,0.15896299,0.15391099,0.158572,0.158572,730575126
2024-08-24,0.158573,0.162954,0.15793499,0.15894599,0.15894599,720319296
2024-08-25,0.15894599,0.16712999,0.15691601,0.166557,0.166557,952618330
2024-08-26,0.166557,0.168487,0.16159201,0.161607,0.161607,846196448
2024-08-27,0.161607,0.16292299,0.15678699,0.157959,0.157959,701159330
2024-08-28,0.157959,0.159776,0.157382,0.15822101,0.15822101,535922121
2024-08-29,0.15822101,0.16134,0.15820099,0.160004,0.160004,435969861
2024-08-30,0.160004,0.161642,0.159189,0.15994801,0.15994801,437714088
2024-08-31,0.15994801,0.160179,0.156813,0.157666,0.157666,326335017
2024-09-01,0.157666,0.157759,0.155147,0.15566701,0.15566701,330931375
2024-09-02,0.15566701,0.156858,0.15381201,0.154153,0.154153,355890963
2024-09-03,0.154153,0.154471,0.150355,0.150355,0.150355,346130570
2024-09-04,0.150355,0.15202001,0.14889701,0.149984,0.149984,439739570
2024-09-05,0.149983,0.15118399,0.149185,0.149804,0.149804,320570407
2024-09-06,0.149804,0.150125,0.146687,0.14786001,0.14786001,362675671
2024-09-07,0.14786001,0.152079,0.14786001,0.15157001,0.15157001,296586155
2024-09-08,0.15157001,0.153363,0.15116601,0.153191,0.153191,312836455
2024-09-09,0.153191,0.154955,0.153162,0.154511,0.154511,329043709
2024-09-10,0.154511,0.154578,0.15214901,0.15308,0.15308,293043279
2024-09-11,0.15308,0.153432,0.151839,0.15336899,0.15336899,296807897
2024-09-12,0.15336899,0.154359,0.15191901,0.15197399,0.15197399,279070623
2024-09-13,0.15197399,0.15197501,0.1487,0.14907099,0.14907099,289665015
2024-09-14,0.14907099,0.149075,0.147185,0.147521,0.147521,228565242
2024-09-15,0.147521,0.14953101,0.147113,0.148958,0.148958,228318597
2024-09-16,0.148958,0.149645,0.14787599,0.14886899,0.14886899,303035459
2024-09-17,0.14886899,0.151306,0.148867,0.150058,0.150058,271737666
2024-09-18,0.150058,0.150288,0.149076,0.14949501,0.14949501,268834863
2024-09-19,0.14949501,0.151668,0.14947701,0.151535,0.151535,298556385
2024-09-20,0.151535,0.15278099,0.151535,0.15209401,0.15209401,281155593
2024-09-21,0.15209401,0.152548,0.15150701,0.152118,0.152118,181815444
2024-09-22,0.152118,0.15215901,0.151025,0.15186299,0.15186299,215262735
2024-09-23,0.15186299,0.15288,0.15137801,0.152363,0.152363,273500623
2024-09-24,0.152363,0.152532,0.15091,0.15126599,0.15126599,263209284
2024-09-25,0.15126599,0.151282,0.14991701,0.150043,0.150043,241028874
2024-09-26,0.150039,0.153514,0.14948,0.153201,0.153201,307154160
2024-09-27,0.153201,0.15549199,0.153183,0.15516999,0.15516999,352985159
2024-09-28,0.15516999,0.155403,0.15398601,0.155068,0.155068,237118461
2024-09-29,0.155068,0.157548,0.15476499,0.15647399,0.15647399,265085146
2024-09-30,0.15647399,0.156746,0.15486699,0.15591501,0.15591501,356554430
2024-10-01,0.15591501,0.156982,0.15320601,0.153614,0.153614,453944740
2024-10-02,0.153614,0.155288,0.15313999,0.154457,0.154457,374157746
2024-10-03,0.154457,0.15764201,0.153675,0.157617,0.157617,415443928
2024-10-04,0.157617,0.157814,0.156464,0.15651099,0.15651099,290440811
2024-10-05,0.15651099,0.15659,0.153543,0.153602,0.153602,200736305
2024-10-06,0.153602,0.15474699,0.153179,0.154274,0.154274,194538467
2024-10-07,0.154274,0.156656,0.153877,0.155853,0.155853,310973002
2024-10-08,0.155853,0.16032299,0.155618,0.15986601,0.15986601,373856249
2024-10-09,0.15986601,0.161801,0.159492,0.16045301,0.16045301,322784575
2024-10-10,0.16045199,0.160514,0.15859701,0.158728,0.158728,318140500
2024-10-11,0.158728,0.161515,0.157993,0.15974,0.15974,326040956
2024-10-12,0.15974,0.163921,0.15906,0.16250899,0.16250899,324423790
2024-10-13,0.16250899,0.163339,0.161888,0.162615,0.162615,252312735
2024-10-14,0.162615,0.162919,0.15966,0.160437,0.160437,416441291
2024-10-15,0.160437,0.160513,0.15785199,0.158732,0.158732,379560522
2024-10-16,0.158733,0.160156,0.158448,0.15999199,0.15999199,320841166
2024-10-17,0.15999199,0.16045,0.15923899,0.15930399,0.15930399,261359737
2024-10-18,0.15930501,0.15946899,0.15846001,0.158483,0.158483,254900303
2024-10-19,0.158483,0.15863501,0.15678599,0.1569,0.1569,229214919
2024-10-20,0.156901,0.156901,0.156103,0.156726,0.156726,206835224
2024-10-21,0.156726,0.15867101,0.155727,0.15829501,0.15829501,321997139
2024-10-22,0.15829501,0.160614,0.15761399,0.16008399,0.16008399,311155708
2024-10-23,0.16008399,0.160503,0.15918501,0.16026101,0.16026101,296720485
2024-10-24,0.16022199,0.164886,0.16018599,0.16457801,0.16457801,356686461
2024-10-25,0.16457801,0.166648,0.16195901,0.16221499,0.16221499,526759035
2024-10-26,0.16221499,0.165126,0.162174,0.16494299,0.16494299,312412806
2024-10-27,0.16494299,0.16603,0.163847,0.16387101,0.16387101,277038826
2024-10-28,0.16387101,0.16425601,0.163022,0.16399699,0.16399699,308378238
2024-10-29,0.16399699,0.16623899,0.163938,0.16623101,0.16623101,407987206
2024-10-30,0.16623101,0.16969401,0.16598099,0.169259,0.169259,394070697
2024-10-31,0.169259,0.17034,0.16761,0.16817001,0.16817001,379762276
2024-11-01,0.16817001,0.168485,0.166345,0.16731299,0.16731299,387638212
2024-11-02,0.16731299,0.16760799,0.16592599,0.166032,0.166032,236754662
2024-11-03,0.166032,0.166188,0.16322,0.165163,0.165163,310262027
2024-11-04,0.165163,0.16559701,0.162613,0.16284101,0.16284101,334207819
2024-11-05,0.16284101,0.163101,0.15992001,0.160082,0.160082,360315256
2024-11-06,0.160082,0.164046,0.16007,0.162475,0.162475,539826123
2024-11-07,0.162475,0.16292199,0.159841,0.160298,0.160298,449111131
2024-11-08,0.160298,0.16198599,0.160116,0.161061,0.161061,307266130
2024-11-09,0.161061,0.162131,0.15999199,0.162131,0.162131,283528690
2024-11-10,0.162131,0.166851,0.161382,0.164075,0.164075,670683921
2024-11-11,0.164075,0.167871,0.16381299,0.167842,0.167842,754530865
2024-11-12,0.167842,0.189833,0.165154,0.188079,0.188079,2072659420
2024-11-13,0.18807299,0.191948,0.174619,0.17711,0.17711,1390541138
2024-11-14,0.17711,0.184429,0.176093,0.176421,0.176421,1021784490
2024-11-15,0.176421,0.189851,0.176229,0.189367,0.189367,1127834911
2024-11-16,0.190937,0.204125,0.18879101,0.20006301,0.20006301,1101999412
2024-11-17,0.20006301,0.201281,0.192929,0.199488,0.199488,766910955
2024-11-18,0.199486,0.206974,0.199462,0.202177,0.202177,934709515
2024-11-19,0.202177,0.206182,0.198957,0.19987001,0.19987001,818431431
2024-11-20,0.19987001,0.19987001,0.193573,0.194897,0.194897,734618512
2024-11-21,0.19489799,0.201271,0.193325,0.198644,0.198644,902777271
2024-11-22,0.198643,0.20480099,0.197226,0.20480099,0.20480099,838523780
2024-11-23,0.20480099,0.224408,0.204797,0.212171,0.212171,1541450569
2024-11-24,0.212171,0.217259,0.201664,0.20883299,0.20883299,1275286058
2024-11-25,0.208832,0.212175,0.194267,0.196054,0.196054,1234045660
2024-11-26,0.196051,0.20079599,0.186791,0.194368,0.194368,1328602563
2024-11-27,0.194368,0.202217,0.19376799,0.20125499,0.20125499,762314716
2024-11-28,0.20125499,0.20353299,0.19803099,0.203356,0.203356,756470137
2024-11-29,0.203356,0.207142,0.20111699,0.204496,0.204496,595797501
2024-11-30,0.204496,0.207187,0.20273501,0.205167,0.205167,531481256
2024-12-01,0.205165,0.209728,0.20254099,0.20734,0.20734,646018229
2024-12-02,0.20734,0.220349,0.20389,0.22034501,0.22034501,1833916031
2024-12-03,0.220356,0.44067499,0.220356,0.42599201,0.42599201,10927250059
2024-12-04,0.426074,0.43631801,0.32361099,0.33239901,0.33239901,9548981749
2024-12-05,0.33239099,0.34495699,0.314659,0.31924,0.31924,5740350051
2024-12-06,0.322193,0.32912299,0.31045899,0.32598501,0.32598501,2148538342
2024-12-07,0.32598001,0.33515799,0.31792799,0.31931201,0.31931201,1549520534
2024-12-08,0.32153499,0.323181,0.309095,0.31882301,0.31882301,1170444146
2024-12-09,0.31883201,0.320485,0.249312,0.2633,0.2633,2277776841
2024-12-10,0.2633,0.27929801,0.245066,0.26995799,0.26995799,2504928985
2024-12-11,0.26995799,0.287063,0.262007,0.282482,0.282482,1651342024
2024-12-12,0.28248,0.30942699,0.28130701,0.29722601,0.29722601,2677027101
2024-12-13,0.29723099,0.30188099,0.28479299,0.29065901,0.29065901,1454332522
2024-12-14,0.29065901,0.29699299,0.277996,0.282244,0.282244,1068522044
2024-12-15,0.282244,0.28634,0.27569199,0.28529599,0.28529599,816567664
2024-12-16,0.28529599,0.30440301,0.27684501,0.296709,0.296709,2009690177
2024-12-17,0.296709,0.29698399,0.27810901,0.279304,0.279304,1828006295
2024-12-18,0.27930799,0.28117001,0.257817,0.25797901,0.25797901,1785826783
2024-12-19,0.25798199,0.266047,0.24442901,0.251486,0.251486,2034219898
2024-12-20,0.251486,0.254049,0.22484501,0.248566,0.248566,2108768957
2024-12-21,0.248566,0.255541,0.24218599,0.244775,0.244775,1294992804
2024-12-22,0.244775,0.249965,0.241777,0.24388701,0.24388701,1093041013
2024-12-23,0.24388701,0.253277,0.24157301,0.252134,0.252134,1283469984
2024-12-24,0.252134,0.25901201,0.25022599,0.25633201,0.25633201,853884489
2024-12-25,0.25633201,0.25849599,0.255474,0.257745,0.257745,710269956
2024-12-26,0.257745,0.258663,0.249677,0.25357199,0.25357199,915626820
2024-12-27,0.25340801,0.26492,0.252839,0.25879201,0.25879201,1301028136
2024-12-28,0.25879201,0.26262,0.256327,0.257898,0.257898,616275035
2024-12-29,0.257898,0.26275799,0.25631499,0.25728601,0.25728601,780016564
2024-12-30,0.25728601,0.259195,0.25034899,0.25296599,0.25296599,903322164
2024-12-31,0.25296599,0.25714201,0.251048,0.254208,0.254208,591505441
2025-01-01,0.254208,0.25570899,0.252574,0.25531399,0.25531399,455436492
2025-01-02,0.25531399,0.26639101,0.25531399,0.26505199,0.26505199,929941163
2025-01-03,0.26505199,0.271014,0.26101401,0.26982099,0.26982099,888075004
2025-01-04,0.26982099,0.27378601,0.26648,0.269923,0.269923,847438467
2025-01-05,0.269923,0.26992401,0.26137099,0.26264599,0.26264599,573935339
2025-01-06,0.26264599,0.26965699,0.25968999,0.26876399,0.26876399,885690661
2025-01-07,0.26853099,0.27139401,0.25274801,0.25274801,0.25274801,1145052120
2025-01-08,0.25274801,0.25481001,0.244684,0.250415,0.250415,1248020275
2025-01-09,0.250415,0.25125101,0.237064,0.240132,0.240132,1188487041
2025-01-10,0.240132,0.244671,0.237755,0.24447501,0.24447501,844340233
2025-01-11,0.244462,0.244468,0.24040399,0.24099199,0.24099199,435375413
2025-01-12,0.24099199,0.241102,0.23162,0.233421,0.233421,470623932
2025-01-13,0.233421,0.236607,0.21689899,0.22276001,0.22276001,1206764270
2025-01-14,0.22276001,0.226537,0.22050001,0.220893,0.220893,627662497
2025-01-15,0.220893,0.238151,0.220654,0.23796301,0.23796301,852315932
2025-01-16,0.237986,0.240832,0.23334099,0.23714601,0.23714601,951592113
2025-01-17,0.23714601,0.24930499,0.23712701,0.249011,0.249011,751004539
2025-01-18,0.24899299,0.26042101,0.238527,0.242073,0.242073,1548512381
2025-01-19,0.242073,0.24621101,0.22734401,0.228137,0.228137,1654368911
2025-01-20,0.228137,0.246742,0.22416,0.238268,0.238268,2149143141
2025-01-21,0.23826601,0.245286,0.235292,0.244665,0.244665,1055441083
2025-01-22,0.244665,0.258021,0.244665,0.25339699,0.25339699,1086361244
2025-01-23,0.25339901,0.25439799,0.244147,0.25287199,0.25287199,1127948953
2025-01-24,0.25287199,0.26100799,0.25038999,0.25428599,0.25428599,781450332
2025-01-25,0.25428799,0.25757101,0.253153,0.25343001,0.25343001,469674888
2025-01-26,0.25343099,0.25391001,0.246333,0.246333,0.246333,457262626
2025-01-27,0.246345,0.246673,0.233308,0.246326,0.246326,1098051147
2025-01-28,0.246327,0.248206,0.23858701,0.23991901,0.23991901,549615039
2025-01-29,0.23991799,0.243628,0.23638301,0.240151,0.240151,595274824
2025-01-30,0.240151,0.25261599,0.23932,0.25224599,0.25224599,545388830
2025-01-31,0.25224599,0.25794801,0.25121301,0.253703,0.253703,650036998
2025-02-01,0.25370401,0.256396,0.24410801,0.24440999,0.24440999,597036302
2025-02-02,0.24440999,0.246185,0.222771,0.225096,0.225096,1254717586
2025-02-03,0.225096,0.23019101,0.204147,0.228934,0.228934,1920497123
2025-02-04,0.22893301,0.229555,0.216244,0.224499,0.224499,1283611168
2025-02-05,0.224498,0.227156,0.22177801,0.222572,0.222572,632802203
2025-02-06,0.222572,0.232618,0.22172099,0.231602,0.231602,800435519
2025-02-07,0.231602,0.23456199,0.227714,0.229985,0.229985,673936117
2025-02-08,0.229985,0.23409399,0.22884101,0.231648,0.231648,450468575
2025-02-09,0.231644,0.237561,0.231041,0.23254099,0.23254099,458204329
2025-02-10,0.23254099,0.246796,0.228176,0.246144,0.246144,706661670
2025-02-11,0.24614701,0.248996,0.24050499,0.241073,0.241073,557162951
2025-02-12,0.241073,0.24544799,0.236057,0.243324,0.243324,678163355
2025-02-13,0.243325,0.244114,0.234001,0.23402201,0.23402201,555198219
2025-02-14,0.23402201,0.236614,0.23037601,0.231484,0.231484,532393077
2025-02-15,0.231483,0.23797099,0.23056801,0.237435,0.237435,383260863
2025-02-16,0.237432,0.24392501,0.23574901,0.24266601,0.24266601,424129963
2025-02-17,0.24266399,0.247491,0.23847,0.238718,0.238718,678288240
2025-02-18,0.238717,0.24106,0.232842,0.23897099,0.23897099,611116651
2025-02-19,0.23896401,0.24365,0.23896299,0.242248,0.242248,459982736
2025-02-20,0.242248,0.24779201,0.237818,0.246416,0.246416,473835177
2025-02-21,0.246416,0.250471,0.23564,0.237601,0.237601,654961183
2025-02-22,0.237601,0.239637,0.234669,0.238363,0.238363,418958920
2025-02-23,0.238364,0.245985,0.23807301,0.24597099,0.24597099,436385786
2025-02-24,0.24597099,0.248854,0.23993,0.240049,0.240049,825905323
2025-02-25,0.240049,0.243607,0.22524901,0.230887,0.230887,1515641403
2025-02-26,0.230887,0.231424,0.22281399,0.226794,0.226794,891096331
2025-02-27,0.226794,0.229597,0.225475,0.228211,0.228211,518767779
2025-02-28,0.228211,0.233218,0.21718501,0.233201,0.233201,1021764254
2025-03-01,0.233197,0.237074,0.230096,0.233797,0.233797,471587740
2025-03-02,0.233797,0.246427,0.2322,0.24390399,0.24390399,649931595
2025-03-03,0.24390499,0.245252,0.227594,0.230928,0.230928,893821179
2025-03-04,0.230933,0.24285699,0.227192,0.24244501,0.24244501,1020664271
2025-03-05,0.24244399,0.24490701,0.240688,0.243618,0.243618,565413816
2025-03-06,0.243618,0.246755,0.23926701,0.240104,0.240104,568713611
2025-03-07,0.240104,0.24667799,0.235461,0.24370401,0.24370401,755705195
2025-03-08,0.24370401,0.25084299,0.243552,0.243829,0.243829,627401931
2025-03-09,0.243825,0.243873,0.231904,0.23190799,0.23190799,585204021
2025-03-10,0.23190799,0.237712,0.227579,0.229486,0.229486,897421668
2025-03-11,0.22947299,0.231929,0.222969,0.224426,0.224426,899037133
2025-03-12,0.224426,0.225953,0.22035301,0.222995,0.222995,735832204
2025-03-13,0.222995,0.22643,0.22228301,0.225115,0.225115,648267654
2025-03-14,0.225115,0.226073,0.22084799,0.22247399,0.22247399,545500565
2025-03-15,0.222472,0.224801,0.220478,0.22165,0.22165,517229174
2025-03-16,0.221651,0.221678,0.21120401,0.212219,0.212219,594289478
2025-03-17,0.212217,0.220718,0.21130601,0.220597,0.220597,641444798
2025-03-18,0.220597,0.239021,0.22032499,0.236902,0.236902,865937723
2025-03-19,0.236902,0.242962,0.229067,0.23096199,0.23096199,1122973966
2025-03-20,0.230966,0.236605,0.22856399,0.234183,0.234183,711109953
2025-03-21,0.23417,0.237343,0.230514,0.233435,0.233435,521693071
2025-03-22,0.233435,0.23809899,0.232904,0.23716199,0.23716199,409496867
2025-03-23,0.23716199,0.240701,0.22974899,0.229966,0.229966,531967899
2025-03-24,0.229966,0.230002,0.225306,0.22805201,0.22805201,607345102
2025-03-25,0.228055,0.229073,0.226009,0.22728799,0.22728799,379818626
2025-03-26,0.22728699,0.23172501,0.226914,0.231344,0.231344,429550233
2025-03-27,0.231344,0.235139,0.230857,0.234909,0.234909,484566729
2025-03-28,0.234908,0.234962,0.229182,0.232316,0.232316,487709767
2025-03-29,0.232315,0.235563,0.231939,0.231941,0.231941,502000442
2025-03-30,0.23193599,0.23264,0.229683,0.23135,0.23135,370193761
2025-03-31,0.23135,0.240045,0.23130301,0.23872299,0.23872299,500905941
2025-04-01,0.23872299,0.238988,0.23335899,0.237792,0.237792,454025435
2025-04-02,0.237794,0.23994599,0.23248,0.233832,0.233832,661946113
2025-04-03,0.23382901,0.23845799,0.23058,0.237709,0.237709,496957453
2025-04-04,0.23771399,0.241659,0.23696899,0.238968,0.238968,500310924
2025-04-05,0.238968,0.23899101,0.23584101,0.237414,0.237414,293489513
2025-04-06,0.237416,0.23978201,0.2282,0.22973,0.22973,504677733
2025-04-07,0.22973,0.23198999,0.22093301,0.22851899,0.22851899,977000028
2025-04-08,0.22851899,0.236588,0.228515,0.230487,0.230487,668928638
2025-04-09,0.230487,0.238867,0.22639,0.238369,0.238369,797073985
2025-04-10,0.238407,0.243426,0.234853,0.236193,0.236193,752440315
2025-04-11,0.236193,0.243523,0.234496,0.243259,0.243259,516142520
2025-04-12,0.243259,0.250449,0.24096,0.24607199,0.24607199,564877672
2025-04-13,0.24607199,0.25446701,0.245726,0.254439,0.254439,598804117
2025-04-14,0.25444001,0.25875199,0.25148401,0.25197899,0.25197899,705772036
2025-04-15,0.25197899,0.25361499,0.24710099,0.250323,0.250323,585525104
2025-04-16,0.250323,0.25508901,0.24756899,0.247573,0.247573,635396916
2025-04-17,0.247573,0.25034299,0.243985,0.247785,0.247785,662853890
2025-04-18,0.247785,0.24782,0.23976301,0.23989201,0.23989201,462292299
2025-04-19,0.23989201,0.244479,0.239784,0.243945,0.243945,359363569
2025-04-20,0.243947,0.24677201,0.241476,0.243825,0.243825,411659985
2025-04-21,0.243825,0.24681699,0.241081,0.24637599,0.24637599,611699471
2025-04-22,0.24637499,0.249145,0.243772,0.24828701,0.24828701,691773903
2025-04-23,0.24828701,0.249332,0.243779,0.246242,0.246242,690739285
2025-04-24,0.246243,0.247427,0.2422,0.245552,0.245552,585772570
2025-04-25,0.24555101,0.245756,0.24119399,0.241981,0.241981,551834786
2025-04-26,0.241983,0.253115,0.24197499,0.25194901,0.25194901,685001974
2025-04-27,0.25194901,0.25423199,0.24541099,0.245487,0.245487,544084774
2025-04-28,0.245479,0.248383,0.243707,0.248383,0.248383,557045277
2025-04-29,0.248383,0.24986701,0.24326999,0.24389,0.24389,455299611
2025-04-30,0.243882,0.246997,0.242697,0.24683,0.24683,480039646
2025-05-01,0.246829,0.24949899,0.244109,0.24478801,0.24478801,435437603
2025-05-02,0.24479,0.24837101,0.24347501,0.248061,0.248061,406871123
2025-05-03,0.248053,0.24981201,0.24481,0.245591,0.245591,406008298
2025-05-04,0.245591,0.248906,0.24518199,0.247087,0.247087,387755538
2025-05-05,0.24708501,0.250429,0.24655899,0.24828801,0.24828801,521869629
2025-05-06,0.24828801,0.248366,0.243902,0.245867,0.245867,441185209
2025-05-07,0.245866,0.24918599,0.24371099,0.248726,0.248726,472041018
2025-05-08,0.248726,0.257539,0.248587,0.25705701,0.25705701,732496554
2025-05-09,0.25705701,0.26559499,0.25421399,0.26009601,0.26009601,1276502101
2025-05-10,0.26009399,0.26653001,0.258883,0.26640901,0.26640901,931086642
2025-05-11,0.26640299,0.268231,0.25994101,0.264878,0.264878,955495809
2025-05-12,0.264878,0.27968401,0.26325601,0.27170101,0.27170101,1870118401
2025-05-13,0.27170101,0.27299201,0.26097,0.27098101,0.27098101,1022839960
2025-05-14,0.27098101,0.278532,0.26952401,0.27482399,0.27482399,1017263192
2025-05-15,0.27482301,0.27625,0.26767001,0.27307001,0.27307001,1030688228
2025-05-16,0.27307001,0.278126,0.270803,0.27178001,0.27178001,746439220
2025-05-17,0.27178001,0.27221999,0.267131,0.26957899,0.26957899,639410332
2025-05-18,0.26957899,0.27421501,0.26441199,0.26779699,0.26779699,722358483
2025-05-19,0.26779699,0.26802701,0.26082101,0.26668799,0.26668799,731471875
2025-05-20,0.26668799,0.275105,0.26631099,0.26922101,0.26922101,874419925
2025-05-21,0.26922101,0.27413401,0.26603901,0.26852,0.26852,897131539
2025-05-22,0.26852801,0.28141201,0.26745999,0.27542999,0.27542999,1066710540
2025-05-23,0.27542999,0.27594799,0.265255,0.26854199,0.26854199,993291929
2025-05-24,0.26854199,0.27387401,0.268536,0.27042401,0.27042401,489492428
2025-05-25,0.27042401,0.27356201,0.268915,0.27179101,0.27179101,525550755
2025-05-26,0.27179101,0.27470601,0.27068901,0.274259,0.274259,485896907
2025-05-27,0.274259,0.278732,0.27226901,0.27780601,0.27780601,596629354
2025-05-28,0.27780601,0.27950501,0.27320999,0.273765,0.273765,504947693
2025-05-29,0.273765,0.27819401,0.272636,0.27456,0.27456,605812704
2025-05-30,0.27456,0.27607301,0.26694399,0.26717901,0.26717901,787547829
2025-05-31,0.26718301,0.269427,0.26359701,0.26577201,0.26577201,594027774
2025-06-01,0.26577201,0.27139699,0.26510501,0.271162,0.271162,378497088
2025-06-02,0.271162,0.271844,0.26608801,0.26890001,0.26890001,451237883
2025-06-03,0.26890001,0.27202901,0.26865101,0.27038699,0.27038699,411969740
2025-06-04,0.27038699,0.27464399,0.26810899,0.274483,0.274483,481260871
2025-06-05,0.274483,0.28319001,0.26648501,0.282731,0.282731,824255114
2025-06-06,0.28274199,0.28274199,0.275906,0.27772701,0.27772701,564694355
2025-06-07,0.277722,0.28705499,0.27757299,0.28704801,0.28704801,458669895
2025-06-08,0.28704801,0.28750601,0.28172001,0.28187701,0.28187701,474032930
2025-06-09,0.28187701,0.290093,0.28125101,0.28724101,0.28724101,565353681
2025-06-10,0.28724101,0.294274,0.28583401,0.29192701,0.29192701,687770384
2025-06-11,0.29192701,0.292523,0.27726999,0.279358,0.279358,868018073
2025-06-12,0.279358,0.279434,0.270735,0.272091,0.272091,832910600
2025-06-13,0.272091,0.27411401,0.267371,0.269867,0.269867,810142803
2025-06-14,0.269867,0.272084,0.26884401,0.27121601,0.27121601,332040120
2025-06-15,0.27121699,0.27405301,0.27044299,0.27395001,0.27395001,306729717
2025-06-16,0.27395001,0.28990799,0.27004999,0.27447701,0.27447701,1414479696
2025-06-17,0.27447599,0.27962101,0.27166101,0.27166101,0.27166101,847997900
2025-06-18,0.27166101,0.27493301,0.26792601,0.27314901,0.27314901,543996944
2025-06-19,0.27314901,0.276099,0.27234301,0.27471,0.27471,398476639
2025-06-20,0.27471,0.27549899,0.27038699,0.27240101,0.27240101,531970396
2025-06-21,0.27240101,0.27491999,0.269373,0.27086499,0.27086499,445290397
2025-06-22,0.27087101,0.27381301,0.259179,0.26347801,0.26347801,1049191227
2025-06-23,0.263477,0.27352899,0.26345101,0.273054,0.273054,822719436
2025-06-24,0.273054,0.27480099,0.270794,0.27388099,0.27388099,486150425
2025-06-25,0.27388099,0.275058,0.27070799,0.273155,0.273155,467399346
2025-06-26,0.273155,0.274661,0.270592,0.27097899,0.27097899,511751914
2025-06-27,0.27097899,0.27347401,0.27081999,0.27331901,0.27331901,387299465
2025-06-28,0.27331901,0.276553,0.27305201,0.27471399,0.27471399,345384291
2025-06-29,0.27471399,0.276887,0.27462801,0.27687299,0.27687299,275020893
2025-06-30,0.27687299,0.28069299,0.27626699,0.279753,0.279753,399544558
2025-07-01,0.279753,0.28014001,0.27799699,0.278851,0.278851,360863530
2025-07-02,0.278851,0.28520799,0.27860999,0.28454801,0.28454801,452777302
2025-07-03,0.284547,0.28750101,0.281997,0.286946,0.286946,503528274
2025-07-04,0.286946,0.28791699,0.28159499,0.28248799,0.28248799,435942312
2025-07-05,0.28248599,0.284868,0.281984,0.28336301,0.28336301,279689364
2025-07-06,0.28336301,0.28742501,0.28297001,0.28735301,0.28735301,284512467
2025-07-07,0.28735301,0.28879601,0.28571799,0.28665099,0.28665099,334920741
2025-07-08,0.28665099,0.28790799,0.28603601,0.28754699,0.28754699,324721580
2025-07-09,0.28754699,0.29011899,0.28665799,0.289951,0.289951,420605774
2025-07-10,0.289951,0.29384801,0.289655,0.29382199,0.29382199,545805389
2025-07-11,0.29382199,0.30340001,0.293255,0.300962,0.300962,1111326889
2025-07-12,0.300962,0.30667001,0.29767501,0.302367,0.302367,1217533359
2025-07-13,0.302367,0.30499399,0.300026,0.30293101,0.30293101,592789899
2025-07-14,0.30293101,0.30495101,0.300026,0.30252901,0.30252901,1019918202
2025-07-15,0.30252901,0.30288601,0.29554501,0.30050299,0.30050299,957143265
2025-07-16,0.30050299,0.30987,0.30002901,0.30966601,0.30966601,793908732
2025-07-17,0.30966601,0.31908301,0.307937,0.315651,0.315651,1477370638
2025-07-18,0.315651,0.33429801,0.31564999,0.32617301,0.32617301,2364744122
2025-07-19,0.32617199,0.32767099,0.31739599,0.318001,0.318001,1160520863
2025-07-20,0.318001,0.32049599,0.312823,0.31422099,0.31422099,968404779
2025-07-21,0.31422099,0.31794199,0.31139299,0.31434801,0.31434801,1254982250
2025-07-22,0.31434801,0.31606701,0.30752099,0.31573001,0.31573001,1366717361
2025-07-23,0.31573001,0.31865901,0.30597901,0.30968001,0.30968001,1659710300
2025-07-24,0.30968401,0.31588101,0.30124301,0.314015,0.314015,1625713322
2025-07-25,0.314015,0.31774101,0.31114399,0.31703201,0.31703201,1511642709
2025-07-26,0.31703201,0.32068899,0.316441,0.320135,0.320135,651127378
2025-07-27,0.320135,0.32286099,0.31911701,0.32007,0.32007,681999511
2025-07-28,0.32007,0.327039,0.31936201,0.32177699,0.32177699,1205600932
2025-07-29,0.32180101,0.34999701,0.321749,0.338236,0.338236,3051614908
2025-07-30,0.338236,0.34004101,0.32341501,0.32757401,0.32757401,1710704986
2025-07-31,0.32757401,0.32957,0.32455799,0.324873,0.324873,1010029751
2025-08-01,0.324873,0.32832801,0.321567,0.32347101,0.32347101,1737402625
2025-08-02,0.32347101,0.32868099,0.318939,0.321944,0.321944,1352004174
2025-08-03,0.321944,0.32805699,0.32067999,0.32765499,0.32765499,787867477
2025-08-04,0.327656,0.33316201,0.32721999,0.33294201,0.33294201,668378415
2025-08-05,0.33294201,0.334831,0.330044,0.33361399,0.33361399,922475428
2025-08-06,0.33361399,0.33797601,0.33147001,0.337174,0.337174,874864802
2025-08-07,0.337174,0.34165001,0.336743,0.338512,0.338512,970889261
2025-08-08,0.33851299,0.339854,0.33621499,0.33800599,0.33800599,1111261849
2025-08-09,0.33800599,0.33872899,0.335076,0.33528501,0.33528501,602355896
2025-08-10,0.33528301,0.34214699,0.33514699,0.33832601,0.33832601,842965152
2025-08-11,0.33832601,0.345779,0.33827299,0.34498599,0.34498599,1003068443
2025-08-12,0.344987,0.35358599,0.344511,0.352359,0.352359,1270416451
2025-08-13,0.352359,0.36245701,0.351928,0.36233899,0.36233899,1441490396
2025-08-14,0.36233801,0.36978701,0.35393599,0.35814101,0.35814101,2568781068
2025-08-15,0.35814101,0.36201501,0.34897801,0.35246399,0.35246399,1608484312
2025-08-16,0.35246399,0.35500601,0.34586501,0.34807199,0.34807199,931609755
2025-08-17,0.348075,0.355295,0.34757,0.35351601,0.35351601,915707869
2025-08-18,0.35351601,0.35430101,0.344859,0.35035801,0.35035801,1152014923
2025-08-19,0.35035801,0.352671,0.346277,0.34756801,0.34756801,1287049994
2025-08-20,0.34757501,0.35533699,0.34624699,0.35434899,0.35434899,1229408486
2025-08-21,0.35434899,0.35701701,0.35090399,0.35354099,0.35354099,1095353858
2025-08-22,0.35354099,0.36725599,0.35354099,0.36641499,0.36641499,1500759963
2025-08-23,0.36641499,0.36675099,0.36007899,0.36227399,0.36227399,965710293
2025-08-24,0.36227399,0.36830199,0.36131999,0.36153999,0.36153999,1241747761
2025-08-25,0.36153999,0.36154601,0.342051,0.342051,0.342051,1781678557
2025-08-26,0.342051,0.35290301,0.33936799,0.35197201,0.35197201,1384962659
2025-08-27,0.35197201,0.35198101,0.34503499,0.34505001,0.34505001,1069286386
2025-08-28,0.34505001,0.3497,0.34250399,0.34495401,0.34495401,828045290
2025-08-29,0.344951,0.345669,0.333639,0.338837,0.338837,1248429641
2025-08-30,0.338837,0.34077501,0.336588,0.339145,0.339145,579440986
2025-08-31,0.339145,0.34375101,0.33914101,0.340812,0.340812,527783303
2025-09-01,0.340812,0.341299,0.334151,0.33708501,0.33708501,974039173
2025-09-02,0.33708501,0.34052399,0.33557701,0.33801499,0.33801499,967907002
2025-09-03,0.33801499,0.342071,0.33678001,0.340792,0.340792,699105345
2025-09-04,0.340792,0.341737,0.33383501,0.33469599,0.33469599,830831487
2025-09-05,0.33469599,0.339145,0.33075199,0.33127099,0.33127099,1062025589
2025-09-06,0.33127099,0.33222699,0.30155599,0.31490901,0.31490901,1336984514
2025-09-07,0.31490901,0.331368,0.31235901,0.33090901,0.33090901,1661725397
2025-09-08,0.33090901,0.33550301,0.32951599,0.331312,0.331312,857702873
2025-09-09,0.331312,0.33826599,0.32987601,0.33503601,0.33503601,969245038
2025-09-10,0.33503601,0.33992401,0.334692,0.33838499,0.33838499,675161027
2025-09-11,0.338386,0.347752,0.338209,0.34644401,0.34644401,946846903
2025-09-12,0.34644401,0.35263401,0.34641999,0.35262999,0.35262999,830461305
2025-09-13,0.35262999,0.35475001,0.34812099,0.34981301,0.34981301,761085391
2025-09-14,0.34981301,0.351946,0.34694901,0.34858501,0.34858501,653754509
2025-09-15,0.34858501,0.35153601,0.34258899,0.34484801,0.34484801,920855324
2025-09-16,0.34484801,0.347123,0.34046501,0.34247699,0.34247699,820933052
2025-09-17,0.34247699,0.34461501,0.33902699,0.34343299,0.34343299,983893310
2025-09-18,0.34343201,0.351919,0.343005,0.35051101,0.35051101,941500909
2025-09-19,0.35051101,0.35247001,0.34340599,0.34394801,0.34394801,892004600
2025-09-20,0.34395501,0.34827399,0.343205,0.34684399,0.34684399,686766156
2025-09-21,0.34684399,0.346964,0.34225699,0.34284201,0.34284201,604017639
2025-09-22,0.34284201,0.34321901,0.33452299,0.34018099,0.34018099,1260558273
2025-09-23,0.34018099,0.34197301,0.334838,0.33607301,0.33607301,790809212
2025-09-24,0.33607301,0.33951601,0.33489099,0.33829999,0.33829999,631619871
2025-09-25,0.33829999,0.338572,0.330888,0.33192101,0.33192101,1043018617
2025-09-26,0.33192101,0.33860299,0.33191901,0.33852601,0.33852601,778218689
2025-09-27,0.33852601,0.33971101,0.33588901,0.33686501,0.33686501,445559819
2025-09-28,0.33686501,0.337237,0.33430901,0.335789,0.335789,404880068
2025-09-29,0.335789,0.33767799,0.33267099,0.337098,0.337098,550366574
2025-09-30,0.337098,0.33753899,0.331743,0.33369699,0.33369699,659060372
2025-10-01,0.33369699,0.342314,0.33328399,0.34187099,0.34187099,793296281
2025-10-02,0.34187099,0.34417301,0.34106699,0.34307799,0.34307799,741164730
2025-10-03,0.343079,0.34589499,0.341371,0.34209499,0.34209499,828336361
2025-10-04,0.34209499,0.34259599,0.33964899,0.34048,0.34048,515393932
2025-10-05,0.34047699,0.34348899,0.33992299,0.34142601,0.34142601,663306391
2025-10-06,0.34142601,0.34720501,0.34070301,0.34619999,0.34619999,849681635
2025-10-07,0.34619999,0.34703401,0.337594,0.33810699,0.33810699,920460384
2025-10-08,0.33810699,0.34259799,0.33675301,0.34217501,0.34217501,886913352
2025-10-09,0.34218401,0.34226999,0.334611,0.33668,0.33668,1009351036
2025-10-10,0.33667201,0.33729899,0.31554899,0.32098499,0.32098499,1780781408
2025-10-11,0.32098499,0.32141301,0.31220701,0.31463999,0.31463999,1227917045
2025-10-12,0.314639,0.32413,0.31130201,0.32315701,0.32315701,1156698805
2025-10-13,0.323172,0.32436201,0.32046801,0.322938,0.322938,989236002
2025-10-14,0.322938,0.32315299,0.30815601,0.31700099,0.31700099,1566113387
2025-10-15,0.31700099,0.32097301,0.311948,0.31951401,0.31951401,1175117529
2025-10-16,0.31951401,0.32357299,0.31373399,0.31558001,0.31558001,1142334489
2025-10-17,0.315586,0.31771001,0.30484599,0.309089,0.309089,1122635668
2025-10-18,0.309089,0.31472999,0.30885699,0.313135,0.313135,523613924
2025-10-19,0.313135,0.32118699,0.312637,0.32045001,0.32045001,506233918
2025-10-20,0.32045001,0.32423899,0.318371,0.32272801,0.32272801,687227839
2025-10-21,0.32269201,0.32538801,0.31765899,0.321843,0.321843,835879414
2025-10-22,0.32184201,0.32468,0.31813899,0.32229099,0.32229099,1088740975
2025-10-23,0.32229099,0.32368901,0.31328499,0.31389901,0.31389901,832368643
2025-10-24,0.31389901,0.31478,0.30328301,0.303938,0.303938,1087395237
2025-10-25,0.303938,0.30395499,0.29431,0.29713199,0.29713199,1096066510
2025-10-26,0.29713199,0.30143601,0.29451299,0.30044699,0.30044699,900752915
2025-10-27,0.30043101,0.30199501,0.297856,0.298356,0.298356,805617447
2025-10-28,0.298356,0.29972199,0.29363501,0.29564801,0.29564801,838763193
2025-10-29,0.295645,0.29832199,0.29228699,0.29610801,0.29610801,954407235
2025-10-30,0.29610801,0.29823899,0.28871599,0.29258999,0.29258999,1342123111
2025-10-31,0.29259101,0.29657701,0.29245099,0.296244,0.296244,700606996
2025-11-01,0.296244,0.298044,0.29488501,0.29741499,0.29741499,462508467
2025-11-02,0.29741499,0.29846001,0.29523501,0.29843801,0.29843801,459448324
2025-11-03,0.29843801,0.29844999,0.28097999,0.28121001,0.28121001,1705408727
2025-11-04,0.28121001,0.285761,0.27704701,0.285478,0.285478,1733018200
2025-11-05,0.285478,0.290194,0.28096601,0.28906399,0.28906399,806860618
2025-11-06,0.28906399,0.289303,0.282251,0.28370699,0.28370699,648649302
2025-11-07,0.28370801,0.294054,0.28341299,0.292041,0.292041,930466796
2025-11-08,0.292041,0.294451,0.29001099,0.291356,0.291356,543830533
2025-11-09,0.291352,0.29259399,0.288946,0.29083201,0.29083201,465840127
2025-11-10,0.29083201,0.296323,0.29047301,0.29631299,0.29631299,633899163
2025-11-11,0.29631299,0.301056,0.29628101,0.29673299,0.29673299,762813277
2025-11-12,0.29673299,0.300863,0.294101,0.29455301,0.29455301,729215354
2025-11-13,0.29455301,0.299613,0.29040599,0.293275,0.293275,939437097
2025-11-14,0.293275,0.29796499,0.28849101,0.292431,0.292431,1262069842
2025-11-15,0.292431,0.294626,0.291044,0.294429,0.294429,565627041
2025-11-16,0.294429,0.299014,0.28946799,0.292216,0.292216,912869263
2025-11-17,0.292216,0.29545799,0.28880399,0.29140499,0.29140499,970467959
2025-11-18,0.29140499,0.29283401,0.28685501,0.29029,0.29029,1008588009
2025-11-19,0.29029,0.29031399,0.28346699,0.286605,0.286605,885395533
2025-11-20,0.286605,0.287846,0.27732599,0.28022701,0.28022701,873695165
2025-11-21,0.28022701,0.281728,0.27412301,0.276454,0.276454,1470725463
2025-11-22,0.276454,0.27704,0.27312899,0.27412999,0.27412999,731185993
2025-11-23,0.27412999,0.27561399,0.27388501,0.27507299,0.27507299,488311538
2025-11-24,0.275076,0.27739,0.274656,0.274809,0.274809,701109140
2025-11-25,0.274809,0.27482799,0.27111501,0.27435499,0.27435499,659274813
2025-11-26,0.27435499,0.277183,0.27398199,0.27651599,0.27651599,507442065
2025-11-27,0.27651599,0.28040099,0.27619499,0.2802,0.2802,484871139
2025-11-28,0.28019899,0.28231099,0.27985701,0.281111,0.281111,580424106
2025-11-29,0.281111,0.28186399,0.28047299,0.28103,0.28103,344374394
2025-11-30,0.28103,0.28307101,0.27972201,0.28168499,0.28168499,377624845
2025-12-01,0.28168499,0.28169501,0.27558699,0.27699801,0.27699801,906381700
2025-12-02,0.27699801,0.283167,0.27661899,0.28112701,0.28112701,643804446
2025-12-03,0.28112501,0.28154901,0.278458,0.28058001,0.28058001,574777439
2025-12-04,0.28058001,0.28611201,0.279434,0.28608799,0.28608799,586418450
2025-12-05,0.28608799,0.28793401,0.28428501,0.28563201,0.28563201,719787684
2025-12-06,0.28563201,0.29047701,0.285606,0.287422,0.287422,505914609
2025-12-07,0.287422,0.28775501,0.284325,0.28689599,0.28689599,523906170
2025-12-08,0.28689599,0.28794101,0.28140399,0.281425,0.281425,520147828
2025-12-09,0.281425,0.283483,0.280011,0.282296,0.282296,622194972
2025-12-10,0.282296,0.28266299,0.27706701,0.280155,0.280155,626540418
2025-12-11,0.28016001,0.28183201,0.27816501,0.28054801,0.28054801,579517973
2025-12-12,0.28054801,0.28074601,0.273736,0.27375099,0.27375099,510498073
2025-12-13,0.27375099,0.27503699,0.270982,0.27116799,0.27116799,404574723
2025-12-14,0.27116799,0.27743599,0.27085999,0.277219,0.277219,527760656
2025-12-15,0.27721801,0.282534,0.27721801,0.27819401,0.27819401,774248826
2025-12-16,0.27819401,0.28177899,0.277722,0.280352,0.280352,554211462
2025-12-17,0.280352,0.28161201,0.27854201,0.27943799,0.27943799,602545215
2025-12-18,0.27943799,0.281535,0.27693,0.27935001,0.27935001,605773075
2025-12-19,0.279349,0.280449,0.27795401,0.280027,0.280027,571179154
2025-12-20,0.280027,0.28147599,0.27853301,0.28147599,0.28147599,403992963
2025-12-21,0.28147599,0.28851101,0.28141001,0.28827301,0.28827301,548526329
2025-12-22,0.28827301,0.28897199,0.28322801,0.284367,0.284367,619565802
2025-12-23,0.284367,0.28457099,0.28228,0.283279,0.283279,442731349
2025-12-24,0.283279,0.28426701,0.279524,0.28018001,0.28018001,548916817
2025-12-25,0.28018001,0.28075901,0.27688,0.27867699,0.27867699,427247810
2025-12-26,0.27867699,0.279971,0.277466,0.279511,0.279511,443798577
2025-12-27,0.279511,0.28464201,0.27857301,0.28463,0.28463,451818970
2025-12-28,0.28463101,0.28520501,0.28316501,0.28491399,0.28491399,425119511
2025-12-29,0.28491399,0.28552899,0.28130099,0.28461599,0.28461599,607571518
2025-12-30,0.28461599,0.28649399,0.283939,0.28613701,0.28613701,491384484
2025-12-31,0.28613701,0.286356,0.282076,0.284271,0.284271,441545783
2026-01-01,0.284271,0.28652301,0.28314701,0.28652301,0.28652301,401398281
2026-01-02,0.28652301,0.288798,0.28414801,0.28877199,0.28877199,515202672
2026-01-03,0.28877199,0.29536599,0.28780201,0.29536301,0.29536301,497185791
2026-01-04,0.29536301,0.29558301,0.29335099,0.293874,0.293874,491487931
2026-01-05,0.29387099,0.29537201,0.29174,0.292133,0.292133,605132608
2026-01-06,0.292133,0.294036,0.29110399,0.294025,0.294025,560901613
2026-01-07,0.294025,0.298329,0.29383999,0.297905,0.297905,638247213
2026-01-08,0.297905,0.29822099,0.29428601,0.294725,0.294725,595042486
2026-01-09,0.294727,0.29910001,0.29224899,0.297968,0.297968,607037011
2026-01-10,0.297968,0.30177799,0.297034,0.301768,0.301768,480902572
2026-01-11,0.30176699,0.30278999,0.29821199,0.29927301,0.29927301,560171687
2026-01-12,0.29927301,0.30028501,0.296976,0.29946601,0.29946601,510061297
2026-01-13,0.29946601,0.30706301,0.298204,0.30702201,0.30702201,669720713
2026-01-14,0.30702201,0.30711499,0.30100399,0.304737,0.304737,691696563
2026-01-15,0.304737,0.31235299,0.302432,0.311977,0.311977,837724804
2026-01-16,0.311977,0.31228101,0.30532801,0.30936199,0.30936199,5230766394
2026-01-17,0.30936199,0.319262,0.30896401,0.31845301,0.31845301,1496113959
2026-01-18,0.31845301,0.320714,0.315247,0.317738,0.317738,620240218
2026-01-19,0.317752,0.32038099,0.30820999,0.31174001,0.31174001,828519936
2026-01-20,0.31174001,0.313723,0.29678199,0.29678199,0.29678199,804856859
2026-01-21,0.29677901,0.300046,0.29495099,0.29905099,0.29905099,739560135
2026-01-22,0.29905099,0.30731401,0.29839599,0.30498001,0.30498001,645666280
2026-01-23,0.30498001,0.31016701,0.29595199,0.29749599,0.29749599,729227651
2026-01-24,0.29749599,0.297685,0.29366201,0.29505,0.29505,472825680
2026-01-25,0.29505,0.29833999,0.29436499,0.29545999,0.29545999,515427059
2026-01-26,0.29545999,0.29695699,0.29449499,0.296381,0.296381,475902605
2026-01-27,0.296381,0.296399,0.292772,0.294245,0.294245,465584522
2026-01-28,0.294245,0.29501501,0.29071799,0.29498401,0.29498401,574962678
2026-01-29,0.29499701,0.295167,0.28993899,0.29453099,0.29453099,706897989
2026-01-30,0.29453099,0.29499501,0.28852001,0.29383001,0.29383001,891257478
2026-01-31,0.29383001,0.29388401,0.28421301,0.28644699,0.28644699,897107311
2026-02-01,0.28644699,0.28732499,0.28391799,0.284585,0.284585,698969425
2026-02-02,0.284585,0.28524899,0.28149399,0.28312299,0.28312299,924181833
2026-02-03,0.28312299,0.286351,0.28128701,0.28562701,0.28562701,752378135
2026-02-04,0.28562701,0.287137,0.28171301,0.28277299,0.28277299,757152835
2026-02-05,0.28277299,0.28316599,0.269198,0.26919901,0.26919901,1230902066
2026-02-06,0.26919901,0.27402499,0.26813799,0.273972,0.273972,1150116281
2026-02-07,0.273972,0.27846,0.273197,0.27808499,0.27808499,748957619
2026-02-08,0.27808499,0.27943999,0.27610499,0.277825,0.277825,527482060
2026-02-09,0.277821,0.279174,0.276333,0.278721,0.278721,609905439
2026-02-10,0.27873299,0.280184,0.27606401,0.27785599,0.27785599,515007148
2026-02-11,0.27785599,0.27814201,0.27382699,0.278133,0.278133,615889125
2026-02-12,0.27813101,0.279991,0.27616099,0.27974999,0.27974999,577939223
2026-02-13,0.27974999,0.28231299,0.276898,0.28208101,0.28208101,619946555
2026-02-14,0.28208101,0.28379199,0.281885,0.28253099,0.28253099,456955213
2026-02-15,0.28253099,0.28256801,0.27976501,0.28041101,0.28041101,491564935
2026-02-16,0.28041101,0.28519899,0.279468,0.28431201,0.28431201,571693196
2026-02-17,0.28431201,0.28520799,0.27964401,0.28199801,0.28199801,578640756
2026-02-18,0.28199801,0.28206599,0.278283,0.27866301,0.27866301,482485341
2026-02-19,0.27866301,0.28514999,0.27838901,0.28457201,0.28457201,598240450
2026-02-20,0.28457201,0.286549,0.282882,0.285478,0.285478,655977062
2026-02-21,0.28547901,0.28953001,0.284502,0.288914,0.288914,432453880
2026-02-22,0.288914,0.29104701,0.28738499,0.29049799,0.29049799,446962652
2026-02-23,0.29049799,0.29050899,0.280945,0.281611,0.281611,629400795
2026-02-24,0.281611,0.28360599,0.280139,0.28330699,0.28330699,506360914
2026-02-25,0.28330699,0.287193,0.28330299,0.285344,0.285344,620700148
2026-02-26,0.285339,0.28738299,0.28503099,0.28569099,0.28569099,488641150
2026-02-27,0.28569099,0.28578401,0.28195599,0.28285301,0.28285301,480575751
2026-02-28,0.28285199,0.28287899,0.278604,0.281964,0.281964,485306095
2026-03-01,0.281964,0.28339601,0.280128,0.280707,0.280707,435591460
2026-03-02,0.280707,0.28337801,0.280705,0.28333801,0.28333801,454935075
2026-03-03,0.28333601,0.28355199,0.28024,0.28051901,0.28051901,446666167
2026-03-04,0.28051901,0.288032,0.279145,0.28708699,0.28708699,693946506
2026-03-05,0.28708699,0.288001,0.28253099,0.285151,0.285151,600892699
2026-03-06,0.285151,0.28713399,0.284509,0.284574,0.284574,451671049
2026-03-07,0.284574,0.28685701,0.28332999,0.28653601,0.28653601,360843643
2026-03-08,0.28653601,0.29069701,0.285979,0.28906101,0.28906101,471075203
2026-03-09,0.28906101,0.29087901,0.28446901,0.28550699,0.28550699,538401377
2026-03-10,0.28550699,0.28637901,0.28390801,0.285817,0.285817,442927619
2026-03-11,0.28581801,0.29159299,0.285402,0.291024,0.291024,516796469
2026-03-12,0.291024,0.29193199,0.288683,0.28907701,0.28907701,428800465
2026-03-13,0.289076,0.293488,0.288573,0.29343799,0.29343799,503834384
2026-03-14,0.29343799,0.29894301,0.29297599,0.29812199,0.29812199,498367625
2026-03-15,0.29812199,0.29907501,0.29608101,0.29887801,0.29887801,407613628
2026-03-16,0.29887599,0.29888299,0.295405,0.295728,0.295728,469963551
2026-03-17,0.295728,0.30744299,0.295407,0.306761,0.306761,659827918
2026-03-18,0.30676001,0.30897301,0.29994699,0.30439401,0.30439401,635566620
2026-03-19,0.30439401,0.305087,0.29929501,0.30349699,0.30349699,609919577
2026-03-20,0.30349699,0.310736,0.30307499,0.30991399,0.30991399,545679597
2026-03-21,0.30991399,0.31304201,0.307803,0.31175801,0.31175801,579557266
2026-03-22,0.31174299,0.31863499,0.308099,0.310487,0.310487,799238943
2026-03-23,0.310487,0.31171599,0.30368599,0.307762,0.307762,655598921
2026-03-24,0.307762,0.31185499,0.306059,0.306072,0.306072,544756197
2026-03-25,0.306072,0.316407,0.305556,0.31457901,0.31457901,499284832
2026-03-26,0.31457901,0.31595901,0.30891299,0.311187,0.311187,572350257
2026-03-27,0.311196,0.31680501,0.30794001,0.31086999,0.31086999,756710706
2026-03-28,0.31086999,0.31824499,0.30979499,0.31651399,0.31651399,519472940
2026-03-29,0.31651399,0.32441801,0.31476101,0.32144099,0.32144099,564935352
2026-03-30,0.32144099,0.32397401,0.31645599,0.31945401,0.31945401,674791736
2026-03-31,0.31945401,0.32130599,0.31111199,0.313209,0.313209,652542611
2026-04-01,0.313209,0.316291,0.31303799,0.315662,0.315662,621447256
2026-04-02,0.315662,0.316423,0.31399599,0.31533101,0.31533101,625377492
2026-04-03,0.31533,0.315366,0.31306601,0.31516999,0.31516999,435262178
2026-04-04,0.31516999,0.31789899,0.31501999,0.31757,0.31757,395387820
2026-04-05,0.31757,0.31960201,0.317101,0.31885201,0.31885201,461423066
2026-04-06,0.31885201,0.31928301,0.315644,0.31659901,0.31659901,486448773
2026-04-07,0.31659901,0.316668,0.31341299,0.31546399,0.31546399,485438496
2026-04-08,0.315458,0.31832701,0.31469101,0.31790999,0.31790999,531567690
2026-04-09,0.31790999,0.320472,0.31676,0.32036901,0.32036901,552693941
2026-04-10,0.32036901,0.32078901,0.31709701,0.31923199,0.31923199,529289927
2026-04-11,0.31923199,0.319971,0.31769401,0.31895599,0.31895599,484189248
2026-04-12,0.31895599,0.322961,0.318602,0.321491,0.321491,555475733
2026-04-13,0.321491,0.32229501,0.31932601,0.32052201,0.32052201,661884630
2026-04-14,0.32052201,0.32375601,0.32016301,0.323715,0.323715,698997369
2026-04-15,0.323715,0.328565,0.32197899,0.32714099,0.32714099,864951374
2026-04-16,0.32714099,0.32783499,0.325156,0.32699701,0.32699701,729954007
2026-04-17,0.32699701,0.327898,0.32353699,0.32786301,0.32786301,832289939
2026-04-18,0.32786301,0.33013299,0.326648,0.32966501,0.32966501,706657285
2026-04-19,0.32966301,0.336532,0.327665,0.32920501,0.32920501,1046538491
2026-04-20,0.32920501,0.33292601,0.32713601,0.329265,0.329265,816308862
2026-04-21,0.329265,0.33549201,0.328228,0.33283299,0.33283299,753124461
2026-04-22,0.33283299,0.335049,0.32818699,0.32970101,0.32970101,910566836
2026-04-23,0.32970101,0.33029601,0.327131,0.32886299,0.32886299,737662732
2026-04-24,0.32886299,0.32896501,0.32147199,0.32364401,0.32364401,901986024
2026-04-25,0.32363901,0.324563,0.32216299,0.32400799,0.32400799,594577275
2026-04-26,0.32400799,0.324352,0.32306099,0.323531,0.323531,503739488
2026-04-27,0.323531,0.32631001,0.323333,0.325239,0.325239,665550490
2026-04-28,0.325239,0.32555601,0.32255501,0.32301,0.32301,617060438
2026-04-29,0.32301,0.32359901,0.32172501,0.32305801,0.32305801,667348996
2026-04-30,0.32305801,0.326839,0.323048,0.326478,0.326478,681294821
2026-05-01,0.326478,0.32718199,0.325616,0.326664,0.326664,616915853
2026-05-02,0.326664,0.333635,0.326341,0.330181,0.330181,767738225
2026-05-03,0.330181,0.34305301,0.32956499,0.338539,0.338539,977582336
2026-05-04,0.338539,0.34146801,0.337549,0.34115201,0.34115201,819501509
2026-05-05,0.34115201,0.34586701,0.337834,0.34464899,0.34464899,874448592
2026-05-06,0.34464899,0.34728,0.34209499,0.34623101,0.34623101,790300803
2026-05-07,0.34623101,0.349691,0.34413299,0.348977,0.348977,664375054
2026-05-08,0.348977,0.351551,0.346816,0.35061401,0.35061401,783693536
2026-05-09,0.35061401,0.353284,0.34989899,0.350155,0.350155,677681939
2026-05-10,0.350155,0.352135,0.3488,0.350676,0.350676,549619593
2026-05-11,0.350676,0.35252899,0.34925199,0.35106999,0.35106999,657913041
2026-05-12,0.35106999,0.35117799,0.34727201,0.34898901,0.34898901,729935686
2026-05-13,0.34898901,0.35142899,0.34855101,0.34956801,0.34956801,650694994
2026-05-14,0.34956801,0.35534099,0.34920001,0.35362601,0.35362601,711130328
2026-05-15,0.35362601,0.354049,0.35001299,0.35197899,0.35197899,758765587
2026-05-16,0.35197899,0.355207,0.349316,0.35506099,0.35506099,718196467
2026-05-17,0.35506099,0.357319,0.35345599,0.355425,0.355425,627662475
2026-05-18,0.355425,0.35788101,0.35402301,0.35543001,0.35543001,807507084
2026-05-19,0.35543001,0.357288,0.35416001,0.355939,0.355939,652664302
2026-05-20,0.355939,0.35955799,0.35508001,0.358917,0.358917,690236808
2026-05-21,0.358917,0.365024,0.35848999,0.365024,0.365024,779801942
2026-05-22,0.365024,0.36594099,0.35969099,0.361893,0.361893,803849762
2026-05-23,0.361893,0.36298999,0.35831201,0.362472,0.362472,729320431
2026-05-24,0.362472,0.36746001,0.36169401,0.36510599,0.36510599,663237104
2026-05-25,0.365105,0.37323999,0.36368001,0.37163699,0.37163699,923663015
2026-05-26,0.37163699,0.37633201,0.37110499,0.375375,0.375375,964457090
2026-05-27,0.375375,0.375375,0.36761099,0.36776301,0.36776301,794161650
2026-05-28,0.36776301,0.368002,0.34778699,0.35253301,0.35253301,1316283317
2026-05-29,0.352534,0.35255599,0.34066799,0.34397799,0.34397799,1092385097
2026-05-30,0.34397799,0.348748,0.34164,0.347655,0.347655,742165013
2026-05-31,0.347655,0.35086799,0.345007,0.350858,0.350858,630806789
2026-06-01,0.350858,0.35208699,0.34308901,0.34318501,0.34318501,810079623
2026-06-02,0.34318501,0.343207,0.33200601,0.332315,0.332315,728879810
2026-06-03,0.332311,0.33529299,0.32938299,0.332937,0.332937,635186762
2026-06-04,0.332937,0.33319601,0.32626501,0.33201501,0.33201501,880540401
2026-06-05,0.33201501,0.33215901,0.31932601,0.32008201,0.32008201,1027917186
2026-06-06,0.32008201,0.324016,0.31843799,0.32400599,0.32400599,578772831
2026-06-07,0.32399499,0.329449,0.32284901,0.32655701,0.32655701,519121084
2026-06-08,0.32655701,0.32778701,0.32551,0.32654899,0.32654899,489756940
2026-06-09,0.32654899,0.32667199,0.32073399,0.32261601,0.32261601,517488140
2026-06-10,0.32261601,0.322999,0.320696,0.32075199,0.32075199,449018060
2026-06-11,0.32075199,0.322438,0.31279099,0.31649601,0.31649601,694248755
2026-06-12,0.31649601,0.31651399,0.311759,0.31525299,0.31525299,525796609
2026-06-13,0.31525299,0.31825501,0.31477299,0.317074,0.317074,359055675
2026-06-14,0.317074,0.320158,0.315433,0.320144,0.320144,393873103
2026-06-15,0.320144,0.32167301,0.318344,0.31847399,0.31847399,549707000
2026-06-16,0.31847399,0.31881201,0.315999,0.31661099,0.31661099,451994746
2026-06-17,0.31661099,0.32185501,0.31644699,0.32147399,0.32147399,531699765
2026-06-18,0.32147399,0.32216701,0.31800801,0.32040101,0.32040101,476893294
2026-06-19,0.32040501,0.32363799,0.319529,0.32361901,0.32361901,536208203
2026-06-20,0.32361901,0.32656601,0.321776,0.32637799,0.32637799,564022273
2026-06-21,0.32637799,0.32788801,0.325636,0.32727,0.32727,345174092
2026-06-22,0.32727,0.333653,0.32725099,0.33365199,0.33365199,551855546
2026-06-23,0.33365199,0.333832,0.32835001,0.32889399,0.32889399,484296359
2026-06-24,0.32889399,0.331249,0.32478601,0.326965,0.326965,854480412
2026-06-25,0.32696199,0.32987699,0.32236701,0.32339701,0.32339701,854796095
2026-06-26,0.32339701,0.32367599,0.318508,0.320117,0.320117,696559182
2026-06-27,0.320117,0.320995,0.319534,0.32075399,0.32075399,427738193
2026-06-28,0.32075399,0.32397199,0.32075199,0.321632,0.321632,526991880
2026-06-29,0.321632,0.324173,0.320575,0.320887,0.320887,610496709
2026-06-30,0.320887,0.32092601,0.31456399,0.31496301,0.31496301,633246570
2026-07-01,0.314964,0.31823799,0.31403399,0.31570601,0.31570601,558077237
2026-07-02,0.315705,0.31881899,0.31513101,0.31717399,0.31717399,458929565
2026-07-03,0.31717899,0.323273,0.31679401,0.32288599,0.32288599,535156067
2026-07-04,0.32288,0.32620901,0.322662,0.32498801,0.32498801,430411876
2026-07-05,0.32498801,0.32993001,0.324009,0.328998,0.328998,536020814
2026-07-06,0.328998,0.32979101,0.32624599,0.32945499,0.32945499,569837416
2026-07-07,0.32945499,0.33278999,0.32890499,0.33150399,0.33150399,470009645
2026-07-08,0.33150399,0.331815,0.326864,0.32821599,0.32821599,526704309
2026-07-09,0.32821599,0.332268,0.32772899,0.33190399,0.33190399,460774193
2026-07-10,0.33189899,0.33317101,0.32927099,0.33024099,0.33024099,461816633
2026-07-11,0.33024201,0.33142701,0.328724,0.32985201,0.32985201,354457549
2026-07-12,0.32985401,0.33187601,0.32928801,0.33130401,0.33130401,373675550
2026-07-13,0.331303,0.331938,0.32373601,0.32404801,0.32404801,559316833
2026-07-14,0.324047,0.32611001,0.323625,0.32572001,0.32572001,470478487
2026-07-15,0.32572201,0.32839501,0.32393199,0.32433799,0.32433799,528587887
2026-07-16,0.32433701,0.32469001,0.32282901,0.32299,0.32299,410286503
2026-07-17,0.32299,0.323569,0.321457,0.32255399,0.32255399,417049512
2026-07-18,0.32255301,0.32608199,0.321684,0.325645,0.325645,390632425
2026-07-19,0.325645,0.32736599,0.325266,0.32704499,0.32704499,326736120
2026-07-20,0.32704499,0.327178,0.32510799,0.32663599,0.32663599,418771906
2026-07-21,0.32663599,0.32971501,0.325681,0.32945901,0.32945901,436287902
2026-07-22,0.32945901,0.33016399,0.32784501,0.32877001,0.32877001,377947298
2026-07-23,0.32877001,0.32918599,0.326074,0.328605,0.328605,415525912
2026-07-24,0.328605,0.33209699,0.328058,0.330511,0.330511,446538833
2026-07-25,0.330511,0.33307901,0.32920501,0.33127901,0.33127901,374137793
2026-07-26,0.33127901,0.332674,0.33036,0.33209699,0.33209699,305007434
2026-07-27,0.33209899,0.33210799,0.32484001,0.32486501,0.32486501,497106714
2026-07-28,0.32485801,0.32586801,0.32326901,0.32447001,0.32447001,471825658
2026-07-29,0.32447499,0.327079,0.32413101,0.32533199,0.32533199,405230808
2026-07-30,0.32533401,0.32922399,0.32521999,0.32834101,0.32834101,419894754
2026-07-31,0.328343,0.32883501,0.32561901,0.32569399,0.32569399,471341460
2026-08-01,0.32569399,0.32894799,0.32565501,0.32753599,0.32753599,402948997
2026-08-02,0.32753599,0.328345,0.32610601,0.32640699,0.32640699,385920513
2026-08-03,0.32640699,0.329166,0.32521701,0.32850799,0.32850799,443613843
2026-08-04,0.32850799,0.33088699,0.32692,0.32693499,0.32693499,540257385
2026-08-05,0.32693499,0.328787,0.32617101,0.32704499,0.32704499,487371129
2026-08-06,0.32704401,0.32848099,0.325654,0.32686001,0.32686001,427110107
2026-08-07,0.32686001,0.328141,0.326343,0.32740301,0.32740301,392364607
2026-08-08,0.32740399,0.32925001,0.327115,0.32876,0.32876,293051632
2026-08-09,0.32876,0.33004999,0.32875201,0.329588,0.329588,295463645
2026-08-10,0.329588,0.33158299,0.329465,0.330553,0.330553,869925105
2026-08-11,0.330553,0.33719099,0.330506,0.33476499,0.33476499,546777468
2026-08-12,0.334766,0.337145,0.33327901,0.33581901,0.33581901,425802092
2026-08-13,0.335807,0.33790299,0.33298901,0.33427301,0.33427301,447085183
2026-08-14,0.334272,0.334304,0.331792,0.33245501,0.33245501,356543597
2026-08-15,0.33245501,0.332993,0.33058399,0.330915,0.330915,330925337
2026-08-16,0.33091599,0.33212799,0.330625,0.330807,0.330807,270880662
2026-08-17,0.330807,0.33318701,0.32832101,0.331065,0.331065,414694175
2026-08-18,0.33107001,0.334712,0.33061099,0.33263001,0.33263001,466061919
2026-08-19,0.33263001,0.33432201,0.33158901,0.334243,0.334243,482622316
2026-08-20,0.33423501,0.34012699,0.33203799,0.33741999,0.33741999,744774625
2026-08-21,0.337421,0.34334999,0.337414,0.34334999,0.34334999,615856506
2026-08-22,0.34334999,0.349996,0.342134,0.34423101,0.34423101,935368222
2026-08-23,0.344226,0.34539101,0.341986,0.343963,0.343963,484245251
2026-08-24,0.343963,0.34481299,0.34287399,0.344791,0.344791,498330383
2026-08-25,0.34479201,0.346589,0.33600599,0.33610299,0.33610299,679917468
2026-08-26,0.33610299,0.338927,0.33425999,0.33604601,0.33604601,642144110
2026-08-27,0.33604401,0.33847201,0.334023,0.33770299,0.33770299,539436692
2026-08-28,0.337699,0.34203601,0.33753201,0.341351,0.341351,655902044
2026-08-29,0.34134701,0.342006,0.33775499,0.34085,0.34085,386227341
2026-08-30,0.340848,0.34145001,0.335933,0.336045,0.336045,387331446
2026-08-31,0.336043,0.33719501,0.33195201,0.33255199,0.33255199,575879612
2026-09-01,0.33255199,0.332555,0.32197699,0.322256,0.322256,850637086
2026-09-02,0.322256,0.32528999,0.321569,0.325111,0.325111,432968681
2026-09-03,0.32510701,0.332041,0.32462001,0.33080599,0.33080599,552161778
2026-09-04,0.33080599,0.332003,0.32777199,0.33153701,0.33153701,483536254
2026-09-05,0.33153901,0.33474699,0.33147699,0.33392701,0.33392701,308281984
2026-09-06,0.33392701,0.336274,0.33300301,0.335233,0.335233,294984933
2026-09-07,0.33523399,0.33726701,0.333801,0.33448499,0.33448499,376254749
2026-09-08,0.334483,0.33989501,0.33418599,0.33882299,0.33882299,465335428
2026-09-09,0.33882299,0.34062701,0.33808899,0.338875,0.338875,403530148
2026-09-10,0.338875,0.34092399,0.33823201,0.33987099,0.33987099,441028790
2026-09-11,0.33987299,0.340983,0.335574,0.33848301,0.33848301,508378950
2026-09-12,0.338485,0.34402299,0.33847299,0.33984599,0.33984599,425665582
2026-09-13,0.33984599,0.34154499,0.33829501,0.33830699,0.33830699,302053356
2026-09-14,0.33830899,0.34194499,0.33770901,0.338063,0.338063,465011330
2026-09-15,0.33806601,0.33905599,0.33192599,0.332822,0.332822,521480866
2026-09-16,0.332822,0.336025,0.332075,0.335408,0.335408,404738150
2026-09-17,0.33540899,0.33582601,0.33344099,0.33466101,0.33466101,309530708
2026-09-18,0.33465901,0.339726,0.33452699,0.33827499,0.33827499,427178144
2026-09-19,0.33827701,0.34049401,0.33702001,0.339733,0.339733,386287378
2026-09-20,0.33973199,0.346558,0.339035,0.34254199,0.34254199,462637362
2026-09-21,0.34254301,0.345557,0.34254199,0.34456199,0.34456199,476794172
2026-09-22,0.34456199,0.349051,0.34046599,0.341979,0.341979,697342858
2026-09-23,0.34198001,0.344863,0.33858901,0.34191599,0.34191599,540585391
