Date,Open,High,Low,Close,Adj Close,Volume
2017-11-09,0.033792,0.040380001,0.033744,0.039946001,0.039946001,32813200
2017-11-10,0.039833002,0.039833002,0.031366002,0.033073001,0.033073001,32634200
2017-11-11,0.033082999,0.035829,0.031881001,0.033053,0.033053,17914400
2017-11-12,0.032965001,0.033333998,0.027469,0.028182,0.028182,17002300
2017-11-13,0.028115001,0.031968001,0.028041,0.030656001,0.030656001,11245700
2017-11-14,0.030609,0.037129,0.030382,0.036373999,0.036373999,18880900
2017-11-15,0.036471002,0.037342999,0.034680001,0.037053,0.037053,28206500
2017-11-16,0.036986999,0.037896998,0.034634002,0.037234001,0.037234001,20597200
2017-11-17,0.037144002,0.037292998,0.034894001,0.035572,0.035572,11612900
2017-11-18,0.035494,0.036582999,0.034651998,0.036582999,0.036582999,6979350
2017-11-19,0.036481999,0.039944999,0.036038999,0.036566,0.036566,17796700
2017-11-20,0.036619,0.039783001,0.036173999,0.038121,0.038121,13726200
2017-11-21,0.038127001,0.03906,0.036212001,0.037668001,0.037668001,9113270
2017-11-22,0.037668999,0.042298999,0.037565999,0.042298999,0.042298999,13859400
2017-11-23,0.042674001,0.044142,0.040149,0.040534999,0.040534999,22012000
2017-11-24,0.040437002,0.041181002,0.038938999,0.040192999,0.040192999,11277900
2017-11-25,0.040279999,0.043942999,0.040040001,0.043639001,0.043639001,10488700
2017-11-26,0.043761998,0.049111001,0.043761998,0.048896,0.048896,30583700
2017-11-27,0.048866,0.062059,0.048501,0.059843,0.059843,45702000
2017-11-28,0.056876998,0.084987,0.056485999,0.081414998,0.081414998,142588992
2017-11-29,0.081938997,0.099881001,0.060392998,0.064424001,0.064424001,232135008
2017-11-30,0.065554,0.078906,0.063938998,0.072871,0.072871,66684900
2017-12-01,0.072181001,0.091458999,0.071534,0.089883,0.089883,102074000
2017-12-02,0.090184003,0.098518997,0.089947,0.093815997,0.093815997,82791104
2017-12-03,0.093530998,0.096905999,0.086839996,0.089034997,0.089034997,55809800
2017-12-04,0.089487001,0.097609997,0.087554,0.097609997,0.097609997,37476600
2017-12-05,0.097240001,0.127591,0.093964003,0.123523,0.123523,152740992
2017-12-06,0.121563,0.167933,0.111746,0.151622,0.151622,384659008
2017-12-07,0.15329701,0.177148,0.131568,0.133046,0.133046,312352992
2017-12-08,0.137887,0.145762,0.120002,0.13726,0.13726,188452000
2017-12-09,0.14034601,0.147715,0.124521,0.135122,0.135122,102117000
2017-12-10,0.138053,0.138053,0.103975,0.119263,0.119263,91047600
2017-12-11,0.118252,0.151842,0.117751,0.14495599,0.14495599,117548000
2017-12-12,0.143231,0.16220801,0.13617601,0.156444,0.156444,135847008
2017-12-13,0.154966,0.16284101,0.14041001,0.149342,0.149342,107122000
2017-12-14,0.148829,0.20977899,0.147458,0.188907,0.188907,281635008
2017-12-15,0.19856501,0.20466299,0.16398799,0.195862,0.195862,260228992
2017-12-16,0.196077,0.236646,0.190341,0.232125,0.232125,234172992
2017-12-17,0.234672,0.30067801,0.227982,0.26662099,0.26662099,423360992
2017-12-18,0.27316701,0.27807501,0.257238,0.276283,0.276283,201720992
2017-12-19,0.27601701,0.300504,0.245986,0.26431,0.26431,212548992
2017-12-20,0.26481301,0.26520601,0.21369,0.252386,0.252386,250599008
2017-12-21,0.25289401,0.28078601,0.24067201,0.2572,0.2572,199122000
2017-12-22,0.258506,0.27619299,0.161494,0.216717,0.216717,229459008
2017-12-23,0.22081199,0.26345301,0.213736,0.23417901,0.23417901,116122000
2017-12-24,0.236793,0.237185,0.198229,0.22445001,0.22445001,71071600
2017-12-25,0.226538,0.234519,0.212722,0.22851101,0.22851101,71737296
2017-12-26,0.22864901,0.23291799,0.210969,0.226018,0.226018,96759296
2017-12-27,0.226261,0.23326699,0.216719,0.229224,0.229224,78509400
2017-12-28,0.22782101,0.228361,0.200481,0.223544,0.223544,75925400
2017-12-29,0.22377799,0.33576,0.22268,0.32294101,0.32294101,387880000
2017-12-30,0.31647301,0.39038,0.289056,0.32320201,0.32320201,537916032
2017-12-31,0.317846,0.36430201,0.30745399,0.36075601,0.36075601,183768000
2018-01-01,0.36042199,0.52359301,0.36042199,0.48000801,0.48000801,669372032
2018-01-02,0.496876,0.59364498,0.47274801,0.56476599,0.56476599,676667008
2018-01-03,0.56272,0.919994,0.562572,0.896227,0.896227,1513270016
2018-01-04,0.89239901,0.93814403,0.67749602,0.72404999,0.72404999,892268032
2018-01-05,0.73945701,0.79196697,0.57750899,0.66271198,0.66271198,727409024
2018-01-06,0.66306001,0.78850698,0.61430001,0.70994502,0.70994502,440182016
2018-01-07,0.70973003,0.744735,0.66108,0.69964498,0.69964498,347556992
2018-01-08,0.695952,0.695952,0.55576903,0.62932301,0.62932301,249426000
2018-01-09,0.62802601,0.64955199,0.56815898,0.58565301,0.58565301,208330000
2018-01-10,0.58856499,0.58856499,0.483044,0.56693,0.56693,249019008
2018-01-11,0.56369001,0.61340499,0.43740699,0.55812597,0.55812597,330878016
2018-01-12,0.558864,0.71543998,0.53475499,0.67795998,0.67795998,394376000
2018-01-13,0.681853,0.72131598,0.64323699,0.67156398,0.67156398,189183008
2018-01-14,0.672198,0.672198,0.58281898,0.63085598,0.63085598,116460000
2018-01-15,0.62550402,0.67057902,0.59913802,0.599271,0.599271,345561984
2018-01-16,0.60011703,0.60011703,0.32340699,0.44119701,0.44119701,466139008
2018-01-17,0.441944,0.50370598,0.30503401,0.47718701,0.47718701,486788992
2018-01-18,0.47952199,0.57007003,0.453596,0.50952297,0.50952297,472047008
2018-01-19,0.50336701,0.53559399,0.48128101,0.50623202,0.50623202,207275008
2018-01-20,0.50994998,0.54745299,0.50215298,0.53467703,0.53467703,204012992
2018-01-21,0.534347,0.534347,0.445113,0.46411699,0.46411699,161687008
2018-01-22,0.46590099,0.52976602,0.432834,0.48633799,0.48633799,442542016
2018-01-23,0.47503901,0.51828098,0.43485799,0.48618501,0.48618501,207031008
2018-01-24,0.48651701,0.589589,0.47356501,0.56701398,0.56701398,669318976
2018-01-25,0.56786299,0.64997101,0.55616498,0.608253,0.608253,627336000
2018-01-26,0.60216302,0.64578003,0.55319703,0.63391602,0.63391602,787644032
2018-01-27,0.631495,0.63945001,0.61008602,0.61306101,0.61306101,216912992
2018-01-28,0.61591601,0.640046,0.615448,0.63442099,0.63442099,194610000
2018-01-29,0.63260198,0.63260198,0.58351201,0.58928299,0.58928299,118507000
2018-01-30,0.59083098,0.59083098,0.47573599,0.48964801,0.48964801,178892992
2018-01-31,0.488731,0.55521202,0.44051999,0.53979701,0.53979701,288692992
2018-02-01,0.54083401,0.54297,0.42967999,0.45645499,0.45645499,172407008
2018-02-02,0.45508701,0.45508701,0.285878,0.40507501,0.40507501,396784000
2018-02-03,0.40595001,0.47867799,0.345184,0.43005601,0.43005601,282348992
2018-02-04,0.42596999,0.46749201,0.36681801,0.377231,0.377231,231808000
2018-02-05,0.38319099,0.42534,0.31297499,0.33119199,0.33119199,339507008
2018-02-06,0.33673799,0.37424701,0.266352,0.37081099,0.37081099,518084992
2018-02-07,0.368956,0.38092399,0.337244,0.342125,0.342125,188328000
2018-02-08,0.34492999,0.37389299,0.34492999,0.363565,0.363565,121448000
2018-02-09,0.36071101,0.40232399,0.34887201,0.401068,0.401068,144231008
2018-02-10,0.39844,0.45392001,0.38495299,0.406856,0.406856,227551008
2018-02-11,0.40661499,0.40661499,0.35782501,0.37000501,0.37000501,85791696
2018-02-12,0.374181,0.40182,0.374181,0.39564899,0.39564899,61140000
2018-02-13,0.39641899,0.43554699,0.37438801,0.41061401,0.41061401,196175008
2018-02-14,0.409872,0.45747399,0.40207899,0.453888,0.453888,192628992
2018-02-15,0.452048,0.46362299,0.44426,0.453556,0.453556,106142000
2018-02-16,0.451796,0.458327,0.44177699,0.455446,0.455446,53289200
2018-02-17,0.45510301,0.483244,0.45158499,0.47907501,0.47907501,104733000
2018-02-18,0.479855,0.48616499,0.44198799,0.45039901,0.45039901,74452000
2018-02-19,0.45043701,0.46175301,0.44899499,0.452932,0.452932,57015400
2018-02-20,0.45284501,0.45537299,0.399315,0.402289,0.402289,104842000
2018-02-21,0.39971799,0.43356201,0.37984499,0.39676499,0.39676499,132189000
2018-02-22,0.39389101,0.408898,0.35848299,0.366447,0.366447,69561104
2018-02-23,0.36413401,0.39040801,0.35262299,0.38198501,0.38198501,56829000
2018-02-24,0.382687,0.38689899,0.346156,0.35516301,0.35516301,34738100
2018-02-25,0.35454899,0.36693999,0.33671901,0.35730201,0.35730201,42268800
2018-02-26,0.35868701,0.37176499,0.34650201,0.36457899,0.36457899,42535600
2018-02-27,0.36463201,0.37244999,0.35483399,0.36205101,0.36205101,38136100
2018-02-28,0.36041,0.36473799,0.33391601,0.33391601,0.33391601,38961000
2018-03-01,0.33411801,0.34756601,0.321558,0.33931401,0.33931401,46631800
2018-03-02,0.338691,0.34080499,0.31885001,0.32010701,0.32010701,38378100
2018-03-03,0.31902099,0.35016799,0.31336799,0.35016799,0.35016799,52827100
2018-03-04,0.354031,0.363792,0.34239799,0.36193001,0.36193001,99892704
2018-03-05,0.36377701,0.398224,0.35203099,0.35203099,0.35203099,98523696
2018-03-06,0.351753,0.36655399,0.33525401,0.33791101,0.33791101,44141000
2018-03-07,0.337814,0.34913701,0.30038801,0.32910299,0.32910299,62389100
2018-03-08,0.32984701,0.34112701,0.306218,0.31193799,0.31193799,47233100
2018-03-09,0.31123701,0.31544,0.267454,0.31185901,0.31185901,56838800
2018-03-10,0.31561801,0.32039201,0.29007,0.29266101,0.29266101,21963200
2018-03-11,0.291868,0.30668801,0.28004199,0.30421701,0.30421701,26023900
2018-03-12,0.30430099,0.31219301,0.28633201,0.291765,0.291765,29443200
2018-03-13,0.290151,0.30118299,0.28229001,0.29019299,0.29019299,24814700
2018-03-14,0.29185,0.29776299,0.240711,0.248689,0.248689,49138300
2018-03-15,0.248854,0.25057501,0.21706399,0.240655,0.240655,54358800
2018-03-16,0.240988,0.24154501,0.22754499,0.229991,0.229991,23756700
2018-03-17,0.230277,0.234321,0.20098899,0.20673101,0.20673101,33001800
2018-03-18,0.20640901,0.222828,0.158913,0.22047301,0.22047301,91400496
2018-03-19,0.222368,0.25022599,0.212955,0.25022599,0.25022599,93820800
2018-03-20,0.249992,0.28208199,0.23557401,0.267968,0.267968,88101600
2018-03-21,0.27067,0.27178901,0.249781,0.25463599,0.25463599,93970496
2018-03-22,0.25516999,0.25932801,0.22871301,0.243212,0.243212,53777200
2018-03-23,0.242993,0.242993,0.224581,0.236147,0.236147,49937100
2018-03-24,0.237745,0.24577799,0.234044,0.235422,0.235422,37806800
2018-03-25,0.233062,0.24273901,0.230378,0.239952,0.239952,31527600
2018-03-26,0.23925801,0.246144,0.21723799,0.228861,0.228861,44406300
2018-03-27,0.22856501,0.229138,0.20523,0.216033,0.216033,37693300
2018-03-28,0.21588901,0.225843,0.215086,0.21925101,0.21925101,21717600
2018-03-29,0.219226,0.22146,0.18785299,0.190819,0.190819,44352600
2018-03-30,0.19058201,0.199357,0.174934,0.188733,0.188733,37767000
2018-03-31,0.18903901,0.22078,0.18903901,0.206778,0.206778,82895904
2018-04-01,0.20772301,0.21338999,0.190688,0.20658199,0.20658199,43075500
2018-04-02,0.207131,0.233383,0.204698,0.224878,0.224878,70195696
2018-04-03,0.22599199,0.23984499,0.225069,0.235691,0.235691,76510096
2018-04-04,0.233729,0.236577,0.20238,0.204108,0.204108,58482100
2018-04-05,0.20712399,0.209153,0.191903,0.19794001,0.19794001,46694000
2018-04-06,0.197781,0.199645,0.18909,0.193317,0.193317,30056300
2018-04-07,0.193547,0.20575,0.192891,0.201859,0.201859,27242100
2018-04-08,0.20181701,0.207877,0.201279,0.206377,0.206377,18973800
2018-04-09,0.206718,0.21345501,0.192837,0.19733299,0.19733299,36684300
2018-04-10,0.19744401,0.201289,0.19640701,0.19934399,0.19934399,26841200
2018-04-11,0.199526,0.212465,0.198926,0.212337,0.212337,40041100
2018-04-12,0.21125799,0.242264,0.206995,0.24212,0.24212,103292000
2018-04-13,0.24111199,0.26708001,0.23292001,0.24629,0.24629,112587000
2018-04-14,0.24533799,0.259121,0.24259999,0.25066799,0.25066799,44754800
2018-04-15,0.25097901,0.296395,0.25097901,0.29072201,0.29072201,129731000
2018-04-16,0.29023701,0.301667,0.27260801,0.28415599,0.28415599,90408600
2018-04-17,0.284747,0.317498,0.27977899,0.30020201,0.30020201,112255000
2018-04-18,0.300338,0.353661,0.300338,0.35154399,0.35154399,158384992
2018-04-19,0.35472599,0.377249,0.34902999,0.36612001,0.36612001,171820000
2018-04-20,0.36655101,0.39804801,0.3565,0.39116499,0.39116499,170282000
2018-04-21,0.39151299,0.39812699,0.3484,0.37566301,0.37566301,119787000
2018-04-22,0.37520701,0.38325301,0.36554101,0.368139,0.368139,64261400
2018-04-23,0.36792099,0.37505001,0.367044,0.37212801,0.37212801,57282000
2018-04-24,0.37263101,0.407527,0.370864,0.40066999,0.40066999,120285000
2018-04-25,0.39789701,0.39840001,0.32963499,0.339517,0.339517,130724000
2018-04-26,0.34145501,0.38859701,0.33101401,0.38755599,0.38755599,152903008
2018-04-27,0.386439,0.42515701,0.38391,0.391085,0.391085,177676992
2018-04-28,0.39044699,0.43581599,0.39044699,0.428918,0.428918,105747000
2018-04-29,0.42994499,0.46151799,0.424669,0.45840499,0.45840499,156688992
2018-04-30,0.45868799,0.46012801,0.41744599,0.42465901,0.42465901,81453296
2018-05-01,0.42585301,0.45123801,0.39722601,0.439733,0.439733,152906000
2018-05-02,0.439037,0.446807,0.43445501,0.43922701,0.43922701,68610896
2018-05-03,0.43901601,0.44287801,0.42941099,0.437379,0.437379,83481296
2018-05-04,0.438234,0.43968201,0.425356,0.43114001,0.43114001,51379800
2018-05-05,0.431216,0.435669,0.42800501,0.430875,0.430875,44096200
2018-05-06,0.430338,0.43213201,0.40805,0.41294399,0.41294399,43793500
2018-05-07,0.413665,0.414859,0.381616,0.395702,0.395702,48023200
2018-05-08,0.396568,0.41119301,0.37995201,0.38637099,0.38637099,50210900
2018-05-09,0.385144,0.388978,0.35938099,0.37797001,0.37797001,54383500
2018-05-10,0.37771401,0.386574,0.353962,0.353962,0.353962,39548400
2018-05-11,0.35342899,0.35549799,0.3008,0.31425199,0.31425199,80168200
2018-05-12,0.31416199,0.36469901,0.304241,0.35993701,0.35993701,93267504
2018-05-13,0.35981399,0.381345,0.35797101,0.37585199,0.37585199,73407904
2018-05-14,0.376304,0.38331601,0.35051301,0.36967999,0.36967999,58938400
2018-05-15,0.369699,0.373292,0.348445,0.348445,0.348445,39801700
2018-05-16,0.346798,0.347675,0.32351801,0.33467701,0.33467701,43623300
2018-05-17,0.33543101,0.35048801,0.310994,0.31349701,0.31349701,31796700
2018-05-18,0.31326899,0.31952199,0.306723,0.31948799,0.31948799,31108600
2018-05-19,0.319639,0.32910499,0.312646,0.31723401,0.31723401,23504200
2018-05-20,0.31774899,0.33438101,0.31587499,0.33281001,0.33281001,30586700
2018-05-21,0.33296001,0.33342001,0.315671,0.318115,0.318115,27528600
2018-05-22,0.31861201,0.32145399,0.30108401,0.30108401,0.30108401,31944800
2018-05-23,0.300583,0.30191201,0.272845,0.28035501,0.28035501,39564300
2018-05-24,0.279751,0.29644001,0.276007,0.291338,0.291338,45262500
2018-05-25,0.29298601,0.29852101,0.28387699,0.28806901,0.28806901,45218800
2018-05-26,0.28860101,0.29488,0.283048,0.284695,0.284695,40772900
2018-05-27,0.28419399,0.28437501,0.27453801,0.27637601,0.27637601,45604600
2018-05-28,0.27632901,0.27893999,0.25220501,0.253582,0.253582,48667900
2018-05-29,0.253952,0.28332099,0.24918699,0.28284499,0.28284499,62185300
2018-05-30,0.28389299,0.29586399,0.27155399,0.27774701,0.27774701,59599500
2018-05-31,0.27847299,0.302591,0.27382699,0.29665199,0.29665199,78378600
2018-06-01,0.29653499,0.299187,0.283216,0.29002199,0.29002199,62207300
2018-06-02,0.290961,0.30306199,0.28985,0.29841301,0.29841301,58244800
2018-06-03,0.298581,0.30932501,0.29834899,0.302912,0.302912,64563800
2018-06-04,0.304636,0.30908799,0.288416,0.29215801,0.29215801,56371200
2018-06-05,0.29213399,0.29798001,0.28243399,0.29431301,0.29431301,48728900
2018-06-06,0.29332501,0.29995501,0.2895,0.298269,0.298269,51165000
2018-06-07,0.29797399,0.305812,0.291841,0.29420599,0.29420599,49336800
2018-06-08,0.29377601,0.29624599,0.285597,0.287963,0.287963,47014400
2018-06-09,0.28707099,0.29324001,0.281894,0.281894,0.281894,44872900
2018-06-10,0.282765,0.282765,0.24272799,0.247658,0.247658,54768500
2018-06-11,0.24710301,0.25648201,0.241464,0.25648201,0.25648201,47904600
2018-06-12,0.25528601,0.25556499,0.22874799,0.23168901,0.23168901,47126900
2018-06-13,0.232297,0.23391999,0.212596,0.221691,0.221691,48479300
2018-06-14,0.22189,0.243708,0.219758,0.24242599,0.24242599,53521800
2018-06-15,0.241695,0.242083,0.232559,0.23424201,0.23424201,37531000
2018-06-16,0.232527,0.235072,0.227153,0.23404101,0.23404101,34627700
2018-06-17,0.233146,0.23594201,0.230298,0.232105,0.232105,31223300
2018-06-18,0.231517,0.24006499,0.225079,0.23437101,0.23437101,36372000
2018-06-19,0.23351499,0.239484,0.23264401,0.235309,0.235309,34048000
2018-06-20,0.236379,0.23817,0.22779401,0.232188,0.232188,43000600
2018-06-21,0.232437,0.236066,0.22650801,0.227997,0.227997,38175500
2018-06-22,0.22765701,0.228462,0.19800401,0.203407,0.203407,41435400
2018-06-23,0.20367,0.20693099,0.197436,0.20351499,0.20351499,33872100
2018-06-24,0.203188,0.20322201,0.178151,0.19363301,0.19363301,43348500
2018-06-25,0.193652,0.200452,0.188813,0.197753,0.197753,38729400
2018-06-26,0.19648901,0.19784699,0.18487699,0.18648399,0.18648399,31190300
2018-06-27,0.184523,0.193435,0.183107,0.189633,0.189633,34514300
2018-06-28,0.18875,0.192287,0.17707101,0.178951,0.178951,32294900
2018-06-29,0.179309,0.187823,0.17314801,0.18671,0.18671,39542800
2018-06-30,0.186915,0.199292,0.186915,0.193425,0.193425,47083800
2018-07-01,0.19284999,0.20130999,0.190414,0.19857299,0.19857299,41380400
2018-07-02,0.200196,0.21382,0.192646,0.21315099,0.21315099,49362900
2018-07-03,0.21167199,0.21899199,0.204606,0.206315,0.206315,49012200
2018-07-04,0.20577601,0.216548,0.203362,0.20973501,0.20973501,33301500
2018-07-05,0.21021301,0.21418799,0.19952799,0.202978,0.202978,37009800
2018-07-06,0.20300101,0.209693,0.198991,0.20638099,0.20638099,37627900
2018-07-07,0.206104,0.209379,0.200413,0.20845,0.20845,36238600
2018-07-08,0.20895299,0.216208,0.207633,0.209783,0.209783,40958600
2018-07-09,0.210637,0.213485,0.206826,0.207929,0.207929,38649000
2018-07-10,0.206595,0.207311,0.191603,0.191889,0.191889,36923400
2018-07-11,0.191825,0.194245,0.18468,0.189504,0.189504,33530700
2018-07-12,0.19029801,0.19043,0.17974301,0.185719,0.185719,35633800
2018-07-13,0.185986,0.204272,0.183816,0.204272,0.204272,49954700
2018-07-14,0.203789,0.211421,0.19708399,0.207877,0.207877,43684700
2018-07-15,0.208031,0.222303,0.20599601,0.219871,0.219871,51388000
2018-07-16,0.219478,0.237928,0.21746001,0.237928,0.237928,51377800
2018-07-17,0.238004,0.253499,0.228724,0.252967,0.252967,60804000
2018-07-18,0.25324899,0.31800899,0.25171199,0.29840001,0.29840001,238660000
2018-07-19,0.29681799,0.31627101,0.280489,0.302513,0.302513,190768000
2018-07-20,0.302421,0.30316401,0.267198,0.271492,0.271492,132780000
2018-07-21,0.27037999,0.294494,0.25951299,0.29225901,0.29225901,103169000
2018-07-22,0.290739,0.30445999,0.28103101,0.28353399,0.28353399,98754600
2018-07-23,0.28311899,0.29883999,0.28160799,0.28438401,0.28438401,91948800
2018-07-24,0.284922,0.30438101,0.280882,0.301456,0.301456,107505000
2018-07-25,0.29733601,0.34866399,0.29435799,0.33170599,0.33170599,180428000
2018-07-26,0.33230299,0.34836301,0.29846001,0.30955201,0.30955201,173806000
2018-07-27,0.308283,0.32260799,0.29682201,0.31688201,0.31688201,109249000
2018-07-28,0.317788,0.323001,0.31101999,0.315229,0.315229,72393904
2018-07-29,0.316401,0.318472,0.305141,0.30839899,0.30839899,69073696
2018-07-30,0.30864501,0.30864501,0.281066,0.29592299,0.29592299,87990000
2018-07-31,0.295472,0.295472,0.267827,0.278009,0.278009,90072600
2018-08-01,0.27812701,0.28240401,0.265441,0.27626801,0.27626801,78075400
2018-08-02,0.27690101,0.2814,0.26119199,0.26119199,0.26119199,64773900
2018-08-03,0.26176301,0.26891801,0.246723,0.25895599,0.25895599,78914000
2018-08-04,0.257761,0.26104301,0.23650099,0.240724,0.240724,62650500
2018-08-05,0.24110501,0.246923,0.23608799,0.24421801,0.24421801,50833600
2018-08-06,0.24501701,0.24838801,0.23203599,0.234705,0.234705,52688700
2018-08-07,0.234099,0.245397,0.228993,0.230672,0.230672,64467600
2018-08-08,0.230009,0.230009,0.195939,0.201351,0.201351,68469800
2018-08-09,0.201653,0.225776,0.19873101,0.221435,0.221435,75813300
2018-08-10,0.221085,0.23665901,0.215707,0.22543,0.22543,110186000
2018-08-11,0.224944,0.22508,0.20285501,0.217665,0.217665,87523800
2018-08-12,0.218225,0.22867499,0.216451,0.223601,0.223601,69114300
2018-08-13,0.2234,0.243137,0.219708,0.22355901,0.22355901,100249000
2018-08-14,0.22263201,0.22263201,0.20029899,0.21670599,0.21670599,95074200
2018-08-15,0.21828499,0.23144101,0.216437,0.21695399,0.21695399,98247500
2018-08-16,0.215885,0.221991,0.209144,0.216032,0.216032,66979600
2018-08-17,0.215555,0.239695,0.21536399,0.23812,0.23812,85576200
2018-08-18,0.239124,0.24527,0.22059999,0.224235,0.224235,73536300
2018-08-19,0.223625,0.23174,0.21724699,0.22272301,0.22272301,58941500
2018-08-20,0.23002,0.235864,0.213588,0.21645699,0.21645699,56916000
2018-08-21,0.217877,0.22719499,0.21058799,0.214708,0.214708,57619800
2018-08-22,0.21922401,0.238291,0.205148,0.20689601,0.20689601,57593700
2018-08-23,0.213642,0.22216199,0.206242,0.22216199,0.22216199,50407300
2018-08-24,0.214871,0.22547001,0.211178,0.219806,0.219806,46565700
2018-08-25,0.22134601,0.22561599,0.21393999,0.217795,0.217795,37623300
2018-08-26,0.22386099,0.22386099,0.210491,0.21483999,0.21483999,41019000
2018-08-27,0.213918,0.225866,0.21359199,0.225437,0.225437,50597200
2018-08-28,0.224904,0.23680601,0.223158,0.234745,0.234745,66510100
2018-08-29,0.234244,0.236947,0.22381701,0.226211,0.226211,59888100
2018-08-30,0.226858,0.229215,0.21316101,0.220902,0.220902,52981700
2018-08-31,0.22180399,0.223162,0.214964,0.222076,0.222076,49383600
2018-09-01,0.22230899,0.23337699,0.221976,0.22972199,0.22972199,57559200
2018-09-02,0.22971299,0.236545,0.221468,0.22474401,0.22474401,44368300
2018-09-03,0.224672,0.232219,0.219134,0.225325,0.225325,47867700
2018-09-04,0.221801,0.237544,0.22012,0.231268,0.231268,52972600
2018-09-05,0.231953,0.233226,0.20743699,0.20743699,0.20743699,69435700
2018-09-06,0.205908,0.20748401,0.19550399,0.20748401,0.20748401,71466100
2018-09-07,0.20684101,0.211473,0.20072301,0.207662,0.207662,60828100
2018-09-08,0.207994,0.211684,0.19317,0.194437,0.194437,52306100
2018-09-09,0.194291,0.202852,0.190194,0.192781,0.192781,54678800
2018-09-10,0.191119,0.195371,0.188329,0.19083899,0.19083899,51759700
2018-09-11,0.19148,0.20693199,0.185084,0.20107099,0.20107099,77490400
2018-09-12,0.201214,0.20700499,0.18638401,0.198293,0.198293,81499500
2018-09-13,0.197915,0.211132,0.197915,0.20780601,0.20780601,68042900
2018-09-14,0.20697799,0.209517,0.198855,0.20174301,0.20174301,49018400
2018-09-15,0.20121101,0.205633,0.20051099,0.20320199,0.20320199,37685700
2018-09-16,0.203086,0.20848501,0.199028,0.20651001,0.20651001,41913100
2018-09-17,0.206108,0.208782,0.19563,0.19682699,0.19682699,42653700
2018-09-18,0.196495,0.214757,0.19438501,0.208417,0.208417,55982400
2018-09-19,0.20751201,0.21115801,0.199817,0.206563,0.206563,48741100
2018-09-20,0.206568,0.24143501,0.205852,0.231897,0.231897,89258100
2018-09-21,0.233042,0.275536,0.231694,0.249211,0.249211,182926000
2018-09-22,0.248064,0.24950799,0.231003,0.239225,0.239225,76614200
2018-09-23,0.23943301,0.300275,0.23881499,0.28147799,0.28147799,317587000
2018-09-24,0.27983299,0.28250301,0.25495401,0.25904801,0.25904801,135616000
2018-09-25,0.25839499,0.25839499,0.233449,0.25230601,0.25230601,118361000
2018-09-26,0.25061899,0.257956,0.238515,0.244767,0.244767,89889500
2018-09-27,0.243985,0.264678,0.243985,0.25921601,0.25921601,99370800
2018-09-28,0.25999701,0.26294801,0.249273,0.254127,0.254127,63003000
2018-09-29,0.252453,0.259334,0.245518,0.25390801,0.25390801,54822100
2018-09-30,0.254448,0.262696,0.25267699,0.259599,0.259599,64864600
2018-10-01,0.25908101,0.26354501,0.25340399,0.25840399,0.25840399,67813900
2018-10-02,0.258257,0.25978199,0.24828599,0.24828599,0.24828599,50886900
2018-10-03,0.247934,0.24917801,0.237829,0.241136,0.241136,47661800
2018-10-04,0.24065401,0.248393,0.24002001,0.244278,0.244278,36170200
2018-10-05,0.24349999,0.24762,0.24046899,0.24519201,0.24519201,38001100
2018-10-06,0.24513701,0.247914,0.238837,0.23977099,0.23977099,34392600
2018-10-07,0.24237201,0.246788,0.237606,0.245138,0.245138,33460000
2018-10-08,0.243991,0.254004,0.2412,0.249009,0.249009,41913600
2018-10-09,0.249569,0.250283,0.242846,0.24391501,0.24391501,40657100
2018-10-10,0.243664,0.24579599,0.238212,0.241593,0.241593,40184400
2018-10-11,0.240941,0.240941,0.206578,0.207037,0.207037,75872400
2018-10-12,0.206477,0.218393,0.206083,0.216032,0.216032,48988300
2018-10-13,0.215589,0.21956301,0.214387,0.21481,0.21481,46116600
2018-10-14,0.214765,0.219311,0.208793,0.210144,0.210144,36498700
2018-10-15,0.20966201,0.230353,0.20793,0.223001,0.223001,71749600
2018-10-16,0.22247501,0.229817,0.222002,0.22797801,0.22797801,42468100
2018-10-17,0.229563,0.24327201,0.22760899,0.240403,0.240403,74599800
2018-10-18,0.240969,0.245978,0.23227499,0.239452,0.239452,59461700
2018-10-19,0.238869,0.246234,0.234606,0.242853,0.242853,45872300
2018-10-20,0.24521901,0.249199,0.240961,0.24418201,0.24418201,60012800
2018-10-21,0.24372201,0.248253,0.23973,0.241724,0.241724,46623600
2018-10-22,0.240374,0.244095,0.238244,0.24236099,0.24236099,40765500
2018-10-23,0.24249101,0.24698301,0.23936801,0.24221499,0.24221499,39384600
2018-10-24,0.241749,0.244423,0.236891,0.23776001,0.23776001,39973400
2018-10-25,0.237535,0.239069,0.233741,0.23564599,0.23564599,39745700
2018-10-26,0.235332,0.236927,0.23068701,0.23401099,0.23401099,35741700
2018-10-27,0.233858,0.235208,0.2282,0.22876,0.22876,38499600
2018-10-28,0.229188,0.23408,0.227392,0.232871,0.232871,39381600
2018-10-29,0.23167799,0.232719,0.22114301,0.222357,0.222357,45544800
2018-10-30,0.22220001,0.226328,0.221782,0.22509301,0.22509301,43111300
2018-10-31,0.226218,0.22794101,0.217748,0.223471,0.223471,42791700
2018-11-01,0.22436,0.24053,0.22251,0.222945,0.222945,38696300
2018-11-02,0.223014,0.236297,0.223014,0.234244,0.234244,50452100
2018-11-03,0.234098,0.23984399,0.232162,0.235706,0.235706,50502800
2018-11-04,0.235788,0.244596,0.234853,0.241638,0.241638,57585400
2018-11-05,0.240807,0.246755,0.239831,0.246529,0.246529,54187000
2018-11-06,0.246849,0.26703799,0.246849,0.265596,0.265596,101099000
2018-11-07,0.26587501,0.26587501,0.253465,0.25671801,0.25671801,78967900
2018-11-08,0.25652701,0.26357901,0.24966501,0.25604299,0.25604299,88138000
2018-11-09,0.25571099,0.26420501,0.25385901,0.25554201,0.25554201,71764800
2018-11-10,0.255588,0.26122999,0.25494301,0.26122999,0.26122999,53086500
2018-11-11,0.26038301,0.27495599,0.258771,0.27360499,0.27360499,109488000
2018-11-12,0.274039,0.28402501,0.26690599,0.267326,0.267326,98560700
2018-11-13,0.26754799,0.26993299,0.25582701,0.25778699,0.25778699,71147400
2018-11-14,0.256955,0.256955,0.220117,0.233043,0.233043,100039000
2018-11-15,0.233055,0.24473301,0.215886,0.241944,0.241944,97300800
2018-11-16,0.24006701,0.247692,0.23599499,0.23885,0.23885,116280000
2018-11-17,0.236753,0.246795,0.233868,0.244927,0.244927,95893400
2018-11-18,0.244894,0.253564,0.244894,0.24975801,0.24975801,101810000
2018-11-19,0.249614,0.249614,0.224335,0.22441199,0.22441199,130056000
2018-11-20,0.224573,0.230491,0.184698,0.193193,0.193193,154290000
2018-11-21,0.194015,0.208379,0.18616299,0.203688,0.203688,108181000
2018-11-22,0.20345899,0.20511,0.187797,0.187797,0.187797,81440600
2018-11-23,0.18744101,0.189445,0.176112,0.18121099,0.18121099,101304000
2018-11-24,0.181912,0.184994,0.14906301,0.15420499,0.15420499,98670200
2018-11-25,0.15543,0.159619,0.133734,0.15960699,0.15960699,137467000
2018-11-26,0.15919501,0.16326299,0.13748699,0.144795,0.144795,105913000
2018-11-27,0.144355,0.14666399,0.137987,0.144374,0.144374,81742500
2018-11-28,0.14411099,0.167606,0.14411099,0.162237,0.162237,101285000
2018-11-29,0.16183101,0.172107,0.155423,0.16508,0.16508,88862064
2018-11-30,0.164957,0.172415,0.154037,0.15863,0.15863,95843387
2018-12-01,0.159088,0.170118,0.156453,0.16633201,0.16633201,83084025
2018-12-02,0.16551401,0.169806,0.15968999,0.160301,0.160301,75295614
2018-12-03,0.160679,0.161217,0.14833,0.149536,0.149536,76449399
2018-12-04,0.149287,0.154543,0.14642499,0.147653,0.147653,71173373
2018-12-05,0.14782099,0.14789601,0.13593601,0.13593601,0.13593601,68043240
2018-12-06,0.135591,0.139226,0.119594,0.119594,0.119594,152806952
2018-12-07,0.119471,0.119471,0.106931,0.115263,0.115263,174082644
2018-12-08,0.115391,0.125203,0.112567,0.118993,0.118993,157281952
2018-12-09,0.1186,0.126537,0.118206,0.124328,0.124328,184624488
2018-12-10,0.124218,0.12544399,0.116322,0.118253,0.118253,92973561
2018-12-11,0.118017,0.119161,0.112389,0.112835,0.112835,198352456
2018-12-12,0.112664,0.116236,0.111282,0.11369,0.11369,90782295
2018-12-13,0.113754,0.113754,0.104563,0.1058,0.1058,51964279
2018-12-14,0.105656,0.105656,0.095881,0.097740002,0.097740002,75210407
2018-12-15,0.097866997,0.099413,0.093139999,0.095439002,0.095439002,80164249
2018-12-16,0.095469996,0.099586003,0.09527,0.096277997,0.096277997,64490415
2018-12-17,0.096490003,0.112739,0.096297003,0.109693,0.109693,103169894
2018-12-18,0.109671,0.11433,0.107612,0.11433,0.11433,96486763
2018-12-19,0.114731,0.126597,0.114245,0.114245,0.114245,113320280
2018-12-20,0.113865,0.12765899,0.113524,0.12655,0.12655,125348361
2018-12-21,0.12617899,0.13344,0.117379,0.119916,0.119916,140455598
2018-12-22,0.119997,0.123588,0.117331,0.12275,0.12275,131136807
2018-12-23,0.123208,0.12849399,0.122604,0.12658501,0.12658501,128331036
2018-12-24,0.12666801,0.141351,0.12666801,0.13252001,0.13252001,169588599
2018-12-25,0.133123,0.133342,0.119143,0.121682,0.121682,111648903
2018-12-26,0.121735,0.12553,0.117893,0.120607,0.120607,105367076
2018-12-27,0.120487,0.120645,0.110157,0.110486,0.110486,84397745
2018-12-28,0.110513,0.12276,0.109658,0.121383,0.121383,122279839
2018-12-29,0.121677,0.122356,0.118036,0.118036,0.118036,99849382
2018-12-30,0.118284,0.119345,0.116329,0.11743,0.11743,87412670
2018-12-31,0.117709,0.117888,0.112506,0.112813,0.112813,101118303
2019-01-01,0.112932,0.118505,0.112223,0.11593,0.11593,91630088
2019-01-02,0.116054,0.119368,0.114197,0.119331,0.119331,106949561
2019-01-03,0.118946,0.118976,0.113571,0.113825,0.113825,90192344
2019-01-04,0.113778,0.117095,0.112709,0.115361,0.115361,80564462
2019-01-05,0.115128,0.116614,0.113536,0.114046,0.114046,88463994
2019-01-06,0.114073,0.121527,0.113293,0.120384,0.120384,93094440
2019-01-07,0.120303,0.124106,0.120021,0.12322,0.12322,95010988
2019-01-08,0.12326,0.129191,0.120541,0.123119,0.123119,104584394
2019-01-09,0.123213,0.124409,0.122214,0.123774,0.123774,94733730
2019-01-10,0.12383,0.12839399,0.107248,0.109879,0.109879,128623288
2019-01-11,0.108776,0.111904,0.106211,0.107332,0.107332,102731220
2019-01-12,0.107269,0.107752,0.105778,0.106764,0.106764,103509557
2019-01-13,0.106758,0.111775,0.103231,0.103609,0.103609,119389904
2019-01-14,0.103649,0.110128,0.103649,0.109649,0.109649,110842789
2019-01-15,0.109422,0.109954,0.105427,0.105685,0.105685,89555967
2019-01-16,0.105837,0.10806,0.105679,0.106891,0.106891,92258083
2019-01-17,0.106708,0.108856,0.105667,0.108461,0.108461,110024544
2019-01-18,0.108312,0.108937,0.105802,0.106821,0.106821,84272978
2019-01-19,0.106863,0.110063,0.106707,0.108304,0.108304,111942030
2019-01-20,0.108195,0.108906,0.103944,0.104702,0.104702,123424390
2019-01-21,0.104683,0.104856,0.102676,0.10338,0.10338,111143574
2019-01-22,0.10365,0.104986,0.10169,0.104103,0.104103,129057418
2019-01-23,0.104134,0.104349,0.101584,0.102576,0.102576,97605045
2019-01-24,0.10237,0.102665,0.101222,0.10221,0.10221,109073513
2019-01-25,0.101969,0.101969,0.10019,0.101741,0.101741,102773915
2019-01-26,0.101689,0.104441,0.098994002,0.100014,0.100014,142586255
2019-01-27,0.099887997,0.100352,0.095464997,0.096316002,0.096316002,134988476
2019-01-28,0.096386999,0.096542999,0.086066999,0.087903999,0.087903999,135847055
2019-01-29,0.088322997,0.088322997,0.082704999,0.083922997,0.083922997,155745244
2019-01-30,0.083717003,0.087183997,0.08264,0.085634001,0.085634001,174265317
2019-01-31,0.085654996,0.087895997,0.082284003,0.082630999,0.082630999,148616345
2019-02-01,0.082803003,0.084435001,0.080530003,0.083580002,0.083580002,143454405
2019-02-02,0.083288997,0.084420003,0.081975996,0.08309,0.08309,142365606
2019-02-03,0.083082996,0.083375998,0.080472,0.081347004,0.081347004,106729578
2019-02-04,0.081295997,0.082248002,0.079663999,0.079729997,0.079729997,83103229
2019-02-05,0.079581,0.079744004,0.076990999,0.077881999,0.077881999,93209184
2019-02-06,0.078064002,0.078359999,0.073615,0.074386999,0.074386999,153042575
2019-02-07,0.074493997,0.076991998,0.073654003,0.074688002,0.074688002,121452716
2019-02-08,0.074717,0.082528003,0.073899001,0.081224002,0.081224002,137845934
2019-02-09,0.081242003,0.081955999,0.079928003,0.080807999,0.080807999,128687271
2019-02-10,0.080894001,0.081390001,0.077845998,0.080393001,0.080393001,133339149
2019-02-11,0.080656998,0.080656998,0.077509999,0.077595003,0.077595003,193770299
2019-02-12,0.077572003,0.078941002,0.075940996,0.077615999,0.077615999,181940100
2019-02-13,0.077661,0.078840002,0.076122999,0.076990001,0.076990001,151128267
2019-02-14,0.076976001,0.077315003,0.075370997,0.076635003,0.076635003,230125007
2019-02-15,0.076664999,0.080932997,0.076297,0.079276003,0.079276003,188673144
2019-02-16,0.079207003,0.079333998,0.077930003,0.078420997,0.078420997,158123867
2019-02-17,0.07841,0.079865001,0.077733003,0.079608001,0.079608001,123466543
2019-02-18,0.079603001,0.084028997,0.079498,0.083691001,0.083691001,131352903
2019-02-19,0.083815999,0.092082001,0.083408996,0.089982003,0.089982003,183733552
2019-02-20,0.090029001,0.091734998,0.087043002,0.091734998,0.091734998,154754814
2019-02-21,0.091789998,0.093161002,0.088248,0.089091003,0.089091003,142797864
2019-02-22,0.088946998,0.091433004,0.088198997,0.090668,0.090668,89852657
2019-02-23,0.090721004,0.095167004,0.089777999,0.094256997,0.094256997,120783643
2019-02-24,0.094385996,0.096577004,0.082806997,0.084233999,0.084233999,167217216
2019-02-25,0.083897002,0.089436002,0.083897002,0.087305002,0.087305002,129415111
2019-02-26,0.087169997,0.087615997,0.084843002,0.086800002,0.086800002,123369778
2019-02-27,0.086928003,0.087520003,0.084697001,0.086195,0.086195,116962261
2019-02-28,0.086014003,0.086491004,0.084702,0.085502997,0.085502997,112773498
2019-03-01,0.085505001,0.087677002,0.084665,0.085832998,0.085832998,115886661
2019-03-02,0.085858002,0.086745001,0.083572999,0.084459998,0.084459998,103522009
2019-03-03,0.084302999,0.088583,0.083437003,0.087235004,0.087235004,121355279
2019-03-04,0.086924002,0.087056004,0.081727996,0.083539002,0.083539002,133895180
2019-03-05,0.083503999,0.086622,0.082984,0.086299002,0.086299002,162905354
2019-03-06,0.086337999,0.086609997,0.084500998,0.085565999,0.085565999,139934665
2019-03-07,0.085533999,0.086222999,0.084875003,0.085541002,0.085541002,121504120
2019-03-08,0.085607998,0.089432001,0.085383996,0.087246001,0.087246001,142744836
2019-03-09,0.087038003,0.090924002,0.086833,0.089744002,0.089744002,138039148
2019-03-10,0.090054996,0.101571,0.089515999,0.100039,0.100039,206273829
2019-03-11,0.099864997,0.107836,0.099179998,0.102263,0.102263,233084341
2019-03-12,0.102322,0.106382,0.097572997,0.104598,0.104598,155318737
2019-03-13,0.104512,0.109546,0.102105,0.108199,0.108199,158665263
2019-03-14,0.108103,0.111709,0.106917,0.107272,0.107272,167089004
2019-03-15,0.10721,0.108453,0.105109,0.107773,0.107773,128011254
2019-03-16,0.107836,0.110904,0.107662,0.109619,0.109619,146002756
2019-03-17,0.109584,0.109691,0.108163,0.109385,0.109385,149591732
2019-03-18,0.109486,0.118035,0.108358,0.115914,0.115914,234881352
2019-03-19,0.116198,0.11784,0.112673,0.113248,0.113248,263893228
2019-03-20,0.113586,0.11383,0.110799,0.111403,0.111403,285900109
2019-03-21,0.111505,0.111952,0.105234,0.107947,0.107947,314783767
2019-03-22,0.107948,0.110189,0.106683,0.108693,0.108693,242127250
2019-03-23,0.10852,0.109647,0.107014,0.108281,0.108281,214433790
2019-03-24,0.107944,0.10832,0.105448,0.106012,0.106012,207117072
2019-03-25,0.106107,0.10633,0.101531,0.102469,0.102469,213883511
2019-03-26,0.102485,0.104204,0.098930001,0.103379,0.103379,243408090
2019-03-27,0.103381,0.108254,0.10327,0.108062,0.108062,306202676
2019-03-28,0.108017,0.10895,0.105994,0.10744,0.10744,215643532
2019-03-29,0.107416,0.108456,0.106206,0.107572,0.107572,289766754
2019-03-30,0.107578,0.112294,0.105685,0.107359,0.107359,328747048
2019-03-31,0.107423,0.108088,0.106024,0.107651,0.107651,268624667
2019-04-01,0.107642,0.110192,0.10741,0.109615,0.109615,301225293
2019-04-02,0.109628,0.122047,0.109068,0.121901,0.121901,574669736
2019-04-03,0.121859,0.132162,0.119511,0.121339,0.121339,342896672
2019-04-04,0.121314,0.125366,0.117057,0.118788,0.118788,335300168
2019-04-05,0.11879,0.127923,0.118714,0.126367,0.126367,443759813
2019-04-06,0.126378,0.13014901,0.123209,0.124729,0.124729,309328452
2019-04-07,0.124707,0.132148,0.123427,0.130303,0.130303,349981246
2019-04-08,0.130495,0.134701,0.126599,0.13199601,0.13199601,356932080
2019-04-09,0.132015,0.132015,0.124804,0.125384,0.125384,317403406
2019-04-10,0.12536199,0.12842201,0.1241,0.125462,0.125462,315278613
2019-04-11,0.125485,0.125879,0.112837,0.116685,0.116685,367545646
2019-04-12,0.116747,0.116747,0.112349,0.114609,0.114609,298547662
2019-04-13,0.114586,0.11761,0.114202,0.115898,0.115898,274954171
2019-04-14,0.115918,0.124288,0.113809,0.116663,0.116663,233364143
2019-04-15,0.116647,0.119473,0.112898,0.113629,0.113629,244231543
2019-04-16,0.11364,0.117505,0.111893,0.117505,0.117505,228442393
2019-04-17,0.117512,0.117512,0.114773,0.116636,0.116636,299495677
2019-04-18,0.116655,0.119237,0.115588,0.117363,0.117363,281638808
2019-04-19,0.117277,0.117317,0.114736,0.115737,0.115737,274207136
2019-04-20,0.115827,0.11734,0.114016,0.115532,0.115532,231893390
2019-04-21,0.115479,0.115828,0.110109,0.112404,0.112404,244064678
2019-04-22,0.112438,0.114323,0.110666,0.113495,0.113495,247272040
2019-04-23,0.1135,0.114636,0.111096,0.111824,0.111824,249524440
2019-04-24,0.111793,0.111793,0.101242,0.103259,0.103259,296187705
2019-04-25,0.103284,0.105817,0.098894,0.099074997,0.099074997,257140761
2019-04-26,0.099127002,0.101052,0.097212002,0.099140003,0.099140003,253112252
2019-04-27,0.099223003,0.101052,0.098576002,0.099950999,0.099950999,201403658
2019-04-28,0.099992,0.100774,0.097778,0.098736003,0.098736003,184650540
2019-04-29,0.098736003,0.100421,0.095002003,0.096474998,0.096474998,193230516
2019-04-30,0.096437998,0.10028,0.096313998,0.099953003,0.099953003,195522092
2019-05-01,0.099878997,0.102141,0.099684,0.101351,0.101351,193384688
2019-05-02,0.101441,0.102115,0.098696001,0.100275,0.100275,206633883
2019-05-03,0.10024,0.104857,0.098566003,0.102295,0.102295,251161108
2019-05-04,0.102265,0.103659,0.098608002,0.099676996,0.099676996,239944327
2019-05-05,0.099762999,0.101756,0.097336002,0.098926999,0.098926999,205158493
2019-05-06,0.099044003,0.099588998,0.095550999,0.097809002,0.097809002,216507559
2019-05-07,0.097613998,0.099226996,0.094926,0.094926,0.094926,212014101
2019-05-08,0.094907999,0.095035002,0.093477003,0.093696997,0.093696997,205343058
2019-05-09,0.093690999,0.095656,0.088298,0.090232,0.090232,220103357
2019-05-10,0.090271004,0.093525,0.088850997,0.092451997,0.092451997,241131699
2019-05-11,0.092423998,0.105702,0.092335999,0.104228,0.104228,377230951
2019-05-12,0.104128,0.106104,0.096868001,0.098866001,0.098866001,347468949
2019-05-13,0.098953001,0.103069,0.098734997,0.100416,0.100416,388830187
2019-05-14,0.100436,0.115273,0.099607997,0.112994,0.112994,803031426
2019-05-15,0.113096,0.13700201,0.112924,0.13700201,0.13700201,570303022
2019-05-16,0.137172,0.158347,0.13263699,0.137283,0.137283,837742777
2019-05-17,0.13721301,0.138914,0.119322,0.126562,0.126562,539181496
2019-05-18,0.128224,0.135179,0.12720001,0.128833,0.128833,433692513
2019-05-19,0.128746,0.142912,0.127618,0.14148501,0.14148501,526532031
2019-05-20,0.141462,0.14149199,0.130769,0.135545,0.135545,502307578
2019-05-21,0.13557599,0.136392,0.13184801,0.134326,0.134326,411336483
2019-05-22,0.134267,0.135236,0.123011,0.124257,0.124257,414103053
2019-05-23,0.12424,0.126375,0.120036,0.125167,0.125167,440656426
2019-05-24,0.12519,0.129308,0.123378,0.125944,0.125944,453216069
2019-05-25,0.126001,0.128315,0.12509,0.12582099,0.12582099,344507034
2019-05-26,0.12579601,0.13426401,0.123934,0.13313501,0.13313501,400434268
2019-05-27,0.133265,0.141597,0.1323,0.136869,0.136869,508588037
2019-05-28,0.136841,0.13908701,0.13223401,0.13896,0.13896,516088336
2019-05-29,0.13903899,0.139065,0.13219,0.136491,0.136491,495108156
2019-05-30,0.13652501,0.14319301,0.12775099,0.13006701,0.13006701,634399476
2019-05-31,0.130088,0.133889,0.126332,0.133664,0.133664,429586829
2019-06-01,0.133645,0.13425501,0.129943,0.133101,0.133101,463748030
2019-06-02,0.13312601,0.137869,0.133044,0.137623,0.137623,428728158
2019-06-03,0.13752399,0.139661,0.12965199,0.12998299,0.12998299,451453721
2019-06-04,0.130054,0.130054,0.118954,0.122077,0.122077,472906605
2019-06-05,0.122101,0.125406,0.120484,0.121284,0.121284,364346501
2019-06-06,0.121236,0.124536,0.119547,0.124382,0.124382,426080833
2019-06-07,0.124347,0.12918501,0.123776,0.127542,0.127542,437227118
2019-06-08,0.1275,0.12823699,0.124238,0.126277,0.126277,395580903
2019-06-09,0.126158,0.12648501,0.118324,0.119915,0.119915,369553778
2019-06-10,0.119811,0.12465,0.118348,0.12394,0.12394,351384678
2019-06-11,0.123984,0.12429,0.119732,0.122827,0.122827,379804245
2019-06-12,0.122894,0.126918,0.121754,0.12644599,0.12644599,438940968
2019-06-13,0.12637299,0.12704,0.12456,0.124728,0.124728,458304561
2019-06-14,0.124764,0.125421,0.121878,0.12532,0.12532,352099385
2019-06-15,0.12526201,0.12764999,0.124618,0.12674201,0.12674201,322647447
2019-06-16,0.12668499,0.13189,0.126158,0.129816,0.129816,330880314
2019-06-17,0.129748,0.13149101,0.12855899,0.131035,0.131035,248165709
2019-06-18,0.13105799,0.13158999,0.123692,0.124565,0.124565,277401410
2019-06-19,0.124526,0.126386,0.123339,0.124302,0.124302,230628666
2019-06-20,0.124355,0.124605,0.120807,0.121507,0.121507,274018148
2019-06-21,0.121483,0.125673,0.121365,0.124048,0.124048,265396330
2019-06-22,0.124196,0.134813,0.12412,0.12905,0.12905,500748608
2019-06-23,0.129096,0.132163,0.127266,0.127378,0.127378,393971399
2019-06-24,0.127472,0.128994,0.12508599,0.127749,0.127749,387038340
2019-06-25,0.127773,0.129062,0.122589,0.124491,0.124491,504489450
2019-06-26,0.12448,0.131851,0.121827,0.122628,0.122628,691216184
2019-06-27,0.12269,0.123824,0.103392,0.107494,0.107494,614497106
2019-06-28,0.107508,0.112278,0.106954,0.11202,0.11202,490424131
2019-06-29,0.112037,0.116721,0.106381,0.114504,0.114504,452566257
2019-06-30,0.115131,0.115131,0.104345,0.104345,0.104345,402976986
2019-07-01,0.104387,0.108755,0.101223,0.105284,0.105284,435487154
2019-07-02,0.105211,0.105916,0.099550001,0.10339,0.10339,475476536
2019-07-03,0.103366,0.106823,0.103109,0.106724,0.106724,427409681
2019-07-04,0.10674,0.106911,0.099625997,0.099725001,0.099725001,377443850
2019-07-05,0.099689998,0.101999,0.099219002,0.099890999,0.099890999,347775554
2019-07-06,0.099891998,0.104214,0.099891998,0.102875,0.102875,255386488
2019-07-07,0.102927,0.105794,0.102183,0.105054,0.105054,235672563
2019-07-08,0.104994,0.10623,0.103909,0.105023,0.105023,265492741
2019-07-09,0.105082,0.105964,0.101105,0.101834,0.101834,382565280
2019-07-10,0.101836,0.102489,0.093287997,0.095057003,0.095057003,423744161
2019-07-11,0.095068999,0.095118001,0.086259,0.087007999,0.087007999,439572687
2019-07-12,0.087024003,0.100108,0.086709999,0.097962998,0.097962998,495900791
2019-07-13,0.097958997,0.099422999,0.091894999,0.095468,0.095468,284411670
2019-07-14,0.095696002,0.096290998,0.086012997,0.086249001,0.086249001,257679688
2019-07-15,0.086236998,0.088094003,0.082382999,0.086489998,0.086489998,264746575
2019-07-16,0.086446002,0.088593997,0.077816002,0.078318,0.078318,371646281
2019-07-17,0.078204997,0.083683997,0.075819999,0.080627002,0.080627002,405806844
2019-07-18,0.080655999,0.090424001,0.079823002,0.088881999,0.088881999,370257694
2019-07-19,0.088843003,0.094898,0.087412,0.093768001,0.093768001,251437101
2019-07-20,0.093801998,0.096845001,0.091963001,0.095110998,0.095110998,202683212
2019-07-21,0.095013,0.095074996,0.089178003,0.091201998,0.091201998,171556898
2019-07-22,0.091208003,0.091741003,0.086987004,0.088876002,0.088876002,147558601
2019-07-23,0.088811003,0.088868998,0.083314002,0.084468,0.084468,139738992
2019-07-24,0.084459998,0.086308002,0.081665002,0.086002,0.086002,149224673
2019-07-25,0.086075,0.087720998,0.085331,0.085689999,0.085689999,127081012
2019-07-26,0.085681997,0.089249,0.083875,0.087964997,0.087964997,114644440
2019-07-27,0.087941997,0.089107998,0.083228,0.084322996,0.084322996,115718523
2019-07-28,0.084344,0.084784001,0.081574999,0.083678,0.083678,70283125
2019-07-29,0.083586,0.085372999,0.082915999,0.083512999,0.083512999,80197266
2019-07-30,0.083509997,0.084385,0.082064003,0.083562002,0.083562002,94791854
2019-07-31,0.083536997,0.085061997,0.083249003,0.083931997,0.083931997,93426573
2019-08-01,0.083982997,0.084206,0.081923001,0.083025999,0.083025999,89880668
2019-08-02,0.083057001,0.083503,0.081896,0.081988998,0.081988998,84985502
2019-08-03,0.081977002,0.083322003,0.081756003,0.082395002,0.082395002,75229978
2019-08-04,0.082405999,0.082736,0.080889001,0.08213,0.08213,74352871
2019-08-05,0.082102999,0.084321,0.081518002,0.082618997,0.082618997,102754847
2019-08-06,0.082681999,0.082681999,0.077290997,0.078212,0.078212,97389157
2019-08-07,0.078218997,0.078988001,0.077178001,0.078640997,0.078640997,78756128
2019-08-08,0.078635,0.078699,0.076314002,0.076857001,0.076857001,88983461
2019-08-09,0.076844998,0.076883003,0.072033003,0.072203003,0.072203003,84929047
2019-08-10,0.072232001,0.074185997,0.071869001,0.073749997,0.073749997,86727143
2019-08-11,0.073748,0.079732999,0.073659003,0.077840999,0.077840999,78355614
2019-08-12,0.077845,0.077982001,0.075291999,0.075415,0.075415,59481832
2019-08-13,0.075393997,0.075488999,0.072972998,0.074161999,0.074161999,66931104
2019-08-14,0.074178003,0.074251004,0.068218999,0.069182999,0.069182999,120226159
2019-08-15,0.069197997,0.070785001,0.066478997,0.070261002,0.070261002,90818716
2019-08-16,0.070277996,0.070313998,0.067504004,0.068921,0.068921,78485093
2019-08-17,0.068937004,0.069280997,0.067075998,0.067887999,0.067887999,55150617
2019-08-18,0.067925997,0.071503997,0.067653999,0.070785001,0.070785001,66660569
2019-08-19,0.070789002,0.071923003,0.070385002,0.071795002,0.071795002,58818263
2019-08-20,0.071828999,0.071980998,0.069084004,0.070200004,0.070200004,89078888
2019-08-21,0.070308998,0.070325002,0.066983998,0.067697003,0.067697003,110167826
2019-08-22,0.067656003,0.069495998,0.063983001,0.066137999,0.066137999,110588268
2019-08-23,0.066151001,0.069458,0.065573998,0.068925001,0.068925001,111043772
2019-08-24,0.068962999,0.069600999,0.066584997,0.067262001,0.067262001,116818090
2019-08-25,0.067253999,0.072535999,0.066633001,0.071676001,0.071676001,116852501
2019-08-26,0.071547002,0.073149003,0.066908002,0.070188999,0.070188999,118501191
2019-08-27,0.070211001,0.071919002,0.067785002,0.068786003,0.068786003,104867452
2019-08-28,0.068769,0.071973003,0.065279,0.066325001,0.066325001,114989102
2019-08-29,0.066405997,0.06656,0.060817,0.062954001,0.062954001,99453293
2019-08-30,0.063054003,0.063859001,0.061694,0.062298998,0.062298998,83811218
2019-08-31,0.062304001,0.063777,0.062042002,0.062931001,0.062931001,94063205
2019-09-01,0.062933996,0.064002,0.061708,0.062469002,0.062469002,72357367
2019-09-02,0.06247,0.063506,0.061749,0.063233003,0.063233003,77297229
2019-09-03,0.063252002,0.063951001,0.062619999,0.063208997,0.063208997,116050340
2019-09-04,0.063222997,0.063266002,0.06185,0.062178001,0.062178001,110306691
2019-09-05,0.062189002,0.06233,0.06033,0.060461,0.060461,115399204
2019-09-06,0.060465999,0.061016001,0.058304999,0.058644999,0.058644999,131869517
2019-09-07,0.058595002,0.061563,0.058538001,0.059404001,0.059404001,163818895
2019-09-08,0.059588,0.062387999,0.057227999,0.060881998,0.060881998,162947637
2019-09-09,0.060890999,0.061726999,0.058302999,0.059845999,0.059845999,174615382
2019-09-10,0.059822001,0.061127,0.057533,0.058373,0.058373,138086880
2019-09-11,0.058387,0.060274001,0.05683,0.059783999,0.059783999,148593461
2019-09-12,0.059852,0.060086999,0.055135999,0.058469001,0.058469001,100813826
2019-09-13,0.055581,0.058591001,0.055551998,0.056940001,0.056940001,147493877
2019-09-14,0.056871001,0.058717001,0.056696001,0.057739999,0.057739999,154528513
2019-09-15,0.057758,0.058797002,0.056674998,0.058123,0.058123,92378655
2019-09-16,0.058171,0.059172001,0.058063999,0.058621,0.058621,134036403
2019-09-17,0.058639999,0.065109,0.058463998,0.063744999,0.063744999,206732127
2019-09-18,0.063649997,0.086516999,0.061804999,0.083117999,0.083117999,483022972
2019-09-19,0.083131999,0.087906003,0.073763996,0.081386998,0.081386998,576321168
2019-09-20,0.081423998,0.081468001,0.070924997,0.073912002,0.073912002,354516894
2019-09-21,0.073896997,0.074955001,0.070671,0.071119003,0.071119003,253088729
2019-09-22,0.071203999,0.071892999,0.065872997,0.068920001,0.068920001,205953711
2019-09-23,0.068967998,0.070165001,0.062547997,0.062547997,0.062547997,250065644
2019-09-24,0.062710002,0.066435002,0.054295,0.054504,0.054504,291704554
2019-09-25,0.054327998,0.059122,0.053447001,0.057018999,0.057018999,256568953
2019-09-26,0.057016,0.061871,0.055222001,0.058506999,0.058506999,301698501
2019-09-27,0.058515999,0.060121998,0.056988999,0.059900001,0.059900001,233545826
2019-09-28,0.059797,0.061278999,0.057696,0.058660001,0.058660001,205415431
2019-09-29,0.058671001,0.060263,0.057186998,0.058127001,0.058127001,162849827
2019-09-30,0.058109,0.06168,0.057360999,0.061439998,0.061439998,214887043
2019-10-01,0.06154,0.062059999,0.058549002,0.059103001,0.059103001,163726395
2019-10-02,0.059080999,0.059799999,0.058106001,0.059792001,0.059792001,143895582
2019-10-03,0.059769999,0.059838001,0.058325998,0.058874998,0.058874998,125596787
2019-10-04,0.058828998,0.059937,0.058377001,0.059094999,0.059094999,111323954
2019-10-05,0.059055001,0.059337001,0.058483999,0.059048999,0.059048999,101952263
2019-10-06,0.059048001,0.059564002,0.058428999,0.059092,0.059092,166037941
2019-10-07,0.059078999,0.062233999,0.058729999,0.061397001,0.061397001,257114961
2019-10-08,0.061383002,0.062593997,0.061136998,0.061886001,0.061886001,214910502
2019-10-09,0.061880998,0.064030997,0.061336,0.063354999,0.063354999,277951501
2019-10-10,0.063331001,0.063403003,0.061540999,0.061946001,0.061946001,193649301
2019-10-11,0.062020998,0.062770002,0.059094999,0.060821,0.060821,188990156
2019-10-12,0.060787998,0.062004998,0.059032999,0.059629001,0.059629001,160068975
2019-10-13,0.059590999,0.061948001,0.059131,0.060136002,0.060136002,168514765
2019-10-14,0.060187001,0.064943999,0.060185,0.064925,0.064925,212625324
2019-10-15,0.064919002,0.065527,0.063153997,0.064263999,0.064263999,231975480
2019-10-16,0.064319,0.064837001,0.061611,0.062401,0.062401,234805479
2019-10-17,0.062430002,0.064571999,0.061928,0.064547002,0.064547002,258080003
2019-10-18,0.064537004,0.064606003,0.062392998,0.063717,0.063717,258071462
2019-10-19,0.063758001,0.063817002,0.062863,0.063089997,0.063089997,212225225
2019-10-20,0.063101999,0.063676,0.062538996,0.063247003,0.063247003,228457502
2019-10-21,0.063259996,0.064158998,0.063026004,0.063974999,0.063974999,189287650
2019-10-22,0.064044997,0.064511999,0.062744997,0.062811002,0.062811002,191351126
2019-10-23,0.062935002,0.063606001,0.058735002,0.059983999,0.059983999,257731071
2019-10-24,0.060058001,0.061739001,0.059206001,0.060612001,0.060612001,235695883
2019-10-25,0.060642,0.064598002,0.060077999,0.063761003,0.063761003,302338874
2019-10-26,0.06374,0.066609003,0.062197998,0.062556997,0.062556997,347428869
2019-10-27,0.062585004,0.064588003,0.061923001,0.064512998,0.064512998,287822040
2019-10-28,0.064548999,0.067162998,0.064312004,0.064778,0.064778,325857618
2019-10-29,0.064768001,0.068255,0.064700998,0.066184998,0.066184998,279077969
2019-10-30,0.066275999,0.066610999,0.063377999,0.064567998,0.064567998,271281036
2019-10-31,0.064612001,0.065444,0.062958002,0.065214999,0.065214999,279328071
2019-11-01,0.065188996,0.071221001,0.064797997,0.069231004,0.069231004,412594573
2019-11-02,0.069216996,0.071289003,0.069215998,0.071263999,0.071263999,287438284
2019-11-03,0.071282998,0.071870998,0.068080999,0.069091,0.069091,310422869
2019-11-04,0.069164999,0.076389998,0.067937002,0.076389998,0.076389998,347400349
2019-11-05,0.076816998,0.085213996,0.076807998,0.082163997,0.082163997,762923850
2019-11-06,0.082236998,0.083190002,0.077835001,0.078434996,0.078434996,352059614
2019-11-07,0.078342997,0.078493997,0.074203998,0.075014003,0.075014003,332631177
2019-11-08,0.075006001,0.076302998,0.070550002,0.071888,0.071888,271749982
2019-11-09,0.071845002,0.073439002,0.071620002,0.072811998,0.072811998,187035481
2019-11-10,0.072876997,0.079768002,0.072733,0.078227997,0.078227997,343258930
2019-11-11,0.078234002,0.080633,0.076396003,0.079809003,0.079809003,290695867
2019-11-12,0.079813004,0.082018003,0.075886004,0.077072002,0.077072002,359731187
2019-11-13,0.077091999,0.077628002,0.076180004,0.076576002,0.076576002,240329082
2019-11-14,0.076505996,0.076610997,0.074027002,0.07474,0.07474,217039030
2019-11-15,0.074816003,0.074972004,0.071934998,0.072334997,0.072334997,222062024
2019-11-16,0.072347,0.072805002,0.071748003,0.071906,0.071906,173395847
2019-11-17,0.071847998,0.073095001,0.071783997,0.072136998,0.072136998,197097974
2019-11-18,0.072132997,0.072260998,0.066962004,0.068304002,0.068304002,245433022
2019-11-19,0.068291001,0.068678997,0.06481,0.065751001,0.065751001,287651893
2019-11-20,0.065691002,0.066320002,0.064539999,0.065502003,0.065502003,219882275
2019-11-21,0.065522,0.065701,0.061046999,0.061682999,0.061682999,251644441
2019-11-22,0.061737001,0.061868001,0.056237001,0.059502002,0.059502002,304545334
2019-11-23,0.059404999,0.061716001,0.057753,0.060364,0.060364,262945614
2019-11-24,0.060602002,0.061783001,0.056880999,0.056880999,0.056880999,795594528
2019-11-25,0.056791,0.059388999,0.053750001,0.057595,0.057595,548798088
2019-11-26,0.057542,0.059103001,0.05652,0.058552999,0.058552999,218983844
2019-11-27,0.058393002,0.059951998,0.056166001,0.059057001,0.059057001,260781107
2019-11-28,0.059207998,0.060486,0.058178999,0.058224998,0.058224998,224143848
2019-11-29,0.058212001,0.060931999,0.058164999,0.059152,0.059152,241666196
2019-11-30,0.059305999,0.060415,0.057282999,0.059641,0.059641,228259886
2019-12-01,0.059751,0.059877001,0.056540001,0.058081999,0.058081999,214999370
2019-12-02,0.058098,0.058214001,0.055985998,0.056078002,0.056078002,204095722
2019-12-03,0.056042001,0.056821,0.055417001,0.055980001,0.055980001,150835452
2019-12-04,0.055916999,0.056421999,0.054416001,0.055419002,0.055419002,207789246
2019-12-05,0.055346999,0.057624001,0.054439999,0.055518001,0.055518001,190568914
2019-12-06,0.055612002,0.055822998,0.054540001,0.055027999,0.055027999,177492285
2019-12-07,0.055045001,0.056187,0.054795001,0.055068001,0.055068001,161472546
2019-12-08,0.055041,0.056543998,0.054598,0.056132,0.056132,159244878
2019-12-09,0.056092001,0.056386001,0.054212999,0.054450002,0.054450002,184029266
2019-12-10,0.054476,0.054951999,0.053064,0.053606998,0.053606998,187877398
2019-12-11,0.053621002,0.054756999,0.052692,0.052692,0.052692,200779620
2019-12-12,0.05271,0.053803999,0.052177001,0.052721001,0.052721001,207030753
2019-12-13,0.052724,0.053720001,0.052175999,0.052990001,0.052990001,166277796
2019-12-14,0.053072002,0.053335998,0.051144999,0.051672999,0.051672999,178719118
2019-12-15,0.051709,0.052398998,0.049649999,0.051398002,0.051398002,184576351
2019-12-16,0.051401999,0.052005999,0.048420999,0.048549,0.048549,188173197
2019-12-17,0.048558,0.048895001,0.042986002,0.044052999,0.044052999,223440074
2019-12-18,0.044245999,0.046732999,0.043048002,0.046013001,0.046013001,253895323
2019-12-19,0.046032999,0.046427,0.044022001,0.044964001,0.044964001,210750075
2019-12-20,0.044985,0.047143999,0.044238999,0.046269,0.046269,196248519
2019-12-21,0.046204001,0.048312999,0.044702999,0.046277002,0.046277002,178466491
2019-12-22,0.046321999,0.04752,0.044277001,0.047295999,0.047295999,192185818
2019-12-23,0.047339998,0.047669999,0.044640999,0.044849001,0.044849001,188544968
2019-12-24,0.044806998,0.046287999,0.044399999,0.045083001,0.045083001,190571245
2019-12-25,0.045028999,0.045591,0.043191001,0.043441001,0.043441001,160886227
2019-12-26,0.043572001,0.045710001,0.043512002,0.045101002,0.045101002,159865552
2019-12-27,0.045092002,0.046746999,0.044684999,0.046085998,0.046085998,186418572
2019-12-28,0.046015002,0.046535999,0.044167001,0.045150999,0.045150999,158028356
2019-12-29,0.045138001,0.047111999,0.044077002,0.046216,0.046216,148653161
2019-12-30,0.046202999,0.046902001,0.044252001,0.045954,0.045954,167585185
2019-12-31,0.046053,0.046115,0.043331999,0.045224,0.045224,157108041
2020-01-01,0.045118,0.045768,0.043437999,0.045451,0.045451,168402204
2020-01-02,0.045398001,0.045604002,0.043582,0.044112001,0.044112001,151848963
2020-01-03,0.044000998,0.045906998,0.043543998,0.045233998,0.045233998,168931018
2020-01-04,0.045226999,0.046275999,0.044332001,0.046271998,0.046271998,152253766
2020-01-05,0.046165001,0.046691999,0.044771999,0.045359001,0.045359001,165956087
2020-01-06,0.045432001,0.049291998,0.045244001,0.049123999,0.049123999,248276598
2020-01-07,0.049024999,0.050260998,0.047908001,0.049837999,0.049837999,239407286
2020-01-08,0.049915999,0.050092999,0.046705998,0.048717,0.048717,213522156
2020-01-09,0.047616001,0.049245998,0.045678001,0.046457998,0.046457998,171728899
2020-01-10,0.046268001,0.048292,0.045766,0.046402,0.046402,211752195
2020-01-11,0.046378002,0.049198002,0.046117,0.047547001,0.047547001,216830961
2020-01-12,0.04758,0.048951,0.046762001,0.048319001,0.048319001,207151685
2020-01-13,0.048229001,0.048457999,0.046383001,0.048122,0.048122,224390629
2020-01-14,0.048085,0.053479999,0.048066001,0.052115001,0.052115001,325107091
2020-01-15,0.05204,0.055470001,0.051042002,0.054788999,0.054788999,334258693
2020-01-16,0.054816999,0.054993,0.051784001,0.053748,0.053748,316566307
2020-01-17,0.053828001,0.062762998,0.052715,0.060052,0.060052,519487809
2020-01-18,0.059969999,0.064649001,0.057045002,0.061154999,0.061154999,619953488
2020-01-19,0.061144002,0.065618999,0.058865,0.060044002,0.060044002,557236013
2020-01-20,0.059990998,0.06464,0.059431002,0.062043998,0.062043998,570944249
2020-01-21,0.062024999,0.063942999,0.061601002,0.062419999,0.062419999,404072680
2020-01-22,0.062394999,0.063778996,0.059796002,0.059889,0.059889,334827929
2020-01-23,0.059994999,0.061170999,0.056832001,0.059238002,0.059238002,383108495
2020-01-24,0.059401002,0.059455,0.054127,0.057303,0.057303,382153105
2020-01-25,0.057257,0.057879001,0.055840999,0.056039002,0.056039002,319119540
2020-01-26,0.056111,0.059546001,0.055741999,0.058572002,0.058572002,325709373
2020-01-27,0.058660001,0.061461002,0.057597999,0.059645001,0.059645001,354309858
2020-01-28,0.059606001,0.061764002,0.059158999,0.060302999,0.060302999,435796280
2020-01-29,0.060327001,0.062595002,0.059044998,0.061739001,0.061739001,408058902
2020-01-30,0.061682001,0.062990002,0.060058001,0.061207,0.061207,382600193
2020-01-31,0.061269,0.063646004,0.059865002,0.061554,0.061554,365221348
2020-02-01,0.061546002,0.062643997,0.059360001,0.06047,0.06047,351749271
2020-02-02,0.060541999,0.065759003,0.060093001,0.063367002,0.063367002,459980666
2020-02-03,0.063385002,0.065443002,0.063097998,0.064061001,0.064061001,386201629
2020-02-04,0.064049996,0.066702999,0.062135,0.066290997,0.066290997,435813336
2020-02-05,0.066319004,0.069117002,0.065880001,0.068732999,0.068732999,520288061
2020-02-06,0.068763003,0.071168996,0.067605004,0.070540003,0.070540003,516539220
2020-02-07,0.070525996,0.072852001,0.070224002,0.071625002,0.071625002,519263943
2020-02-08,0.071612999,0.072281003,0.068437003,0.070853002,0.070853002,479921994
2020-02-09,0.070817001,0.074395001,0.070069999,0.072820999,0.072820999,477162368
2020-02-10,0.072989002,0.073581003,0.069325,0.070854999,0.070854999,514592414
2020-02-11,0.070890002,0.074242003,0.069337003,0.073740996,0.073740996,518483533
2020-02-12,0.073732004,0.081834003,0.073732004,0.08004,0.08004,733460111
2020-02-13,0.08004,0.086677,0.079144999,0.082654998,0.082654998,849232918
2020-02-14,0.082617,0.086557001,0.080312997,0.085795999,0.085795999,640075025
2020-02-15,0.085813001,0.087269999,0.077926002,0.079245999,0.079245999,577812168
2020-02-16,0.079401001,0.081311002,0.069216996,0.075079001,0.075079001,632562189
2020-02-17,0.074904002,0.075029001,0.067948997,0.071851,0.071851,619668937
2020-02-18,0.071920998,0.077512003,0.070712999,0.074642003,0.074642003,521725957
2020-02-19,0.075470001,0.078610003,0.070006996,0.070720002,0.070720002,438696625
2020-02-20,0.070675999,0.071933001,0.069081999,0.071168996,0.071168996,496888762
2020-02-21,0.071128003,0.073358998,0.070784003,0.071952999,0.071952999,467029257
2020-02-22,0.071964003,0.072424002,0.068986997,0.069389999,0.069389999,398582854
2020-02-23,0.069468997,0.073735997,0.069058001,0.073645003,0.073645003,432366514
2020-02-24,0.073507003,0.073572002,0.068738997,0.06938,0.06938,465871328
2020-02-25,0.069408998,0.070052996,0.064963996,0.065324999,0.065324999,461517993
2020-02-26,0.065339997,0.065462999,0.057433002,0.059303001,0.059303001,505300519
2020-02-27,0.059303001,0.062442999,0.056770999,0.060010999,0.060010999,452957399
2020-02-28,0.060022999,0.061354998,0.057018999,0.058304999,0.058304999,419431446
2020-02-29,0.058279,0.059813999,0.057390999,0.057456002,0.057456002,318679471
2020-03-01,0.057363,0.058517002,0.055482,0.056251999,0.056251999,360604910
2020-03-02,0.056221999,0.059780002,0.055923,0.059206001,0.059206001,397777572
2020-03-03,0.059223,0.060137998,0.057870999,0.058352001,0.058352001,407088469
2020-03-04,0.058357999,0.059137002,0.057902001,0.058593001,0.058593001,381787289
2020-03-05,0.058575999,0.060892999,0.058575999,0.059758,0.059758,421868545
2020-03-06,0.059765,0.061181001,0.059455998,0.061181001,0.061181001,428300799
2020-03-07,0.061165001,0.061383002,0.058401,0.058409002,0.058409002,411529339
2020-03-08,0.058432002,0.058432002,0.050744001,0.050744001,0.050744001,488233342
2020-03-09,0.050650999,0.052033,0.047901001,0.05192,0.05192,549172784
2020-03-10,0.052198,0.053087,0.050898001,0.051989,0.051989,416858440
2020-03-11,0.052005999,0.052485999,0.048202999,0.050386999,0.050386999,408137347
2020-03-12,0.050379001,0.050475001,0.033441,0.033441,0.033441,526211822
2020-03-13,0.033475999,0.041108999,0.028492,0.039531,0.039531,747877049
2020-03-14,0.039554998,0.040454999,0.036958002,0.037296999,0.037296999,375613371
2020-03-15,0.037246,0.040399998,0.037012,0.038282,0.038282,362487211
2020-03-16,0.038320001,0.038323998,0.032717999,0.035161,0.035161,422559303
2020-03-17,0.035216998,0.037501,0.035216998,0.036819998,0.036819998,330129256
2020-03-18,0.036742002,0.037372001,0.034913,0.035978999,0.035978999,337020832
2020-03-19,0.035939999,0.042341001,0.035927001,0.041494001,0.041494001,457344869
2020-03-20,0.041474,0.044108,0.037032001,0.039919,0.039919,403266374
2020-03-21,0.039958,0.040569,0.038520999,0.039616,0.039616,356478474
2020-03-22,0.039623,0.040484,0.037060998,0.037198,0.037198,329105985
2020-03-23,0.037191,0.039303999,0.036364999,0.03926,0.03926,359628965
2020-03-24,0.039239999,0.040481001,0.039005999,0.040305,0.040305,366272224
2020-03-25,0.040312,0.040794,0.039377999,0.040578999,0.040578999,312768244
2020-03-26,0.040580999,0.042638,0.040267002,0.042537998,0.042537998,305069105
2020-03-27,0.042562999,0.042863999,0.041172002,0.041172002,0.041172002,308504165
2020-03-28,0.041143999,0.041143999,0.038975999,0.039956,0.039956,340909985
2020-03-29,0.039953999,0.040045999,0.038084999,0.038129002,0.038129002,266559124
2020-03-30,0.038100999,0.040755,0.037971999,0.040208999,0.040208999,315377995
2020-03-31,0.040196002,0.040876999,0.040144,0.040846001,0.040846001,327644886
2020-04-01,0.040855002,0.040855002,0.039280001,0.040816002,0.040816002,302527865
2020-04-02,0.040777002,0.042867001,0.040527001,0.041303001,0.041303001,409126334
2020-04-03,0.041327,0.042539999,0.040881999,0.041570999,0.041570999,381441115
2020-04-04,0.041416999,0.041958001,0.040993001,0.041942999,0.041942999,331158440
2020-04-05,0.041944001,0.043499,0.041590001,0.043488,0.043488,330675377
2020-04-06,0.043499,0.049642,0.043480001,0.049474001,0.049474001,528856126
2020-04-07,0.049504999,0.051272999,0.047680002,0.048317,0.048317,535973254
2020-04-08,0.048331,0.051091,0.048069,0.050983001,0.050983001,355554036
2020-04-09,0.051027998,0.052141,0.049125999,0.052039001,0.052039001,420784745
2020-04-10,0.052009001,0.052239999,0.046073001,0.047788002,0.047788002,461485326
2020-04-11,0.047851998,0.049814999,0.047695,0.049550999,0.049550999,426515998
2020-04-12,0.049543999,0.051031999,0.048673999,0.049440999,0.049440999,411810328
2020-04-13,0.049529001,0.049529001,0.046583999,0.048339002,0.048339002,530770069
2020-04-14,0.048331998,0.049169,0.047784001,0.048215002,0.048215002,507234997
2020-04-15,0.048007,0.048774,0.046332002,0.046409,0.046409,468836578
2020-04-16,0.046365999,0.049454998,0.045400001,0.049125001,0.049125001,628082822
2020-04-17,0.049208,0.049497999,0.048609,0.049070001,0.049070001,478450043
2020-04-18,0.049040999,0.050785001,0.048974998,0.050501,0.050501,534672464
2020-04-19,0.050499,0.050836001,0.049029998,0.049208999,0.049208999,523219785
2020-04-20,0.049199,0.053371999,0.049019001,0.049996998,0.049996998,742154168
2020-04-21,0.049924999,0.051860999,0.049662001,0.051222,0.051222,495416209
2020-04-22,0.051208001,0.055015001,0.050969001,0.054811999,0.054811999,561155181
2020-04-23,0.054834999,0.064865999,0.054783002,0.061737001,0.061737001,993914721
2020-04-24,0.061824001,0.065499,0.061021999,0.061611999,0.061611999,671248452
2020-04-25,0.061611,0.063735001,0.061308,0.062153,0.062153,526584850
2020-04-26,0.062008999,0.063111998,0.061522,0.0625,0.0625,550894044
2020-04-27,0.062086999,0.068484999,0.061742,0.067367002,0.067367002,711801196
2020-04-28,0.067272998,0.070738003,0.067036003,0.069021001,0.069021001,820842387
2020-04-29,0.069040999,0.073140003,0.067567997,0.072350003,0.072350003,929790801
2020-04-30,0.072384998,0.073987998,0.066767998,0.067697003,0.067697003,859662107
2020-05-01,0.067782,0.073504999,0.067782,0.073221996,0.073221996,764134318
2020-05-02,0.073109001,0.076145001,0.072102003,0.075450003,0.075450003,721153691
2020-05-03,0.075576998,0.076544002,0.072521001,0.073105998,0.073105998,755013661
2020-05-04,0.073083997,0.074088,0.068667002,0.073738001,0.073738001,701073658
2020-05-05,0.073743999,0.074314997,0.071736999,0.072444998,0.072444998,572848081
2020-05-06,0.072387002,0.073198996,0.071194999,0.071194999,0.071194999,634319026
2020-05-07,0.071195997,0.073565997,0.070758,0.072320998,0.072320998,676902337
2020-05-08,0.072364002,0.074184999,0.071013004,0.073142998,0.073142998,615940985
2020-05-09,0.072925001,0.073515996,0.071598999,0.071970999,0.071970999,615949072
2020-05-10,0.071966998,0.071966998,0.061108001,0.064317003,0.064317003,820471098
2020-05-11,0.064306997,0.065066002,0.061184,0.062793002,0.062793002,676862243
2020-05-12,0.062794998,0.070168003,0.062352002,0.069904998,0.069904998,717258193
2020-05-13,0.069929004,0.070582002,0.068297997,0.069796003,0.069796003,668016410
2020-05-14,0.069645002,0.070699997,0.067377001,0.069081999,0.069081999,667445362
2020-05-15,0.069084004,0.069707997,0.067102,0.067405999,0.067405999,589459285
2020-05-16,0.067403004,0.068290003,0.066845,0.068109997,0.068109997,433441328
2020-05-17,0.067965999,0.071491003,0.067938,0.0691,0.0691,530947005
2020-05-18,0.069062002,0.071148001,0.068723999,0.070095003,0.070095003,594262835
2020-05-19,0.070058003,0.070156999,0.068618,0.069389001,0.069389001,427647345
2020-05-20,0.069407001,0.071912996,0.068613,0.070992,0.070992,530728877
2020-05-21,0.070996001,0.071391001,0.064558998,0.066698998,0.066698998,504379554
2020-05-22,0.066728003,0.069118001,0.065798998,0.068167001,0.068167001,473521124
2020-05-23,0.068159997,0.069115996,0.066711001,0.067607999,0.067607999,400282442
2020-05-24,0.067548998,0.068398997,0.064795002,0.064860001,0.064860001,390536763
2020-05-25,0.064645998,0.066123001,0.064209998,0.066097997,0.066097997,450549233
2020-05-26,0.066215999,0.066457003,0.064150997,0.065144002,0.065144002,371589056
2020-05-27,0.065118998,0.067672998,0.065026,0.066252001,0.066252001,437929645
2020-05-28,0.066295996,0.069839999,0.065978996,0.068865001,0.068865001,453361150
2020-05-29,0.068824001,0.069792002,0.067134,0.067876004,0.067876004,440276090
2020-05-30,0.067841999,0.072593004,0.067041002,0.072435997,0.072435997,510303238
2020-05-31,0.072398998,0.076035,0.069486998,0.070626996,0.070626996,636177470
2020-06-01,0.070630997,0.076173998,0.070165999,0.075517997,0.075517997,620504741
2020-06-02,0.075410001,0.083959997,0.075340003,0.079283997,0.079283997,798043368
2020-06-03,0.079348996,0.083102003,0.076995999,0.082631998,0.082631998,625675420
2020-06-04,0.082708001,0.086168997,0.079758003,0.082475998,0.082475998,728954392
2020-06-05,0.082405999,0.083117001,0.079276003,0.079517998,0.079517998,643282514
2020-06-06,0.079493999,0.081284001,0.078731,0.079883002,0.079883002,499450887
2020-06-07,0.079862997,0.080909997,0.076095998,0.079000004,0.079000004,497548454
2020-06-08,0.078974999,0.080545001,0.078276001,0.080009997,0.080009997,394984022
2020-06-09,0.079980001,0.080371,0.077688001,0.078575999,0.078575999,431553013
2020-06-10,0.078538001,0.079153001,0.077708997,0.078657001,0.078657001,462922723
2020-06-11,0.078713998,0.079402,0.069982,0.071484998,0.071484998,590529752
2020-06-12,0.071428999,0.074844003,0.070915997,0.073028997,0.073028997,463002957
2020-06-13,0.072993003,0.074463002,0.071993001,0.074295998,0.074295998,388991889
2020-06-14,0.074385002,0.074385002,0.071092002,0.071414001,0.071414001,389719568
2020-06-15,0.071414001,0.071829997,0.066147998,0.071110003,0.071110003,475868940
2020-06-16,0.071024001,0.072076,0.070118003,0.071246997,0.071246997,422477438
2020-06-17,0.071360998,0.073835999,0.070160002,0.071892999,0.071892999,460635041
2020-06-18,0.071901001,0.072255999,0.069862999,0.070937,0.070937,396472624
2020-06-19,0.070940003,0.071044996,0.068844996,0.069270998,0.069270998,409199952
2020-06-20,0.069270998,0.070368998,0.068705998,0.069921002,0.069921002,373213605
2020-06-21,0.06983,0.070460998,0.068699002,0.068756998,0.068756998,329921806
2020-06-22,0.068755001,0.071920998,0.068732999,0.071872003,0.071872003,414440267
2020-06-23,0.071889997,0.072269,0.070069999,0.071218997,0.071218997,377047281
2020-06-24,0.071292996,0.072756998,0.068581,0.069173001,0.069173001,372491015
2020-06-25,0.069316998,0.070560001,0.066312,0.067831002,0.067831002,331356547
2020-06-26,0.067852996,0.068747997,0.066501997,0.067097001,0.067097001,314879213
2020-06-27,0.067087002,0.067470998,0.061251,0.063189,0.063189,283951205
2020-06-28,0.063189,0.065204002,0.062204,0.064378001,0.064378001,220022782
2020-06-29,0.064466998,0.065484002,0.063158996,0.065264001,0.065264001,291925173
2020-06-30,0.065076001,0.067579001,0.064234003,0.067068003,0.067068003,289552123
2020-07-01,0.067105003,0.069577001,0.066242002,0.068488002,0.068488002,316808164
2020-07-02,0.068525001,0.070877999,0.067248002,0.068406001,0.068406001,290632981
2020-07-03,0.068410002,0.068410002,0.066771001,0.067249,0.067249,204165764
2020-07-04,0.067234002,0.068415999,0.066542998,0.067867003,0.067867003,218498800
2020-07-05,0.067854002,0.068115003,0.065755002,0.067176998,0.067176998,202429385
2020-07-06,0.067176998,0.071981996,0.066643998,0.071863003,0.071863003,279337235
2020-07-07,0.071670003,0.073973,0.070344001,0.073267996,0.073267996,257005980
2020-07-08,0.073287003,0.085003003,0.072658002,0.085003003,0.085003003,471290003
2020-07-09,0.084873997,0.097163998,0.083337002,0.090588003,0.090588003,845893278
2020-07-10,0.090524003,0.090696998,0.083007,0.088913001,0.088913001,529828870
2020-07-11,0.088926002,0.100025,0.088754997,0.094330996,0.094330996,604044703
2020-07-12,0.094333999,0.097263999,0.090746999,0.095002003,0.095002003,382865014
2020-07-13,0.095002003,0.097345002,0.088453002,0.090291001,0.090291001,389748252
2020-07-14,0.090219997,0.092321999,0.086237997,0.092107996,0.092107996,305049008
2020-07-15,0.091955997,0.095613003,0.087782003,0.094042003,0.094042003,391047540
2020-07-16,0.094063997,0.102505,0.089316003,0.100669,0.100669,505630696
2020-07-17,0.100758,0.106773,0.099676996,0.103919,0.103919,505735318
2020-07-18,0.103775,0.104056,0.099308997,0.100691,0.100691,266646100
2020-07-19,0.100707,0.101949,0.097390004,0.099877,0.099877,215208318
2020-07-20,0.099898003,0.101273,0.094054997,0.094678998,0.094678998,238907306
2020-07-21,0.094599999,0.097956002,0.094080001,0.096224003,0.096224003,222225815
2020-07-22,0.096170001,0.097493999,0.094478004,0.097223997,0.097223997,188477646
2020-07-23,0.097260997,0.100999,0.096909001,0.097764,0.097764,259146414
2020-07-24,0.097764,0.097930998,0.095256001,0.095563002,0.095563002,221044089
2020-07-25,0.095661998,0.100673,0.09533,0.100179,0.100179,237008047
2020-07-26,0.100115,0.105067,0.097448997,0.098732002,0.098732002,328857055
2020-07-27,0.098681003,0.099597,0.090113997,0.094540998,0.094540998,347516202
2020-07-28,0.094529003,0.097531997,0.093606003,0.097002,0.097002,298863222
2020-07-29,0.096977003,0.099101,0.095059998,0.095288001,0.095288001,241946098
2020-07-30,0.095302001,0.097457998,0.094837002,0.096643001,0.096643001,180339488
2020-07-31,0.096671,0.097134002,0.095435001,0.096931003,0.096931003,176835286
2020-08-01,0.096931003,0.107754,0.096879996,0.106995,0.106995,400852491
2020-08-02,0.107006,0.114879,0.098981,0.10255,0.10255,499258062
2020-08-03,0.10264,0.108085,0.10173,0.105059,0.105059,307978252
2020-08-04,0.105056,0.111197,0.105056,0.109971,0.109971,322228936
2020-08-05,0.109911,0.111014,0.107409,0.107935,0.107935,236900060
2020-08-06,0.107863,0.108024,0.105615,0.106432,0.106432,217021091
2020-08-07,0.106427,0.107729,0.100053,0.103121,0.103121,425365420
2020-08-08,0.103177,0.104344,0.101834,0.10296,0.10296,179081363
2020-08-09,0.103151,0.106837,0.103098,0.105086,0.105086,219371826
2020-08-10,0.105186,0.10691,0.103885,0.105994,0.105994,235437880
2020-08-11,0.106026,0.108495,0.097952999,0.100932,0.100932,531368379
2020-08-12,0.100965,0.103658,0.097064003,0.102179,0.102179,223009012
2020-08-13,0.102146,0.103217,0.098173998,0.102137,0.102137,231325307
2020-08-14,0.102176,0.108184,0.101302,0.104972,0.104972,269518943
2020-08-15,0.104988,0.108583,0.103698,0.106799,0.106799,258271148
2020-08-16,0.106762,0.115125,0.104407,0.114619,0.114619,286171648
2020-08-17,0.114619,0.118987,0.110739,0.113654,0.113654,419680340
2020-08-18,0.113649,0.116018,0.107948,0.10877,0.10877,256529526
2020-08-19,0.108803,0.109499,0.1001,0.102548,0.102548,252993404
2020-08-20,0.10252,0.107232,0.101224,0.107175,0.107175,199755664
2020-08-21,0.107228,0.109333,0.100383,0.100438,0.100438,267403132
2020-08-22,0.100439,0.102478,0.098508999,0.102462,0.102462,206985739
2020-08-23,0.102399,0.10305,0.099210002,0.10305,0.10305,162138541
2020-08-24,0.102973,0.105924,0.10146,0.103502,0.103502,170036740
2020-08-25,0.103518,0.103518,0.096649997,0.098112002,0.098112002,226110548
2020-08-26,0.098079003,0.100437,0.096690997,0.098417997,0.098417997,235648983
2020-08-27,0.098361999,0.098858997,0.091609001,0.093916997,0.093916997,251313087
2020-08-28,0.093925998,0.096644998,0.093185,0.095818996,0.095818996,185494720
2020-08-29,0.095797002,0.097384997,0.094889,0.096736997,0.096736997,176461129
2020-08-30,0.096712999,0.09849,0.096602999,0.098246999,0.098246999,194696528
2020-08-31,0.098315001,0.098968998,0.095454998,0.097310998,0.097310998,200377295
2020-09-01,0.097282998,0.100862,0.096515998,0.099379003,0.099379003,261417048
2020-09-02,0.099352002,0.099816002,0.090364002,0.092649996,0.092649996,270916414
2020-09-03,0.092603996,0.093033001,0.078769997,0.079447001,0.079447001,278190195
2020-09-04,0.079314001,0.083094001,0.076200001,0.081451997,0.081451997,299460315
2020-09-05,0.081373997,0.083175004,0.074043997,0.075511999,0.075511999,227987351
2020-09-06,0.075511999,0.079145998,0.072577,0.077862002,0.077862002,198268220
2020-09-07,0.077858999,0.079327002,0.074666999,0.078690998,0.078690998,163474090
2020-09-08,0.078682996,0.079576999,0.075750999,0.077537,0.077537,149705922
2020-09-09,0.077540003,0.079879001,0.076021001,0.078625999,0.078625999,118253396
2020-09-10,0.078612,0.083385997,0.078583002,0.081324004,0.081324004,161477831
2020-09-11,0.081324004,0.084417999,0.079397,0.083807997,0.083807997,142072516
2020-09-12,0.083890997,0.085276999,0.083005004,0.084105,0.084105,130594675
2020-09-13,0.084105,0.084657997,0.079566002,0.080061004,0.080061004,140385591
2020-09-14,0.080063999,0.082753003,0.079432003,0.080452003,0.080452003,150757355
2020-09-15,0.080486,0.081600003,0.078106999,0.078256004,0.078256004,168607726
2020-09-16,0.078295998,0.081559002,0.075960003,0.080199003,0.080199003,183746302
2020-09-17,0.080303997,0.082071997,0.078419998,0.080424003,0.080424003,154219419
2020-09-18,0.080424003,0.080606997,0.077935003,0.078460999,0.078460999,110248244
2020-09-19,0.078475997,0.081262998,0.077788003,0.078979999,0.078979999,102880672
2020-09-20,0.078979,0.079053998,0.076007001,0.077405997,0.077405997,101725308
2020-09-21,0.077418998,0.077698,0.070173003,0.070703,0.070703,124951989
2020-09-22,0.070662998,0.072512001,0.070015997,0.071987003,0.071987003,108176092
2020-09-23,0.071786001,0.072263002,0.067281999,0.067574002,0.067574002,120676954
2020-09-24,0.067483,0.070638001,0.067022003,0.070370004,0.070370004,148195540
2020-09-25,0.070445001,0.075612001,0.069379002,0.074459001,0.074459001,175265522
2020-09-26,0.074574001,0.076237999,0.072802,0.073963001,0.073963001,124619607
2020-09-27,0.073960997,0.074808002,0.071808003,0.073335998,0.073335998,119041432
2020-09-28,0.073423997,0.075805001,0.073302999,0.073540002,0.073540002,137705135
2020-09-29,0.073398001,0.075048998,0.072439,0.074139997,0.074139997,120859330
2020-09-30,0.074135996,0.074995004,0.072370999,0.074823998,0.074823998,119624630
2020-10-01,0.074896,0.076328002,0.071944997,0.073172003,0.073172003,158828556
2020-10-02,0.073202997,0.073881999,0.069783002,0.071097001,0.071097001,158118757
2020-10-03,0.071074001,0.072255,0.070814997,0.071157001,0.071157001,100791478
2020-10-04,0.071222,0.073412001,0.070753999,0.072954997,0.072954997,106843418
2020-10-05,0.072991997,0.074069001,0.072564997,0.073418997,0.073418997,126663686
2020-10-06,0.073370002,0.074965,0.071969002,0.072500996,0.072500996,161623397
2020-10-07,0.072515003,0.073118001,0.070992,0.072301,0.072301,133649894
2020-10-08,0.072383001,0.073376,0.070657998,0.073095001,0.073095001,131279734
2020-10-09,0.073128998,0.075724997,0.072621003,0.075144,0.075144,156460920
2020-10-10,0.075096004,0.078273997,0.075076997,0.077372998,0.077372998,145849675
2020-10-11,0.077350996,0.078658998,0.076982997,0.077229001,0.077229001,120268596
2020-10-12,0.077163003,0.079094999,0.076176003,0.077683002,0.077683002,133171634
2020-10-13,0.077646002,0.077652,0.075698003,0.076344997,0.076344997,125542356
2020-10-14,0.076366,0.076725997,0.073965997,0.074282996,0.074282996,120454176
2020-10-15,0.074198999,0.074375004,0.072213002,0.074041001,0.074041001,115219952
2020-10-16,0.074047998,0.078746997,0.072507001,0.078702003,0.078702003,160931240
2020-10-17,0.078953996,0.083563,0.077892996,0.081915997,0.081915997,268590382
2020-10-18,0.081742004,0.082171999,0.079374,0.079550996,0.079550996,165059604
2020-10-19,0.079581,0.087261997,0.079508997,0.085248999,0.085248999,306021433
2020-10-20,0.085282996,0.086542003,0.080747001,0.080906004,0.080906004,216687519
2020-10-21,0.080914997,0.086223997,0.080806002,0.083779998,0.083779998,234581977
2020-10-22,0.083740003,0.087329,0.083740003,0.085280001,0.085280001,195477498
2020-10-23,0.085441999,0.086336002,0.083136,0.083795004,0.083795004,153182270
2020-10-24,0.083796002,0.085970998,0.083477996,0.085437,0.085437,143789489
2020-10-25,0.085437,0.085635997,0.082587004,0.083143003,0.083143003,139158127
2020-10-26,0.083143003,0.084229,0.080218002,0.080907002,0.080907002,181364928
2020-10-27,0.080906004,0.083013996,0.080906004,0.081808999,0.081808999,173073310
2020-10-28,0.081808999,0.082096003,0.077678002,0.078592002,0.078592002,166210480
2020-10-29,0.078592002,0.078983001,0.075769998,0.077453002,0.077453002,143150634
2020-10-30,0.077454001,0.078472003,0.074960001,0.076762997,0.076762997,118612988
2020-10-31,0.076762997,0.079489,0.076600999,0.077673003,0.077673003,137580784
2020-11-01,0.077673003,0.078590997,0.076655,0.078478001,0.078478001,115500841
2020-11-02,0.078474998,0.079278,0.075580999,0.075659998,0.075659998,129525552
2020-11-03,0.075659998,0.076315999,0.073550001,0.075310998,0.075310998,126769721
2020-11-04,0.075319998,0.075638004,0.072921999,0.074593,0.074593,118999480
2020-11-05,0.074593998,0.082116,0.073702998,0.080174997,0.080174997,180475299
2020-11-06,0.080168001,0.085135996,0.080164999,0.083874002,0.083874002,197958333
2020-11-07,0.083874002,0.085945003,0.078584,0.079613999,0.079613999,207531867
2020-11-08,0.079613999,0.082765996,0.078883,0.081537999,0.081537999,137449751
2020-11-09,0.081540003,0.082061999,0.078254998,0.079677001,0.079677001,151868375
2020-11-10,0.079686999,0.082188003,0.079318002,0.079828002,0.079828002,151230471
2020-11-11,0.079827003,0.082051001,0.079691999,0.080692001,0.080692001,142374410
2020-11-12,0.080688998,0.080881998,0.079325996,0.080665998,0.080665998,135597876
2020-11-13,0.080663003,0.082386002,0.080020003,0.082318,0.082318,141302911
2020-11-14,0.082318,0.084058002,0.081032,0.081157997,0.081157997,171038961
2020-11-15,0.081157997,0.082184002,0.079228997,0.080293998,0.080293998,130851376
2020-11-16,0.080293998,0.082303002,0.079588003,0.081896,0.081896,144088171
2020-11-17,0.083962001,0.087811001,0.083461002,0.086075,0.086075,234814750
2020-11-18,0.086071998,0.086525999,0.08196,0.083614998,0.083614998,200409056
2020-11-19,0.083616003,0.085657001,0.081630997,0.083906002,0.083906002,159838550
2020-11-20,0.083907999,0.088310003,0.083774999,0.088307001,0.088307001,177052672
2020-11-21,0.088307001,0.10893,0.088307001,0.108405,0.108405,646627498
2020-11-22,0.108405,0.113919,0.097502001,0.103526,0.103526,689900728
2020-11-23,0.103526,0.1311,0.101743,0.13059901,0.13059901,881252331
2020-11-24,0.130651,0.1965,0.130651,0.19548,0.19548,3759466315
2020-11-25,0.195058,0.22978,0.183562,0.19520199,0.19520199,3400050501
2020-11-26,0.19496199,0.204134,0.147946,0.167548,0.167548,2426960775
2020-11-27,0.167805,0.20640901,0.16388001,0.20640901,0.20640901,2262645472
2020-11-28,0.20666,0.21905699,0.19640601,0.200203,0.200203,2016734578
2020-11-29,0.200298,0.202338,0.18970799,0.194224,0.194224,987586583
2020-11-30,0.194195,0.204532,0.18964501,0.20209301,0.20209301,1061790831
2020-12-01,0.20216,0.20353401,0.177947,0.184425,0.184425,917146767
2020-12-02,0.18447299,0.18798199,0.178353,0.185151,0.185151,588076706
2020-12-03,0.185249,0.18940701,0.180338,0.184304,0.184304,489435452
2020-12-04,0.184328,0.188008,0.16072001,0.162855,0.162855,575389419
2020-12-05,0.16270299,0.175897,0.16052499,0.171718,0.171718,428643561
2020-12-06,0.17173,0.17962,0.168093,0.17563,0.17563,410343063
2020-12-07,0.175632,0.175955,0.165773,0.16846,0.16846,317729160
2020-12-08,0.16847099,0.16847099,0.15018199,0.152803,0.152803,432945452
2020-12-09,0.15277401,0.173848,0.140441,0.172224,0.172224,935284783
2020-12-10,0.172295,0.17681,0.161102,0.161102,0.161102,770957773
2020-12-11,0.161112,0.164297,0.15118,0.15118,0.15118,608768064
2020-12-12,0.151131,0.164039,0.150714,0.15895,0.15895,509594961
2020-12-13,0.158959,0.179206,0.1559,0.174852,0.174852,689055367
2020-12-14,0.175201,0.178075,0.16699,0.169762,0.169762,522592210
2020-12-15,0.169788,0.17625999,0.165491,0.166557,0.166557,469193894
2020-12-16,0.166502,0.191815,0.15991201,0.191401,0.191401,1059791080
2020-12-17,0.19126999,0.20646299,0.180859,0.18593501,0.18593501,1664078484
2020-12-18,0.18597101,0.188986,0.177644,0.185127,0.185127,822786727
2020-12-19,0.185072,0.187856,0.18046699,0.18183701,0.18183701,483210984
2020-12-20,0.181832,0.181987,0.17573801,0.17697901,0.17697901,459139596
2020-12-21,0.176974,0.179914,0.161052,0.166357,0.166357,509445346
2020-12-22,0.166178,0.169725,0.15408599,0.162185,0.162185,661299925
2020-12-23,0.162213,0.162241,0.113173,0.126471,0.126471,1192456990
2020-12-24,0.12682,0.165288,0.125073,0.15962,0.15962,1571608569
2020-12-25,0.15919501,0.16656999,0.148837,0.152587,0.152587,864019522
2020-12-26,0.152519,0.155128,0.144831,0.147047,0.147047,532755621
2020-12-27,0.147044,0.15493,0.135361,0.14497299,0.14497299,758476186
2020-12-28,0.145099,0.154212,0.142134,0.144375,0.144375,578664860
2020-12-29,0.14435899,0.14876799,0.129052,0.138815,0.138815,762785956
2020-12-30,0.13876,0.139266,0.12989099,0.13191301,0.13191301,555793351
2020-12-31,0.131989,0.13215999,0.124408,0.12837,0.12837,484196978
2021-01-01,0.12832101,0.139801,0.127367,0.13240799,0.13240799,493194345
2021-01-02,0.132471,0.134618,0.127561,0.12782,0.12782,463295709
2021-01-03,0.127847,0.138974,0.124531,0.13642301,0.13642301,694141229
2021-01-04,0.13664401,0.165951,0.130889,0.16518,0.16518,1650893150
2021-01-05,0.165094,0.209966,0.151998,0.194823,0.194823,2558465429
2021-01-06,0.19467101,0.383481,0.19423699,0.34079301,0.34079301,10408578427
2021-01-07,0.34315801,0.40233901,0.297414,0.315797,0.315797,6253336842
2021-01-08,0.31562299,0.33048999,0.26922899,0.302836,0.302836,3650270362
2021-01-09,0.30271,0.33017999,0.286515,0.31193501,0.31193501,2262748352
2021-01-10,0.31216601,0.32639199,0.26736501,0.28874901,0.28874901,1949483668
2021-01-11,0.288331,0.288331,0.214559,0.27223799,0.27223799,2510439297
2021-01-12,0.27209899,0.31091699,0.25687701,0.28174299,0.28174299,2951493960
2021-01-13,0.28151801,0.30794999,0.27756599,0.30402201,0.30402201,1932760186
2021-01-14,0.30419499,0.31932801,0.28818801,0.30261999,0.30261999,1746390818
2021-01-15,0.302697,0.31072399,0.26346001,0.28494099,0.28494099,1546747797
2021-01-16,0.28478599,0.309605,0.27884999,0.29201901,0.29201901,1576551021
2021-01-17,0.291908,0.318398,0.28803501,0.30356601,0.30356601,1884116937
2021-01-18,0.30336601,0.30744201,0.295037,0.30361101,0.30361101,1011246742
2021-01-19,0.30375201,0.31740099,0.29674399,0.29940501,0.29940501,1530976794
2021-01-20,0.29909,0.30118701,0.27711099,0.29435101,0.29435101,1160924328
2021-01-21,0.294397,0.294691,0.24620301,0.25260299,0.25260299,1083947046
2021-01-22,0.252395,0.28023601,0.22939099,0.27050099,0.27050099,1392207582
2021-01-23,0.269934,0.27792701,0.26448199,0.26975501,0.26975501,875595181
2021-01-24,0.26968399,0.281912,0.263895,0.27155599,0.27155599,806028759
2021-01-25,0.27147299,0.276463,0.26137701,0.26217899,0.26217899,713468709
2021-01-26,0.26200601,0.26486501,0.25042,0.261567,0.261567,670565995
2021-01-27,0.26159999,0.26192099,0.231787,0.23907,0.23907,669146236
2021-01-28,0.238921,0.30129501,0.233803,0.29224101,0.29224101,1470789190
2021-01-29,0.304425,0.366745,0.28788301,0.29467401,0.29467401,5357767876
2021-01-30,0.294144,0.35356,0.280146,0.324866,0.324866,3891286887
2021-01-31,0.32499301,0.336867,0.29715601,0.305702,0.305702,2305438899
2021-02-01,0.305749,0.35945001,0.295178,0.32183501,0.32183501,3711837885
2021-02-02,0.321843,0.34609699,0.31704301,0.33662,0.33662,2229603871
2021-02-03,0.33689901,0.34498999,0.328767,0.34215099,0.34215099,1486186863
2021-02-04,0.34219399,0.345249,0.31389701,0.32522899,0.32522899,1554404275
2021-02-05,0.32513899,0.357348,0.32506299,0.34960699,0.34960699,2146857567
2021-02-06,0.34928599,0.39180201,0.336326,0.37630001,0.37630001,2538410914
2021-02-07,0.376046,0.41651699,0.365365,0.38347301,0.38347301,5026694578
2021-02-08,0.383338,0.39886901,0.372931,0.39560601,0.39560601,2542466582
2021-02-09,0.39526299,0.40081599,0.38360101,0.39673701,0.39673701,1818075317
2021-02-10,0.39662299,0.43856001,0.38383499,0.41241899,0.41241899,3501396594
2021-02-11,0.411791,0.46421301,0.411791,0.452912,0.452912,3244799993
2021-02-12,0.45289999,0.530949,0.44078201,0.527843,0.527843,3705074297
2021-02-13,0.52685398,0.60082501,0.51517099,0.55994803,0.55994803,5519338626
2021-02-14,0.56092101,0.574094,0.49873,0.51764399,0.51764399,3078578193
2021-02-15,0.51641601,0.53708899,0.43680501,0.49376199,0.49376199,3202896143
2021-02-16,0.49344501,0.51388901,0.47262499,0.48661,0.48661,2101777439
2021-02-17,0.486527,0.50795501,0.459225,0.49700201,0.49700201,1859433188
2021-02-18,0.496831,0.51546699,0.486292,0.49750799,0.49750799,1663443587
2021-02-19,0.49759701,0.52130002,0.48638701,0.51360202,0.51360202,1683567104
2021-02-20,0.51354402,0.53208202,0.46773499,0.488006,0.488006,2152043635
2021-02-21,0.48737001,0.50841898,0.478347,0.498768,0.498768,1691495133
2021-02-22,0.49862599,0.52304298,0.39972299,0.466957,0.466957,2952779389
2021-02-23,0.46654201,0.46654201,0.32204899,0.38653001,0.38653001,2962479689
2021-02-24,0.38679501,0.43282399,0.37040299,0.40724,0.40724,1862049592
2021-02-25,0.40708399,0.42578599,0.38126901,0.38126901,0.38126901,1320643982
2021-02-26,0.38220501,0.40109801,0.35783699,0.40067801,0.40067801,1387062138
2021-02-27,0.40101999,0.47094199,0.40101999,0.44145799,0.44145799,2799346118
2021-02-28,0.441513,0.45163399,0.38611901,0.40665099,0.40665099,1888502990
2021-03-01,0.40694201,0.435909,0.403503,0.430318,0.430318,1390709358
2021-03-02,0.43040901,0.43654501,0.399533,0.41956499,0.41956499,1167447987
2021-03-03,0.42012399,0.438043,0.414655,0.42210501,0.42210501,1195050006
2021-03-04,0.42187601,0.427286,0.404421,0.41322199,0.41322199,1067768373
2021-03-05,0.412792,0.412792,0.38826001,0.40617001,0.40617001,839856756
2021-03-06,0.40586099,0.40805399,0.39410299,0.40331,0.40331,680865154
2021-03-07,0.40336001,0.421909,0.40336001,0.412844,0.412844,796240412
2021-03-08,0.41299,0.42021501,0.403189,0.417532,0.417532,857074336
2021-03-09,0.41748899,0.43377501,0.41294599,0.43265,0.43265,1048814189
2021-03-10,0.43233001,0.432621,0.40799499,0.41076899,0.41076899,975485394
2021-03-11,0.41038799,0.41295099,0.39784399,0.4059,0.4059,952021130
2021-03-12,0.40615901,0.40784901,0.38202101,0.387871,0.387871,932051704
2021-03-13,0.387941,0.411789,0.37766001,0.40826401,0.40826401,1078554244
2021-03-14,0.40805399,0.40827,0.39086699,0.39153299,0.39153299,788965241
2021-03-15,0.39137799,0.398947,0.37112799,0.385499,0.385499,979911106
2021-03-16,0.385337,0.41048601,0.37569201,0.39574701,0.39574701,1172225532
2021-03-17,0.39580101,0.406407,0.38886201,0.404744,0.404744,931660142
2021-03-18,0.40469199,0.40954399,0.38772199,0.397609,0.397609,857862584
2021-03-19,0.39745101,0.40375099,0.39111701,0.39832801,0.39832801,779831001
2021-03-20,0.39828601,0.43922001,0.39647201,0.41748801,0.41748801,1573144660
2021-03-21,0.41762099,0.42537099,0.395432,0.40499899,0.40499899,1202061273
2021-03-22,0.404982,0.425933,0.39654601,0.39673999,0.39673999,1398256291
2021-03-23,0.396633,0.411715,0.39216399,0.40008599,0.40008599,1103779839
2021-03-24,0.39993501,0.406021,0.36068499,0.36863899,0.36863899,976328018
2021-03-25,0.36840001,0.373741,0.35027099,0.36590001,0.36590001,1066307446
2021-03-26,0.366,0.388926,0.36491001,0.38750499,0.38750499,905696765
2021-03-27,0.38745999,0.39243701,0.375505,0.38472199,0.38472199,716032418
2021-03-28,0.38472801,0.41443399,0.38136199,0.39934099,0.39934099,1322103231
2021-03-29,0.39977899,0.412981,0.39482901,0.40788299,0.40788299,932211824
2021-03-30,0.407803,0.415185,0.40332401,0.40594101,0.40594101,883027112
2021-03-31,0.40590999,0.41239899,0.38891101,0.410898,0.410898,1052641432
2021-04-01,0.411138,0.43655801,0.4086,0.43251199,0.43251199,1465378533
2021-04-02,0.43238899,0.47232801,0.43238899,0.446585,0.446585,2189259118
2021-04-03,0.44604,0.46544799,0.417844,0.41805401,0.41805401,1617541085
2021-04-04,0.41804501,0.44278699,0.41227099,0.43780699,0.43780699,1213059845
2021-04-05,0.43782699,0.55097198,0.43393299,0.536367,0.536367,4476131328
2021-04-06,0.539074,0.58104098,0.48747501,0.54274398,0.54274398,4717764852
2021-04-07,0.54312599,0.54801601,0.45796499,0.47328001,0.47328001,2697133800
2021-04-08,0.47369501,0.50716001,0.471223,0.50681603,0.50681603,1584288709
2021-04-09,0.50705302,0.50705302,0.47891399,0.48638701,0.48638701,1072231147
2021-04-10,0.48693499,0.59316099,0.4833,0.56182897,0.56182897,3632750033
2021-04-11,0.56259298,0.65493602,0.556328,0.58881003,0.58881003,5784803709
2021-04-12,0.58527201,0.606282,0.567617,0.59059203,0.59059203,2677108329
2021-04-13,0.59026599,0.68377501,0.57739699,0.65535599,0.65535599,4359650544
2021-04-14,0.65547103,0.68981397,0.588875,0.63673502,0.63673502,3686360458
2021-04-15,0.63664597,0.64946598,0.61595303,0.64104003,0.64104003,1884434890
2021-04-16,0.640499,0.65425003,0.56764698,0.61326301,0.61326301,2279497102
2021-04-17,0.61146802,0.64414603,0.59568399,0.59925503,0.59925503,1747763981
2021-04-18,0.59858102,0.60593897,0.46371499,0.544734,0.544734,2642964343
2021-04-19,0.54559398,0.56602502,0.49337801,0.50123399,0.50123399,1896493046
2021-04-20,0.49965799,0.52968502,0.47013199,0.52794999,0.52794999,1793260649
2021-04-21,0.52943498,0.53781497,0.48560199,0.49208799,0.49208799,1483729152
2021-04-22,0.49061999,0.51294899,0.44653001,0.45034599,0.45034599,1696917155
2021-04-23,0.45024601,0.45645899,0.366694,0.450892,0.450892,2437398588
2021-04-24,0.45102301,0.46018299,0.413715,0.42574599,0.42574599,1406030264
2021-04-25,0.425383,0.444662,0.40199399,0.41643801,0.41643801,1131194565
2021-04-26,0.41665801,0.486366,0.41484401,0.48561001,0.48561001,1580164878
2021-04-27,0.486563,0.52212,0.47671801,0.50947899,0.50947899,1554353642
2021-04-28,0.50985801,0.521321,0.47605801,0.49734899,0.49734899,1117111605
2021-04-29,0.49752301,0.50847799,0.477725,0.491797,0.491797,879179804
2021-04-30,0.491981,0.539698,0.48553699,0.529526,0.529526,1485447208
2021-05-01,0.52951401,0.53980201,0.513592,0.53980201,0.53980201,1056846205
2021-05-02,0.54010701,0.559811,0.514395,0.55949199,0.55949199,1396734702
2021-05-03,0.55554998,0.57318902,0.54059201,0.55214202,0.55214202,1414103796
2021-05-04,0.551081,0.551081,0.497235,0.50332302,0.50332302,1615564898
2021-05-05,0.50194699,0.60342902,0.49710301,0.60342902,0.60342902,2837953135
2021-05-06,0.60571498,0.688806,0.59763801,0.65103197,0.65103197,4880860756
2021-05-07,0.64981198,0.68778801,0.60575002,0.63037699,0.63037699,3018476550
2021-05-08,0.63086098,0.64080602,0.60522401,0.61655098,0.61655098,1673520774
2021-05-09,0.61491501,0.63306701,0.57750899,0.62858897,0.62858897,2060435745
2021-05-10,0.627909,0.77810401,0.61551899,0.65957898,0.65957898,6716066186
2021-05-11,0.65742898,0.73951,0.62057799,0.72999603,0.72999603,4500602885
2021-05-12,0.73312199,0.73624599,0.588705,0.588705,0.588705,2788838782
2021-05-13,0.59269297,0.66081202,0.55061102,0.64415097,0.64415097,3672409153
2021-05-14,0.64991599,0.706339,0.63772899,0.668042,0.668042,3235407543
2021-05-15,0.66611302,0.74081397,0.65072799,0.67624098,0.67624098,4130301427
2021-05-16,0.68126398,0.796471,0.66351199,0.714302,0.714302,5094441207
2021-05-17,0.711321,0.71189803,0.62114501,0.64560097,0.64560097,3497099452
2021-05-18,0.642654,0.70061302,0.63570499,0.64711499,0.64711499,2692243772
2021-05-19,0.64686799,0.656308,0.303509,0.450427,0.450427,4216540503
2021-05-20,0.44554499,0.534172,0.40128699,0.49759001,0.49759001,2728401423
2021-05-21,0.495837,0.51103902,0.37322101,0.41935501,0.41935501,2137903903
2021-05-22,0.41991499,0.42205301,0.36798501,0.38995299,0.38995299,1654933818
2021-05-23,0.38977799,0.40229499,0.276153,0.367805,0.367805,2168248423
2021-05-24,0.36508301,0.448125,0.360807,0.439702,0.439702,2433154244
2021-05-25,0.43968299,0.459465,0.408748,0.42881301,0.42881301,1995356890
2021-05-26,0.43008101,0.470972,0.42173499,0.44467399,0.44467399,1739319175
2021-05-27,0.44463599,0.44705299,0.41157499,0.41859099,0.41859099,1382884710
2021-05-28,0.42014301,0.42585599,0.36485401,0.398792,0.398792,1567740989
2021-05-29,0.39934,0.408593,0.34470001,0.36715701,0.36715701,1377823083
2021-05-30,0.367259,0.398601,0.34786701,0.37568799,0.37568799,887569757
2021-05-31,0.374953,0.409863,0.365917,0.40340701,0.40340701,1054749322
2021-06-01,0.40265301,0.44784299,0.384707,0.41771001,0.41771001,1518957701
2021-06-02,0.418515,0.43479201,0.40606499,0.41901001,0.41901001,991387652
2021-06-03,0.41910499,0.43392599,0.41305101,0.42534301,0.42534301,809908091
2021-06-04,0.42561501,0.42561501,0.37057301,0.385039,0.385039,978141224
2021-06-05,0.38522199,0.405817,0.366328,0.37538001,0.37538001,872412181
2021-06-06,0.37549499,0.38873199,0.372316,0.381255,0.381255,630132229
2021-06-07,0.381313,0.39218301,0.34402201,0.346232,0.346232,668258023
2021-06-08,0.34684601,0.35622799,0.31113899,0.35056701,0.35056701,943710872
2021-06-09,0.34970301,0.36454001,0.32528999,0.36429101,0.36429101,914569105
2021-06-10,0.36561301,0.36709201,0.33217201,0.33921,0.33921,822163707
2021-06-11,0.33939001,0.34303799,0.31522501,0.318661,0.318661,748666312
2021-06-12,0.31860301,0.34368601,0.30020601,0.32829699,0.32829699,848257045
2021-06-13,0.328224,0.348299,0.31154501,0.34472999,0.34472999,783830045
2021-06-14,0.344971,0.34931999,0.32835901,0.34830201,0.34830201,765281329
2021-06-15,0.344028,0.351376,0.33089101,0.34381399,0.34381399,884436203
2021-06-16,0.33417401,0.34198999,0.31549999,0.31737301,0.31737301,814399660
2021-06-17,0.317828,0.33010399,0.31111801,0.317561,0.317561,697753372
2021-06-18,0.31794399,0.31863999,0.28591099,0.297656,0.297656,507029821
2021-06-19,0.29774201,0.30687001,0.289823,0.29079899,0.29079899,375747048
2021-06-20,0.29007101,0.29939201,0.270677,0.29763001,0.29763001,468555357
2021-06-21,0.29746199,0.30193701,0.235819,0.23666701,0.23666701,646879152
2021-06-22,0.236219,0.25868899,0.200156,0.23463,0.23463,883152929
2021-06-23,0.23497,0.269106,0.225338,0.257175,0.257175,673254530
2021-06-24,0.25592601,0.27318999,0.243781,0.26776901,0.26776901,495390035
2021-06-25,0.26857901,0.27397001,0.24120399,0.242594,0.242594,459649224
2021-06-26,0.24171101,0.249309,0.22914401,0.249309,0.249309,435631054
2021-06-27,0.24942,0.259067,0.23987401,0.25864801,0.25864801,430864934
2021-06-28,0.25941101,0.268897,0.25617599,0.26350799,0.26350799,410516522
2021-06-29,0.263735,0.293466,0.262853,0.28081799,0.28081799,529269669
2021-06-30,0.28264901,0.28571901,0.26652601,0.282978,0.282978,437817934
2021-07-01,0.283182,0.283182,0.26018599,0.26974601,0.26974601,371285153
2021-07-02,0.26914799,0.273359,0.25287399,0.26342699,0.26342699,348779260
2021-07-03,0.263304,0.270331,0.25971001,0.26432401,0.26432401,331006888
2021-07-04,0.264254,0.27231401,0.25911799,0.26812801,0.26812801,337619569
2021-07-05,0.26827201,0.26827201,0.25229999,0.25445601,0.25445601,335924211
2021-07-06,0.25393099,0.267757,0.25354701,0.26019001,0.26019001,360426095
2021-07-07,0.26059401,0.265708,0.256145,0.25694001,0.25694001,341283702
2021-07-08,0.25706401,0.25764301,0.239747,0.243421,0.243421,398257785
2021-07-09,0.242954,0.249652,0.233328,0.245802,0.245802,413022586
2021-07-10,0.245951,0.25255299,0.23944201,0.245317,0.245317,305321825
2021-07-11,0.245254,0.24848901,0.240989,0.24615701,0.24615701,272218462
2021-07-12,0.24641,0.25246501,0.23659299,0.239254,0.239254,303323693
2021-07-13,0.238938,0.24264599,0.228149,0.23274,0.23274,310476443
2021-07-14,0.23274601,0.244883,0.219797,0.240116,0.240116,416234872
2021-07-15,0.24028,0.24350201,0.22683799,0.24098299,0.24098299,372008308
2021-07-16,0.24073599,0.25750899,0.23360699,0.236423,0.236423,734377357
2021-07-17,0.235357,0.238282,0.22871201,0.23300201,0.23300201,427315628
2021-07-18,0.23304901,0.24059001,0.228104,0.230738,0.230738,327137782
2021-07-19,0.230499,0.231672,0.211523,0.211523,0.211523,306686285
2021-07-20,0.211643,0.21556599,0.19943701,0.212394,0.212394,400269220
2021-07-21,0.212238,0.23004,0.20736299,0.227836,0.227836,409219916
2021-07-22,0.228368,0.267759,0.22427499,0.26359999,0.26359999,967644367
2021-07-23,0.263807,0.27700299,0.249254,0.26945901,0.26945901,833096764
2021-07-24,0.26891801,0.271963,0.26145601,0.26768601,0.26768601,464576174
2021-07-25,0.26747,0.26756501,0.25409099,0.261742,0.261742,348760886
2021-07-26,0.26177499,0.284114,0.25728399,0.26147899,0.26147899,710940974
2021-07-27,0.260759,0.27002501,0.25132799,0.26312399,0.26312399,466181632
2021-07-28,0.263226,0.2811,0.258497,0.26893401,0.26893401,693920024
2021-07-29,0.26994699,0.27495101,0.26234701,0.27229699,0.27229699,449501855
2021-07-30,0.27249199,0.28503501,0.26306501,0.279421,0.279421,544526611
2021-07-31,0.27930599,0.28967601,0.27374801,0.28569701,0.28569701,542423429
2021-08-01,0.284655,0.30041301,0.27368999,0.27617699,0.27617699,629418983
2021-08-02,0.27558601,0.285768,0.269124,0.274609,0.274609,551800678
2021-08-03,0.274627,0.27886301,0.265273,0.27416801,0.27416801,489501769
2021-08-04,0.27478999,0.28389701,0.265753,0.280368,0.280368,480114860
2021-08-05,0.28059199,0.282296,0.266395,0.28041801,0.28041801,586814222
2021-08-06,0.28038499,0.286107,0.27472201,0.284749,0.284749,530329062
2021-08-07,0.28517801,0.31077999,0.28241599,0.30625901,0.30625901,904795533
2021-08-08,0.30723101,0.31294599,0.285842,0.28733599,0.28733599,602492917
2021-08-09,0.287157,0.30533499,0.280215,0.29918799,0.29918799,621594088
2021-08-10,0.29899001,0.314401,0.29558501,0.31001699,0.31001699,685222152
2021-08-11,0.31015199,0.351798,0.30964199,0.33785799,0.33785799,1181507981
2021-08-12,0.337935,0.35292801,0.31603101,0.32733899,0.32733899,1084259364
2021-08-13,0.32892999,0.36489701,0.32453501,0.36008501,0.36008501,1043317676
2021-08-14,0.36004999,0.39931399,0.35281599,0.39504901,0.39504901,1425323552
2021-08-15,0.395439,0.40298799,0.37091401,0.39160901,0.39160901,1219537031
2021-08-16,0.391027,0.40977201,0.371984,0.37321499,0.37321499,1062173833
2021-08-17,0.37203801,0.38371,0.340004,0.34165001,0.34165001,861963091
2021-08-18,0.34119001,0.359227,0.327346,0.34285799,0.34285799,710374214
2021-08-19,0.34248099,0.368058,0.33230999,0.36709601,0.36709601,734464027
2021-08-20,0.36695701,0.38731101,0.36075899,0.38529,0.38529,780181594
2021-08-21,0.385057,0.385057,0.36930999,0.37177899,0.37177899,495958275
2021-08-22,0.37176001,0.38902399,0.36214301,0.37310901,0.37310901,599795232
2021-08-23,0.372646,0.38706601,0.37085399,0.37870401,0.37870401,792003503
2021-08-24,0.379354,0.38047501,0.35075399,0.35075399,0.35075399,629936533
2021-08-25,0.350943,0.359705,0.342013,0.358504,0.358504,651572702
2021-08-26,0.35908699,0.36313501,0.33190799,0.33631399,0.33631399,604899155
2021-08-27,0.33575201,0.35721901,0.32977,0.35721901,0.35721901,620642618
2021-08-28,0.357344,0.359833,0.34322301,0.34785399,0.34785399,470959442
2021-08-29,0.34777999,0.35338801,0.341748,0.343741,0.343741,451759625
2021-08-30,0.343741,0.34604901,0.32931501,0.32931501,0.32931501,522192911
2021-08-31,0.329932,0.35615799,0.32756701,0.34076801,0.34076801,767428068
2021-09-01,0.34025601,0.35611299,0.33610201,0.35384399,0.35384399,726573172
2021-09-02,0.353457,0.36735001,0.352267,0.36059299,0.36059299,804429508
2021-09-03,0.35931,0.37741899,0.351908,0.36890301,0.36890301,802448021
2021-09-04,0.36864901,0.383885,0.365394,0.37030101,0.37030101,768620012
2021-09-05,0.37012601,0.39758301,0.36838201,0.39739099,0.39739099,889265975
2021-09-06,0.39758101,0.43112901,0.389687,0.42343199,0.42343199,1749823011
2021-09-07,0.42389801,0.42425001,0.27965799,0.33428699,0.33428699,2284432865
2021-09-08,0.334481,0.34295699,0.30629399,0.329539,0.329539,1406502025
2021-09-09,0.32957,0.34175,0.32547101,0.33229899,0.33229899,885354438
2021-09-10,0.33193201,0.35853499,0.31211501,0.31745201,0.31745201,1068237830
2021-09-11,0.31733099,0.33255801,0.31638101,0.325279,0.325279,596034945
2021-09-12,0.32542601,0.33858401,0.31779999,0.33315599,0.33315599,555343786
2021-09-13,0.33326399,0.336402,0.31095299,0.31927899,0.31927899,690888123
2021-09-14,0.31897101,0.33108899,0.31685001,0.33108899,0.33108899,490880617
2021-09-15,0.33132601,0.34195599,0.327813,0.34147501,0.34147501,535007934
2021-09-16,0.341066,0.34181401,0.324027,0.330612,0.330612,635824152
2021-09-17,0.331137,0.333092,0.31602001,0.31955099,0.31955099,603626051
2021-09-18,0.31939,0.32789201,0.31570801,0.32250199,0.32250199,427858426
2021-09-19,0.32232901,0.32485399,0.31174001,0.314183,0.314183,389059259
2021-09-20,0.31420401,0.31514299,0.271319,0.28092799,0.28092799,843972266
2021-09-21,0.28226799,0.28731799,0.26188001,0.26632199,0.26632199,669120683
2021-09-22,0.26601201,0.29365,0.26117101,0.29330599,0.29330599,593808409
2021-09-23,0.29306701,0.30322099,0.289186,0.30322099,0.30322099,528205737
2021-09-24,0.30333,0.305785,0.270587,0.28174201,0.28174201,578996814
2021-09-25,0.28156099,0.28590199,0.27142701,0.277578,0.277578,390119407
2021-09-26,0.27759999,0.28149599,0.26173499,0.27616501,0.27616501,434181440
2021-09-27,0.27683499,0.28345901,0.26553899,0.265834,0.265834,374654280
2021-09-28,0.265531,0.27029899,0.255344,0.25674,0.25674,378922621
2021-09-29,0.25698701,0.27871799,0.25549901,0.27025399,0.27025399,476652882
2021-09-30,0.27018401,0.28059199,0.26898801,0.27881101,0.27881101,422507688
2021-10-01,0.27899,0.30049199,0.27594,0.30039099,0.30039099,599166723
2021-10-02,0.300318,0.32640699,0.29281399,0.316975,0.316975,644767899
2021-10-03,0.31692201,0.32271099,0.311019,0.315097,0.315097,599415325
2021-10-04,0.31455901,0.31533301,0.296909,0.30965501,0.30965501,572515716
2021-10-05,0.31009901,0.32052499,0.30839801,0.31908399,0.31908399,628491274
2021-10-06,0.31909299,0.36394399,0.30543,0.354442,0.354442,1089704496
2021-10-07,0.357692,0.36836901,0.34229401,0.344107,0.344107,1284965239
2021-10-08,0.34327701,0.34940401,0.33422101,0.335812,0.335812,715075457
2021-10-09,0.335841,0.36670801,0.33362699,0.352869,0.352869,842513413
2021-10-10,0.35274899,0.358004,0.33045799,0.332517,0.332517,587185000
2021-10-11,0.33203501,0.357117,0.32654601,0.344556,0.344556,743253215
2021-10-12,0.34510601,0.34510601,0.32051399,0.333141,0.333141,606576387
2021-10-13,0.332975,0.374239,0.331043,0.367663,0.367663,1315956487
2021-10-14,0.36775601,0.38212201,0.36496899,0.369326,0.369326,884709082
2021-10-15,0.369504,0.37260199,0.35181499,0.36143401,0.36143401,892639353
2021-10-16,0.36125299,0.41976899,0.36125299,0.39610299,0.39610299,1904544943
2021-10-17,0.39672899,0.40247801,0.36618099,0.38265699,0.38265699,1055192827
2021-10-18,0.38292801,0.39478201,0.37693301,0.37983701,0.37983701,900463495
2021-10-19,0.37972999,0.38399801,0.36763501,0.37392399,0.37392399,561883914
2021-10-20,0.37403101,0.39179501,0.36857101,0.390977,0.390977,773851701
2021-10-21,0.39174399,0.397679,0.37246799,0.37262201,0.37262201,872728684
2021-10-22,0.373404,0.380651,0.36640999,0.37213501,0.37213501,580788689
2021-10-23,0.37214601,0.378667,0.36862099,0.378667,0.378667,435009216
2021-10-24,0.37832001,0.38637999,0.36733899,0.372843,0.372843,553801827
2021-10-25,0.37255001,0.38680401,0.37134001,0.38680401,0.38680401,526688249
2021-10-26,0.38783601,0.38783601,0.37000701,0.37343299,0.37343299,555780297
2021-10-27,0.37317199,0.37548599,0.31451699,0.33075601,0.33075601,994505737
2021-10-28,0.33074099,0.34870499,0.32624999,0.342805,0.342805,848320375
2021-10-29,0.342729,0.36299801,0.341086,0.36164901,0.36164901,643201164
2021-10-30,0.36157,0.36548799,0.35174,0.35861501,0.35861501,616126735
2021-10-31,0.35873601,0.388643,0.357427,0.37285101,0.37285101,1141283804
2021-11-01,0.37283301,0.37566,0.35857299,0.366552,0.366552,631127554
2021-11-02,0.36609799,0.38192701,0.36319,0.38181999,0.38181999,625727471
2021-11-03,0.382285,0.39850801,0.37186,0.384967,0.384967,978825789
2021-11-04,0.38520199,0.390194,0.36583501,0.36968401,0.36968401,617166860
2021-11-05,0.36998299,0.37371999,0.35903499,0.35999599,0.35999599,503402576
2021-11-06,0.35953799,0.36441001,0.35069299,0.359171,0.359171,447494356
2021-11-07,0.35940099,0.36597699,0.35739899,0.36343399,0.36343399,413751906
2021-11-08,0.36394501,0.37878701,0.36339301,0.37761399,0.37761399,640416168
2021-11-09,0.37806201,0.420443,0.37395,0.41214901,0.41214901,1338692934
2021-11-10,0.41255099,0.44027001,0.36743,0.38525501,0.38525501,1970017508
2021-11-11,0.38443699,0.40302899,0.37617299,0.392075,0.392075,1026266028
2021-11-12,0.39152399,0.39456001,0.36528701,0.37947899,0.37947899,775630899
2021-11-13,0.379381,0.38275501,0.37084299,0.378916,0.378916,493020779
2021-11-14,0.37871599,0.382072,0.368117,0.37742901,0.37742901,464387096
2021-11-15,0.37749699,0.39381799,0.375112,0.37594101,0.37594101,667229793
2021-11-16,0.37753701,0.37753701,0.33271801,0.34405699,0.34405699,948088990
2021-11-17,0.34382501,0.34944201,0.33318001,0.346396,0.346396,727420599
2021-11-18,0.34637901,0.355156,0.31461501,0.32815599,0.32815599,880640903
2021-11-19,0.32775599,0.356682,0.32622799,0.35402101,0.35402101,721979989
2021-11-20,0.354157,0.358684,0.337419,0.34873199,0.34873199,541831702
2021-11-21,0.3486,0.349121,0.338716,0.34415999,0.34415999,455960879
2021-11-22,0.34408399,0.35635,0.33232,0.33660999,0.33660999,777532438
2021-11-23,0.336564,0.34239101,0.328879,0.340725,0.340725,638197000
2021-11-24,0.34134999,0.34149101,0.321549,0.333267,0.333267,585096905
2021-11-25,0.32748801,0.34759,0.326031,0.33196101,0.33196101,535017346
2021-11-26,0.34173599,0.35023999,0.307881,0.32793,0.32793,1137172623
2021-11-27,0.32891199,0.33495399,0.32139799,0.32656899,0.32656899,634035168
2021-11-28,0.32630199,0.326828,0.302672,0.32363999,0.32363999,654631818
2021-11-29,0.32383299,0.33385599,0.32320499,0.32852301,0.32852301,543953655
2021-11-30,0.32846501,0.35075599,0.32837299,0.336164,0.336164,765495934
2021-12-01,0.335684,0.34552401,0.32632199,0.32788,0.32788,557755808
2021-12-02,0.32796299,0.34015101,0.318176,0.33831,0.33831,550972339
2021-12-03,0.33967099,0.363233,0.32390401,0.32617301,0.32617301,1347154478
2021-12-04,0.32682699,0.32682699,0.232116,0.28915799,0.28915799,1824623320
2021-12-05,0.289572,0.29426301,0.26003799,0.280545,0.280545,1051929731
2021-12-06,0.27993101,0.29676601,0.248234,0.29604,0.29604,1216160034
2021-12-07,0.295991,0.29935801,0.28235301,0.287184,0.287184,707957073
2021-12-08,0.28694001,0.307143,0.283869,0.30618101,0.30618101,820595435
2021-12-09,0.30579001,0.30650699,0.274055,0.274055,0.274055,671983127
2021-12-10,0.27429101,0.280797,0.260286,0.26120299,0.26120299,526491215
2021-12-11,0.261215,0.27967501,0.25707501,0.27464601,0.27464601,429024912
2021-12-12,0.27442601,0.28169,0.26726899,0.27625999,0.27625999,319633170
2021-12-13,0.276232,0.27701601,0.251917,0.25312501,0.25312501,401585731
2021-12-14,0.25321499,0.26942599,0.248652,0.260656,0.260656,583635011
2021-12-15,0.26773199,0.27510601,0.24688201,0.27298799,0.27298799,536910293
2021-12-16,0.27295199,0.27433401,0.255353,0.25587001,0.25587001,405880374
2021-12-17,0.255766,0.26226699,0.246612,0.25514701,0.25514701,431554141
2021-12-18,0.25510001,0.26618099,0.25105199,0.25520101,0.25520101,390164790
2021-12-19,0.255546,0.26644099,0.25217599,0.25326499,0.25326499,360812096
2021-12-20,0.25354299,0.27340099,0.25120801,0.25771701,0.25771701,743523572
2021-12-21,0.25752401,0.269317,0.253216,0.26756299,0.26756299,480382354
2021-12-22,0.267643,0.27706799,0.26718301,0.267239,0.267239,434602912
2021-12-23,0.267396,0.289545,0.26525801,0.28720301,0.28720301,485730717
2021-12-24,0.287552,0.28834099,0.27617201,0.278552,0.278552,372761398
2021-12-25,0.278373,0.294682,0.27685201,0.28915301,0.28915301,361103343
2021-12-26,0.28915599,0.29391101,0.28506801,0.29146999,0.29146999,289305466
2021-12-27,0.29151499,0.305289,0.291262,0.29891101,0.29891101,322738218
2021-12-28,0.298614,0.298655,0.27384499,0.27457401,0.27457401,462409941
2021-12-29,0.274443,0.279392,0.26565701,0.266442,0.266442,373052601
2021-12-30,0.26700401,0.275134,0.26137799,0.268325,0.268325,341379014
2021-12-31,0.26841,0.276153,0.26027101,0.26739401,0.26739401,336363186
2022-01-01,0.26740801,0.276366,0.26687101,0.276335,0.276335,257588527
2022-01-02,0.276315,0.29171699,0.27594799,0.29170299,0.29170299,322943755
2022-01-03,0.291731,0.29563999,0.28654099,0.29018101,0.29018101,441514235
2022-01-04,0.29031399,0.290784,0.27962899,0.27966699,0.27966699,355236108
2022-01-05,0.27969399,0.294321,0.258223,0.26728001,0.26728001,513227148
2022-01-06,0.26729399,0.27179,0.25959399,0.26808399,0.26808399,454884986
2022-01-07,0.268033,0.268114,0.25260901,0.25695801,0.25695801,474854447
2022-01-08,0.25697899,0.264056,0.248558,0.25607401,0.25607401,482029101
2022-01-09,0.25608501,0.263603,0.25459301,0.26127401,0.26127401,257543793
2022-01-10,0.26126599,0.26354301,0.240936,0.25310799,0.25310799,442391126
2022-01-11,0.25309399,0.26279199,0.249054,0.262732,0.262732,365495933
2022-01-12,0.26278001,0.29052901,0.26278001,0.28260899,0.28260899,597727271
2022-01-13,0.28263599,0.28942701,0.26996499,0.26996499,0.26996499,470587060
2022-01-14,0.26992899,0.278175,0.263073,0.26633999,0.26633999,609155084
2022-01-15,0.26632899,0.26789999,0.25813201,0.25994301,0.25994301,481735151
2022-01-16,0.25988001,0.262402,0.25595599,0.25876701,0.25876701,269067010
2022-01-17,0.25880101,0.259451,0.25081599,0.256248,0.256248,330982585
2022-01-18,0.25626299,0.25740299,0.24977601,0.25443101,0.25443101,357600888
2022-01-19,0.25442699,0.25554699,0.244717,0.24651501,0.24651501,308832798
2022-01-20,0.24645901,0.25227499,0.23159,0.231637,0.231637,281044842
2022-01-21,0.231719,0.233697,0.20072301,0.202986,0.202986,697731808
2022-01-22,0.203054,0.207756,0.172094,0.192018,0.192018,772768364
2022-01-23,0.19209699,0.200592,0.188851,0.200592,0.200592,427113217
2022-01-24,0.200592,0.20074099,0.17335799,0.19765399,0.19765399,551589772
2022-01-25,0.19765601,0.19851901,0.18861701,0.196812,0.196812,363440655
2022-01-26,0.196804,0.20695899,0.192306,0.197134,0.197134,405490280
2022-01-27,0.197081,0.200155,0.18802001,0.193837,0.193837,294588163
2022-01-28,0.1938,0.19931599,0.189841,0.198722,0.198722,232930533
2022-01-29,0.198704,0.204265,0.197988,0.202729,0.202729,190032044
2022-01-30,0.202843,0.206194,0.193324,0.19551,0.19551,183344638
2022-01-31,0.19550499,0.200436,0.190561,0.199834,0.199834,237552709
2022-02-01,0.199829,0.205965,0.19944499,0.20184501,0.20184501,287577364
2022-02-02,0.201836,0.20561101,0.1921,0.19296201,0.19296201,258768448
2022-02-03,0.192985,0.194701,0.189732,0.194268,0.194268,220706092
2022-02-04,0.194221,0.209133,0.19373,0.20888799,0.20888799,263077538
2022-02-05,0.208891,0.21600699,0.208352,0.213393,0.213393,239414729
2022-02-06,0.21340799,0.224075,0.21330599,0.223683,0.223683,249520319
2022-02-07,0.223708,0.24160901,0.21981899,0.239291,0.239291,522659623
2022-02-08,0.239354,0.25615799,0.233473,0.24280401,0.24280401,692180158
2022-02-09,0.242658,0.243415,0.23509,0.238783,0.238783,378548242
2022-02-10,0.23876999,0.24247099,0.229664,0.232421,0.232421,387120530
2022-02-11,0.23242,0.23242,0.21407799,0.215552,0.215552,327197014
2022-02-12,0.215553,0.22392,0.21265499,0.218199,0.218199,261514982
2022-02-13,0.21817701,0.221672,0.21143501,0.211621,0.211621,228218610
2022-02-14,0.211513,0.21361101,0.20625401,0.211046,0.211046,256265259
2022-02-15,0.211043,0.221737,0.209859,0.22106799,0.22106799,288500463
2022-02-16,0.221093,0.221247,0.214148,0.219271,0.219271,284100730
2022-02-17,0.21920399,0.225861,0.20178699,0.20243201,0.20243201,358767623
2022-02-18,0.20249499,0.20852301,0.19595601,0.201102,0.201102,302321719
2022-02-19,0.20105299,0.210106,0.197271,0.204239,0.204239,342769286
2022-02-20,0.20423,0.205382,0.193891,0.194932,0.194932,308362363
2022-02-21,0.19488101,0.200618,0.178452,0.17882,0.17882,427761247
2022-02-22,0.17879499,0.18659601,0.17422999,0.185876,0.185876,340863445
2022-02-23,0.185868,0.193424,0.18200301,0.18200301,0.18200301,269704720
2022-02-24,0.181979,0.18513,0.16295899,0.182506,0.182506,613745631
2022-02-25,0.18251599,0.190697,0.178653,0.190697,0.190697,308094245
2022-02-26,0.19065,0.201188,0.19029801,0.19278,0.19278,266053910
2022-02-27,0.192756,0.193726,0.17955101,0.18126801,0.18126801,243626115
2022-02-28,0.181242,0.196887,0.17846499,0.196887,0.196887,346438963
2022-03-01,0.19688401,0.20222101,0.193771,0.198532,0.198532,366440538
2022-03-02,0.19853,0.199157,0.191736,0.193496,0.193496,278126307
2022-03-03,0.193505,0.194809,0.185753,0.18791901,0.18791901,242843709
2022-03-04,0.187943,0.188354,0.17463399,0.175933,0.175933,276657264
2022-03-05,0.17598701,0.18032201,0.172858,0.18009999,0.18009999,223758638
2022-03-06,0.180115,0.181307,0.17336699,0.17336699,0.17336699,202256641
2022-03-07,0.17337701,0.178342,0.16772699,0.170453,0.170453,304096054
2022-03-08,0.17042699,0.17384499,0.168762,0.172986,0.172986,285125715
2022-03-09,0.17301901,0.189601,0.17257001,0.189024,0.189024,386554005
2022-03-10,0.188988,0.190947,0.17478199,0.179038,0.179038,453692643
2022-03-11,0.17902599,0.185,0.17360701,0.183906,0.183906,424726400
2022-03-12,0.18390299,0.189759,0.18298499,0.185288,0.185288,293622842
2022-03-13,0.185251,0.188642,0.176764,0.177228,0.177228,248238949
2022-03-14,0.177212,0.18068901,0.17467199,0.18012799,0.18012799,283219657
2022-03-15,0.18010201,0.183477,0.17625099,0.182546,0.182546,257425036
2022-03-16,0.18257301,0.18930499,0.18093801,0.189273,0.189273,311880263
2022-03-17,0.18927599,0.190732,0.18590701,0.18967301,0.18967301,232329053
2022-03-18,0.189661,0.193398,0.186133,0.193042,0.193042,234230334
2022-03-19,0.193014,0.20000499,0.191241,0.20000499,0.20000499,231310421
2022-03-20,0.20004299,0.201506,0.193022,0.196991,0.196991,249485637
2022-03-21,0.19696701,0.203888,0.193462,0.203888,0.203888,298846990
2022-03-22,0.203862,0.21274699,0.20199201,0.20715,0.20715,370409145
2022-03-23,0.20712601,0.21143401,0.20490301,0.209475,0.209475,297745592
2022-03-24,0.209454,0.21640401,0.206936,0.21476901,0.21476901,341103883
2022-03-25,0.214773,0.21986,0.21122099,0.211565,0.211565,364877309
2022-03-26,0.211564,0.215486,0.20959701,0.215464,0.215464,191935808
2022-03-27,0.215468,0.23036601,0.21521001,0.22978701,0.22978701,414372026
2022-03-28,0.22979499,0.24045099,0.22879399,0.230426,0.230426,572055650
2022-03-29,0.23029201,0.239122,0.229827,0.233362,0.233362,458795630
2022-03-30,0.233349,0.237369,0.22761799,0.23481899,0.23481899,411616459
2022-03-31,0.234833,0.24085499,0.227523,0.228277,0.228277,519581167
2022-04-01,0.22831701,0.232603,0.22251099,0.23253199,0.23253199,414465408
2022-04-02,0.232536,0.236992,0.231583,0.233309,0.233309,343852672
2022-04-03,0.23329,0.238057,0.23120201,0.237047,0.237047,257367114
2022-04-04,0.23702399,0.23702399,0.22754,0.232143,0.232143,339385999
2022-04-05,0.232155,0.233744,0.22526699,0.22532199,0.22532199,288380942
2022-04-06,0.225338,0.225338,0.203398,0.203398,0.203398,399643172
2022-04-07,0.203449,0.21417201,0.201922,0.212935,0.212935,279840753
2022-04-08,0.21294001,0.213108,0.200914,0.201727,0.201727,280562596
2022-04-09,0.20174301,0.20602199,0.201326,0.205018,0.205018,206213142
2022-04-10,0.20502099,0.20759,0.201839,0.201839,0.201839,594570237
2022-04-11,0.201721,0.201721,0.18639299,0.18679,0.18679,327641211
2022-04-12,0.18682601,0.19365899,0.186469,0.192617,0.192617,276109945
2022-04-13,0.19260199,0.196977,0.191137,0.196537,0.196537,259336927
2022-04-14,0.19650801,0.19935399,0.19216,0.19388001,0.19388001,293870421
2022-04-15,0.193892,0.211376,0.193298,0.2042,0.2042,484582124
2022-04-16,0.204188,0.207571,0.202692,0.20560899,0.20560899,221022876
2022-04-17,0.205584,0.206709,0.197336,0.19738001,0.19738001,261973119
2022-04-18,0.197375,0.20601401,0.190813,0.20509499,0.20509499,404920433
2022-04-19,0.205097,0.205741,0.20082,0.204034,0.204034,385823376
2022-04-20,0.204018,0.20608,0.19975001,0.200422,0.200422,372570408
2022-04-21,0.200404,0.20395599,0.19413701,0.19646201,0.19646201,578702264
2022-04-22,0.19646899,0.198248,0.194382,0.195614,0.195614,300555726
2022-04-23,0.19560599,0.196982,0.191751,0.191991,0.191991,196016145
2022-04-24,0.191982,0.19374301,0.189732,0.189897,0.189897,200008876
2022-04-25,0.18994901,0.19289801,0.17949,0.192211,0.192211,326748689
2022-04-26,0.192197,0.192375,0.17875101,0.180343,0.180343,299404226
2022-04-27,0.180389,0.186542,0.180078,0.18437,0.18437,258619858
2022-04-28,0.18437099,0.18841401,0.18304899,0.185693,0.185693,250839456
2022-04-29,0.185689,0.18726,0.17708801,0.17792,0.17792,240601532
2022-04-30,0.177926,0.181233,0.16858999,0.169379,0.169379,228819322
2022-05-01,0.16933499,0.17630801,0.16926301,0.17599,0.17599,212244204
2022-05-02,0.175954,0.17756601,0.17158,0.173706,0.173706,218925395
2022-05-03,0.17369901,0.176956,0.170527,0.172107,0.172107,203067845
2022-05-04,0.17207301,0.184626,0.17194401,0.184571,0.184571,277227614
2022-05-05,0.184567,0.187388,0.168423,0.17126399,0.17126399,289549066
2022-05-06,0.171258,0.172654,0.16573299,0.171294,0.171294,265368272
2022-05-07,0.17133901,0.171884,0.16577999,0.16765299,0.16765299,232274824
2022-05-08,0.167658,0.167833,0.16119801,0.16173799,0.16173799,235290037
2022-05-09,0.16173901,0.16493601,0.141407,0.142974,0.142974,414553908
2022-05-10,0.14242899,0.155884,0.13773599,0.148405,0.148405,538883641
2022-05-11,0.148379,0.150281,0.119369,0.125523,0.125523,666385581
2022-05-12,0.125526,0.130009,0.106667,0.12093,0.12093,560231473
2022-05-13,0.120876,0.13948999,0.12029,0.13191,0.13191,265923419
2022-05-14,0.131946,0.13957199,0.128031,0.138436,0.138436,237326847
2022-05-15,0.13839599,0.144953,0.13457599,0.144843,0.144843,191580720
2022-05-16,0.14486299,0.144915,0.134434,0.13577799,0.13577799,198693580
2022-05-17,0.135785,0.141875,0.134711,0.141698,0.141698,192271552
2022-05-18,0.141692,0.142846,0.128766,0.128766,0.128766,175200042
2022-05-19,0.12871,0.13348299,0.123942,0.13054401,0.13054401,180731278
2022-05-20,0.13054,0.133811,0.125039,0.126941,0.126941,175032524
2022-05-21,0.126919,0.13093001,0.124598,0.130632,0.130632,148214985
2022-05-22,0.130631,0.136234,0.130409,0.135703,0.135703,156845453
2022-05-23,0.135676,0.138015,0.12895299,0.12901799,0.12901799,171784457
2022-05-24,0.129042,0.13304,0.12512,0.13284101,0.13284101,158294274
2022-05-25,0.13285699,0.13424499,0.12884399,0.13215899,0.13215899,164368909
2022-05-26,0.132166,0.13364699,0.121865,0.124873,0.124873,207611286
2022-05-27,0.124849,0.124849,0.118988,0.12029,0.12029,195310091
2022-05-28,0.121872,0.123567,0.120274,0.122747,0.122747,153604637
2022-05-29,0.12274,0.13076,0.12222,0.13076,0.13076,214128336
2022-05-30,0.130766,0.14346001,0.130766,0.14336,0.14336,253152236
2022-05-31,0.14337,0.15290201,0.141642,0.150188,0.150188,361759577
2022-06-01,0.15019201,0.150598,0.13429099,0.137073,0.137073,249828012
2022-06-02,0.137068,0.14388201,0.135767,0.143208,0.143208,210752099
2022-06-03,0.143198,0.15037499,0.140053,0.146523,0.146523,282916044
2022-06-04,0.146552,0.147076,0.141185,0.143457,0.143457,206373182
2022-06-05,0.143462,0.147294,0.141573,0.143696,0.143696,160459187
2022-06-06,0.143709,0.15017401,0.142924,0.144927,0.144927,200734238
2022-06-07,0.144942,0.14504801,0.134994,0.140598,0.140598,191202104
2022-06-08,0.14059301,0.14345901,0.136484,0.140156,0.140156,164498951
2022-06-09,0.140175,0.142207,0.13881101,0.13990401,0.13990401,113974717
2022-06-10,0.13991401,0.14085899,0.132596,0.133146,0.133146,163133544
2022-06-11,0.133137,0.135298,0.123092,0.125104,0.125104,166703348
2022-06-12,0.12511601,0.126647,0.117839,0.119287,0.119287,171019071
2022-06-13,0.119251,0.119251,0.104415,0.10652,0.10652,310164173
2022-06-14,0.106547,0.114984,0.100801,0.11292,0.11292,256922676
2022-06-15,0.112901,0.121347,0.104168,0.120527,0.120527,276561102
2022-06-16,0.120534,0.122611,0.107243,0.108857,0.108857,192385357
2022-06-17,0.108876,0.115371,0.107797,0.112083,0.112083,170389773
2022-06-18,0.112071,0.113233,0.100822,0.107833,0.107833,186007288
2022-06-19,0.10779,0.11594,0.105013,0.114571,0.114571,222696512
2022-06-20,0.11457,0.117583,0.110574,0.113179,0.113179,172788293
2022-06-21,0.113167,0.11889,0.11191,0.11415,0.11415,181843171
2022-06-22,0.114197,0.115373,0.110151,0.113288,0.113288,167247661
2022-06-23,0.11328,0.118814,0.113104,0.117992,0.117992,161075206
2022-06-24,0.117983,0.128956,0.11795,0.127846,0.127846,210683408
2022-06-25,0.127838,0.12988,0.123097,0.126902,0.126902,138928338
2022-06-26,0.126876,0.127822,0.120205,0.120219,0.120219,131745823
2022-06-27,0.120226,0.123989,0.117242,0.118989,0.118989,144574714
2022-06-28,0.118953,0.121043,0.114171,0.114442,0.114442,150328461
2022-06-29,0.114444,0.115394,0.1077,0.109812,0.109812,166544765
2022-06-30,0.109831,0.111954,0.103399,0.111951,0.111951,191365275
2022-07-01,0.11203,0.114466,0.108069,0.109358,0.109358,164310601
2022-07-02,0.109412,0.110585,0.105844,0.10865,0.10865,143832220
2022-07-03,0.108647,0.110947,0.106167,0.108948,0.108948,115827369
2022-07-04,0.108959,0.111215,0.106786,0.111184,0.111184,128160650
2022-07-05,0.111176,0.111285,0.105325,0.108071,0.108071,153636923
2022-07-06,0.108087,0.110155,0.10693,0.109371,0.109371,136378224
2022-07-07,0.109361,0.115058,0.109177,0.113955,0.113955,134788194
2022-07-08,0.113952,0.118125,0.112147,0.113324,0.113324,173028251
2022-07-09,0.113322,0.114934,0.11223,0.112811,0.112811,122697996
2022-07-10,0.112806,0.112812,0.106158,0.107412,0.107412,147251380
2022-07-11,0.107402,0.107704,0.101369,0.101433,0.101433,134856973
2022-07-12,0.101437,0.103398,0.100536,0.100547,0.100547,117798486
2022-07-13,0.100557,0.105567,0.099276997,0.105405,0.105405,168350449
2022-07-14,0.10541,0.106985,0.102125,0.106985,0.106985,120399649
2022-07-15,0.107004,0.108128,0.105447,0.107489,0.107489,135346877
2022-07-16,0.107477,0.11009,0.105562,0.10943,0.10943,126183140
2022-07-17,0.109442,0.11113,0.10651,0.10651,0.10651,127526961
2022-07-18,0.106528,0.1158,0.106528,0.114463,0.114463,190351073
2022-07-19,0.114386,0.119679,0.111212,0.118652,0.118652,211382615
2022-07-20,0.11864,0.120773,0.111537,0.111962,0.111962,200654996
2022-07-21,0.111967,0.113874,0.109663,0.113547,0.113547,173029533
2022-07-22,0.113556,0.1158,0.110805,0.111952,0.111952,187196105
2022-07-23,0.111927,0.113514,0.109487,0.111609,0.111609,152994307
2022-07-24,0.111613,0.115367,0.111592,0.113427,0.113427,155714978
2022-07-25,0.113406,0.113731,0.106195,0.106195,0.106195,192522186
2022-07-26,0.106169,0.106169,0.102571,0.105461,0.105461,172029786
2022-07-27,0.105482,0.112462,0.103687,0.112462,0.112462,191273158
2022-07-28,0.11247,0.117727,0.110766,0.116666,0.116666,211563181
2022-07-29,0.116668,0.119486,0.114773,0.117783,0.117783,221479601
2022-07-30,0.117765,0.124924,0.116495,0.119366,0.119366,261547877
2022-07-31,0.119388,0.122459,0.117117,0.117787,0.117787,193432151
2022-08-01,0.117789,0.120229,0.117029,0.11858,0.11858,162458862
2022-08-02,0.118553,0.119714,0.113872,0.115173,0.115173,164759052
2022-08-03,0.115183,0.117187,0.113376,0.114186,0.114186,127258404
2022-08-04,0.114186,0.116319,0.112994,0.113912,0.113912,116364311
2022-08-05,0.113896,0.118274,0.113894,0.118274,0.118274,120447196
2022-08-06,0.118276,0.122892,0.118201,0.121723,0.121723,118039192
2022-08-07,0.121728,0.124769,0.120288,0.123686,0.123686,142333716
2022-08-08,0.123699,0.137546,0.123632,0.130108,0.130108,312426972
2022-08-09,0.130127,0.130261,0.121587,0.122245,0.122245,164518924
2022-08-10,0.122232,0.12583201,0.119822,0.12572999,0.12572999,145704810
2022-08-11,0.125743,0.12719899,0.124727,0.12536199,0.12536199,138626027
2022-08-12,0.12536401,0.12638199,0.123615,0.126321,0.126321,110049372
2022-08-13,0.12631901,0.128378,0.125911,0.126679,0.126679,103362241
2022-08-14,0.12669,0.129427,0.124768,0.125605,0.125605,117860284
2022-08-15,0.12561899,0.128529,0.122126,0.123508,0.123508,122980183
2022-08-16,0.12349,0.124225,0.121353,0.121952,0.121952,114373960
2022-08-17,0.121947,0.127359,0.11968,0.121094,0.121094,153882884
2022-08-18,0.121105,0.121652,0.115929,0.115981,0.115981,109032328
2022-08-19,0.116004,0.116267,0.107348,0.108142,0.108142,175614282
2022-08-20,0.108123,0.110349,0.107734,0.109245,0.109245,109498831
2022-08-21,0.109218,0.112122,0.108183,0.111097,0.111097,90010172
2022-08-22,0.111095,0.111095,0.106443,0.109572,0.109572,106285743
2022-08-23,0.109598,0.111137,0.107539,0.110806,0.110806,106370062
2022-08-24,0.110796,0.110932,0.108456,0.109439,0.109439,99891183
2022-08-25,0.109444,0.110887,0.109143,0.110354,0.110354,98602272
2022-08-26,0.110349,0.113732,0.103237,0.1038,0.1038,177849583
2022-08-27,0.103809,0.105611,0.102881,0.105548,0.105548,109455837
2022-08-28,0.105549,0.106632,0.102853,0.102853,0.102853,115756080
2022-08-29,0.1029,0.105929,0.101439,0.105866,0.105866,118284211
2022-08-30,0.105871,0.106661,0.100864,0.102422,0.102422,122694688
2022-08-31,0.10243,0.105495,0.10243,0.104276,0.104276,91852590
2022-09-01,0.104285,0.105381,0.102262,0.105009,0.105009,98886535
2022-09-02,0.105006,0.106203,0.103336,0.104445,0.104445,97579577
2022-09-03,0.104447,0.105673,0.104138,0.105282,0.105282,67323191
2022-09-04,0.105273,0.108643,0.105007,0.106389,0.106389,71590123
2022-09-05,0.106385,0.106665,0.103816,0.105038,0.105038,67953223
2022-09-06,0.105043,0.107371,0.099817999,0.099963002,0.099963002,120319181
2022-09-07,0.099950999,0.103283,0.099007003,0.102994,0.102994,104275231
2022-09-08,0.10299,0.104451,0.101077,0.10437,0.10437,104455970
2022-09-09,0.104361,0.114408,0.104238,0.114394,0.114394,155213989
2022-09-10,0.114387,0.115848,0.113424,0.114943,0.114943,124809918
2022-09-11,0.114962,0.116342,0.113296,0.11435,0.11435,90190324
2022-09-12,0.114343,0.116386,0.112355,0.11387,0.11387,128269826
2022-09-13,0.113875,0.113901,0.104411,0.104929,0.104929,145253153
2022-09-14,0.104719,0.105635,0.103218,0.105148,0.105148,103726393
2022-09-15,0.10516,0.105867,0.101785,0.102075,0.102075,119683379
2022-09-16,0.102082,0.107327,0.101693,0.10714,0.10714,94714779
2022-09-17,0.107154,0.113705,0.105902,0.113519,0.113519,108261465
2022-09-18,0.113493,0.115484,0.107221,0.107261,0.107261,206136934
2022-09-19,0.107255,0.11193,0.103789,0.111853,0.111853,178542892
2022-09-20,0.111856,0.119091,0.110563,0.117444,0.117444,298873784
2022-09-21,0.117447,0.117918,0.109537,0.11101,0.11101,259136332
2022-09-22,0.110933,0.124334,0.110607,0.123027,0.123027,260155342
2022-09-23,0.123013,0.132348,0.11719,0.123095,0.123095,481757049
2022-09-24,0.123098,0.12640999,0.117976,0.1182,0.1182,213652557
2022-09-25,0.118215,0.123131,0.116609,0.117394,0.117394,163529482
2022-09-26,0.117404,0.118062,0.112884,0.113626,0.113626,157175076
2022-09-27,0.113643,0.116786,0.109882,0.110326,0.110326,168583919
2022-09-28,0.110319,0.110683,0.1072,0.108342,0.108342,156352649
2022-09-29,0.10835,0.119259,0.106855,0.115329,0.115329,213957673
2022-09-30,0.115313,0.116799,0.113467,0.114431,0.114431,198066092
2022-10-01,0.114439,0.122052,0.114299,0.121352,0.121352,267535245
2022-10-02,0.121365,0.122502,0.118362,0.118571,0.118571,189323590
2022-10-03,0.118563,0.120319,0.113849,0.116947,0.116947,156634613
2022-10-04,0.116934,0.121889,0.11581,0.119142,0.119142,172511476
2022-10-05,0.119144,0.120322,0.117163,0.118945,0.118945,141472256
2022-10-06,0.118944,0.121174,0.11861,0.119433,0.119433,142596499
2022-10-07,0.119439,0.123495,0.116965,0.122322,0.122322,172875158
2022-10-08,0.122316,0.126972,0.122026,0.12625299,0.12625299,213812931
2022-10-09,0.126252,0.129269,0.124968,0.12884,0.12884,149308940
2022-10-10,0.12884501,0.12909199,0.123813,0.123813,0.123813,145767564
2022-10-11,0.123789,0.124379,0.115697,0.115992,0.115992,178505323
2022-10-12,0.115995,0.116721,0.11523,0.11639,0.11639,93890501
2022-10-13,0.11639,0.116415,0.107378,0.112115,0.112115,197485634
2022-10-14,0.112114,0.116432,0.111486,0.112451,0.112451,122876947
2022-10-15,0.11245,0.114163,0.11162,0.111889,0.111889,77632362
2022-10-16,0.1119,0.114325,0.1119,0.113487,0.113487,70520575
2022-10-17,0.113478,0.114951,0.112379,0.114267,0.114267,69765707
2022-10-18,0.114269,0.114461,0.11061,0.112434,0.112434,93520175
2022-10-19,0.112434,0.113156,0.110578,0.110749,0.110749,84191872
2022-10-20,0.110754,0.113071,0.10947,0.110085,0.110085,95260751
2022-10-21,0.110084,0.110925,0.107601,0.110925,0.110925,94558320
2022-10-22,0.110927,0.111415,0.110154,0.111254,0.111254,50247230
2022-10-23,0.111255,0.11223,0.109295,0.111954,0.111954,64009616
2022-10-24,0.11196,0.11213,0.109383,0.110319,0.110319,79500036
2022-10-25,0.110314,0.113241,0.109295,0.112014,0.112014,105309893
2022-10-26,0.11199,0.113874,0.111666,0.113596,0.113596,101810453
2022-10-27,0.113605,0.115397,0.110798,0.111246,0.111246,120094958
2022-10-28,0.111247,0.113239,0.109602,0.112647,0.112647,96194088
2022-10-29,0.112648,0.115114,0.111906,0.113503,0.113503,131309210
2022-10-30,0.113507,0.114788,0.11084,0.111219,0.111219,100536344
2022-10-31,0.111227,0.112306,0.109716,0.111416,0.111416,89219495
2022-11-01,0.111412,0.111942,0.109257,0.109926,0.109926,76900645
2022-11-02,0.109919,0.110568,0.106669,0.107638,0.107638,108751988
2022-11-03,0.107635,0.110297,0.107545,0.108724,0.108724,75672027
2022-11-04,0.108729,0.115665,0.108415,0.115644,0.115644,159007344
2022-11-05,0.11564,0.116263,0.113137,0.113605,0.113605,111383116
2022-11-06,0.113598,0.114176,0.109164,0.109165,0.109165,82513332
2022-11-07,0.109175,0.110809,0.108203,0.109795,0.109795,89495271
2022-11-08,0.109782,0.110557,0.095137,0.098977,0.098977,314215734
2022-11-09,0.098977998,0.099645004,0.081766002,0.082814999,0.082814999,302402374
2022-11-10,0.082863003,0.100602,0.082711004,0.097222,0.097222,243182547
2022-11-11,0.097212002,0.098338999,0.092494003,0.095243998,0.095243998,118307595
2022-11-12,0.095246002,0.095307998,0.090570003,0.090870999,0.090870999,85831067
2022-11-13,0.090878002,0.092464998,0.087232001,0.088315003,0.088315003,75108788
2022-11-14,0.088303998,0.091158003,0.083659001,0.091113999,0.091113999,125988435
2022-11-15,0.091113999,0.094452001,0.090645,0.092418,0.092418,85032567
2022-11-16,0.092430003,0.093312003,0.088944003,0.089876004,0.089876004,66183841
2022-11-17,0.089873001,0.090949997,0.088996001,0.090411,0.090411,59662824
2022-11-18,0.090411998,0.091273002,0.088515997,0.089355998,0.089355998,49552274
2022-11-19,0.089341,0.090908997,0.088147998,0.090426996,0.090426996,40096369
2022-11-20,0.090423003,0.091418996,0.086503997,0.086577997,0.086577997,51988913
2022-11-21,0.086571999,0.087237999,0.083022997,0.084326997,0.084326997,79452376
2022-11-22,0.084326997,0.087155998,0.082814001,0.087007001,0.087007001,65272228
2022-11-23,0.087029003,0.088752002,0.086713001,0.088578001,0.088578001,55341196
2022-11-24,0.088587001,0.089988999,0.087654002,0.089988999,0.089988999,55435803
2022-11-25,0.089980997,0.090696,0.087906003,0.089312002,0.089312002,58226474
2022-11-26,0.089309998,0.090380996,0.087674998,0.088168003,0.088168003,46124177
2022-11-27,0.088165998,0.091807,0.088124998,0.090143003,0.090143003,71932328
2022-11-28,0.090127997,0.090848997,0.085849002,0.087334998,0.087334998,79379109
2022-11-29,0.087333001,0.089174002,0.086837001,0.088641003,0.088641003,46060378
2022-11-30,0.088647999,0.090305001,0.087871999,0.089795999,0.089795999,60809851
2022-12-01,0.0898,0.089984998,0.087263003,0.087530002,0.087530002,46242586
2022-12-02,0.087540999,0.088141002,0.086557001,0.088106997,0.088106997,45596066
2022-12-03,0.088123001,0.088757001,0.086329997,0.086424001,0.086424001,45065499
2022-12-04,0.086436003,0.087915003,0.086401001,0.087847002,0.087847002,31731567
2022-12-05,0.087837003,0.088775001,0.086131997,0.086874999,0.086874999,41711473
2022-12-06,0.086882003,0.087228999,0.085284002,0.086107001,0.086107001,39095890
2022-12-07,0.086110003,0.086110003,0.083559997,0.084283002,0.084283002,42437133
2022-12-08,0.084285997,0.085643001,0.083756998,0.085573003,0.085573003,39932375
2022-12-09,0.085570998,0.085890003,0.084815003,0.085156001,0.085156001,37724780
2022-12-10,0.085157998,0.0858,0.084864996,0.085225999,0.085225999,31055667
2022-12-11,0.085228004,0.085476004,0.083788998,0.083917998,0.083917998,35042647
2022-12-12,0.083911002,0.084611997,0.082346,0.084279001,0.084279001,46022907
2022-12-13,0.084285997,0.08478,0.081547,0.083994001,0.083994001,70334082
2022-12-14,0.083995998,0.084568001,0.082379997,0.083013996,0.083013996,46514963
2022-12-15,0.083015002,0.084064998,0.081372999,0.081845999,0.081845999,64921345
2022-12-16,0.081854001,0.082268,0.074564002,0.074564002,0.074564002,63975105
2022-12-17,0.074529,0.075854003,0.072894,0.075778,0.075778,42453929
2022-12-18,0.075781003,0.077046998,0.075544998,0.076596998,0.076596998,25751299
2022-12-19,0.076609001,0.077085003,0.073275998,0.073386997,0.073386997,47270201
2022-12-20,0.073385999,0.076131001,0.073337004,0.075997002,0.075997002,48710105
2022-12-21,0.075989,0.075989,0.074174002,0.075092003,0.075092003,38734448
2022-12-22,0.075094,0.075731002,0.073964998,0.075721003,0.075721003,34853252
2022-12-23,0.075722001,0.076136,0.075299002,0.075367004,0.075367004,34375090
2022-12-24,0.075373001,0.075690001,0.074242003,0.074389003,0.074389003,26403141
2022-12-25,0.074386999,0.074501999,0.072985999,0.073856004,0.073856004,27720364
2022-12-26,0.073853001,0.075251997,0.073757,0.075191997,0.075191997,32654992
2022-12-27,0.075190999,0.075346999,0.073734999,0.074137002,0.074137002,41785694
2022-12-28,0.074137002,0.074474998,0.071630001,0.071778998,0.071778998,62353994
2022-12-29,0.071777001,0.072517999,0.070863001,0.072031997,0.072031997,81160229
2022-12-30,0.072026998,0.072365001,0.071194999,0.072342999,0.072342999,53942462
2022-12-31,0.072346002,0.072369002,0.071107,0.071147002,0.071147002,32982439
2023-01-01,0.071144,0.072687,0.070840999,0.072524004,0.072524004,34017236
2023-01-02,0.072518997,0.074293002,0.071319997,0.073717996,0.073717996,59178367
2023-01-03,0.073719002,0.074354999,0.072959997,0.073648997,0.073648997,41886099
2023-01-04,0.073651001,0.074482001,0.072881997,0.073835999,0.073835999,55137728
2023-01-05,0.073844999,0.074225999,0.072708003,0.072889999,0.072889999,44495591
2023-01-06,0.072890997,0.075317003,0.072035,0.075043,0.075043,46645563
2023-01-07,0.075042002,0.075856999,0.074653,0.075658001,0.075658001,33268080
2023-01-08,0.075654998,0.077261001,0.074886002,0.077169001,0.077169001,40492640
2023-01-09,0.077177003,0.080701999,0.077164002,0.079465002,0.079465002,74040999
2023-01-10,0.079453997,0.080150001,0.078348003,0.079553999,0.079553999,56806127
2023-01-11,0.079562001,0.081518002,0.07846,0.081403002,0.081403002,87202663
2023-01-12,0.081799001,0.082406998,0.079138003,0.081643999,0.081643999,77734140
2023-01-13,0.081638999,0.085061997,0.080715999,0.084582001,0.084582001,78033542
2023-01-14,0.084578,0.090480998,0.084578,0.087297998,0.087297998,113102803
2023-01-15,0.087296002,0.088165998,0.085158996,0.088063002,0.088063002,72040393
2023-01-16,0.088059999,0.090410002,0.086497001,0.087777004,0.087777004,73559156
2023-01-17,0.087782003,0.088117003,0.086306997,0.086397,0.086397,57706349
2023-01-18,0.086409003,0.088930003,0.082498997,0.082583003,0.082583003,80965057
2023-01-19,0.082572997,0.084518,0.082350999,0.08439,0.08439,50986509
2023-01-20,0.084394999,0.088896997,0.083433002,0.088886,0.088886,70760039
2023-01-21,0.088891998,0.092923,0.088241003,0.090386003,0.090386003,96407621
2023-01-22,0.090378001,0.093473002,0.090062,0.091035999,0.091035999,78358378
2023-01-23,0.091038004,0.095491,0.090958998,0.094478004,0.094478004,92698305
2023-01-24,0.094461001,0.095955998,0.090108,0.090504996,0.090504996,80298218
2023-01-25,0.090512,0.093828,0.089176998,0.092464,0.092464,71658730
2023-01-26,0.092448004,0.092967004,0.091008,0.091986001,0.091986001,61754311
2023-01-27,0.091986001,0.093121998,0.090276003,0.092511997,0.092511997,55775721
2023-01-28,0.092515998,0.094039999,0.091978997,0.092759997,0.092759997,47094050
2023-01-29,0.092750996,0.094498001,0.092375003,0.094439998,0.094439998,54571772
2023-01-30,0.094438002,0.094645001,0.088959001,0.089942999,0.089942999,69768802
2023-01-31,0.089951001,0.091473997,0.089463003,0.090746999,0.090746999,57213806
2023-02-01,0.090737,0.092445999,0.087825,0.092275999,0.092275999,70731137
2023-02-02,0.092271,0.094544001,0.091498002,0.091633998,0.091633998,73101973
2023-02-03,0.091631003,0.093179002,0.091631003,0.092808999,0.092808999,54056017
2023-02-04,0.092827998,0.093979001,0.092308,0.093033001,0.093033001,43999885
2023-02-05,0.093038,0.093718998,0.089996003,0.090985999,0.090985999,57939190
2023-02-06,0.090984002,0.091660999,0.088858999,0.088858999,0.088858999,48047787
2023-02-07,0.088868998,0.092040002,0.088838004,0.092014998,0.092014998,64731385
2023-02-08,0.092008002,0.092635997,0.089947999,0.090983003,0.090983003,70159611
2023-02-09,0.090992004,0.091300003,0.084879003,0.085525997,0.085525997,90603465
2023-02-10,0.085525997,0.086934,0.085263997,0.085680999,0.085680999,50834850
2023-02-11,0.085684001,0.086717002,0.085302003,0.086273998,0.086273998,34026038
2023-02-12,0.086276002,0.087160997,0.084675997,0.085065998,0.085065998,41728132
2023-02-13,0.085070997,0.085610002,0.082388997,0.085135996,0.085135996,69528829
2023-02-14,0.085124999,0.085934997,0.083373003,0.085929997,0.085929997,54486776
2023-02-15,0.085929997,0.090166003,0.084881999,0.090155996,0.090155996,74014673
2023-02-16,0.090167001,0.091069996,0.086608998,0.086626999,0.086626999,86773947
2023-02-17,0.086595997,0.090649001,0.086198002,0.090649001,0.090649001,65603934
2023-02-18,0.090663999,0.093061998,0.089859001,0.092106,0.092106,77919524
2023-02-19,0.092069998,0.093428001,0.090228997,0.090579003,0.090579003,71468382
2023-02-20,0.090604998,0.09482,0.089420997,0.094480999,0.094480999,86473798
2023-02-21,0.094483003,0.097710997,0.093973003,0.094843,0.094843,129504219
2023-02-22,0.094850004,0.095028996,0.090539999,0.092433996,0.092433996,83783596
2023-02-23,0.092425004,0.093147002,0.09059,0.091017999,0.091017999,59519121
2023-02-24,0.091003999,0.091568999,0.087978996,0.089112997,0.089112997,71973563
2023-02-25,0.089110002,0.089501001,0.086845003,0.088041998,0.088041998,52848594
2023-02-26,0.088032,0.088956997,0.087278001,0.088927001,0.088927001,39743916
2023-02-27,0.088927999,0.089286,0.087416001,0.088373996,0.088373996,55434132
2023-02-28,0.088375002,0.088476002,0.086121,0.087034002,0.087034002,52625408
2023-03-01,0.08704,0.088482998,0.086829998,0.088101998,0.088101998,48844692
2023-03-02,0.088101,0.088215001,0.086461999,0.087452002,0.087452002,46858868
2023-03-03,0.087452002,0.087595999,0.083283,0.085617997,0.085617997,73070519
2023-03-04,0.085619003,0.085810997,0.082333997,0.083604001,0.083604001,38283169
2023-03-05,0.083604999,0.084411003,0.082658999,0.082753003,0.082753003,35262802
2023-03-06,0.082751997,0.083521999,0.081978999,0.083508,0.083508,40799663
2023-03-07,0.083507001,0.084114,0.081854999,0.082799003,0.082799003,55842843
2023-03-08,0.082792997,0.084376,0.080817997,0.081789002,0.081789002,79690107
2023-03-09,0.081785001,0.082185999,0.076504,0.077086002,0.077086002,67133528
2023-03-10,0.077092998,0.078515001,0.074777998,0.078155003,0.078155003,68859084
2023-03-11,0.078156002,0.079562999,0.075888999,0.079395004,0.079395004,72247390
2023-03-12,0.079392999,0.083116002,0.079062998,0.083067,0.083067,70929099
2023-03-13,0.083029002,0.085473001,0.080568999,0.084755003,0.084755003,91063377
2023-03-14,0.084758997,0.089681,0.083802998,0.088436,0.088436,112204719
2023-03-15,0.088458002,0.088806003,0.083047003,0.083925001,0.083925001,82785899
2023-03-16,0.083949998,0.085390002,0.083710998,0.084757,0.084757,55790623
2023-03-17,0.084760003,0.088111997,0.084095001,0.088094003,0.088094003,75763682
2023-03-18,0.088113002,0.088735998,0.085492,0.085611001,0.085611001,70470052
2023-03-19,0.085616998,0.08918,0.085616998,0.087930001,0.087930001,73532360
2023-03-20,0.087927997,0.089616999,0.086480998,0.086520001,0.086520001,75753303
2023-03-21,0.086531997,0.099129997,0.086053997,0.096542999,0.096542999,209527484
2023-03-22,0.096532002,0.097067997,0.088711001,0.090894997,0.090894997,138765126
2023-03-23,0.090893999,0.093653001,0.090195999,0.092551,0.092551,89012764
2023-03-24,0.092560001,0.092639998,0.087760001,0.088884003,0.088884003,73703391
2023-03-25,0.088885002,0.092877999,0.088687003,0.090759002,0.090759002,73901718
2023-03-26,0.090760998,0.09251,0.090672001,0.091962002,0.091962002,50915861
2023-03-27,0.091960996,0.094903,0.090037003,0.092598997,0.092598997,102659135
2023-03-28,0.092597,0.098018996,0.091191001,0.097713999,0.097713999,125708243
2023-03-29,0.097713001,0.107185,0.0977,0.101889,0.101889,194182902
2023-03-30,0.101888,0.106705,0.100447,0.106269,0.106269,168548645
2023-03-31,0.106279,0.112736,0.105309,0.112084,0.112084,202981746
2023-04-01,0.112101,0.113842,0.107067,0.107759,0.107759,96970945
2023-04-02,0.1083,0.111037,0.105965,0.106626,0.106626,82570532
2023-04-03,0.106627,0.11031,0.105265,0.106788,0.106788,100240480
2023-04-04,0.106782,0.106958,0.104756,0.106167,0.106167,72497227
2023-04-05,0.106166,0.108671,0.105544,0.107284,0.107284,69695907
2023-04-06,0.107293,0.107293,0.10438,0.105781,0.105781,57518982
2023-04-07,0.105781,0.106461,0.104316,0.106461,0.106461,49747027
2023-04-08,0.106451,0.106534,0.104082,0.104414,0.104414,36450518
2023-04-09,0.104414,0.105483,0.102917,0.104813,0.104813,39384506
2023-04-10,0.104816,0.105867,0.102605,0.105728,0.105728,45568049
2023-04-11,0.105724,0.107229,0.105034,0.105184,0.105184,54624727
2023-04-12,0.105184,0.105273,0.102697,0.104576,0.104576,47520838
2023-04-13,0.103605,0.105723,0.103375,0.105448,0.105448,51344898
2023-04-14,0.105448,0.108926,0.105425,0.107063,0.107063,88879571
2023-04-15,0.10707,0.107536,0.106012,0.106602,0.106602,44548088
2023-04-16,0.106592,0.107937,0.105721,0.107454,0.107454,46503020
2023-04-17,0.107451,0.107519,0.103505,0.104075,0.104075,52147828
2023-04-18,0.104077,0.106174,0.103678,0.105584,0.105584,56115086
2023-04-19,0.105583,0.105906,0.097149998,0.097690001,0.097690001,88172361
2023-04-20,0.097696997,0.098439001,0.094492003,0.095761001,0.095761001,61887159
2023-04-21,0.095760003,0.096614003,0.092378996,0.093013003,0.093013003,61295675
2023-04-22,0.093011998,0.095625997,0.092168003,0.095592998,0.095592998,40935033
2023-04-23,0.095597997,0.095597997,0.092983,0.094572999,0.094572999,36491436
2023-04-24,0.094573997,0.096083,0.092193998,0.093479998,0.093479998,54456245
2023-04-25,0.093464002,0.095002003,0.092151001,0.094916001,0.094916001,44013691
2023-04-26,0.094916999,0.096923999,0.091124997,0.093557999,0.093557999,67946115
2023-04-27,0.093570001,0.094973996,0.092771001,0.094365001,0.094365001,44281715
2023-04-28,0.094365001,0.095702998,0.093805999,0.094749004,0.094749004,40362467
2023-04-29,0.094756,0.095795996,0.094438002,0.095795996,0.095795996,30670613
2023-04-30,0.095795996,0.095872998,0.094315998,0.094648004,0.094648004,31657551
2023-05-01,0.094645001,0.094645001,0.091868997,0.092637002,0.092637002,43612450
2023-05-02,0.092638999,0.09375,0.091995001,0.093551002,0.093551002,35579709
2023-05-03,0.093560003,0.093796,0.091899998,0.093587004,0.093587004,38954411
2023-05-04,0.093595996,0.094176002,0.092928,0.093479,0.093479,35717026
2023-05-05,0.093477003,0.094531998,0.092473999,0.094384998,0.094384998,43622945
2023-05-06,0.094384,0.094756998,0.091870002,0.092587002,0.092587002,39786942
2023-05-07,0.092579998,0.093203999,0.092037,0.092046,0.092046,27416558
2023-05-08,0.092024997,0.092405997,0.087963998,0.089519002,0.089519002,64344918
2023-05-09,0.089519002,0.089519002,0.088324003,0.089120999,0.089120999,37622033
2023-05-10,0.089123003,0.089934997,0.087355003,0.089129001,0.089129001,49383632
2023-05-11,0.089135997,0.089883,0.087739997,0.089505002,0.089505002,46005054
2023-05-12,0.089502998,0.089933001,0.087559,0.089109004,0.089109004,51395499
2023-05-13,0.089112997,0.089240998,0.088336997,0.088336997,0.088336997,24625387
2023-05-14,0.088344999,0.088725001,0.087807,0.088722996,0.088722996,27508195
2023-05-15,0.088720001,0.089364998,0.088067003,0.088082999,0.088082999,36429642
2023-05-16,0.088082999,0.088675,0.086894996,0.087902002,0.087902002,35693896
2023-05-17,0.087901004,0.088972002,0.087402001,0.088578999,0.088578999,38258444
2023-05-18,0.088593997,0.089849003,0.087729,0.088739999,0.088739999,36965821
2023-05-19,0.088739999,0.089639999,0.088489003,0.089203998,0.089203998,30117924
2023-05-20,0.089207999,0.08929,0.088264003,0.088848002,0.088848002,22393642
2023-05-21,0.088841997,0.089133002,0.087901004,0.088127002,0.088127002,24394042
2023-05-22,0.088133,0.088602997,0.087507002,0.088141002,0.088141002,30219854
2023-05-23,0.088142999,0.089031003,0.087806001,0.088146999,0.088146999,30148195
2023-05-24,0.088152997,0.088243999,0.085721999,0.086510003,0.086510003,33968555
2023-05-25,0.086508997,0.087086,0.085703999,0.087026998,0.087026998,28910737
2023-05-26,0.087036997,0.088249996,0.086847,0.087830998,0.087830998,31708977
2023-05-27,0.087831996,0.088358,0.087642998,0.088136002,0.088136002,25535443
2023-05-28,0.088137999,0.088936999,0.087906003,0.088698,0.088698,31987029
2023-05-29,0.088702001,0.089432999,0.088524997,0.089314997,0.089314997,34472812
2023-05-30,0.089313,0.091046996,0.088895999,0.090843,0.090843,64372769
2023-05-31,0.090838,0.092868,0.089611001,0.092578001,0.092578001,61172703
2023-06-01,0.092580996,0.092685997,0.090833001,0.091086999,0.091086999,48257729
2023-06-02,0.091091,0.092398003,0.090838999,0.092045002,0.092045002,33233748
2023-06-03,0.092044003,0.093295999,0.091692999,0.091991998,0.091991998,31057867
2023-06-04,0.091996998,0.092793003,0.091326997,0.091388002,0.091388002,38129675
2023-06-05,0.091392003,0.091751002,0.086097002,0.087906003,0.087906003,63121745
2023-06-06,0.087899998,0.089748003,0.086796999,0.089685,0.089685,46764076
2023-06-07,0.089677997,0.089868002,0.086942002,0.087352999,0.087352999,43941794
2023-06-08,0.087362997,0.087898001,0.086805001,0.08715,0.08715,34844133
2023-06-09,0.087145999,0.088992998,0.086700998,0.088990003,0.088990003,38657219
2023-06-10,0.088992,0.089020997,0.079448,0.082332,0.082332,104329017
2023-06-11,0.082318999,0.084564,0.081234001,0.083513997,0.083513997,41452054
2023-06-12,0.083511002,0.083571002,0.08213,0.08309,0.08309,40250558
2023-06-13,0.083097003,0.086106002,0.082445003,0.082530998,0.082530998,56837112
2023-06-14,0.082529999,0.082919002,0.077813998,0.079250999,0.079250999,44127110
2023-06-15,0.079250999,0.079461999,0.075347997,0.076316997,0.076316997,49315223
2023-06-16,0.076318003,0.078763999,0.076076001,0.077405997,0.077405997,43170835
2023-06-17,0.077408001,0.080438003,0.077065997,0.079668,0.079668,35019334
2023-06-18,0.079659998,0.080914997,0.079319999,0.079498,0.079498,31606182
2023-06-19,0.079502001,0.080471002,0.079154998,0.079968996,0.079968996,30468382
2023-06-20,0.079971999,0.083049998,0.078346997,0.082864001,0.082864001,41483142
2023-06-21,0.082861997,0.086972997,0.082408004,0.086795002,0.086795002,58779301
2023-06-22,0.086790003,0.089197002,0.086010002,0.086696997,0.086696997,55362946
2023-06-23,0.0867,0.090080999,0.086689003,0.089468002,0.089468002,49455021
2023-06-24,0.089470997,0.091228001,0.089013003,0.090525001,0.090525001,44185433
2023-06-25,0.090525001,0.092252001,0.090433002,0.091646001,0.091646001,42349104
2023-06-26,0.091640003,0.092583001,0.090700999,0.092124,0.092124,44934642
2023-06-27,0.092122003,0.103167,0.092122003,0.102135,0.102135,134561551
2023-06-28,0.102148,0.105601,0.099180996,0.100411,0.100411,213064721
2023-06-29,0.10041,0.104396,0.10041,0.102364,0.102364,88599069
2023-06-30,0.102361,0.116387,0.101614,0.110695,0.110695,223097200
2023-07-01,0.110689,0.1115,0.106158,0.107416,0.107416,75381293
2023-07-02,0.107411,0.107891,0.104769,0.107294,0.107294,64747054
2023-07-03,0.107293,0.109346,0.105013,0.105735,0.105735,63383769
2023-07-04,0.105752,0.106381,0.103242,0.103432,0.103432,45796729
2023-07-05,0.10344,0.104504,0.099692002,0.1006,0.1006,52031775
2023-07-06,0.100592,0.102153,0.096000999,0.096000999,0.096000999,57050713
2023-07-07,0.095999002,0.097413003,0.095146999,0.097217001,0.097217001,48206491
2023-07-08,0.097218998,0.099720001,0.096837997,0.099532999,0.099532999,48633791
2023-07-09,0.099546999,0.099858001,0.098601997,0.099010997,0.099010997,32556225
2023-07-10,0.099013001,0.100533,0.097415999,0.099887997,0.099887997,44760948
2023-07-11,0.099887997,0.100741,0.098495997,0.098599002,0.098599002,38675780
2023-07-12,0.098599002,0.098599002,0.095574997,0.096262001,0.096262001,46201787
2023-07-13,0.096256003,0.183018,0.095536999,0.154879,0.154879,1004593480
2023-07-14,0.155,0.157022,0.127739,0.134913,0.134913,557059364
2023-07-15,0.134911,0.13511799,0.12768801,0.127876,0.127876,193013205
2023-07-16,0.12790599,0.13739,0.125406,0.13168,0.13168,269828641
2023-07-17,0.131679,0.134312,0.125282,0.12895,0.12895,148257834
2023-07-18,0.128949,0.133047,0.125421,0.132937,0.132937,174862280
2023-07-19,0.13285699,0.16495501,0.131842,0.155985,0.155985,756411125
2023-07-20,0.155994,0.179333,0.13584,0.163288,0.163288,929268801
2023-07-21,0.163269,0.17038199,0.154229,0.157085,0.157085,355570699
2023-07-22,0.157076,0.167394,0.15531,0.155784,0.155784,293617821
2023-07-23,0.155783,0.160623,0.152914,0.15607999,0.15607999,202625789
2023-07-24,0.15608899,0.15608899,0.144642,0.145777,0.145777,198033733
2023-07-25,0.14579,0.14919101,0.141618,0.14517801,0.14517801,190775293
2023-07-26,0.145165,0.161595,0.140616,0.155825,0.155825,277022451
2023-07-27,0.155821,0.163287,0.153751,0.15905701,0.15905701,310493227
2023-07-28,0.15904599,0.166491,0.158216,0.159915,0.159915,279109361
2023-07-29,0.15990201,0.161026,0.157859,0.15858901,0.15858901,121938513
2023-07-30,0.15858801,0.161327,0.15404101,0.15668499,0.15668499,200993020
2023-07-31,0.15667801,0.157607,0.149055,0.150364,0.150364,139055383
2023-08-01,0.150364,0.153345,0.14647201,0.153345,0.153345,156392245
2023-08-02,0.153359,0.154396,0.14382,0.14403,0.14403,134312007
2023-08-03,0.144036,0.14547201,0.13879,0.13916001,0.13916001,149554727
2023-08-04,0.139158,0.141614,0.136445,0.136445,0.136445,124632455
2023-08-05,0.136443,0.13905101,0.133596,0.13905001,0.13905001,104782605
2023-08-06,0.139037,0.14466999,0.13866501,0.13913,0.13913,122923949
2023-08-07,0.139125,0.14313801,0.137794,0.142977,0.142977,153941332
2023-08-08,0.14295501,0.143537,0.138466,0.143135,0.143135,133145825
2023-08-09,0.14311001,0.14568201,0.139916,0.141496,0.141496,130594629
2023-08-10,0.1415,0.141608,0.138359,0.138843,0.138843,94363290
2023-08-11,0.13884699,0.141096,0.138439,0.13948999,0.13948999,82463389
2023-08-12,0.13950001,0.140176,0.137026,0.13785,0.13785,65575070
2023-08-13,0.13784599,0.140485,0.13764299,0.137899,0.137899,68337199
2023-08-14,0.13789099,0.13816699,0.134744,0.13607401,0.13607401,74889965
2023-08-15,0.136079,0.136283,0.12632801,0.13025901,0.13025901,108202961
2023-08-16,0.130255,0.13235401,0.124127,0.12658399,0.12658399,102645819
2023-08-17,0.12658399,0.127303,0.107554,0.113422,0.113422,140498894
2023-08-18,0.113459,0.117756,0.111523,0.11676,0.11676,116776528
2023-08-19,0.116761,0.12488,0.116702,0.123631,0.123631,101967515
2023-08-20,0.123633,0.132348,0.122767,0.12983499,0.12983499,176159088
2023-08-21,0.129834,0.13012201,0.122577,0.124802,0.124802,121778058
2023-08-22,0.124787,0.124849,0.117757,0.120735,0.120735,98239656
2023-08-23,0.120734,0.12886301,0.119958,0.12737601,0.12737601,123807063
2023-08-24,0.12738401,0.12855899,0.122018,0.123766,0.123766,90769932
2023-08-25,0.123778,0.124824,0.120922,0.123859,0.123859,89277309
2023-08-26,0.12386,0.124455,0.120729,0.121148,0.121148,63778577
2023-08-27,0.121146,0.122257,0.119838,0.120899,0.120899,64849304
2023-08-28,0.120901,0.121039,0.119045,0.119868,0.119868,67282635
2023-08-29,0.119869,0.12767801,0.116943,0.124309,0.124309,129642099
2023-08-30,0.124314,0.124413,0.120414,0.120416,0.120416,73424469
2023-08-31,0.120422,0.12084,0.11412,0.114985,0.114985,90982467
2023-09-01,0.114993,0.11726,0.11304,0.114038,0.114038,80175461
2023-09-02,0.114051,0.11433,0.111641,0.113505,0.113505,62611315
2023-09-03,0.113513,0.120362,0.113207,0.119062,0.119062,110207263
2023-09-04,0.119018,0.125954,0.118637,0.124374,0.124374,158899355
2023-09-05,0.124382,0.129136,0.121622,0.122416,0.122416,129162821
2023-09-06,0.122418,0.123933,0.117838,0.123933,0.123933,101135784
2023-09-07,0.123933,0.125485,0.121972,0.125485,0.125485,89315560
2023-09-08,0.125485,0.127149,0.122747,0.12687699,0.12687699,90698828
2023-09-09,0.12687699,0.13282301,0.126222,0.131643,0.131643,127839636
2023-09-10,0.131634,0.134286,0.128039,0.13372301,0.13372301,153034541
2023-09-11,0.133717,0.13435601,0.124346,0.128406,0.128406,144155407
2023-09-12,0.12840401,0.131807,0.120595,0.121348,0.121348,141173725
2023-09-13,0.121345,0.122323,0.119525,0.120807,0.120807,86100457
2023-09-14,0.12081,0.12172,0.118419,0.120206,0.120206,70297091
2023-09-15,0.120207,0.121512,0.11792,0.120349,0.120349,67892665
2023-09-16,0.120342,0.121173,0.118237,0.11936,0.11936,46945222
2023-09-17,0.11936,0.119367,0.115802,0.116177,0.116177,52685605
2023-09-18,0.116177,0.119336,0.115567,0.118053,0.118053,57489207
2023-09-19,0.118053,0.120105,0.117463,0.118477,0.118477,52431783
2023-09-20,0.11848,0.119129,0.116439,0.116972,0.116972,60132012
2023-09-21,0.116966,0.116966,0.111826,0.113848,0.113848,339899784
2023-09-22,0.113849,0.115447,0.11354,0.114459,0.114459,50531885
2023-09-23,0.114478,0.115199,0.113136,0.114212,0.114212,33244195
2023-09-24,0.114211,0.114211,0.112152,0.112262,0.112262,38961766
2023-09-25,0.112262,0.11325,0.110965,0.112996,0.112996,50541695
2023-09-26,0.112988,0.113,0.110977,0.111845,0.111845,39565995
2023-09-27,0.111845,0.114295,0.111464,0.112484,0.112484,48532437
2023-09-28,0.112481,0.114358,0.112277,0.114191,0.114191,42137987
2023-09-29,0.114187,0.118466,0.112783,0.11284,0.11284,110501869
2023-09-30,0.112841,0.112841,0.111131,0.112331,0.112331,49527677
2023-10-01,0.112325,0.114602,0.112095,0.114388,0.114388,48343486
2023-10-02,0.114385,0.114936,0.110692,0.111725,0.111725,75778896
2023-10-03,0.111708,0.115764,0.110238,0.114433,0.114433,108082140
2023-10-04,0.114457,0.11517,0.11171,0.112555,0.112555,88962628
2023-10-05,0.112562,0.112562,0.110549,0.110725,0.110725,43138023
2023-10-06,0.110716,0.112306,0.109998,0.111784,0.111784,38742768
2023-10-07,0.111784,0.11206,0.11058,0.111167,0.111167,31098527
2023-10-08,0.11117,0.11143,0.110409,0.110755,0.110755,33199892
2023-10-09,0.110755,0.111009,0.104944,0.10602,0.10602,71482943
2023-10-10,0.106017,0.106093,0.103662,0.104322,0.104322,47600915
2023-10-11,0.104325,0.104894,0.101973,0.103293,0.103293,52987221
2023-10-12,0.103288,0.103313,0.10125,0.102432,0.102432,52694765
2023-10-13,0.102434,0.103478,0.102224,0.102925,0.102925,48952432
2023-10-14,0.102936,0.104432,0.102936,0.104301,0.104301,38056921
2023-10-15,0.104299,0.106322,0.104101,0.106294,0.106294,44558879
2023-10-16,0.106296,0.110076,0.106229,0.107661,0.107661,83759155
2023-10-17,0.10764,0.10764,0.103031,0.103107,0.103107,65523096
2023-10-18,0.103105,0.104647,0.102758,0.103276,0.103276,54759971
2023-10-19,0.103276,0.107588,0.102487,0.107359,0.107359,82404950
2023-10-20,0.107358,0.109769,0.10655,0.107594,0.107594,95593686
2023-10-21,0.107597,0.112304,0.107515,0.110707,0.110707,74881594
2023-10-22,0.110711,0.111934,0.108461,0.110689,0.110689,72617298
2023-10-23,0.111012,0.115866,0.110701,0.115866,0.115866,139182468
2023-10-24,0.115861,0.120276,0.113176,0.114321,0.114321,200961754
2023-10-25,0.114343,0.115551,0.112468,0.114307,0.114307,106391770
2023-10-26,0.114308,0.116568,0.110937,0.113141,0.113141,108893076
2023-10-27,0.113148,0.113398,0.110434,0.1121,0.1121,78763664
2023-10-28,0.112073,0.114201,0.111951,0.11402,0.11402,45089517
2023-10-29,0.114016,0.116798,0.112858,0.115786,0.115786,54991781
2023-10-30,0.115775,0.119743,0.11477,0.119046,0.119046,94692855
2023-10-31,0.119039,0.124429,0.116258,0.121278,0.121278,161975487
2023-11-01,0.121275,0.123004,0.117897,0.122462,0.122462,133124086
2023-11-02,0.12247,0.123483,0.118076,0.119787,0.119787,130414613
2023-11-03,0.119777,0.123946,0.116816,0.122536,0.122536,117947727
2023-11-04,0.122536,0.124269,0.121416,0.1236,0.1236,60022945
2023-11-05,0.123597,0.12800001,0.123151,0.125898,0.125898,125374188
2023-11-06,0.12588499,0.13469,0.125542,0.131038,0.131038,174429741
2023-11-07,0.131046,0.13112301,0.122978,0.12669501,0.12669501,119800472
2023-11-08,0.126688,0.128729,0.12571099,0.12791,0.12791,103803323
2023-11-09,0.127921,0.130127,0.119407,0.122959,0.122959,211926293
2023-11-10,0.122975,0.124302,0.120557,0.123873,0.123873,131650824
2023-11-11,0.12387,0.127198,0.121085,0.124922,0.124922,135023519
2023-11-12,0.124933,0.12651899,0.122383,0.1242,0.1242,101812974
2023-11-13,0.124217,0.13591699,0.12045,0.122407,0.122407,217876840
2023-11-14,0.122406,0.122534,0.115746,0.117954,0.117954,134626489
2023-11-15,0.117963,0.121801,0.117199,0.121672,0.121672,101534409
2023-11-16,0.121663,0.123123,0.117127,0.118542,0.118542,121240373
2023-11-17,0.118552,0.120353,0.114838,0.118161,0.118161,110101032
2023-11-18,0.118188,0.119403,0.114988,0.119219,0.119219,65443512
2023-11-19,0.119221,0.121258,0.117932,0.121157,0.121157,58629818
2023-11-20,0.121159,0.121834,0.118639,0.119766,0.119766,65066388
2023-11-21,0.119766,0.12032,0.113142,0.113824,0.113824,89608883
2023-11-22,0.113815,0.118391,0.113527,0.118131,0.118131,67368477
2023-11-23,0.118129,0.118727,0.115651,0.11724,0.11724,71437084
2023-11-24,0.117241,0.118953,0.11691,0.11801,0.11801,60575792
2023-11-25,0.118008,0.12137,0.117658,0.120958,0.120958,54679912
2023-11-26,0.120963,0.123077,0.119581,0.120006,0.120006,96113154
2023-11-27,0.119993,0.120557,0.11493,0.116519,0.116519,82859029
2023-11-28,0.116516,0.118763,0.115226,0.118415,0.118415,78375089
2023-11-29,0.118426,0.120071,0.118243,0.118582,0.118582,65246839
2023-11-30,0.118585,0.119615,0.118038,0.118312,0.118312,69537285
2023-12-01,0.118316,0.119904,0.117979,0.119794,0.119794,59601664
2023-12-02,0.119789,0.121726,0.119481,0.121633,0.121633,64446469
2023-12-03,0.121633,0.122919,0.120956,0.122032,0.122032,67354763
2023-12-04,0.122028,0.125211,0.120335,0.122227,0.122227,134691570
2023-12-05,0.122229,0.122873,0.119856,0.122446,0.122446,104055604
2023-12-06,0.122448,0.12565,0.121343,0.12544,0.12544,112772898
2023-12-07,0.125459,0.12725499,0.123211,0.126174,0.126174,112710407
2023-12-08,0.126176,0.132966,0.126127,0.13232499,0.13232499,123656968
2023-12-09,0.132331,0.13806,0.13172901,0.133692,0.133692,159872333
2023-12-10,0.13369501,0.136731,0.132092,0.13298599,0.13298599,101653351
2023-12-11,0.132992,0.134552,0.120828,0.123493,0.123493,149544632
2023-12-12,0.123503,0.12532,0.120931,0.123081,0.123081,90181627
2023-12-13,0.12308,0.125551,0.118823,0.124896,0.124896,98981270
2023-12-14,0.124895,0.128075,0.123536,0.12750401,0.12750401,89984886
2023-12-15,0.12751099,0.127969,0.122807,0.122939,0.122939,81536878
2023-12-16,0.122946,0.12603299,0.121968,0.124701,0.124701,64562936
2023-12-17,0.124701,0.124882,0.122036,0.122233,0.122233,67552065
2023-12-18,0.122219,0.122386,0.116783,0.121162,0.121162,99986158
2023-12-19,0.121179,0.122345,0.11891,0.11956,0.11956,78548040
2023-12-20,0.119551,0.122851,0.119056,0.121742,0.121742,82170496
2023-12-21,0.121779,0.124451,0.12129,0.124387,0.124387,76994686
2023-12-22,0.124389,0.126699,0.123561,0.126645,0.126645,88392627
2023-12-23,0.126647,0.127013,0.123956,0.126689,0.126689,63597155
2023-12-24,0.12668701,0.12791599,0.124789,0.126129,0.126129,81224039
2023-12-25,0.12613399,0.131531,0.125392,0.131036,0.131036,104029800
2023-12-26,0.13102999,0.131061,0.122934,0.126002,0.126002,111557323
2023-12-27,0.126004,0.133524,0.124182,0.130853,0.130853,110942799
2023-12-28,0.13085499,0.135608,0.129839,0.13236199,0.13236199,149298600
2023-12-29,0.132351,0.132557,0.12746701,0.129619,0.129619,93900237
2023-12-30,0.12962601,0.13797,0.129309,0.13261101,0.13261101,127553699
2023-12-31,0.132595,0.133268,0.128042,0.128959,0.128959,74755180
2024-01-01,0.128931,0.132374,0.12742899,0.131905,0.131905,60178270
2024-01-02,0.13191999,0.133268,0.128811,0.129287,0.129287,86906416
2024-01-03,0.12928601,0.13273001,0.116551,0.120552,0.120552,161549407
2024-01-04,0.12055,0.122151,0.119792,0.121644,0.121644,93818934
2024-01-05,0.121641,0.121932,0.115182,0.119129,0.119129,118917219
2024-01-06,0.119136,0.120456,0.116264,0.120142,0.120142,89252964
2024-01-07,0.120143,0.120488,0.11491,0.115231,0.115231,76439412
2024-01-08,0.115234,0.120056,0.11297,0.119616,0.119616,134586804
2024-01-09,0.119623,0.120165,0.114231,0.11633,0.11633,109023089
2024-01-10,0.11633,0.122301,0.113547,0.120606,0.120606,134600618
2024-01-11,0.120632,0.12604301,0.120594,0.123611,0.123611,138334658
2024-01-12,0.123581,0.12531701,0.117171,0.119107,0.119107,120905958
2024-01-13,0.119076,0.120462,0.117891,0.120183,0.120183,68151891
2024-01-14,0.12018,0.120691,0.118037,0.118115,0.118115,69840845
2024-01-15,0.118124,0.120761,0.117903,0.118201,0.118201,67233455
2024-01-16,0.118192,0.119224,0.116769,0.11854,0.11854,65533820
2024-01-17,0.11853,0.119245,0.117165,0.118748,0.118748,65803467
2024-01-18,0.118747,0.118773,0.112732,0.114178,0.114178,70892932
2024-01-19,0.11418,0.1147,0.109223,0.113907,0.113907,79408992
2024-01-20,0.113909,0.115454,0.113122,0.11537,0.11537,53832147
2024-01-21,0.11538,0.116604,0.115208,0.115513,0.115513,50234233
2024-01-22,0.115527,0.115952,0.112112,0.112537,0.112537,76399602
2024-01-23,0.112538,0.114127,0.107124,0.111576,0.111576,85309561
2024-01-24,0.111571,0.112689,0.110609,0.112641,0.112641,72231595
2024-01-25,0.11264,0.11264,0.110516,0.11176,0.11176,61402386
2024-01-26,0.111763,0.116367,0.111724,0.115793,0.115793,68168496
2024-01-27,0.115792,0.116978,0.115401,0.116254,0.116254,47430817
2024-01-28,0.116257,0.116534,0.113091,0.113758,0.113758,58099831
2024-01-29,0.113753,0.116447,0.113291,0.116446,0.116446,59572760
2024-01-30,0.116446,0.116826,0.11265,0.112741,0.112741,70296598
2024-01-31,0.11275,0.113586,0.109122,0.10989,0.10989,79261404
2024-02-01,0.109882,0.110714,0.10807,0.109868,0.109868,63804070
2024-02-02,0.109863,0.110888,0.109027,0.11036,0.11036,59801501
2024-02-03,0.110363,0.112205,0.109433,0.110989,0.110989,64327566
2024-02-04,0.110993,0.111203,0.108593,0.109312,0.109312,43423966
2024-02-05,0.109312,0.109749,0.107725,0.108417,0.108417,53425185
2024-02-06,0.108407,0.108918,0.107516,0.108151,0.108151,58910178
2024-02-07,0.108152,0.109096,0.106953,0.10909,0.10909,61152793
2024-02-08,0.109098,0.110056,0.108739,0.109869,0.109869,62567423
2024-02-09,0.109857,0.112199,0.109838,0.112034,0.112034,68410578
2024-02-10,0.112029,0.112903,0.11074,0.111636,0.111636,52655700
2024-02-11,0.111646,0.113042,0.11077,0.111152,0.111152,58720085
2024-02-12,0.111159,0.113226,0.109752,0.113226,0.113226,74982567
2024-02-13,0.113208,0.114255,0.109841,0.111053,0.111053,85317790
2024-02-14,0.111046,0.114637,0.110373,0.114416,0.114416,80938474
2024-02-15,0.114417,0.117379,0.114169,0.116747,0.116747,114694337
2024-02-16,0.116748,0.118126,0.114194,0.115528,0.115528,83446160
2024-02-17,0.115527,0.115896,0.111949,0.114195,0.114195,61441536
2024-02-18,0.11419,0.116552,0.113565,0.115867,0.115867,61786919
2024-02-19,0.115878,0.118927,0.115878,0.118485,0.118485,78810665
2024-02-20,0.118487,0.12098,0.114568,0.11769,0.11769,139532672
2024-02-21,0.117695,0.117865,0.111132,0.114344,0.114344,94857878
2024-02-22,0.114341,0.117442,0.113446,0.115258,0.115258,81531313
2024-02-23,0.115271,0.116271,0.113312,0.114861,0.114861,82800114
2024-02-24,0.114861,0.117348,0.113806,0.116447,0.116447,62766877
2024-02-25,0.116455,0.116877,0.115533,0.116442,0.116442,63244380
2024-02-26,0.116448,0.118054,0.11421,0.117967,0.117967,86168634
2024-02-27,0.117955,0.123382,0.117231,0.122972,0.122972,146219812
2024-02-28,0.122989,0.125047,0.116394,0.121081,0.121081,202345039
2024-02-29,0.121088,0.128034,0.119462,0.121939,0.121939,221870195
2024-03-01,0.121927,0.12735,0.121927,0.127149,0.127149,129425515
2024-03-02,0.12715,0.13839,0.12696899,0.138349,0.138349,264655700
2024-03-03,0.138348,0.13986599,0.131032,0.13563199,0.13563199,188228753
2024-03-04,0.135647,0.15767901,0.13435701,0.14587501,0.14587501,440411880
2024-03-05,0.145882,0.15292101,0.120388,0.13239899,0.13239899,617142413
2024-03-06,0.13239899,0.13846099,0.128199,0.13816001,0.13816001,324526992
2024-03-07,0.138162,0.143176,0.13789199,0.14219099,0.14219099,229646366
2024-03-08,0.14218999,0.14555299,0.137227,0.14196999,0.14196999,248822462
2024-03-09,0.14196999,0.14387999,0.140525,0.142529,0.142529,139036384
2024-03-10,0.142529,0.144978,0.137218,0.139843,0.139843,151697354
2024-03-11,0.139846,0.162129,0.13581599,0.15698899,0.15698899,535232758
2024-03-12,0.15698899,0.159299,0.143796,0.14939301,0.14939301,259162027
2024-03-13,0.14939301,0.153513,0.14673699,0.150865,0.150865,171661665
2024-03-14,0.150865,0.152013,0.13868199,0.144547,0.144547,266590270
2024-03-15,0.144547,0.145394,0.12898199,0.13681901,0.13681901,269079451
2024-03-16,0.13681901,0.14292499,0.127029,0.129272,0.129272,193693394
2024-03-17,0.129273,0.133063,0.124687,0.132156,0.132156,131504690
2024-03-18,0.132156,0.137118,0.124996,0.13531899,0.13531899,187395712
2024-03-19,0.13531999,0.13531999,0.118752,0.120772,0.120772,274266807
2024-03-20,0.120772,0.131207,0.117538,0.130916,0.130916,178905718
2024-03-21,0.130916,0.13523699,0.128269,0.133213,0.133213,146681501
2024-03-22,0.133213,0.133954,0.125782,0.12807199,0.12807199,123072897
2024-03-23,0.12807199,0.136316,0.12784199,0.132845,0.132845,88250146
2024-03-24,0.132845,0.13535701,0.131914,0.135005,0.135005,81373818
2024-03-25,0.135005,0.139166,0.13422,0.136683,0.136683,116681609
2024-03-26,0.136683,0.13992099,0.13574401,0.138183,0.138183,121040181
2024-03-27,0.138183,0.139688,0.13233501,0.13377,0.13377,128181863
2024-03-28,0.13377,0.13878199,0.132645,0.138054,0.138054,112205020
2024-03-29,0.138054,0.145871,0.137291,0.14286301,0.14286301,200801695
2024-03-30,0.14286301,0.143479,0.13827699,0.139276,0.139276,91989525
2024-03-31,0.139276,0.141277,0.13862699,0.141118,0.141118,67648387
2024-04-01,0.141118,0.142542,0.13244,0.1357,0.1357,147975756
2024-04-02,0.1357,0.13583501,0.12733699,0.12866101,0.12866101,137807362
2024-04-03,0.12865999,0.130735,0.124413,0.12640101,0.12640101,121845636
2024-04-04,0.12640101,0.131708,0.124393,0.128888,0.128888,114400077
2024-04-05,0.128888,0.12962399,0.124482,0.12753201,0.12753201,91632139
2024-04-06,0.12753201,0.129786,0.12713701,0.129241,0.129241,52171448
2024-04-07,0.129242,0.13029499,0.12808099,0.12933899,0.12933899,55691799
2024-04-08,0.12933899,0.13431901,0.127758,0.13335501,0.13335501,99555660
2024-04-09,0.13335501,0.136738,0.130905,0.132163,0.132163,127975884
2024-04-10,0.132164,0.132164,0.12650301,0.12965301,0.12965301,103040259
2024-04-11,0.12965301,0.131359,0.128336,0.1303,0.1303,67600788
2024-04-12,0.1303,0.131088,0.106795,0.115299,0.115299,228777165
2024-04-13,0.115299,0.115455,0.095335998,0.105686,0.105686,331911442
2024-04-14,0.105686,0.111444,0.102019,0.110763,0.110763,239005618
2024-04-15,0.110763,0.113936,0.104177,0.107625,0.107625,135893831
2024-04-16,0.107624,0.110012,0.104794,0.109606,0.109606,106422102
2024-04-17,0.109606,0.110035,0.105216,0.107553,0.107553,89314927
2024-04-18,0.107553,0.111045,0.105324,0.11051,0.11051,81052154
2024-04-19,0.11051,0.113515,0.103989,0.111856,0.111856,106328861
2024-04-20,0.111856,0.116869,0.111082,0.115907,0.115907,66207002
2024-04-21,0.115907,0.116585,0.113005,0.113855,0.113855,57864228
2024-04-22,0.113855,0.11904,0.113716,0.118228,0.118228,73848044
2024-04-23,0.118228,0.118759,0.115734,0.117409,0.117409,71434516
2024-04-24,0.117409,0.120276,0.113426,0.114468,0.114468,94103764
2024-04-25,0.11447,0.115545,0.111608,0.113749,0.113749,73035657
2024-04-26,0.113749,0.115119,0.112158,0.114006,0.114006,65902171
2024-04-27,0.114009,0.114792,0.111533,0.114392,0.114392,61644990
2024-04-28,0.114392,0.115884,0.112082,0.112286,0.112286,55038698
2024-04-29,0.112288,0.11352,0.109823,0.112088,0.112088,72040928
2024-04-30,0.112087,0.112768,0.104751,0.107715,0.107715,91934242
2024-05-01,0.107715,0.111069,0.103316,0.111035,0.111035,99567176
2024-05-02,0.111035,0.111148,0.107098,0.11036,0.11036,74766755
2024-05-03,0.11036,0.112625,0.108947,0.111782,0.111782,62383004
2024-05-04,0.111782,0.112507,0.110802,0.111008,0.111008,49329923
2024-05-05,0.111008,0.111304,0.109396,0.110962,0.110962,44733799
2024-05-06,0.110962,0.113534,0.109337,0.109849,0.109849,90614457
2024-05-07,0.10985,0.110744,0.108076,0.108087,0.108087,67824229
2024-05-08,0.108087,0.109748,0.106953,0.107393,0.107393,60981422
2024-05-09,0.107393,0.108684,0.106009,0.10845,0.10845,55951790
2024-05-10,0.108445,0.10973,0.105491,0.106347,0.106347,54021437
2024-05-11,0.106347,0.107025,0.105555,0.105829,0.105829,34493997
2024-05-12,0.105829,0.106243,0.104184,0.104656,0.104656,34220501
2024-05-13,0.104656,0.105676,0.1011,0.10394,0.10394,58871423
2024-05-14,0.10394,0.104378,0.101753,0.10185,0.10185,56211815
2024-05-15,0.10185,0.10721,0.101663,0.1068,0.1068,58807592
2024-05-16,0.106803,0.107864,0.105093,0.106693,0.106693,56455774
2024-05-17,0.106693,0.109789,0.106119,0.10881,0.10881,53476331
2024-05-18,0.10881,0.109496,0.107547,0.10812,0.10812,43713238
2024-05-19,0.108117,0.108549,0.105359,0.105598,0.105598,41112226
2024-05-20,0.105598,0.112282,0.104778,0.112272,0.112272,71654077
2024-05-21,0.112269,0.113969,0.111479,0.112237,0.112237,81334886
2024-05-22,0.112237,0.112461,0.109307,0.110612,0.110612,71919210
2024-05-23,0.110612,0.111451,0.105053,0.10908,0.10908,115764849
2024-05-24,0.10908,0.110534,0.107481,0.110216,0.110216,67141615
2024-05-25,0.110216,0.11163,0.110104,0.110912,0.110912,40545031
2024-05-26,0.110912,0.111377,0.108104,0.108686,0.108686,41886956
2024-05-27,0.108686,0.111449,0.108078,0.11045,0.11045,63776627
2024-05-28,0.11045,0.110549,0.106847,0.107786,0.107786,75543515
2024-05-29,0.107786,0.109309,0.106518,0.106592,0.106592,66976036
2024-05-30,0.106597,0.107718,0.104763,0.106778,0.106778,70589064
2024-05-31,0.106778,0.107104,0.10473,0.106363,0.106363,61501284
2024-06-01,0.106363,0.106788,0.106129,0.106318,0.106318,33842691
2024-06-02,0.106318,0.10667,0.10464,0.105198,0.105198,44169589
2024-06-03,0.105198,0.107024,0.104768,0.105327,0.105327,55966949
2024-06-04,0.105327,0.106801,0.104134,0.106429,0.106429,60026803
2024-06-05,0.106429,0.10744,0.105952,0.106972,0.106972,56311038
2024-06-06,0.106972,0.10698,0.104827,0.105282,0.105282,50610952
2024-06-07,0.105282,0.106693,0.094067,0.100261,0.100261,111110827
2024-06-08,0.100244,0.100244,0.096825004,0.098274,0.098274,56286304
2024-06-09,0.098265,0.099816002,0.098182999,0.099815004,0.099815004,37251187
2024-06-10,0.099817,0.10121,0.099290997,0.099969,0.099969,49009384
2024-06-11,0.099970996,0.100184,0.095734,0.096749,0.096749,65056424
2024-06-12,0.096750997,0.100945,0.095659003,0.100109,0.100109,62534472
2024-06-13,0.100119,0.100228,0.097268,0.097480997,0.097480997,48972057
2024-06-14,0.097474001,0.098828003,0.094498999,0.096773997,0.096773997,58558201
2024-06-15,0.096771002,0.098644003,0.096412003,0.098237,0.098237,33676354
2024-06-16,0.098245002,0.099142998,0.097646996,0.098995,0.098995,33153627
2024-06-17,0.099005997,0.099279001,0.095564999,0.096911997,0.096911997,89787741
2024-06-18,0.096901,0.096946999,0.088100001,0.091371998,0.091371998,133004372
2024-06-19,0.091372997,0.094100997,0.090736002,0.093304999,0.093304999,51932569
2024-06-20,0.093304999,0.095393002,0.093061998,0.093912996,0.093912996,51643502
2024-06-21,0.093915001,0.094351001,0.091224998,0.092031002,0.092031002,61032699
2024-06-22,0.092028998,0.092028998,0.090714999,0.090841003,0.090841003,31231252
2024-06-23,0.090836003,0.091908999,0.089417003,0.089547001,0.089547001,33893869
2024-06-24,0.089551002,0.089634001,0.086216003,0.089235999,0.089235999,86719589
2024-06-25,0.089245997,0.092840001,0.089245997,0.091838002,0.091838002,54552534
2024-06-26,0.091834001,0.092501998,0.089809,0.090139002,0.090139002,46677214
2024-06-27,0.090136997,0.091526002,0.088716,0.091375001,0.091375001,41893989
2024-06-28,0.091381997,0.092984997,0.090774,0.090915002,0.090915002,48914015
2024-06-29,0.090912998,0.091779999,0.089948997,0.090014003,0.090014003,27531076
2024-06-30,0.090020999,0.091594003,0.089460999,0.091087997,0.091087997,37944906
2024-07-01,0.091091,0.092589997,0.090559997,0.091450997,0.091450997,51342729
2024-07-02,0.091450997,0.094089001,0.091449,0.093506001,0.093506001,46767592
2024-07-03,0.093503997,0.093593001,0.089455001,0.090319,0.090319,58093562
2024-07-04,0.090311997,0.090594999,0.086450003,0.087132998,0.087132998,87663626
2024-07-05,0.087087996,0.087087996,0.07728,0.085522003,0.085522003,187119451
2024-07-06,0.085506,0.090836003,0.085206002,0.090572,0.090572,48738444
2024-07-07,0.090571001,0.090594001,0.083604999,0.083889998,0.083889998,49157841
2024-07-08,0.083888002,0.087180004,0.08089,0.085496001,0.085496001,83653145
2024-07-09,0.085482001,0.088183999,0.085253,0.087954998,0.087954998,53565646
2024-07-10,0.087966003,0.089199997,0.086768001,0.087536998,0.087536998,45129580
2024-07-11,0.087540999,0.090383001,0.087017,0.088775001,0.088775001,46739903
2024-07-12,0.088767998,0.092194997,0.088307001,0.091358997,0.091358997,75330190
2024-07-13,0.091369003,0.10583,0.091369003,0.102444,0.102444,195156989
2024-07-14,0.102418,0.106685,0.099684,0.104649,0.104649,107843981
2024-07-15,0.104662,0.105711,0.102734,0.104879,0.104879,96930050
2024-07-16,0.104853,0.108935,0.101331,0.106928,0.106928,180892908
2024-07-17,0.10693,0.112228,0.106204,0.109941,0.109941,154457710
2024-07-18,0.109967,0.111148,0.101473,0.103201,0.103201,112040274
2024-07-19,0.103199,0.105584,0.10118,0.105381,0.105381,75421249
2024-07-20,0.105368,0.106835,0.104161,0.105326,0.105326,62925789
2024-07-21,0.105326,0.10595,0.102024,0.105309,0.105309,72589625
2024-07-22,0.105309,0.106213,0.102403,0.103493,0.103493,297178319
2024-07-23,0.103493,0.104721,0.099784002,0.100995,0.100995,78180460
2024-07-24,0.100997,0.105775,0.10029,0.10295,0.10295,73214374
2024-07-25,0.10295,0.104085,0.100069,0.102207,0.102207,103301178
2024-07-26,0.102208,0.104396,0.101618,0.103162,0.103162,55405537
2024-07-27,0.103162,0.103521,0.100566,0.101533,0.101533,54700302
2024-07-28,0.101533,0.102205,0.099714004,0.100243,0.100243,42591306
2024-07-29,0.100243,0.101938,0.098932996,0.099187002,0.099187002,57159986
2024-07-30,0.099187002,0.103329,0.098738,0.10249,0.10249,82273695
2024-07-31,0.10249,0.106343,0.10058,0.100642,0.100642,103348683
2024-08-01,0.100642,0.100959,0.095780998,0.099342003,0.099342003,81459832
2024-08-02,0.099342003,0.099420004,0.093574002,0.095509999,0.095509999,74776367
2024-08-03,0.095509999,0.095888004,0.091765001,0.093411997,0.093411997,57242439
2024-08-04,0.093411997,0.093415998,0.086719997,0.088189997,0.088189997,62605222
2024-08-05,0.088188998,0.089142002,0.075917996,0.088085003,0.088085003,225147367
2024-08-06,0.088082999,0.093032002,0.088004999,0.092464,0.092464,85566323
2024-08-07,0.092464,0.103542,0.092013001,0.101395,0.101395,223152341
2024-08-08,0.101394,0.103526,0.098592997,0.103101,0.103101,194980934
2024-08-09,0.103101,0.103141,0.098674998,0.099991001,0.099991001,88934334
2024-08-10,0.099990003,0.101979,0.099742003,0.101325,0.101325,78529071
2024-08-11,0.101325,0.103002,0.097254999,0.097883999,0.097883999,84957621
2024-08-12,0.097883999,0.100498,0.097309001,0.098875001,0.098875001,93315893
2024-08-13,0.098875001,0.099715002,0.097759001,0.099319004,0.099319004,47375027
2024-08-14,0.099320002,0.099480003,0.096588001,0.096711002,0.096711002,46656577
2024-08-15,0.096709996,0.098277003,0.094780996,0.095625997,0.095625997,52019202
2024-08-16,0.095625997,0.096051998,0.093295,0.094857998,0.094857998,50397754
2024-08-17,0.094858997,0.096382998,0.094581001,0.095592998,0.095592998,26859120
2024-08-18,0.095592998,0.096222997,0.093517996,0.093520001,0.093520001,32695718
2024-08-19,0.093519002,0.096184,0.093166001,0.096184,0.096184,52677707
2024-08-20,0.096184,0.099127002,0.096175998,0.097746,0.097746,48549974
2024-08-21,0.097746,0.099078,0.096385002,0.098567002,0.098567002,49155340
2024-08-22,0.098567002,0.099688001,0.097428001,0.099016003,0.099016003,42402073
2024-08-23,0.099016003,0.102374,0.098954,0.101856,0.101856,58890230
2024-08-24,0.101856,0.103638,0.100923,0.102577,0.102577,48823527
2024-08-25,0.102577,0.102876,0.099831,0.10096,0.10096,54930758
2024-08-26,0.10096,0.101216,0.096688002,0.097121999,0.097121999,50765300
2024-08-27,0.097121999,0.097684003,0.092629001,0.093884997,0.093884997,62617799
2024-08-28,0.093884997,0.094787002,0.090894997,0.092872001,0.092872001,71943235
2024-08-29,0.092871003,0.094364002,0.092083,0.093122996,0.093122996,42764966
2024-08-30,0.093122996,0.094035998,0.091250002,0.093271002,0.093271002,46772580
2024-08-31,0.093271002,0.093617998,0.091994002,0.092559002,0.092559002,26081702
2024-09-01,0.092559002,0.092569001,0.089512996,0.090048,0.090048,40375174
2024-09-02,0.090048,0.092524998,0.090017997,0.092390001,0.092390001,43104627
2024-09-03,0.092390001,0.094437003,0.091471002,0.091471002,0.091471002,38625062
2024-09-04,0.091468997,0.092418,0.088963002,0.091675997,0.091675997,54496246
2024-09-05,0.091675997,0.092004001,0.089775003,0.090277001,0.090277001,39170588
2024-09-06,0.090277001,0.090395004,0.085808001,0.088132001,0.088132001,65567473
2024-09-07,0.088132001,0.089752004,0.087623999,0.088619001,0.088619001,35731761
2024-09-08,0.088619001,0.090141997,0.088544004,0.089950003,0.089950003,36022746
2024-09-09,0.089951001,0.093621999,0.089943998,0.093135998,0.093135998,45864717
2024-09-10,0.093135998,0.094516002,0.092546999,0.094039999,0.094039999,37289389
2024-09-11,0.094039999,0.094045997,0.091502003,0.092772998,0.092772998,43228230
2024-09-12,0.092772998,0.095068,0.092408001,0.094940998,0.094940998,64885972
2024-09-13,0.094940998,0.096980996,0.094136,0.096430004,0.096430004,44556843
2024-09-14,0.096430004,0.097273,0.095895998,0.097193003,0.097193003,38982483
2024-09-15,0.097193003,0.097312003,0.094820999,0.095192,0.095192,35281622
2024-09-16,0.095192,0.095659003,0.093840003,0.094981,0.094981,45574713
2024-09-17,0.094981,0.096364997,0.094090998,0.094604,0.094604,45014072
2024-09-18,0.094603002,0.095926002,0.093011998,0.095926002,0.095926002,49119999
2024-09-19,0.095926002,0.096989997,0.094768003,0.096019998,0.096019998,59599003
2024-09-20,0.096019998,0.097111002,0.095298,0.096198,0.096198,49961029
2024-09-21,0.096198,0.099036001,0.095830001,0.09809,0.09809,46692701
2024-09-22,0.09809,0.09809,0.094884001,0.096049003,0.096049003,45293117
2024-09-23,0.096049003,0.096758001,0.095280997,0.096332997,0.096332997,45845779
2024-09-24,0.096332997,0.096850999,0.095121004,0.096832998,0.096832998,45425530
2024-09-25,0.096832998,0.097135998,0.095732003,0.095969997,0.095969997,47611034
2024-09-26,0.095968999,0.099179,0.094752997,0.097997002,0.097997002,63439636
2024-09-27,0.097997002,0.099472001,0.097658999,0.099459,0.099459,52736262
2024-09-28,0.099459,0.101812,0.098534003,0.099558003,0.099558003,79471511
2024-09-29,0.099558003,0.103646,0.098494999,0.101705,0.101705,78088234
2024-09-30,0.101705,0.103551,0.098405004,0.098523997,0.098523997,80349139
2024-10-01,0.098523997,0.100713,0.092906997,0.093796998,0.093796998,103046287
2024-10-02,0.093796998,0.095063999,0.090195999,0.090674996,0.090674996,78634738
2024-10-03,0.090674996,0.091179997,0.088326998,0.090295002,0.090295002,77983432
2024-10-04,0.090295002,0.091941997,0.089853004,0.091815002,0.091815002,51278513
2024-10-05,0.091815002,0.092674002,0.091155998,0.092060998,0.092060998,30817693
2024-10-06,0.092060998,0.093181998,0.091603003,0.092455,0.092455,27309433
2024-10-07,0.092455,0.093231998,0.090907,0.091237001,0.091237001,46153150
2024-10-08,0.091237001,0.092184998,0.089670002,0.089906,0.089906,42283213
2024-10-09,0.089906,0.090691,0.088866003,0.089787997,0.089787997,39385178
2024-10-10,0.089787997,0.090145998,0.088353001,0.090016998,0.090016998,52492836
2024-10-11,0.090016998,0.092125997,0.089962997,0.091623999,0.091623999,37718703
2024-10-12,0.091623999,0.092501998,0.091623999,0.091824003,0.091824003,32857637
2024-10-13,0.091824003,0.091854997,0.089665003,0.090328,0.090328,31560040
2024-10-14,0.090328,0.093560003,0.089855,0.093267001,0.093267001,49584556
2024-10-15,0.093267001,0.093966998,0.091261998,0.092914999,0.092914999,72090355
2024-10-16,0.092914999,0.096111,0.092343003,0.095461003,0.095461003,58484674
2024-10-17,0.095463999,0.096579,0.094123997,0.095007002,0.095007002,54952879
2024-10-18,0.095007002,0.096867003,0.09448,0.096649997,0.096649997,40083481
2024-10-19,0.096648999,0.097456001,0.095914997,0.097070001,0.097070001,33732838
2024-10-20,0.097070001,0.097227,0.096229002,0.097194999,0.097194999,33411425
2024-10-21,0.097195998,0.097437002,0.094812997,0.095450997,0.095450997,48041821
2024-10-22,0.095449999,0.096630998,0.094888002,0.095132999,0.095132999,55742485
2024-10-23,0.095132999,0.095628999,0.092793003,0.094361,0.094361,50820112
2024-10-24,0.094466999,0.096720003,0.094305001,0.096652001,0.096652001,47493034
2024-10-25,0.096652001,0.097175002,0.091812998,0.093353003,0.093353003,73628208
2024-10-26,0.093353003,0.094802,0.092882,0.094146997,0.094146997,45815135
2024-10-27,0.094146997,0.094737999,0.093425997,0.094180003,0.094180003,32736829
2024-10-28,0.094180003,0.094521999,0.092881002,0.094241001,0.094241001,44992634
2024-10-29,0.094235003,0.096823998,0.094212003,0.096634999,0.096634999,49796520
2024-10-30,0.096634999,0.096717,0.094589002,0.094875999,0.094875999,47314949
2024-10-31,0.094875999,0.094894998,0.091865003,0.092449002,0.092449002,52752724
2024-11-01,0.092449002,0.093608998,0.090879001,0.093088001,0.093088001,51536298
2024-11-02,0.093088001,0.093558997,0.091729999,0.092637002,0.092637002,29565440
2024-11-03,0.092637002,0.092702001,0.089523003,0.090664998,0.090664998,47280490
2024-11-04,0.090664998,0.092100002,0.090204,0.091110997,0.091110997,44436107
2024-11-05,0.091110997,0.093892001,0.090797,0.09347,0.09347,43255269
2024-11-06,0.09347,0.097644001,0.093466997,0.097120002,0.097120002,111558691
2024-11-07,0.097120002,0.102209,0.096671,0.102052,0.102052,113474662
2024-11-08,0.102052,0.103207,0.10014,0.101295,0.101295,100881654
2024-11-09,0.101295,0.102297,0.099722996,0.102185,0.102185,75927711
2024-11-10,0.102185,0.112751,0.101782,0.108472,0.108472,270858510
2024-11-11,0.108472,0.114785,0.107691,0.114454,0.114454,260040997
2024-11-12,0.114454,0.141046,0.111603,0.13495401,0.13495401,752300194
2024-11-13,0.13495401,0.13779099,0.121081,0.124325,0.124325,418191620
2024-11-14,0.124321,0.140239,0.122004,0.13086,0.13086,425704967
2024-11-15,0.130869,0.14628799,0.12857699,0.146257,0.146257,582518288
2024-11-16,0.146257,0.23868699,0.14086699,0.218641,0.218641,2504313507
2024-11-17,0.218622,0.223297,0.18976,0.19641601,0.19641601,1403572059
2024-11-18,0.196403,0.25413799,0.196401,0.232651,0.232651,2449869158
2024-11-19,0.232651,0.242938,0.22292501,0.23200899,0.23200899,1066314048
2024-11-20,0.23200899,0.267335,0.227907,0.247519,0.247519,1609136032
2024-11-21,0.247519,0.26325399,0.23012801,0.26325399,0.26325399,1395609232
2024-11-22,0.26321101,0.35088,0.262804,0.341066,0.341066,3669384984
2024-11-23,0.341066,0.54487097,0.34031099,0.51539099,0.51539099,9867682534
2024-11-24,0.51539099,0.63424802,0.441374,0.53742099,0.53742099,11123965941
2024-11-25,0.53742099,0.553747,0.478829,0.48313299,0.48313299,4416468306
2024-11-26,0.48311999,0.51215202,0.41867101,0.43976399,0.43976399,3441096149
2024-11-27,0.43976399,0.52936602,0.42044699,0.48250499,0.48250499,4427402354
2024-11-28,0.48250499,0.50298601,0.464784,0.497383,0.497383,1937783670
2024-11-29,0.497383,0.55573702,0.488309,0.54713601,0.54713601,3580399875
2024-11-30,0.54713601,0.55834901,0.52189398,0.52413398,0.52413398,2745570352
2024-12-01,0.52413201,0.57360899,0.49452701,0.56938797,0.56938797,2809650253
2024-12-02,0.56938797,0.60119498,0.50018901,0.53664398,0.53664398,5166656956
2024-12-03,0.53679103,0.59430599,0.49437699,0.509332,0.509332,3961711349
2024-12-04,0.509332,0.52192301,0.47910601,0.49027699,0.49027699,1647285873
2024-12-05,0.49027699,0.50102198,0.46575701,0.473829,0.473829,1491192255
2024-12-06,0.47083801,0.49891701,0.45857501,0.495996,0.495996,1008468347
2024-12-07,0.495996,0.50953501,0.481024,0.50526398,0.50526398,842939538
2024-12-08,0.50526398,0.50526798,0.476246,0.49435201,0.49435201,623058554
2024-12-09,0.49432701,0.49432701,0.37278,0.412117,0.412117,1269173910
2024-12-10,0.41211301,0.43842599,0.36395499,0.43658599,0.43658599,1527052936
2024-12-11,0.43658599,0.445999,0.403936,0.43607801,0.43607801,1073044314
2024-12-12,0.43600801,0.449889,0.41944399,0.42534199,0.42534199,848192870
2024-12-13,0.42534199,0.45237699,0.41286999,0.43765,0.43765,713812175
2024-12-14,0.43765,0.45010799,0.411405,0.42443699,0.42443699,560104441
2024-12-15,0.42443699,0.43476099,0.41667601,0.43012801,0.43012801,447174715
2024-12-16,0.43015701,0.442458,0.40753201,0.419209,0.419209,684246738
2024-12-17,0.41921899,0.47012401,0.41102901,0.42884901,0.42884901,1446745044
2024-12-18,0.42885,0.445793,0.39269799,0.395836,0.395836,1430219927
2024-12-19,0.395836,0.413766,0.35488099,0.370599,0.370599,1118656151
2024-12-20,0.37059399,0.38293901,0.31301099,0.374432,0.374432,1341963318
2024-12-21,0.374432,0.38944399,0.35174701,0.356309,0.356309,585382664
2024-12-22,0.35631099,0.37112001,0.34417799,0.355939,0.355939,429234017
2024-12-23,0.355939,0.373649,0.34794399,0.36992499,0.36992499,467022633
2024-12-24,0.36992499,0.412577,0.360531,0.40197399,0.40197399,597682034
2024-12-25,0.40197399,0.402455,0.37891901,0.382824,0.382824,353069740
2024-12-26,0.382824,0.385923,0.351028,0.354258,0.354258,329942217
2024-12-27,0.35425699,0.36745599,0.344713,0.349264,0.349264,305847519
2024-12-28,0.34926501,0.35798699,0.34474099,0.35566601,0.35566601,195555327
2024-12-29,0.355667,0.35569099,0.33509099,0.33789799,0.33789799,175702921
2024-12-30,0.33789799,0.34694099,0.32101601,0.33173499,0.33173499,336984914
2024-12-31,0.33173499,0.34449601,0.323872,0.33165899,0.33165899,325128946
2025-01-01,0.33165899,0.435307,0.33165899,0.423776,0.423776,1812934891
2025-01-02,0.42377701,0.457555,0.41444901,0.432906,0.432906,1742890194
2025-01-03,0.432906,0.45897299,0.43103901,0.448434,0.448434,1270182532
2025-01-04,0.44843099,0.48424399,0.44548601,0.45072201,0.45072201,1156225297
2025-01-05,0.45072201,0.45401999,0.43315801,0.44069001,0.44069001,554743055
2025-01-06,0.44069001,0.462735,0.433377,0.44582501,0.44582501,657697613
2025-01-07,0.44582599,0.467482,0.415874,0.41804701,0.41804701,1038903089
2025-01-08,0.41804701,0.43815801,0.39205,0.425769,0.425769,1115698912
2025-01-09,0.425769,0.427847,0.38786399,0.391487,0.391487,642813493
2025-01-10,0.391489,0.42431799,0.38837999,0.41476601,0.41476601,651336244
2025-01-11,0.41476601,0.457932,0.40389201,0.44589299,0.44589299,739624026
2025-01-12,0.44589299,0.445894,0.419779,0.42258099,0.42258099,450324276
2025-01-13,0.42258099,0.43758601,0.39498001,0.41958001,0.41958001,791022314
2025-01-14,0.419572,0.43575701,0.415833,0.43010101,0.43010101,545833592
2025-01-15,0.43010101,0.492937,0.427127,0.489317,0.489317,2154147036
2025-01-16,0.489324,0.51374102,0.465213,0.48230901,0.48230901,1967692227
2025-01-17,0.48230499,0.49842399,0.47556299,0.488437,0.488437,1014111040
2025-01-18,0.488437,0.491088,0.45269501,0.490951,0.490951,928394243
2025-01-19,0.49095401,0.49344501,0.42330599,0.43289,0.43289,1178973781
2025-01-20,0.43273801,0.47681701,0.42445901,0.44650501,0.44650501,1389850389
2025-01-21,0.4465,0.453879,0.42862999,0.44165501,0.44165501,587061217
2025-01-22,0.44165501,0.444877,0.42685699,0.428029,0.428029,455978898
2025-01-23,0.42802501,0.436434,0.41265899,0.43184,0.43184,472588384
2025-01-24,0.43183401,0.447662,0.42048499,0.43092301,0.43092301,416442185
2025-01-25,0.430924,0.43656701,0.416356,0.41704801,0.41704801,299909973
2025-01-26,0.417054,0.426094,0.40676099,0.40677899,0.40677899,274650764
2025-01-27,0.40677801,0.409004,0.36677,0.40707701,0.40707701,711184897
2025-01-28,0.40707701,0.42022201,0.39056501,0.393682,0.393682,385573356
2025-01-29,0.393677,0.405038,0.38296601,0.39273199,0.39273199,330777425
2025-01-30,0.39274299,0.44334099,0.389824,0.43001699,0.43001699,577243744
2025-01-31,0.430013,0.43001401,0.407718,0.41408601,0.41408601,333601270
2025-02-01,0.41408399,0.41995001,0.38949999,0.393309,0.393309,268987849
2025-02-02,0.393309,0.40086901,0.33899099,0.353957,0.353957,650185465
2025-02-03,0.35395199,0.37233201,0.27712399,0.37043399,0.37043399,1721235850
2025-02-04,0.37043399,0.374502,0.33400699,0.34160301,0.34160301,539781017
2025-02-05,0.34160301,0.348593,0.32353801,0.32731301,0.32731301,287981790
2025-02-06,0.32730299,0.340563,0.31459701,0.31847301,0.31847301,316043946
2025-02-07,0.31847301,0.343849,0.31724,0.32695299,0.32695299,383334258
2025-02-08,0.32696599,0.334268,0.32125199,0.33198801,0.33198801,199082689
2025-02-09,0.33198801,0.33807001,0.303817,0.31458399,0.31458399,285771798
2025-02-10,0.31458399,0.32199299,0.30376801,0.31290501,0.31290501,313937333
2025-02-11,0.31293499,0.33855399,0.312738,0.318414,0.318414,422347676
2025-02-12,0.31841499,0.33617401,0.30990899,0.33297101,0.33297101,339839205
2025-02-13,0.33297101,0.34207499,0.32338601,0.33761901,0.33761901,279921101
2025-02-14,0.337596,0.36115,0.33404899,0.350943,0.350943,419637884
2025-02-15,0.35093799,0.365545,0.346046,0.34902,0.34902,266924488
2025-02-16,0.34901801,0.35179099,0.34084699,0.34260699,0.34260699,166849495
2025-02-17,0.34260601,0.34847301,0.331835,0.333722,0.333722,221323545
2025-02-18,0.333722,0.33489799,0.31662801,0.323185,0.323185,216196316
2025-02-19,0.323185,0.34234101,0.32168099,0.342273,0.342273,237673170
2025-02-20,0.342273,0.349305,0.33635101,0.34472701,0.34472701,225055449
2025-02-21,0.34472701,0.34626099,0.32119599,0.325775,0.325775,268275214
2025-02-22,0.325775,0.33965799,0.32455999,0.33459201,0.33459201,170185108
2025-02-23,0.33459201,0.33580801,0.32680601,0.33350599,0.33350599,146842265
2025-02-24,0.33350399,0.33453399,0.29702601,0.29797199,0.29797199,319644633
2025-02-25,0.29796699,0.30294299,0.271442,0.29527301,0.29527301,503809010
2025-02-26,0.29526201,0.29869199,0.27858099,0.28548801,0.28548801,241323578
2025-02-27,0.285485,0.29313701,0.27731001,0.28312099,0.28312099,205057496
2025-02-28,0.28312001,0.287716,0.252873,0.286358,0.286358,304286663
2025-03-01,0.28635901,0.31823701,0.28361699,0.31185299,0.31185299,315740078
2025-03-02,0.31184399,0.37161499,0.310747,0.35044199,0.35044199,890674339
2025-03-03,0.35044199,0.36019,0.29015899,0.29212299,0.29212299,573975883
2025-03-04,0.29212299,0.30018401,0.27465099,0.295026,0.295026,395106866
2025-03-05,0.29502499,0.30864799,0.29062799,0.29977,0.29977,286300213
2025-03-06,0.29977301,0.30877599,0.295865,0.296444,0.296444,283721159
2025-03-07,0.296444,0.30280399,0.28138101,0.28327999,0.28327999,388410830
2025-03-08,0.283279,0.284695,0.272717,0.27575001,0.27575001,180869870
2025-03-09,0.27575099,0.278988,0.261832,0.26276699,0.26276699,275066148
2025-03-10,0.26276699,0.27408901,0.241197,0.242302,0.242302,369719206
2025-03-11,0.2423,0.260584,0.22946499,0.255025,0.255025,337787563
2025-03-12,0.255025,0.262575,0.247667,0.25958899,0.25958899,263283291
2025-03-13,0.25958899,0.29356399,0.25883701,0.27326,0.27326,481579480
2025-03-14,0.27327201,0.28305101,0.27165601,0.27636701,0.27636701,293081521
2025-03-15,0.276364,0.28384301,0.27198899,0.27478001,0.27478001,206207704
2025-03-16,0.27478001,0.275922,0.26150301,0.26325801,0.26325801,155971751
2025-03-17,0.263257,0.277004,0.26277599,0.27315301,0.27315301,208897868
2025-03-18,0.27315399,0.27336401,0.26292101,0.27318299,0.27318299,172113818
2025-03-19,0.27320299,0.29708299,0.27304599,0.29071,0.29071,414605173
2025-03-20,0.290705,0.292061,0.27808499,0.28114301,0.28114301,215417439
2025-03-21,0.28114301,0.287296,0.274571,0.276737,0.276737,190002738
2025-03-22,0.276739,0.27967599,0.27364299,0.274046,0.274046,114803656
2025-03-23,0.274046,0.28355801,0.273339,0.28291801,0.28291801,162782532
2025-03-24,0.282922,0.29472101,0.278828,0.29025999,0.29025999,188963565
2025-03-25,0.290268,0.295499,0.28650701,0.29387301,0.29387301,169257874
2025-03-26,0.29387301,0.301606,0.283775,0.285788,0.285788,201634077
2025-03-27,0.28578499,0.29455799,0.282289,0.28614599,0.28614599,186603630
2025-03-28,0.28614599,0.28873301,0.269981,0.274389,0.274389,188614887
2025-03-29,0.274391,0.27674699,0.26244801,0.26755399,0.26755399,136518017
2025-03-30,0.26754999,0.27215999,0.26373601,0.26673701,0.26673701,104168640
2025-03-31,0.266729,0.26932299,0.25895599,0.26398799,0.26398799,165219398
2025-04-01,0.26398799,0.279035,0.262025,0.27224299,0.27224299,153748525
2025-04-02,0.272239,0.27688399,0.25483,0.258634,0.258634,244583767
2025-04-03,0.258623,0.26666999,0.250166,0.26083201,0.26083201,180367503
2025-04-04,0.26083201,0.264662,0.253411,0.25947899,0.25947899,175689784
2025-04-05,0.25947699,0.26114699,0.248778,0.252327,0.252327,136436594
2025-04-06,0.252327,0.25404,0.224086,0.22612201,0.22612201,225643122
2025-04-07,0.22612301,0.24243,0.20176101,0.232172,0.232172,439750543
2025-04-08,0.23217399,0.240339,0.220029,0.221007,0.221007,218141690
2025-04-09,0.221007,0.245454,0.213879,0.24217001,0.24217001,319550578
2025-04-10,0.24216799,0.24216799,0.22518501,0.23021799,0.23021799,181875614
2025-04-11,0.23021799,0.23766901,0.229546,0.233983,0.233983,164562277
2025-04-12,0.233983,0.24832299,0.232869,0.246223,0.246223,136714782
2025-04-13,0.246223,0.25141501,0.235136,0.23831999,0.23831999,172377398
2025-04-14,0.23831899,0.247206,0.23738299,0.239885,0.239885,164773902
2025-04-15,0.239885,0.244666,0.235525,0.23571,0.23571,144776374
2025-04-16,0.23571,0.239381,0.230975,0.23556399,0.23556399,152490391
2025-04-17,0.23556501,0.242079,0.234652,0.239234,0.239234,111546722
2025-04-18,0.239234,0.244468,0.238332,0.240005,0.240005,89153995
2025-04-19,0.240005,0.249184,0.239793,0.246319,0.246319,80338124
2025-04-20,0.24631999,0.247236,0.239567,0.243577,0.243577,86604353
2025-04-21,0.243577,0.26163301,0.24357,0.25016299,0.25016299,211914144
2025-04-22,0.25016001,0.26742399,0.24417201,0.26553199,0.26553199,263457968
2025-04-23,0.265531,0.27462599,0.26380101,0.26640901,0.26640901,280108120
2025-04-24,0.26640901,0.28204,0.25910801,0.280669,0.280669,249529747
2025-04-25,0.28066701,0.291224,0.27467999,0.283728,0.283728,238067891
2025-04-26,0.28373301,0.297012,0.28373101,0.29094899,0.29094899,186246448
2025-04-27,0.29094899,0.29408601,0.28107399,0.28449601,0.28449601,207368106
2025-04-28,0.28448001,0.29398599,0.279275,0.28272301,0.28272301,233089391
2025-04-29,0.28272301,0.284648,0.27559599,0.27812999,0.27812999,156378415
2025-04-30,0.27812999,0.28185499,0.26801699,0.27123001,0.27123001,167872150
2025-05-01,0.27122799,0.28035101,0.27044001,0.27366,0.27366,165264729
2025-05-02,0.273673,0.279291,0.271092,0.27488899,0.27488899,168015183
2025-05-03,0.27488899,0.275451,0.268341,0.26943499,0.26943499,113843572
2025-05-04,0.26943401,0.27333599,0.26526999,0.265643,0.265643,126272431
2025-05-05,0.26564199,0.269651,0.257157,0.258661,0.258661,174556041
2025-05-06,0.258661,0.262923,0.25250399,0.262573,0.262573,156591439
2025-05-07,0.262575,0.26362899,0.25698599,0.26021299,0.26021299,125576314
2025-05-08,0.260214,0.29073799,0.25924,0.29034799,0.29034799,292092359
2025-05-09,0.290346,0.30636901,0.28960401,0.295398,0.295398,399911561
2025-05-10,0.295398,0.32069701,0.29408801,0.32062399,0.32062399,302382610
2025-05-11,0.32062599,0.32409999,0.30195299,0.30608901,0.30608901,282261968
2025-05-12,0.30610099,0.33386701,0.30610099,0.31276,0.31276,629015951
2025-05-13,0.31276101,0.31785199,0.29783499,0.31472301,0.31472301,328168719
2025-05-14,0.314713,0.31714001,0.30160099,0.30399001,0.30399001,291870191
2025-05-15,0.303996,0.307625,0.28728101,0.292492,0.292492,284493744
2025-05-16,0.29249099,0.300616,0.289518,0.29335701,0.29335701,209115982
2025-05-17,0.29335499,0.293659,0.28193399,0.28638601,0.28638601,175574429
2025-05-18,0.28638601,0.297452,0.282821,0.29278201,0.29278201,195898122
2025-05-19,0.29276299,0.29322001,0.27763101,0.286704,0.286704,221170613
2025-05-20,0.286704,0.289527,0.28060499,0.28755301,0.28755301,196269587
2025-05-21,0.28755599,0.29773799,0.284848,0.293441,0.293441,239223247
2025-05-22,0.293441,0.30423,0.293376,0.30401301,0.30401301,256757435
2025-05-23,0.30401301,0.31169999,0.284621,0.285009,0.285009,347828799
2025-05-24,0.28504899,0.29146299,0.284612,0.28615099,0.28615099,145483885
2025-05-25,0.28614199,0.287765,0.27807099,0.28772101,0.28772101,158929045
2025-05-26,0.28772101,0.290371,0.28349701,0.28577501,0.28577501,143097182
2025-05-27,0.28577501,0.29263899,0.28162199,0.28727099,0.28727099,171634550
2025-05-28,0.287267,0.28975901,0.27928901,0.28515601,0.28515601,180857374
2025-05-29,0.28515899,0.288194,0.27851701,0.278837,0.278837,199300769
2025-05-30,0.278837,0.27985901,0.26473299,0.265091,0.265091,280840352
2025-05-31,0.26509199,0.267737,0.25944901,0.26424301,0.26424301,170600710
2025-06-01,0.26424301,0.26775801,0.26264301,0.267322,0.267322,114308568
2025-06-02,0.26731899,0.271954,0.263964,0.27194101,0.27194101,148937608
2025-06-03,0.27193701,0.27611801,0.27010599,0.272946,0.272946,185316124
2025-06-04,0.272946,0.27560699,0.265641,0.266817,0.266817,153395847
2025-06-05,0.266817,0.26881,0.25293699,0.25745901,0.25745901,240829808
2025-06-06,0.257458,0.26634699,0.25683001,0.26308101,0.26308101,140791070
2025-06-07,0.26308,0.26770499,0.26229,0.26490599,0.26490599,84425565
2025-06-08,0.26490599,0.274266,0.26354399,0.26765099,0.26765099,168185883
2025-06-09,0.26765001,0.27501699,0.264236,0.27501601,0.27501601,193173452
2025-06-10,0.27501601,0.281122,0.27231899,0.28024101,0.28024101,253144427
2025-06-11,0.28024,0.28453901,0.27621001,0.277022,0.277022,281548967
2025-06-12,0.277022,0.278164,0.26756099,0.26776999,0.26776999,200766030
2025-06-13,0.26776999,0.26776999,0.25382999,0.260919,0.260919,359678286
2025-06-14,0.26091799,0.261022,0.25336701,0.25650799,0.25650799,106801918
2025-06-15,0.25650799,0.25976601,0.254913,0.25891,0.25891,96026148
2025-06-16,0.25891,0.26982999,0.25672901,0.26172099,0.26172099,212632050
2025-06-17,0.261711,0.263643,0.25071201,0.252415,0.252415,204433582
2025-06-18,0.25241399,0.25402701,0.246068,0.25205699,0.25205699,171338788
2025-06-19,0.25205699,0.25292301,0.24758901,0.24966399,0.24966399,108090025
2025-06-20,0.24966399,0.25142199,0.240394,0.242034,0.242034,172146640
2025-06-21,0.242034,0.24477699,0.233385,0.236754,0.236754,139691137
2025-06-22,0.236771,0.238501,0.217205,0.22854801,0.22854801,243434981
2025-06-23,0.22854801,0.246224,0.225949,0.24622101,0.24622101,201393268
2025-06-24,0.24622101,0.249668,0.244096,0.24869899,0.24869899,149878587
2025-06-25,0.24869899,0.249165,0.240393,0.241492,0.241492,123202720
2025-06-26,0.241492,0.24413399,0.23388501,0.234203,0.234203,123040063
2025-06-27,0.23420601,0.237781,0.232912,0.236957,0.236957,109149717
2025-06-28,0.236957,0.24007501,0.23621599,0.23896199,0.23896199,86407294
2025-06-29,0.23896199,0.24190301,0.235266,0.24050599,0.24050599,99630935
2025-06-30,0.24050599,0.242754,0.234017,0.23824801,0.23824801,184141939
2025-07-01,0.23824701,0.23936699,0.22329099,0.225539,0.225539,206243990
2025-07-02,0.225538,0.240343,0.22439399,0.23818099,0.23818099,149435768
2025-07-03,0.23818099,0.247655,0.238148,0.24271899,0.24271899,153369320
2025-07-04,0.24271899,0.244543,0.23524299,0.23776101,0.23776101,110935229
2025-07-05,0.23776101,0.238758,0.235176,0.23820999,0.23820999,61803045
2025-07-06,0.23820999,0.251295,0.236827,0.25016201,0.25016201,161850944
2025-07-07,0.25016201,0.25585601,0.246776,0.248519,0.248519,273341344
2025-07-08,0.248521,0.25959,0.246381,0.25956801,0.25956801,203638658
2025-07-09,0.25956801,0.296509,0.257424,0.287615,0.287615,746764776
2025-07-10,0.287615,0.30540699,0.28559899,0.30274299,0.30274299,648900574
2025-07-11,0.30274999,0.397331,0.29813799,0.35970199,0.35970199,1706984524
2025-07-12,0.35970199,0.41310099,0.351412,0.39171901,0.39171901,2131460180
2025-07-13,0.39171901,0.481002,0.387918,0.47207299,0.47207299,2861577400
2025-07-14,0.47207499,0.51542199,0.43989301,0.463649,0.463649,2879625607
2025-07-15,0.463649,0.473032,0.43082401,0.451931,0.451931,1665220478
2025-07-16,0.451931,0.47897801,0.44815701,0.453715,0.453715,1520794238
2025-07-17,0.453715,0.51209497,0.44739199,0.498395,0.498395,2051781383
2025-07-18,0.49832699,0.51937199,0.45031601,0.45922199,0.45922199,1645317099
2025-07-19,0.45922101,0.468216,0.451379,0.46157601,0.46157601,646480635
2025-07-20,0.461575,0.476293,0.45801401,0.46323401,0.46323401,678408567
2025-07-21,0.46323401,0.492971,0.456967,0.47329101,0.47329101,939713414
2025-07-22,0.47329199,0.476239,0.45001,0.47215801,0.47215801,777508833
2025-07-23,0.47215801,0.47374099,0.40992901,0.42775199,0.42775199,932193054
2025-07-24,0.427751,0.44692001,0.403528,0.42431,0.42431,761319689
2025-07-25,0.42432499,0.43252599,0.406111,0.43148899,0.43148899,586393348
2025-07-26,0.431485,0.446015,0.42950001,0.435601,0.435601,353734533
2025-07-27,0.43560001,0.459106,0.43494201,0.444493,0.444493,429346288
2025-07-28,0.444493,0.45306799,0.41666701,0.417344,0.417344,451052836
2025-07-29,0.41737401,0.434596,0.412608,0.420957,0.420957,355659053
2025-07-30,0.420957,0.42362899,0.396487,0.407583,0.407583,414500933
2025-07-31,0.40757999,0.42838699,0.40149799,0.40151101,0.40151101,433828725
2025-08-01,0.40151301,0.40151301,0.37688199,0.382783,0.382783,588806384
2025-08-02,0.382765,0.390964,0.36288199,0.36715701,0.36715701,312614069
2025-08-03,0.367165,0.40286401,0.36354801,0.399207,0.399207,400028511
2025-08-04,0.399207,0.41897699,0.397753,0.413959,0.413959,538209161
2025-08-05,0.413959,0.41812,0.39225101,0.39622301,0.39622301,421592931
2025-08-06,0.39622599,0.40231699,0.38551101,0.40051901,0.40051901,294659450
2025-08-07,0.40052,0.44025701,0.39677101,0.43859699,0.43859699,473720834
2025-08-08,0.43859699,0.46775201,0.43858099,0.44954601,0.44954601,1092033765
2025-08-09,0.44954699,0.456543,0.445995,0.44691801,0.44691801,385816276
2025-08-10,0.44691601,0.45632401,0.43502399,0.44452599,0.44452599,381385910
2025-08-11,0.44452599,0.46055499,0.42821699,0.431059,0.431059,589104010
2025-08-12,0.431059,0.455392,0.43070701,0.44918501,0.44918501,471722915
2025-08-13,0.44918501,0.45876399,0.44065899,0.45262101,0.45262101,532738808
2025-08-14,0.45262101,0.46653599,0.41696301,0.42372099,0.42372099,868208385
2025-08-15,0.423729,0.43265301,0.41279599,0.429979,0.429979,437809601
2025-08-16,0.429979,0.43306699,0.423305,0.42695099,0.42695099,216296159
2025-08-17,0.42694899,0.43385601,0.42482701,0.42483601,0.42483601,233936669
2025-08-18,0.42483601,0.42504501,0.40364999,0.41453201,0.41453201,379767376
2025-08-19,0.41453299,0.41817799,0.390163,0.39023301,0.39023301,329035111
2025-08-20,0.39024201,0.40803799,0.38885999,0.404383,0.404383,333040258
2025-08-21,0.404383,0.40651,0.389943,0.39111799,0.39111799,245943705
2025-08-22,0.39111599,0.428749,0.38177299,0.42476201,0.42476201,494549324
2025-08-23,0.424761,0.42476201,0.409796,0.416336,0.416336,261445188
2025-08-24,0.41633299,0.42349699,0.402358,0.40757599,0.40757599,326866776
2025-08-25,0.40757999,0.410346,0.378878,0.384749,0.384749,370084866
2025-08-26,0.38472101,0.399418,0.38360599,0.39505199,0.39505199,361311467
2025-08-27,0.395022,0.39505899,0.37813801,0.37856901,0.37856901,437242475
2025-08-28,0.378575,0.38673499,0.374589,0.38191301,0.38191301,272643247
2025-08-29,0.38191101,0.382258,0.356029,0.36131099,0.36131099,434078164
2025-08-30,0.36131099,0.362463,0.35245699,0.36016801,0.36016801,209546867
2025-08-31,0.36016801,0.36478001,0.35254201,0.35279399,0.35279399,172567023
2025-09-01,0.35279399,0.363536,0.344679,0.35655501,0.35655501,369853653
2025-09-02,0.356585,0.367477,0.35448501,0.367477,0.367477,313524257
2025-09-03,0.36748001,0.368545,0.36107701,0.36218801,0.36218801,213437630
2025-09-04,0.36218801,0.36326301,0.351051,0.352227,0.352227,196804186
2025-09-05,0.35218301,0.36763799,0.35108501,0.35983399,0.35983399,234088999
2025-09-06,0.35983399,0.36113799,0.35324499,0.35605401,0.35605401,116218242
2025-09-07,0.35605401,0.36468199,0.35587999,0.36158901,0.36158901,198304349
2025-09-08,0.361588,0.383082,0.35882601,0.37781101,0.37781101,383423642
2025-09-09,0.37781101,0.38657701,0.37077001,0.371811,0.371811,338262468
2025-09-10,0.37181199,0.38570699,0.37039,0.38333699,0.38333699,220615471
2025-09-11,0.38333699,0.39643699,0.38329199,0.39579901,0.39579901,330694141
2025-09-12,0.395798,0.40523601,0.390322,0.40494499,0.40494499,296374253
2025-09-13,0.40494499,0.414065,0.40072301,0.40525001,0.40525001,304179419
2025-09-14,0.40525001,0.40532899,0.384583,0.390111,0.390111,248675053
2025-09-15,0.39010999,0.39460999,0.374529,0.380795,0.380795,280138967
2025-09-16,0.38079399,0.39140001,0.375873,0.38411999,0.38411999,296644696
2025-09-17,0.38411999,0.398395,0.38016701,0.39511201,0.39511201,270887575
2025-09-18,0.39511201,0.40439701,0.39279801,0.396424,0.396424,314778506
2025-09-19,0.396422,0.39951599,0.38605699,0.38812,0.38812,233179602
2025-09-20,0.38813201,0.393933,0.38578701,0.38667899,0.38667899,147254752
2025-09-21,0.38667899,0.39056799,0.37948999,0.380429,0.380429,161328019
2025-09-22,0.380427,0.380427,0.352826,0.368633,0.368633,395866195
2025-09-23,0.368633,0.37449399,0.36187699,0.36495101,0.36495101,216975756
2025-09-24,0.36495,0.38125601,0.35874501,0.37523001,0.37523001,236329780
2025-09-25,0.375231,0.37675601,0.348059,0.350182,0.350182,322472059
2025-09-26,0.350189,0.363965,0.34654301,0.36221001,0.36221001,256460501
2025-09-27,0.36221001,0.36322099,0.35692501,0.361146,0.361146,113955565
2025-09-28,0.361146,0.36888599,0.352523,0.367742,0.367742,134008545
2025-09-29,0.36774099,0.37664601,0.36398199,0.371463,0.371463,251973519
2025-09-30,0.37145999,0.37307999,0.35840699,0.36416799,0.36416799,240816140
2025-10-01,0.364169,0.39800799,0.362111,0.39800799,0.39800799,374681916
2025-10-02,0.398018,0.41366199,0.39577401,0.40836099,0.40836099,479559288
2025-10-03,0.40836,0.41345701,0.39954299,0.406719,0.406719,359150194
2025-10-04,0.406719,0.40767699,0.38854399,0.39407101,0.39407101,218213163
2025-10-05,0.39407,0.408407,0.39232299,0.39601099,0.39601099,317569914
2025-10-06,0.39601099,0.41207299,0.39447701,0.40866199,0.40866199,360177086
2025-10-07,0.40866199,0.409706,0.38428599,0.38438299,0.38438299,331726535
2025-10-08,0.38438299,0.392012,0.37832299,0.38848501,0.38848501,308268622
2025-10-09,0.38848299,0.38854799,0.371869,0.37977001,0.37977001,247720037
2025-10-10,0.37977001,0.38543901,0.198019,0.31830901,0.31830901,876774775
2025-10-11,0.31823799,0.33939201,0.310473,0.32312801,0.32312801,551319573
2025-10-12,0.32312801,0.349971,0.31496799,0.342208,0.342208,373550860
2025-10-13,0.34221101,0.354366,0.33892199,0.35152599,0.35152599,348410165
2025-10-14,0.35152599,0.352732,0.32231599,0.337558,0.337558,388333715
2025-10-15,0.337558,0.34193999,0.32145399,0.324705,0.324705,243905393
2025-10-16,0.324705,0.33199301,0.307987,0.311921,0.311921,334059310
2025-10-17,0.311919,0.31660599,0.29055101,0.30863199,0.30863199,363322238
2025-10-18,0.30863601,0.31959999,0.30854401,0.31457201,0.31457201,159310211
2025-10-19,0.31457201,0.32341999,0.30756801,0.31779301,0.31779301,184790229
2025-10-20,0.31780601,0.33276999,0.313595,0.32515201,0.32515201,201354359
2025-10-21,0.32494301,0.33266199,0.31387201,0.31501999,0.31501999,255054976
2025-10-22,0.314998,0.314998,0.302829,0.30784401,0.30784401,234981924
2025-10-23,0.30784401,0.31645,0.30784401,0.31152299,0.31152299,144559279
2025-10-24,0.31152299,0.32198101,0.310491,0.319341,0.319341,204104415
2025-10-25,0.31933799,0.330066,0.31823501,0.324828,0.324828,166613779
2025-10-26,0.32482901,0.33235401,0.32280499,0.33067,0.33067,185591678
2025-10-27,0.33066899,0.33456099,0.32206699,0.32296199,0.32296199,221166395
2025-10-28,0.32296401,0.33720499,0.315207,0.31858,0.31858,903152784
2025-10-29,0.318578,0.32482201,0.31381601,0.31598499,0.31598499,322956563
2025-10-30,0.31598401,0.318468,0.29113799,0.29861501,0.29861501,348565101
2025-10-31,0.298619,0.31194201,0.29830599,0.30494201,0.30494201,221994048
2025-11-01,0.304941,0.307329,0.302057,0.305096,0.305096,128022251
2025-11-02,0.30509499,0.307556,0.29972699,0.30510399,0.30510399,115457606
2025-11-03,0.30509999,0.305305,0.274003,0.27823099,0.27823099,348431588
2025-11-04,0.27822801,0.284026,0.255835,0.27032799,0.27032799,404024824
2025-11-05,0.27032799,0.28191501,0.25914699,0.28041801,0.28041801,242275566
2025-11-06,0.280415,0.28050101,0.26464799,0.269384,0.269384,203249610
2025-11-07,0.269384,0.292631,0.266186,0.29155201,0.29155201,330971286
2025-11-08,0.29155201,0.295219,0.27895501,0.28336799,0.28336799,191639177
2025-11-09,0.28336999,0.28678599,0.27322301,0.28571799,0.28571799,201036354
2025-11-10,0.28571701,0.31095299,0.284852,0.30047899,0.30047899,326572215
2025-11-11,0.30047899,0.30429599,0.28028601,0.281607,0.281607,221733188
2025-11-12,0.281607,0.294494,0.27433801,0.27751899,0.27751899,203761271
2025-11-13,0.27751899,0.299162,0.26315901,0.26906899,0.26906899,383317035
2025-11-14,0.26906601,0.270464,0.25726101,0.25940499,0.25940499,297655620
2025-11-15,0.25940499,0.26694801,0.257893,0.259489,0.259489,135674882
2025-11-16,0.259489,0.262716,0.24998,0.25416601,0.25416601,181949113
2025-11-17,0.25416499,0.26072299,0.244469,0.246814,0.246814,232899293
2025-11-18,0.246815,0.259772,0.243523,0.25607499,0.25607499,205029687
2025-11-19,0.25607499,0.25607499,0.235617,0.24609999,0.24609999,196492313
2025-11-20,0.246099,0.25303799,0.234466,0.23679,0.23679,209017695
2025-11-21,0.23678499,0.239785,0.218089,0.23155101,0.23155101,322157286
2025-11-22,0.23154899,0.232751,0.22643,0.230294,0.230294,149138606
2025-11-23,0.23029301,0.25304201,0.229339,0.24703,0.24703,218510077
2025-11-24,0.247034,0.25932601,0.241924,0.254841,0.254841,287473582
2025-11-25,0.254843,0.25593099,0.242006,0.25189999,0.25189999,207541774
2025-11-26,0.251899,0.26186901,0.248316,0.258838,0.258838,210208451
2025-11-27,0.258838,0.25905001,0.25119001,0.255588,0.255588,167248949
2025-11-28,0.25558901,0.262169,0.25141999,0.25348601,0.25348601,174396980
2025-11-29,0.25348601,0.257498,0.250442,0.25427699,0.25427699,124939410
2025-11-30,0.25427499,0.25573701,0.24871799,0.24871799,0.24871799,102433871
2025-12-01,0.24871799,0.248735,0.22721399,0.23396599,0.23396599,232982454
2025-12-02,0.23396599,0.25780201,0.23063201,0.25475299,0.25475299,183211508
2025-12-03,0.25475201,0.26250899,0.25202399,0.25869799,0.25869799,220726084
2025-12-04,0.25867,0.25870201,0.24887501,0.25202,0.25202,161591263
2025-12-05,0.25201699,0.25373501,0.23904,0.24004699,0.24004699,135977668
2025-12-06,0.24004699,0.242367,0.237994,0.239691,0.239691,86508492
2025-12-07,0.23969699,0.244688,0.23205,0.237057,0.237057,121475887
2025-12-08,0.237055,0.24635901,0.23705401,0.240859,0.240859,134599488
2025-12-09,0.240859,0.25819001,0.237773,0.253488,0.253488,173021153
2025-12-10,0.253488,0.259426,0.249328,0.25033301,0.25033301,174644777
2025-12-11,0.25033501,0.25035599,0.239537,0.246154,0.246154,161357982
2025-12-12,0.246153,0.247898,0.23407599,0.23863301,0.23863301,150877402
2025-12-13,0.23863401,0.240536,0.23679601,0.237993,0.237993,76008458
2025-12-14,0.237994,0.238282,0.228282,0.22928999,0.22928999,105754569
2025-12-15,0.22930101,0.234429,0.21613599,0.22048999,0.22048999,148963651
2025-12-16,0.22049101,0.223581,0.21643899,0.21954501,0.21954501,129836341
2025-12-17,0.219552,0.224529,0.20948,0.210244,0.210244,159811075
2025-12-18,0.210246,0.21828499,0.203209,0.206946,0.206946,171649201
2025-12-19,0.206947,0.22124501,0.20469899,0.219276,0.219276,182520624
2025-12-20,0.21927699,0.22327501,0.217783,0.21821,0.21821,125799958
2025-12-21,0.21821,0.219422,0.212284,0.21646599,0.21646599,99264238
2025-12-22,0.216465,0.225747,0.215029,0.220412,0.220412,145111358
2025-12-23,0.22041599,0.22124299,0.21404999,0.217127,0.217127,121811036
2025-12-24,0.217125,0.217977,0.211356,0.21220499,0.21220499,108290503
2025-12-25,0.21220601,0.216398,0.20875899,0.209704,0.209704,88276444
2025-12-26,0.20970801,0.216818,0.208583,0.21340901,0.21340901,99700250
2025-12-27,0.21340901,0.220705,0.212468,0.220622,0.220622,74363052
2025-12-28,0.220615,0.224646,0.218173,0.22006799,0.22006799,87988376
2025-12-29,0.22005901,0.227109,0.21549,0.21594,0.21594,131771016
2025-12-30,0.215941,0.215941,0.20985,0.210504,0.210504,140340615
2025-12-31,0.210504,0.21118701,0.19777,0.200651,0.200651,165579656
2026-01-01,0.20066901,0.20954899,0.200663,0.20851199,0.20851199,126894728
2026-01-02,0.20851099,0.22029801,0.20541801,0.218848,0.218848,228829614
2026-01-03,0.21884499,0.227492,0.217421,0.222008,0.222008,165794550
2026-01-04,0.222008,0.235406,0.222008,0.232537,0.232537,212435756
2026-01-05,0.23254099,0.25372899,0.23024,0.252958,0.252958,366493412
2026-01-06,0.252958,0.25463599,0.234301,0.244017,0.244017,374094601
2026-01-07,0.244009,0.24401499,0.23228399,0.234008,0.234008,181075388
2026-01-08,0.234009,0.235477,0.225935,0.23019201,0.23019201,179949595
2026-01-09,0.230193,0.23262399,0.225667,0.227919,0.227919,157866781
2026-01-10,0.22792099,0.228719,0.225136,0.226188,0.226188,79513499
2026-01-11,0.226189,0.22854,0.22174899,0.224186,0.224186,105585485
2026-01-12,0.224187,0.22827099,0.21696199,0.219227,0.219227,169259355
2026-01-13,0.219228,0.240647,0.21889199,0.23819201,0.23819201,201037268
2026-01-14,0.238194,0.246388,0.235213,0.23624399,0.23624399,295459189
2026-01-15,0.23624299,0.236285,0.225163,0.22828899,0.22828899,182588140
2026-01-16,0.22828899,0.228898,0.22071899,0.22617,0.22617,151706517
2026-01-17,0.22616801,0.237882,0.22470801,0.230564,0.230564,125385129
2026-01-18,0.230564,0.23248,0.218137,0.218191,0.218191,128194720
2026-01-19,0.218191,0.219851,0.20913801,0.215518,0.215518,236844333
2026-01-20,0.215519,0.21653301,0.206728,0.20711499,0.20711499,154766598
2026-01-21,0.20711499,0.21698999,0.20586801,0.212266,0.212266,217615276
2026-01-22,0.212265,0.21667901,0.209905,0.21136101,0.21136101,122091829
2026-01-23,0.21136101,0.218024,0.20867001,0.211997,0.211997,128516609
2026-01-24,0.21199,0.21277399,0.210088,0.211483,0.211483,78141440
2026-01-25,0.211483,0.211483,0.200977,0.20303901,0.20303901,125354065
2026-01-26,0.20303801,0.211458,0.20303801,0.20724,0.20724,135575207
2026-01-27,0.207238,0.209456,0.203411,0.208278,0.208278,116841970
2026-01-28,0.208278,0.211587,0.206716,0.21018,0.21018,118368125
2026-01-29,0.210179,0.210182,0.19498,0.198569,0.198569,171056532
2026-01-30,0.198568,0.199214,0.188674,0.191551,0.191551,203918928
2026-01-31,0.191552,0.19211701,0.16926201,0.180838,0.180838,267562733
2026-02-01,0.18083701,0.182218,0.171956,0.174979,0.174979,172142925
2026-02-02,0.17498,0.183139,0.16892301,0.178707,0.178707,208929783
2026-02-03,0.17870601,0.18149599,0.16799,0.175198,0.175198,173955332
2026-02-04,0.175199,0.17818201,0.167218,0.17104401,0.17104401,162341784
2026-02-05,0.17104401,0.17104401,0.143645,0.14670099,0.14670099,349520532
2026-02-06,0.146697,0.17084999,0.137999,0.163995,0.163995,372607450
2026-02-07,0.163994,0.16416501,0.15642799,0.16187701,0.16187701,179470715
2026-02-08,0.16187701,0.164235,0.159382,0.161642,0.161642,98556172
2026-02-09,0.161641,0.16362301,0.156363,0.159504,0.159504,110640614
2026-02-10,0.15950499,0.16077401,0.155026,0.158379,0.158379,123470512
2026-02-11,0.15838,0.158868,0.150878,0.15449201,0.15449201,121757858
2026-02-12,0.154484,0.163379,0.15406001,0.15626501,0.15626501,106353986
2026-02-13,0.156266,0.166421,0.154567,0.164608,0.164608,121359495
2026-02-14,0.164608,0.17636099,0.16453899,0.174555,0.174555,136860208
2026-02-15,0.17455401,0.185003,0.167768,0.17032,0.17032,231342697
2026-02-16,0.17031901,0.172087,0.166389,0.169682,0.169682,114928177
2026-02-17,0.16968299,0.17018899,0.164483,0.165638,0.165638,97838688
2026-02-18,0.165638,0.169158,0.160942,0.16133501,0.16133501,88277496
2026-02-19,0.16133501,0.16192099,0.1576,0.158758,0.158758,91139658
2026-02-20,0.158758,0.16479801,0.157695,0.162672,0.162672,103319259
2026-02-21,0.162672,0.16420799,0.161056,0.161061,0.161061,68359533
2026-02-22,0.161061,0.161061,0.153926,0.15492199,0.15492199,148479423
2026-02-23,0.15492,0.157285,0.14953201,0.15125901,0.15125901,118229040
2026-02-24,0.15125901,0.152303,0.148186,0.149756,0.149756,96729750
2026-02-25,0.149757,0.168933,0.149518,0.162551,0.162551,152720027
2026-02-26,0.162533,0.16504601,0.158742,0.162128,0.162128,116779842
2026-02-27,0.162128,0.16662499,0.156955,0.158879,0.158879,108647479
2026-02-28,0.158879,0.1601,0.148222,0.159225,0.159225,162101573
2026-03-01,0.159225,0.164088,0.152068,0.15421601,0.15421601,135221498
2026-03-02,0.15421601,0.161777,0.152115,0.155637,0.155637,124454201
2026-03-03,0.155637,0.15568601,0.149095,0.151518,0.151518,122736966
2026-03-04,0.151517,0.16555899,0.14999101,0.15960699,0.15960699,164679757
2026-03-05,0.15960699,0.16087,0.154543,0.156758,0.156758,112913786
2026-03-06,0.15675899,0.160257,0.150115,0.152247,0.152247,108702075
2026-03-07,0.152247,0.15327901,0.1494,0.150401,0.150401,69930202
2026-03-08,0.150401,0.15207399,0.147164,0.14838099,0.14838099,82416384
2026-03-09,0.148376,0.153685,0.14816999,0.150654,0.150654,96421496
2026-03-10,0.150653,0.16749699,0.15064199,0.158575,0.158575,170321087
2026-03-11,0.158576,0.16186801,0.15567701,0.159201,0.159201,112913329
2026-03-12,0.159201,0.160897,0.15654799,0.16023301,0.16023301,93174547
2026-03-13,0.16023301,0.167981,0.159826,0.163948,0.163948,132809746
2026-03-14,0.163949,0.166577,0.16245501,0.166559,0.166559,83704467
2026-03-15,0.166559,0.17102,0.16555899,0.169149,0.169149,100760445
2026-03-16,0.169145,0.17671899,0.16707399,0.17620599,0.17620599,179890425
2026-03-17,0.17621,0.18172801,0.17248499,0.173739,0.173739,148121980
2026-03-18,0.17374,0.17727999,0.16578101,0.17001501,0.17001501,129136865
2026-03-19,0.17001501,0.170653,0.16356,0.16535801,0.16535801,97407718
2026-03-20,0.16535801,0.16868,0.16356499,0.165519,0.165519,86486592
2026-03-21,0.165519,0.166728,0.162029,0.162072,0.162072,66894374
2026-03-22,0.16207699,0.163467,0.155164,0.155912,0.155912,94677752
2026-03-23,0.15591,0.167354,0.155535,0.16684601,0.16684601,144994685
2026-03-24,0.166848,0.174997,0.163947,0.17377201,0.17377201,129168464
2026-03-25,0.173774,0.18207701,0.17377201,0.17742901,0.17742901,202957591
2026-03-26,0.17743,0.178131,0.171325,0.173888,0.173888,127912415
2026-03-27,0.173888,0.175202,0.166935,0.167344,0.167344,102588965
2026-03-28,0.16734301,0.171618,0.16451401,0.167867,0.167867,86715177
2026-03-29,0.167867,0.16906001,0.16171201,0.164481,0.164481,86884729
2026-03-30,0.164481,0.17354,0.16442899,0.167303,0.167303,101480470
2026-03-31,0.167303,0.17056599,0.163757,0.167265,0.167265,109803962
2026-04-01,0.16726699,0.173887,0.16700301,0.16925301,0.16925301,105236544
2026-04-02,0.169254,0.1708,0.16050901,0.16301499,0.16301499,116101703
2026-04-03,0.16301499,0.166389,0.162108,0.16293301,0.16293301,78479796
2026-04-04,0.16293301,0.163201,0.160689,0.161927,0.161927,70945580
2026-04-05,0.161927,0.16257,0.15746801,0.16257,0.16257,94377954
2026-04-06,0.16257,0.163983,0.155315,0.15569299,0.15569299,143230271
2026-04-07,0.15569299,0.16441,0.1538,0.163616,0.163616,133192450
2026-04-08,0.163617,0.164987,0.157686,0.157809,0.157809,119470302
2026-04-09,0.157809,0.158172,0.15268201,0.15455399,0.15455399,151938972
2026-04-10,0.15455601,0.156914,0.15306,0.155177,0.155177,112895531
2026-04-11,0.155177,0.156748,0.15324999,0.15362801,0.15362801,85787573
2026-04-12,0.153623,0.154002,0.150281,0.150436,0.150436,80384749
2026-04-13,0.150436,0.156406,0.150065,0.15627301,0.15627301,93604614
2026-04-14,0.15627301,0.15839,0.154062,0.15480199,0.15480199,97472878
2026-04-15,0.15480199,0.15856101,0.15478,0.157777,0.157777,102703156
2026-04-16,0.157777,0.169366,0.15753999,0.16912,0.16912,167562899
2026-04-17,0.169119,0.177092,0.164459,0.174413,0.174413,153977609
2026-04-18,0.174413,0.175687,0.16784599,0.170518,0.170518,120749664
2026-04-19,0.170518,0.17245699,0.16643099,0.166713,0.166713,107853960
2026-04-20,0.166712,0.174959,0.166695,0.173657,0.173657,121828095
2026-04-21,0.173656,0.184376,0.17309301,0.17904601,0.17904601,172878445
2026-04-22,0.17905,0.182264,0.176715,0.17671999,0.17671999,134768290
2026-04-23,0.17671999,0.17933799,0.174586,0.17544,0.17544,128613310
2026-04-24,0.17544,0.17665599,0.172782,0.173104,0.173104,114738594
2026-04-25,0.173103,0.17448001,0.169764,0.169772,0.169772,88396836
2026-04-26,0.169772,0.172526,0.16843601,0.17091601,0.17091601,105286774
2026-04-27,0.17091601,0.173418,0.164498,0.16613901,0.16613901,142499642
2026-04-28,0.16614,0.16614,0.161274,0.161844,0.161844,112221982
2026-04-29,0.161844,0.164591,0.15870801,0.15957899,0.15957899,155739597
2026-04-30,0.15957899,0.16087,0.158347,0.158355,0.158355,87561288
2026-05-01,0.158355,0.162469,0.158326,0.15952601,0.15952601,100678847
2026-05-02,0.15952601,0.160758,0.158952,0.15991201,0.15991201,72069038
2026-05-03,0.159913,0.15999,0.15795401,0.15795501,0.15795501,84280635
2026-05-04,0.15795401,0.16129801,0.15669499,0.15747599,0.15747599,134552882
2026-05-05,0.15747599,0.161107,0.157424,0.15987401,0.15987401,120049701
2026-05-06,0.15987401,0.165894,0.159826,0.161533,0.161533,145468648
2026-05-07,0.161533,0.16251101,0.15773199,0.157998,0.157998,140550486
2026-05-08,0.157998,0.165491,0.157557,0.163314,0.163314,131196179
2026-05-09,0.163314,0.167649,0.161688,0.16259301,0.16259301,131388863
2026-05-10,0.16259301,0.17344201,0.16114099,0.16947301,0.16947301,233734591
2026-05-11,0.16947301,0.170918,0.164849,0.168626,0.168626,155328133
2026-05-12,0.168626,0.168685,0.161405,0.16239101,0.16239101,139538291
2026-05-13,0.16239101,0.165705,0.157957,0.158898,0.158898,127270804
2026-05-14,0.158898,0.168222,0.15805399,0.162194,0.162194,161314440
2026-05-15,0.162195,0.163415,0.153833,0.154635,0.154635,160830311
2026-05-16,0.154635,0.15547,0.150379,0.151783,0.151783,105935789
2026-05-17,0.151784,0.152741,0.147508,0.149235,0.149235,95835309
2026-05-18,0.149233,0.150319,0.144728,0.147098,0.147098,123963139
2026-05-19,0.14709701,0.147972,0.14305601,0.14348499,0.14348499,127991853
2026-05-20,0.143484,0.144738,0.14227299,0.143638,0.143638,104576393
2026-05-21,0.143639,0.14848,0.143281,0.14646199,0.14646199,97746419
2026-05-22,0.14646199,0.150306,0.143246,0.143417,0.143417,109240091
2026-05-23,0.143417,0.149105,0.140016,0.147963,0.147963,95312316
2026-05-24,0.147962,0.149345,0.144995,0.147495,0.147495,76696627
2026-05-25,0.147494,0.153459,0.14672101,0.149738,0.149738,99657945
2026-05-26,0.149738,0.15109301,0.146687,0.14744399,0.14744399,92999632
2026-05-27,0.147439,0.16935501,0.146173,0.163854,0.163854,509241422
2026-05-28,0.16385201,0.214268,0.16382401,0.203494,0.203494,1757876779
2026-05-29,0.203495,0.26351601,0.19629499,0.26154199,0.26154199,1934217722
2026-05-30,0.261538,0.29659301,0.22676501,0.228917,0.228917,1927550732
2026-05-31,0.228918,0.26633599,0.221944,0.25918901,0.25918901,1398610846
2026-06-01,0.25918099,0.27303699,0.240591,0.242088,0.242088,1418187373
2026-06-02,0.242088,0.242641,0.215533,0.22238199,0.22238199,790490157
2026-06-03,0.222371,0.233248,0.20886099,0.20935901,0.20935901,791199811
2026-06-04,0.209361,0.22008,0.199513,0.201324,0.201324,759190404
2026-06-05,0.201309,0.20761,0.18509001,0.203077,0.203077,1013153871
2026-06-06,0.20301799,0.214912,0.189473,0.21262699,0.21262699,697210177
2026-06-07,0.21262699,0.21748701,0.200067,0.205856,0.205856,804158991
2026-06-08,0.205844,0.207673,0.198053,0.20238499,0.20238499,342092929
2026-06-09,0.20238499,0.204467,0.19146,0.192394,0.192394,340568259
2026-06-10,0.192394,0.192589,0.18136001,0.182808,0.182808,581347699
2026-06-11,0.182805,0.19362099,0.18252499,0.19166,0.19166,206846697
2026-06-12,0.191662,0.198743,0.187636,0.188186,0.188186,201191877
2026-06-13,0.18818501,0.191947,0.183798,0.187062,0.187062,153085374
2026-06-14,0.187067,0.191717,0.18136799,0.19096801,0.19096801,159185406
2026-06-15,0.19096801,0.232967,0.187646,0.213826,0.213826,834481168
2026-06-16,0.21382,0.232787,0.208709,0.216048,0.216048,574856463
2026-06-17,0.216048,0.232448,0.21604501,0.225529,0.225529,507813170
2026-06-18,0.22553,0.25051999,0.225483,0.234616,0.234616,784258402
2026-06-19,0.234611,0.234611,0.214901,0.218208,0.218208,359975952
2026-06-20,0.21820401,0.218229,0.210885,0.216021,0.216021,199404868
2026-06-21,0.21602,0.21728,0.209777,0.209833,0.209833,161334486
2026-06-22,0.209832,0.21624701,0.202079,0.202647,0.202647,222783723
2026-06-23,0.202648,0.202658,0.191062,0.19509199,0.19509199,196454014
2026-06-24,0.19509199,0.196945,0.182017,0.185313,0.185313,217083268
2026-06-25,0.185312,0.189491,0.174045,0.178481,0.178481,223467419
2026-06-26,0.17847501,0.180179,0.17126501,0.177479,0.177479,197758735
2026-06-27,0.17748,0.17904399,0.17270701,0.17377,0.17377,160583447
2026-06-28,0.17377,0.17468201,0.16888601,0.17284399,0.17284399,110327173
2026-06-29,0.17284399,0.178478,0.17016201,0.17465,0.17465,154159821
2026-06-30,0.17465,0.18866999,0.173647,0.18866999,0.18866999,357789913
2026-07-01,0.188668,0.20676699,0.18863399,0.197589,0.197589,513647545
2026-07-02,0.197585,0.20328701,0.19279499,0.198926,0.198926,261688516
2026-07-03,0.198927,0.20621701,0.196409,0.203934,0.203934,268610443
2026-07-04,0.203941,0.215047,0.20285501,0.206699,0.206699,772033057
2026-07-05,0.206697,0.206697,0.197721,0.202741,0.202741,193644671
2026-07-06,0.202742,0.207105,0.19655401,0.199844,0.199844,721150686
2026-07-07,0.199843,0.200527,0.188419,0.188438,0.188438,215550555
2026-07-08,0.18844099,0.189595,0.180106,0.18096501,0.18096501,222708287
2026-07-09,0.18096501,0.187562,0.18013901,0.186224,0.186224,882994451
2026-07-10,0.186224,0.19374099,0.185075,0.190549,0.190549,194300765
2026-07-11,0.190547,0.193306,0.186802,0.186809,0.186809,108747869
2026-07-12,0.186809,0.191089,0.183097,0.186417,0.186417,107525774
2026-07-13,0.18641201,0.18905599,0.178946,0.180521,0.180521,148840725
2026-07-14,0.18052,0.186187,0.17781501,0.18449999,0.18449999,152536516
2026-07-15,0.18450101,0.19162899,0.181778,0.18828399,0.18828399,204990407
2026-07-16,0.18828399,0.192417,0.185021,0.18503401,0.18503401,190338845
2026-07-17,0.18503401,0.187683,0.181786,0.185518,0.185518,136368227
2026-07-18,0.185518,0.189044,0.183266,0.187692,0.187692,88147168
2026-07-19,0.187692,0.191595,0.18611901,0.18796401,0.18796401,115782728
2026-07-20,0.187959,0.189862,0.184423,0.18838599,0.18838599,142093129
2026-07-21,0.18838701,0.19564299,0.186672,0.19189399,0.19189399,169623157
2026-07-22,0.19189499,0.194369,0.185938,0.187253,0.187253,152909435
2026-07-23,0.187252,0.187436,0.180549,0.182253,0.182253,134625951
2026-07-24,0.182244,0.184678,0.176678,0.17777,0.17777,135742514
2026-07-25,0.17777,0.179424,0.176608,0.178055,0.178055,64587302
2026-07-26,0.178055,0.183009,0.176772,0.182299,0.182299,88129213
2026-07-27,0.1823,0.182833,0.171277,0.171725,0.171725,152732506
2026-07-28,0.17173301,0.17467099,0.16975901,0.173757,0.173757,110882801
2026-07-29,0.173758,0.175338,0.168828,0.171817,0.171817,103640825
2026-07-30,0.171818,0.173521,0.170856,0.171885,0.171885,77368976
2026-07-31,0.171886,0.173069,0.16840801,0.171993,0.171993,113302302
2026-08-01,0.171994,0.17297401,0.16870099,0.170835,0.170835,64986058
2026-08-02,0.170835,0.177209,0.17049301,0.173981,0.173981,96664051
2026-08-03,0.17398199,0.17406601,0.169834,0.17116199,0.17116199,94121702
2026-08-04,0.17116199,0.17174,0.16859201,0.168639,0.168639,103179044
2026-08-05,0.168639,0.16864,0.164497,0.164625,0.164625,115138870
2026-08-06,0.16463,0.16489901,0.159582,0.161185,0.161185,121431981
2026-08-07,0.161184,0.162956,0.159428,0.161257,0.161257,81051363
2026-08-08,0.161257,0.166464,0.161172,0.164418,0.164418,63832940
2026-08-09,0.164418,0.164658,0.161038,0.16216999,0.16216999,76277590
2026-08-10,0.16216999,0.165714,0.161174,0.161314,0.161314,87075016
2026-08-11,0.161313,0.162526,0.159032,0.161871,0.161871,74724035
2026-08-12,0.161872,0.162403,0.158402,0.15931,0.15931,85546240
2026-08-13,0.159311,0.16239899,0.15842,0.159299,0.159299,77173205
2026-08-14,0.159298,0.160146,0.156426,0.15789799,0.15789799,70033394
2026-08-15,0.15788899,0.159494,0.15758701,0.157878,0.157878,53284084
2026-08-16,0.15787899,0.159383,0.156049,0.156214,0.156214,56995705
2026-08-17,0.156214,0.15899,0.15596101,0.15782499,0.15782499,69172135
2026-08-18,0.15782499,0.157984,0.1525,0.154736,0.154736,94330764
2026-08-19,0.154736,0.17251401,0.153889,0.170095,0.170095,155706326
2026-08-20,0.170092,0.191002,0.166565,0.18144999,0.18144999,327282618
2026-08-21,0.181454,0.20379899,0.181447,0.201851,0.201851,382911008
2026-08-22,0.20185199,0.221816,0.193317,0.195825,0.195825,640113371
2026-08-23,0.19581699,0.20194399,0.188039,0.199628,0.199628,285249658
2026-08-24,0.199627,0.199944,0.19192199,0.193427,0.193427,257525020
2026-08-25,0.193426,0.199894,0.18232401,0.182355,0.182355,230751659
2026-08-26,0.18236101,0.18551201,0.17827199,0.185498,0.185498,147884443
2026-08-27,0.185497,0.189465,0.181271,0.187465,0.187465,137736729
2026-08-28,0.18746801,0.188887,0.17634,0.179463,0.179463,148370914
2026-08-29,0.179462,0.180115,0.17693201,0.179692,0.179692,65032048
2026-08-30,0.179692,0.182193,0.173062,0.174895,0.174895,109199336
2026-08-31,0.17489199,0.179647,0.173979,0.17722601,0.17722601,122729129
2026-09-01,0.17722601,0.179214,0.17418601,0.17576399,0.17576399,111598671
2026-09-02,0.175763,0.176487,0.17165001,0.175201,0.175201,97567044
2026-09-03,0.1752,0.187823,0.17519,0.184322,0.184322,159577028
2026-09-04,0.184322,0.186525,0.17777599,0.17949601,0.17949601,140291635
2026-09-05,0.17950401,0.18616299,0.17873,0.184074,0.184074,114685420
2026-09-06,0.18407699,0.187517,0.183163,0.186727,0.186727,116823630
2026-09-07,0.186731,0.19614799,0.18581299,0.19373401,0.19373401,257968286
2026-09-08,0.19373401,0.194132,0.186619,0.18774199,0.18774199,196415810
2026-09-09,0.18774199,0.190705,0.179975,0.18116701,0.18116701,171510100
2026-09-10,0.18116701,0.181191,0.17447899,0.174749,0.174749,150543336
2026-09-11,0.17474499,0.184567,0.173464,0.178238,0.178238,167596709
2026-09-12,0.178238,0.182533,0.178238,0.180086,0.180086,78151873
2026-09-13,0.180087,0.180851,0.176543,0.177138,0.177138,81523452
2026-09-14,0.17714,0.196573,0.177008,0.191181,0.191181,323012250
2026-09-15,0.191186,0.19750699,0.174583,0.176112,0.176112,443350275
2026-09-16,0.176111,0.18373699,0.17254201,0.18358301,0.18358301,238919448
2026-09-17,0.183578,0.187208,0.180867,0.183484,0.183484,155882599
2026-09-18,0.183484,0.19464201,0.18248001,0.193083,0.193083,265870274
2026-09-19,0.19307201,0.202887,0.19142,0.19622999,0.19622999,293654471
2026-09-20,0.19623099,0.199039,0.188875,0.19732399,0.19732399,206942824
2026-09-21,0.197326,0.219376,0.196035,0.215184,0.215184,462797536
2026-09-22,0.215186,0.217979,0.20935699,0.216106,0.216106,379287066
2026-09-23,0.216112,0.224325,0.200691,0.20215499,0.20215499,393710432
