Date,Open,High,Low,Close,Adj Close,Volume
2017-11-09,112.532,123.405,112.219,120.78,120.78,86864600
2017-11-10,121.344,121.665,101.757,105.586,105.586,84614000
2017-11-11,105.75,127.106,103.878,119.616,119.616,107708000
2017-11-12,119.597,133.675,110.618,123.856,123.856,144948000
2017-11-13,128.96001,136.528,120.922,123.402,123.402,116200000
2017-11-14,123.616,124.201,118.626,122.353,122.353,53544800
2017-11-15,122.241,124.722,119.192,121.374,121.374,49976700
2017-11-16,121.243,128.088,118.505,120.305,120.305,74944096
2017-11-17,120.015,126.7,119.25,126.7,126.7,47127700
2017-11-18,126.595,135.01199,123.529,130.799,130.799,62156400
2017-11-19,130.72099,133.618,127.208,129.479,129.479,42133000
2017-11-20,129.496,140.55099,128.485,135.765,135.765,59945400
2017-11-21,136.105,142.214,131.37199,141.73801,141.73801,72701504
2017-11-22,142.082,173.44901,141.13699,165.95,165.95,189472000
2017-11-23,166.11,172.91901,156.45399,158.60699,158.60699,109392000
2017-11-24,158.619,162.942,156.761,160.02699,160.02699,69178000
2017-11-25,159.995,170.104,159.995,168.442,168.442,64076700
2017-11-26,168.57201,168.72,159.763,163.37399,163.37399,61100400
2017-11-27,162.916,173.392,159.948,173.392,173.392,81489696
2017-11-28,175.34801,203.21001,173.173,203.21001,203.21001,179179008
2017-11-29,203.91299,214.27499,165.33099,168.14999,168.14999,178828000
2017-11-30,170.48599,195.394,156.53101,180.138,180.138,128112000
2017-12-01,179.722,191.849,169.763,190.938,190.938,70430496
2017-12-02,190.834,205.26401,186.68401,203.034,203.034,80791104
2017-12-03,203.36501,209.086,191.248,200.05099,200.05099,111303000
2017-12-04,199.562,210.242,192.04201,210.242,210.242,74534400
2017-12-05,211.12801,272.64301,208.894,269.48401,269.48401,352326016
2017-12-06,268.164,316.668,260.61099,278.685,278.685,543884032
2017-12-07,277.867,300.32199,263.173,280.85501,280.85501,299528000
2017-12-08,281.30899,284.86099,250.64999,276.74399,276.74399,201496992
2017-12-09,277.26599,281.39801,250.388,262.53299,262.53299,161152000
2017-12-10,262.89899,262.89899,220.769,245.33299,245.33299,142120000
2017-12-11,244.951,281.03299,244.14301,279.66901,279.66901,152496992
2017-12-12,281.491,319.897,281.18799,308.06699,308.06699,271785984
2017-12-13,307.431,330.34601,284.74399,305.745,305.745,248583008
2017-12-14,303.26401,335.52701,301.396,325.20599,325.20599,261052992
2017-12-15,325.60599,326.07599,296.078,312.32199,312.32199,163054000
2017-12-16,312.60999,331.543,311.711,327.32101,327.32101,164860992
2017-12-17,328.05801,365.24399,327.272,351.37299,351.37299,278704992
2017-12-18,353.06601,381.51199,332.09201,381.51199,381.51199,217306000
2017-12-19,381.06601,406.034,346.94199,377.23599,377.23599,317292000
2017-12-20,375.71399,476.39801,329.95001,469.198,469.198,498648000
2017-12-21,470.28699,470.28699,390.55099,417.98001,417.98001,354020992
2017-12-22,419.52899,423.422,255.668,346.11301,346.11301,334616992
2017-12-23,349.76199,417.647,344.38101,382.039,382.039,190116992
2017-12-24,391.01501,391.01501,297.09299,337.06,337.06,134675008
2017-12-25,339.689,365.867,323.20401,360.78201,360.78201,119632000
2017-12-26,361.08499,384.771,357.27301,381.543,381.543,161342000
2017-12-27,381.30301,442.595,381.30301,421.849,421.849,250742000
2017-12-28,422.50699,422.50699,359.49301,378.90399,378.90399,162716992
2017-12-29,381.30301,387.56299,358.07101,377.366,377.366,173824992
2017-12-30,378.521,378.521,319.60901,330.80399,330.80399,140463008
2017-12-31,329.00201,356.76599,327.41299,349.026,349.026,101667000
2018-01-01,349.54901,363.78799,336.978,358.98999,358.98999,110244000
2018-01-02,359.06,387.79001,359.06,383.41699,383.41699,224768992
2018-01-03,382.74399,418.258,378.85699,412.06299,412.06299,180190000
2018-01-04,414.41,419.71799,383.54001,403.048,403.048,166108000
2018-01-05,402.384,407.035,373.892,384.936,384.936,182618000
2018-01-06,385.36499,452.771,380.21399,452.771,452.771,235391008
2018-01-07,456.151,495.836,453.39099,459.33099,459.33099,262443008
2018-01-08,458.34698,469.70499,357.54099,405.07401,405.07401,220924000
2018-01-09,403.707,447.60501,398.53101,413.33401,413.33401,522438016
2018-01-10,413.24899,419.065,370.51999,407.741,407.741,265152000
2018-01-11,406.08401,415.896,346.694,355.59201,355.59201,187722000
2018-01-12,358.616,394.78299,347.323,394.78299,394.78299,158188992
2018-01-13,393.04001,433.34601,393.04001,420.05399,420.05399,248704992
2018-01-14,420.336,444.01401,384.30499,399.51901,399.51901,180678000
2018-01-15,396.017,444.34299,392.37201,414.57001,414.57001,264782000
2018-01-16,415.92801,418.987,261.198,320.03699,320.03699,283036000
2018-01-17,318.93201,332.11899,240.35699,319.186,319.186,192936992
2018-01-18,320.59698,347.11401,303.35001,316.46799,316.46799,152851008
2018-01-19,314.134,367.957,309.539,364.621,364.621,199852000
2018-01-20,367.63501,403.48901,358.771,383.789,383.789,240595008
2018-01-21,384.53201,389.11099,336.01199,345.07901,345.07901,126395000
2018-01-22,348.91,356.03699,288.78601,315.89801,315.89801,116893000
2018-01-23,315.30499,321.69501,285.61401,308.461,308.461,116898000
2018-01-24,308.92499,323.19299,299.457,317.39999,317.39999,92263600
2018-01-25,322.172,327.996,306.59,317.103,317.103,76537296
2018-01-26,316.595,328.78,292.48199,323.685,323.685,91052800
2018-01-27,325.30499,332.82599,310.44501,321.35501,321.35501,66614100
2018-01-28,322.961,337.15799,322.961,332.16699,332.16699,75700896
2018-01-29,331.77499,336.686,314.04901,316.62799,316.62799,55323000
2018-01-30,317.358,318.009,268.67999,274.01599,274.01599,93182600
2018-01-31,274.897,284.01999,265.284,272.88901,272.88901,67649504
2018-02-01,273.875,279.78299,228.38699,240.965,240.965,73082704
2018-02-02,240.842,249.27299,184.939,235.63,235.63,122696000
2018-02-03,236.507,256.97501,215.603,251.588,251.588,55887100
2018-02-04,251.96899,257.39001,214.786,221.04601,221.04601,48981700
2018-02-05,219.03999,221.737,167.13699,179.487,179.487,77454496
2018-02-06,180.867,213.461,149.411,212.289,212.289,100344000
2018-02-07,210.733,231.25,191.85699,207.27499,207.27499,64730900
2018-02-08,207.77499,253.12,207.77499,247.224,247.224,81312200
2018-02-09,247.825,260.83899,233.435,260.43301,260.43301,77557200
2018-02-10,260.586,271.82401,243.91299,250.03,250.03,76435296
2018-02-11,249.442,249.442,219.228,229.485,229.485,51680100
2018-02-12,229.867,251.414,229.867,247.56799,247.56799,45760100
2018-02-13,247.994,248.875,230.02499,234.689,234.689,46476400
2018-02-14,234.33701,276.66199,234.33701,276.66199,276.66199,116137000
2018-02-15,276.08099,304.78299,269.32401,303.25101,303.25101,85772704
2018-02-16,301.013,302.10101,280.22198,296.47699,296.47699,64320200
2018-02-17,295.996,334.71301,293.133,325.66501,325.66501,134268992
2018-02-18,325.95901,327.76999,294.41599,300.11801,300.11801,68135104
2018-02-19,299.70401,319.73099,297.646,316.49399,316.49399,67482400
2018-02-20,316.995,321.72699,303.789,304.396,304.396,71114704
2018-02-21,302.39301,339.68701,287.72198,322.60699,322.60699,169590000
2018-02-22,320.63,327.284,279.80399,282.76001,282.76001,103123000
2018-02-23,280.40601,299.44299,269.349,285.70801,285.70801,89026304
2018-02-24,285.67599,295.48999,265.23099,273.79001,273.79001,62206300
2018-02-25,273.03299,284.039,266.26001,281.02301,281.02301,33676300
2018-02-26,282.28201,300.328,271.474,293.608,293.608,53939200
2018-02-27,295.05801,309.103,288.23999,302.54099,302.54099,64821400
2018-02-28,301.543,305.746,285.57901,285.69699,285.69699,47981800
2018-03-01,286.03201,315.673,284.228,314.035,314.035,62044300
2018-03-02,313.51801,351.38599,310.81699,344.729,344.729,170634000
2018-03-03,346.02399,374.72101,344.19901,352.95499,352.95499,196022000
2018-03-04,351.74799,369.07101,338.754,368.974,368.974,123113000
2018-03-05,369.06299,379.67999,355.992,373.24701,373.24701,130898000
2018-03-06,368.88501,368.88901,342.466,346.39801,346.39801,93212704
2018-03-07,346.241,364.75201,320.853,339.14801,339.14801,162103008
2018-03-08,338.129,338.129,276.952,278.63699,278.63699,128424000
2018-03-09,277.60501,288.09,243.507,288.09,288.09,155072000
2018-03-10,290.72299,295.79199,255.80701,257.04401,257.04401,78431696
2018-03-11,256.668,287.168,248.412,282.35101,282.35101,73755400
2018-03-12,282.43301,287.09,251.827,259.422,259.422,66680300
2018-03-13,258.22299,266.35101,246.19,248.06799,248.06799,69264496
2018-03-14,248.315,251.83099,208.28799,215.56,215.56,75383296
2018-03-15,215.83501,225.961,198.728,213.311,213.311,75798000
2018-03-16,213.213,222.381,203.905,215.703,215.703,62972500
2018-03-17,215.48801,215.84399,193.899,197.91299,197.91299,48877500
2018-03-18,197.42799,209.633,175.07899,209.633,209.633,75859904
2018-03-19,210.334,222.002,202.375,216.77299,216.77299,67314400
2018-03-20,217.942,233.274,206.964,223.737,223.737,60005900
2018-03-21,224.263,235.89999,215.285,218.633,218.633,57121400
2018-03-22,218.56,223.679,204.90199,212.71001,212.71001,40394500
2018-03-23,212.467,214.33,199.172,213.91499,213.91499,39365700
2018-03-24,215.37399,217.23801,208.702,209.158,209.158,24099100
2018-03-25,207.321,214.39999,203.02,211.784,211.784,23409900
2018-03-26,211.785,212.67999,188.549,197.175,197.175,37329600
2018-03-27,196.85201,197.901,184.58,187.92999,187.92999,53498800
2018-03-28,187.468,201.52,186.317,199.159,199.159,44833300
2018-03-29,199.313,200.828,174.64101,176.862,176.862,53055600
2018-03-30,175.99899,180.41299,162.989,172.36301,172.36301,41887500
2018-03-31,172.52901,181.972,171.536,179.56,179.56,22220300
2018-04-01,178.783,182.106,165.252,175.508,175.508,31024200
2018-04-02,175.869,181.521,175.056,177.507,177.507,27927800
2018-04-03,177.567,191.10001,177.567,189.535,189.535,36809600
2018-04-04,189.395,189.472,169.10001,170.101,170.101,39301200
2018-04-05,170.049,174.894,164.80099,173.30901,173.30901,40641000
2018-04-06,172.408,175.371,161.924,162.004,162.004,42452500
2018-04-07,162.267,172.735,162.267,170.12399,170.12399,30577500
2018-04-08,169.989,174.15199,169.299,173.97099,173.97099,24114000
2018-04-09,174.05499,179.134,164.26401,167.065,167.065,24546500
2018-04-10,167.064,167.383,164.39999,165.57001,165.57001,31208400
2018-04-11,165.55299,169.161,164.52699,169.161,169.161,41345600
2018-04-12,168.922,191.944,166.30299,191.944,191.944,62352400
2018-04-13,192.045,201.17101,186.77499,188.867,188.867,56740700
2018-04-14,188.63699,197.19299,188.14999,190.424,190.424,42979700
2018-04-15,190.91299,203.93401,190.91299,200.621,200.621,50712700
2018-04-16,200.49699,203.01199,189.362,194.10001,194.10001,41090800
2018-04-17,194.411,202.065,193.45399,195.75101,195.75101,39801200
2018-04-18,195.83299,232.72099,195.83299,228.345,228.345,180248992
2018-04-19,228.407,239.01401,225.98399,238.606,238.606,89253400
2018-04-20,239.01401,271.98199,238.508,271.98199,271.98199,128551000
2018-04-21,271.40799,271.40799,240.045,258.17899,258.17899,89939200
2018-04-22,257.323,283.99301,250.23801,271.302,271.302,142363008
2018-04-23,270.80801,287.11301,270.80801,283.29999,283.29999,110600000
2018-04-24,282.18301,298.07599,280.24301,296.03601,296.03601,141852000
2018-04-25,293.556,293.556,249.14799,257.14099,257.14099,157435008
2018-04-26,258.086,277.25299,250.21001,268.271,268.271,153394000
2018-04-27,267.285,268.63,251.87601,251.87601,251.87601,93178896
2018-04-28,251.772,265.50699,251.547,261.505,261.505,84646704
2018-04-29,260.91101,262.909,244.05499,256.871,256.871,92297200
2018-04-30,256.34601,259.07199,239.08299,242.45599,242.45599,103574000
2018-05-01,242.44901,242.44901,229.563,240.25999,240.25999,71420800
2018-05-02,239.937,252.716,238.84399,249.664,249.664,83039296
2018-05-03,249.336,257.61899,242.95399,245.979,245.979,115162000
2018-05-04,246.68201,248.399,238.89799,241.52699,241.52699,77875600
2018-05-05,241.231,245.481,239.724,240.77901,240.77901,73154304
2018-05-06,240.88499,242.439,232.605,235.491,235.491,50393500
2018-05-07,235.742,235.843,222.752,233.071,233.071,44546500
2018-05-08,233.216,234.57001,220.226,223.354,223.354,33703600
2018-05-09,223.823,232.478,216.967,227.519,227.519,41903700
2018-05-10,227.214,233.271,218.21201,218.222,218.222,36197200
2018-05-11,218.478,218.478,197.653,197.74001,197.74001,48447300
2018-05-12,197.57201,205.72501,192.06,201.964,201.964,32938200
2018-05-13,202.05099,213.782,202.05099,209.576,209.576,32021800
2018-05-14,210.19,219.121,197.33,215.043,215.043,56526000
2018-05-15,214.686,218.826,203.041,205.17,205.17,56849200
2018-05-16,204.871,205.106,193.211,199.209,199.209,46385200
2018-05-17,199.342,204.686,192.924,192.993,192.993,44934200
2018-05-18,193.022,211.533,187.245,204.049,204.049,58532500
2018-05-19,203.619,204.20599,197.19701,197.57401,197.57401,31524400
2018-05-20,197.791,205.312,196.59801,203.446,203.446,34040600
2018-05-21,203.83,203.83299,194.91499,198.739,198.739,34791200
2018-05-22,198.642,198.952,176.27299,176.27299,176.27299,51057500
2018-05-23,175.804,179.526,166.328,171.541,171.541,49136900
2018-05-24,171.21001,177.509,160.85201,171.485,171.485,44489500
2018-05-25,171.65601,173.659,162.918,164.717,164.717,26129900
2018-05-26,164.838,168.595,162.987,164.547,164.547,17384600
2018-05-27,164.47,170.166,161.174,166.082,166.082,32033800
2018-05-28,166.23399,168.216,149.74001,149.961,149.961,38161100
2018-05-29,150.04401,166.33299,147.925,157.575,157.575,51033600
2018-05-30,157.604,161.274,152.86501,155.23199,155.23199,23704800
2018-05-31,154.563,159.16901,154.30701,155.521,155.521,35146100
2018-06-01,155.89301,158.55099,152.868,157.537,157.537,29047300
2018-06-02,157.589,167.274,156.24899,162.64799,162.64799,40011500
2018-06-03,162.66,176.11,162.66,169.355,169.355,44074900
2018-06-04,169.065,170.50999,157.84399,160.09399,160.09399,39320200
2018-06-05,160.308,168.687,157.44099,167.194,167.194,40491500
2018-06-06,167.149,167.802,162.077,164.614,164.614,41766300
2018-06-07,164.677,171.086,163.06,163.90601,163.90601,40588500
2018-06-08,164.067,165.23801,157.207,158.701,158.701,36063500
2018-06-09,158.51601,160.04201,154.95599,154.95599,154.95599,29964000
2018-06-10,154.989,154.989,132.09399,139.511,139.511,46671000
2018-06-11,139.547,140.188,132.83099,138.04201,138.04201,32508500
2018-06-12,138.45799,138.45799,121.147,125.656,125.656,36656700
2018-06-13,125.884,126.464,113.622,121.852,121.852,44354400
2018-06-14,121.944,133.55701,118.848,132.94,132.94,44929500
2018-06-15,132.855,133.31599,122.776,122.776,122.776,35999400
2018-06-16,121.748,128.233,121.683,126.828,126.828,31221300
2018-06-17,126.968,127.183,123.305,124.063,124.063,29247600
2018-06-18,123.822,129.04401,120.421,127.427,127.427,32087200
2018-06-19,127.383,130.153,124.765,126.22,126.22,34054800
2018-06-20,126.185,126.351,119.915,122.547,122.547,33876600
2018-06-21,122.493,124.085,121.454,123.613,123.613,29272800
2018-06-22,123.459,123.853,107.457,110.602,110.602,40058500
2018-06-23,110.675,119.272,109.979,115.378,115.378,33435900
2018-06-24,115.146,124.397,109.013,121.291,121.291,45338000
2018-06-25,121.184,129.534,120.962,126.761,126.761,37688900
2018-06-26,126.718,129.62399,120.733,120.817,120.817,35735700
2018-06-27,120.632,130.255,119.698,128.71001,128.71001,39016100
2018-06-28,128.849,133.99001,114.872,115.811,115.811,48284400
2018-06-29,117.301,127.843,115.483,126.778,126.778,34762700
2018-06-30,126.709,135.097,126.693,131.006,131.006,33426400
2018-07-01,131.05,133.804,126.12,129.77299,129.77299,32338800
2018-07-02,130.257,142.86,128.34399,140.50101,140.50101,41012600
2018-07-03,140.12199,143.931,137.002,138.461,138.461,33954300
2018-07-04,138.599,146.5,137.215,138.397,138.397,31732500
2018-07-05,139.23599,141.22099,134.868,138.754,138.754,33014500
2018-07-06,138.377,139.08099,131.25,134.045,134.045,32393700
2018-07-07,133.834,135.634,130.72501,135.61099,135.61099,27346900
2018-07-08,135.27699,140.005,134.48599,138.118,138.118,25550900
2018-07-09,137.935,141.16,135.48399,135.733,135.733,33160900
2018-07-10,135.59599,136.86,121.419,121.479,121.479,31309100
2018-07-11,121.519,129.869,121.518,125.387,125.387,35463900
2018-07-12,125.45,126.113,118.139,120.239,120.239,28289200
2018-07-13,120.815,124.646,120.657,122.53,122.53,23792500
2018-07-14,122.399,123.822,121.052,123.218,123.218,20547700
2018-07-15,123.131,125.867,121.669,123.959,123.959,22403800
2018-07-16,123.984,135.37601,122.943,135.27499,135.27499,33018400
2018-07-17,135.17999,146.964,134.991,144.071,144.071,40091900
2018-07-18,144.06599,149.36099,138.116,139.76601,139.76601,30846300
2018-07-19,139.604,143.68401,138.547,139.534,139.534,30172600
2018-07-20,139.548,139.548,128.82001,130.172,130.172,37618500
2018-07-21,129.819,132.618,127.579,132.13,132.13,22586300
2018-07-22,131.877,133.27901,127.98,128.724,128.724,34691600
2018-07-23,128.54401,140.026,128.54401,133.575,133.575,54845300
2018-07-24,133.83501,148.01401,132.498,147.399,147.399,41505800
2018-07-25,145.894,148.304,138.414,142.73599,142.73599,32155300
2018-07-26,142.983,144.629,135.957,136.814,136.814,30321500
2018-07-27,136.81599,142.07401,135.05701,140.064,140.064,27555400
2018-07-28,140.112,141.27,138.46201,139.39799,139.39799,23366000
2018-07-29,139.70399,141.35001,134.631,135.35899,135.35899,29691600
2018-07-30,135.56799,135.701,128.946,131.802,131.802,28947100
2018-07-31,131.55499,134.15401,121.399,122.318,122.318,31704100
2018-08-01,122.269,129.399,119.944,128.15401,128.15401,31815200
2018-08-02,128.03999,130.50101,121.085,122.793,122.793,24394700
2018-08-03,122.55,122.55,115.448,120.019,120.019,22482600
2018-08-04,120.16,121.027,113.459,113.993,113.993,19018600
2018-08-05,114.058,117.676,111.988,117.274,117.274,20136800
2018-08-06,117.478,119.882,112.684,113.545,113.545,21437100
2018-08-07,114.093,117.803,108.039,108.039,108.039,24304400
2018-08-08,108.038,108.038,93.401604,94.534103,94.534103,31289400
2018-08-09,94.721497,101.945,94.721497,100.533,100.533,24062700
2018-08-10,100.473,101.164,90.820396,91.721497,91.721497,23751500
2018-08-11,92.1754,96.993202,88.090202,93.618797,93.618797,30488100
2018-08-12,93.4888,95.617203,92.154503,93.205597,93.205597,18323700
2018-08-13,93.175903,97.400002,88.1315,88.237198,88.237198,25503900
2018-08-14,88.025497,88.025497,79.238098,84.178703,84.178703,31742700
2018-08-15,84.587097,94.0233,84.587097,89.5485,89.5485,23635100
2018-08-16,89.3508,92.647102,88.952003,91.078499,91.078499,20515800
2018-08-17,91.005997,101.163,90.829002,99.202202,99.202202,25798500
2018-08-18,99.412804,104.902,95.104698,98.165398,98.165398,29601700
2018-08-19,98.214203,98.8563,94.996498,98.424103,98.424103,17273400
2018-08-20,98.3955,102.053,93.374802,93.374802,93.374802,22207700
2018-08-21,93.203697,96.511902,92.250298,94.915802,94.915802,21602300
2018-08-22,94.950699,98.562302,88.331398,90.080597,90.080597,21752000
2018-08-23,89.870598,91.379997,88.899696,90.062897,90.062897,19364700
2018-08-24,90.202202,94.266602,88.629204,93.761101,93.761101,29263100
2018-08-25,93.662697,96.331802,92.098999,92.542297,92.542297,17631600
2018-08-26,92.801399,95.302101,91.300003,95.302101,95.302101,46481300
2018-08-27,95.273804,104.634,93.547798,104.529,104.529,28849600
2018-08-28,104.543,107.748,102.593,107.523,107.523,22513800
2018-08-29,107.63,108.13,101.344,103.554,103.554,19745900
2018-08-30,103.699,105.994,97.167099,102.814,102.814,35257200
2018-08-31,103.204,117.489,102.982,116.658,116.658,57364500
2018-09-01,116.276,124.19,115.584,120.973,120.973,52810000
2018-09-02,120.993,124.923,116.669,120.496,120.496,35711900
2018-09-03,120.108,135.58,119.265,135.55499,135.55499,53805800
2018-09-04,135.14301,139.786,134.85899,137.951,137.951,52929600
2018-09-05,137.88499,140.099,115.064,115.064,115.064,54877800
2018-09-06,115.549,117.973,108.822,117.49,117.49,47806200
2018-09-07,117.2,119.752,110.965,111.88,111.88,34706300
2018-09-08,111.891,114.938,102.168,104.33,104.33,29966300
2018-09-09,104.29,110.729,101.457,106.216,106.216,38884300
2018-09-10,105.97,109.147,104.463,105.644,105.644,33801900
2018-09-11,105.997,109.202,102.175,105.645,105.645,32241000
2018-09-12,105.847,106.007,97.575798,104.323,104.323,37938300
2018-09-13,104.598,116.127,104.598,112.035,112.035,42702500
2018-09-14,112.131,117.371,109.852,116.967,116.967,43837300
2018-09-15,116.717,122.222,116.375,119.396,119.396,38659300
2018-09-16,118.772,118.772,113.783,117.038,117.038,34245700
2018-09-17,117.504,120.214,107.193,107.193,107.193,40377800
2018-09-18,106.611,113.005,104.582,112.448,112.448,35111400
2018-09-19,112.492,112.931,106.063,109.514,109.514,35204700
2018-09-20,109.531,116.303,109.531,116.278,116.278,37921600
2018-09-21,116.132,124.243,115.769,123.738,123.738,46774300
2018-09-22,123.543,125.207,118.003,122.215,122.215,29282500
2018-09-23,122.274,127.708,120.822,122.496,122.496,53467200
2018-09-24,122.342,123.226,115.131,115.48,115.48,32909400
2018-09-25,115.404,116.402,111.928,116.402,116.402,30107600
2018-09-26,116.454,117.584,113.203,115.593,115.593,29067600
2018-09-27,115.123,121.079,113.876,119.255,119.255,38769800
2018-09-28,119.348,121.551,115.898,117.055,117.055,35421800
2018-09-29,117.004,117.037,112.46,114.865,114.865,34176800
2018-09-30,114.894,116.721,114.079,116.256,116.256,26235500
2018-10-01,115.673,117.006,113.111,114.521,114.521,20659400
2018-10-02,114.397,119.821,112.81,116.828,116.828,31906300
2018-10-03,116.789,117.596,112.112,114.685,114.685,24600100
2018-10-04,114.736,116.259,113.455,114.534,114.534,25737300
2018-10-05,114.472,115.097,113.62,114.877,114.877,20766400
2018-10-06,114.915,115.296,113.407,115.07,115.07,22917000
2018-10-07,115.237,115.33,112.629,113.717,113.717,25004000
2018-10-08,113.57,116.272,112.72,114.275,114.275,107293000
2018-10-09,114.367,114.928,112.845,113.674,113.674,36076800
2018-10-10,113.591,113.671,111.028,113.459,113.459,164644000
2018-10-11,113.578,114.169,100.384,100.384,100.384,24185900
2018-10-12,100.071,103.635,99.683098,100.709,100.709,14421900
2018-10-13,100.678,102.988,100.678,102.137,102.137,12537800
2018-10-14,102.147,103.352,100.814,100.907,100.907,13930300
2018-10-15,100.837,111.272,99.308502,107.109,107.109,35911700
2018-10-16,107.196,108.332,105.916,107.395,107.395,19815100
2018-10-17,107.654,107.825,104.689,105.362,105.362,22030600
2018-10-18,105.538,106.623,102.082,102.913,102.913,23064100
2018-10-19,102.913,104.659,102.629,103.723,103.723,18523600
2018-10-20,103.761,104.722,103.36,103.779,103.779,14535300
2018-10-21,103.84,106.142,103.433,105.1,105.1,13189200
2018-10-22,105.003,106.054,104.049,105.46,105.46,15874800
2018-10-23,105.482,109.752,105.474,108.442,108.442,20239100
2018-10-24,108.085,109.095,106.559,106.95,106.95,11786500
2018-10-25,106.964,106.964,105.091,106.322,106.322,12371700
2018-10-26,106.219,106.655,104.782,105.018,105.018,14102000
2018-10-27,104.908,105.044,103.775,103.899,103.899,16064700
2018-10-28,104.137,106.578,102.124,104.976,104.976,19928900
2018-10-29,104.643,104.899,100.806,101.488,101.488,13488400
2018-10-30,101.448,102.743,101.04,102.553,102.553,15187300
2018-10-31,102.731,104.965,102.294,103.834,103.834,13314200
2018-11-01,104.04,105.565,102.81,103.881,103.881,10160300
2018-11-02,103.853,106.055,103.572,105.78,105.78,11916800
2018-11-03,105.768,107.393,104.894,106.867,106.867,10283100
2018-11-04,106.884,112.067,105.61,111.796,111.796,14673200
2018-11-05,111.985,112.889,109.497,111.345,111.345,14464400
2018-11-06,111.759,113.586,110.465,112.894,112.894,16887600
2018-11-07,112.921,113.652,109.619,111.513,111.513,14328200
2018-11-08,111.403,111.816,108.344,108.427,108.427,15042800
2018-11-09,108.416,108.664,105.65,106.893,106.893,13896100
2018-11-10,106.779,107.211,104.726,105.245,105.245,11667700
2018-11-11,105.17,106.603,102.681,106.376,106.376,14920300
2018-11-12,106.961,107.314,105.032,105.139,105.139,14649400
2018-11-13,105.084,106.283,103.937,105.113,105.113,16715400
2018-11-14,104.864,104.864,86.557602,90.758202,90.758202,30182000
2018-11-15,91.143898,92.272301,80.684898,88.672501,88.672501,33617400
2018-11-16,88.735703,88.976501,86.403503,87.055298,87.055298,18856700
2018-11-17,87.133499,88.258904,85.232498,88.003304,88.003304,17386000
2018-11-18,88.327103,91.465103,88.1978,89.392998,89.392998,23170800
2018-11-19,89.381599,89.4506,72.489998,72.489998,72.489998,30858500
2018-11-20,72.320099,74.437103,63.382801,66.486,66.486,29890100
2018-11-21,66.452904,70.242798,64.426003,68.942802,68.942802,21715400
2018-11-22,68.879402,70.438004,65.640999,65.858101,65.858101,13864000
2018-11-23,65.6819,66.797798,62.9422,66.6269,66.6269,16968500
2018-11-24,66.678902,68.2939,57.9706,58.3582,58.3582,14215400
2018-11-25,58.3708,59.346199,53.098202,58.053299,58.053299,24217900
2018-11-26,58.131401,59.9758,52.279499,53.216999,53.216999,21913900
2018-11-27,53.123798,58.466702,52.391602,57.131599,57.131599,19314700
2018-11-28,57.418201,65.7416,57.2883,63.524101,63.524101,18065200
2018-11-29,63.869202,64.753365,59.417576,61.195538,61.195538,16842316
2018-11-30,61.330086,62.140434,56.343781,57.792904,57.792904,14373887
2018-12-01,57.919556,61.148102,57.126003,59.647549,59.647549,10636037
2018-12-02,59.601185,61.810249,58.319405,59.101021,59.101021,11105556
2018-12-03,59.403637,59.403637,53.681065,54.837246,54.837246,15779706
2018-12-04,54.537476,58.827568,53.889923,56.978962,56.978962,14305388
2018-12-05,57.004585,57.117203,51.666626,51.666626,51.666626,13315061
2018-12-06,51.608688,53.547798,46.534531,46.534531,46.534531,16666075
2018-12-07,46.503742,46.590015,42.97699,46.462021,46.462021,17903551
2018-12-08,46.60302,49.048912,43.847603,45.573616,45.573616,14219602
2018-12-09,45.554207,49.265102,45.17532,47.746719,47.746719,11992076
2018-12-10,47.509979,48.22934,44.065224,44.604153,44.604153,13100388
2018-12-11,44.616421,44.677292,42.490112,42.736801,42.736801,11705044
2018-12-12,42.663773,44.971584,42.48262,43.936119,43.936119,11027516
2018-12-13,44.050915,44.061237,40.672321,40.962246,40.962246,11758377
2018-12-14,41.03326,42.418827,38.992317,39.282673,39.282673,12444729
2018-12-15,39.016075,39.365952,38.072208,38.851704,38.851704,11591710
2018-12-16,38.872673,40.644642,38.872673,39.339485,39.339485,10345232
2018-12-17,39.36018,44.891098,39.244469,43.82275,43.82275,12214093
2018-12-18,43.85339,47.48156,43.132656,46.582493,46.582493,13576157
2018-12-19,46.985302,50.659344,46.053802,46.312855,46.312855,16853229
2018-12-20,46.158607,55.105728,45.989128,55.075401,55.075401,20425202
2018-12-21,54.878094,55.784477,50.837589,51.819595,51.819595,19104638
2018-12-22,51.793884,52.331799,50.007912,51.725052,51.725052,13813550
2018-12-23,51.912598,54.511395,51.67239,52.755779,52.755779,13916278
2018-12-24,52.796471,58.170731,52.796471,56.335178,56.335178,21739807
2018-12-25,56.403984,56.403984,48.334885,50.592655,50.592655,17051136
2018-12-26,50.639732,52.046329,47.663906,49.374691,49.374691,16360059
2018-12-27,49.357025,49.371559,43.913193,44.466694,44.466694,14370278
2018-12-28,44.480606,51.108856,44.242683,49.770248,49.770248,18873091
2018-12-29,49.842838,50.082249,48.112118,48.112118,48.112118,15781153
2018-12-30,48.006371,48.893578,47.571491,48.364307,48.364307,12884901
2018-12-31,48.435173,48.473015,45.556129,46.228168,46.228168,11899404
2019-01-01,46.227959,48.368877,45.64735,48.367496,48.367496,10174528
2019-01-02,48.439281,53.197392,47.974396,52.252449,52.252449,24331239
2019-01-03,52.33226,52.33226,49.653004,49.815357,49.815357,12738595
2019-01-04,49.852711,50.894497,49.417515,50.630875,50.630875,12125339
2019-01-05,50.553677,51.647049,49.870689,49.931812,49.931812,13488431
2019-01-06,49.810368,55.000343,49.748379,54.876587,54.876587,16838854
2019-01-07,54.93288,55.261497,52.182201,52.826897,52.826897,15100414
2019-01-08,52.887066,54.931084,52.602432,53.155445,53.155445,15133986
2019-01-09,53.170952,54.545322,52.433334,52.713856,52.713856,19143630
2019-01-10,52.733257,53.504551,44.553097,45.496136,45.496136,24306322
2019-01-11,45.484535,46.754341,45.124901,45.804752,45.804752,23562848
2019-01-12,45.793545,46.05302,44.592518,45.00779,45.00779,20037124
2019-01-13,45.001198,45.505623,42.843086,43.110401,43.110401,16719882
2019-01-14,43.108334,46.387245,43.108334,45.914585,45.914585,18488424
2019-01-15,45.820724,46.406719,44.710339,44.950611,44.950611,24204633
2019-01-16,44.892609,46.194885,44.710266,46.181438,46.181438,24281060
2019-01-17,46.160828,46.356869,44.869923,45.653633,45.653633,27183479
2019-01-18,45.648788,45.699734,44.88039,45.125832,45.125832,21365213
2019-01-19,45.273853,46.555847,44.79018,46.219593,46.219593,28578356
2019-01-20,46.087143,46.382004,44.037792,44.113064,44.113064,33574394
2019-01-21,44.114956,44.755703,43.718678,44.577305,44.577305,36435975
2019-01-22,44.583332,46.035416,44.537735,45.920597,45.920597,24212367
2019-01-23,45.942333,45.972992,44.63924,44.880501,44.880501,32608467
2019-01-24,44.905327,46.507084,44.615955,45.783047,45.783047,36027328
2019-01-25,45.882114,47.107635,45.118,46.889336,46.889336,34838080
2019-01-26,46.862701,46.862701,45.674728,45.73064,45.73064,33090913
2019-01-27,45.78186,46.65572,45.40731,46.575417,46.575417,37895260
2019-01-28,46.693199,46.693199,43.199142,43.589233,43.589233,39662233
2019-01-29,43.582199,44.070469,42.826572,43.710106,43.710106,50419054
2019-01-30,43.669128,44.725731,42.764942,44.264606,44.264606,46618917
2019-01-31,44.24992,44.564163,43.313515,43.664097,43.664097,33200067
2019-02-01,43.671494,44.205708,42.872337,43.722866,43.722866,36949056
2019-02-02,43.667603,43.804707,41.995079,43.387623,43.387623,46606594
2019-02-03,43.301975,43.725334,42.575596,42.903839,42.903839,45359366
2019-02-04,42.966343,43.114052,42.15332,42.796654,42.796654,44862786
2019-02-05,42.719826,43.474991,42.719826,43.336124,43.336124,45555506
2019-02-06,43.374855,43.374855,42.408859,43.143562,43.143562,48141805
2019-02-07,43.152706,43.780479,43.055836,43.212105,43.212105,46417590
2019-02-08,43.248173,49.548706,43.115982,48.116745,48.116745,58034756
2019-02-09,48.269577,48.755882,47.925819,48.555695,48.555695,52421774
2019-02-10,48.586613,49.828899,47.237576,49.827671,49.827671,52351662
2019-02-11,49.911797,49.911797,47.404236,48.270901,48.270901,52414292
2019-02-12,48.225105,49.407372,47.457993,49.052044,49.052044,52799179
2019-02-13,49.052353,50.741508,48.818504,49.330051,49.330051,59844237
2019-02-14,49.319847,49.635166,46.302853,46.862133,46.862133,59162579
2019-02-15,46.820168,48.654926,46.589596,47.438251,47.438251,52421972
2019-02-16,47.395432,48.436832,46.767475,46.915985,46.915985,47450869
2019-02-17,46.871319,48.129925,46.759285,48.068752,48.068752,50287822
2019-02-18,48.014481,52.234116,48.014481,51.693233,51.693233,59009590
2019-02-19,51.683334,53.595196,51.489773,52.327351,52.327351,60939332
2019-02-20,52.250263,52.637592,50.864697,52.110649,52.110649,62975748
2019-02-21,52.316788,52.316788,50.153805,50.436028,50.436028,62868852
2019-02-22,50.335522,52.709839,50.335522,52.642246,52.642246,67853125
2019-02-23,52.618038,53.816788,51.923462,53.813164,53.813164,74715381
2019-02-24,53.687656,56.827454,49.010468,49.010468,49.010468,63487790
2019-02-25,48.877296,50.190071,48.700623,50.078457,50.078457,70386153
2019-02-26,50.095512,50.095512,49.04995,49.405342,49.405342,69794817
2019-02-27,49.63504,50.002872,48.726154,49.988094,49.988094,71709284
2019-02-28,49.895561,50.209812,49.040359,49.121269,49.121269,69184623
2019-03-01,49.12215,50.160244,48.98568,49.562172,49.562172,67173812
2019-03-02,49.600914,50.056931,49.12397,49.983669,49.983669,63274675
2019-03-03,49.945686,50.27216,49.463589,50.107738,50.107738,67035491
2019-03-04,50.119785,50.464237,47.174274,48.493286,48.493286,68874657
2019-03-05,48.499943,50.615326,47.935085,50.548523,50.548523,72757860
2019-03-06,50.593945,50.903694,49.583496,50.848656,50.848656,72310829
2019-03-07,50.927387,52.098602,50.927387,51.028378,51.028378,74428190
2019-03-08,51.235172,51.384708,49.598076,50.01823,50.01823,74197398
2019-03-09,49.981602,51.396774,49.821812,50.787418,50.787418,65485381
2019-03-10,50.882164,51.014622,50.403755,50.948212,50.948212,65452521
2019-03-11,50.890095,50.970619,49.37624,50.2356,50.2356,72591315
2019-03-12,50.298161,51.472065,49.494411,51.472065,51.472065,60080877
2019-03-13,51.482742,52.333618,51.285686,52.040318,52.040318,52938688
2019-03-14,52.053814,52.923553,51.652023,52.354507,52.354507,63362753
2019-03-15,52.361954,53.6506,52.25692,53.606991,53.606991,62767951
2019-03-16,53.561352,55.374634,53.561352,54.635513,54.635513,201675917
2019-03-17,54.705425,54.810738,52.64645,53.535606,53.535606,117829194
2019-03-18,53.587418,54.000359,52.696281,53.48814,53.48814,116998432
2019-03-19,53.472698,55.151417,53.349277,54.750629,54.750629,99715349
2019-03-20,54.984608,56.737675,53.677391,55.880741,55.880741,102750635
2019-03-21,55.978409,55.981583,53.270702,53.852985,53.852985,93149158
2019-03-22,53.847122,54.255985,53.354984,53.923119,53.923119,87593948
2019-03-23,53.902355,54.368439,53.35627,53.840374,53.840374,81236141
2019-03-24,53.813267,54.176147,53.529587,53.744678,53.744678,83963837
2019-03-25,53.798145,54.080978,51.114429,52.339848,52.339848,93084755
2019-03-26,52.238358,53.063038,50.380131,52.940498,52.940498,91009789
2019-03-27,52.957504,55.02549,52.838917,54.72979,54.72979,91620140
2019-03-28,54.706169,54.733185,53.72427,53.898415,53.898415,95017107
2019-03-29,53.92197,54.099442,52.421268,53.482815,53.482815,92764026
2019-03-30,53.468391,56.395561,52.893566,53.450191,53.450191,88272936
2019-03-31,53.455788,56.49733,53.114277,55.885338,55.885338,99371366
2019-04-01,55.880993,59.989258,55.828999,59.97316,59.97316,118227704
2019-04-02,59.959187,69.820045,59.056435,69.059052,69.059052,129351711
2019-04-03,69.058434,72.32653,63.933182,65.706596,65.706596,114825438
2019-04-04,65.840675,66.87574,62.218185,63.926052,63.926052,91708208
2019-04-05,63.925381,69.181778,63.887001,69.16214,69.16214,95806843
2019-04-06,69.16497,70.107719,66.987961,68.091866,68.091866,100724714
2019-04-07,68.089813,70.090919,67.90229,69.807007,69.807007,92938041
2019-04-08,69.823143,72.507454,68.822037,71.093414,71.093414,105550896
2019-04-09,71.113647,71.219818,68.079361,68.372604,68.372604,90506705
2019-04-10,68.36116,71.699615,68.120857,70.977356,70.977356,135283524
2019-04-11,70.949135,71.170288,62.813061,66.367119,66.367119,128763082
2019-04-12,66.330299,71.18222,65.673996,66.101357,66.101357,127876574
2019-04-13,66.103165,66.904175,64.071259,65.323776,65.323776,110204684
2019-04-14,65.31131,67.298889,64.289925,66.581505,66.581505,122650716
2019-04-15,66.589058,67.058769,64.267647,64.35228,64.35228,106781470
2019-04-16,64.363197,70.127335,63.960957,68.903076,68.903076,99339083
2019-04-17,68.873756,69.972343,66.91745,67.477394,67.477394,99427822
2019-04-18,67.476753,69.949303,67.464767,69.16214,69.16214,92841765
2019-04-19,69.167557,69.535255,67.540741,68.56694,68.56694,96681422
2019-04-20,68.603828,70.244545,68.155769,69.524529,69.524529,100543874
2019-04-21,69.587791,70.090218,67.407997,68.718506,68.718506,101931769
2019-04-22,68.686432,69.354614,67.991661,68.592636,68.592636,106741099
2019-04-23,68.56501,71.011688,68.071793,69.330948,69.330948,215660125
2019-04-24,69.33445,70.843086,65.075981,67.679436,67.679436,125287159
2019-04-25,67.664513,67.879234,61.282112,61.301388,61.301388,155993710
2019-04-26,61.405888,63.762627,59.985405,62.089672,62.089672,118882977
2019-04-27,61.811203,63.523888,61.60976,62.550404,62.550404,116208417
2019-04-28,62.636745,63.034191,61.037529,61.229954,61.229954,82495647
2019-04-29,61.249252,61.793365,59.778355,60.541924,60.541924,47434963
2019-04-30,60.54237,62.194996,60.226635,62.095947,62.095947,39162919
2019-05-01,62.100006,64.977654,62.08976,64.959656,64.959656,38993596
2019-05-02,64.994217,65.824936,63.3409,64.406868,64.406868,40766958
2019-05-03,64.368805,68.404884,64.170731,67.024811,67.024811,42073269
2019-05-04,67.0158,68.352814,65.228127,67.791672,67.791672,37095216
2019-05-05,67.789284,68.454918,65.342239,66.080147,66.080147,39931451
2019-05-06,66.057526,67.329773,64.362587,66.548279,66.548279,45947644
2019-05-07,66.509819,69.783348,65.540497,65.544525,65.544525,49857410
2019-05-08,65.493263,67.421722,64.7575,67.329552,67.329552,37535065
2019-05-09,67.342529,68.112236,63.66983,64.6866,64.6866,39720827
2019-05-10,64.675056,68.396156,64.316124,68.072891,68.072891,41323063
2019-05-11,68.069183,79.699287,68.04155,77.587059,77.587059,67439109
2019-05-12,77.548401,79.713142,71.928917,74.207863,74.207863,58900217
2019-05-13,74.214813,81.657883,73.524788,79.157272,79.157272,55646569
2019-05-14,79.181168,84.433907,79.02903,83.074654,83.074654,69119265
2019-05-15,83.199928,94.412842,82.949448,94.083717,94.083717,70995399
2019-05-16,93.93486,96.761581,85.035179,87.010948,87.010948,78734549
2019-05-17,87.034523,87.373985,77.611969,82.008835,82.008835,72415160
2019-05-18,82.033607,82.908882,79.338615,79.591866,79.591866,46125352
2019-05-19,79.602333,90.976646,79.453217,90.621643,90.621643,67197704
2019-05-20,90.60173,90.628815,84.80352,87.60836,87.60836,76023557
2019-05-21,87.502594,92.424316,87.469437,89.003471,89.003471,87816699
2019-05-22,88.998756,91.20816,83.389893,83.505188,83.505188,419738195
2019-05-23,83.402954,85.197746,81.007195,84.623131,84.623131,216194224
2019-05-24,84.70858,87.265945,83.789459,85.577827,85.577827,78323421
2019-05-25,85.549881,87.648148,85.549881,86.993294,86.993294,74414764
2019-05-26,86.949112,92.211037,85.577133,91.995186,91.995186,78729256
2019-05-27,92.023392,98.859055,91.952843,97.966019,97.966019,234053891
2019-05-28,97.901421,98.527863,95.658775,96.060982,96.060982,156907569
2019-05-29,96.054405,96.071693,90.578339,93.989113,93.989113,109958292
2019-05-30,94.005638,98.393707,89.849976,91.964775,91.964775,115296005
2019-05-31,91.9673,93.520309,89.461693,93.216705,93.216705,98522713
2019-06-01,93.286453,93.722069,91.546585,92.969177,92.969177,101580439
2019-06-02,93.044395,96.24263,92.807236,94.944893,94.944893,104335299
2019-06-03,94.964233,95.795273,89.459351,89.709602,89.709602,113138588
2019-06-04,89.664238,89.66777,81.32901,83.34359,83.34359,82412018
2019-06-05,83.411987,86.604736,83.391068,84.98568,84.98568,123787030
2019-06-06,85.042648,87.148071,83.569778,86.935844,86.935844,147136612
2019-06-07,86.879044,89.695122,85.487297,88.267052,88.267052,132272877
2019-06-08,88.305496,88.731239,86.324577,87.544029,87.544029,127524206
2019-06-09,87.560944,87.973671,82.453857,83.784119,83.784119,135848271
2019-06-10,83.680046,87.38868,82.686371,86.918793,86.918793,138555223
2019-06-11,86.973465,87.844711,85.493881,86.715004,86.715004,143282901
2019-06-12,86.662491,90.408157,85.956451,90.134514,90.134514,171933824
2019-06-13,90.206352,91.677734,89.158585,89.260742,89.260742,207794231
2019-06-14,89.298271,90.762901,87.333527,90.506554,90.506554,230462155
2019-06-15,90.526665,95.030334,89.966743,94.692764,94.692764,229735779
2019-06-16,94.703003,97.641518,94.356422,95.863197,95.863197,217991870
2019-06-17,95.830208,99.692795,95.82061,98.349022,98.349022,221680908
2019-06-18,98.305428,99.094658,95.684685,96.243507,96.243507,215721562
2019-06-19,96.260368,102.19373,96.175003,100.40722,100.40722,144587434
2019-06-20,100.44944,108.60935,100.20919,104.97997,104.97997,175272178
2019-06-21,105.01672,109.99435,104.96028,109.23411,109.23411,138943736
2019-06-22,109.50073,118.70866,109.16544,114.70586,114.70586,144831867
2019-06-23,114.64182,120.07381,113.83968,115.13264,115.13264,135554014
2019-06-24,115.21326,119.43347,112.31394,117.41625,117.41625,131784908
2019-06-25,117.34325,117.81812,111.33837,112.31686,112.31686,170290078
2019-06-26,112.30419,112.4147,101.5619,103.91806,103.91806,288013491
2019-06-27,103.94198,105.08668,87.079597,94.414558,94.414558,168991928
2019-06-28,94.488724,102.26433,92.552605,101.64236,101.64236,156736723
2019-06-29,101.67478,101.77496,93.782867,99.962112,99.962112,140176878
2019-06-30,100.00893,100.48837,87.534828,87.744942,87.744942,127287723
2019-07-01,87.759079,93.583115,83.87574,88.423225,88.423225,132758316
2019-07-02,88.441093,88.833931,82.01181,86.264908,86.264908,132861597
2019-07-03,86.238914,92.061852,86.042488,90.001793,90.001793,127688765
2019-07-04,90.004166,93.07946,87.614189,87.823265,87.823265,134452313
2019-07-05,87.768456,91.992935,86.305267,89.129013,89.129013,120405501
2019-07-06,89.141266,98.973083,89.13372,93.939507,93.939507,190744873
2019-07-07,93.987343,107.18322,93.171776,107.18322,107.18322,182719894
2019-07-08,107.09571,107.31814,100.80877,101.58649,101.58649,155828868
2019-07-09,101.59721,104.54431,98.013802,99.418083,99.418083,124628294
2019-07-10,99.450256,101.60062,92.546623,94.937035,94.937035,142132531
2019-07-11,94.920975,94.920975,87.154434,89.114677,89.114677,123706017
2019-07-12,89.251541,98.422386,86.110916,98.250443,98.250443,114154782
2019-07-13,98.234962,98.276299,89.25486,93.363998,93.363998,119385278
2019-07-14,93.419746,94.41626,85.653008,85.917221,85.917221,120701885
2019-07-15,86.107956,90.319572,76.153488,89.496063,89.496063,158841420
2019-07-16,89.387611,89.387611,73.367554,74.01622,74.01622,114381208
2019-07-17,73.818871,80.088112,71.41832,76.458504,76.458504,125827611
2019-07-18,76.533676,85.248657,75.001663,84.121048,84.121048,131312918
2019-07-19,84.109123,84.309639,80.598717,82.296654,82.296654,108366439
2019-07-20,82.277481,87.53949,81.824051,85.322609,85.322609,105663388
2019-07-21,85.273224,87.435471,83.003082,83.957359,83.957359,105487494
2019-07-22,83.966881,85.377037,81.387299,83.181229,83.181229,103711508
2019-07-23,83.179626,83.691292,80.13031,80.862701,80.862701,117356354
2019-07-24,80.862022,81.818642,78.575401,80.488373,80.488373,90737838
2019-07-25,80.468689,83.592323,80.236702,80.682877,80.682877,88391921
2019-07-26,80.702927,81.045525,78.713654,80.2939,80.2939,80951330
2019-07-27,80.28846,83.102882,77.498825,78.865746,78.865746,85930847
2019-07-28,78.743294,82.932373,77.148605,79.490677,79.490677,70562694
2019-07-29,79.427719,80.742233,77.516289,77.958351,77.958351,82931895
2019-07-30,77.972923,80.210052,77.309273,78.376625,78.376625,67774573
2019-07-31,78.323013,82.451546,77.998184,80.681198,80.681198,100162528
2019-08-01,80.612938,82.548782,79.920975,81.966087,81.966087,90181331
2019-08-02,81.897118,85.480698,81.700043,83.912712,83.912712,99591718
2019-08-03,83.92762,88.696426,83.92762,88.193726,88.193726,88705504
2019-08-04,88.191559,89.156815,85.983543,88.180107,88.180107,91749362
2019-08-05,88.184303,94.686638,88.10096,93.654106,93.654106,116283579
2019-08-06,93.6175,96.887138,88.169281,89.743713,89.743713,106237722
2019-08-07,89.742958,97.605103,89.334869,97.485825,97.485825,120008836
2019-08-08,97.454163,97.596497,91.557968,95.154938,95.154938,99485912
2019-08-09,95.191475,95.280769,91.002968,93.362862,93.362862,111949649
2019-08-10,93.328438,94.601875,90.692177,90.884338,90.884338,87008408
2019-08-11,90.847412,92.339752,90.219856,92.253532,92.253532,82229709
2019-08-12,92.276253,92.276253,90.594803,91.181992,91.181992,80671664
2019-08-13,91.191963,91.436737,84.877617,85.524147,85.524147,90797999
2019-08-14,85.512955,85.512955,78.452591,78.484695,78.484695,78512963
2019-08-15,78.579536,82.777321,74.5961,82.526733,82.526733,82268894
2019-08-16,82.517708,83.517471,78.328087,82.498695,82.498695,69374820
2019-08-17,82.55658,83.696442,81.043579,81.988892,81.988892,69658778
2019-08-18,81.997993,88.069748,81.671745,88.024773,88.024773,80774014
2019-08-19,88.070236,90.658318,84.77903,90.153481,90.153481,80391798
2019-08-20,90.146843,90.980804,84.551422,85.741058,85.741058,75036775
2019-08-21,85.765991,86.344513,79.26326,80.565483,80.565483,70469159
2019-08-22,80.54892,83.349709,78.538895,82.253517,82.253517,96683433
2019-08-23,82.253517,83.653229,81.228905,82.168625,82.168625,98854438
2019-08-24,82.127014,82.176613,78.646927,80.736916,80.736916,89694958
2019-08-25,80.751503,82.200981,79.266937,80.3731,80.3731,97178649
2019-08-26,80.426033,83.487724,79.065529,79.70443,79.70443,95830525
2019-08-27,79.728378,79.728378,77.538986,78.208336,78.208336,70865118
2019-08-28,78.633286,79.533104,72.146767,72.365707,72.365707,86518785
2019-08-29,72.328209,72.328209,67.042755,67.16037,67.16037,61387907
2019-08-30,67.171066,68.089806,66.27491,67.850594,67.850594,61604445
2019-08-31,67.857162,68.129967,66.403664,67.535751,67.535751,50249218
2019-09-01,67.514519,74.319244,66.928329,71.776802,71.776802,50287115
2019-09-02,71.745277,73.64061,70.049034,73.177467,73.177467,67068912
2019-09-03,73.211899,75.44873,73.167,74.928619,74.928619,72236098
2019-09-04,74.910774,74.910904,71.877701,73.927467,73.927467,53928209
2019-09-05,73.948158,76.321648,73.682785,75.963547,75.963547,66866817
2019-09-06,75.966972,79.532654,75.396751,75.603043,75.603043,64191502
2019-09-07,75.62265,78.742012,74.221146,78.394646,78.394646,63405428
2019-09-08,78.439743,79.549889,76.794266,77.375954,77.375954,58161503
2019-09-09,77.40464,77.512955,74.619751,75.146423,75.146423,57047927
2019-09-10,75.167519,75.982498,71.770241,72.229408,72.229408,74484010
2019-09-11,72.294258,74.414162,70.159447,74.361427,74.361427,71687582
2019-09-12,74.390007,75.485413,72.082916,75.12957,75.12957,83013460
2019-09-13,75.155922,76.910728,72.927917,76.910728,76.910728,85283907
2019-09-14,76.830521,76.980042,73.944275,76.037979,76.037979,76842770
2019-09-15,76.06926,76.301506,74.233223,75.691063,75.691063,57294722
2019-09-16,75.698898,76.456306,72.043991,75.345085,75.345085,100063838
2019-09-17,75.341682,75.465935,73.844894,74.283409,74.283409,91576290
2019-09-18,74.200554,82.010445,74.001442,81.765289,81.765289,133480584
2019-09-19,81.763168,81.763168,72.985214,76.02626,76.02626,102437633
2019-09-20,76.088928,77.721481,72.917702,74.006447,74.006447,96275560
2019-09-21,73.997742,74.013863,72.471596,72.826889,72.826889,81569539
2019-09-22,72.824638,74.109673,71.453667,73.188583,73.188583,72664744
2019-09-23,73.176804,73.188705,68.719917,68.719917,68.719917,82509889
2019-09-24,68.704483,70.31987,58.636951,59.216564,59.216564,95665012
2019-09-25,59.136169,61.303188,57.87846,59.864143,59.864143,101072792
2019-09-26,59.870686,60.204227,55.261642,57.574059,57.574059,135169851
2019-09-27,57.542301,58.487728,55.877728,58.041927,58.041927,143938186
2019-09-28,58.03233,58.274269,56.646893,57.979645,57.979645,99077632
2019-09-29,57.99852,58.07172,54.893932,56.164516,56.164516,63364565
2019-09-30,56.167706,57.202042,53.906956,56.816639,56.816639,74691742
2019-10-01,56.870743,58.186699,55.70295,55.842888,55.842888,72773127
2019-10-02,55.842651,56.713337,54.784397,56.060883,56.060883,75303904
2019-10-03,56.060028,56.954159,54.462452,56.271393,56.271393,85119061
2019-10-04,56.277622,57.993896,54.794788,57.66848,57.66848,83529372
2019-10-05,57.600716,57.858238,55.699718,56.500809,56.500809,79461840
2019-10-06,56.496403,56.829987,55.133415,55.495476,55.495476,73400789
2019-10-07,55.446465,57.218575,54.983639,56.552586,56.552586,83666858
2019-10-08,56.552498,57.049431,55.220039,55.869465,55.869465,71783063
2019-10-09,55.855129,57.609776,55.217529,57.446529,57.446529,75137371
2019-10-10,57.404442,57.604095,55.23996,55.951084,55.951084,94627887
2019-10-11,55.940945,56.342194,54.438786,54.483234,54.483234,64153788
2019-10-12,54.465397,55.268494,53.74379,53.811214,53.811214,77422019
2019-10-13,53.819668,54.263599,52.85321,53.525482,53.525482,64022636
2019-10-14,53.506557,53.782146,52.661728,53.021992,53.021992,61816588
2019-10-15,53.037033,53.634506,51.82935,52.188267,52.188267,76185800
2019-10-16,52.149391,55.30846,51.885777,55.08812,55.08812,131307168
2019-10-17,55.072506,60.703766,54.879414,56.053265,56.053265,131613140
2019-10-18,56.053265,58.345814,55.508736,56.506096,56.506096,85291483
2019-10-19,56.319817,56.319817,53.789661,54.698139,54.698139,81939157
2019-10-20,54.677078,57.113262,54.138271,56.423534,56.423534,70720781
2019-10-21,56.43539,59.38092,55.986744,57.838299,57.838299,94407141
2019-10-22,57.848209,58.65881,56.195587,56.65881,56.65881,94681591
2019-10-23,56.750866,57.557064,52.162277,53.00922,53.00922,88273502
2019-10-24,53.013973,54.594177,51.275509,53.552078,53.552078,98450879
2019-10-25,53.585793,60.030006,52.957462,58.971272,58.971272,152920963
2019-10-26,58.959732,64.403503,55.496548,56.730907,56.730907,179221506
2019-10-27,56.786205,61.048843,55.682789,59.752869,59.752869,166355879
2019-10-28,59.78965,61.57922,59.002071,59.548878,59.548878,222423449
2019-10-29,59.502316,63.074684,59.167957,59.864353,59.864353,220871997
2019-10-30,59.767696,59.884727,57.660324,58.620705,58.620705,233444378
2019-10-31,58.659992,60.498707,57.578159,59.295704,59.295704,203587731
2019-11-01,59.262115,61.391098,58.761295,60.871792,60.871792,195288213
2019-11-02,60.919613,63.380013,60.75425,62.306553,62.306553,191554079
2019-11-03,62.363655,65.190353,61.273594,63.467377,63.467377,252599152
2019-11-04,63.343876,63.753201,62.536289,63.133537,63.133537,205552604
2019-11-05,63.123974,63.749252,62.093121,62.984478,62.984478,293290494
2019-11-06,62.929569,64.688301,62.750782,64.208824,64.208824,259001300
2019-11-07,64.187256,66.276024,62.887688,63.505329,63.505329,245474445
2019-11-08,63.520855,63.736275,60.152882,60.890732,60.890732,194099891
2019-11-09,60.84399,62.482334,60.667355,62.182247,62.182247,150673894
2019-11-10,62.212292,64.551414,61.982513,63.902664,63.902664,176219414
2019-11-11,63.891048,64.218246,61.438305,61.929924,61.929924,206142758
2019-11-12,61.933327,65.741699,61.877323,62.257629,62.257629,188591183
2019-11-13,62.252892,65.706177,62.112125,65.330238,65.330238,208429249
2019-11-14,65.322334,65.875618,64.358902,65.538177,65.538177,203792696
2019-11-15,65.553246,65.782669,61.950722,61.958366,61.958366,149260331
2019-11-16,61.951187,63.024078,61.498459,62.007359,62.007359,167735054
2019-11-17,62.002331,63.181324,61.695446,62.14468,62.14468,201294251
2019-11-18,62.134197,62.603943,59.063465,59.375107,59.375107,243555437
2019-11-19,59.391628,60.378891,58.294315,58.964104,58.964104,194201658
2019-11-20,58.955311,59.594051,57.952976,58.251621,58.251621,179910717
2019-11-21,58.271629,58.512489,53.549946,54.14484,54.14484,150665023
2019-11-22,54.146263,54.952023,48.67329,51.266617,51.266617,158097540
2019-11-23,51.272949,52.719299,50.352364,52.110645,52.110645,172231823
2019-11-24,52.098644,52.329414,48.222195,48.222195,48.222195,150228084
2019-11-25,48.233799,52.173084,46.025486,50.200909,50.200909,154562442
2019-11-26,50.225693,52.278503,49.769676,51.720078,51.720078,159826619
2019-11-27,51.448586,57.040676,50.611671,55.963017,55.963017,155100423
2019-11-28,55.970829,57.139252,53.793007,54.031303,54.031303,151831340
2019-11-29,54.040234,56.097542,53.967785,55.954185,55.954185,144980637
2019-11-30,55.956017,56.501308,54.181725,54.765938,54.765938,119581850
2019-12-01,54.779942,54.796032,52.659851,53.586262,53.586262,32630309
2019-12-02,53.599102,54.4091,52.519447,54.031662,54.031662,113404540
2019-12-03,54.026299,55.287964,53.426609,53.426609,53.426609,154822220
2019-12-04,53.455589,55.355618,52.091,53.051445,53.051445,137140588
2019-12-05,52.993843,54.618416,52.378075,54.006493,54.006493,148653329
2019-12-06,54.002129,55.615612,53.786373,54.245892,54.245892,118978383
2019-12-07,54.23991,55.121292,53.716721,54.723457,54.723457,149451115
2019-12-08,54.767342,55.430141,53.778713,54.243366,54.243366,121427914
2019-12-09,54.245136,54.514439,53.213825,54.310909,54.310909,131692116
2019-12-10,54.379059,54.834641,52.571522,53.007858,53.007858,164652345
2019-12-11,53.002529,53.933094,52.833027,53.06813,53.06813,131916995
2019-12-12,53.036469,54.090076,52.49543,53.306873,53.306873,114782983
2019-12-13,53.292694,53.45435,52.370953,52.619671,52.619671,102891717
2019-12-14,52.647083,52.755184,51.334335,51.593822,51.593822,98556824
2019-12-15,51.626812,52.108551,50.115345,50.924957,50.924957,104854859
2019-12-16,50.922733,51.245052,48.851051,49.448708,49.448708,101870933
2019-12-17,49.452797,49.678352,44.646839,44.944107,44.944107,101487732
2019-12-18,45.063248,48.728214,44.393673,47.932434,47.932434,115846058
2019-12-19,47.970238,49.248119,46.173832,47.865131,47.865131,125632136
2019-12-20,47.816429,47.907555,46.507637,47.058422,47.058422,102434254
2019-12-21,47.048374,47.17231,45.307526,45.531258,45.531258,106102856
2019-12-22,45.525909,48.095284,45.478985,47.455925,47.455925,119713580
2019-12-23,47.4734,48.7742,47.153458,47.343552,47.343552,112661124
2019-12-24,47.335194,48.392029,46.074566,46.208752,46.208752,104538333
2019-12-25,46.212521,47.096836,45.585247,46.50021,46.50021,86017236
2019-12-26,46.509441,46.629211,44.857929,45.307041,45.307041,89292487
2019-12-27,45.296989,46.065495,44.862453,45.344425,45.344425,92836745
2019-12-28,45.329227,45.94725,45.055653,45.548683,45.548683,90986577
2019-12-29,45.516136,47.777405,45.392017,46.829258,46.829258,90219027
2019-12-30,46.841393,47.055759,46.010117,46.498085,46.498085,66565171
2019-12-31,46.503551,46.519176,44.567886,44.567886,44.567886,61657735
2020-01-01,44.578461,45.960217,44.502789,45.753544,45.753544,75903149
2020-01-02,45.764927,46.214603,44.397278,45.74947,45.74947,81645163
2020-01-03,45.642765,51.980942,45.642765,51.092037,51.092037,145826653
2020-01-04,51.05463,51.545418,50.017021,50.536694,50.536694,61952234
2020-01-05,50.536011,54.777561,50.536011,54.096893,54.096893,51316114
2020-01-06,54.092194,58.993687,53.996861,58.970917,58.970917,72292283
2020-01-07,58.962048,59.860298,55.866047,58.818295,58.818295,71803694
2020-01-08,58.765022,59.812523,56.105423,59.464172,59.464172,69698036
2020-01-09,59.487873,59.789852,57.139057,59.197315,59.197315,64810309
2020-01-10,59.175301,59.457352,57.245102,58.574028,58.574028,65556437
2020-01-11,58.523319,63.984764,58.069111,58.450272,58.450272,94891787
2020-01-12,58.453819,59.867191,57.604164,59.324764,59.324764,52045488
2020-01-13,59.296955,59.331799,56.794975,58.005684,58.005684,58833704
2020-01-14,58.010063,63.037773,57.83485,62.821903,62.821903,113675912
2020-01-15,62.768475,68.825089,62.082115,68.338852,68.338852,166405671
2020-01-16,68.329819,68.798058,62.652691,65.680695,65.680695,118716552
2020-01-17,65.688446,71.928421,64.105736,69.176346,69.176346,118624802
2020-01-18,69.090706,70.825157,66.401276,67.189468,67.189468,83759887
2020-01-19,67.226776,69.280052,63.087315,65.126289,65.126289,71810753
2020-01-20,65.164032,66.445518,62.458,64.989769,64.989769,62026473
2020-01-21,64.980835,66.768158,64.339943,65.962959,65.962959,57432225
2020-01-22,65.947037,66.336594,64.431686,65.034142,65.034142,59334379
2020-01-23,65.053436,65.207077,61.301872,62.533157,62.533157,60781828
2020-01-24,62.606293,62.938892,58.163483,61.764793,61.764793,65482396
2020-01-25,61.763626,62.457104,60.000862,61.52179,61.52179,41758021
2020-01-26,61.510136,64.427269,60.964546,63.870396,63.870396,51959186
2020-01-27,63.883743,66.207497,63.69836,65.584099,65.584099,65532166
2020-01-28,65.567451,67.728004,65.296539,67.721085,67.721085,60865269
2020-01-29,67.780884,70.614624,67.504265,70.040878,70.040878,75659540
2020-01-30,69.975693,74.977409,68.647552,74.977409,74.977409,96778424
2020-01-31,74.956978,75.985237,69.54438,72.08709,72.08709,113417706
2020-02-01,72.075768,73.889458,71.460777,73.337059,73.337059,76400844
2020-02-02,73.32357,77.843819,71.424896,75.039391,75.039391,120996894
2020-02-03,74.982712,78.116806,74.5755,76.824638,76.824638,112774900
2020-02-04,76.847359,77.226181,73.836639,75.272232,75.272232,80747174
2020-02-05,75.244705,78.849426,74.755692,77.994476,77.994476,86614281
2020-02-06,78.011269,79.774734,76.653351,78.086693,78.086693,89213794
2020-02-07,78.102921,80.611099,78.089775,79.565422,79.565422,110193000
2020-02-08,79.584663,81.499573,77.131836,80.67392,80.67392,106189645
2020-02-09,80.632484,87.65213,80.481102,87.619263,87.619263,124583964
2020-02-10,87.709877,87.81588,83.955643,84.824341,84.824341,138845141
2020-02-11,84.838341,89.837563,82.832687,89.821365,89.821365,145122272
2020-02-12,89.828552,95.259583,89.818062,95.24086,95.24086,188475506
2020-02-13,95.224152,96.047096,90.300674,92.46109,92.46109,156870155
2020-02-14,92.269402,94.891441,91.138084,94.819801,94.819801,134937261
2020-02-15,94.784752,96.777382,87.342964,88.874138,88.874138,146497146
2020-02-16,88.974777,91.950371,80.912369,88.419647,88.419647,152273797
2020-02-17,88.153862,88.807549,79.820824,82.400955,82.400955,164389216
2020-02-18,82.424271,86.64727,81.493553,86.102165,86.102165,141145279
2020-02-19,86.099007,86.526001,78.172081,78.189384,78.189384,106656863
2020-02-20,78.120941,78.90168,75.309441,76.604721,76.604721,155607937
2020-02-21,76.51519,81.85601,75.920242,80.403488,80.403488,135902789
2020-02-22,80.457314,82.698853,78.425583,79.09111,79.09111,133451986
2020-02-23,79.144005,85.245445,79.070633,84.996689,84.996689,133676244
2020-02-24,85.056068,86.02282,77.511795,79.124397,79.124397,145906857
2020-02-25,79.117203,81.506317,75.824944,76.797249,76.797249,150564887
2020-02-26,76.827316,77.703339,69.423958,70.88343,70.88343,143680078
2020-02-27,70.899887,72.326042,67.104088,69.822617,69.822617,126899794
2020-02-28,69.926666,71.293396,66.56839,68.146507,68.146507,108152732
2020-02-29,68.200577,69.108009,66.488533,66.488533,66.488533,100216473
2020-03-01,66.306976,67.650124,63.576675,64.73642,64.73642,101124199
2020-03-02,64.72541,68.927811,64.506676,68.482414,68.482414,109758408
2020-03-03,68.446289,68.778801,65.211906,66.028564,66.028564,102197698
2020-03-04,66.04068,67.899376,65.154831,65.835876,65.835876,100092058
2020-03-05,65.764557,70.08857,65.760269,68.632385,68.632385,96929512
2020-03-06,68.637726,69.701302,67.84436,68.917694,68.917694,135250724
2020-03-07,68.920471,69.058075,65.188301,65.438202,65.438202,106259049
2020-03-08,65.461273,65.531723,56.12402,56.371769,56.371769,125719617
2020-03-09,56.323605,57.118271,52.44939,55.251534,55.251534,140007109
2020-03-10,55.369183,56.838158,54.277081,54.953838,54.953838,112635716
2020-03-11,54.952122,55.838467,51.443233,54.112373,54.112373,108297098
2020-03-12,54.092968,54.181026,32.927795,33.010323,33.010323,151985291
2020-03-13,33.084614,39.940887,26.703888,36.835373,36.835373,199341044
2020-03-14,36.834152,39.816086,35.593479,36.21841,36.21841,110312283
2020-03-15,36.161289,40.836903,35.860565,38.070606,38.070606,115596879
2020-03-16,38.02684,38.457809,29.890364,33.816479,33.816479,140151762
2020-03-17,33.832478,36.737015,33.713821,35.36676,35.36676,118316899
2020-03-18,35.469955,36.645374,34.298462,35.922001,35.922001,126475263
2020-03-19,35.94825,42.51804,35.94825,41.103573,41.103573,146341277
2020-03-20,41.059494,45.151913,37.553181,40.118107,40.118107,146612114
2020-03-21,40.143753,42.415936,38.543488,41.149391,41.149391,130652357
2020-03-22,41.151127,42.250668,38.216209,38.343227,38.343227,122269184
2020-03-23,38.230328,44.237991,37.97459,44.140224,44.140224,136337241
2020-03-24,44.118725,47.426716,43.371048,47.180721,47.180721,159747274
2020-03-25,47.128643,47.757305,45.493439,47.048679,47.048679,148032623
2020-03-26,47.03775,50.987083,46.99416,50.188301,50.188301,174836443
2020-03-27,50.192249,51.396122,48.362495,48.448612,48.448612,143918809
2020-03-28,48.409081,48.409081,45.327213,47.132763,47.132763,133440622
2020-03-29,47.1091,47.184357,44.108952,44.108952,44.108952,109300931
2020-03-30,44.109451,47.432346,43.96505,46.784622,46.784622,126748553
2020-03-31,46.733925,48.052814,46.558205,47.778564,47.778564,128899405
2020-04-01,47.778564,48.511734,46.583843,48.511734,48.511734,118501640
2020-04-02,48.453259,52.50436,48.070885,50.755833,50.755833,126496182
2020-04-03,50.736286,54.337097,50.300194,52.948505,52.948505,148716587
2020-04-04,52.906616,54.935562,52.285088,54.279442,54.279442,158229659
2020-04-05,54.250713,54.285831,52.813248,53.490597,53.490597,136144802
2020-04-06,53.470455,58.731377,53.265812,58.378181,58.378181,158426176
2020-04-07,58.459061,60.013878,55.368896,55.929985,55.929985,145869304
2020-04-08,55.936733,57.885143,55.580612,57.550617,57.550617,107481975
2020-04-09,57.561905,58.763195,56.459415,58.496025,58.496025,97345360
2020-04-10,58.448574,58.466633,52.872478,53.616642,53.616642,113198866
2020-04-11,53.562366,54.601959,52.598896,53.579315,53.579315,98767430
2020-04-12,53.553364,55.355247,52.932831,53.981926,53.981926,119263979
2020-04-13,54.119431,54.138977,51.319454,52.952171,52.952171,125827600
2020-04-14,52.93198,55.004574,52.726048,53.833237,53.833237,117293261
2020-04-15,53.800304,54.963245,53.127804,53.15387,53.15387,127558965
2020-04-16,53.186146,57.129799,51.976421,56.884686,56.884686,130989658
2020-04-17,56.916286,57.298985,56.233635,56.552799,56.552799,110124030
2020-04-18,56.49836,58.409184,56.243336,57.97226,57.97226,114264444
2020-04-19,57.945591,58.56926,57.084675,57.447842,57.447842,108020970
2020-04-20,57.457672,58.492729,54.507538,55.070011,55.070011,113779664
2020-04-21,54.978615,55.628529,54.466457,55.377457,55.377457,101994360
2020-04-22,55.312836,57.18449,55.017513,56.836723,56.836723,101247964
2020-04-23,56.84333,59.920334,56.44846,58.82196,58.82196,107540688
2020-04-24,58.931332,62.05666,58.90836,60.968952,60.968952,116367364
2020-04-25,60.94257,61.983536,60.239483,60.725075,60.725075,102455403
2020-04-26,60.75943,61.775505,60.579044,61.228275,61.228275,95013548
2020-04-27,61.223484,62.507793,61.222137,62.391323,62.391323,97849932
2020-04-28,62.390366,63.791515,61.60918,62.500546,62.500546,110007751
2020-04-29,62.533855,66.983131,62.084862,66.545959,66.545959,146559090
2020-04-30,66.527214,68.365967,61.982681,62.479301,62.479301,146714147
2020-05-01,62.481358,65.090691,62.467377,63.768688,63.768688,105952990
2020-05-02,63.762905,65.144882,63.762905,64.621971,64.621971,90574303
2020-05-03,64.66362,65.145195,62.101971,62.441116,62.441116,93103079
2020-05-04,62.439548,62.792797,59.043713,61.251541,61.251541,106891678
2020-05-05,61.289768,61.977139,60.004433,60.37735,60.37735,96201776
2020-05-06,60.298664,62.087048,58.536285,58.536285,58.536285,110256062
2020-05-07,58.671791,64.788994,58.173176,64.545692,64.545692,138695139
2020-05-08,64.479843,65.784073,63.402447,63.703495,63.703495,127093700
2020-05-09,63.618622,64.824875,62.866993,63.23922,63.23922,98564079
2020-05-10,63.252075,63.252075,55.443089,58.858376,58.858376,122447899
2020-05-11,58.822826,61.360535,56.633011,59.560589,59.560589,126280816
2020-05-12,59.626144,62.00185,59.309174,61.434505,61.434505,96195506
2020-05-13,61.477215,65.985954,61.386475,64.866486,64.866486,124797980
2020-05-14,64.795906,66.098274,62.652088,65.421814,65.421814,133001582
2020-05-15,65.51947,66.317345,62.815292,62.874229,62.874229,86992618
2020-05-16,62.969875,65.722504,62.34243,65.357918,65.357918,80487573
2020-05-17,65.339317,66.977684,64.930641,65.212204,65.212204,77806647
2020-05-18,65.213043,67.700851,65.074242,67.028381,67.028381,115135484
2020-05-19,67.047691,67.335083,65.391396,66.462883,66.462883,91126914
2020-05-20,66.431168,67.000214,64.176758,64.713722,64.713722,78167576
2020-05-21,64.714333,65.013832,60.353317,61.787292,61.787292,76233560
2020-05-22,61.7794,63.611713,61.358177,63.154388,63.154388,78674215
2020-05-23,63.169857,64.949295,62.670181,63.837982,63.837982,71353733
2020-05-24,63.834057,63.849304,61.193382,61.193382,61.193382,66759857
2020-05-25,61.097298,62.239166,60.43401,61.628452,61.628452,68863746
2020-05-26,61.647945,62.490643,60.96653,61.80938,61.80938,67047717
2020-05-27,61.846897,65.612717,61.593174,64.55069,64.55069,82741303
2020-05-28,64.56794,67.310493,63.482716,67.072647,67.072647,90819942
2020-05-29,67.053566,67.780861,65.935806,66.238602,66.238602,91611440
2020-05-30,66.220795,68.575317,65.461098,68.356483,68.356483,93931827
2020-05-31,68.364571,68.451485,64.404808,65.065262,65.065262,94692776
2020-06-01,65.058159,68.094543,63.740898,67.639404,67.639404,110295490
2020-06-02,67.641335,70.055283,64.840271,66.489967,66.489967,104360974
2020-06-03,66.499298,68.164772,66.449554,67.132645,67.132645,79429170
2020-06-04,67.159943,68.653084,65.83149,68.189545,68.189545,77902720
2020-06-05,68.216599,69.183228,67.242752,67.694962,67.694962,63952401
2020-06-06,67.698158,68.158218,67.288849,67.601418,67.601418,57757849
2020-06-07,67.621529,68.16169,64.735588,66.610397,66.610397,69552239
2020-06-08,66.605209,68.25975,66.338326,68.231392,68.231392,64946265
2020-06-09,68.258881,68.566315,67.673035,68.275246,68.275246,56011063
2020-06-10,68.266403,69.766426,67.405029,69.648697,69.648697,68572680
2020-06-11,69.649284,70.04512,63.614857,63.919361,63.919361,72190681
2020-06-12,63.927643,66.507095,63.265614,65.832939,65.832939,63717399
2020-06-13,65.864059,66.678642,65.209312,66.615349,66.615349,54550213
2020-06-14,66.606361,66.614037,64.968948,65.733429,65.733429,54717590
2020-06-15,65.737862,65.943336,62.165848,64.695717,64.695717,75859953
2020-06-16,64.653442,66.0355,64.442192,65.944977,65.944977,66113216
2020-06-17,65.951012,66.670708,65.061775,65.204575,65.204575,72558345
2020-06-18,65.201157,65.817307,64.455444,65.077942,65.077942,68676380
2020-06-19,65.084557,65.21817,63.684639,63.934765,63.934765,71873037
2020-06-20,63.934765,64.762123,63.381882,63.940842,63.940842,64316630
2020-06-21,63.935013,65.138824,63.79052,64.548912,64.548912,60392361
2020-06-22,64.581818,66.314034,64.334389,65.929176,65.929176,82556416
2020-06-23,65.943993,67.273705,65.21212,66.94751,66.94751,85517277
2020-06-24,66.981041,67.479546,64.314323,64.86731,64.86731,72674399
2020-06-25,64.916016,65.085403,63.570469,64.381592,64.381592,68046486
2020-06-26,64.350822,64.646973,63.291454,63.981968,63.981968,63054728
2020-06-27,63.96674,64.504845,61.063549,62.335659,62.335659,61079906
2020-06-28,62.335659,63.785763,62.10471,63.314903,63.314903,54082128
2020-06-29,63.436996,64.823036,62.565331,64.18531,64.18531,63712363
2020-06-30,64.168022,64.781433,63.336224,63.536777,63.536777,64386025
2020-07-01,63.538815,64.774788,63.324459,64.605927,64.605927,64478705
2020-07-02,64.582672,66.95829,63.026028,65.893074,65.893074,95975517
2020-07-03,65.843529,65.909584,62.538097,62.747787,62.747787,85530135
2020-07-04,62.732716,64.773033,62.646305,64.134361,64.134361,68098224
2020-07-05,64.032333,64.507141,61.695324,63.220116,63.220116,76099632
2020-07-06,63.220116,65.024529,62.781086,64.876259,64.876259,74125362
2020-07-07,64.851631,65.067184,63.56245,64.53112,64.53112,55858559
2020-07-08,64.560379,67.106522,64.32795,66.248627,66.248627,88617288
2020-07-09,66.252586,68.964958,65.355011,67.631966,67.631966,93161220
2020-07-10,67.585396,68.325569,65.332359,67.314415,67.314415,95885590
2020-07-11,67.293747,69.570297,67.171333,68.73526,68.73526,89142317
2020-07-12,68.762222,70.240707,68.280617,69.13372,69.13372,93942131
2020-07-13,69.13372,69.930595,68.11422,69.279694,69.279694,87455836
2020-07-14,69.163315,69.163315,67.018639,67.922226,67.922226,67807825
2020-07-15,67.830566,72.524948,67.476494,70.602638,70.602638,97547877
2020-07-16,70.56778,71.408089,66.733116,67.645721,67.645721,85426392
2020-07-17,67.643616,68.176994,67.074646,67.607719,67.607719,51519232
2020-07-18,67.608543,69.018585,67.054604,68.257172,68.257172,52913522
2020-07-19,68.252899,69.039291,67.682129,68.772476,68.772476,49400376
2020-07-20,68.783226,70.168495,68.725838,69.313507,69.313507,55897246
2020-07-21,69.298981,71.509125,69.072296,69.586372,69.586372,70450705
2020-07-22,69.572044,71.486382,69.342949,71.461845,71.461845,62044445
2020-07-23,71.467194,73.866539,70.889381,72.860657,72.860657,82557920
2020-07-24,72.840118,72.987541,71.387375,71.57962,71.57962,73201966
2020-07-25,71.582016,73.84938,71.500771,73.463562,73.463562,60151560
2020-07-26,73.461342,78.007637,73.085609,77.942444,77.942444,86834241
2020-07-27,77.944534,79.605003,75.078918,78.490158,78.490158,119661660
2020-07-28,78.415245,83.184464,78.362923,81.306328,81.306328,133640096
2020-07-29,81.298737,82.755028,79.118599,79.145859,79.145859,93331670
2020-07-30,79.167534,82.579353,78.924538,81.08992,81.08992,72088890
2020-07-31,81.075989,84.581604,80.485283,84.464775,84.464775,77343250
2020-08-01,84.464775,89.539024,83.529236,89.25676,89.25676,111518764
2020-08-02,89.296173,90.534874,82.1633,84.9674,84.9674,125411756
2020-08-03,84.921577,89.714317,84.159607,89.112999,89.112999,98801252
2020-08-04,89.099243,89.783752,85.871719,87.263763,87.263763,85392513
2020-08-05,87.267616,90.723198,86.326698,90.477699,90.477699,80729377
2020-08-06,90.482506,96.435616,88.745293,95.61097,95.61097,116231184
2020-08-07,95.549446,95.581947,90.512268,94.103424,94.103424,216791739
2020-08-08,94.160851,95.302689,92.093529,94.880318,94.880318,67833222
2020-08-09,94.852341,94.997345,92.64357,93.056572,93.056572,68854565
2020-08-10,93.114105,94.665672,91.122368,93.755051,93.755051,89731157
2020-08-11,93.794113,95.267685,84.684845,87.458679,87.458679,167105849
2020-08-12,87.480354,90.469154,84.513718,90.294518,90.294518,69702889
2020-08-13,90.283119,93.070435,86.257126,92.792824,92.792824,84264770
2020-08-14,92.794106,93.321388,90.161911,91.438103,91.438103,92896330
2020-08-15,91.430428,91.792282,89.730293,90.047127,90.047127,76569014
2020-08-16,90.073868,91.320694,88.412277,91.22023,91.22023,64177487
2020-08-17,91.22023,94.646729,89.786858,93.359146,93.359146,83192011
2020-08-18,93.371399,97.146873,92.087234,93.520096,93.520096,119998363
2020-08-19,93.470161,94.493988,89.550629,91.277451,91.277451,109367601
2020-08-20,91.253639,101.3114,91.253639,101.3114,101.3114,153441643
2020-08-21,101.36284,105.52251,92.521652,92.569595,92.569595,173157306
2020-08-22,92.543495,94.818001,89.117485,94.739082,94.739082,96380021
2020-08-23,94.614746,94.739265,90.690323,91.312607,91.312607,69274694
2020-08-24,91.35556,94.327766,90.572464,93.93988,93.93988,81919624
2020-08-25,93.904556,94.072563,86.647713,88.828781,88.828781,105150068
2020-08-26,88.758324,89.727142,87.610916,89.123993,89.123993,89871232
2020-08-27,89.09272,90.547386,86.175095,89.539352,89.539352,101423062
2020-08-28,89.567818,94.962318,88.947418,94.359978,94.359978,116665533
2020-08-29,94.356506,95.702751,92.576752,92.81897,92.81897,103879637
2020-08-30,92.811493,96.293449,92.807358,96.148193,96.148193,113688927
2020-08-31,96.214012,96.556709,93.334763,93.347473,93.347473,104051391
2020-09-01,93.351013,98.624413,92.128342,97.135849,97.135849,128552757
2020-09-02,97.127617,97.321411,88.482353,91.081741,91.081741,132175687
2020-09-03,91.081741,91.339775,77.611168,77.981133,77.981133,140380810
2020-09-04,77.835579,83.559219,77.110657,82.348129,82.348129,149075409
2020-09-05,82.537422,83.370392,74.667778,77.705078,77.705078,259444708
2020-09-06,77.705078,81.056259,75.421326,80.332649,80.332649,215200059
2020-09-07,80.235077,82.759682,77.043709,82.53054,82.53054,243693290
2020-09-08,82.511192,84.682846,79.097252,83.902222,83.902222,294622244
2020-09-09,83.885254,85.89859,82.373299,84.380806,84.380806,192100834
2020-09-10,84.41703,89.413109,83.245079,83.46209,83.46209,26710283019
2020-09-11,83.46209,89.016403,79.67746,88.388794,88.388794,20874120674
2020-09-12,88.188644,90.010834,83.060883,86.505547,86.505547,209387764
2020-09-13,86.505547,90.851784,83.330307,89.504234,89.504234,28959121742
2020-09-14,89.002014,93.184601,82.57972,92.65136,92.65136,524965378
2020-09-15,92.969902,94.599495,87.59185,91.123253,91.123253,532663423
2020-09-16,90.943932,95.626038,86.557213,86.605865,86.605865,502022873
2020-09-17,87.534775,93.992111,86.128632,92.426918,92.426918,487697605
2020-09-18,92.426918,97.301163,89.781914,92.299278,92.299278,435978522
2020-09-19,91.938988,96.63868,88.704559,95.738861,95.738861,485295626
2020-09-20,96.288139,96.66925,89.473511,93.361771,93.361771,493090147
2020-09-21,93.219917,95.604248,85.185638,88.952469,88.952469,478896181
2020-09-22,88.871429,94.784454,85.620667,92.954674,92.954674,407803150
2020-09-23,92.529953,94.031021,87.19471,87.467812,87.467812,391456471
2020-09-24,87.413544,91.879951,87.122162,91.793953,91.793953,415313750
2020-09-25,91.717705,93.786133,90.477676,92.752647,92.752647,424972428
2020-09-26,92.869347,95.253365,92.396362,94.652954,94.652954,372311694
2020-09-27,94.543777,99.619179,93.612602,97.181854,97.181854,509313971
2020-09-28,97.160324,98.556313,94.988953,95.126846,95.126846,457660052
2020-09-29,95.111191,100.81165,94.512108,100.35393,100.35393,515616519
2020-09-30,100.25961,109.90384,97.857414,108.15129,108.15129,690182931
2020-10-01,108.51467,112.95018,101.7052,102.65813,102.65813,854570165
2020-10-02,103.55566,104.74285,94.127693,101.71571,101.71571,765848018
2020-10-03,101.64148,103.8732,100.8947,103.65851,103.65851,596525983
2020-10-04,103.61214,108.94598,101.52477,105.56314,105.56314,681642870
2020-10-05,105.63567,113.92246,104.48121,112.90325,112.90325,764075575
2020-10-06,112.78036,113.65765,105.53117,106.66599,106.66599,796790445
2020-10-07,106.53768,112.53008,102.51939,109.98903,109.98903,965840606
2020-10-08,110.05341,112.44291,107.57486,110.90993,110.90993,834716514
2020-10-09,111.14019,118.02704,108.60226,116.03468,116.03468,869136720
2020-10-10,116.01382,118.37433,115.43864,115.83748,115.83748,732827430
2020-10-11,115.82693,126.03056,115.47052,125.92188,125.92188,823937833
2020-10-12,125.77792,134.70886,125.11127,129.58144,129.58144,1139231804
2020-10-13,129.22763,130.97643,123.64407,127.77769,127.77769,989515081
2020-10-14,127.83956,133.03679,125.27639,128.70174,128.70174,508090170
2020-10-15,128.49078,132.06111,124.27336,129.83162,129.83162,854391077
2020-10-16,129.91823,130.84068,118.88826,120.1889,120.1889,809567247
2020-10-17,120.28642,121.96166,118.80318,120.03816,120.03816,918445383
2020-10-18,119.945,123.69109,119.89337,123.62601,123.62601,629206957
2020-10-19,123.68633,128.85954,121.89019,125.40417,125.40417,738334532
2020-10-20,125.28835,126.42183,117.35592,117.94543,117.94543,1043640790
2020-10-21,118.06518,126.01077,116.70434,121.75271,121.75271,1429939004
2020-10-22,121.49015,129.17409,119.44615,127.06775,127.06775,1164629877
2020-10-23,127.53506,127.55682,122.54056,127.29602,127.29602,1019056589
2020-10-24,127.29609,129.72672,125.12086,128.9957,128.9957,905899376
2020-10-25,128.9957,133.71114,127.77891,130.79932,130.79932,945179739
2020-10-26,130.79935,138.79688,129.09459,132.02179,132.02179,1119665840
2020-10-27,132.02179,137.46869,131.24446,133.72809,133.72809,929589775
2020-10-28,133.72809,135.14273,123.43164,126.35036,126.35036,1178567842
2020-10-29,126.35038,128.3712,121.5741,124.28271,124.28271,1214131984
2020-10-30,124.28268,125.10449,117.99279,122.95086,122.95086,1308805667
2020-10-31,122.95085,127.98463,121.27663,126.33507,126.33507,1139362516
2020-11-01,126.33507,127.04913,123.52592,126.5553,126.5553,945308161
2020-11-02,126.55529,128.03906,116.70628,118.73442,118.73442,1256143677
2020-11-03,118.7344,121.3728,116.3394,120.7333,120.7333,1250890307
2020-11-04,120.73333,121.51425,114.23269,115.95584,115.95584,1576064011
2020-11-05,115.95586,120.19379,110.74737,119.81246,119.81246,1192785821
2020-11-06,119.81245,123.87075,116.79438,119.48122,119.48122,1133832829
2020-11-07,119.48122,125.6227,110.20513,111.31348,111.31348,1212524314
2020-11-08,111.31348,120.95885,110.04234,120.33414,120.33414,1075666534
2020-11-09,120.33415,121.98051,114.13525,115.65994,115.65994,930648315
2020-11-10,115.66005,117.8776,114.19209,115.33495,115.33495,886282458
2020-11-11,115.33495,117.96657,113.22674,113.36577,113.36577,953628922
2020-11-12,113.36575,115.08555,110.2705,112.047,112.047,1095901980
2020-11-13,112.04699,114.85161,111.77094,114.11271,114.11271,936557125
2020-11-14,114.11271,117.2189,113.32969,116.57745,116.57745,788167676
2020-11-15,116.57745,117.74676,112.9491,114.62094,114.62094,716438616
2020-11-16,114.62095,119.64249,113.54506,117.98246,117.98246,850372672
2020-11-17,119.19891,125.50617,117.82344,125.43039,125.43039,727842488
2020-11-18,125.43032,126.27803,120.02094,123.64198,123.64198,1075626342
2020-11-19,123.64186,123.64186,117.14733,118.38548,118.38548,967438282
2020-11-20,118.3855,123.06413,118.16939,120.9448,120.9448,982683690
2020-11-21,120.9448,129.4554,119.79631,128.06749,128.06749,1190447304
2020-11-22,128.06749,129.50847,119.82996,123.33388,123.33388,1419490754
2020-11-23,123.33388,131.01987,122.468,129.88901,129.88901,1179302984
2020-11-24,129.90094,142.08208,127.53095,135.20035,135.20035,1676850361
2020-11-25,135.18846,138.44257,125.9147,129.14587,129.14587,1543326329
2020-11-26,129.13066,132.32118,109.00288,119.35116,119.35116,1692582467
2020-11-27,119.37728,122.15285,112.10563,117.31321,117.31321,1120096045
2020-11-28,117.32427,124.5856,114.54088,122.00398,122.00398,888532373
2020-11-29,122.01476,125.87512,119.47275,123.99252,123.99252,990558821
2020-11-30,123.99361,129.74364,121.84003,129.71426,129.71426,960312531
2020-12-01,129.77023,132.27626,121.88725,125.92883,125.92883,867323873
2020-12-02,125.9329,129.13383,124.74731,127.89872,127.89872,952136003
2020-12-03,127.9148,133.78998,126.59228,133.01735,133.01735,886562181
2020-12-04,133.03729,135.7005,126.93457,127.01794,127.01794,938138557
2020-12-05,127.00738,133.50082,124.70447,133.36055,133.36055,780583419
2020-12-06,133.35918,134.79622,128.47839,134.65056,134.65056,912728956
2020-12-07,134.64978,143.74277,134.22928,138.92464,138.92464,1034799193
2020-12-08,138.92195,143.0352,133.18597,135.71199,135.71199,840892038
2020-12-09,135.70792,135.87186,127.58455,132.62823,132.62823,913661145
2020-12-10,132.62215,134.99561,129.6841,133.89603,133.89603,542981597
2020-12-11,133.90184,141.62424,129.9528,141.55614,141.55614,621798045
2020-12-12,141.5529,149.44621,141.53502,146.72313,146.72313,872906517
2020-12-13,146.73419,152.18904,143.90759,151.90993,151.90993,812781072
2020-12-14,151.91353,157.38278,151.15979,152.68317,152.68317,924928957
2020-12-15,152.67955,155.51158,150.86113,150.99568,150.99568,835723672
2020-12-16,150.98827,158.84692,147.7524,158.70459,158.70459,1165978079
2020-12-17,158.7142,163.1545,155.01888,160.22096,160.22096,1520827020
2020-12-18,160.20912,160.25211,153.28287,154.82112,154.82112,1198875248
2020-12-19,154.80766,158.16299,153.98793,155.01753,155.01753,1058413017
2020-12-20,155.01019,156.72342,151.43518,152.50002,152.50002,1179117992
2020-12-21,152.50226,153.44418,143.19139,146.27159,146.27159,871086463
2020-12-22,146.2515,157.4888,143.91154,156.17313,156.17313,1085861192
2020-12-23,156.18002,168.79448,148.90375,150.89761,150.89761,1651914827
2020-12-24,150.9151,158.40393,146.91231,156.75629,156.75629,1214238106
2020-12-25,156.76027,160.95468,152.75842,159.26891,159.26891,1140842321
2020-12-26,159.2686,167.95398,159.23766,167.93965,167.93965,1298457222
2020-12-27,167.96179,170.6093,156.57497,157.25827,157.25827,1265534848
2020-12-28,157.26692,168.10847,156.76146,166.48708,166.48708,1460056395
2020-12-29,166.48842,167.02725,155.00591,161.39322,161.39322,1308264776
2020-12-30,161.38438,163.92427,157.68393,159.3725,159.3725,1358681218
2020-12-31,159.36752,161.26564,155.77057,156.57231,156.57231,1095354071
2021-01-01,156.57018,169.14214,131.38901,136.04587,136.04587,1946205729
2021-01-02,136.05353,145.18449,129.23549,143.11722,143.11722,1794461266
2021-01-03,143.15417,144.72697,132.16148,138.06442,138.06442,1234835529
2021-01-04,138.13028,143.8929,129.68556,133.60277,133.60277,1098283687
2021-01-05,133.61465,139.57965,129.67554,136.82509,136.82509,1316221597
2021-01-06,136.82848,142.42813,132.89224,142.32329,142.32329,1127011232
2021-01-07,142.3445,152.83803,139.9595,143.1037,143.1037,1621898149
2021-01-08,143.07506,150.18529,136.04572,142.52988,142.52988,1385625368
2021-01-09,142.52965,148.92509,139.30882,147.56517,147.56517,1324637229
2021-01-10,147.56902,189.27866,147.56902,185.13799,185.13799,2265991619
2021-01-11,185.14059,185.14059,143.45192,158.58092,158.58092,2721315081
2021-01-12,158.47025,173.46384,154.96931,157.77756,157.77756,1801964025
2021-01-13,157.78693,172.82043,152.76305,171.80226,171.80226,1454995575
2021-01-14,171.76285,171.76285,160.97374,163.1133,163.1133,1882208443
2021-01-15,163.13347,167.53136,148.73138,157.38237,157.38237,1453280078
2021-01-16,157.38042,161.98558,153.55939,155.94153,155.94153,1055855028
2021-01-17,155.93372,164.05537,150.57481,159.58282,159.58282,1232527498
2021-01-18,159.5806,160.88745,150.86688,156.95686,156.95686,1245369745
2021-01-19,156.989,165.25856,152.81992,157.54364,157.54364,1413206282
2021-01-20,157.50351,160.79474,146.36241,153.02621,153.02621,1186398868
2021-01-21,153.02814,153.02814,128.98254,130.18938,130.18938,1459459068
2021-01-22,130.19266,140.04254,122.94889,135.70204,135.70204,1457964054
2021-01-23,135.66684,141.08197,133.89929,138.20631,138.20631,1212584945
2021-01-24,138.20488,142.24449,134.20401,137.47047,137.47047,1287049711
2021-01-25,137.46881,144.83031,136.98596,137.1972,137.1972,981919977
2021-01-26,137.19463,140.56964,133.80084,138.1132,138.1132,984356371
2021-01-27,138.10597,138.10597,125.4311,126.01576,126.01576,936623910
2021-01-28,126.01311,139.76534,124.12386,136.00677,136.00677,1094419239
2021-01-29,138.1355,150.00876,132.66922,140.46539,140.46539,875293617
2021-01-30,140.45329,142.10179,136.46072,139.4742,139.4742,1034542155
2021-01-31,139.47406,140.59227,132.60776,138.0607,138.0607,975323838
2021-02-01,138.05255,146.20761,135.78436,143.735,143.735,988331548
2021-02-02,143.71112,152.07838,142.41016,151.54727,151.54727,1143502712
2021-02-03,151.5432,155.31213,151.26672,154.9664,154.9664,1008948639
2021-02-04,154.96849,155.51103,147.99078,148.58618,148.58618,990560200
2021-02-05,148.57814,155.30688,147.787,155.27637,155.27637,1021414058
2021-02-06,155.26552,158.18927,152.35875,152.59425,152.59425,852533093
2021-02-07,152.58365,156.22453,147.77118,150.74123,150.74123,804302298
2021-02-08,150.71927,163.33414,147.62424,162.74544,162.74544,933249680
2021-02-09,162.76897,172.17873,159.37888,169.63153,169.63153,1266909007
2021-02-10,169.63432,182.1423,166.10626,175.71759,175.71759,1353006269
2021-02-11,175.69983,191.1635,171.15089,190.37659,190.37659,1371489332
2021-02-12,190.33972,214.99579,190.33972,201.41068,201.41068,1922969024
2021-02-13,201.37854,254.20135,200.07298,240.55879,240.55879,2507166376
2021-02-14,240.40709,242.52423,223.93324,230.69963,230.69963,1882616238
2021-02-15,230.6331,233.77979,203.36549,227.5125,227.5125,2055578928
2021-02-16,227.41919,232.46086,211.42981,221.28108,221.28108,1907158941
2021-02-17,221.25572,273.03381,221.25572,270.99573,270.99573,2434163823
2021-02-18,271.04587,275.48679,252.59647,262.19025,262.19025,897054224
2021-02-19,262.17825,283.67566,254.19679,283.48135,283.48135,992126854
2021-02-20,283.52664,288.23724,246.75578,256.04285,256.04285,991879040
2021-02-21,255.9514,260.23749,244.23967,247.65002,247.65002,858148416
2021-02-22,247.64319,247.75554,194.10864,225.02664,225.02664,999802849
2021-02-23,224.99272,225.01546,171.28899,219.53105,219.53105,1161680698
2021-02-24,219.57596,224.97603,198.76804,205.74913,205.74913,861035404
2021-02-25,205.74336,218.28297,197.54811,197.54811,197.54811,628245394
2021-02-26,197.73235,217.34708,194.11586,204.10449,204.10449,750516133
2021-02-27,204.15897,222.82674,204.15897,209.31081,209.31081,680010896
2021-02-28,209.28452,226.26797,199.84572,217.98952,217.98952,887720265
2021-03-01,218.02921,230.47893,210.81319,230.22546,230.22546,646909763
2021-03-02,230.2572,232.47865,211.79892,220.95541,220.95541,638715293
2021-03-03,220.94814,228.96428,216.46773,219.82544,219.82544,693978910
2021-03-04,219.78214,223.71474,210.37256,217.37328,217.37328,703916059
2021-03-05,217.35016,217.35016,203.45267,206.36391,206.36391,606923264
2021-03-06,206.34923,208.19847,198.5031,204.83203,204.83203,631648717
2021-03-07,204.83363,210.01546,202.69659,208.65787,208.65787,553596151
2021-03-08,208.658,221.08389,204.30101,221.00719,221.00719,670914775
2021-03-09,221.01186,228.9201,218.5099,225.25488,225.25488,580254645
2021-03-10,225.24698,227.42862,215.57993,220.66264,220.66264,581568999
2021-03-11,220.61676,226.03365,213.31969,221.27403,221.27403,493136434
2021-03-12,221.28384,225.74037,216.91664,223.36391,223.36391,494597092
2021-03-13,223.3761,238.55853,218.38928,238.46526,238.46526,571389163
2021-03-14,238.47598,240.55559,229.39288,233.17828,233.17828,610191652
2021-03-15,233.10342,237.78661,215.9462,222.28563,222.28563,700492723
2021-03-16,222.25998,229.94789,213.0443,229.43712,229.43712,537410059
2021-03-17,229.48325,240.04689,226.70958,236.02257,236.02257,554826263
2021-03-18,235.97313,240.95212,225.15204,231.32944,231.32944,495146902
2021-03-19,231.28963,238.82736,225.83565,232.81749,232.81749,462247967
2021-03-20,232.7597,242.45274,228.37711,235.6266,235.6266,452804822
2021-03-21,235.56779,238.7097,224.06989,233.20999,233.20999,534299989
2021-03-22,233.22618,238.2049,218.44008,219.79013,219.79013,555009867
2021-03-23,219.77214,226.61751,211.61652,218.8201,218.8201,626403251
2021-03-24,218.7877,230.64131,209.67273,211.7057,211.7057,633189682
2021-03-25,211.68546,221.45383,207.60674,213.78992,213.78992,530304578
2021-03-26,213.76505,229.25755,213.44543,222.50761,222.50761,418168581
2021-03-27,222.53566,226.5918,212.04614,224.50859,224.50859,437526797
2021-03-28,224.48251,234.04509,214.86775,233.97366,233.97366,561911793
2021-03-29,233.96588,243.92067,229.84352,234.8051,234.8051,537098413
2021-03-30,234.78104,250.18472,233.42079,245.47076,245.47076,530500223
2021-03-31,245.49934,262.69626,240.98636,246.15054,246.15054,860549600
2021-04-01,246.02779,258.69684,242.78119,252.49582,252.49582,614730542
2021-04-02,252.44405,263.58551,250.86287,260.85083,260.85083,632524815
2021-04-03,260.85526,269.82324,252.5788,260.88837,260.88837,528312209
2021-04-04,260.79507,272.89975,247.76033,261.99033,261.99033,602319017
2021-04-05,261.30182,271.32239,258.1698,263.92267,263.92267,488580114
2021-04-06,264.4006,277.29984,260.64905,271.04309,271.04309,575073239
2021-04-07,271.02563,280.19708,253.58313,257.74286,257.74286,737672836
2021-04-08,257.89377,272.04825,251.75735,269.99625,269.99625,540134380
2021-04-09,270.01895,290.17404,266.97031,273.83755,273.83755,554909467
2021-04-10,273.62668,298.81696,273.62668,292.86569,292.86569,657263547
2021-04-11,292.07303,329.86353,291.96143,327.31726,327.31726,747027382
2021-04-12,329.24515,344.51404,315.53906,315.53906,315.53906,855161646
2021-04-13,314.5159,331.22714,307.35062,327.21765,327.21765,690349553
2021-04-14,327.15802,331.57156,309.53036,321.66006,321.66006,591323578
2021-04-15,321.13379,348.61066,319.26199,344.24448,344.24448,650241197
2021-04-16,344.621,347.75885,314.86008,341.74036,341.74036,737981251
2021-04-17,341.56906,378.57217,341.56906,367.49863,367.49863,888937212
2021-04-18,367.7699,379.72757,292.78415,337.78583,337.78583,1064304406
2021-04-19,338.24826,365.65384,307.65485,355.6329,355.6329,1052097012
2021-04-20,356.90695,413.55743,328.72186,401.20789,401.20789,1801691135
2021-04-21,404.19366,424.87512,374.65454,379.78098,379.78098,1359514795
2021-04-22,376.54196,390.4505,345.0376,348.03998,348.03998,866564263
2021-04-23,347.33856,354.88342,302.02676,354.88342,354.88342,1057183278
2021-04-24,354.63199,396.00439,339.05811,380.51385,380.51385,808797431
2021-04-25,381.55692,403.88251,335.88263,355.37061,355.37061,725353196
2021-04-26,355.67767,402.56229,343.82309,402.40958,402.40958,717950425
2021-04-27,405.36057,412.39563,385.26047,402.76593,402.76593,602102807
2021-04-28,402.66177,439.62225,400.20139,414.4805,414.4805,916274319
2021-04-29,413.80066,424.99786,399.70544,407.36011,407.36011,576292236
2021-04-30,407.32962,422.83502,403.34595,421.89084,421.89084,562822279
2021-05-01,421.3913,433.61218,415.77704,426.27911,426.27911,549094538
2021-05-02,425.98117,426.66135,400.80322,405.12924,405.12924,411111121
2021-05-03,404.49728,425.91809,401.72717,411.8407,411.8407,528755188
2021-05-04,411.56406,411.89035,379.06537,380.20648,380.20648,593924461
2021-05-05,379.42804,417.81314,376.1871,417.20886,417.20886,547385085
2021-05-06,417.2984,435.21399,405.60159,422.5174,422.5174,709715623
2021-05-07,422.58237,517.62024,422.58237,457.14499,457.14499,1783650459
2021-05-08,454.71997,485.72989,451.69485,475.47278,475.47278,824972215
2021-05-09,475.81741,485.88571,447.89355,483.58362,483.58362,598455194
2021-05-10,483.70999,497.18805,425.80945,441.63736,441.63736,666267539
2021-05-11,441.24741,454.42929,420.48755,453.53113,453.53113,610337288
2021-05-12,453.21051,477.72455,392.38293,392.38293,392.38293,640553003
2021-05-13,396.69754,420.87515,370.65149,402.35748,402.35748,624563561
2021-05-14,402.50381,421.95831,397.71609,412.54041,412.54041,422174265
2021-05-15,412.66983,440.82431,382.01547,382.3989,382.3989,674489822
2021-05-16,382.13559,404.36365,372.26767,390.91467,390.91467,474889086
2021-05-17,390.81216,390.81216,333.03598,339.88184,339.88184,479550383
2021-05-18,339.45432,360.37073,327.66705,341.2616,341.2616,347828077
2021-05-19,341.57761,345.08725,153.36937,200.02719,200.02719,745701764
2021-05-20,198.25154,289.71942,182.12338,282.42337,282.42337,872530333
2021-05-21,281.01672,329.55728,227.98895,256.76642,256.76642,1171333242
2021-05-22,256.91489,262.49094,223.48578,231.61369,231.61369,663712170
2021-05-23,231.53818,261.05801,177.45395,227.92908,227.92908,715346434
2021-05-24,226.51683,256.81104,216.07623,255.36769,255.36769,470362123
2021-05-25,256.05011,264.96878,227.82111,247.11302,247.11302,429822335
2021-05-26,246.86761,270.20728,243.45479,268.57834,268.57834,366226752
2021-05-27,268.81488,269.39395,243.89233,250.66959,250.66959,320841925
2021-05-28,251.82335,266.4501,219.59824,262.82053,262.82053,483258612
2021-05-29,262.51846,296.69614,229.77174,242.68448,242.68448,648796097
2021-05-30,242.99757,267.65112,226.91615,262.33374,262.33374,314970461
2021-05-31,261.92917,275.83585,243.02896,272.91949,272.91949,282750686
2021-06-01,272.44473,275.65723,253.31473,265.77484,265.77484,303059899
2021-06-02,266.43021,294.98175,262.82916,294.09207,294.09207,301842321
2021-06-03,294.70581,315.66422,286.44824,308.18878,308.18878,366249438
2021-06-04,309.49741,310.88162,268.86694,287.46371,287.46371,403964500
2021-06-05,287.83258,295.11188,257.82382,264.30829,264.30829,338579839
2021-06-06,264.06119,276.78455,262.70538,272.5947,272.5947,231751973
2021-06-07,272.60284,281.44711,248.09743,248.93336,248.93336,262686065
2021-06-08,249.19965,255.85069,223.1105,254.87543,254.87543,365399076
2021-06-09,253.43045,275.36203,237.75819,274.33167,274.33167,370823882
2021-06-10,274.79953,282.70575,254.87776,255.3559,255.3559,314981209
2021-06-11,255.67743,258.26282,240.63969,242.9816,242.9816,241920364
2021-06-12,242.92241,251.80206,232.22845,242.96053,242.96053,191158127
2021-06-13,243.33133,261.36118,238.21016,261.19461,261.19461,172816271
2021-06-14,260.70346,275.50085,258.83319,269.93549,269.93549,187535189
2021-06-15,281.06882,283.23022,272.4852,279.4957,279.4957,248416884
2021-06-16,279.60376,288.40967,260.30408,262.21863,262.21863,222847776
2021-06-17,262.38763,281.43842,262.13062,277.10904,277.10904,194978104
2021-06-18,277.18698,279.95059,261.21536,264.84451,264.84451,277892540
2021-06-19,266.10217,282.37494,264.54327,270.52072,270.52072,264783505
2021-06-20,268.74518,271.27567,248.52676,264.60086,264.60086,223987999
2021-06-21,264.69614,265.7381,200.40541,203.36182,203.36182,342681698
2021-06-22,203.1021,225.79642,180.87553,201.53152,201.53152,394323770
2021-06-23,201.51183,223.70856,193.18729,212.46379,212.46379,308473089
2021-06-24,218.6926,226.70293,204.49396,225.06805,225.06805,245999721
2021-06-25,225.5786,227.43602,192.6689,196.50369,196.50369,299077901
2021-06-26,196.00615,202.77748,185.50232,202.77748,202.77748,215319243
2021-06-27,202.68634,211.86032,195.88008,211.19907,211.19907,152877054
2021-06-28,211.67177,216.82358,205.99458,212.44875,212.44875,190542502
2021-06-29,212.87497,227.02203,212.43677,217.14497,217.14497,234371957
2021-06-30,217.83521,223.66136,209.04431,222.26944,222.26944,209426116
2021-07-01,222.39029,222.74062,203.42696,206.56387,206.56387,199614267
2021-07-02,206.2524,211.66608,199.60854,211.34514,211.34514,151943393
2021-07-03,211.45816,216.32797,207.04219,214.75278,214.75278,136414130
2021-07-04,214.83995,224.90901,213.02307,219.84142,219.84142,169785754
2021-07-05,219.96196,220.35419,206.50261,214.465,214.465,170985179
2021-07-06,214.47072,222.13713,212.29683,222.13713,222.13713,167861959
2021-07-07,221.85538,231.42877,214.51466,214.85056,214.85056,187227277
2021-07-08,215.29056,215.703,202.01097,205.44128,205.44128,170804024
2021-07-09,205.24593,214.67314,199.92934,212.74699,212.74699,157902082
2021-07-10,212.67667,217.48038,207.33202,209.55688,209.55688,154908655
2021-07-11,209.67647,214.85977,208.05417,211.52144,211.52144,166484861
2021-07-12,211.58237,216.63322,203.30994,206.81245,206.81245,158179950
2021-07-13,206.7207,211.61441,200.47067,203.54851,203.54851,148404994
2021-07-14,203.67029,204.96336,192.53067,203.24548,203.24548,145000394
2021-07-15,203.45456,205.43811,190.30905,196.19939,196.19939,178754461
2021-07-16,196.45679,200.00247,191.51938,193.12627,193.12627,145661937
2021-07-17,192.92023,199.34045,191.26721,197.61168,197.61168,137086509
2021-07-18,197.66289,205.0025,197.26195,199.52016,199.52016,134221629
2021-07-19,199.44304,200.47601,187.73177,188.79561,188.79561,161139172
2021-07-20,189.02713,191.46812,178.87364,183.09679,183.09679,188384881
2021-07-21,182.88777,200.13472,179.18744,196.41045,196.41045,182110751
2021-07-22,196.70863,202.18649,190.46632,197.63129,197.63129,140729299
2021-07-23,197.71815,203.6937,194.97632,203.56358,203.56358,124299183
2021-07-24,203.6888,210.92709,202.00528,208.66444,208.66444,137182375
2021-07-25,208.65137,214.43648,204.21069,213.48746,213.48746,147190704
2021-07-26,213.54768,234.93466,212.76678,218.51184,218.51184,287305467
2021-07-27,218.09395,226.66187,214.55605,226.0995,226.0995,218701213
2021-07-28,226.08446,234.9041,222.52609,234.79631,234.79631,212216608
2021-07-29,235.3277,248.20728,231.34471,241.22917,241.22917,189494044
2021-07-30,241.54834,245.33513,230.44688,242.79779,242.79779,203635494
2021-07-31,242.40445,249.06523,234.51372,240.17029,240.17029,208721836
2021-08-01,239.6601,249.38493,232.56967,236.23145,236.23145,196766251
2021-08-02,235.99759,244.15048,228.62746,233.06784,233.06784,183571683
2021-08-03,232.79643,236.75974,223.67227,225.19591,225.19591,181967424
2021-08-04,225.62749,245.64622,223.14719,244.9684,244.9684,217332184
2021-08-05,245.08679,253.83214,237.32118,252.86154,252.86154,245048086
2021-08-06,252.8784,266.34946,250.83479,263.03653,263.03653,260143244
2021-08-07,262.96179,275.88257,259.61389,270.97928,270.97928,233040691
2021-08-08,271.34238,274.51672,256.28387,256.85373,256.85373,227195719
2021-08-09,257.14651,271.75058,253.82164,270.18649,270.18649,228186214
2021-08-10,269.7327,270.77591,260.52792,266.17224,266.17224,228553925
2021-08-11,266.39557,279.41479,266.01752,268.56924,268.56924,241730740
2021-08-12,268.55676,276.4136,252.56259,257.09708,257.09708,236282587
2021-08-13,257.53378,273.21472,255.23473,273.0665,273.0665,227228996
2021-08-14,272.97083,279.49554,265.55661,271.28558,271.28558,197636594
2021-08-15,271.4805,275.08087,262.04071,272.23694,272.23694,193048536
2021-08-16,272.0701,284.31839,266.36945,267.87238,267.87238,227863349
2021-08-17,267.14767,277.94635,255.51299,256.27191,256.27191,207709212
2021-08-18,256.4169,261.96228,247.74925,253.49658,253.49658,203452807
2021-08-19,253.05368,264.08667,247.40706,264.08667,264.08667,193471982
2021-08-20,264.07663,283.3418,262.21567,281.94446,281.94446,216310555
2021-08-21,282.23297,293.26321,273.20071,288.17096,288.17096,210367761
2021-08-22,288.19955,306.62314,276.32608,305.60706,305.60706,248292920
2021-08-23,306.47098,333.77786,303.26746,318.32449,318.32449,330390588
2021-08-24,318.68747,339.5448,303.29153,307.54233,307.54233,324926843
2021-08-25,308.10239,324.53296,298.52734,313.52365,313.52365,305885601
2021-08-26,314.21063,317.55753,287.07648,291.98151,291.98151,268875500
2021-08-27,291.95276,316.76169,286.29944,315.00055,315.00055,248871483
2021-08-28,315.20633,316.58755,298.55737,300.22873,300.22873,183815434
2021-08-29,300.5188,306.758,287.88583,291.57196,291.57196,231037558
2021-08-30,291.85367,295.09122,281.26022,282.02634,282.02634,240246571
2021-08-31,281.87842,291.99728,279.57709,286.18863,286.18863,200519263
2021-09-01,286.11478,303.30829,280.12274,303.30252,303.30252,238671149
2021-09-02,303.10767,309.25668,298.14606,302.76172,302.76172,222441339
2021-09-03,302.81009,309.55725,296.86459,303.78613,303.78613,228729580
2021-09-04,303.77844,311.34644,300.0369,305.35492,305.35492,193629163
2021-09-05,305.21805,318.99234,300.0285,315.19608,315.19608,248288144
2021-09-06,315.45859,321.72012,301.33197,314.77237,314.77237,284693798
2021-09-07,314.965,316.05856,234.7693,262.17181,262.17181,470787907
2021-09-08,262.12701,270.90659,246.10957,256.74863,256.74863,357775024
2021-09-09,255.91782,266.85495,254.61273,261.43179,261.43179,267345989
2021-09-10,261.52097,268.25595,244.74666,248.88382,248.88382,220571901
2021-09-11,249.27223,258.77655,247.77699,249.76497,249.76497,151933700
2021-09-12,250.02766,258.30722,246.54131,256.32434,256.32434,177933859
2021-09-13,256.51279,269.75168,243.53838,262.97195,262.97195,368079864
2021-09-14,263.41422,274.30264,256.05554,268.75305,268.75305,319973872
2021-09-15,268.5509,274.12631,265.4733,269.33264,269.33264,231866380
2021-09-16,269.37534,273.3237,259.86279,263.92349,263.92349,216554161
2021-09-17,264.13351,267.71033,257.27194,262.46667,262.46667,171606452
2021-09-18,262.39374,271.83698,259.9277,271.68875,271.68875,163931480
2021-09-19,271.68344,275.77426,258.6749,259.92636,259.92636,185050652
2021-09-20,259.95093,261.40121,227.3334,231.29417,231.29417,331425683
2021-09-21,232.64485,237.56119,213.11476,217.67622,217.67622,247580022
2021-09-22,217.33437,245.45876,214.69876,245.27814,245.27814,227247812
2021-09-23,245.0956,251.04892,243.4931,249.04718,249.04718,192441519
2021-09-24,249.2229,254.3813,224.2491,233.79265,233.79265,252305869
2021-09-25,233.78647,242.50351,230.56638,235.92136,235.92136,202740884
2021-09-26,236.19292,237.21317,222.11414,234.10971,234.10971,244160461
2021-09-27,234.7467,248.05109,234.21523,234.7296,234.7296,221243683
2021-09-28,234.5437,243.6355,228.38162,229.60031,229.60031,225342820
2021-09-29,229.77605,240.7551,228.82634,234.14871,234.14871,193353308
2021-09-30,233.97388,254.18613,232.92639,250.82475,250.82475,230758009
2021-10-01,251.09705,261.39139,243.38281,257.82578,257.82578,276235800
2021-10-02,257.56671,262.42145,251.76846,253.23039,253.23039,201448901
2021-10-03,253.00652,263.53137,250.33141,259.0079,259.0079,200304137
2021-10-04,259.36017,267.14014,251.82458,264.04462,264.04462,208103132
2021-10-05,264.51102,275.60733,261.13806,270.7522,270.7522,241679025
2021-10-06,270.93069,294.08804,263.03369,286.5708,286.5708,290102759
2021-10-07,286.62576,295.78284,276.10718,277.86267,277.86267,240943637
2021-10-08,277.95734,286.4411,276.42981,277.92017,277.92017,200018428
2021-10-09,277.75589,282.21909,274.00275,278.24817,278.24817,181184297
2021-10-10,278.22836,282.56766,269.83759,270.70044,270.70044,146286900
2021-10-11,270.34872,279.96979,266.05899,276.78815,276.78815,209535790
2021-10-12,276.9046,280.66971,268.76501,277.15903,277.15903,213602413
2021-10-13,277.18564,283.15009,269.50827,274.94482,274.94482,169716936
2021-10-14,274.55878,274.73318,264.82214,266.43762,266.43762,162259649
2021-10-15,266.61868,278.92007,261.05115,273.70432,273.70432,239118228
2021-10-16,273.97726,274.10596,265.05069,268.13382,268.13382,181330395
2021-10-17,267.75174,268.27188,253.60614,260.80405,260.80405,161631642
2021-10-18,261.07602,264.38052,252.96098,256.52563,256.52563,154975543
2021-10-19,256.52283,260.42624,252.07034,254.96158,254.96158,155008232
2021-10-20,255.052,265.60324,253.43497,260.13055,260.13055,189011169
2021-10-21,260.02081,274.69867,257.9328,270.4845,270.4845,263793052
2021-10-22,271.13391,275.22467,264.30804,266.39899,266.39899,185909828
2021-10-23,266.31006,269.54474,261.35822,267.72797,267.72797,125376911
2021-10-24,267.72696,294.86349,266.78772,289.76578,289.76578,279386900
2021-10-25,289.55612,296.73721,283.94995,286.75888,286.75888,310001978
2021-10-26,286.55566,293.89209,279.62766,280.00443,280.00443,336588996
2021-10-27,280.00378,283.36139,249.09752,255.74841,255.74841,350087718
2021-10-28,255.7386,271.09125,253.61096,267.51889,267.51889,293750043
2021-10-29,267.25348,271.16632,265.11972,268.4223,268.4223,216037165
2021-10-30,268.42227,269.75302,261.4314,262.87341,262.87341,173297382
2021-10-31,263.18567,276.28186,262.84555,273.70703,273.70703,212582197
2021-11-01,274.15988,278.41797,267.23557,271.11121,271.11121,209433059
2021-11-02,271.08997,277.35593,268.017,275.22586,275.22586,178359604
2021-11-03,275.2326,275.53751,264.36609,266.20441,266.20441,217247549
2021-11-04,266.20068,267.11008,256.46396,260.77444,260.77444,189206819
2021-11-05,261.01257,263.2265,253.69795,256.53363,256.53363,221148284
2021-11-06,256.45273,262.81342,249.7744,260.16925,260.16925,186483671
2021-11-07,260.37534,267.28653,259.15891,267.10403,267.10403,187571059
2021-11-08,267.19971,275.25327,261.9617,275.00754,275.00754,284399688
2021-11-09,275.09311,293.95718,269.23209,288.61682,288.61682,360356162
2021-11-10,289.38986,292.93811,260.34921,267.89716,267.89716,353063230
2021-11-11,267.52362,271.19376,261.31833,265.50195,265.50195,289332874
2021-11-12,264.10007,267.00632,252.4079,260.28021,260.28021,228685208
2021-11-13,260.73474,274.85645,258.1951,270.99844,270.99844,207041828
2021-11-14,270.8916,281.78412,266.69733,275.1366,275.1366,212570992
2021-11-15,275.0965,278.80484,266.13702,267.77182,267.77182,211917154
2021-11-16,268.49789,268.49789,232.96344,241.25722,241.25722,319630009
2021-11-17,241.28876,244.48453,231.88455,241.66145,241.66145,229743440
2021-11-18,241.81517,244.03979,224.17108,226.41951,226.41951,244173036
2021-11-19,226.22826,239.66667,224.62709,238.84782,238.84782,193439772
2021-11-20,238.81325,251.96828,237.35565,247.23363,247.23363,183651814
2021-11-21,247.2019,253.94836,242.47874,250.8797,250.8797,148927420
2021-11-22,250.73909,251.16806,229.29941,231.93922,231.93922,189430314
2021-11-23,231.84941,239.118,225.94514,236.25345,236.25345,196965118
2021-11-24,237.49854,246.85445,233.37061,235.52692,235.52692,195370540
2021-11-25,243.84453,250.92134,241.95465,246.83783,246.83783,263792971
2021-11-26,248.12816,249.55145,218.70898,226.27885,226.27885,230322839
2021-11-27,226.50627,233.89572,225.91342,228.26706,228.26706,169858636
2021-11-28,228.33337,239.5687,220.28831,239.05331,239.05331,197104659
2021-11-29,239.38016,240.17003,233.60789,235.78494,235.78494,206200396
2021-11-30,235.96497,250.19872,228.55312,238.09703,238.09703,266503040
2021-12-01,237.92116,242.88211,227.44405,230.86259,230.86259,197370330
2021-12-02,230.76938,241.68091,225.69106,239.19247,239.19247,207276368
2021-12-03,239.23651,244.12816,219.30966,223.60536,223.60536,216148521
2021-12-04,224.11015,225.62538,179.19955,204.62645,204.62645,288521122
2021-12-05,204.66699,206.2453,193.73485,201.27014,201.27014,172166313
2021-12-06,201.40262,203.98917,186.15219,201.68199,201.68199,184307078
2021-12-07,201.77168,208.39328,199.81647,207.46939,207.46939,168591943
2021-12-08,207.11047,214.10721,200.78835,209.73967,209.73967,199961044
2021-12-09,209.60182,210.7104,188.23511,189.52048,189.52048,174713045
2021-12-10,189.66219,197.36021,186.90352,189.89021,189.89021,184760625
2021-12-11,190.04237,199.85487,187.85245,198.96388,198.96388,142239855
2021-12-12,198.47388,201.75638,191.70612,198.01776,198.01776,139060778
2021-12-13,198.10976,199.04904,181.75348,183.97295,183.97295,169057956
2021-12-14,183.89836,187.29657,180.46449,181.2045,181.2045,150596677
2021-12-15,186.81528,190.58757,179.18665,188.28275,188.28275,145561083
2021-12-16,188.19063,198.83665,185.22064,187.19495,187.19495,181169060
2021-12-17,187.2363,188.73975,177.21516,181.87505,181.87505,133025326
2021-12-18,181.77635,185.39185,178.20302,181.172,181.172,115827567
2021-12-19,181.23737,185.99431,178.30057,183.84778,183.84778,118792852
2021-12-20,183.89594,192.98534,179.36049,188.78645,188.78645,198161788
2021-12-21,188.79314,197.90327,187.35733,189.23358,189.23358,166808862
2021-12-22,189.16928,194.30202,186.45065,190.66541,190.66541,166257683
2021-12-23,190.57669,214.89844,187.85406,209.77916,209.77916,262671260
2021-12-24,209.8342,210.56738,200.7346,204.25575,204.25575,149622858
2021-12-25,204.39748,218.17212,203.51692,211.22482,211.22482,147180604
2021-12-26,211.08551,217.56856,206.22884,217.1086,217.1086,115110962
2021-12-27,217.18031,236.51485,215.7599,220.45166,220.45166,259902965
2021-12-28,220.65164,220.90286,207.55605,208.8047,208.8047,178488787
2021-12-29,208.97266,218.73491,203.34137,214.46785,214.46785,162776998
2021-12-30,214.64999,228.21144,209.4433,225.74802,225.74802,228946574
2021-12-31,225.58244,234.02367,223.18436,228.82495,228.82495,195595328
2022-01-01,228.84784,251.8701,228.76865,250.20618,250.20618,277123156
2022-01-02,250.17435,250.69333,236.70125,239.3717,239.3717,205086716
2022-01-03,239.37492,239.45955,223.89769,231.54755,231.54755,181602416
2022-01-04,231.56317,232.96461,221.17218,222.34445,222.34445,158699220
2022-01-05,222.33072,224.84283,202.32494,207.30022,207.30022,167830134
2022-01-06,207.17865,207.17865,194.67242,204.04419,204.04419,167583978
2022-01-07,204.07549,208.42265,192.66855,194.51123,194.51123,188855914
2022-01-08,194.51697,197.2926,179.70331,184.38858,184.38858,159500629
2022-01-09,184.42435,194.30807,183.50954,190.56548,190.56548,160397525
2022-01-10,190.58231,194.16798,179.77975,182.9548,182.9548,155326169
2022-01-11,182.8934,193.00221,181.51219,192.99606,192.99606,148243963
2022-01-12,192.99828,200.45869,192.74025,198.88474,198.88474,128414859
2022-01-13,198.88745,229.24529,198.57425,222.54729,222.54729,389788594
2022-01-14,222.87152,230.23892,217.54401,229.34615,229.34615,270672381
2022-01-15,229.33952,230.26079,217.30893,217.89725,217.89725,128729844
2022-01-16,217.92403,227.56519,213.42949,224.06606,224.06606,142051428
2022-01-17,224.01813,229.67854,212.44048,215.14986,215.14986,214943426
2022-01-18,215.1398,217.41554,200.17282,204.45512,204.45512,173747300
2022-01-19,204.41844,212.28748,199.57065,201.7119,201.7119,182623715
2022-01-20,201.68906,209.60268,188.42876,188.42876,188.42876,117167229
2022-01-21,188.5067,191.87593,168.05507,172.04706,172.04706,212493540
2022-01-22,172.16621,174.60051,142.23323,151.72905,151.72905,254534089
2022-01-23,151.84352,158.53502,148.58839,156.39575,156.39575,150684447
2022-01-24,156.42174,156.62445,135.32465,146.84589,146.84589,207597550
2022-01-25,146.85172,147.21455,140.37798,144.72815,144.72815,209941643
2022-01-26,144.69942,157.959,143.43806,148.29645,148.29645,198939510
2022-01-27,148.29306,149.17351,139.70024,144.47897,144.47897,157131646
2022-01-28,144.43564,149.13248,141.0648,149.02414,149.02414,115462806
2022-01-29,149.02768,155.29807,148.9357,153.45163,153.45163,95168638
2022-01-30,153.52623,154.67949,146.08629,147.91908,147.91908,105280126
2022-01-31,147.9184,147.9892,141.2235,147.37473,147.37473,130730760
2022-02-01,147.33989,148.03906,143.74174,146.16348,146.16348,149547599
2022-02-02,146.1633,150.15654,144.32405,144.80357,144.80357,127594095
2022-02-03,144.78384,146.63528,141.28804,146.63528,146.63528,110870747
2022-02-04,146.61795,165.4447,146.61795,165.12032,165.12032,195159073
2022-02-05,165.12689,169.99872,162.41699,168.68193,168.68193,148837412
2022-02-06,168.68224,173.88766,167.22624,173.5258,173.5258,109060833
2022-02-07,173.52098,185.19087,171.03387,184.63527,184.63527,167723670
2022-02-08,184.72514,187.34085,175.04405,178.89983,178.89983,170213461
2022-02-09,178.78421,185.62585,176.11389,185.62585,185.62585,133724143
2022-02-10,185.63553,187.17287,177.98143,179.44432,179.44432,174283284
2022-02-11,179.46103,181.20128,166.62845,168.67033,168.67033,150400613
2022-02-12,168.8353,175.0032,164.76135,173.77045,173.77045,135367430
2022-02-13,173.74788,175.07188,170.89241,174.39194,174.39194,97351829
2022-02-14,174.22586,177.15651,168.14281,176.29378,176.29378,111550494
2022-02-15,176.28313,183.23305,174.81122,182.37001,182.37001,163290735
2022-02-16,182.41118,183.57959,178.32997,179.30949,179.30949,138822596
2022-02-17,179.23322,180.6646,163.26364,163.38528,163.38528,150598087
2022-02-18,163.58902,166.64569,159.30424,160.13788,160.13788,141126011
2022-02-19,160.1284,165.27789,158.4873,161.28519,161.28519,148353177
2022-02-20,161.26457,161.46744,151.3726,153.93527,153.93527,123017799
2022-02-21,153.88658,161.46326,147.77463,147.96924,147.96924,165522511
2022-02-22,147.94186,151.19188,141.20044,150.90546,150.90546,147062685
2022-02-23,150.89134,155.90816,148.77745,149.12062,149.12062,103672213
2022-02-24,149.03107,149.57913,132.69035,147.03302,147.03302,179849596
2022-02-25,147.10199,155.70557,145.59192,153.46913,153.46913,127531340
2022-02-26,153.55226,159.86699,152.37669,157.66095,157.66095,109933821
2022-02-27,157.64058,159.4462,149.25116,150.72887,150.72887,117546103
2022-02-28,150.69545,170.36368,148.88731,170.19031,170.19031,162762449
2022-03-01,170.21739,179.64415,170.21739,177.53415,177.53415,150771651
2022-03-02,177.57253,180.97278,173.24763,177.70995,177.70995,147182469
2022-03-03,177.7104,180.7735,170.90698,172.03264,172.03264,147294442
2022-03-04,172.05469,179.15697,156.95482,159.71349,159.71349,186777427
2022-03-05,159.77917,165.77367,156.12671,165.77367,165.77367,107034207
2022-03-06,165.79919,173.10677,159.03404,159.14575,159.14575,189265780
2022-03-07,159.12689,162.69531,153.74805,158.06268,158.06268,135717353
2022-03-08,158.0571,205.31239,157.55792,204.84634,204.84634,384399066
2022-03-09,204.63054,206.91161,185.73302,188.72948,188.72948,565027360
2022-03-10,188.66411,192.23015,167.29251,179.31567,179.31567,294085080
2022-03-11,179.27275,179.27275,167.69252,170.67378,170.67378,200314482
2022-03-12,170.69069,186.34769,170.24792,185.47525,185.47525,220047645
2022-03-13,185.42154,194.18965,175.02898,176.17024,176.17024,242872456
2022-03-14,176.12233,186.26918,174.31477,185.66425,185.66425,180820430
2022-03-15,185.6467,190.76566,177.42036,183.2787,183.2787,215707665
2022-03-16,183.2822,192.87833,182.64778,189.61925,189.61925,249534295
2022-03-17,189.58084,191.47687,185.92868,187.82162,187.82162,157799906
2022-03-18,187.808,196.33,186.27191,195.1142,195.1142,173515416
2022-03-19,195.08977,201.76421,191.39339,197.47737,197.47737,206849495
2022-03-20,197.45007,204.50908,194.53651,194.60248,194.60248,187426105
2022-03-21,194.59377,195.44405,188.91287,191.84868,191.84868,168436976
2022-03-22,191.82271,197.96251,189.93924,193.8539,193.8539,152700241
2022-03-23,193.8479,197.43617,191.33841,197.39027,197.39027,110609580
2022-03-24,197.37045,204.33002,194.18626,203.92691,203.92691,162668371
2022-03-25,203.92406,204.68193,199.00427,199.80319,199.80319,141535559
2022-03-26,199.80794,209.61548,199.42735,207.19203,207.19203,129813277
2022-03-27,207.19789,215.62366,205.54408,215.11162,215.11162,157845715
2022-03-28,215.32756,221.39395,213.04391,214.81909,214.81909,170256407
2022-03-29,214.71222,225.38387,214.71222,222.00604,222.00604,163673084
2022-03-30,221.99271,223.01744,216.60773,221.57761,221.57761,156157155
2022-03-31,221.52487,223.20796,211.74005,212.7001,212.7001,148506330
2022-04-01,212.7948,221.84418,209.20384,218.30991,218.30991,177054928
2022-04-02,218.31552,222.70921,212.38838,212.55396,212.55396,145296260
2022-04-03,212.54956,218.72372,209.43417,217.2458,217.2458,117080472
2022-04-04,217.23326,223.78964,211.70734,221.95245,221.95245,153401504
2022-04-05,221.99327,228.25273,218.75865,222.39124,222.39124,192633448
2022-04-06,222.37001,224.095,212.28842,213.76079,213.76079,211962433
2022-04-07,213.70872,227.87634,213.36163,226.46924,226.46924,203548299
2022-04-08,226.43436,227.14612,215.27872,217.12074,217.12074,174716235
2022-04-09,217.09308,244.22675,216.75816,240.22203,240.22203,340161431
2022-04-10,240.19792,244.30423,229.37025,236.04175,236.04175,286608949
2022-04-11,235.96783,243.31184,216.41769,225.62764,225.62764,385669610
2022-04-12,225.75174,248.3324,224.93968,232.85751,232.85751,526851564
2022-04-13,232.79459,238.46233,227.80779,236.9061,236.9061,219447167
2022-04-14,236.89601,239.99696,224.36284,229.63277,229.63277,175921002
2022-04-15,229.63629,239.70639,228.5459,239.26343,239.26343,173474747
2022-04-16,239.26648,239.33302,228.47841,236.28581,236.28581,162814097
2022-04-17,236.28339,242.76004,235.12447,241.26454,241.26454,159132419
2022-04-18,241.28528,266.76819,234.52429,266.57153,266.57153,424808881
2022-04-19,266.48956,267.93524,250.43756,254.10782,254.10782,310742790
2022-04-20,254.10368,270.03958,251.96448,266.5632,266.5632,359823531
2022-04-21,266.57153,288.82095,266.09293,279.39313,279.39313,515523707
2022-04-22,279.24615,287.32141,261.858,268.1391,268.1391,343046692
2022-04-23,268.18402,278.79434,262.85428,267.00134,267.00134,230336098
2022-04-24,266.95184,268.78641,249.09221,252.90616,252.90616,227578795
2022-04-25,252.89989,259.40674,237.93771,254.4025,254.4025,283402341
2022-04-26,254.34669,263.73517,228.45798,229.23091,229.23091,275295869
2022-04-27,229.49377,235.70766,221.98227,229.51425,229.51425,235574090
2022-04-28,229.50053,237.47655,224.07472,226.9742,226.9742,203035795
2022-04-29,226.96123,235.0248,217.51456,220.68797,220.68797,228539213
2022-04-30,220.70096,233.25121,213.53589,214.66257,214.66257,233614573
2022-05-01,214.69122,227.33073,209.01047,212.66911,212.66911,211597053
2022-05-02,212.63681,216.08243,196.67609,198.66716,198.66716,234496868
2022-05-03,198.68417,215.34193,198.68417,207.54103,207.54103,212084119
2022-05-04,207.48254,225.18169,206.69897,225.18169,225.18169,218881517
2022-05-05,225.16034,229.32327,198.62279,206.62238,206.62238,228652275
2022-05-06,206.63634,217.41588,201.16653,217.00574,217.00574,204120727
2022-05-07,217.25461,222.90977,199.94142,204.20375,204.20375,215690316
2022-05-08,204.27318,221.63115,200.36824,217.23892,217.23892,278903350
2022-05-09,217.21513,220.55692,175.35143,175.35143,175.35143,275353337
2022-05-10,174.99409,189.10677,152.97284,162.95692,162.95692,300591532
2022-05-11,162.90564,171.27023,138.46399,138.74615,138.74615,330581689
2022-05-12,139.05196,154.5892,119.30346,137.88596,137.88596,316908184
2022-05-13,137.77655,154.98761,135.45517,143.94507,143.94507,179098418
2022-05-14,143.96268,154.59708,136.6828,154.37053,154.37053,158306034
2022-05-15,154.12663,172.4863,151.07072,171.67938,171.67938,190261455
2022-05-16,171.67035,174.61563,160.24352,162.226,162.226,187969094
2022-05-17,162.25883,177.20187,162.21611,172.86835,172.86835,172030064
2022-05-18,172.85475,175.44177,155.26213,155.32758,155.32758,154490275
2022-05-19,155.31784,169.35938,151.35146,165.81943,165.81943,152392514
2022-05-20,165.80574,180.95134,163.57042,174.22253,174.22253,234021413
2022-05-21,174.13002,180.60716,170.59782,175.99365,175.99365,146462498
2022-05-22,175.95171,187.82115,172.68042,187.16049,187.16049,128816310
2022-05-23,187.13232,199.35561,182.29678,185.18231,185.18231,269858942
2022-05-24,185.14198,196.02841,183.75905,193.09315,193.09315,202501485
2022-05-25,193.07617,204.68764,191.7068,203.91544,203.91544,233415550
2022-05-26,203.98181,205.31285,186.71274,189.53763,189.53763,221102783
2022-05-27,189.3943,190.39934,176.36401,180.34871,180.34871,192810405
2022-05-28,180.64172,183.91057,174.62674,175.68643,175.68643,123133749
2022-05-29,175.7233,188.05273,168.16348,186.07271,186.07271,140346374
2022-05-30,186.03319,208.47084,183.22717,204.20923,204.20923,243363621
2022-05-31,204.18633,207.54614,192.07361,198.53983,198.53983,247436888
2022-06-01,198.49377,202.98465,193.24495,198.62341,198.62341,219916192
2022-06-02,198.61111,203.55524,192.5891,201.39536,201.39536,173374488
2022-06-03,201.4077,202.55649,187.72025,193.97533,193.97533,148020353
2022-06-04,193.97093,195.44855,188.74231,189.13232,189.13232,113008467
2022-06-05,189.13135,191.64697,186.07474,187.9841,187.9841,110884734
2022-06-06,188.01936,195.08119,187.8501,189.51212,189.51212,125922144
2022-06-07,189.51117,195.05869,180.16536,187.5677,187.5677,131781619
2022-06-08,187.5181,189.46829,182.34483,186.44154,186.44154,106713695
2022-06-09,186.40955,189.5034,182.48819,185.37985,185.37985,91177653
2022-06-10,185.36845,186.08836,172.91721,173.87631,173.87631,152125139
2022-06-11,173.8775,177.86182,161.24785,166.09514,166.09514,122297730
2022-06-12,166.16364,166.76799,152.63741,159.04114,159.04114,143153711
2022-06-13,158.80312,159.14212,129.25081,132.09399,132.09399,196432477
2022-06-14,132.1107,133.81163,116.55695,119.2841,119.2841,192462966
2022-06-15,119.10826,119.12222,104.41595,118.00106,118.00106,194933079
2022-06-16,118.0592,120.79164,104.63071,106.44077,106.44077,108453661
2022-06-17,106.47528,116.15589,106.17494,114.3115,114.3115,105637682
2022-06-18,114.31016,115.36248,97.233368,104.18311,104.18311,119829720
2022-06-19,104.14685,114.92887,100.24734,114.217,114.217,101230757
2022-06-20,114.20145,117.62457,108.78447,117.29762,117.29762,91092102
2022-06-21,117.47624,124.92268,115.88714,118.79727,118.79727,96177268
2022-06-22,118.84225,118.87793,111.175,111.175,111.175,70776491
2022-06-23,111.16264,122.71648,110.99208,122.69639,122.69639,65743632
2022-06-24,122.66165,128.66794,122.59384,126.4651,126.4651,77979509
2022-06-25,126.4832,127.97227,121.12756,127.48186,127.48186,63867278
2022-06-26,127.42731,133.78801,125.32424,125.32424,125.32424,73740343
2022-06-27,125.31454,130.49634,120.3776,120.39095,120.39095,82580078
2022-06-28,120.39107,122.97919,116.07155,117.50825,117.50825,74168794
2022-06-29,117.51135,124.5357,117.09895,118.69426,118.69426,89781176
2022-06-30,118.72045,119.45452,108.30669,112.76263,112.76263,78156771
2022-07-01,112.91856,116.70524,111.11787,115.03934,115.03934,73585317
2022-07-02,115.13309,118.85645,113.42297,116.01438,116.01438,77097757
2022-07-03,116.00827,117.41252,114.70396,116.36842,116.36842,60471638
2022-07-04,116.37083,124.13319,115.04966,124.01552,124.01552,72535864
2022-07-05,123.97699,124.99287,118.75272,122.33962,122.33962,89872229
2022-07-06,122.36394,126.68757,121.20048,125.49457,125.49457,107952769
2022-07-07,125.53333,131.38861,125.25581,130.43683,130.43683,87061683
2022-07-08,130.46933,133.5479,125.61722,125.61722,125.61722,81208946
2022-07-09,125.58511,128.92493,125.24698,127.17316,127.17316,60121922
2022-07-10,127.1917,129.15738,120.87624,129.15738,129.15738,98369503
2022-07-11,129.12935,132.65715,125.744,127.01979,127.01979,163613480
2022-07-12,127.02203,129.18311,123.13601,123.18558,123.18558,106710927
2022-07-13,123.18454,125.54209,117.83446,124.01904,124.01904,91311918
2022-07-14,124.0643,134.78401,123.40988,133.76483,133.76483,101671233
2022-07-15,133.80052,141.17165,132.66542,138.90672,138.90672,113264774
2022-07-16,138.86792,143.76514,135.70509,139.036,139.036,115613262
2022-07-17,139.07089,141.92056,134.9257,135.95357,135.95357,75311845
2022-07-18,135.96071,148.48457,135.96071,147.48399,147.48399,107876099
2022-07-19,147.35655,148.83194,140.21237,146.97838,146.97838,155497350
2022-07-20,146.8584,153.0907,143.38957,151.67116,151.67116,182883969
2022-07-21,151.72826,152.59007,146.70889,151.00566,151.00566,172584700
2022-07-22,151.00706,153.25912,148.46896,149.29468,149.29468,139084671
2022-07-23,149.22861,151.20367,142.67023,146.42386,146.42386,100903721
2022-07-24,146.42703,153.76823,146.39227,151.45973,151.45973,101611497
2022-07-25,151.46393,152.04439,143.57672,143.9559,143.9559,109517730
2022-07-26,143.92641,151.02049,138.23918,151.02049,151.02049,156063144
2022-07-27,150.98853,162.77472,150.38329,161.60518,161.60518,182674278
2022-07-28,161.60289,165.98802,157.09036,162.39047,162.39047,224914350
2022-07-29,162.3822,165.97282,159.11502,160.12047,160.12047,202604097
2022-07-30,160.08885,163.36671,154.84026,155.70883,155.70883,158352419
2022-07-31,155.72192,159.6326,153.91124,154.84558,154.84558,131377522
2022-08-01,154.82799,161.37665,152.41547,160.91013,160.91013,105374252
2022-08-02,160.86864,161.60425,154.1739,156.71727,156.71727,120000815
2022-08-03,156.73244,163.7979,155.17651,156.66969,156.66969,110358575
2022-08-04,156.67882,162.76683,156.37025,159.33557,159.33557,105835155
2022-08-05,159.32079,162.17355,156.93448,161.64243,161.64243,91510566
2022-08-06,161.63705,164.94809,160.33479,160.66286,160.66286,85517741
2022-08-07,160.72231,170.97815,158.64433,164.78943,164.78943,149742599
2022-08-08,164.84435,169.37273,162.66551,167.20132,167.20132,132055216
2022-08-09,167.17079,171.43823,155.98595,158.05574,158.05574,127854381
2022-08-10,158.06303,169.57434,155.81477,167.74557,167.74557,154479021
2022-08-11,167.75055,169.07147,157.11638,160.07088,160.07088,153613368
2022-08-12,159.87645,166.56406,157.53127,166.26205,166.26205,119496709
2022-08-13,166.21843,168.23741,165.09319,166.4782,166.4782,89014942
2022-08-14,166.49202,169.33603,164.10229,165.52017,165.52017,73938483
2022-08-15,165.51918,169.16875,161.87869,163.68022,163.68022,97995109
2022-08-16,163.63379,174.11095,162.26903,169.87619,169.87619,132922171
2022-08-17,169.87993,170.49599,159.18625,168.48714,168.48714,181835113
2022-08-18,168.55124,170.64417,159.2382,159.69121,159.69121,143325904
2022-08-19,159.99547,161.1076,142.05846,142.57288,142.57288,172998597
2022-08-20,142.53635,149.69543,142.3598,149.0126,149.0126,96670694
2022-08-21,148.97672,157.23386,148.88321,154.50931,154.50931,102188382
2022-08-22,154.48415,154.6673,150.61249,153.89038,153.89038,100084496
2022-08-23,153.90968,155.78046,150.31567,154.61719,154.61719,104083826
2022-08-24,154.56213,154.78702,150.45955,150.97321,150.97321,103296087
2022-08-25,150.95578,155.32677,150.51099,154.21729,154.21729,81474548
2022-08-26,154.1857,155.2444,141.63564,142.71082,142.71082,114446697
2022-08-27,142.71036,145.71762,141.92813,145.05544,145.05544,87999222
2022-08-28,145.04384,149.24342,144.2052,146.42282,146.42282,84867316
2022-08-29,146.43628,152.95584,144.86751,152.63466,152.63466,99602495
2022-08-30,152.62956,152.82458,147.31274,148.69572,148.69572,97795973
2022-08-31,148.72147,152.44449,148.48042,149.02783,149.02783,83549697
2022-09-01,149.04489,154.63844,148.49123,153.87688,153.87688,107601509
2022-09-02,154.08118,154.62659,150.35844,153.44453,153.44453,106638604
2022-09-03,153.47113,154.71205,151.68851,154.35036,154.35036,67389715
2022-09-04,154.35605,156.22002,153.64743,155.63113,155.63113,64303551
2022-09-05,155.62267,157.87045,154.81444,157.50534,157.50534,82447046
2022-09-06,157.52278,159.74335,144.83397,145.02614,145.02614,105691301
2022-09-07,144.95085,152.05959,141.92938,149.23257,149.23257,98033777
2022-09-08,149.23335,152.42653,147.76747,152.17534,152.17534,82798120
2022-09-09,152.17595,159.72017,151.76567,159.72017,159.72017,103665193
2022-09-10,160.0025,161.67712,157.35895,157.58105,157.58105,76903926
2022-09-11,157.61295,159.21371,154.8008,158.86035,158.86035,70199114
2022-09-12,158.85666,164.83443,158.24216,163.91185,163.91185,124676542
2022-09-13,163.95355,165.23949,145.33366,145.66954,145.66954,129962276
2022-09-14,146.43646,151.71498,145.33366,149.80273,149.80273,104499348
2022-09-15,149.81465,151.67285,144.00102,145.81017,145.81017,102172491
2022-09-16,145.78859,149.41727,144.18018,149.40898,149.40898,82198522
2022-09-17,149.33327,151.88867,147.563,147.77962,147.77962,74830196
2022-09-18,147.76801,148.97653,138.2494,140.52911,140.52911,92480384
2022-09-19,140.49564,141.74156,135.56129,140.48654,140.48654,92512029
2022-09-20,140.51633,143.22681,139.66153,142.35417,142.35417,84427432
2022-09-21,142.3557,144.87619,134.80389,135.60667,135.60667,89281823
2022-09-22,135.53484,144.16852,134.12039,144.16852,144.16852,84813632
2022-09-23,144.15034,146.13716,137.88121,141.40614,141.40614,78466488
2022-09-24,141.4093,143.90848,140.73041,141.76508,141.76508,60288628
2022-09-25,141.75783,144.52757,140.1472,141.1041,141.1041,49824840
2022-09-26,141.10349,146.10576,139.97578,145.7094,145.7094,65981124
2022-09-27,145.71649,152.89203,143.1812,144.61305,144.61305,96826191
2022-09-28,144.55573,147.94188,140.30319,147.29605,147.29605,83476179
2022-09-29,147.3065,149.14734,146.33554,148.34682,148.34682,82200005
2022-09-30,148.3479,150.63786,146.32132,147.30728,147.30728,67515235
2022-10-01,147.31665,150.23434,140.78041,140.87285,140.87285,60837078
2022-10-02,140.88338,141.81763,136.60268,136.91734,136.91734,74110632
2022-10-03,136.91556,141.72237,136.71503,141.72237,141.72237,80885366
2022-10-04,141.70436,147.52971,141.70436,146.86736,146.86736,79137645
2022-10-05,146.82368,148.06929,143.83716,146.25388,146.25388,71303418
2022-10-06,146.26324,152.51477,143.52821,149.13208,149.13208,120777904
2022-10-07,149.14757,149.33894,143.98318,146.47935,146.47935,81911826
2022-10-08,146.48062,148.25493,145.20544,147.31445,147.31445,50390631
2022-10-09,147.29669,148.95734,145.28621,145.68626,145.68626,52054450
2022-10-10,145.68614,147.70787,142.32858,142.33032,142.33032,69531927
2022-10-11,142.30559,145.11113,140.39938,144.71095,144.71095,69098909
2022-10-12,144.70499,146.71671,142.83592,144.88231,144.88231,66358492
2022-10-13,144.88107,145.24022,135.28169,142.84052,142.84052,105016337
2022-10-14,142.84346,145.93871,139.91356,140.50818,140.50818,64896650
2022-10-15,140.50574,141.76047,139.24355,139.52072,139.52072,55760656
2022-10-16,139.54958,143.48079,139.54958,143.16438,143.16438,50093538
2022-10-17,143.15842,145.02673,142.5979,143.612,143.612,75011148
2022-10-18,143.62459,148.0394,142.69778,146.09383,146.09383,118028731
2022-10-19,146.09932,148.46208,144.79688,145.04485,145.04485,81641779
2022-10-20,145.04163,148.42432,140.16391,141.20764,141.20764,86726962
2022-10-21,141.19543,143.24965,137.30997,140.72948,140.72948,80536580
2022-10-22,140.72461,142.95673,139.78563,142.80186,142.80186,52005951
2022-10-23,142.80585,144.90338,142.19638,144.48808,144.48808,59010194
2022-10-24,144.50166,144.74434,141.60182,143.22542,143.22542,64894664
2022-10-25,143.21275,146.43718,142.94366,144.18567,144.18567,72524752
2022-10-26,144.10307,147.97768,143.98979,146.84076,146.84076,547034411
2022-10-27,146.84734,149.84431,145.09674,145.76497,145.76497,88909512
2022-10-28,145.75215,148.18959,144.09036,146.80457,146.80457,78888727
2022-10-29,146.78522,149.32893,145.91315,148.93604,148.93604,68340397
2022-10-30,148.9332,150.29443,146.37526,147.52856,147.52856,62561254
2022-10-31,147.53929,150.67009,146.16788,149.1463,149.1463,88726916
2022-11-01,149.1433,151.02861,148.47917,149.66827,149.66827,80351280
2022-11-02,149.66412,151.22266,145.08282,146.86407,146.86407,91845402
2022-11-03,146.86273,150.27748,146.77461,149.28302,149.28302,67370440
2022-11-04,149.2988,158.32048,149.01059,158.32048,158.32048,81654141
2022-11-05,158.33371,161.86282,156.86038,157.2426,157.2426,92819170
2022-11-06,157.26268,160.39442,154.56906,154.91977,154.91977,72323195
2022-11-07,154.92662,159.31824,153.3465,155.23489,155.23489,86541001
2022-11-08,155.23105,157.05342,131.24747,138.23955,138.23955,151917221
2022-11-09,138.22906,139.68941,116.10279,119.12073,119.12073,135160589
2022-11-10,119.19387,134.5056,118.10878,133.22441,133.22441,206666370
2022-11-11,133.1915,134.32666,123.53555,128.01956,128.01956,127218541
2022-11-12,128.05653,129.59616,125.05342,128.37566,128.37566,58409628
2022-11-13,128.38454,131.00885,126.36138,127.46772,127.46772,72796688
2022-11-14,127.44889,130.43964,122.04807,129.82249,129.82249,92690172
2022-11-15,129.82486,132.50891,127.71074,128.99307,128.99307,65958551
2022-11-16,128.99055,132.60223,127.08742,132.24736,132.24736,71164610
2022-11-17,132.24049,133.09648,130.46959,132.72792,132.72792,70045786
2022-11-18,132.77333,134.43864,131.13995,133.29404,133.29404,61416670
2022-11-19,133.26299,134.51492,132.03,134.36411,134.36411,49939254
2022-11-20,134.36703,134.36786,129.12029,129.82013,129.82013,56089447
2022-11-21,129.81195,135.09367,126.43028,126.51167,126.51167,121851705
2022-11-22,126.42459,134.0811,125.826,133.94751,133.94751,92739376
2022-11-23,133.94319,136.85385,133.15378,134.87009,134.87009,115892346
2022-11-24,134.90416,137.25847,133.40756,136.74825,136.74825,78831613
2022-11-25,136.72,138.09622,133.93224,136.30618,136.30618,73471270
2022-11-26,136.31473,139.22113,135.71924,138.80745,138.80745,74418922
2022-11-27,138.81017,139.57776,136.26714,136.43535,136.43535,67537839
2022-11-28,136.4366,137.05165,132.96115,134.9604,134.9604,59130701
2022-11-29,134.96375,139.63541,134.31601,137.49883,137.49883,77659770
2022-11-30,137.49248,142.38277,137.4454,142.12053,142.12053,73586346
2022-12-01,142.10754,144.74805,141.46008,144.35307,144.35307,88989235
2022-12-02,144.32378,146.3705,143.2227,145.49182,145.49182,65583368
2022-12-03,145.49991,148.18713,143.79607,145.34903,145.34903,76654089
2022-12-04,145.35071,147.35991,142.35516,142.35516,142.35516,73736309
2022-12-05,142.34293,145.77946,141.62045,145.19789,145.19789,80729829
2022-12-06,145.14787,145.94144,142.145,143.43823,143.43823,68786473
2022-12-07,143.43187,144.18129,141.32329,144.00327,144.00327,61457934
2022-12-08,144.00552,148.39613,143.02145,147.64117,147.64117,76057915
2022-12-09,147.63115,149.22246,146.39903,149.05835,149.05835,69238803
2022-12-10,149.05418,150.70865,148.46965,149.85568,149.85568,50931724
2022-12-11,149.78575,151.91216,149.32315,150.44447,150.44447,61435870
2022-12-12,150.44565,151.94188,148.2075,150.56802,150.56802,108543576
2022-12-13,150.58801,152.78784,148.47333,151.53963,151.53963,85940527
2022-12-14,151.53191,152.34125,146.98557,148.62082,148.62082,98242696
2022-12-15,148.63385,149.72084,146.8611,149.06546,149.06546,73147120
2022-12-16,149.06415,149.33792,140.9612,142.14191,142.14191,69577384
2022-12-17,142.11992,143.93753,138.76578,143.44838,143.44838,55942162
2022-12-18,143.45,145.96513,142.95923,144.34039,144.34039,56488797
2022-12-19,144.34653,145.66727,143.29762,143.98026,143.98026,50595821
2022-12-20,143.99527,147.54346,143.95338,146.99548,146.99548,63666260
2022-12-21,146.99516,148.77844,146.60043,147.33156,147.33156,57307275
2022-12-22,147.34967,147.86237,143.84933,145.48534,145.48534,63201255
2022-12-23,145.47777,146.64885,140.07976,143.15359,143.15359,73632350
2022-12-24,143.15712,144.07451,141.9335,143.46674,143.46674,44443531
2022-12-25,143.46753,145.48355,143.34166,145.2751,145.2751,49253630
2022-12-26,145.25406,147.21938,144.49243,146.7789,146.7789,58136569
2022-12-27,146.76285,147.21893,144.14493,145.40594,145.40594,66100579
2022-12-28,145.41354,146.83157,143.86894,146.78937,146.78937,61169572
2022-12-29,146.78183,146.87601,145.01981,145.64302,145.64302,60893067
2022-12-30,145.63972,146.43094,144.41901,146.01965,146.01965,66830282
2022-12-31,146.01178,148.40834,145.41214,147.28476,147.28476,44549077
2023-01-01,147.30966,148.93103,146.43748,148.57693,148.57693,36453347
2023-01-02,148.58218,149.62354,147.94356,147.94356,147.94356,47050925
2023-01-03,147.93393,149.02783,147.62886,148.48793,148.48793,48662135
2023-01-04,148.467,152.48898,148.34262,150.74365,150.74365,83915181
2023-01-05,150.79025,155.92174,150.76904,155.92174,155.92174,78049428
2023-01-06,155.92088,158.11133,152.79533,155.08624,155.08624,79245655
2023-01-07,155.03171,155.8629,153.75502,155.86234,155.86234,53777923
2023-01-08,155.83601,158.63919,154.26816,155.6488,155.6488,84999073
2023-01-09,155.65292,160.45921,155.30351,158.86662,158.86662,103423416
2023-01-10,158.84505,162.76862,157.76683,161.53993,161.53993,99741193
2023-01-11,161.54593,169.51732,160.33853,168.8616,168.8616,106257251
2023-01-12,169.40605,171.174,164.39178,167.01668,167.01668,131424875
2023-01-13,167.01024,170.61023,164.23933,170.60605,170.60605,87475477
2023-01-14,170.58414,187.2066,170.3712,175.79826,175.79826,165233255
2023-01-15,175.69873,177.15233,171.82401,174.01152,174.01152,105771855
2023-01-16,174.1514,176.80334,166.27611,167.7438,167.7438,94584327
2023-01-17,167.80463,174.62245,165.76672,171.93683,171.93683,85230570
2023-01-18,171.91913,174.84639,161.68907,162.82751,162.82751,93743264
2023-01-19,162.79643,165.82732,156.98521,165.4863,165.4863,114313476
2023-01-20,165.53473,173.50478,165.0468,173.47366,173.47366,87344208
2023-01-21,173.51617,181.88882,171.66663,172.76436,172.76436,121595336
2023-01-22,172.77701,181.03668,172.64828,177.02379,177.02379,68364082
2023-01-23,177.01497,180.1223,175.39053,179.07417,179.07417,79188406
2023-01-24,179.03195,179.98289,168.64177,172.23994,172.23994,89372598
2023-01-25,172.23116,175.82759,166.49455,173.44266,173.44266,78029914
2023-01-26,173.3945,178.12704,171.11827,171.58398,171.58398,88195092
2023-01-27,171.61896,180.37408,167.91525,179.935,179.935,113831380
2023-01-28,179.95421,186.15181,178.26743,185.21255,185.21255,108556707
2023-01-29,185.17023,186.72173,182.37617,186.2373,186.2373,72731470
2023-01-30,186.23505,186.73477,174.99193,176.00598,176.00598,83337531
2023-01-31,176.02153,180.1393,171.96399,177.59824,177.59824,89898081
2023-02-01,177.57211,178.31871,172.8862,177.81357,177.81357,73077406
2023-02-02,177.78844,180.6627,172.61569,172.92543,172.92543,86375656
2023-02-03,172.8976,175.34714,170.51193,171.75635,171.75635,83722489
2023-02-04,171.78784,174.87453,170.9247,172.15338,172.15338,48843377
2023-02-05,172.16429,173.55682,165.3873,166.95096,166.95096,77877823
2023-02-06,166.90865,168.39139,163.59895,164.72087,164.72087,67642544
2023-02-07,164.7231,168.20688,163.97029,168.08138,168.08138,81162367
2023-02-08,168.08925,169.03517,163.43265,165.5061,165.5061,90876684
2023-02-09,165.54385,168.09013,150.99829,152.45966,152.45966,109861483
2023-02-10,152.46275,158.47165,151.72842,154.55447,154.55447,99139499
2023-02-11,154.55917,161.59215,153.90959,161.5016,161.5016,89797854
2023-02-12,161.49489,162.97246,158.25899,159.31059,159.31059,76572461
2023-02-13,159.34369,161.86183,153.88551,155.94984,155.94984,106473889
2023-02-14,155.94795,159.11172,154.44363,158.35577,158.35577,105604607
2023-02-15,158.3759,165.59814,156.92844,165.59814,165.59814,95996904
2023-02-16,165.59355,166.83791,155.58978,155.68489,155.68489,97953053
2023-02-17,155.67104,161.97902,155.15198,159.81187,159.81187,90643814
2023-02-18,159.80043,163.6758,158.83612,161.72655,161.72655,64754845
2023-02-19,161.71774,166.23544,159.95465,161.98514,161.98514,84728861
2023-02-20,162.11771,168.87083,160.84465,161.6712,161.6712,113695585
2023-02-21,161.69461,163.19572,157.04181,159.57785,159.57785,86671438
2023-02-22,159.57614,159.81316,155.96979,157.96011,157.96011,69161124
2023-02-23,157.96591,159.53966,150.17836,152.01749,152.01749,82723484
2023-02-24,152.0246,154.47617,149.10683,150.43098,150.43098,62755053
2023-02-25,150.43173,151.47856,145.71727,149.03372,149.03372,62828768
2023-02-26,149.0257,152.16963,148.40477,151.37553,151.37553,59485307
2023-02-27,151.38474,152.2205,146.54521,149.8233,149.8233,61948954
2023-02-28,149.8389,152.31363,149.00751,150.27937,150.27937,71567935
2023-03-01,150.28304,153.59706,150.28304,152.66817,152.66817,81021638
2023-03-02,152.67026,153.14909,148.75266,151.0752,151.0752,76654316
2023-03-03,151.06503,151.24948,141.26596,144.90544,144.90544,70335341
2023-03-04,144.93025,147.73714,144.29301,146.69876,146.69876,53506744
2023-03-05,146.70673,150.07173,146.39259,149.53465,149.53465,52900174
2023-03-06,149.5295,154.03267,148.49118,154.03267,154.03267,80317490
2023-03-07,154.01169,154.82022,148.61028,150.31122,150.31122,78897739
2023-03-08,150.31464,151.3954,143.64864,143.64864,143.64864,77643407
2023-03-09,143.6129,152.28719,140.81979,142.57608,142.57608,87243144
2023-03-10,142.57689,142.57689,132.24391,135.30682,135.30682,88987259
2023-03-11,135.30077,143.33646,133.52811,141.22893,141.22893,97614098
2023-03-12,141.24945,151.12743,140.50957,150.90472,150.90472,95149821
2023-03-13,150.90332,155.46387,146.13005,152.79858,152.79858,106682974
2023-03-14,152.80309,157.92998,147.61815,150.10616,150.10616,123490029
2023-03-15,150.1337,152.36995,142.86151,146.55844,146.55844,90334558
2023-03-16,146.6413,149.78159,145.03218,149.32082,149.32082,67289237
2023-03-17,149.30658,154.52397,149.28336,153.91054,153.91054,87483308
2023-03-18,153.93555,154.65739,147.45082,149.37189,149.37189,77701043
2023-03-19,149.41051,158.87579,149.20003,153.69194,153.69194,82942523
2023-03-20,153.70663,155.98531,150.01924,151.58102,151.58102,84614264
2023-03-21,151.65454,156.77655,149.58398,153.16635,153.16635,107975687
2023-03-22,153.28178,154.81357,146.14607,149.06334,149.06334,132191020
2023-03-23,149.0555,156.7747,148.82822,156.66049,156.66049,121513681
2023-03-24,156.65564,163.09839,155.31693,162.00642,162.00642,124715331
2023-03-25,162.02798,164.77972,160.06367,160.06416,160.06416,82501438
2023-03-26,160.06671,165.82986,158.9861,161.56651,161.56651,71529860
2023-03-27,161.56831,164.90204,151.63075,152.21069,152.21069,110634318
2023-03-28,152.11314,156.01237,149.85133,153.93919,153.93919,79536982
2023-03-29,153.97392,159.90616,153.8011,158.92949,158.92949,95172149
2023-03-30,158.93713,163.18954,154.57143,155.26772,155.26772,101354276
2023-03-31,155.27869,158.40228,154.75044,157.70718,157.70718,76869658
2023-04-01,157.69203,158.40038,154.14516,158.12038,158.12038,51083924
2023-04-02,156.97768,160.82495,156.45976,160.22417,160.22417,72136866
2023-04-03,160.21761,161.74548,155.78442,156.54755,156.54755,83225383
2023-04-04,156.54372,159.53418,156.08034,158.70546,158.70546,71572572
2023-04-05,158.70763,160.1472,156.17934,158.03793,158.03793,69163383
2023-04-06,158.04919,158.72147,156.29764,156.42621,156.42621,65083058
2023-04-07,156.42725,157.83372,155.27049,156.78435,156.78435,66097698
2023-04-08,156.76723,159.00146,156.7523,158.28558,158.28558,67723771
2023-04-09,158.28796,160.40926,157.87781,160.3295,160.3295,61052146
2023-04-10,160.31693,160.80467,155.48906,159.21883,159.21883,110276857
2023-04-11,159.2196,162.67204,158.9745,162.16339,162.16339,98223888
2023-04-12,162.15833,163.44424,159.33229,162.41989,162.41989,93190391
2023-04-13,162.19914,163.79941,161.57834,162.09363,162.09363,76337594
2023-04-14,162.10217,164.40631,159.29633,162.11958,162.11958,86220196
2023-04-15,162.13493,163.7364,161.46672,162.51071,162.51071,76583604
2023-04-16,162.50157,164.10315,161.00165,163.61671,163.61671,57557331
2023-04-17,163.6292,163.80203,159.53754,159.56224,159.56224,80486639
2023-04-18,159.56757,163.25845,158.41493,162.78261,162.78261,71288321
2023-04-19,162.78407,162.83557,152.32611,153.15402,153.15402,96565146
2023-04-20,153.09393,156.12744,151.24379,153.66048,153.66048,77784072
2023-04-21,153.65424,155.52545,149.5239,151.26608,151.26608,83378402
2023-04-22,151.25989,157.54982,150.41025,157.5,157.5,66498680
2023-04-23,157.49966,159.218,155.8717,157.36423,157.36423,81995118
2023-04-24,157.37718,158.92265,156.15459,157.60606,157.60606,83074067
2023-04-25,157.60515,159.91652,154.44075,159.79108,159.79108,92040723
2023-04-26,159.7953,162.39417,152.46992,156.88518,156.88518,83616282
2023-04-27,156.91132,158.8219,153.84682,153.84682,153.84682,67987023
2023-04-28,153.86519,155.52802,152.62645,153.32825,153.32825,59653470
2023-04-29,153.32809,156.15889,152.61664,154.7184,154.7184,40067481
2023-04-30,154.70667,157.05206,153.92566,156.45656,156.45656,52475655
2023-05-01,156.33669,156.33669,151.10205,152.60583,152.60583,61701248
2023-05-02,152.63202,154.89001,152.46552,152.72525,152.72525,48319376
2023-05-03,152.73529,155.22626,151.35382,155.12999,155.12999,65542999
2023-05-04,155.14468,156.74529,154.81833,155.40767,155.40767,52464745
2023-05-05,155.43626,158.47862,154.84222,158.25201,158.25201,61856315
2023-05-06,158.25749,158.95047,154.47441,156.63275,156.63275,54139539
2023-05-07,156.63052,158.74127,156.16385,157.08704,157.08704,43855603
2023-05-08,157.04076,157.68584,150.26514,153.58168,153.58168,60868233
2023-05-09,153.58128,155.36812,152.36099,155.04384,155.04384,47039620
2023-05-10,155.04898,156.18166,151.15242,153.71561,153.71561,55766612
2023-05-11,153.74094,155.37944,151.28258,152.65002,152.65002,57380865
2023-05-12,152.64365,153.84186,150.36336,153.84186,153.84186,54920918
2023-05-13,153.82103,153.84512,152.58977,153.00099,153.00099,31770622
2023-05-14,152.99635,154.15517,152.65498,153.96667,153.96667,33751330
2023-05-15,153.96359,154.57623,152.16605,152.16641,152.16641,40945967
2023-05-16,152.18953,152.87007,150.68797,151.5963,151.5963,44798803
2023-05-17,151.59425,152.36232,151.02412,151.42188,151.42188,44125231
2023-05-18,151.4223,151.94502,149.30206,151.02658,151.02658,51321805
2023-05-19,151.02507,152.44043,149.95358,150.39903,150.39903,43947726
2023-05-20,150.40738,151.63829,149.83827,150.35179,150.35179,37632428
2023-05-21,150.35272,150.79539,149.3877,150.1666,150.1666,33780929
2023-05-22,150.16278,152.72655,149.38301,151.46767,151.46767,50435171
2023-05-23,151.47688,152.99266,151.10469,151.57799,151.57799,54992068
2023-05-24,151.5827,151.87521,148.22862,150.06677,150.06677,51909029
2023-05-25,150.08633,151.67014,149.21338,151.18719,151.18719,68904228
2023-05-26,151.15512,151.85695,150.50621,150.63278,150.63278,46037808
2023-05-27,150.63634,151.50529,150.46475,151.35155,151.35155,32458940
2023-05-28,151.34239,156.44223,151.15292,155.41478,155.41478,64083848
2023-05-29,155.40526,156.59332,153.06621,153.93576,153.93576,77982340
2023-05-30,153.94348,154.66124,152.49524,153.00722,153.00722,63501596
2023-05-31,153.01244,153.57802,144.96992,146.06755,146.06755,67323199
2023-06-01,146.0795,148.64655,145.13437,146.52443,146.52443,71286765
2023-06-02,146.51347,147.56021,144.95273,146.04857,146.04857,65336730
2023-06-03,146.06454,148.58583,145.75151,148.41348,148.41348,47412003
2023-06-04,148.41441,150.08835,148.10834,148.21594,148.21594,49400247
2023-06-05,148.2043,148.52385,137.74294,141.33984,141.33984,69557195
2023-06-06,141.3387,147.47728,138.93642,147.28145,147.28145,71815798
2023-06-07,147.26976,148.25565,143.57742,145.13602,145.13602,58853339
2023-06-08,145.13943,145.85693,142.47978,142.66013,142.66013,56664638
2023-06-09,142.66827,143.39633,140.96712,143.05,143.05,52539231
2023-06-10,143.07553,143.7912,127.86848,137.81244,137.81244,92419685
2023-06-11,137.81212,138.91223,135.70441,138.15883,138.15883,39307804
2023-06-12,138.1248,140.8037,135.87453,140.19702,140.19702,77701627
2023-06-13,140.20041,141.00476,136.61003,136.61003,136.61003,83731831
2023-06-14,136.61003,137.21651,131.52943,133.89584,133.89584,68784559
2023-06-15,133.89365,135.01955,131.52875,134.47253,134.47253,64397672
2023-06-16,134.46413,137.34435,132.5591,134.45073,134.45073,53841385
2023-06-17,134.46574,136.9454,134.46574,136.46896,136.46896,35318519
2023-06-18,136.46323,141.12769,136.24974,137.25194,137.25194,60545253
2023-06-19,137.26256,139.42535,136.26335,138.29912,138.29912,52851932
2023-06-20,138.30199,142.84346,137.28648,141.93031,141.93031,74900126
2023-06-21,141.92168,145.89247,141.28958,145.12308,145.12308,76182961
2023-06-22,145.10741,153.03288,145.03416,150.11864,150.11864,87388426
2023-06-23,150.11681,155.50162,149.09247,154.47208,154.47208,84411674
2023-06-24,154.48874,159.771,153.47067,156.66235,156.66235,96662370
2023-06-25,156.66493,166.26324,156.12387,163.44493,163.44493,96768900
2023-06-26,163.42255,165.83302,158.78716,163.56192,163.56192,104641325
2023-06-27,163.57561,170.65886,163.55577,167.80244,167.80244,90812269
2023-06-28,167.79645,170.42523,163.33804,164.71176,164.71176,78201764
2023-06-29,164.71098,167.48904,161.04892,163.86467,163.86467,63294545
2023-06-30,163.85231,169.53758,161.08554,168.27881,168.27881,97227903
2023-07-01,168.27759,169.08904,166.75713,167.00732,167.00732,53381458
2023-07-02,167.01485,168.60146,163.36774,168.60146,168.60146,58416450
2023-07-03,168.60823,172.17342,167.4857,168.91002,168.91002,119292376
2023-07-04,168.91847,171.09264,166.14703,166.14703,166.14703,63241835
2023-07-05,166.15808,169.41702,161.89076,166.85553,166.85553,66323179
2023-07-06,166.84221,169.36943,164.04082,165.716,165.716,61931306
2023-07-07,165.71739,168.4028,163.90584,165.38159,165.38159,56033819
2023-07-08,165.39525,168.69246,165.26276,167.31763,167.31763,61057981
2023-07-09,167.32689,168.77126,165.22733,165.87944,165.87944,49131929
2023-07-10,165.89044,166.62076,163.25259,163.61832,163.61832,64543654
2023-07-11,163.6095,165.63092,163.10561,165.32494,165.32494,53734568
2023-07-12,165.32443,165.42537,163.16861,163.59453,163.59453,61801825
2023-07-13,163.59691,167.64748,161.89864,165.16982,165.16982,82025235
2023-07-14,165.25389,166.5083,156.56738,160.5011,160.5011,89399473
2023-07-15,160.52235,166.16312,158.8851,164.74661,164.74661,59269011
2023-07-16,164.73825,166.15599,163.24013,165.42097,165.42097,52878375
2023-07-17,165.42906,168.87817,163.57954,168.21501,168.21501,67699721
2023-07-18,168.19379,168.66388,164.41116,166.94341,166.94341,83139882
2023-07-19,166.94946,170.03273,165.43947,165.83554,165.83554,111704691
2023-07-20,165.83952,170.03273,163.32733,165.80479,165.80479,103073885
2023-07-21,165.79938,166.15395,160.94571,162.03508,162.03508,108451552
2023-07-22,162.047,163.73936,161.36911,162.18275,162.18275,94156998
2023-07-23,162.20757,166.2592,161.57887,163.70122,163.70122,97150671
2023-07-24,163.7126,164.55017,160.26019,160.86377,160.86377,107304657
2023-07-25,160.87297,163.06624,160.05511,162.75223,162.75223,82517267
2023-07-26,162.75546,163.51971,161.31424,163.00504,163.00504,94831356
2023-07-27,163.00769,164.07748,161.4041,162.14706,162.14706,106574136
2023-07-28,162.15361,164.45007,161.93445,163.30788,163.30788,108313267
2023-07-29,163.26738,164.1488,162.19484,163.20444,163.20444,73361895
2023-07-30,163.19977,163.71928,158.60335,160.26245,160.26245,52968179
2023-07-31,160.2713,161.76672,159.76372,161.25713,161.25713,61802657
2023-08-01,161.26445,163.4205,157.59418,160.26505,160.26505,117119417
2023-08-02,160.24065,160.89644,159.21085,159.849,159.849,81942144
2023-08-03,159.87666,161.56963,159.76483,160.35857,160.35857,85629319
2023-08-04,160.34584,161.70056,157.34334,158.4091,158.4091,99473749
2023-08-05,158.41112,161.1368,157.84412,159.5098,159.5098,86465174
2023-08-06,159.51797,160.90688,159.22914,159.62782,159.62782,72981325
2023-08-07,159.62488,160.62637,157.29352,158.28687,158.28687,82770526
2023-08-08,158.27379,160.08521,157.78307,158.88786,158.88786,85841743
2023-08-09,158.87852,159.50293,156.61823,157.20314,157.20314,78453875
2023-08-10,157.19957,157.45419,154.4073,155.99338,155.99338,97252803
2023-08-11,155.98703,157.88625,155.86584,156.79301,156.79301,81873242
2023-08-12,156.78906,158.03999,156.57536,157.72328,157.72328,75281080
2023-08-13,157.7504,159.56332,157.1019,158.22772,158.22772,75273703
2023-08-14,158.22951,159.78093,158.00345,158.30879,158.30879,91093263
2023-08-15,158.33093,158.54672,154.93846,155.26109,155.26109,70108161
2023-08-16,155.26108,156.17949,152.91809,153.92424,153.92424,91925932
2023-08-17,153.92189,154.50522,137.67552,141.69124,141.69124,95580859
2023-08-18,141.71259,145.07515,141.32233,143.4874,143.4874,74321961
2023-08-19,143.49596,145.18372,143.14772,144.2308,144.2308,46899246
2023-08-20,144.2328,149.03795,143.57808,147.29471,147.29471,61194259
2023-08-21,147.28999,149.65218,145.17464,149.55144,149.55144,67633622
2023-08-22,149.55569,149.75836,143.54375,145.41789,145.41789,68550651
2023-08-23,145.39871,146.24496,142.58861,142.95511,142.95511,67806764
2023-08-24,142.96173,143.05034,135.82597,138.40135,138.40135,82925509
2023-08-25,138.41229,140.16916,137.1599,139.90295,139.90295,62511772
2023-08-26,139.96762,144.86394,139.96762,142.97487,142.97487,78233910
2023-08-27,142.98122,145.71069,142.77766,145.36038,145.36038,62152300
2023-08-28,145.35878,146.51418,142.70282,145.24532,145.24532,81936691
2023-08-29,145.24312,148.36772,143.01584,146.83788,146.83788,78887119
2023-08-30,146.8414,148.15215,140.8821,141.97479,141.97479,87057473
2023-08-31,141.99913,144.63329,140.99553,142.97122,142.97122,92560649
2023-09-01,142.97656,144.61719,139.1281,140.82167,140.82167,68834516
2023-09-02,140.82121,141.62816,139.26579,140.07777,140.07777,51308059
2023-09-03,140.08852,141.39197,139.29747,140.83998,140.83998,49564266
2023-09-04,140.8428,143.7702,140.77629,141.17087,141.17087,63835398
2023-09-05,141.17668,141.29918,137.67328,137.78137,137.78137,54468002
2023-09-06,137.78024,142.64499,137.63554,142.11324,142.11324,67734044
2023-09-07,142.10712,143.27596,141.16893,143.25075,143.25075,62422431
2023-09-08,143.25737,144.12434,140.92896,143.88615,143.88615,46927009
2023-09-09,143.89595,144.00182,142.32423,143.40681,143.40681,35896666
2023-09-10,143.40903,143.79228,141.82719,142.89444,142.89444,33705148
2023-09-11,142.89008,143.62,138.17822,139.93047,139.93047,58031716
2023-09-12,139.93236,142.85326,139.28624,140.80467,140.80467,57433672
2023-09-13,140.80672,144.63908,140.55334,143.11597,143.11597,54374646
2023-09-14,143.1185,147.05881,142.30824,146.32948,146.32948,44084896
2023-09-15,146.35814,149.15071,146.35814,147.35072,147.35072,57280169
2023-09-16,147.35768,148.03111,144.27646,144.62465,144.62465,34872985
2023-09-17,144.59915,146.14587,143.44502,145.79785,145.79785,31255846
2023-09-18,145.79347,147.97787,145.0517,145.76923,145.76923,45155110
2023-09-19,145.77217,148.54883,145.72221,147.69592,147.69592,39757092
2023-09-20,147.69569,148.40164,145.99194,148.11674,148.11674,46811934
2023-09-21,148.10831,148.26289,145.19231,145.19911,145.19911,42424759
2023-09-22,145.1981,146.9046,144.66483,145.05594,145.05594,38471061
2023-09-23,145.0479,145.5121,141.68739,141.79747,141.79747,33917253
2023-09-24,141.78828,144.43172,141.70503,143.73393,143.73393,32559994
2023-09-25,143.73553,145.44337,143.15958,144.45396,144.45396,42685360
2023-09-26,144.45079,145.21069,143.24409,144.81874,144.81874,41884784
2023-09-27,144.80782,146.58061,144.24069,146.4341,146.4341,46912869
2023-09-28,146.43364,147.47218,145.4359,146.06128,146.06128,44650519
2023-09-29,146.07558,146.83939,144.93765,146.83748,146.83748,36492709
2023-09-30,146.83928,148.07321,145.3131,146.55426,146.55426,40874840
2023-10-01,146.54793,149.75394,145.85207,149.16141,149.16141,68116546
2023-10-02,149.15816,149.98987,145.49471,146.20343,146.20343,62225244
2023-10-03,146.19302,147.8056,145.16591,147.15135,147.15135,49389643
2023-10-04,147.16844,150.70235,145.94078,150.46906,150.46906,59400400
2023-10-05,150.4742,151.32837,148.56549,149.62372,149.62372,55704972
2023-10-06,149.62334,152.6693,148.64165,151.99226,151.99226,49535004
2023-10-07,151.98824,155.24753,151.10098,155.21214,155.21214,61159796
2023-10-08,155.21953,156.48204,153.76334,156.19122,156.19122,59858985
2023-10-09,156.19055,156.19293,151.90881,153.7955,153.7955,61203300
2023-10-10,153.79041,154.46815,152.09711,152.21565,152.21565,54504811
2023-10-11,152.22009,153.92944,150.97043,153.8421,153.8421,61162383
2023-10-12,153.85278,154.34424,151.02135,152.34181,152.34181,65445853
2023-10-13,152.33952,154.36877,151.05197,153.59052,153.59052,51282283
2023-10-14,153.5838,154.28299,151.85097,152.83316,152.83316,33344438
2023-10-15,152.83347,153.46588,152.17313,152.44899,152.44899,31895675
2023-10-16,152.43753,153.52295,151.15541,152.5441,152.5441,64382308
2023-10-17,152.53279,152.53279,149.57141,150.52295,150.52295,59794609
2023-10-18,150.51915,152.44446,149.80072,149.80072,149.80072,49751092
2023-10-19,149.79234,152.41409,147.0374,152.40997,152.40997,64232306
2023-10-20,152.44632,157.14331,152.01752,154.82079,154.82079,73620094
2023-10-21,154.82291,158.06909,154.40324,157.96884,157.96884,46945848
2023-10-22,157.97797,160.01437,156.73265,158.96075,158.96075,58618180
2023-10-23,158.34489,161.37085,157.05814,160.89658,160.89658,99491037
2023-10-24,160.88235,163.49861,156.88162,158.01479,158.01479,111442768
2023-10-25,158.0461,160.48811,154.74753,160.01059,160.01059,87869552
2023-10-26,160.0464,162.41591,156.9429,159.65048,159.65048,84040515
2023-10-27,159.64572,161.07214,157.06105,160.88646,160.88646,76714216
2023-10-28,160.89958,162.61908,159.78116,162.19104,162.19104,49948616
2023-10-29,162.18973,174.38412,160.23296,174.35425,174.35425,115729916
2023-10-30,174.32283,174.74471,164.9986,172.63193,172.63193,128765441
2023-10-31,172.65193,173.79099,169.10219,172.35965,172.35965,78738525
2023-11-01,172.33685,172.91521,169.64563,171.6433,171.6433,100274579
2023-11-02,171.64169,172.45653,167.89732,171.00592,171.00592,114415103
2023-11-03,171.01167,173.15848,168.92113,170.85396,170.85396,94459011
2023-11-04,170.85896,171.69601,165.68211,168.39793,168.39793,46764927
2023-11-05,168.38754,170.88963,167.81587,169.69208,169.69208,46465914
2023-11-06,169.69208,169.69208,164.72749,165.3734,165.3734,65232788
2023-11-07,165.34918,168.17607,162.21759,166.12605,166.12605,106896188
2023-11-08,166.13351,167.75883,164.5921,167.31676,167.31676,103968396
2023-11-09,167.32156,171.03838,160.13788,170.13635,170.13635,130627064
2023-11-10,170.14243,173.63029,167.38806,171.14658,171.14658,108566608
2023-11-11,171.09122,172.0946,168.24905,169.24174,169.24174,102537913
2023-11-12,169.2198,171.50658,166.91748,171.12434,171.12434,80788515
2023-11-13,171.15109,172.87877,163.00984,163.00984,163.00984,82389570
2023-11-14,162.97041,166.40402,160.05693,163.25662,163.25662,78507177
2023-11-15,163.26181,166.46571,158.46323,161.01268,161.01268,101369551
2023-11-16,161.02254,162.76175,157.67981,160.79359,160.79359,96827653
2023-11-17,160.82919,167.01418,160.63589,162.69954,162.69954,114301735
2023-11-18,162.71442,162.85352,159.50891,160.80148,160.80148,65270321
2023-11-19,160.80804,164.27612,159.70305,164.186,164.186,55034009
2023-11-20,164.16246,164.97951,162.17065,163.22977,163.22977,67592443
2023-11-21,163.19237,165.78319,158.56297,159.2556,159.2556,84676092
2023-11-22,159.22377,163.88995,158.72032,163.28198,163.28198,86263978
2023-11-23,163.22128,167.81964,163.14272,166.09041,166.09041,82643484
2023-11-24,166.08482,171.27754,165.92786,170.45811,170.45811,84379576
2023-11-25,170.4662,172.74194,169.8665,172.01898,172.01898,67521431
2023-11-26,172.01686,172.93094,168.22705,169.54305,169.54305,59499987
2023-11-27,169.49754,170.325,165.14656,165.53493,165.53493,86930868
2023-11-28,165.54048,167.91095,164.27592,167.73535,167.73535,76428348
2023-11-29,167.75946,167.82544,165.11177,165.96468,165.96468,81460215
2023-11-30,165.97458,170.22519,165.93105,169.7877,169.7877,76512145
2023-12-01,169.772,171.85828,169.2829,171.56866,171.56866,83821876
2023-12-02,171.57417,173.66565,170.66719,172.67845,172.67845,83989216
2023-12-03,172.67244,173.42075,170.7131,172.25978,172.25978,69999790
2023-12-04,172.24637,174.2148,167.04016,170.47305,170.47305,111965055
2023-12-05,170.47656,172.27003,167.94154,171.43524,171.43524,100741920
2023-12-06,171.43187,173.87354,170.46068,170.6386,170.6386,104940940
2023-12-07,170.6857,176.95145,170.34456,173.00217,173.00217,100270470
2023-12-08,172.99667,175.41293,172.3483,174.18578,174.18578,113598756
2023-12-09,174.17845,176.81436,174.08778,174.98721,174.98721,89164506
2023-12-10,175.01566,178.48929,174.90617,175.76245,175.76245,81518301
2023-12-11,175.77269,176.44144,164.7392,171.65961,171.65961,123692736
2023-12-12,171.67842,173.0928,168.35794,170.79005,170.79005,103034142
2023-12-13,170.78624,170.78624,167.44551,169.24597,169.24597,99546875
2023-12-14,169.23578,169.25224,166.61514,168.07864,168.07864,92973726
2023-12-15,168.06947,172.64069,167.89946,168.23552,168.23552,105315712
2023-12-16,168.22868,172.13127,167.41226,168.87842,168.87842,87411878
2023-12-17,168.87534,170.30693,167.28554,167.79758,167.79758,76627752
2023-12-18,167.80168,173.64388,166.55635,173.56004,173.56004,111429021
2023-12-19,173.57466,175.71434,168.09398,170.88509,170.88509,105594086
2023-12-20,170.90416,174.91043,170.80173,174.54692,174.54692,93878761
2023-12-21,174.54832,176.13693,172.51234,173.16406,173.16406,89647488
2023-12-22,173.16992,176.86769,171.28084,176.84862,176.84862,107972592
2023-12-23,176.8438,178.97101,174.93568,178.51332,178.51332,82650397
2023-12-24,178.51294,179.07874,171.1844,171.40718,171.40718,81640007
2023-12-25,171.4153,174.80849,170.76213,174.55997,174.55997,72328561
2023-12-26,174.54788,176.50726,171.18684,174.09291,174.09291,86518789
2023-12-27,174.05888,176.28802,172.84,175.49197,175.49197,91528417
2023-12-28,175.52594,180.38673,173.25453,175.26407,175.26407,138469381
2023-12-29,175.26021,176.29066,163.14407,166.70055,166.70055,144572667
2023-12-30,166.69626,168.98596,162.79727,165.77148,165.77148,91670211
2023-12-31,165.76202,167.60696,163.95221,165.02818,165.02818,75294706
2024-01-01,165.02304,169.60634,163.56458,169.60583,169.60583,70363491
2024-01-02,169.63269,174.19151,167.53368,167.78676,167.78676,127652130
2024-01-03,167.78076,169.54205,154.39825,154.57635,154.57635,139776301
2024-01-04,154.59,164.72821,151.17216,164.68144,164.68144,156700150
2024-01-05,164.68356,164.7928,154.71638,155.90427,155.90427,142505652
2024-01-06,155.90887,158.62444,150.89236,152.71849,152.71849,115566927
2024-01-07,152.72504,155.16644,145.55858,146.12338,146.12338,75045189
2024-01-08,146.12573,154.00476,144.0313,148.18242,148.18242,132272184
2024-01-09,148.17003,148.62973,142.91479,144.32433,144.32433,105887540
2024-01-10,144.31624,151.42744,143.78433,149.02235,149.02235,113385741
2024-01-11,149.06841,154.61945,148.47928,152.84248,152.84248,140890853
2024-01-12,152.75015,161.86751,149.5618,151.79834,151.79834,130227726
2024-01-13,151.80147,156.40709,148.64336,155.54778,155.54778,89285151
2024-01-14,155.56158,159.74246,153.15909,154.16371,154.16371,80484737
2024-01-15,154.11467,158.64012,153.2977,156.82428,156.82428,109454535
2024-01-16,156.875,159.96982,153.91724,157.42157,157.42157,95139309
2024-01-17,157.38013,160.31908,155.72223,157.65999,157.65999,102683719
2024-01-18,157.6422,163.77432,151.81444,153.0072,153.0072,105190466
2024-01-19,153.02873,158.71812,150.15118,158.1586,158.1586,89888194
2024-01-20,158.16681,159.42242,155.87804,156.57269,156.57269,78692419
2024-01-21,156.57281,163.20238,155.18375,157.49995,157.49995,96097956
2024-01-22,157.54832,159.87364,149.73203,150.66585,150.66585,104392987
2024-01-23,150.66585,154.73936,146.60333,150.25317,150.25317,73484594
2024-01-24,150.25925,155.5309,148.89867,152.54086,152.54086,68408926
2024-01-25,152.54509,157.70375,151.99547,157.44252,157.44252,67740826
2024-01-26,157.42581,162.21634,156.03218,159.44122,159.44122,78724937
2024-01-27,159.40317,161.92224,157.54442,160.43297,160.43297,48847332
2024-01-28,160.41884,162.29131,158.9388,160.75699,160.75699,55953172
2024-01-29,160.75647,169.6619,159.91171,168.07686,168.07686,81614008
2024-01-30,168.07686,171.89365,159.91856,160.29221,160.29221,89822870
2024-01-31,160.25987,166.70604,158.47058,163.86247,163.86247,93429077
2024-02-01,163.85652,169.11488,163.76018,166.48395,166.48395,89982885
2024-02-02,166.43175,171.05597,165.55627,168.6539,168.6539,78864556
2024-02-03,168.70135,169.67863,162.48204,165.30084,165.30084,61447556
2024-02-04,165.2953,167.76048,164.98271,165.7896,165.7896,50184533
2024-02-05,165.79428,167.88268,163.52748,165.35585,165.35585,62301595
2024-02-06,165.29498,166.53552,101.13885,104.97752,104.97752,294363740
2024-02-07,105.00044,133.91562,104.14203,129.95305,129.95305,248072044
2024-02-08,129.93434,131.45755,118.22773,127.91291,127.91291,123335948
2024-02-09,128.20111,129.06787,120.03116,121.91534,121.91534,106467375
2024-02-10,121.885,123.29612,115.56055,119.20586,119.20586,76698211
2024-02-11,119.20818,122.95767,117.27912,120.6102,120.6102,80624208
2024-02-12,120.64618,128.28427,118.19176,126.22284,126.22284,94789690
2024-02-13,126.30147,128.73442,122.37191,127.80837,127.80837,101751450
2024-02-14,127.84434,131.72084,126.61127,127.89948,127.89948,85826714
2024-02-15,127.90031,129.10335,124.7743,125.83845,125.83845,76833545
2024-02-16,125.82613,128.90364,120.44109,122.75277,122.75277,68839222
2024-02-17,122.76209,122.76209,118.63876,120.811,120.811,49581822
2024-02-18,120.94278,123.17143,118.88805,122.18739,122.18739,56685675
2024-02-19,122.17593,123.00677,109.61477,112.91376,112.91376,88708662
2024-02-20,112.92673,125.22349,112.26817,123.83164,123.83164,61973008
2024-02-21,123.88459,125.53594,116.75478,123.04865,123.04865,50491156
2024-02-22,123.11486,124.81737,121.26074,124.04316,124.04316,102663823
2024-02-23,124.03617,124.58774,120.8999,123.84363,123.84363,93773418
2024-02-24,123.78679,125.14174,122.0952,123.87924,123.87924,92062852
2024-02-25,123.8941,129.3519,123.05602,129.1743,129.1743,597868068
2024-02-26,129.17491,129.88928,128.42227,129.61328,129.61328,53208623
2024-02-27,129.60019,130.3503,129.59671,130.0612,130.0612,72506717
2024-02-28,130.073,139.94649,130.00928,133.89229,133.89229,65006893
2024-02-29,133.82251,141.00652,133.21765,137.17357,137.17357,66793524
2024-03-01,137.13509,145.03185,136.42131,142.98512,142.98512,67209799
2024-03-02,142.87943,145.17453,140.14484,144.63875,144.63875,56078732
2024-03-03,144.98195,151.74342,143.78896,150.08304,150.08304,65555314
2024-03-04,150.55551,151.11746,143.59201,150.01331,150.01331,74473323
2024-03-05,150.07214,151.00464,134.51047,141.44621,141.44621,85810399
2024-03-06,141.45749,151.53488,138.63875,143.92917,143.92917,87199566
2024-03-07,143.92917,148.74872,138.2749,144.28152,144.28152,75104195
2024-03-08,144.28143,150.99895,143.21567,147.36609,147.36609,63772091
2024-03-09,147.36609,148.94653,143.74829,143.83516,143.83516,49472434
2024-03-10,143.83568,148.56364,142.39961,146.60831,146.60831,52976238
2024-03-11,146.60461,146.83276,142.62097,145.20531,145.20531,74690585
2024-03-12,145.20531,147.25069,142.85039,145.11423,145.11423,70751333
2024-03-13,145.11423,150.50493,144.41736,150.22093,150.22093,67768461
2024-03-14,150.22166,151.05618,140.71948,146.61067,146.61067,69695577
2024-03-15,146.61067,147.46329,138.77484,142.03508,142.03508,68320297
2024-03-16,142.03508,148.72025,135.08972,139.51497,139.51497,52162541
2024-03-17,139.51497,145.21581,136.60925,140.99463,140.99463,52806847
2024-03-18,140.99463,141.67342,136.63185,141.03848,141.03848,50287932
2024-03-19,141.03848,141.35016,128.61298,133.99168,133.99168,55669001
2024-03-20,133.99168,142.71877,129.31335,139.61078,139.61078,59442114
2024-03-21,139.61078,144.30415,137.72125,138.21042,138.21042,58439916
2024-03-22,138.21042,140.75101,131.27477,134.78325,134.78325,45802437
2024-03-23,134.78325,139.92783,133.60422,138.91093,138.91093,42375980
2024-03-24,138.91093,143.7298,138.85075,141.8866,141.8866,46383807
2024-03-25,141.8866,143.42018,139.91154,142.58691,142.58691,46518086
2024-03-26,142.58691,143.60933,133.45204,135.32735,135.32735,73114758
2024-03-27,135.32735,141.34169,134.21228,137.91785,137.91785,68147773
2024-03-28,137.91785,139.89993,134.91194,135.06421,135.06421,50342353
2024-03-29,135.06421,137.17102,129.65646,132.51349,132.51349,49952151
2024-03-30,132.51349,133.54851,126.79548,129.12152,129.12152,58881074
2024-03-31,129.12152,129.87473,127.47488,128.28577,128.28577,41670191
2024-04-01,128.28586,129.38837,120.03831,123.13544,123.13544,57048077
2024-04-02,123.13544,123.60056,117.0283,122.14587,122.14587,58963398
2024-04-03,122.14587,129.68568,120.25842,128.8217,128.8217,60635247
2024-04-04,128.8217,132.05823,127.55998,131.64894,131.64894,62135241
2024-04-05,131.64894,132.24544,125.22047,126.76005,126.76005,46037391
2024-04-06,126.76005,132.69344,126.70379,131.8622,131.8622,35975653
2024-04-07,131.8622,135.30096,128.56171,131.31648,131.31648,43005732
2024-04-08,131.31648,136.76067,130.27573,136.76067,136.76067,56297846
2024-04-09,136.76067,139.7999,130.14885,133.52101,133.52101,56606307
2024-04-10,133.52101,136.72562,130.3492,133.58202,133.58202,45282439
2024-04-11,133.53348,135.80946,132.00755,133.36916,133.36916,42712494
2024-04-12,133.36916,134.95395,117.2288,122.99665,122.99665,53508223
2024-04-13,122.99665,128.99976,105.42603,115.67833,115.67833,49104520
2024-04-14,115.67833,123.25423,113.11261,121.53353,121.53353,51839602
2024-04-15,121.53353,127.28873,117.54847,123.28846,123.28846,54461578
2024-04-16,123.28846,123.96587,114.28436,121.83826,121.83826,51834944
2024-04-17,121.83797,125.16575,116.18615,117.14754,117.14754,56017109
2024-04-18,117.14754,119.17723,112.90754,116.42863,116.42863,48262837
2024-04-19,116.42863,121.67162,110.77342,117.0486,117.0486,54754142
2024-04-20,117.04536,122.17503,116.59987,122.16692,122.16692,34816417
2024-04-21,122.16692,125.08569,115.95381,118.64811,118.64811,42316809
2024-04-22,118.6413,124.00096,118.62479,121.1232,121.1232,49875941
2024-04-23,121.1232,124.06353,120.14827,121.45235,121.45235,43333346
2024-04-24,121.45235,122.21573,118.20956,118.83868,118.83868,37672747
2024-04-25,118.84013,121.71775,116.96433,119.98615,119.98615,40036017
2024-04-26,119.98615,122.44477,119.13799,120.34292,120.34292,41040019
2024-04-27,120.34292,123.07647,118.05121,122.7739,122.7739,44429704
2024-04-28,122.7739,129.9467,121.47737,126.59158,126.59158,51842711
2024-04-29,126.59158,129.57059,122.11853,128.84752,128.84752,56912755
2024-04-30,128.81349,131.49629,117.59501,119.37248,119.37248,54513579
2024-05-01,119.37248,123.54643,116.16318,123.54643,123.54643,44685650
2024-05-02,123.54643,125.88201,120.04397,123.16778,123.16778,47242005
2024-05-03,123.16778,126.4617,121.90556,124.98278,124.98278,52444310
2024-05-04,124.98278,129.53397,122.44673,123.33226,123.33226,59402585
2024-05-05,123.3321,134.49837,123.11426,134.41847,134.41847,68420933
2024-05-06,134.41817,134.56209,129.1082,130.51154,130.51154,48230919
2024-05-07,130.51154,133.31087,126.21971,127.57388,127.57388,44043411
2024-05-08,127.57388,131.89185,127.06009,131.73093,131.73093,36862266
2024-05-09,131.73093,135.12708,128.57588,132.42207,132.42207,49214168
2024-05-10,132.42207,134.10368,130.81874,132.69147,132.69147,42460830
2024-05-11,132.69147,133.42113,129.18814,131.78757,131.78757,30445590
2024-05-12,131.81491,134.74287,131.76952,133.1869,133.1869,30709358
2024-05-13,133.1869,136.92624,130.86359,135.58449,135.58449,44746287
2024-05-14,135.58333,135.97231,131.86333,131.9335,131.9335,40866033
2024-05-15,131.9335,136.23454,130.69174,134.74188,134.74188,40987750
2024-05-16,134.76064,135.50893,130.18488,133.90376,133.90376,40503146
2024-05-17,133.90376,135.6089,132.6468,134.98357,134.98357,39209851
2024-05-18,134.98357,137.7048,134.56329,136.16582,136.16582,33617279
2024-05-19,136.16641,136.29044,134.29916,134.49466,134.49466,29256950
2024-05-20,134.49466,136.91647,134.10719,135.05528,135.05528,44083055
2024-05-21,135.04845,142.12766,134.38881,136.26804,136.26804,74712800
2024-05-22,136.26804,139.6506,135.47978,138.50795,138.50795,54151615
2024-05-23,138.50795,141.54555,137.1236,138.64499,138.64499,56233008
2024-05-24,138.64499,143.91154,138.27657,141.01099,141.01099,57938054
2024-05-25,141.01256,142.40706,140.46088,141.29811,141.29811,31898845
2024-05-26,141.29811,143.73311,140.51161,142.3371,142.3371,40868073
2024-05-27,142.3371,144.1516,140.95389,141.46234,141.46234,48486592
2024-05-28,141.46234,144.48726,140.91507,141.37537,141.37537,54907087
2024-05-29,141.37537,143.52081,137.41884,139.94363,139.94363,44699987
2024-05-30,139.9458,147.0179,139.88998,146.16971,146.16971,66601286
2024-05-31,146.16971,148.87396,143.74344,148.3927,148.3927,56663272
2024-06-01,148.39275,150.8486,147.21344,148.78403,148.78403,43513086
2024-06-02,148.78403,152.75195,148.77246,152.68755,152.68755,48318664
2024-06-03,152.68755,158.11089,151.57631,154.95763,154.95763,71410730
2024-06-04,154.95763,160.02249,154.70012,159.95282,159.95282,55202907
2024-06-05,159.95282,165.27019,159.15294,163.15559,163.15559,64706612
2024-06-06,163.15619,166.31126,162.53755,165.25781,165.25781,59505497
2024-06-07,165.25786,174.50275,153.69655,154.15192,154.15192,79386291
2024-06-08,154.14334,169.46413,154.14334,169.46413,169.46413,61300403
2024-06-09,169.39764,175.28505,166.69095,173.89925,173.89925,103877890
2024-06-10,173.99376,181.34616,173.99376,178.46686,178.46686,132931889
2024-06-11,178.47191,180.60109,167.90982,174.53117,174.53117,111783251
2024-06-12,174.59702,182.25441,174.21759,180.76662,180.76662,92485909
2024-06-13,180.75946,181.29277,171.65486,171.8882,171.8882,88826328
2024-06-14,171.87238,176.69885,164.21378,170.5733,170.5733,73790923
2024-06-15,170.58853,177.92532,169.29739,177.46144,177.46144,51691415
2024-06-16,177.4127,177.96011,172.53763,177.29301,177.29301,44876101
2024-06-17,177.24686,178.0352,171.16542,174.18613,174.18613,63544953
2024-06-18,174.15001,174.41203,166.71512,169.79335,169.79335,60384645
2024-06-19,169.77829,172.07004,166.8924,168.21196,168.21196,52142381
2024-06-20,168.21196,172.18617,167.35419,169.87167,169.87167,44296921
2024-06-21,169.86966,172.81886,158.2298,160.20493,160.20493,53535042
2024-06-22,160.17647,167.74217,160.17647,166.76056,166.76056,29184680
2024-06-23,166.71893,168.07401,161.50542,164.17978,164.17978,28401218
2024-06-24,164.21803,167.22826,155.99524,159.0218,159.0218,62594009
2024-06-25,159.01706,164.7003,158.67964,162.65865,162.65865,43432462
2024-06-26,162.26324,166.19267,161.77487,164.5318,164.5318,38362980
2024-06-27,164.53566,167.06029,164.00098,165.7901,165.7901,35329669
2024-06-28,165.79437,168.35181,165.69711,167.6156,167.6156,44958989
2024-06-29,167.60664,167.96516,164.94661,165.09145,165.09145,38664696
2024-06-30,165.12636,169.48956,165.09479,167.92014,167.92014,39066089
2024-07-01,167.94606,173.1998,167.29944,168.2643,168.2643,59968116
2024-07-02,167.94487,170.40727,167.35451,168.46313,168.46313,41204754
2024-07-03,168.50206,170.50111,165.00766,165.60747,165.60747,51270736
2024-07-04,165.55479,166.07841,155.16397,155.9528,155.9528,57520902
2024-07-05,155.83997,156.2939,134.03653,155.19331,155.19331,64857374
2024-07-06,155.19054,159.03899,153.54655,158.41292,158.41292,42582449
2024-07-07,158.43858,159.65974,149.10812,149.10812,149.10812,41193012
2024-07-08,148.8394,155.14407,144.55478,154.38554,154.38554,72159381
2024-07-09,154.38788,155.57619,152.46483,155.27554,155.27554,83993883
2024-07-10,155.26939,158.71751,152.75652,155.85875,155.85875,64253306
2024-07-11,155.87587,159.64967,155.34349,158.6122,158.6122,71301203
2024-07-12,158.59727,160.05099,157.33902,159.61009,159.61009,69908853
2024-07-13,159.6248,162.58281,156.74559,157.29828,157.29828,57458952
2024-07-14,157.32269,160.14964,155.23871,159.69975,159.69975,59147226
2024-07-15,159.75859,161.75914,157.48521,158.5112,158.5112,76862162
2024-07-16,158.72147,163.6931,157.43019,161.90779,161.90779,92340697
2024-07-17,161.89528,164.19038,159.31116,160.38622,160.38622,80448168
2024-07-18,160.38963,161.69472,160.08685,160.95564,160.95564,68302080
2024-07-19,160.95374,163.16891,158.32443,161.30617,161.30617,73190232
2024-07-20,161.30438,164.69412,161.2639,163.42082,163.42082,77999919
2024-07-21,163.42082,165.04495,162.11139,164.68758,164.68758,92040301
2024-07-22,164.69775,165.34645,160.20384,161.16916,161.16916,149125712
2024-07-23,161.16916,161.92915,157.72224,160.92583,160.92583,80114489
2024-07-24,160.93106,164.09125,159.55881,160.23868,160.23868,85225148
2024-07-25,160.23868,162.88722,152.15887,162.85376,162.85376,103268034
2024-07-26,162.85376,175.38316,161.20766,161.61482,161.61482,134824425
2024-07-27,161.61482,165.59097,161.01796,162.51947,162.51947,77803379
2024-07-28,162.51947,165.04404,160.00795,164.43466,164.43466,78118338
2024-07-29,164.4343,165.68738,161.0838,161.27263,161.27263,68243468
2024-07-30,161.27263,164.77647,156.47992,157.92424,157.92424,96572346
2024-07-31,157.92424,160.97371,155.80861,157.66919,157.66919,86302618
2024-08-01,157.66919,158.51154,150.01778,156.53639,156.53639,96603866
2024-08-02,156.53639,164.70296,155.47925,158.05615,158.05615,133282009
2024-08-03,158.05615,161.32108,141.51248,149.44986,149.44986,113059565
2024-08-04,149.44986,153.91092,145.17586,150.46397,150.46397,106406824
2024-08-05,150.46397,154.29051,136.7563,145.73149,145.73149,146471017
2024-08-06,145.71388,151.71632,145.69978,147.7923,147.7923,83333666
2024-08-07,147.7923,153.01671,143.87442,145.92973,145.92973,79424234
2024-08-08,145.92973,159.21338,145.62773,158.22733,158.22733,69580360
2024-08-09,158.22733,159.15366,152.41901,153.0804,153.0804,64102912
2024-08-10,153.0804,153.18225,147.84856,150.50127,150.50127,43546728
2024-08-11,150.50162,151.69244,148.46663,149.01543,149.01543,42144309
2024-08-12,149.01543,150.80856,147.79628,150.57899,150.57899,53895274
2024-08-13,150.57899,151.13388,147.35541,147.61665,147.61665,44281797
2024-08-14,147.61665,152.23228,147.51671,151.36214,151.36214,48560692
2024-08-15,151.36214,153.51241,148.09023,149.39786,149.39786,48564757
2024-08-16,149.39786,150.41295,148.15895,148.77847,148.77847,39562462
2024-08-17,148.77847,150.17606,148.4922,150.17606,150.17606,31014678
2024-08-18,150.17606,152.05351,149.71417,151.23392,151.23392,46484700
2024-08-19,151.23392,157.07819,150.01332,155.13551,155.13551,81081588
2024-08-20,155.15784,161.22801,154.13223,159.43855,159.43855,81807356
2024-08-21,159.43855,162.38193,156.9631,161.63419,161.63419,58721522
2024-08-22,161.63419,169.75757,159.98283,168.68121,168.68121,74241010
2024-08-23,168.68121,173.32594,163.10735,173.22745,173.22745,82501278
2024-08-24,173.22745,176.39035,167.73257,169.75229,169.75229,78807368
2024-08-25,169.75229,171.67667,165.93289,166.53488,166.53488,62316687
2024-08-26,166.53488,168.00179,162.70979,166.83994,166.83994,64603366
2024-08-27,166.83994,168.09804,155.44394,155.56956,155.56956,74392009
2024-08-28,155.56956,160.17165,153.56044,157.97084,157.97084,62709370
2024-08-29,157.97084,166.38634,155.91547,161.86717,161.86717,63433189
2024-08-30,161.86717,168.49644,160.76631,168.47218,168.47218,77818245
2024-08-31,168.47218,172.40486,161.24838,168.86375,168.86375,76459372
2024-09-01,168.86375,171.77414,163.99358,169.71271,169.71271,63415721
2024-09-02,169.71271,170.64191,167.1255,170.59906,170.59906,65574265
2024-09-03,170.59906,175.46521,169.60646,172.96429,172.96429,91025458
2024-09-04,172.96429,175.37872,170.6478,170.9389,170.9389,58165348
2024-09-05,170.94128,176.57463,169.90329,172.56619,172.56619,71367882
2024-09-06,172.56619,173.86423,164.44278,165.22701,165.22701,57557216
2024-09-07,165.22701,172.62236,162.40977,167.53561,167.53561,49797484
2024-09-08,167.53561,176.42259,167.49986,171.95692,171.95692,54709067
2024-09-09,171.95692,173.88336,170.11336,170.70334,170.70334,57642335
2024-09-10,170.70334,171.72536,166.11131,167.74556,167.74556,57637872
2024-09-11,167.74556,174.50424,166.83656,173.36838,173.36838,59849800
2024-09-12,173.36838,175.21854,169.56879,172.17433,172.17433,53638800
2024-09-13,172.17433,172.77979,169.71825,170.43173,170.43173,64465476
2024-09-14,170.43173,171.28828,167.94214,169.63733,169.63733,50483393
2024-09-15,169.63733,171.58427,169.43884,170.25546,170.25546,42890717
2024-09-16,170.25546,171.69974,168.05255,170.4669,170.4669,60270783
2024-09-17,170.4669,172.6736,169.0482,172.60342,172.60342,54051260
2024-09-18,172.60342,174.69351,170.19998,171.28674,171.28674,61735746
2024-09-19,171.28674,177.65659,170.54802,175.18163,175.18163,79111437
2024-09-20,175.18163,178.61838,175.18056,175.32903,175.32903,57218679
2024-09-21,175.32903,178.7029,174.49658,177.18358,177.18358,40996116
2024-09-22,177.18358,177.38264,174.50604,176.79749,176.79749,32327452
2024-09-23,176.79749,176.85025,171.7254,171.76234,171.76234,51943740
2024-09-24,171.76234,171.87373,165.63223,169.34489,169.34489,58813312
2024-09-25,169.34489,169.70511,164.83644,165.47453,165.47453,44768883
2024-09-26,165.47453,166.42363,163.19472,163.93861,163.93861,48986546
2024-09-27,163.93861,164.43236,161.34891,164.15956,164.15956,43108909
2024-09-28,164.15956,165.50801,157.51982,158.61697,158.61697,38166295
2024-09-29,158.61774,158.69926,152.16806,152.91757,152.91757,64757773
2024-09-30,152.91757,155.70615,149.92941,154.37219,154.37219,67636316
2024-10-01,154.37219,154.82509,140.27258,144.67252,144.67252,82453063
2024-10-02,144.67252,149.36484,135.39777,136.62662,136.62662,90391175
2024-10-03,136.62662,145.00864,135.39589,144.18379,144.18379,64471603
2024-10-04,144.18379,151.04099,143.17523,148.79137,148.79137,52297560
2024-10-05,148.79137,155.01953,148.72606,153.16281,153.16281,45006971
2024-10-06,153.16281,155.12515,146.67876,147.63261,147.63261,52648718
2024-10-07,147.63261,148.58659,144.04813,144.61253,144.61253,49180893
2024-10-08,144.61253,151.68425,144.01945,149.38155,149.38155,56477100
2024-10-09,149.38155,154.44653,146.15971,147.37883,147.37883,52995483
2024-10-10,147.37883,154.05975,146.79393,153.40375,153.40375,64809220
2024-10-11,153.40375,154.57181,150.53949,151.91335,151.91335,53597412
2024-10-12,151.91335,154.39249,150.16277,150.45163,150.45163,52525857
2024-10-13,150.45163,152.33205,148.39291,148.5687,148.5687,39711378
2024-10-14,148.5687,157.04797,148.35338,156.80888,156.80888,62378989
2024-10-15,156.80888,158.05222,151.73975,153.16647,153.16647,72810359
2024-10-16,153.16647,159.27754,153.06641,155.63884,155.63884,61578924
2024-10-17,155.63884,158.72498,154.07085,157.62738,157.62738,54110039
2024-10-18,157.60999,162.64168,156.91566,159.98592,159.98592,57052187
2024-10-19,159.98592,162.04356,159.03418,160.51459,160.51459,31373645
2024-10-20,160.51459,163.50705,159.06299,163.2498,163.2498,33127125
2024-10-21,163.26668,163.33455,153.29277,155.00931,155.00931,52118637
2024-10-22,155.00931,158.49774,154.49796,156.94713,156.94713,45328902
2024-10-23,156.94713,158.24284,154.69682,156.20178,156.20178,38127926
2024-10-24,156.69064,158.71556,154.42863,157.18423,157.18423,44297569
2024-10-25,157.18423,159.62943,155.18565,157.42232,157.42232,47696211
2024-10-26,157.42232,160.73523,156.60664,160.11942,160.11942,44149452
2024-10-27,160.11942,164.27698,159.948,162.9099,162.9099,44620748
2024-10-28,162.9099,164.03452,159.95567,163.06078,163.06078,53369688
2024-10-29,163.06078,165.6301,162.04521,162.41293,162.41293,60655061
2024-10-30,162.41293,164.91968,161.34315,162.03822,162.03822,55275455
2024-10-31,162.03822,162.11835,154.87663,155.67876,155.67876,53395707
2024-11-01,155.67876,159.5598,151.51877,156.46027,156.46027,62430004
2024-11-02,156.45964,160.03734,152.92955,154.14801,154.14801,45791255
2024-11-03,154.14801,158.25529,153.74245,156.91034,156.91034,51019650
2024-11-04,156.91034,161.47264,156.29901,158.29379,158.29379,52863036
2024-11-05,158.29379,162.84286,157.21381,157.91304,157.91304,56628196
2024-11-06,157.91304,163.65559,157.7804,161.09653,161.09653,69869662
2024-11-07,161.09653,168.60863,160.72923,163.15155,163.15155,61981213
2024-11-08,163.15216,167.06575,163.14873,165.55655,165.55655,57105904
2024-11-09,165.55655,165.68713,161.65865,163.64409,163.64409,44715479
2024-11-10,163.64409,166.36375,161.65334,162.0979,162.0979,57465752
2024-11-11,162.0979,162.18094,156.18822,157.44684,157.44684,81424497
2024-11-12,157.44684,160.05624,150.79898,150.97104,150.97104,97339480
2024-11-13,150.99051,152.3605,145.32643,150.65033,150.65033,90011228
2024-11-14,150.65033,150.68782,143.83623,146.94357,146.94357,71553847
2024-11-15,146.94357,149.98849,140.72458,141.77959,141.77959,65830249
2024-11-16,141.77959,152.30309,141.64996,150.70343,150.70343,61134095
2024-11-17,150.70343,157.7187,147.14984,156.45103,156.45103,65033687
2024-11-18,156.43709,160.57225,153.13106,156.20717,156.20717,79789439
2024-11-19,156.20717,166.23462,154.98056,162.12941,162.12941,97725726
2024-11-20,162.12941,163.62335,158.71693,160.21899,160.21899,65868511
2024-11-21,160.22008,163.85934,159.33159,160.70329,160.70329,79610785
2024-11-22,160.7394,162.35995,157.19125,162.35333,162.35333,66206916
2024-11-23,162.35208,165.09373,159.43405,161.39523,161.39523,73137282
2024-11-24,161.39523,166.38023,157.8979,161.95705,161.95705,62502155
2024-11-25,161.95705,166.33459,155.77742,156.30675,156.30675,81653575
2024-11-26,156.30675,162.67894,151.50389,161.24272,161.24272,94589708
2024-11-27,161.24272,161.24272,150.09576,156.10657,156.10657,88960987
2024-11-28,156.10657,160.55157,155.47447,159.26764,159.26764,65374867
2024-11-29,159.27122,160.41873,155.61319,159.37836,159.37836,75013973
2024-11-30,159.37836,163.70157,158.12489,162.3201,162.3201,58265927
2024-12-01,162.31549,165.05919,161.34119,163.19873,163.19873,75180500
2024-12-02,163.19873,177.61108,160.44212,173.8638,173.8638,131663435
2024-12-03,173.86821,212.1467,166.55875,202.26802,202.26802,219495824
2024-12-04,202.26802,212.41365,188.0834,197.0666,197.0666,205188232
2024-12-05,197.0666,211.72853,185.08968,192.59492,192.59492,170085889
2024-12-06,193.43826,205.08771,193.40941,198.94002,198.94002,97424437
2024-12-07,198.94002,203.50201,193.96944,200.75865,200.75865,84801723
2024-12-08,200.75865,225.03317,196.50401,222.54822,222.54822,114097982
2024-12-09,222.49284,227.06056,155.66399,176.22566,176.22566,169753629
2024-12-10,176.21562,180.27803,165.80164,179.4409,179.4409,158694058
2024-12-11,179.4409,200.06213,175.65021,199.36081,199.36081,120537784
2024-12-12,199.37134,214.85703,194.54353,200.26482,200.26482,134244380
2024-12-13,200.26482,214.2122,198.77856,207.05824,207.05824,147238828
2024-12-14,207.05824,220.38551,203.04459,210.24078,210.24078,110352285
2024-12-15,210.24078,222.95114,206.53209,222.30913,222.30913,113388433
2024-12-16,222.30913,231.47563,208.01355,212.06914,212.06914,152463806
2024-12-17,212.06914,224.74847,208.84662,212.91743,212.91743,121717838
2024-12-18,212.92445,224.31233,209.85728,212.56351,212.56351,137747833
2024-12-19,212.60039,215.44395,190.02373,193.61148,193.61148,134600144
2024-12-20,193.60371,201.63358,166.94852,196.52245,196.52245,171264223
2024-12-21,196.52245,196.99866,181.1761,183.81216,183.81216,82796840
2024-12-22,183.81216,198.19736,181.46111,189.78984,189.78984,102004214
2024-12-23,189.78984,193.62424,185.34319,190.85242,190.85242,80149381
2024-12-24,190.85242,193.39879,184.50665,190.18837,190.18837,66075547
2024-12-25,190.18837,199.6994,189.30319,190.77318,190.77318,72531967
2024-12-26,190.77318,194.11566,187.39174,188.94656,188.94656,60333568
2024-12-27,188.94492,195.62372,187.20653,192.6852,192.6852,55406164
2024-12-28,192.6852,200.06779,192.6852,196.92023,196.92023,45318865
2024-12-29,196.92023,197.29109,189.2713,192.60666,192.60666,42715590
2024-12-30,192.70464,196.82346,183.41396,190.66603,190.66603,53871785
2024-12-31,190.66603,197.22798,186.07875,193.39929,193.39929,47457662
2025-01-01,193.39929,196.64229,191.88109,195.40408,195.40408,26839219
2025-01-02,195.39975,197.20541,191.79935,197.06551,197.06551,38042818
2025-01-03,197.06065,205.92404,196.04652,200.87167,200.87167,53438837
2025-01-04,200.87167,202.04703,193.4279,194.44771,194.44771,51217889
2025-01-05,194.44771,198.58618,188.16615,196.70982,196.70982,58068274
2025-01-06,196.70982,206.21855,196.55243,203.77765,203.77765,60821238
2025-01-07,203.78477,205.64076,193.064,194.0433,194.0433,54050573
2025-01-08,194.0433,201.34328,183.69388,201.07283,201.07283,88323181
2025-01-09,201.07283,201.07545,189.09578,190.7168,190.7168,56296337
2025-01-10,190.71574,200.24287,189.46005,199.28534,199.28534,58084576
2025-01-11,199.27425,199.6694,193.73882,198.29892,198.29892,41204011
2025-01-12,198.29892,207.95692,195.15192,199.91113,199.91113,61420445
2025-01-13,199.91113,204.23108,190.56633,202.5175,202.5175,74706768
2025-01-14,202.5175,209.84729,202.10262,205.61208,205.61208,76659310
2025-01-15,205.61259,210.28159,203.60245,208.29079,208.29079,78894719
2025-01-16,208.30527,221.92705,206.35274,221.90109,221.90109,89590210
2025-01-17,221.90109,235.33279,217.99062,230.68755,230.68755,92536298
2025-01-18,230.69386,232.04099,212.35591,217.55557,217.55557,81507630
2025-01-19,217.55557,223.49532,199.53683,203.90448,203.90448,81762961
2025-01-20,203.90448,213.83051,195.85913,207.62088,207.62088,84011604
2025-01-21,207.60921,219.59889,202.58313,214.56213,214.56213,64423524
2025-01-22,214.56213,223.5379,212.26834,222.83237,222.83237,81559304
2025-01-23,222.82455,226.86363,213.25261,221.48119,221.48119,72354006
2025-01-24,221.48119,222.55035,213.15735,220.65433,220.65433,62999080
2025-01-25,220.68138,222.99399,217.25249,221.17039,221.17039,50182820
2025-01-26,221.17039,225.84567,218.47748,218.83661,218.83661,45838398
2025-01-27,218.83635,223.68617,209.24951,213.98007,213.98007,75109031
2025-01-28,213.98007,225.27809,212.29195,218.08936,218.08936,58201544
2025-01-29,218.09491,225.41772,216.37128,221.92569,221.92569,67894805
2025-01-30,221.93297,243.03001,221.83168,232.67633,232.67633,90814602
2025-01-31,232.67633,239.88458,231.49562,238.58562,238.58562,73322287
2025-02-01,238.58966,242.03659,232.29915,234.27617,234.27617,74660857
2025-02-02,234.27617,239.64009,216.76859,221.23451,221.23451,72052472
2025-02-03,221.2364,227.03387,194.74277,225.92751,225.92751,111469714
2025-02-04,225.92751,235.05002,216.40376,220.14273,220.14273,85714999
2025-02-05,220.14273,229.21277,217.63071,227.06551,227.06551,61807266
2025-02-06,227.06218,239.01981,220.81085,222.45543,222.45543,74923577
2025-02-07,222.45543,228.27524,195.41994,205.21228,205.21228,75256147
2025-02-08,205.21228,219.50096,204.82109,213.93927,213.93927,54420253
2025-02-09,213.93687,222.97063,213.66492,220.1154,220.1154,53452820
2025-02-10,220.1154,225.76695,219.15726,221.55157,221.55157,72270485
2025-02-11,221.55157,227.39223,219.00713,222.66418,222.66418,63772029
2025-02-12,222.72116,227.82175,219.53984,227.05489,227.05489,59709667
2025-02-13,227.05489,228.32344,222.11992,224.56029,224.56029,57976243
2025-02-14,224.56029,231.88438,224.5443,229.34575,229.34575,49737752
2025-02-15,229.34575,237.47401,228.80669,230.34503,230.34503,60068433
2025-02-16,230.34503,235.33984,227.73152,229.68365,229.68365,53609102
2025-02-17,229.68365,238.83203,229.26877,238.58774,238.58774,65454058
2025-02-18,238.58774,239.09529,229.39766,237.16029,237.16029,65188534
2025-02-19,237.13499,241.58122,233.36345,239.19525,239.19525,68877208
2025-02-20,239.19525,239.54358,227.74751,229.15143,229.15143,73691330
2025-02-21,229.15437,238.47021,227.30296,233.37131,233.37131,67633392
2025-02-22,233.37131,237.31999,230.63045,234.75832,234.75832,52018285
2025-02-23,234.75832,237.77829,231.94493,236.327,236.327,49582273
2025-02-24,236.327,237.59102,226.72382,226.81401,226.81401,58722047
2025-02-25,226.81401,230.98128,212.75261,216.15155,216.15155,64591154
2025-02-26,216.15155,224.4894,210.54135,213.75093,213.75093,53067403
2025-02-27,213.75093,216.17625,206.76796,208.95607,208.95607,48767945
2025-02-28,208.95607,219.24084,205.63802,217.18561,217.18561,85212869
2025-03-01,217.18561,226.67607,216.49434,223.41049,223.41049,63201578
2025-03-02,223.41049,230.47604,222.26764,229.62679,229.62679,63551451
2025-03-03,229.62917,234.23515,214.35838,218.53369,218.53369,74870798
2025-03-04,218.53369,224.38956,211.53302,224.16472,224.16472,72327803
2025-03-05,224.15451,229.40045,222.83496,227.27109,227.27109,75173405
2025-03-06,227.27751,234.10159,224.58228,228.51299,228.51299,74522973
2025-03-07,228.51299,229.59708,216.77737,216.80743,216.80743,67937288
2025-03-08,216.80743,228.37024,214.70816,220.49159,220.49159,44170224
2025-03-09,220.50113,221.46645,210.83186,211.41707,211.41707,42451327
2025-03-10,211.41707,213.58859,197.07227,201.29796,201.29796,72240091
2025-03-11,201.29153,213.70709,196.79549,212.12793,212.12793,62499753
2025-03-12,212.12793,213.11374,204.38528,208.62122,208.62122,56291772
2025-03-13,208.62122,211.32518,205.03778,206.93666,206.93666,54175154
2025-03-14,206.93666,211.2876,205.89011,209.98901,209.98901,53145408
2025-03-15,209.97411,213.34644,208.22772,213.21178,213.21178,39856221
2025-03-16,213.21744,214.66327,208.46678,209.09932,209.09932,47795684
2025-03-17,209.08862,212.64435,208.50421,212.54742,212.54742,54883284
2025-03-18,212.54742,212.68938,205.1225,208.84198,208.84198,55716823
2025-03-19,208.84198,210.3326,204.79895,207.2476,207.2476,65692110
2025-03-20,207.26434,211.3456,206.9991,210.42564,210.42564,63857694
2025-03-21,210.41734,214.01332,206.6705,212.79227,212.79227,54010417
2025-03-22,212.79253,217.67761,212.79253,214.39223,214.39223,46994257
2025-03-23,214.39223,218.18008,214.38684,216.57899,216.57899,52977824
2025-03-24,216.57899,222.17599,216.52887,219.05591,219.05591,69849554
2025-03-25,219.05591,224.9303,218.6367,219.77428,219.77428,73316631
2025-03-26,219.77428,228.59734,219.7417,222.7605,222.7605,73151198
2025-03-27,222.7605,225.21579,220.71361,225.03197,225.03197,62932050
2025-03-28,225.03003,226.26764,215.45497,217.6179,217.6179,63843307
2025-03-29,217.6179,219.66794,212.99861,215.45744,215.45744,45150514
2025-03-30,215.45262,219.03212,215.36261,217.88698,217.88698,46240810
2025-03-31,217.88873,218.33273,213.97745,214.86865,214.86865,61907132
2025-04-01,214.87984,219.58192,214.87984,216.84521,216.84521,63023366
2025-04-02,216.83972,221.96048,213.25861,214.70374,214.70374,86277885
2025-04-03,214.69713,217.46324,207.66544,215.00595,215.00595,76579906
2025-04-04,215.00595,218.85048,212.92091,215.29262,215.29262,74222388
2025-04-05,215.29262,218.89894,211.03555,213.23769,213.23769,52936454
2025-04-06,213.23781,215.67532,196.27664,198.95796,198.95796,60662218
2025-04-07,198.95796,204.83615,185.37512,203.68839,203.68839,104846681
2025-04-08,203.68839,208.16409,194.59644,194.61737,194.61737,68977456
2025-04-09,194.61737,205.52002,192.62486,202.99644,202.99644,82476379
2025-04-10,203.00929,205.06044,198.3524,200.864,200.864,55669346
2025-04-11,200.864,206.66098,200.0547,206.64247,206.64247,61901809
2025-04-12,206.64247,209.80208,204.6758,207.32368,207.32368,57363384
2025-04-13,207.32368,212.12444,200.9727,203.20023,203.20023,57972087
2025-04-14,203.19595,216.91226,203.18979,214.90431,214.90431,68825870
2025-04-15,214.90431,216.87794,210.70033,215.50168,215.50168,67296037
2025-04-16,215.50168,220.12529,215.21144,218.64403,218.64403,84837507
2025-04-17,218.64403,219.42221,215.18161,216.70857,216.70857,73105400
2025-04-18,216.70857,219.73473,214.81956,215.9225,215.9225,57773803
2025-04-19,215.9225,216.12607,210.10181,215.61203,215.61203,60753502
2025-04-20,215.61201,219.14052,212.69588,214.35748,214.35748,57244040
2025-04-21,214.35748,216.68724,213.04601,215.60831,215.60831,76323315
2025-04-22,215.64439,226.95021,214.8918,226.88441,226.88441,77699710
2025-04-23,226.88441,230.56175,225.09167,230.18245,230.18245,92230040
2025-04-24,230.13602,230.63179,221.51837,227.89391,227.89391,67485310
2025-04-25,227.89391,230.91977,227.07008,227.5979,227.5979,66732376
2025-04-26,227.60283,230.48032,227.18205,230.37978,230.37978,53879059
2025-04-27,230.37978,233.95029,227.53728,233.90005,233.90005,51307360
2025-04-28,233.90005,339.19144,233.90005,258.77277,258.77277,340843516
2025-04-29,258.77277,279.62836,258.63046,270.06262,270.06262,142661410
2025-04-30,270.06235,281.56091,266.53122,278.48148,278.48148,118100922
2025-05-01,278.48148,287.81305,270.34509,270.89597,270.89597,104742499
2025-05-02,270.89798,291.55557,270.17163,282.57077,282.57077,128863487
2025-05-03,282.56848,286.10461,269.77881,278.12073,278.12073,100403728
2025-05-04,278.11984,280.53101,264.8735,280.27151,280.27151,101539128
2025-05-05,280.27151,282.49539,270.20193,277.75815,277.75815,131228860
2025-05-06,277.75815,290.72977,273.61932,287.45874,287.45874,117374732
2025-05-07,287.45874,290.8736,278.7157,283.28998,283.28998,101629534
2025-05-08,283.29373,299.75436,281.2728,298.10159,298.10159,138486380
2025-05-09,298.2225,316.10037,295.87253,316.03867,316.03867,124336645
2025-05-10,316.03867,333.05154,309.95248,326.0809,326.0809,118677385
2025-05-11,326.06635,341.49765,318.64523,331.95758,331.95758,111272955
2025-05-12,331.95758,349.95276,330.76358,337.07214,337.07214,148507580
2025-05-13,337.07214,345.10449,332.33466,341.85593,341.85593,145682891
2025-05-14,341.85593,349.1174,336.93481,340.2019,340.2019,117392350
2025-05-15,340.20721,349.00919,332.00421,335.28723,335.28723,112816803
2025-05-16,335.38202,343.38776,332.18948,333.85391,333.85391,102189336
2025-05-17,333.85391,339.978,332.46069,336.42868,336.42868,75251022
2025-05-18,336.42868,345.26752,335.79172,337.504,337.504,83084422
2025-05-19,337.504,346.0531,335.88522,342.96066,342.96066,100517706
2025-05-20,342.96066,356.36719,342.82462,352.06494,352.06494,100521124
2025-05-21,352.06494,399.86816,350.25317,397.86319,397.86319,187171228
2025-05-22,397.86319,409.52878,384.13217,386.19736,386.19736,173065151
2025-05-23,386.2142,402.26849,377.1741,391.59482,391.59482,147847473
2025-05-24,391.59482,406.44922,384.86743,403.90924,403.90924,111485433
2025-05-25,403.90924,418.2785,395.53262,417.71588,417.71588,118168433
2025-05-26,417.71588,420.38049,394.94485,402.36926,402.36926,123217921
2025-05-27,402.36926,404.4133,370.28363,371.48438,371.48438,105968687
2025-05-28,371.48251,371.57346,322.17526,347.32349,347.32349,171185601
2025-05-29,347.32349,351.44073,333.45456,338.59052,338.59052,103347117
2025-05-30,338.59052,340.97763,325.24835,325.25223,325.25223,89658731
2025-05-31,325.2522,330.34018,313.98807,324.18298,324.18298,77402615
2025-06-01,324.18298,349.06625,320.78036,348.70959,348.70959,80350783
2025-06-02,348.70959,368.32996,341.41656,358.12653,358.12653,115083746
2025-06-03,358.12634,370.43317,341.75949,344.49088,344.49088,98176571
2025-06-04,344.48849,352.75122,303.01947,314.2825,314.2825,99580799
2025-06-05,314.2825,338.54749,310.62881,317.56082,317.56082,111481903
2025-06-06,317.56149,339.12225,315.91895,322.69476,322.69476,95461153
2025-06-07,322.71558,330.28952,320.50085,327.98175,327.98175,72814811
2025-06-08,327.9819,336.60782,324.12247,327.90277,327.90277,73039644
2025-06-09,327.90277,335.58282,324.94348,333.89139,333.89139,96251840
2025-06-10,333.86426,342.22568,328.94449,338.28012,338.28012,100257081
2025-06-11,338.28012,345.03836,325.40683,330.0961,330.0961,106127365
2025-06-12,330.0961,331.75677,314.92331,318.52811,318.52811,97325667
2025-06-13,318.52811,322.01248,300.54727,311.53339,311.53339,109373952
2025-06-14,311.53339,318.76788,307.2699,312.76276,312.76276,67571797
2025-06-15,312.73898,319.11905,311.3103,314.98358,314.98358,66173541
2025-06-16,314.98358,332.13959,314.24164,322.58282,322.58282,109912728
2025-06-17,322.58282,330.00034,317.24979,319.90982,319.90982,101780893
2025-06-18,319.90982,331.61896,314.20981,315.74521,315.74521,92314440
2025-06-19,315.74521,323.28152,303.15692,310.37585,310.37585,87729363
2025-06-20,310.37817,318.83813,304.11176,310.45496,310.45496,73373087
2025-06-21,310.45496,317.57938,306.03885,308.39197,308.39197,65019988
2025-06-22,308.37152,313.83615,289.50183,298.10028,298.10028,70285729
2025-06-23,298.10028,312.47543,293.50024,312.16553,312.16553,85224747
2025-06-24,312.16553,319.33496,306.20782,314.0694,314.0694,93023731
2025-06-25,314.0694,321.82581,310.41718,311.67496,311.67496,91794569
2025-06-26,311.67496,319.67535,309.06274,311.91858,311.91858,89753832
2025-06-27,311.91858,312.61761,302.98068,307.77768,307.77768,84172956
2025-06-28,307.77768,315.97552,303.87592,310.65335,310.65335,99936011
2025-06-29,310.65335,323.33939,306.5705,313.69855,313.69855,100016129
2025-06-30,313.69855,326.2243,311.60995,325.05545,325.05545,103256661
2025-07-01,325.05545,325.49615,310.27942,311.53308,311.53308,109933443
2025-07-02,311.48309,326.6492,310.0929,321.54614,321.54614,117936750
2025-07-03,321.51907,336.80215,315.9985,320.26691,320.26691,122570074
2025-07-04,320.26691,323.1868,312.36627,313.30438,313.30438,81871884
2025-07-05,313.30438,316.84399,311.43866,316.36288,316.36288,59263909
2025-07-06,316.36288,321.80627,312.70679,319.38385,319.38385,76047408
2025-07-07,319.38385,325.05746,313.90845,315.78262,315.78262,111018702
2025-07-08,315.78262,320.04861,309.92581,316.84152,316.84152,120837143
2025-07-09,316.84152,327.03122,314.08234,326.17972,326.17972,120180923
2025-07-10,326.17972,329.30624,321.03644,325.74765,325.74765,124218639
2025-07-11,325.74765,331.30441,322.97964,329.88467,329.88467,145049886
2025-07-12,329.88467,335.19458,325.68887,332.23178,332.23178,99831011
2025-07-13,332.23178,340.9086,329.91956,336.22168,336.22168,102942298
2025-07-14,336.22168,356.8652,336.10715,344.31348,344.31348,163689891
2025-07-15,344.31348,344.9646,331.87595,333.92239,333.92239,131121305
2025-07-16,333.92239,337.80542,325.85822,331.40915,331.40915,125562288
2025-07-17,331.40915,344.82632,330.41537,337.53183,337.53183,141737537
2025-07-18,337.53183,340.67813,317.86081,321.10773,321.10773,123176447
2025-07-19,321.10742,327.93735,317.90701,323.00131,323.00131,75291322
2025-07-20,322.99744,329.16052,322.11655,325.43884,325.43884,81642223
2025-07-21,325.43884,332.16666,312.56149,319.90298,319.90298,106630405
2025-07-22,319.90298,326.18362,315.57132,324.93088,324.93088,117921559
2025-07-23,324.93088,328.51843,308.16309,313.92694,313.92694,115342526
2025-07-24,313.92694,327.66403,310.17703,326.08344,326.08344,169671730
2025-07-25,326.08344,337.60449,319.00204,322.10657,322.10657,199429700
2025-07-26,322.10657,328.90271,319.90579,321.25241,321.25241,118333881
2025-07-27,321.25241,328.8508,321.20743,325.29327,325.29327,125253942
2025-07-28,325.29327,331.138,315.11105,315.15305,315.15305,139702741
2025-07-29,315.20203,324.67862,313.06467,314.16663,314.16663,140138911
2025-07-30,314.16663,317.54523,303.73557,308.44534,308.44534,137775449
2025-07-31,308.44534,317.73752,303.21332,306.28702,306.28702,127371580
2025-08-01,306.28702,307.88745,295.80734,297.23563,297.23563,135610149
2025-08-02,297.24661,298.69101,289.83743,294.84964,294.84964,110565915
2025-08-03,294.84964,304.53439,293.90143,303.44281,303.44281,103925803
2025-08-04,303.44281,314.40094,303.44217,305.99582,305.99582,131679340
2025-08-05,305.99582,305.99582,288.61871,291.8779,291.8779,121964227
2025-08-06,291.8779,295.58954,278.9151,285.40646,285.40646,105270257
2025-08-07,285.40646,287.59164,248.25119,266.61829,266.61829,162194739
2025-08-08,266.61829,277.41864,256.76682,273.47977,273.47977,155188021
2025-08-09,273.47977,284.84973,269.418,274.03903,274.03903,111155606
2025-08-10,274.03903,280.85693,262.71198,268.42245,268.42245,108602005
2025-08-11,268.42245,278.3728,264.71176,267.56345,267.56345,113076324
2025-08-12,267.56345,267.57065,244.42448,252.92876,252.92876,115418464
2025-08-13,252.92876,259.16306,245.76012,251.23383,251.23383,68812854
2025-08-14,251.23383,258.9614,240.41548,242.99048,242.99048,66625732
2025-08-15,242.99048,246.76453,233.09096,235.765,235.765,54797639
2025-08-16,235.765,257.33713,233.51738,252.40186,252.40186,67534777
2025-08-17,252.40186,272.14249,252.07526,269.24384,269.24384,105028617
2025-08-18,269.24384,282.0242,264.85043,280.68478,280.68478,98796499
2025-08-19,280.68478,282.5567,259.26782,260.95932,260.95932,91111993
2025-08-20,260.95932,271.58945,249.42668,259.23877,259.23877,124049312
2025-08-21,259.23877,273.9313,255.42952,259.71298,259.71298,96147321
2025-08-22,259.72006,272.76715,256.21799,272.56592,272.56592,105167126
2025-08-23,272.56592,273.49982,259.51498,266.1705,266.1705,88575738
2025-08-24,265.88416,285.38541,265.74216,275.91565,275.91565,86571155
2025-08-25,275.91565,278.81976,264.811,265.83765,265.83765,103245391
2025-08-26,265.83765,285.08524,261.00012,279.0231,279.0231,120521775
2025-08-27,279.0231,280.12848,266.82718,274.18896,274.18896,121132039
2025-08-28,274.18896,277.1268,264.59027,266.59952,266.59952,99513348
2025-08-29,266.59952,268.37924,256.17166,262.58578,262.58578,82131006
2025-08-30,262.58578,268.08429,255.74289,258.76407,258.76407,82259416
2025-08-31,258.76407,266.22098,258.75204,261.98438,261.98438,67057941
2025-09-01,261.97968,268.58795,257.9032,259.92899,259.92899,80705840
2025-09-02,259.92899,270.30624,259.48508,270.17706,270.17706,83180037
2025-09-03,270.17706,272.84143,265.27444,270.73801,270.73801,84133272
2025-09-04,270.73801,274.6973,264.97958,269.84753,269.84753,76696655
2025-09-05,269.84753,272.69812,264.64462,269.41772,269.41772,79515352
2025-09-06,269.41772,271.43533,265.13361,268.38361,268.38361,60578054
2025-09-07,268.38361,273.43866,267.19321,271.797,271.797,71415421
2025-09-08,271.797,272.7569,266.52719,266.63522,266.63522,79891421
2025-09-09,266.63522,274.47809,265.78812,266.61349,266.61349,85655374
2025-09-10,266.61349,271.97614,266.01611,268.83389,268.83389,76222787
2025-09-11,268.83389,273.83047,268.25235,270.33438,270.33438,86422166
2025-09-12,270.33438,284.03128,270.28406,283.91913,283.91913,97393952
2025-09-13,283.91913,290.20282,283.83493,286.05792,286.05792,79015570
2025-09-14,286.05792,308.37653,284.87521,306.04031,306.04031,93520562
2025-09-15,306.06967,308.54297,296.78708,305.79498,305.79498,144191400
2025-09-16,305.79715,325.77246,304.39737,319.74722,319.74722,169937583
2025-09-17,319.73471,320.16449,290.06015,301.37451,301.37451,125434064
2025-09-18,301.37451,302.49393,292.73218,299.0535,299.0535,96628102
2025-09-19,299.0535,303.58841,292.06555,294.07437,294.07437,83864094
2025-09-20,294.03061,299.41678,293.55765,299.01627,299.01627,74143593
2025-09-21,299.01627,301.10342,292.20218,292.41757,292.41757,74357223
2025-09-22,292.40933,300.77274,284.28653,289.2905,289.2905,97801628
2025-09-23,289.2905,295.70569,284.96143,291.22311,291.22311,98811349
2025-09-24,291.22739,300.75577,290.25888,292.94177,292.94177,107453798
2025-09-25,292.94177,299.49652,288.35638,288.39285,288.39285,106350223
2025-09-26,288.39285,297.66833,285.66635,287.64999,287.64999,91669893
2025-09-27,287.64999,293.01254,284.56216,286.25229,286.25229,72103526
2025-09-28,286.25156,292.56342,283.76447,290.32675,290.32675,74424038
2025-09-29,290.32675,293.24762,285.49118,292.56216,292.56216,112125047
2025-09-30,292.56216,299.25421,288.28925,295.32611,295.32611,143846927
2025-10-01,295.32611,320.94742,292.01477,314.31595,314.31595,221529890
2025-10-02,314.31595,341.02051,310.28171,333.6785,333.6785,314190052
2025-10-03,333.6785,339.56525,322.77554,324.61548,324.61548,230072076
2025-10-04,324.61548,329.98093,319.32901,329.92941,329.92941,170453911
2025-10-05,329.92941,341.11105,319.69751,321.40366,321.40366,213391529
2025-10-06,321.40366,326.04166,310.34387,310.53381,310.53381,243223277
2025-10-07,310.53381,326.88254,309.92407,318.23175,318.23175,239438696
2025-10-08,318.23175,341.7782,313.16809,333.16391,333.16391,247430882
2025-10-09,333.2114,345.98676,328.85641,342.26651,342.26651,246721176
2025-10-10,342.26651,345.66486,268.75012,294.81931,294.81931,280268815
2025-10-11,294.81931,312.02902,285.99765,298.27328,298.27328,177120182
2025-10-12,298.27328,314.98483,293.59796,304.73676,304.73676,186456027
2025-10-13,304.74832,317.01544,302.96228,311.16489,311.16489,173050029
2025-10-14,311.16489,313.02127,299.5441,312.42856,312.42856,217170184
2025-10-15,312.42856,330.45877,310.74997,317.23331,317.23331,248100590
2025-10-16,317.23331,321.53329,298.53088,301.26743,301.26743,182821172
2025-10-17,301.25809,301.96301,283.26334,291.22665,291.22665,178054892
2025-10-18,291.2551,315.46957,289.92444,307.74014,307.74014,168264365
2025-10-19,307.74014,319.79669,307.04456,315.5629,315.5629,141245637
2025-10-20,315.5629,323.4664,308.75787,310.04691,310.04691,168614524
2025-10-21,309.33173,317.60941,301.92438,305.04562,305.04562,188517051
2025-10-22,305.04562,312.63498,304.89041,311.8541,311.8541,194266033
2025-10-23,311.8541,339.49362,310.45239,323.60602,323.60602,216083101
2025-10-24,323.60602,330.3812,322.10193,327.12534,327.12534,173791781
2025-10-25,327.12534,339.45291,324.21631,333.85382,333.85382,141036560
2025-10-26,333.85382,351.68604,333.60205,348.16202,348.16202,175211914
2025-10-27,348.16202,350.49277,337.97266,340.69348,340.69348,174782475
2025-10-28,340.69348,345.4299,333.49506,335.29645,335.29645,159414537
2025-10-29,335.29645,345.26773,331.28177,336.3884,336.3884,165700456
2025-10-30,336.3884,339.52438,318.94263,323.07599,323.07599,177517120
2025-10-31,323.07599,335.04297,319.4454,334.76865,334.76865,149009661
2025-11-01,334.76865,353.91986,331.29086,348.21164,348.21164,157620345
2025-11-02,348.21164,361.00745,340.33505,347.22562,347.22562,154444997
2025-11-03,347.22562,351.67194,331.22372,345.41626,345.41626,223965471
2025-11-04,345.43625,350.29474,328.0892,338.51917,338.51917,219929443
2025-11-05,338.51917,378.54471,326.73254,344.18536,344.18536,220410448
2025-11-06,344.18536,360.81348,341.43661,359.28983,359.28983,157384180
2025-11-07,359.33423,375.04456,353.65506,368.18848,368.18848,201945632
2025-11-08,368.18848,372.60406,355.61121,366.34082,366.34082,148618901
2025-11-09,366.34082,470.00681,365.83286,416.00046,416.00046,410041115
2025-11-10,416.17822,427.40216,379.96262,386.8298,386.8298,231918942
2025-11-11,386.8298,395.63239,361.2233,369.34079,369.34079,217950746
2025-11-12,369.34079,391.47122,367.12817,387.26657,387.26657,184924212
2025-11-13,387.26657,402.31274,371.97232,387.01419,387.01419,209048687
2025-11-14,387.01419,401.80014,378.41934,391.53357,391.53357,213806227
2025-11-15,391.53357,437.03342,391.46539,419.64612,419.64612,266740591
2025-11-16,419.64612,435.8454,386.65714,406.10812,406.10812,226691651
2025-11-17,406.17542,419.46429,392.93552,406.52136,406.52136,210705061
2025-11-18,406.52136,413.87589,394.94986,403.79892,403.79892,207091128
2025-11-19,403.79892,403.79892,353.98837,365.40863,365.40863,211808428
2025-11-20,365.40863,375.29764,335.3967,339.27283,339.27283,193393285
2025-11-21,339.27283,351.65555,319.98251,336.17374,336.17374,223240153
2025-11-22,336.17447,372.7832,335.53745,369.13074,369.13074,155236850
2025-11-23,369.13074,406.85098,368.48645,389.40021,389.40021,208313015
2025-11-24,389.40021,392.24252,380.1424,386.75436,386.75436,158184492
2025-11-25,386.75436,400.49646,370.68924,384.77805,384.77805,177973319
2025-11-26,384.77805,404.48895,384.35025,398.25519,398.25519,205814821
2025-11-27,398.25519,411.33246,390.28763,409.52405,409.52405,173332664
2025-11-28,409.52744,418.80847,402.66299,411.2149,411.2149,181947461
2025-11-29,411.2149,418.04178,407.76334,413.42883,413.42883,153917611
2025-11-30,413.42883,438.22516,408.81549,436.30225,436.30225,168569692
2025-12-01,436.30225,436.87839,389.90356,405.83905,405.83905,249945132
2025-12-02,405.83905,419.41769,386.82224,397.96103,397.96103,241552027
2025-12-03,397.96103,416.55954,393.5141,408.35159,408.35159,191347666
2025-12-04,408.3587,410.51019,400.74539,402.64069,402.64069,147493781
2025-12-05,402.64069,406.41519,393.34857,399.55655,399.55655,135597622
2025-12-06,399.55655,400.63528,389.13654,392.68497,392.68497,106778636
2025-12-07,392.68497,394.18167,361.44986,362.62308,362.62308,126441812
2025-12-08,362.63416,381.14319,361.21408,374.22693,374.22693,145925966
2025-12-09,374.22693,388.39597,361.21439,387.95151,387.95151,171737030
2025-12-10,387.95151,408.70959,386.64731,401.11987,401.11987,190742217
2025-12-11,401.60068,416.72226,398.13089,407.258,407.258,189372152
2025-12-12,407.23108,419.23853,396.05234,405.63495,405.63495,170082987
2025-12-13,405.63495,419.38205,405.43365,414.14224,414.14224,130965254
2025-12-14,414.14224,417.46927,407.14926,409.30283,409.30283,119166846
2025-12-15,409.36212,416.63458,400.61758,409.75375,409.75375,168571284
2025-12-16,409.75375,432.8183,406.23535,428.61646,428.61646,167897077
2025-12-17,428.61646,438.15854,417.69763,417.69763,417.69763,174766772
2025-12-18,417.69763,445.22345,407.62735,415.19424,415.19424,184561385
2025-12-19,415.19424,445.54913,413.17661,441.55795,441.55795,183016827
2025-12-20,441.55795,497.16098,435.95554,476.66647,476.66647,211366164
2025-12-21,476.66647,476.67145,457.51126,471.46072,471.46072,168027916
2025-12-22,471.46072,483.21127,454.24954,463.14954,463.14954,170312918
2025-12-23,463.14954,465.67416,433.54663,448.94226,448.94226,139197875
2025-12-24,448.85486,449.14642,424.13556,435.26404,435.26404,105438680
2025-12-25,435.19427,447.33975,433.2457,443.47742,443.47742,85947707
2025-12-26,443.47742,449.4151,436.15976,444.87402,444.87402,91147945
2025-12-27,444.87402,462.59003,444.08563,453.4968,453.4968,98097683
2025-12-28,453.4968,462.11066,442.37057,453.06854,453.06854,86662900
2025-12-29,453.06854,461.22021,436.83881,437.44571,437.44571,90310700
2025-12-30,437.44571,440.85669,427.67062,438.66843,438.66843,60032847
2025-12-31,438.66843,443.7327,432.95673,433.27176,433.27176,56063086
2026-01-01,433.27176,434.19302,415.5271,419.58054,419.58054,53983607
2026-01-02,419.58054,425.8428,412.6741,424.64011,424.64011,68623003
2026-01-03,424.64011,437.2951,422.45908,434.48129,434.48129,75602222
2026-01-04,434.48129,441.31726,417.69693,418.13266,418.13266,60605414
2026-01-05,418.14172,439.52588,417.24741,436.67712,436.67712,76258246
2026-01-06,436.69556,449.57724,435.00262,441.03845,441.03845,88447809
2026-01-07,441.03845,455.83292,432.54828,436.39386,436.39386,84851653
2026-01-08,436.39386,473.75058,430.96457,451.75342,451.75342,128426431
2026-01-09,451.76151,463.30594,449.97882,450.92719,450.92719,100897038
2026-01-10,450.92719,471.90149,446.89917,471.55743,471.55743,86781796
2026-01-11,471.49765,558.65948,471.4093,558.52734,558.52734,258568775
2026-01-12,558.52734,638.59509,556.60101,634.73083,634.73083,516510545
2026-01-13,634.73083,689.95874,624.56812,680.16125,680.16125,457157267
2026-01-14,680.16125,798.91486,668.48761,713.44318,713.44318,549242418
2026-01-15,713.44318,751.36945,662.29651,677.92261,677.92261,340955968
2026-01-16,677.92261,717.69257,619.74579,619.83667,619.83667,323215186
2026-01-17,619.83667,637.97656,583.50311,586.64191,586.64191,211408738
2026-01-18,586.64191,614.97198,555.11603,573.14368,573.14368,329757918
2026-01-19,573.14368,648.06732,559.02942,622.25201,622.25201,347237132
2026-01-20,622.25201,625.19531,499.15808,503.2645,503.2645,328712657
2026-01-21,503.2645,543.45306,480.69946,521.62177,521.62177,194298239
2026-01-22,521.50299,532.47668,495.49619,515.97076,515.97076,112472502
2026-01-23,515.97076,532.59894,507.75992,512.02039,512.02039,97292882
2026-01-24,512.02039,528.79468,500.22937,502.98517,502.98517,94570896
2026-01-25,502.98517,506.90286,444.76523,449.31436,449.31436,146034756
2026-01-26,449.33502,476.1163,446.14569,460.63123,460.63123,131162102
2026-01-27,460.63123,479.56934,455.68665,469.65771,469.65771,132425920
2026-01-28,469.65771,483.29599,463.87793,468.62585,468.62585,94779573
2026-01-29,468.62585,477.53253,432.5372,459.14853,459.14853,114110187
2026-01-30,459.14853,465.30356,422.69241,460.40091,460.40091,164324356
2026-01-31,460.40649,498.15274,438.88968,463.88998,463.88998,232998448
2026-02-01,463.88998,467.59448,402.60352,404.94949,404.94949,123750821
2026-02-02,404.78415,420.8454,381.1702,386.89291,386.89291,124332957
2026-02-03,386.94843,391.49362,368.13782,374.5918,374.5918,121522301
2026-02-04,374.5918,394.00122,372.59784,382.40686,382.40686,123776908
2026-02-05,382.40686,382.40686,292.19403,292.435,292.435,141123348
2026-02-06,292.435,335.13287,278.00769,321.50479,321.50479,156644600
2026-02-07,321.50479,338.77954,317.52457,329.64359,329.64359,91441533
2026-02-08,329.64359,333.45343,310.25409,318.32874,318.32874,76837818
2026-02-09,318.32874,337.25851,316.42737,334.90652,334.90652,91382920
2026-02-10,334.90652,348.17493,320.40363,344.92691,344.92691,91063074
2026-02-11,344.92691,361.2337,333.07901,346.09641,346.09641,93763572
2026-02-12,345.97922,353.36642,324.28696,335.32391,335.32391,72696265
2026-02-13,335.32391,362.71198,330.7597,352.18491,352.18491,79563007
2026-02-14,352.16779,364.17706,349.50336,357.66525,357.66525,80490244
2026-02-15,357.66525,357.71088,328.81424,331.25378,331.25378,72134803
2026-02-16,331.25378,332.76532,315.36075,326.43799,326.43799,70633776
2026-02-17,326.43799,344.1936,326.39441,333.04413,333.04413,63714519
2026-02-18,333.04587,343.85226,325.46429,330.25375,330.25375,69642990
2026-02-19,330.25375,338.17233,322.81522,338.08356,338.08356,70175418
2026-02-20,338.08356,340.06577,327.97562,331.59821,331.59821,71918413
2026-02-21,331.6322,334.30945,325.40787,326.57095,326.57095,59217116
2026-02-22,326.57095,327.90811,318.46774,327.8302,327.8302,72473500
2026-02-23,327.83752,328.10876,304.83966,307.26553,307.26553,77023733
2026-02-24,307.26553,329.31229,302.73541,321.33368,321.33368,89194583
2026-02-25,321.33368,347.8667,321.21094,344.50482,344.50482,106450901
2026-02-26,344.47424,350.90897,335.53452,342.61365,342.61365,87959226
2026-02-27,342.61365,355.28918,331.55692,337.75534,337.75534,83469071
2026-02-28,337.75534,343.69571,324.50436,336.87244,336.87244,89343552
2026-03-01,336.87244,349.93723,334.89621,341.99258,341.99258,74776327
2026-03-02,341.96695,353.35034,336.17731,345.92792,345.92792,96383592
2026-03-03,345.95667,347.8866,336.42471,340.89929,340.89929,95062570
2026-03-04,340.89862,365.16006,339.13779,355.12778,355.12778,110082065
2026-03-05,355.12778,374.67188,354.37738,361.97632,361.97632,130074403
2026-03-06,361.97632,365.15018,341.84479,352.07074,352.07074,86500539
2026-03-07,352.09171,353.26233,343.9585,344.03854,344.03854,67546832
2026-03-08,344.04056,347.0639,334.3812,334.99606,334.99606,54403680
2026-03-09,334.99606,352.49454,333.64148,341.01642,341.01642,85508146
2026-03-10,341.01642,353.27203,340.552,353.09216,353.09216,76952392
2026-03-11,353.09216,362.80167,347.08282,352.46362,352.46362,82594759
2026-03-12,352.46362,358.93948,348.84003,350.28076,350.28076,75030491
2026-03-13,350.28076,362.33511,350.27725,358.51038,358.51038,86962742
2026-03-14,358.51038,369.67316,354.01297,355.41364,355.41364,101602627
2026-03-15,355.41364,359.72833,351.22205,358.20587,358.20587,67529061
2026-03-16,358.19223,381.63657,356.84366,373.32504,373.32504,97958987
2026-03-17,373.32504,377.95108,365.93613,368.5806,368.5806,88810760
2026-03-18,368.5806,371.19,343.8317,346.68127,346.68127,98513203
2026-03-19,346.68127,349.81311,336.52435,339.73135,339.73135,73893972
2026-03-20,339.73135,350.62726,337.69302,348.12732,348.12732,84643557
2026-03-21,348.1282,350.43246,340.94724,341.29642,341.29642,53161727
2026-03-22,341.29642,364.18112,338.87936,362.06741,362.06741,83875242
2026-03-23,362.06741,365.10068,350.02441,350.70639,350.70639,110606762
2026-03-24,350.70639,354.30838,337.61905,339.62564,339.62564,101582692
2026-03-25,339.62564,348.79074,336.47537,340.54971,340.54971,109017883
2026-03-26,340.54971,341.08295,322.9006,328.38602,328.38602,83538919
2026-03-27,328.46039,333.82294,317.92908,325.19614,325.19614,77520561
2026-03-28,325.19614,338.16187,321.87918,329.68716,329.68716,65449180
2026-03-29,329.68649,332.13522,322.29327,326.99179,326.99179,60521663
2026-03-30,326.99179,339.8252,321.11942,321.29279,321.29279,78974267
2026-03-31,321.29355,335.10931,319.9747,333.04922,333.04922,103583482
2026-04-01,333.0921,338.71722,330.31021,336.56537,336.56537,87902831
2026-04-02,336.56537,339.74698,325.00757,326.09177,326.09177,87591664
2026-04-03,326.09177,329.52985,313.74408,315.46204,315.46204,78554617
2026-04-04,315.46204,326.11115,314.45041,325.14731,325.14731,58300872
2026-04-05,325.14731,332.03137,323.49341,330.98849,330.98849,52480737
2026-04-06,330.98849,333.16501,323.89413,326.20224,326.20224,77932092
2026-04-07,326.20224,344.97931,324.81787,344.6355,344.6355,102744724
2026-04-08,344.6355,357.87094,321.77072,325.72012,325.72012,127014440
2026-04-09,325.72012,350.69553,321.93338,347.1051,347.1051,96328559
2026-04-10,347.1051,350.47488,340.53687,344.14713,344.14713,114398750
2026-04-11,344.14713,345.02139,335.26157,338.65952,338.65952,76298452
2026-04-12,338.65952,343.54959,335.11975,335.11975,335.11975,83742834
2026-04-13,335.11975,348.11609,335.11975,346.78836,346.78836,109025944
2026-04-14,346.78836,355.05252,344.23627,344.33563,344.33563,108605636
2026-04-15,344.33563,351.13406,338.13446,344.88742,344.88742,121742257
2026-04-16,344.88742,347.37814,341.12134,343.44733,343.44733,92087519
2026-04-17,343.44608,354.80127,341.33585,348.26581,348.26581,127997161
2026-04-18,348.26581,350.79175,342.87952,349.72745,349.72745,102788975
2026-04-19,349.72745,355.06342,344.82889,347.67795,347.67795,96135952
2026-04-20,347.67795,354.83411,346.11255,353.43719,353.43719,123215268
2026-04-21,353.43719,386.97308,352.89554,385.05869,385.05869,169459160
2026-04-22,385.05869,389.68161,366.50278,366.74908,366.74908,160331206
2026-04-23,366.74908,379.49722,361.27835,379.09845,379.09845,119303438
2026-04-24,379.09845,384.76294,366.70447,368.39954,368.39954,110717036
2026-04-25,368.40207,377.80292,367.19839,372.5311,372.5311,96562969
2026-04-26,372.5311,404.38925,372.07019,391.79889,391.79889,112793977
2026-04-27,391.79889,395.45599,377.93011,380.03116,380.03116,127808201
2026-04-28,380.03116,384.41953,373.36514,378.11603,378.11603,108984069
2026-04-29,378.11603,384.57632,370.20505,376.21536,376.21536,108066374
2026-04-30,376.21536,380.91455,374.56699,379.80927,379.80927,107387553
2026-05-01,379.80927,386.88602,374.96744,379.2879,379.2879,110240854
2026-05-02,379.2879,388.00543,379.27338,383.10022,383.10022,87161560
2026-05-03,383.09845,398.30234,382.89722,391.4801,391.4801,122313279
2026-05-04,391.4801,408.38644,385.12128,406.22534,406.22534,146525586
2026-05-05,406.22534,428.34128,399.62106,411.95062,411.95062,142021869
2026-05-06,411.95062,436.97653,403.61639,415.71469,415.71469,226105540
2026-05-07,415.71469,418.56177,394.66769,399.72345,399.72345,176389178
2026-05-08,399.72345,405.88156,388.04929,400.17792,400.17792,135779840
2026-05-09,400.17792,417.34988,399.67657,410.19193,410.19193,124644446
2026-05-10,410.19193,414.3804,403.05411,409.83038,409.83038,94127757
2026-05-11,409.83038,419.68845,405.07797,416.29434,416.29434,163233576
2026-05-12,416.29434,418.93045,395.75244,411.25159,411.25159,144979066
2026-05-13,411.25159,415.58154,390.13083,397.82687,397.82687,130293970
2026-05-14,397.82687,404.11996,391.90466,395.776,395.776,141807416
2026-05-15,395.776,398.71127,378.5614,381.6026,381.6026,127401670
2026-05-16,381.6026,388.60498,374.25113,388.56464,388.56464,92074192
2026-05-17,388.56464,396.68439,385.84723,389.09836,389.09836,77842389
2026-05-18,389.09836,389.65134,378.00256,383.39856,383.39856,112956905
2026-05-19,383.39856,399.36523,382.99179,398.91113,398.91113,98400343
2026-05-20,398.87546,406.98373,390.11481,404.45621,404.45621,148002321
2026-05-21,404.45621,409.34543,390.51794,391.92624,391.92624,141073959
2026-05-22,391.92624,392.43903,378.60715,381.18829,381.18829,127931153
2026-05-23,381.18829,386.92523,372.18716,386.86081,386.86081,102292065
2026-05-24,386.86081,399.13348,382.47247,392.71381,392.71381,91233745
2026-05-25,392.71381,398.86365,380.68268,385.983,385.983,148495654
2026-05-26,385.983,392.21973,376.80527,380.03357,380.03357,123113199
2026-05-27,380.03357,400.60922,376.09216,392.91681,392.91681,160252619
2026-05-28,392.91681,395.09677,346.35382,353.83432,353.83432,143021156
2026-05-29,353.83551,397.17654,352.53806,397.16641,397.16641,167168722
2026-05-30,397.16641,419.75296,367.08691,370.42697,370.42697,221067655
2026-05-31,370.42697,373.61237,358.97171,367.19003,367.19003,105219948
2026-06-01,367.19003,372.57556,341.11185,343.76416,343.76416,166453542
2026-06-02,343.76416,353.61023,321.58588,325.64886,325.64886,172057161
2026-06-03,325.64886,362.49734,325.4299,362.38943,362.38943,174190828
2026-06-04,362.38943,384.14368,339.823,372.61496,372.61496,172181321
2026-06-05,372.6156,376.66211,302.61917,307.22083,307.22083,192794779
2026-06-06,307.22083,313.31946,292.54468,295.75775,295.75775,99441394
2026-06-07,295.75775,314.63583,292.53827,303.72397,303.72397,93742623
2026-06-08,303.72397,319.40607,300.20209,314.50882,314.50882,102596478
2026-06-09,314.50882,328.71304,304.56583,311.2374,311.2374,120268853
2026-06-10,311.2374,336.20175,306.55283,334.72354,334.72354,127957219
2026-06-11,334.67419,389.9317,334.60025,388.35379,388.35379,184533190
2026-06-12,388.35126,438.40427,344.24796,353.224,353.224,287099881
2026-06-13,353.224,353.78314,335.32449,338.37305,338.37305,110068577
2026-06-14,338.37305,345.04419,333.05984,340.22272,340.22272,90806404
2026-06-15,340.22488,379.9736,332.10477,348.50366,348.50366,194120466
2026-06-16,348.50366,354.35715,333.09875,345.53162,345.53162,128663160
2026-06-17,345.53162,353.88071,331.89841,336.68387,336.68387,132375828
2026-06-18,336.68387,337.96106,317.75226,318.89636,318.89636,136814600
2026-06-19,318.89636,332.41101,305.25879,315.02026,315.02026,139358572
2026-06-20,315.02026,322.9411,306.12766,320.58841,320.58841,96517241
2026-06-21,320.58841,323.97849,308.6864,320.23419,320.23419,92152351
2026-06-22,320.23419,333.85818,316.82144,317.22879,317.22879,124518145
2026-06-23,317.22879,330.84506,310.68784,318.38196,318.38196,167599284
2026-06-24,318.38196,330.04745,307.00125,314.28204,314.28204,118676023
2026-06-25,314.28204,319.85165,299.95453,307.47665,307.47665,132247123
2026-06-26,307.47665,323.72702,301.94247,320.81848,320.81848,121441581
2026-06-27,320.81848,323.09854,311.19202,312.71808,312.71808,69593985
2026-06-28,312.71808,316.55472,306.71722,310.43536,310.43536,102544064
2026-06-29,310.43536,316.12003,303.14569,315.85944,315.85944,123486670
2026-06-30,315.85944,315.85944,301.92447,303.10611,303.10611,118458342
2026-07-01,303.10611,312.26645,302.31339,309.01236,309.01236,121790710
2026-07-02,309.01236,317.99841,305.2496,316.97748,316.97748,99449671
2026-07-03,316.97748,327.71582,315.39429,323.48282,323.48282,92216481
2026-07-04,323.48282,334.6503,319.25754,328.3219,328.3219,112817542
2026-07-05,328.33243,332.53461,321.952,327.94275,327.94275,102666786
2026-07-06,327.94275,327.95538,315.98276,323.39249,323.39249,99890696
2026-07-07,323.39249,335.4888,321.88287,334.89459,334.89459,110361154
2026-07-08,334.89459,336.10764,317.51205,320.27563,320.27563,119140035
2026-07-09,320.27563,326.56601,313.21756,313.97552,313.97552,93408383
2026-07-10,313.97552,325.31897,313.37009,322.07623,322.07623,78595717
2026-07-11,322.07623,324.93317,319.24036,322.77563,322.77563,61126020
2026-07-12,322.77563,331.08109,321.93958,324.53201,324.53201,79655959
2026-07-13,324.53201,332.5687,318.58652,321.28864,321.28864,97130903
2026-07-14,321.28864,331.38861,320.04886,330.9353,330.9353,89602398
2026-07-15,330.9451,334.38098,324.91266,329.89407,329.89407,101158898
2026-07-16,329.89407,338.18546,327.23175,334.90878,334.90878,79366669
2026-07-17,334.90878,336.6752,321.80875,330.56314,330.56314,92716641
2026-07-18,330.56314,335.88129,327.61426,335.85632,335.85632,61023599
2026-07-19,335.85632,339.40054,330.2562,335.89688,335.89688,81395053
2026-07-20,335.89688,338.32458,331.93964,337.40082,337.40082,75522785
2026-07-21,337.40082,357.84979,336.91019,357.22501,357.22501,116733191
2026-07-22,357.22501,362.63046,345.26062,352.30527,352.30527,79026067
2026-07-23,352.30527,357.49304,345.70294,355.6543,355.6543,90144429
2026-07-24,355.65347,366.228,350.94836,363.66852,363.66852,108100582
2026-07-25,363.66852,371.69073,361.85211,363.93597,363.93597,76564235
2026-07-26,363.93597,369.40161,353.49683,353.73856,353.73856,72623933
2026-07-27,353.73856,353.82147,342.5871,346.33481,346.33481,84288991
2026-07-28,346.33481,346.34,334.25165,341.48645,341.48645,68105783
2026-07-29,341.48645,354.55566,340.85971,353.06152,353.06152,105736037
2026-07-30,353.06152,367.66513,351.56787,360.45294,360.45294,101691710
2026-07-31,360.45294,360.72205,346.74121,358.34177,358.34177,91816380
2026-08-01,358.34177,366.92551,357.3967,363.85165,363.85165,77447640
2026-08-02,363.85165,365.33887,358.90649,364.10147,364.10147,72480706
2026-08-03,364.10147,365.09256,359.85959,362.27917,362.27917,71345913
2026-08-04,362.27917,365.73486,350.54031,350.66852,350.66852,79061317
2026-08-05,350.66852,366.08496,350.02121,365.91364,365.91364,94037200
2026-08-06,365.91364,369.5527,358.97714,369.51831,369.51831,83742840
2026-08-07,369.51831,377.95871,367.39105,377.90262,377.90262,81501992
2026-08-08,377.90262,385.48325,374.40219,377.06381,377.06381,76885582
2026-08-09,377.06381,412.87802,377.06104,394.69305,394.69305,126037815
2026-08-10,394.58838,400.33743,390.19308,396.80576,396.80576,92255173
2026-08-11,396.80643,399.46283,376.86447,377.19159,377.19159,80087764
2026-08-12,377.19159,399.3927,374.97073,392.43069,392.43069,93590255
2026-08-13,392.43069,408.09384,392.39371,393.5094,393.5094,86864405
2026-08-14,393.5094,401.95395,392.74646,399.43347,399.43347,72077558
2026-08-15,399.43347,412.8331,399.27631,410.36414,410.36414,71348269
2026-08-16,410.36414,417.34827,406.99936,409.80258,409.80258,67919668
2026-08-17,409.80258,419.93707,409.45267,415.66159,415.66159,82337503
2026-08-18,415.66159,421.15857,408.87631,412.43918,412.43918,85426129
2026-08-19,412.43918,429.84555,409.05728,421.96783,421.96783,94056574
2026-08-20,421.96783,432.86237,406.5726,408.69415,408.69415,135442340
2026-08-21,408.69415,419.62933,404.2363,412.1308,412.1308,133158219
2026-08-22,412.1308,462.60193,405.08267,432.58386,432.58386,161046863
2026-08-23,432.4278,440.5712,415.35727,421.82794,421.82794,95207697
2026-08-24,421.84659,448.29871,414.75113,441.40796,441.40796,115265653
2026-08-25,441.40796,453.5752,428.73126,439.08762,439.08762,113170241
2026-08-26,439.08762,449.53662,429.28098,438.17197,438.17197,81692149
2026-08-27,438.17197,472.65875,435.95035,454.92563,454.92563,139690084
2026-08-28,454.92563,478.12656,454.63034,471.93988,471.93988,106328224
2026-08-29,471.93988,472.5094,462.14557,470.71829,470.71829,64451159
2026-08-30,470.71829,524.94257,468.15329,486.07608,486.07608,174828690
2026-08-31,486.11478,548.03723,481.48941,517.64001,517.64001,206190497
2026-09-01,517.64001,529.67712,485.40543,504.49146,504.49146,141363231
2026-09-02,504.49146,538.74292,492.45972,495.34409,495.34409,146081424
2026-09-03,495.34409,529.43866,488.03281,520.80597,520.80597,137923356
2026-09-04,520.80597,565.42365,500.21552,521.12988,521.12988,208615806
2026-09-05,521.12396,558.03271,519.31665,553.79944,553.79944,108831062
2026-09-06,553.79944,559.18671,523.08099,539.59601,539.59601,124866708
2026-09-07,539.59601,543.35333,511.3244,519.70349,519.70349,114123436
2026-09-08,519.70349,525.19037,494.54181,500.07715,500.07715,123716898
2026-09-09,500.07715,517.92694,491.29105,512.0199,512.0199,142295151
2026-09-10,512.0199,517.54254,498.88483,508.0658,508.0658,99478757
2026-09-11,508.0658,521.68304,500.83121,521.28137,521.28137,111397082
2026-09-12,521.28137,546.41846,521.28137,539.08569,539.08569,103839555
2026-09-13,539.08569,543.73407,518.01672,518.12231,518.12231,88401441
2026-09-14,518.12231,526.11096,503.60913,512.88922,512.88922,138379865
2026-09-15,512.88922,519.71185,494.90207,505.87952,505.87952,123265305
2026-09-16,505.87952,509.42603,485.04266,497.88184,497.88184,100343051
2026-09-17,498.19052,518.43146,491.80646,517.57513,517.57513,111699422
2026-09-18,517.57513,605.62018,513.99457,563.44702,563.44702,218018416
2026-09-19,563.57098,590.28253,533.53534,546.73047,546.73047,138133874
2026-09-20,546.73047,568.09924,518.31677,562.97583,562.97583,130420949
2026-09-21,562.97583,631.16724,553.92828,589.42358,589.42358,259542241
2026-09-22,589.43921,591.17761,562.38696,573.51312,573.51312,158601329
2026-09-23,573.51312,576.93976,544.63672,552.54303,552.54303,142124877
