Date,Open,High,Low,Close,Adj Close,Volume
2017-11-09,0.21791101,0.221791,0.214866,0.21748801,0.21748801,147916992
2017-11-10,0.218256,0.21906801,0.20525999,0.20648301,0.20648301,141032992
2017-11-11,0.205948,0.21445601,0.205459,0.21043,0.21043,134503008
2017-11-12,0.210214,0.210214,0.195389,0.197339,0.197339,251175008
2017-11-13,0.19747201,0.204081,0.197456,0.20344201,0.20344201,132567000
2017-11-14,0.203679,0.21369299,0.203679,0.20982499,0.20982499,127361000
2017-11-15,0.208937,0.21310499,0.208058,0.212956,0.212956,100294000
2017-11-16,0.21265499,0.27179,0.209287,0.227107,0.227107,1022579968
2017-11-17,0.224768,0.239409,0.220273,0.22658101,0.22658101,397071008
2017-11-18,0.226547,0.230399,0.222399,0.228627,0.228627,144298000
2017-11-19,0.22814,0.236231,0.226037,0.231016,0.231016,193808000
2017-11-20,0.231336,0.24343,0.23091701,0.238759,0.238759,214663008
2017-11-21,0.237978,0.24097399,0.2272,0.233271,0.233271,217851008
2017-11-22,0.23264199,0.240848,0.232317,0.238859,0.238859,167078000
2017-11-23,0.23899101,0.25009599,0.237304,0.242402,0.242402,240684992
2017-11-24,0.242851,0.245388,0.23842099,0.244642,0.244642,211486000
2017-11-25,0.244178,0.25569999,0.24358401,0.25239301,0.25239301,212592992
2017-11-26,0.25291401,0.25291401,0.24858899,0.248818,0.248818,133297000
2017-11-27,0.24830499,0.254733,0.247861,0.25392699,0.25392699,196735008
2017-11-28,0.25403699,0.30108401,0.25341499,0.29915199,0.29915199,720742976
2017-11-29,0.297867,0.297867,0.239409,0.243064,0.243064,541177984
2017-11-30,0.246433,0.26152399,0.22958601,0.25087801,0.25087801,270907008
2017-12-01,0.250352,0.25882801,0.239438,0.25569901,0.25569901,182992000
2017-12-02,0.255656,0.25921801,0.250756,0.255492,0.255492,118250000
2017-12-03,0.25553,0.26307201,0.247391,0.25255799,0.25255799,134710000
2017-12-04,0.25291899,0.255362,0.24716,0.253571,0.253571,104650000
2017-12-05,0.253598,0.253988,0.245234,0.24610101,0.24610101,174591008
2017-12-06,0.245416,0.24570499,0.227742,0.232544,0.232544,274526016
2017-12-07,0.232623,0.23376,0.22134,0.22282299,0.22282299,275204992
2017-12-08,0.223636,0.27867299,0.222168,0.25212499,0.25212499,660172032
2017-12-09,0.25216201,0.25568399,0.240073,0.244708,0.244708,205288992
2017-12-10,0.24554799,0.24554799,0.229304,0.237333,0.237333,198174000
2017-12-11,0.23657399,0.25277701,0.23580401,0.25169101,0.25169101,176100992
2017-12-12,0.252258,0.434102,0.25096101,0.373541,0.373541,1555040000
2017-12-13,0.37268901,0.51376802,0.34296399,0.47106299,0.47106299,2738759936
2017-12-14,0.47064799,0.89226699,0.46640101,0.864263,0.864263,6358700032
2017-12-15,0.86176002,0.86176002,0.66611397,0.756181,0.756181,3194210048
2017-12-16,0.75549299,0.81592298,0.74166697,0.75864202,0.75864202,1334770048
2017-12-17,0.754125,0.76598102,0.71992898,0.72836602,0.72836602,805200000
2017-12-18,0.72803599,0.792014,0.68932301,0.77840698,0.77840698,1342720000
2017-12-19,0.77744699,0.863536,0.756724,0.79125702,0.79125702,1449670016
2017-12-20,0.78717101,0.78904402,0.73095298,0.77596402,0.77596402,1007420032
2017-12-21,0.78251499,1.23622,0.78251499,1.19306,1.19306,3626109952
2017-12-22,1.16651,1.37918,0.74101299,1.13828,1.13828,4644700160
2017-12-23,1.16594,1.2081,1.07611,1.17434,1.17434,1497590016
2017-12-24,1.17558,1.17558,0.91122597,1.04395,1.04395,754958976
2017-12-25,1.04561,1.12852,1.0035599,1.1223201,1.1223201,686014016
2017-12-26,1.12174,1.19131,1.09062,1.18949,1.18949,938846976
2017-12-27,1.18422,1.46846,1.18234,1.39964,1.39964,2854259968
2017-12-28,1.39389,1.5008,1.2586499,1.43088,1.43088,2843300096
2017-12-29,1.43957,2.2651501,1.4365799,2.2146001,2.2146001,7545739776
2017-12-30,2.1989999,2.8545301,2.0351701,2.1590199,2.1590199,8108389888
2017-12-31,2.0950999,2.392,1.8703001,2.30057,2.30057,4642079744
2018-01-01,2.29602,2.3910301,2.1489699,2.3910301,2.3910301,1894230016
2018-01-02,2.3694799,2.4891901,2.24793,2.4809,2.4809,3171010048
2018-01-03,2.4640999,3.2793801,2.44315,3.10537,3.10537,6635879936
2018-01-04,3.1173401,3.8419399,3.1173401,3.19663,3.19663,8103660032
2018-01-05,3.3008101,3.5646801,2.8256099,3.0487101,3.0487101,6288500224
2018-01-06,3.02105,3.2365601,2.9899199,3.0939701,3.0939701,2777560064
2018-01-07,3.0929599,3.4872501,3.0838201,3.37781,3.37781,2395150080
2018-01-08,3.36357,3.36357,2.06552,2.4562099,2.4562099,3315259904
2018-01-09,2.44346,2.52896,1.98066,2.1017799,2.1017799,3694700032
2018-01-10,2.12991,2.15887,1.69519,1.97492,1.97492,4833639936
2018-01-11,1.9802099,2.24898,1.61527,1.9507999,1.9507999,6296119808
2018-01-12,1.94048,2.1568201,1.86729,2.0432301,2.0432301,3330810112
2018-01-13,2.05141,2.1187,1.98202,2.0213499,2.0213499,2130169984
2018-01-14,2.0185201,2.0185201,1.8118401,1.86119,1.86119,1978200064
2018-01-15,1.85625,1.90081,1.66529,1.67673,1.67673,1838460032
2018-01-16,1.67836,1.70138,0.90931302,1.17924,1.17924,5687960064
2018-01-17,1.1836801,1.37673,0.89779699,1.30634,1.30634,7251210240
2018-01-18,1.30558,1.7331899,1.25605,1.59658,1.59658,9110439936
2018-01-19,1.58217,1.70214,1.50134,1.55205,1.55205,3697430016
2018-01-20,1.56284,1.62833,1.50274,1.57862,1.57862,2346449920
2018-01-21,1.57623,1.57623,1.34303,1.38004,1.38004,2840750080
2018-01-22,1.39161,1.4284101,1.16308,1.35735,1.35735,2642510080
2018-01-23,1.3531899,1.43472,1.20426,1.33707,1.33707,2977080064
2018-01-24,1.35212,1.42496,1.30784,1.35715,1.35715,1853440000
2018-01-25,1.36325,1.38484,1.29287,1.31223,1.31223,986067968
2018-01-26,1.30892,1.32602,1.135,1.21727,1.21727,2037570048
2018-01-27,1.21789,1.23948,1.18944,1.21911,1.21911,689100992
2018-01-28,1.2238899,1.43812,1.2238899,1.3996,1.3996,1327360000
2018-01-29,1.39921,1.40525,1.29913,1.32397,1.32397,1073680000
2018-01-30,1.32818,1.32818,1.13113,1.1385601,1.1385601,1134640000
2018-01-31,1.1306601,1.19093,1.03661,1.16239,1.16239,1264029952
2018-02-01,1.16088,1.1626,0.93037802,0.96253002,0.96253002,1410419968
2018-02-02,0.96064198,0.96064198,0.635185,0.88478398,0.88478398,3529760000
2018-02-03,0.89199197,0.97479898,0.76163501,0.924043,0.924043,1988960000
2018-02-04,0.91341799,0.95294702,0.796821,0.81570297,0.81570297,1190960000
2018-02-05,0.82594299,0.833866,0.67582703,0.69179899,0.69179899,1286179968
2018-02-06,0.70512098,0.78600401,0.58836001,0.776393,0.776393,2361139968
2018-02-07,0.77457601,0.80547798,0.70695001,0.72389501,0.72389501,1133369984
2018-02-08,0.72925198,0.80697,0.72261101,0.80526298,0.80526298,947315008
2018-02-09,0.79714,0.95442802,0.77153999,0.95442802,0.95442802,1690339968
2018-02-10,0.94725102,1.30059,0.94725102,1.07074,1.07074,4682010112
2018-02-11,1.06733,1.0750999,0.92976701,1.00416,1.00416,2555310080
2018-02-12,1.0065,1.10673,1.0065,1.08101,1.08101,1756290048
2018-02-13,1.07974,1.08293,1.0147099,1.02741,1.02741,921100032
2018-02-14,1.02608,1.1651,1.0212899,1.14162,1.14162,1457600000
2018-02-15,1.13905,1.16396,1.11147,1.14686,1.14686,1188530048
2018-02-16,1.14494,1.15184,1.11261,1.1380301,1.1380301,568339008
2018-02-17,1.13743,1.21759,1.13252,1.20498,1.20498,1186729984
2018-02-18,1.20478,1.20734,1.0933599,1.12046,1.12046,1113650048
2018-02-19,1.12315,1.16643,1.12097,1.14442,1.14442,556304000
2018-02-20,1.14455,1.17448,1.08365,1.08946,1.08946,806673024
2018-02-21,1.08199,1.09588,0.99888098,1.01539,1.01539,871526016
2018-02-22,1.01226,1.04732,0.92245799,0.94178802,0.94178802,889707008
2018-02-23,0.93417603,1.02721,0.89828598,0.99885499,0.99885499,896403968
2018-02-24,0.99765903,1.01394,0.929456,0.95440203,0.95440203,489920000
2018-02-25,0.95197701,0.96759701,0.91527897,0.94348699,0.94348699,360271008
2018-02-26,0.94370401,0.97090602,0.91340297,0.95685899,0.95685899,458612992
2018-02-27,0.95930201,0.97258002,0.94497699,0.94730502,0.94730502,312712992
2018-02-28,0.94469702,0.95555001,0.90378702,0.90458298,0.90458298,329529984
2018-03-01,0.904131,0.95379603,0.89063001,0.92834699,0.92834699,475256992
2018-03-02,0.92663801,0.93391198,0.90228599,0.91014397,0.91014397,271036000
2018-03-03,0.908786,0.926512,0.90360397,0.90780401,0.90780401,280852992
2018-03-04,0.90600801,1.02631,0.89561802,1.00554,1.00554,797225984
2018-03-05,1.01429,1.08021,0.95611602,0.95936799,0.95936799,1706819968
2018-03-06,0.95444798,0.99130601,0.91686302,0.92288703,0.92288703,875180032
2018-03-07,0.92437798,0.930659,0.82489502,0.87120998,0.87120998,809598016
2018-03-08,0.87250799,0.88856202,0.825387,0.82585698,0.82585698,499496000
2018-03-09,0.82612199,0.85618198,0.75148499,0.84976101,0.84976101,989203008
2018-03-10,0.85487199,0.860443,0.79373598,0.79662699,0.79662699,402670016
2018-03-11,0.79576498,0.84040701,0.77573699,0.83112198,0.83112198,472972000
2018-03-12,0.83212698,0.838328,0.78788197,0.80104798,0.80104798,355031008
2018-03-13,0.79845101,0.80572897,0.77847099,0.789711,0.789711,279679008
2018-03-14,0.78956902,0.79908001,0.67601001,0.70190197,0.70190197,479148992
2018-03-15,0.70291299,0.73067302,0.64384502,0.69726902,0.69726902,888345024
2018-03-16,0.699063,0.71178001,0.67446297,0.68926001,0.68926001,502740000
2018-03-17,0.68774498,0.68943399,0.62670898,0.63785601,0.63785601,319824000
2018-03-18,0.63446599,0.67759103,0.54881501,0.658777,0.658777,923606016
2018-03-19,0.672126,0.74908,0.64001203,0.74908,0.74908,1096930048
2018-03-20,0.73675901,0.73675901,0.67342699,0.70980799,0.70980799,814275968
2018-03-21,0.71305501,0.72061002,0.67916203,0.69366401,0.69366401,527324000
2018-03-22,0.69314498,0.70135099,0.63674098,0.66274297,0.66274297,449041984
2018-03-23,0.66311097,0.66311097,0.62525803,0.64317399,0.64317399,387164000
2018-03-24,0.64621401,0.67960799,0.64051598,0.64126498,0.64126498,390740000
2018-03-25,0.638632,0.65721297,0.63190103,0.64187503,0.64187503,229352000
2018-03-26,0.64268303,0.64412099,0.585922,0.59946299,0.59946299,384504992
2018-03-27,0.59902602,0.60433197,0.56513202,0.57791698,0.57791698,351380992
2018-03-28,0.57751101,0.59402299,0.57282799,0.57800198,0.57800198,258298000
2018-03-29,0.57776701,0.57863998,0.51151103,0.51151103,0.51151103,420550016
2018-03-30,0.51326799,0.53127599,0.48436201,0.509565,0.509565,518219008
2018-03-31,0.51061702,0.52940601,0.50516701,0.512353,0.512353,293208000
2018-04-01,0.51385403,0.51543701,0.466223,0.48508099,0.48508099,297868992
2018-04-02,0.486067,0.51044601,0.478596,0.50068802,0.50068802,262342000
2018-04-03,0.50153297,0.56269801,0.49965799,0.55804402,0.55804402,578238976
2018-04-04,0.55456901,0.56311703,0.498487,0.50163102,0.50163102,415257984
2018-04-05,0.50195003,0.50588202,0.48449001,0.495801,0.495801,358755008
2018-04-06,0.49478099,0.49809,0.465615,0.47643101,0.47643101,218156000
2018-04-07,0.47685099,0.49566701,0.47457501,0.487867,0.487867,209076000
2018-04-08,0.48822701,0.50141799,0.487591,0.50039798,0.50039798,137548000
2018-04-09,0.50120097,0.512142,0.482573,0.491855,0.491855,271775008
2018-04-10,0.492134,0.49364501,0.48283899,0.49193099,0.49193099,154495008
2018-04-11,0.49256799,0.548455,0.48902601,0.53950602,0.53950602,341707008
2018-04-12,0.53865701,0.64451802,0.50654298,0.62873697,0.62873697,1346739968
2018-04-13,0.63009298,0.69311202,0.60581601,0.63808697,0.63808697,1245170048
2018-04-14,0.63738,0.66150802,0.61630702,0.63218403,0.63218403,626268032
2018-04-15,0.63488299,0.68253398,0.63414299,0.68253398,0.68253398,609636992
2018-04-16,0.68229598,0.68716502,0.63861001,0.663297,0.663297,531996000
2018-04-17,0.66488999,0.677356,0.65434599,0.65693301,0.65693301,442352992
2018-04-18,0.65705198,0.72142601,0.65705198,0.70893198,0.70893198,624049024
2018-04-19,0.71205902,0.79197598,0.70684099,0.79197598,0.79197598,878328000
2018-04-20,0.79117203,0.93835402,0.79117203,0.924465,0.924465,2344069888
2018-04-21,0.92502099,0.92502099,0.82111299,0.87310302,0.87310302,1563970048
2018-04-22,0.86681998,0.911901,0.84809101,0.869995,0.869995,946398976
2018-04-23,0.86657798,0.88629001,0.86330402,0.87665701,0.87665701,674545024
2018-04-24,0.87601203,0.96561003,0.87356597,0.93478101,0.93478101,1572930048
2018-04-25,0.93277103,0.93277103,0.77923101,0.80060703,0.80060703,1614050048
2018-04-26,0.80177402,0.85241401,0.77178699,0.85241401,0.85241401,1028590016
2018-04-27,0.85113901,0.85964102,0.81388497,0.81388497,0.81388497,673793024
2018-04-28,0.81206298,0.887591,0.81206298,0.86380398,0.86380398,788718976
2018-04-29,0.86439902,0.90494502,0.83447999,0.872778,0.872778,896313984
2018-04-30,0.87140399,0.87678802,0.83120799,0.83793801,0.83793801,575363968
2018-05-01,0.838355,0.84206897,0.79782599,0.841407,0.841407,630809024
2018-05-02,0.83935499,0.86427999,0.83171302,0.85909402,0.85909402,544425984
2018-05-03,0.85898,0.89291602,0.84731901,0.88446599,0.88446599,725228992
2018-05-04,0.88153601,0.92769498,0.86692202,0.89544201,0.89544201,1007609984
2018-05-05,0.89556199,0.92235398,0.89556199,0.90510303,0.90510303,668800000
2018-05-06,0.90423501,0.91867501,0.85597199,0.87142402,0.87142402,640057024
2018-05-07,0.87121397,0.87123603,0.81293303,0.83264101,0.83264101,602534976
2018-05-08,0.83308601,0.84699202,0.80356801,0.81397003,0.81397003,465040992
2018-05-09,0.813393,0.819969,0.77029997,0.80204302,0.80204302,611574976
2018-05-10,0.80321199,0.80891401,0.75734198,0.758237,0.758237,399324000
2018-05-11,0.75657803,0.76132601,0.65602601,0.68494803,0.68494803,991409024
2018-05-12,0.685772,0.71491802,0.63977098,0.69673502,0.69673502,596684992
2018-05-13,0.69808501,0.758977,0.68097103,0.74574798,0.74574798,532488000
2018-05-14,0.74470103,0.75698298,0.70769298,0.74089801,0.74089801,613462016
2018-05-15,0.73893797,0.75226903,0.69266701,0.69858801,0.69858801,422980000
2018-05-16,0.69591999,0.71408099,0.669438,0.71408099,0.71408099,429641984
2018-05-17,0.71338803,0.71461803,0.66121298,0.66731,0.66731,337999008
2018-05-18,0.66540003,0.68562502,0.65338999,0.68029398,0.68029398,344944000
2018-05-19,0.68075901,0.69045001,0.665896,0.67671299,0.67671299,249039008
2018-05-20,0.67725801,0.70461398,0.67334801,0.70024401,0.70024401,275614016
2018-05-21,0.700441,0.70305097,0.67620301,0.68158698,0.68158698,250480992
2018-05-22,0.68215102,0.68293297,0.64458799,0.645567,0.645567,234712992
2018-05-23,0.64863402,0.64912099,0.58699697,0.599594,0.599594,482480992
2018-05-24,0.59920698,0.64025801,0.58927202,0.63199699,0.63199699,440532992
2018-05-25,0.63292402,0.636208,0.60333401,0.61100101,0.61100101,289816000
2018-05-26,0.61011797,0.62649399,0.6038,0.61270797,0.61270797,213242000
2018-05-27,0.61203998,0.61288399,0.60332799,0.60788101,0.60788101,186963008
2018-05-28,0.60836798,0.60978103,0.55229902,0.55229902,0.55229902,327903008
2018-05-29,0.55608398,0.61074901,0.55163503,0.60124099,0.60124099,380744000
2018-05-30,0.603769,0.62767899,0.59005803,0.60581702,0.60581702,320604992
2018-05-31,0.60345203,0.62163597,0.59608901,0.61262202,0.61262202,283328000
2018-06-01,0.61289299,0.62482399,0.60906899,0.62336397,0.62336397,263088000
2018-06-02,0.62346202,0.64898199,0.61947697,0.64345098,0.64345098,315206016
2018-06-03,0.64341199,0.673594,0.64089102,0.67120498,0.67120498,327804000
2018-06-04,0.69246602,0.703623,0.64460301,0.66142499,0.66142499,558131008
2018-06-05,0.66189802,0.68383998,0.64142799,0.67701501,0.67701501,386328000
2018-06-06,0.67790103,0.68166798,0.66005898,0.674797,0.674797,273966016
2018-06-07,0.675313,0.688223,0.67314601,0.678128,0.678128,244568000
2018-06-08,0.67758602,0.67966801,0.66080397,0.67434299,0.67434299,221887008
2018-06-09,0.67477798,0.67889303,0.65975499,0.65975499,0.65975499,175990000
2018-06-10,0.65951401,0.65951401,0.56123698,0.588126,0.588126,492555008
2018-06-11,0.58619797,0.60406601,0.568721,0.60406601,0.60406601,336547008
2018-06-12,0.60213602,0.602139,0.55665302,0.56293303,0.56293303,309544000
2018-06-13,0.56284499,0.56464201,0.51703602,0.53466302,0.53466302,359864992
2018-06-14,0.53543502,0.57059002,0.52661401,0.561306,0.561306,379824992
2018-06-15,0.56006199,0.56006199,0.53430098,0.53770697,0.53770697,241684992
2018-06-16,0.53710598,0.53929299,0.523588,0.53478402,0.53478402,202682000
2018-06-17,0.53553599,0.538881,0.52521503,0.528216,0.528216,166028000
2018-06-18,0.52881998,0.54779398,0.51183301,0.53749502,0.53749502,276527008
2018-06-19,0.53861398,0.55805898,0.53459501,0.54962099,0.54962099,255400000
2018-06-20,0.54973799,0.55055398,0.525859,0.53928602,0.53928602,256920000
2018-06-21,0.53922802,0.54700702,0.53069699,0.53477502,0.53477502,194312000
2018-06-22,0.53509098,0.53509098,0.47728601,0.486947,0.486947,339428992
2018-06-23,0.48730901,0.49671301,0.480874,0.49128401,0.49128401,204927008
2018-06-24,0.49177301,0.493725,0.450048,0.47738001,0.47738001,369520000
2018-06-25,0.477106,0.49111,0.47556001,0.48175299,0.48175299,231728992
2018-06-26,0.48238099,0.48287201,0.45600101,0.45600101,0.45600101,179426000
2018-06-27,0.455551,0.472758,0.45196,0.47036999,0.47036999,215618000
2018-06-28,0.47033,0.471683,0.44575,0.44845799,0.44845799,220566000
2018-06-29,0.44835401,0.45833999,0.427302,0.45308,0.45308,309777984
2018-06-30,0.45411199,0.480147,0.45411199,0.466245,0.466245,345528992
2018-07-01,0.46594399,0.46628001,0.45081601,0.46135801,0.46135801,267224992
2018-07-02,0.461606,0.488924,0.453839,0.48612201,0.48612201,335919008
2018-07-03,0.48625901,0.51569599,0.48084301,0.485223,0.485223,410225984
2018-07-04,0.48558399,0.50360399,0.47577399,0.49004301,0.49004301,313828992
2018-07-05,0.49042201,0.49740201,0.47296599,0.48162499,0.48162499,279999008
2018-07-06,0.48057899,0.481473,0.462414,0.47915101,0.47915101,245003008
2018-07-07,0.47861701,0.492477,0.46771601,0.492477,0.492477,214979008
2018-07-08,0.49231899,0.49489501,0.47596601,0.47774899,0.47774899,226644000
2018-07-09,0.47729099,0.48077399,0.472653,0.47426999,0.47426999,206344992
2018-07-10,0.47385499,0.474336,0.443261,0.44504201,0.44504201,230418000
2018-07-11,0.44512701,0.45254499,0.44357401,0.45023301,0.45023301,183887008
2018-07-12,0.449882,0.449972,0.42803299,0.43536401,0.43536401,182139008
2018-07-13,0.43651399,0.44450799,0.43480501,0.438741,0.438741,179403008
2018-07-14,0.43856099,0.44164601,0.43389499,0.439271,0.439271,134840992
2018-07-15,0.43909499,0.44898701,0.43719399,0.445894,0.445894,152903008
2018-07-16,0.44641301,0.483401,0.44450501,0.483401,0.483401,269283008
2018-07-17,0.48130101,0.51660401,0.47004801,0.50558698,0.50558698,347700000
2018-07-18,0.50511801,0.51955998,0.47723401,0.48638901,0.48638901,367988992
2018-07-19,0.48757699,0.49123701,0.471724,0.47643301,0.47643301,293942016
2018-07-20,0.47648501,0.47648501,0.436483,0.44699401,0.44699401,295403008
2018-07-21,0.446219,0.45875499,0.43831801,0.45541,0.45541,180339008
2018-07-22,0.45500201,0.460989,0.44914001,0.44931099,0.44931099,158906000
2018-07-23,0.449121,0.46178299,0.444498,0.44527599,0.44527599,194542000
2018-07-24,0.445559,0.46681899,0.43856499,0.457623,0.457623,319956000
2018-07-25,0.45584199,0.46552601,0.450719,0.459829,0.459829,255872000
2018-07-26,0.459447,0.46698299,0.44684899,0.44992,0.44992,199587008
2018-07-27,0.44962299,0.45948601,0.44522399,0.45363501,0.45363501,203720992
2018-07-28,0.45459899,0.45616999,0.44969499,0.45366701,0.45366701,157346000
2018-07-29,0.456606,0.45714,0.45024899,0.45330599,0.45330599,191966000
2018-07-30,0.45346901,0.45454901,0.43696401,0.446107,0.446107,247714000
2018-07-31,0.44589201,0.44612399,0.427753,0.43522501,0.43522501,228767000
2018-08-01,0.43556201,0.45913401,0.42716801,0.44585201,0.44585201,323200000
2018-08-02,0.447016,0.44764501,0.429939,0.43025401,0.43025401,204898000
2018-08-03,0.430397,0.44363299,0.42648101,0.44057101,0.44057101,278870000
2018-08-04,0.441039,0.44305801,0.42712501,0.428507,0.428507,185678000
2018-08-05,0.42857999,0.43459401,0.427522,0.43363801,0.43363801,186848000
2018-08-06,0.43388599,0.435794,0.40667999,0.41408101,0.41408101,242075000
2018-08-07,0.41377601,0.41591701,0.37952599,0.381006,0.381006,244448000
2018-08-08,0.38087499,0.38087499,0.326996,0.33194399,0.33194399,360857000
2018-08-09,0.33377099,0.35965401,0.33260801,0.346771,0.346771,325775000
2018-08-10,0.346167,0.34797299,0.31690899,0.32042599,0.32042599,249264000
2018-08-11,0.32112199,0.32121,0.29158199,0.30126199,0.30126199,284423000
2018-08-12,0.30060399,0.309376,0.297057,0.29787001,0.29787001,178827000
2018-08-13,0.29757199,0.31068,0.276544,0.277466,0.277466,235117000
2018-08-14,0.27873799,0.27961501,0.25398299,0.27427199,0.27427199,276768000
2018-08-15,0.276797,0.30174401,0.276797,0.28200501,0.28200501,332432000
2018-08-16,0.28203401,0.30095801,0.27820301,0.292436,0.292436,238219000
2018-08-17,0.292808,0.37361899,0.292766,0.366676,0.366676,497206000
2018-08-18,0.36302701,0.36995399,0.31711501,0.32710001,0.32710001,434332000
2018-08-19,0.32736301,0.35307899,0.32194501,0.34397799,0.34397799,327300000
2018-08-20,0.34445101,0.35168901,0.31769201,0.31928301,0.31928301,311144000
2018-08-21,0.31821901,0.33809999,0.31698301,0.335177,0.335177,248735000
2018-08-22,0.334434,0.350122,0.31661299,0.319803,0.319803,286845000
2018-08-23,0.31957299,0.32881299,0.31917599,0.32770899,0.32770899,217578000
2018-08-24,0.32738999,0.32858399,0.31821701,0.32760599,0.32760599,244571000
2018-08-25,0.32765001,0.33153,0.32446799,0.32822999,0.32822999,167363000
2018-08-26,0.32816201,0.328327,0.32057101,0.32377601,0.32377601,168718000
2018-08-27,0.323643,0.33778101,0.323066,0.33690301,0.33690301,227284000
2018-08-28,0.33752701,0.35679799,0.33497101,0.35183701,0.35183701,329550000
2018-08-29,0.350833,0.35374501,0.34123799,0.34480301,0.34480301,275908000
2018-08-30,0.34454599,0.34663999,0.32564101,0.335444,0.335444,263925000
2018-08-31,0.33547401,0.33898801,0.32837299,0.33533201,0.33533201,219139000
2018-09-01,0.33531299,0.35265699,0.33446699,0.34772101,0.34772101,257267000
2018-09-02,0.347323,0.34954101,0.338393,0.34252301,0.34252301,240907000
2018-09-03,0.343137,0.34368399,0.33454201,0.33596101,0.33596101,201147000
2018-09-04,0.33518401,0.34031999,0.33030501,0.33165199,0.33165199,241419000
2018-09-05,0.33146501,0.33410001,0.28360099,0.28360099,0.28360099,344488000
2018-09-06,0.28349999,0.305327,0.27611199,0.30271,0.30271,329763000
2018-09-07,0.301431,0.305307,0.287287,0.291435,0.291435,213961000
2018-09-08,0.29111901,0.29620701,0.27378899,0.279333,0.279333,169208000
2018-09-09,0.27866101,0.29126099,0.27447799,0.27868,0.27868,168991000
2018-09-10,0.28023699,0.28211299,0.26381999,0.27032101,0.27032101,204958000
2018-09-11,0.27016699,0.27491701,0.25591701,0.26370999,0.26370999,200330000
2018-09-12,0.26316601,0.27262601,0.25575599,0.270087,0.270087,298449000
2018-09-13,0.27078301,0.284655,0.26784599,0.28058299,0.28058299,311799000
2018-09-14,0.28118399,0.28494099,0.273855,0.27715901,0.27715901,269029000
2018-09-15,0.277006,0.283564,0.27676499,0.28200799,0.28200799,205361000
2018-09-16,0.28172299,0.28184599,0.27654901,0.28116599,0.28116599,197009000
2018-09-17,0.28154501,0.28336099,0.26818401,0.27225101,0.27225101,246489000
2018-09-18,0.27145201,0.33265299,0.27101001,0.32185999,0.32185999,600216000
2018-09-19,0.320324,0.33473399,0.313853,0.32605299,0.32605299,489609000
2018-09-20,0.32644099,0.477467,0.32234699,0.449918,0.449918,1291360000
2018-09-21,0.45283601,0.76937997,0.429052,0.56146199,0.56146199,4101490000
2018-09-22,0.56546801,0.60911202,0.49573699,0.57079798,0.57079798,2411430000
2018-09-23,0.57521999,0.595025,0.55965102,0.57068902,0.57068902,1043970000
2018-09-24,0.57061398,0.58037698,0.48964599,0.494712,0.494712,1034380000
2018-09-25,0.48762199,0.54606098,0.44151899,0.526941,0.526941,1639680000
2018-09-26,0.52028799,0.56671101,0.49149799,0.51630801,0.51630801,1821610000
2018-09-27,0.516478,0.55092198,0.51396698,0.541381,0.541381,824083000
2018-09-28,0.54303002,0.548805,0.52219701,0.53911197,0.53911197,718255000
2018-09-29,0.53941202,0.58743101,0.52995402,0.57122803,0.57122803,1034370000
2018-09-30,0.56804502,0.61870199,0.56419498,0.581572,0.581572,1329720000
2018-10-01,0.58351099,0.602337,0.53734899,0.57646102,0.57646102,1412800000
2018-10-02,0.57714498,0.57714498,0.518287,0.52083701,0.52083701,743705000
2018-10-03,0.51722002,0.53609699,0.51226902,0.528162,0.528162,789229000
2018-10-04,0.52889198,0.54716098,0.52625,0.52660602,0.52660602,621615000
2018-10-05,0.52753001,0.53043199,0.51032001,0.51902598,0.51902598,589636000
2018-10-06,0.51935399,0.52088201,0.470532,0.48808199,0.48808199,672167000
2018-10-07,0.49026799,0.49026799,0.46988699,0.482039,0.482039,548645000
2018-10-08,0.484018,0.496593,0.479386,0.48975101,0.48975101,540832000
2018-10-09,0.49060401,0.491133,0.47111601,0.479857,0.479857,416867000
2018-10-10,0.47915101,0.47915101,0.45904201,0.462387,0.462387,412207000
2018-10-11,0.46149701,0.46149701,0.381614,0.38313001,0.38313001,791202000
2018-10-12,0.37931299,0.43954399,0.378914,0.41911501,0.41911501,820154000
2018-10-13,0.41629401,0.42562401,0.41451499,0.41887799,0.41887799,373875000
2018-10-14,0.41857299,0.424992,0.40145999,0.40328601,0.40328601,289195000
2018-10-15,0.40165401,0.47213301,0.39670101,0.44731599,0.44731599,1041470000
2018-10-16,0.448066,0.47099,0.445319,0.47025299,0.47025299,605102000
2018-10-17,0.46970099,0.47852099,0.460343,0.46819699,0.46819699,526538000
2018-10-18,0.46765301,0.47462201,0.447294,0.45772499,0.45772499,476876000
2018-10-19,0.457344,0.46062499,0.450369,0.45417801,0.45417801,303401000
2018-10-20,0.45393601,0.46189901,0.45107001,0.459151,0.459151,277061000
2018-10-21,0.45886299,0.46362901,0.45541099,0.45669401,0.45669401,262867000
2018-10-22,0.45608899,0.458188,0.45058301,0.453109,0.453109,249302000
2018-10-23,0.45307001,0.471596,0.43964401,0.46205801,0.46205801,445238000
2018-10-24,0.461505,0.46707001,0.45449701,0.45723701,0.45723701,295115000
2018-10-25,0.45578,0.46276599,0.45268101,0.45805201,0.45805201,273380000
2018-10-26,0.45696101,0.46028799,0.45361799,0.459288,0.459288,235514000
2018-10-27,0.459176,0.46037599,0.455284,0.456348,0.456348,211006000
2018-10-28,0.457169,0.46393099,0.45545599,0.46240601,0.46240601,280005000
2018-10-29,0.46159801,0.46212801,0.43705699,0.44151399,0.44151399,341648000
2018-10-30,0.44196799,0.44830599,0.44088,0.44475901,0.44475901,245858000
2018-10-31,0.44526801,0.45040101,0.43876001,0.44838199,0.44838199,367008000
2018-11-01,0.44861999,0.456303,0.446069,0.455722,0.455722,346501000
2018-11-02,0.45650601,0.46145099,0.45572901,0.45868501,0.45868501,401300000
2018-11-03,0.45889899,0.459135,0.45445299,0.45566699,0.45566699,275311000
2018-11-04,0.45522499,0.47072199,0.44993499,0.46269101,0.46269101,429629000
2018-11-05,0.46144399,0.497412,0.460769,0.497412,0.497412,556519000
2018-11-06,0.49710199,0.56054699,0.49710199,0.54908001,0.54908001,1333160000
2018-11-07,0.54931903,0.54931903,0.52496499,0.535707,0.535707,631230000
2018-11-08,0.53663999,0.53928202,0.49128601,0.49350801,0.49350801,686221000
2018-11-09,0.492847,0.51550901,0.492847,0.50066799,0.50066799,509865000
2018-11-10,0.50029999,0.51117599,0.499791,0.50669801,0.50669801,328038000
2018-11-11,0.50689501,0.50831801,0.49693,0.50591302,0.50591302,292675000
2018-11-12,0.507833,0.525536,0.50081599,0.51716501,0.51716501,605042000
2018-11-13,0.51666301,0.52514499,0.50551999,0.51011199,0.51011199,521675000
2018-11-14,0.50837201,0.51064599,0.43039799,0.474372,0.474372,980604000
2018-11-15,0.47237799,0.48456499,0.432724,0.48170799,0.48170799,965997000
2018-11-16,0.47923201,0.485082,0.46377099,0.471609,0.471609,593572000
2018-11-17,0.472323,0.49673,0.466813,0.49165401,0.49165401,607453000
2018-11-18,0.49341899,0.52213299,0.49033001,0.51047301,0.51047301,884280000
2018-11-19,0.51012701,0.51012701,0.472305,0.47816601,0.47816601,1297340000
2018-11-20,0.480279,0.49651599,0.42367199,0.434726,0.434726,1538310000
2018-11-21,0.436492,0.45614401,0.41677999,0.447651,0.447651,858303000
2018-11-22,0.44794801,0.44820601,0.42607999,0.42607999,0.42607999,480044000
2018-11-23,0.42520899,0.42820501,0.39804599,0.407428,0.407428,774083000
2018-11-24,0.40784401,0.41676199,0.36735401,0.37533599,0.37533599,626279000
2018-11-25,0.374511,0.38633299,0.32495299,0.374551,0.374551,1296590000
2018-11-26,0.37555301,0.38869601,0.34201899,0.35545099,0.35545099,1032000000
2018-11-27,0.35397699,0.367645,0.34299099,0.360163,0.360163,600169000
2018-11-28,0.360313,0.40158299,0.360313,0.39055699,0.39055699,774818000
2018-11-29,0.391862,0.392465,0.37378901,0.37956199,0.37956199,629900577
2018-11-30,0.38053799,0.381019,0.355205,0.36245501,0.36245501,512041152
2018-12-01,0.36255699,0.377056,0.35708299,0.372906,0.372906,397266566
2018-12-02,0.37216201,0.37839201,0.36573201,0.36762699,0.36762699,335732170
2018-12-03,0.36859801,0.36859801,0.346975,0.34875399,0.34875399,392651603
2018-12-04,0.34853399,0.361431,0.34252799,0.352231,0.352231,445334425
2018-12-05,0.35235301,0.35330901,0.33824199,0.33824199,0.33824199,400526135
2018-12-06,0.33708301,0.34249499,0.31036001,0.310936,0.310936,517551018
2018-12-07,0.310837,0.311059,0.29135099,0.30199701,0.30199701,667331347
2018-12-08,0.30243999,0.318185,0.297232,0.30726901,0.30726901,463529471
2018-12-09,0.30645099,0.320144,0.30466601,0.31336999,0.31336999,430122747
2018-12-10,0.313485,0.31621,0.30059999,0.30376601,0.30376601,386627711
2018-12-11,0.30309999,0.310343,0.29809499,0.30134499,0.30134499,394872461
2018-12-12,0.30067101,0.31115001,0.30067101,0.30732301,0.30732301,370325300
2018-12-13,0.30766001,0.30779999,0.298118,0.300026,0.300026,303413883
2018-12-14,0.299972,0.30015001,0.28511199,0.28878999,0.28878999,320266797
2018-12-15,0.288699,0.291372,0.28252301,0.28588301,0.28588301,277696890
2018-12-16,0.28591099,0.29416901,0.28589001,0.287929,0.287929,316135928
2018-12-17,0.28810099,0.336501,0.28694201,0.328453,0.328453,639336585
2018-12-18,0.32902199,0.350162,0.32529101,0.350162,0.350162,753758217
2018-12-19,0.35506001,0.39333001,0.34820101,0.35195601,0.35195601,1041279272
2018-12-20,0.347361,0.38897401,0.347056,0.37819901,0.37819901,1006287680
2018-12-21,0.37675601,0.38408899,0.35403499,0.35857001,0.35857001,724747471
2018-12-22,0.35888499,0.362968,0.34987,0.362308,0.362308,487175830
2018-12-23,0.36304501,0.38147601,0.36180699,0.37127,0.37127,634162707
2018-12-24,0.37239799,0.448477,0.37239799,0.40679899,0.40679899,1688430313
2018-12-25,0.40843901,0.40843901,0.369362,0.38087201,0.38087201,955306080
2018-12-26,0.37999099,0.391334,0.36344099,0.37869301,0.37869301,690588635
2018-12-27,0.37910599,0.37960801,0.33628201,0.341162,0.341162,575821047
2018-12-28,0.34180701,0.37941599,0.33913901,0.37685201,0.37685201,765420103
2018-12-29,0.378346,0.383937,0.36708,0.36725199,0.36725199,617892297
2018-12-30,0.36524799,0.37114701,0.36226401,0.36958101,0.36958101,486955034
2018-12-31,0.37105101,0.37379301,0.35078701,0.35270599,0.35270599,501793515
2019-01-01,0.352512,0.36477101,0.350402,0.36477101,0.36477101,449347622
2019-01-02,0.365675,0.378021,0.35957399,0.37524301,0.37524301,543216669
2019-01-03,0.37450501,0.37450501,0.35767499,0.36022401,0.36022401,438873803
2019-01-04,0.35975301,0.36464199,0.35278499,0.356747,0.356747,450633876
2019-01-05,0.35634699,0.36106899,0.35398701,0.35527501,0.35527501,452090239
2019-01-06,0.35475001,0.36965999,0.35258901,0.368395,0.368395,492558794
2019-01-07,0.36885399,0.37790999,0.36338699,0.36434701,0.36434701,499028522
2019-01-08,0.36442,0.370992,0.36073399,0.36531499,0.36531499,499493490
2019-01-09,0.365886,0.37352201,0.36475599,0.37088999,0.37088999,455908708
2019-01-10,0.37146401,0.38194901,0.32715899,0.332652,0.332652,839535352
2019-01-11,0.33128399,0.337726,0.327914,0.33290401,0.33290401,501054509
2019-01-12,0.333004,0.33638099,0.328033,0.32879999,0.32879999,376386863
2019-01-13,0.32866201,0.33359599,0.31709799,0.31786299,0.31786299,452358902
2019-01-14,0.31835401,0.337942,0.31835401,0.33376601,0.33376601,545540174
2019-01-15,0.33391199,0.33649999,0.324011,0.32717901,0.32717901,429283720
2019-01-16,0.32694599,0.33479601,0.32617399,0.32970101,0.32970101,438731638
2019-01-17,0.32969001,0.33016199,0.32574001,0.329353,0.329353,433446502
2019-01-18,0.32919601,0.329494,0.32185599,0.32427701,0.32427701,376280714
2019-01-19,0.32570201,0.333749,0.324911,0.33100101,0.33100101,420070097
2019-01-20,0.33122,0.332147,0.31760901,0.32117701,0.32117701,407205881
2019-01-21,0.321179,0.322593,0.31743899,0.32078999,0.32078999,363940431
2019-01-22,0.321078,0.321078,0.31345499,0.319491,0.319491,434125854
2019-01-23,0.31956601,0.32030299,0.31492299,0.31649199,0.31649199,375671478
2019-01-24,0.316416,0.318896,0.31443301,0.31759799,0.31759799,344960253
2019-01-25,0.31785899,0.319069,0.313824,0.31716499,0.31716499,360076505
2019-01-26,0.31726,0.31932601,0.314235,0.314235,0.314235,346413648
2019-01-27,0.314854,0.31526601,0.308366,0.309439,0.309439,362599965
2019-01-28,0.30936,0.30987799,0.28656301,0.29486299,0.29486299,584796818
2019-01-29,0.29506001,0.29621601,0.28588799,0.28955799,0.28955799,454631055
2019-01-30,0.28942499,0.32406399,0.28791499,0.320461,0.320461,753787392
2019-01-31,0.32070401,0.33383501,0.305866,0.310036,0.310036,780304474
2019-02-01,0.310839,0.31189501,0.29939899,0.30851701,0.30851701,564486615
2019-02-02,0.30832601,0.31157801,0.305231,0.31091201,0.31091201,429425320
2019-02-03,0.31042901,0.31123799,0.29936999,0.30235201,0.30235201,438357004
2019-02-04,0.30258,0.30505899,0.299364,0.30019799,0.30019799,418384497
2019-02-05,0.29976299,0.301278,0.29721001,0.29923901,0.29923901,424722760
2019-02-06,0.29943001,0.29949099,0.29041901,0.29072699,0.29072699,456205130
2019-02-07,0.29069099,0.294617,0.290445,0.29161799,0.29161799,368034283
2019-02-08,0.291668,0.315308,0.29011899,0.311683,0.311683,683014535
2019-02-09,0.31157801,0.31341401,0.30756,0.31128401,0.31128401,461638795
2019-02-10,0.31125301,0.31134,0.30209199,0.30990899,0.30990899,495640831
2019-02-11,0.31003401,0.31003401,0.30274099,0.30274099,0.30274099,474495062
2019-02-12,0.302569,0.307477,0.29957899,0.30519,0.30519,472806810
2019-02-13,0.30542901,0.311322,0.30218801,0.30428401,0.30428401,494653115
2019-02-14,0.30401701,0.30610001,0.301514,0.301909,0.301909,418928960
2019-02-15,0.302129,0.30461401,0.29958299,0.301759,0.301759,426310729
2019-02-16,0.30160201,0.303516,0.300731,0.30170301,0.30170301,379011431
2019-02-17,0.30157101,0.304934,0.29923499,0.30337,0.30337,427237164
2019-02-18,0.30308399,0.327739,0.30255699,0.32156801,0.32156801,887187377
2019-02-19,0.32142699,0.343676,0.32094201,0.32376799,0.32376799,1135384190
2019-02-20,0.32357201,0.33360699,0.320995,0.33287999,0.33287999,777173685
2019-02-21,0.33286899,0.33286899,0.31920099,0.321291,0.321291,634536385
2019-02-22,0.32144901,0.32343999,0.318165,0.321904,0.321904,570898964
2019-02-23,0.32131401,0.333893,0.318241,0.33261999,0.33261999,638747256
2019-02-24,0.33294201,0.34158099,0.29933101,0.30144301,0.30144301,1117884486
2019-02-25,0.300708,0.33785501,0.300708,0.32850999,0.32850999,1060838440
2019-02-26,0.327779,0.33431,0.316865,0.31947699,0.31947699,881257178
2019-02-27,0.319677,0.32241899,0.308662,0.313106,0.313106,716326029
2019-02-28,0.313115,0.317004,0.31143501,0.31507799,0.31507799,734041245
2019-03-01,0.31506601,0.323946,0.31362,0.317312,0.317312,752723591
2019-03-02,0.31691101,0.31930101,0.312747,0.315126,0.315126,604560086
2019-03-03,0.31485701,0.31650001,0.31092501,0.312554,0.312554,548503372
2019-03-04,0.31202099,0.31312001,0.30267701,0.30513299,0.30513299,647905632
2019-03-05,0.30509499,0.31787899,0.30408201,0.31650701,0.31650701,786832982
2019-03-06,0.31667399,0.320833,0.31198701,0.317031,0.317031,750399371
2019-03-07,0.31719199,0.31989801,0.31454799,0.31476599,0.31476599,716447226
2019-03-08,0.31504399,0.316385,0.308828,0.310087,0.310087,680461375
2019-03-09,0.309751,0.31774801,0.309367,0.31382599,0.31382599,763946051
2019-03-10,0.314266,0.315795,0.311095,0.31310701,0.31310701,620043949
2019-03-11,0.31317499,0.314576,0.30941701,0.31106499,0.31106499,671951311
2019-03-12,0.311138,0.311773,0.30753601,0.31020099,0.31020099,581106367
2019-03-13,0.31061101,0.32011399,0.30866,0.314098,0.314098,827163024
2019-03-14,0.31387001,0.31636199,0.31130701,0.31295499,0.31295499,706966032
2019-03-15,0.31273299,0.31606501,0.311575,0.315052,0.315052,636037517
2019-03-16,0.31506601,0.322413,0.31483799,0.32046801,0.32046801,759396360
2019-03-17,0.32038701,0.320739,0.316497,0.31761199,0.31761199,530234054
2019-03-18,0.317716,0.320667,0.31465301,0.31744,0.31744,692176696
2019-03-19,0.31675601,0.320595,0.31535101,0.31928101,0.31928101,672954616
2019-03-20,0.31934601,0.320777,0.31478101,0.31961,0.31961,794566633
2019-03-21,0.31996,0.32085001,0.309338,0.312718,0.312718,824129023
2019-03-22,0.311342,0.315092,0.310141,0.31154099,0.31154099,687711343
2019-03-23,0.31134301,0.31366599,0.31013,0.31235901,0.31235901,611853725
2019-03-24,0.31239599,0.312453,0.30816799,0.308992,0.308992,649754894
2019-03-25,0.30944601,0.30973601,0.30145299,0.30405501,0.30405501,750245385
2019-03-26,0.303808,0.30506,0.298987,0.30506,0.30506,761000017
2019-03-27,0.30542099,0.31261501,0.30406699,0.31246501,0.31246501,781951318
2019-03-28,0.312383,0.31245199,0.30708501,0.309246,0.309246,677929379
2019-03-29,0.30926901,0.31164399,0.30623499,0.30792901,0.30792901,854583316
2019-03-30,0.30765501,0.32678401,0.30687299,0.31063199,0.31063199,929122633
2019-03-31,0.31073001,0.311171,0.30814999,0.30922899,0.30922899,652757652
2019-04-01,0.30919501,0.313777,0.30891001,0.312747,0.312747,836123225
2019-04-02,0.312805,0.35587001,0.31200099,0.35149899,0.35149899,2400198268
2019-04-03,0.351309,0.37127,0.33373499,0.34223399,0.34223399,2544122431
2019-04-04,0.34228599,0.348977,0.32907,0.332513,0.332513,1599115419
2019-04-05,0.33268499,0.374064,0.33263001,0.361803,0.361803,2359353481
2019-04-06,0.361837,0.36344099,0.35116801,0.35440499,0.35440499,1440643534
2019-04-07,0.354406,0.36538699,0.35168901,0.35985601,0.35985601,1398086395
2019-04-08,0.36114299,0.36703601,0.35158801,0.35823399,0.35823399,1513421926
2019-04-09,0.358307,0.358307,0.34853601,0.349462,0.349462,1076688924
2019-04-10,0.34942499,0.35977799,0.34870899,0.354792,0.354792,1213341089
2019-04-11,0.354828,0.35485101,0.32682601,0.330984,0.330984,1641951210
2019-04-12,0.33066401,0.33086801,0.32116699,0.32634601,0.32634601,1076074031
2019-04-13,0.326386,0.33444399,0.32371399,0.326031,0.326031,976688780
2019-04-14,0.32616001,0.32942101,0.32424399,0.32880899,0.32880899,746765729
2019-04-15,0.328841,0.33155099,0.31808999,0.32091299,0.32091299,934107164
2019-04-16,0.32099801,0.327308,0.31926101,0.327218,0.327218,799796781
2019-04-17,0.32715699,0.34032699,0.32238799,0.335453,0.335453,1137811633
2019-04-18,0.33547601,0.34528899,0.33533499,0.33706501,0.33706501,1092731769
2019-04-19,0.337062,0.337147,0.329577,0.331902,0.331902,1025167554
2019-04-20,0.331871,0.333213,0.32496899,0.32847601,0.32847601,931570799
2019-04-21,0.32867801,0.32962701,0.318746,0.322449,0.322449,1005803846
2019-04-22,0.32227701,0.32934999,0.32023701,0.32393399,0.32393399,1131094080
2019-04-23,0.32384399,0.32839599,0.32091901,0.32122201,0.32122201,1077333990
2019-04-24,0.321114,0.321282,0.29698199,0.30231801,0.30231801,1517791002
2019-04-25,0.30222401,0.306162,0.28766701,0.28938401,0.28938401,1191205196
2019-04-26,0.28983799,0.29901999,0.287485,0.298502,0.298502,1226933036
2019-04-27,0.29854101,0.300304,0.29530701,0.29674101,0.29674101,785963315
2019-04-28,0.29686499,0.300466,0.29533899,0.29742599,0.29742599,721572911
2019-04-29,0.29742199,0.29984799,0.29165199,0.29428899,0.29428899,890911784
2019-04-30,0.29431999,0.31163099,0.293542,0.30947599,0.30947599,1229331267
2019-05-01,0.30949,0.31158501,0.30228201,0.30469599,0.30469599,914654614
2019-05-02,0.304735,0.30555299,0.30256701,0.30323899,0.30323899,890538619
2019-05-03,0.30323201,0.31329799,0.30147499,0.308222,0.308222,1221399046
2019-05-04,0.308173,0.31565699,0.30075201,0.30455199,0.30455199,1162919063
2019-05-05,0.30462801,0.30551901,0.299611,0.302342,0.302342,805245812
2019-05-06,0.302275,0.30575401,0.29644299,0.302389,0.302389,1048970512
2019-05-07,0.30209199,0.30642799,0.29947799,0.29968399,0.29968399,1082385112
2019-05-08,0.29902199,0.30149999,0.29753599,0.30072099,0.30072099,927526280
2019-05-09,0.30058199,0.30217299,0.294397,0.296509,0.296509,857521678
2019-05-10,0.296523,0.30220699,0.29411399,0.300387,0.300387,1057594529
2019-05-11,0.30031201,0.33632401,0.300172,0.324543,0.324543,2226303541
2019-05-12,0.324265,0.32768399,0.30729201,0.310074,0.310074,2000224167
2019-05-13,0.31011799,0.330486,0.30843401,0.32547501,0.32547501,1973949373
2019-05-14,0.325111,0.41728899,0.323816,0.409062,0.409062,5834207845
2019-05-15,0.40867299,0.46080199,0.40726399,0.45600501,0.45600501,4535603094
2019-05-16,0.45569199,0.474619,0.40136299,0.419707,0.419707,4730708975
2019-05-17,0.41967601,0.423509,0.36643499,0.38619301,0.38619301,3644156225
2019-05-18,0.38862199,0.391527,0.368175,0.37273601,0.37273601,1866646601
2019-05-19,0.37264699,0.42338699,0.37094399,0.41769999,0.41769999,2803922255
2019-05-20,0.417456,0.417456,0.38464701,0.39800301,0.39800301,2258366889
2019-05-21,0.39820901,0.40310499,0.38930199,0.39760301,0.39760301,1811582122
2019-05-22,0.397493,0.407428,0.37387899,0.37663701,0.37663701,2028827460
2019-05-23,0.37673599,0.38312599,0.36680499,0.38120401,0.38120401,1595345471
2019-05-24,0.381313,0.392683,0.374502,0.384541,0.384541,1872678192
2019-05-25,0.38480401,0.39359999,0.38347799,0.38703999,0.38703999,1363572843
2019-05-26,0.38712901,0.409859,0.37944701,0.40841299,0.40841299,1848938650
2019-05-27,0.40839699,0.44037399,0.40702099,0.43416801,0.43416801,2736949591
2019-05-28,0.433781,0.45388699,0.42102101,0.446549,0.446549,3193961851
2019-05-29,0.446747,0.45327699,0.42431399,0.44371301,0.44371301,2538438749
2019-05-30,0.443786,0.46945801,0.41367701,0.42239499,0.42239499,3527827315
2019-05-31,0.42233199,0.44017699,0.41292799,0.43857399,0.43857399,2225730799
2019-06-01,0.43871099,0.44084299,0.42418101,0.430583,0.430583,1740720642
2019-06-02,0.430953,0.44586501,0.42979899,0.444785,0.444785,1595105832
2019-06-03,0.44467399,0.45957899,0.42494899,0.42576399,0.42576399,2544969218
2019-06-04,0.42541501,0.42541501,0.39109299,0.40066701,0.40066701,2537240038
2019-06-05,0.40027201,0.407157,0.39268801,0.40273201,0.40273201,1768216479
2019-06-06,0.40233299,0.42055401,0.39491799,0.41953999,0.41953999,2014934546
2019-06-07,0.419548,0.43053201,0.41600099,0.42313001,0.42313001,1659632775
2019-06-08,0.42326099,0.42511499,0.40766701,0.412411,0.412411,1244578044
2019-06-09,0.412689,0.41361299,0.379967,0.388266,0.388266,1575002838
2019-06-10,0.38818601,0.404672,0.383885,0.40042701,0.40042701,1477656039
2019-06-11,0.40067399,0.402053,0.387196,0.394261,0.394261,1186383476
2019-06-12,0.39435101,0.40318301,0.390625,0.40176001,0.40176001,1221700743
2019-06-13,0.401696,0.40745899,0.39935201,0.40088701,0.40088701,1209093571
2019-06-14,0.400839,0.40751201,0.39381501,0.40592101,0.40592101,1262403987
2019-06-15,0.40575901,0.41285399,0.40347499,0.41041899,0.41041899,1344741903
2019-06-16,0.41053501,0.438876,0.40830299,0.42751601,0.42751601,1981370152
2019-06-17,0.42716101,0.45938501,0.42709199,0.44808,0.44808,1979014573
2019-06-18,0.447815,0.45449901,0.42363399,0.42876101,0.42876101,1832910177
2019-06-19,0.42875701,0.43812099,0.426449,0.43681699,0.43681699,1150637870
2019-06-20,0.43656501,0.43671399,0.42350399,0.42982301,0.42982301,1296288449
2019-06-21,0.429813,0.44631201,0.429535,0.44318801,0.44318801,1546835769
2019-06-22,0.443629,0.505467,0.44257101,0.47476399,0.47476399,3641363867
2019-06-23,0.47485799,0.48813301,0.465424,0.46829101,0.46829101,2114801632
2019-06-24,0.468564,0.47218099,0.452162,0.47008801,0.47008801,1641873591
2019-06-25,0.470534,0.473553,0.458875,0.468229,0.468229,1958460938
2019-06-26,0.46844399,0.49430999,0.46084401,0.46745101,0.46745101,3581004665
2019-06-27,0.46770099,0.47064799,0.39538699,0.40875399,0.40875399,3038678719
2019-06-28,0.40902701,0.42799401,0.40215799,0.427315,0.427315,1974643651
2019-06-29,0.42787701,0.42971101,0.405958,0.429378,0.429378,1775096156
2019-06-30,0.42918,0.42918,0.396411,0.396411,0.396411,1570726856
2019-07-01,0.39590001,0.41761801,0.38967299,0.40686199,0.40686199,1783852226
2019-07-02,0.406414,0.40973699,0.38447699,0.400204,0.400204,1676193189
2019-07-03,0.40017799,0.40923899,0.39672399,0.40853199,0.40853199,1436716899
2019-07-04,0.40831599,0.40865499,0.38797399,0.38871899,0.38871899,1385563454
2019-07-05,0.38872901,0.38872901,0.37561101,0.37896401,0.37896401,1286860595
2019-07-06,0.37913901,0.40837401,0.378463,0.38905501,0.38905501,1521409875
2019-07-07,0.389503,0.39888701,0.387624,0.39704701,0.39704701,1210813690
2019-07-08,0.39726099,0.40268999,0.39232799,0.40153301,0.40153301,1253488309
2019-07-09,0.401645,0.40654901,0.39128599,0.39416799,0.39416799,1413299253
2019-07-10,0.39485699,0.39792001,0.35207799,0.36377501,0.36377501,2300685763
2019-07-11,0.363446,0.36363399,0.32292601,0.33033499,0.33033499,2056220396
2019-07-12,0.33034301,0.34978899,0.32329801,0.344118,0.344118,1641965115
2019-07-13,0.344704,0.345083,0.32528901,0.33217901,0.33217901,1076509239
2019-07-14,0.33268499,0.33486399,0.30532601,0.30642599,0.30642599,1365358144
2019-07-15,0.306575,0.32178301,0.29866901,0.31531,0.31531,1638295919
2019-07-16,0.31518599,0.32024199,0.29129401,0.29672599,0.29672599,1527503243
2019-07-17,0.29676199,0.32218099,0.29455,0.31061301,0.31061301,2478342585
2019-07-18,0.31074801,0.32650599,0.306624,0.323176,0.323176,1460358426
2019-07-19,0.32296401,0.32450899,0.314147,0.32060501,0.32060501,1181194676
2019-07-20,0.32049,0.34047699,0.320079,0.33320901,0.33320901,1288327249
2019-07-21,0.333682,0.33587,0.32330799,0.33130899,0.33130899,1045044900
2019-07-22,0.331368,0.33166999,0.318133,0.322106,0.322106,1079720970
2019-07-23,0.322267,0.32234901,0.307652,0.309926,0.309926,1015322888
2019-07-24,0.309885,0.31647101,0.30527601,0.315947,0.315947,1222619064
2019-07-25,0.31585899,0.321363,0.31388101,0.31481001,0.31481001,1086214216
2019-07-26,0.31474,0.32450801,0.30972001,0.32352999,0.32352999,1039753781
2019-07-27,0.32351199,0.326285,0.30730101,0.31052801,0.31052801,1163969614
2019-07-28,0.31063101,0.312774,0.30410999,0.31228799,0.31228799,846655034
2019-07-29,0.31199601,0.31381199,0.30802,0.31065801,0.31065801,807093679
2019-07-30,0.31108999,0.320407,0.30786499,0.31847,0.31847,928714010
2019-07-31,0.31788701,0.322465,0.31724399,0.32090899,0.32090899,996700948
2019-08-01,0.32073399,0.320851,0.31313401,0.31790599,0.31790599,882867288
2019-08-02,0.31780899,0.318876,0.310844,0.31239399,0.31239399,816728848
2019-08-03,0.31250599,0.31965101,0.31169599,0.31675699,0.31675699,789419360
2019-08-04,0.31686199,0.322925,0.312325,0.31984201,0.31984201,926896287
2019-08-05,0.31972301,0.33141401,0.31941,0.32356399,0.32356399,1203381139
2019-08-06,0.324018,0.32494599,0.30889499,0.311326,0.311326,1069603911
2019-08-07,0.311492,0.31557301,0.30871999,0.31196901,0.31196901,967534123
2019-08-08,0.31178501,0.31261799,0.305112,0.307661,0.307661,907305889
2019-08-09,0.307567,0.308218,0.29327101,0.29734299,0.29734299,1021136188
2019-08-10,0.297245,0.30474699,0.29344299,0.29872099,0.29872099,1077459339
2019-08-11,0.29856601,0.30618101,0.296911,0.30191499,0.30191499,838671654
2019-08-12,0.302169,0.30352801,0.29850599,0.300322,0.300322,762308356
2019-08-13,0.300661,0.30117801,0.293562,0.296639,0.296639,853175560
2019-08-14,0.29671901,0.29721999,0.25239,0.26334301,0.26334301,1794754610
2019-08-15,0.26370701,0.26824099,0.25611201,0.264882,0.264882,1342788578
2019-08-16,0.265075,0.265452,0.25697699,0.261971,0.261971,1133224404
2019-08-17,0.26188499,0.26804599,0.25925201,0.26572099,0.26572099,1004931822
2019-08-18,0.26571399,0.28871799,0.26357901,0.282646,0.282646,1216547019
2019-08-19,0.28229001,0.28909099,0.27842501,0.283328,0.283328,1241578947
2019-08-20,0.28315899,0.283241,0.273442,0.27580601,0.27580601,1056822925
2019-08-21,0.275765,0.275765,0.26068801,0.26626101,0.26626101,1164536124
2019-08-22,0.265802,0.27334201,0.261967,0.270944,0.270944,1065712731
2019-08-23,0.27057499,0.27756801,0.26855999,0.27654499,0.27654499,999419343
2019-08-24,0.27654299,0.27654299,0.26752701,0.272553,0.272553,934380519
2019-08-25,0.27261201,0.27492401,0.26795399,0.27008799,0.27008799,964693737
2019-08-26,0.26994601,0.27743199,0.26857501,0.27078801,0.27078801,1332395984
2019-08-27,0.270899,0.27104199,0.26621601,0.269618,0.269618,1028940804
2019-08-28,0.26958299,0.270293,0.25294799,0.25745001,0.25745001,1275267910
2019-08-29,0.25746101,0.26109099,0.249951,0.257045,0.257045,1279995807
2019-08-30,0.256951,0.25732499,0.25273401,0.25621799,0.25621799,997071647
2019-08-31,0.25619501,0.26050699,0.255454,0.259204,0.259204,845142390
2019-09-01,0.25917101,0.25965899,0.25430599,0.25805399,0.25805399,825579908
2019-09-02,0.258064,0.262465,0.254383,0.26082,0.26082,1044772829
2019-09-03,0.260838,0.265279,0.25816301,0.26313901,0.26313901,1162545093
2019-09-04,0.26318499,0.26318499,0.258212,0.25990501,0.25990501,1068332805
2019-09-05,0.25991201,0.26070699,0.25496,0.25634599,0.25634599,1050490375
2019-09-06,0.25626901,0.259332,0.25080499,0.25233999,0.25233999,1063044201
2019-09-07,0.25241101,0.26248801,0.25127301,0.26068699,0.26068699,962765309
2019-09-08,0.260777,0.26497301,0.25927001,0.26308399,0.26308399,1043077809
2019-09-09,0.26324701,0.26369399,0.25764301,0.25956199,0.25956199,1157441363
2019-09-10,0.25968999,0.26364899,0.25610501,0.25867099,0.25867099,975503111
2019-09-11,0.258692,0.25983199,0.25340101,0.25595599,0.25595599,992565704
2019-09-12,0.25597301,0.25701499,0.25255501,0.25481099,0.25481099,974717877
2019-09-13,0.25479501,0.25632599,0.25313699,0.25555101,0.25555101,869481607
2019-09-14,0.255485,0.26449201,0.254848,0.26116699,0.26116699,1005057194
2019-09-15,0.26117,0.26485801,0.25971401,0.261628,0.261628,859761210
2019-09-16,0.261574,0.26392299,0.25918099,0.260952,0.260952,878264190
2019-09-17,0.26086199,0.29455599,0.260308,0.28501299,0.28501299,1981364786
2019-09-18,0.284163,0.322034,0.283921,0.31377599,0.31377599,2548478917
2019-09-19,0.31373999,0.31381401,0.28705099,0.302441,0.302441,2314376584
2019-09-20,0.30245501,0.30245501,0.28872901,0.29447001,0.29447001,1558069366
2019-09-21,0.29445601,0.297573,0.28777501,0.28944299,0.28944299,1266771269
2019-09-22,0.28946,0.289673,0.27431601,0.27893099,0.27893099,1242282758
2019-09-23,0.278602,0.28611401,0.26857501,0.268675,0.268675,1484938724
2019-09-24,0.268686,0.27286801,0.227052,0.23522601,0.23522601,2114210733
2019-09-25,0.23548301,0.248962,0.234906,0.24644101,0.24644101,1800796894
2019-09-26,0.246448,0.25045699,0.234037,0.243784,0.243784,1387714462
2019-09-27,0.24371199,0.246306,0.236745,0.244021,0.244021,1277746422
2019-09-28,0.244023,0.245047,0.24075399,0.242571,0.242571,978211509
2019-09-29,0.24259201,0.243348,0.237544,0.24138799,0.24138799,931369885
2019-09-30,0.241383,0.26014599,0.23831999,0.25593299,0.25593299,1662002377
2019-10-01,0.25621301,0.260526,0.247843,0.24956501,0.24956501,1319433697
2019-10-02,0.24961799,0.254884,0.24679101,0.253539,0.253539,1093145013
2019-10-03,0.25345701,0.25350299,0.24436601,0.24786,0.24786,1043933395
2019-10-04,0.247924,0.25624701,0.247425,0.25393501,0.25393501,1078860456
2019-10-05,0.25360799,0.25650501,0.249384,0.25345701,0.25345701,944304199
2019-10-06,0.253434,0.257705,0.252341,0.257705,0.257705,965338466
2019-10-07,0.25757,0.27909201,0.25562701,0.27568501,0.27568501,1938984643
2019-10-08,0.27582899,0.28356901,0.27174401,0.27845901,0.27845901,1518125769
2019-10-09,0.27839199,0.28372499,0.27491501,0.281627,0.281627,1579225264
2019-10-10,0.281551,0.281551,0.268893,0.272073,0.272073,1383555182
2019-10-11,0.272109,0.27593601,0.26858899,0.271099,0.271099,1265760690
2019-10-12,0.27111501,0.27895999,0.271074,0.273191,0.273191,1100066310
2019-10-13,0.27312899,0.28170499,0.272383,0.27776501,0.27776501,1176911158
2019-10-14,0.27762601,0.29659,0.27666599,0.296523,0.296523,1685629956
2019-10-15,0.29643801,0.29826501,0.284174,0.28870201,0.28870201,1686563830
2019-10-16,0.28889501,0.29208601,0.28096199,0.28464001,0.28464001,1626378642
2019-10-17,0.284556,0.302481,0.282608,0.302315,0.302315,1807694164
2019-10-18,0.30234,0.30234,0.286964,0.29500499,0.29500499,1809664285
2019-10-19,0.29485199,0.299229,0.28990099,0.29302201,0.29302201,1768492071
2019-10-20,0.293042,0.29705101,0.28577301,0.29417899,0.29417899,1804228003
2019-10-21,0.294265,0.29471999,0.28976801,0.292979,0.292979,1609355490
2019-10-22,0.293019,0.30148399,0.29110399,0.29160699,0.29160699,1632212674
2019-10-23,0.291556,0.29273701,0.26008299,0.27414301,0.27414301,2172985938
2019-10-24,0.27410099,0.28128099,0.269274,0.27849099,0.27849099,1638078551
2019-10-25,0.27860701,0.29994699,0.27724001,0.29816499,0.29816499,2486979029
2019-10-26,0.29803899,0.31029001,0.286818,0.293699,0.293699,3122465894
2019-10-27,0.29388601,0.30148101,0.28993499,0.29809999,0.29809999,2237941946
2019-10-28,0.298143,0.30283701,0.293587,0.29600701,0.29600701,2061536473
2019-10-29,0.295991,0.30798399,0.29535699,0.301956,0.301956,2125813360
2019-10-30,0.30191299,0.30518001,0.29240301,0.29655501,0.29655501,1883224296
2019-10-31,0.296527,0.30237901,0.29093799,0.29635799,0.29635799,1666132252
2019-11-01,0.29638901,0.296487,0.288932,0.292642,0.292642,1572251058
2019-11-02,0.29268801,0.29903901,0.292539,0.29626301,0.29626301,1460243469
2019-11-03,0.29627201,0.29717299,0.288818,0.29126099,0.29126099,1381510371
2019-11-04,0.29123601,0.29994899,0.29089299,0.29993701,0.29993701,1647597869
2019-11-05,0.29990599,0.304524,0.29791701,0.30125499,0.30125499,1964177330
2019-11-06,0.301103,0.31160501,0.29873499,0.31008601,0.31008601,1790567871
2019-11-07,0.310175,0.31327799,0.28339499,0.292431,0.292431,2430065390
2019-11-08,0.292438,0.29261199,0.274005,0.27695301,0.27695301,2026687432
2019-11-09,0.27686301,0.282471,0.276328,0.28019601,0.28019601,1449652131
2019-11-10,0.28027299,0.283117,0.276669,0.280204,0.280204,1557437413
2019-11-11,0.280164,0.28172699,0.272008,0.27508599,0.27508599,1437677669
2019-11-12,0.275179,0.277042,0.27078101,0.27241799,0.27241799,1404766289
2019-11-13,0.27237901,0.27566499,0.271303,0.273036,0.273036,1278922350
2019-11-14,0.272903,0.27386799,0.268069,0.27039099,0.27039099,1264478184
2019-11-15,0.27046299,0.27104899,0.25987801,0.26165399,0.26165399,1548251349
2019-11-16,0.26169401,0.265443,0.260609,0.263886,0.263886,1195333401
2019-11-17,0.264009,0.26938501,0.26283199,0.26525301,0.26525301,1273573229
2019-11-18,0.26513699,0.26551399,0.249842,0.25565299,0.25565299,1452996115
2019-11-19,0.25564599,0.25856301,0.246971,0.25650001,0.25650001,1420685334
2019-11-20,0.25654501,0.259139,0.25033101,0.25136399,0.25136399,1319069498
2019-11-21,0.25131601,0.253512,0.240784,0.24376599,0.24376599,1586333624
2019-11-22,0.243775,0.246417,0.225687,0.2316,0.2316,2012230945
2019-11-23,0.231574,0.23618799,0.227707,0.23618799,0.23618799,1480512363
2019-11-24,0.23622701,0.23637301,0.223184,0.223184,0.223184,2932397174
2019-11-25,0.22283199,0.225923,0.207013,0.218622,0.218622,9415068271
2019-11-26,0.218464,0.223212,0.214957,0.22214501,0.22214501,1322723640
2019-11-27,0.221845,0.228498,0.216199,0.225081,0.225081,1608881984
2019-11-28,0.22522099,0.231131,0.224198,0.22457001,0.22457001,1244175231
2019-11-29,0.22462299,0.231636,0.22412901,0.23021699,0.23021699,1325761774
2019-11-30,0.230232,0.233615,0.224546,0.226474,0.226474,1160032624
2019-12-01,0.226466,0.22652499,0.22025301,0.22533301,0.22533301,1176237060
2019-12-02,0.22538599,0.227203,0.217283,0.21958099,0.21958099,1187513777
2019-12-03,0.21951599,0.223179,0.216675,0.21987,0.21987,1017648495
2019-12-04,0.219824,0.22177,0.212603,0.21634801,0.21634801,1427312577
2019-12-05,0.216249,0.226575,0.213965,0.222928,0.222928,1424294121
2019-12-06,0.222959,0.225858,0.22078501,0.22550499,0.22550499,1253702621
2019-12-07,0.225492,0.228891,0.22539,0.22844499,0.22844499,1073561928
2019-12-08,0.228453,0.23373701,0.22626001,0.230435,0.230435,1117646358
2019-12-09,0.230433,0.231324,0.22318301,0.22545201,0.22545201,1241659373
2019-12-10,0.225439,0.22625101,0.221276,0.22430199,0.22430199,1191690782
2019-12-11,0.224241,0.224742,0.22129001,0.22205301,0.22205301,1072062152
2019-12-12,0.222013,0.222692,0.218963,0.219859,0.219859,1287697362
2019-12-13,0.219827,0.221007,0.21693,0.220755,0.220755,1252707498
2019-12-14,0.22074801,0.221742,0.216795,0.217356,0.217356,1078990952
2019-12-15,0.217573,0.220074,0.211347,0.218601,0.218601,1171149673
2019-12-16,0.218647,0.218908,0.206862,0.20722499,0.20722499,1486338425
2019-12-17,0.20718899,0.20765901,0.180494,0.183699,0.183699,2059426123
2019-12-18,0.184613,0.197512,0.17848501,0.19617601,0.19617601,2136022808
2019-12-19,0.196289,0.197257,0.185322,0.190819,0.190819,1588179338
2019-12-20,0.1909,0.19796699,0.186777,0.195316,0.195316,1765470385
2019-12-21,0.19533999,0.196173,0.190614,0.19408201,0.19408201,1208597753
2019-12-22,0.19399901,0.19736999,0.192513,0.196978,0.196978,1261599021
2019-12-23,0.19695801,0.19813401,0.189891,0.190943,0.190943,1402992086
2019-12-24,0.190992,0.196885,0.189908,0.19219799,0.19219799,1255576963
2019-12-25,0.192288,0.19262201,0.188474,0.19071899,0.19071899,1140140919
2019-12-26,0.19055501,0.192518,0.188141,0.190394,0.190394,1177534639
2019-12-27,0.190403,0.192708,0.188502,0.191102,0.191102,1151157499
2019-12-28,0.191063,0.19528601,0.190974,0.193222,0.193222,1168758140
2019-12-29,0.19311599,0.198972,0.192524,0.197051,0.197051,1176573822
2019-12-30,0.197063,0.198716,0.193685,0.194474,0.194474,1247499610
2019-12-31,0.194518,0.194878,0.189969,0.192894,0.192894,1116761075
2020-01-01,0.192912,0.194362,0.19210701,0.19266701,0.19266701,1041134003
2020-01-02,0.192708,0.19289599,0.186947,0.188043,0.188043,1085351426
2020-01-03,0.187948,0.19407,0.185846,0.19352099,0.19352099,1270017043
2020-01-04,0.19352099,0.194653,0.191835,0.194355,0.194355,999331594
2020-01-05,0.19436701,0.199223,0.193884,0.195537,0.195537,1168067557
2020-01-06,0.195536,0.223832,0.195068,0.22150999,0.22150999,2301679290
2020-01-07,0.22157601,0.223386,0.209047,0.213917,0.213917,2237698314
2020-01-08,0.213834,0.216704,0.20521399,0.20902599,0.20902599,1782128652
2020-01-09,0.20911001,0.209142,0.20258901,0.204899,0.204899,1341130889
2020-01-10,0.204908,0.212403,0.20182,0.21230599,0.21230599,1693646276
2020-01-11,0.212097,0.218971,0.210054,0.211851,0.211851,1655817070
2020-01-12,0.21215101,0.216371,0.211533,0.215633,0.215633,1496128430
2020-01-13,0.215624,0.21568701,0.210601,0.21261699,0.21261699,1321442559
2020-01-14,0.21252801,0.241832,0.21237899,0.234687,0.234687,2639844916
2020-01-15,0.234504,0.240997,0.22792,0.232895,0.232895,2590278224
2020-01-16,0.23288099,0.233568,0.22405501,0.22857399,0.22857399,2066952513
2020-01-17,0.228725,0.243156,0.226576,0.238776,0.238776,2418043081
2020-01-18,0.23887999,0.251187,0.23314799,0.243286,0.243286,2391157804
2020-01-19,0.243367,0.249569,0.229278,0.235585,0.235585,2211717302
2020-01-20,0.235384,0.23574799,0.225986,0.23329601,0.23329601,1723535818
2020-01-21,0.23334,0.240264,0.231539,0.237166,0.237166,1701652845
2020-01-22,0.23726299,0.23868901,0.234236,0.236056,0.236056,1517150861
2020-01-23,0.236173,0.236284,0.223069,0.22610401,0.22610401,1600294983
2020-01-24,0.226201,0.22631399,0.215389,0.223041,0.223041,1706347379
2020-01-25,0.223049,0.22315,0.217737,0.22042701,0.22042701,1373179560
2020-01-26,0.22034501,0.231344,0.219327,0.23068599,0.23068599,1583964764
2020-01-27,0.23053201,0.234634,0.226982,0.231222,0.231222,1722593699
2020-01-28,0.231206,0.239931,0.23094501,0.238488,0.238488,2052700894
2020-01-29,0.238691,0.241267,0.235322,0.23573001,0.23573001,1883265674
2020-01-30,0.235607,0.245961,0.231997,0.243642,0.243642,2125017678
2020-01-31,0.243618,0.24427301,0.234905,0.239233,0.239233,1892170752
2020-02-01,0.239191,0.242612,0.237781,0.241455,0.241455,1592451417
2020-02-02,0.241321,0.25925899,0.237002,0.250734,0.250734,2477130012
2020-02-03,0.25057,0.25637001,0.248154,0.25462699,0.25462699,2156814065
2020-02-04,0.25455701,0.26957601,0.24882001,0.266808,0.266808,2900951896
2020-02-05,0.26669201,0.281039,0.26669201,0.277468,0.277468,3332447611
2020-02-06,0.277542,0.28593901,0.27349401,0.28221399,0.28221399,3079150333
2020-02-07,0.28220499,0.28652,0.27784601,0.279284,0.279284,2372731517
2020-02-08,0.278878,0.28048399,0.26757801,0.27724299,0.27724299,2380993304
2020-02-09,0.27709699,0.28723499,0.27644399,0.28245699,0.28245699,2343599758
2020-02-10,0.28248599,0.283315,0.27023101,0.27408001,0.27408001,2403459577
2020-02-11,0.273902,0.28074601,0.26788101,0.280141,0.280141,2383677083
2020-02-12,0.28027201,0.307491,0.279948,0.30439299,0.30439299,4092541037
2020-02-13,0.30419499,0.336142,0.30362201,0.32670599,0.32670599,6473779289
2020-02-14,0.326363,0.33755299,0.31452599,0.334822,0.334822,4476902769
2020-02-15,0.33511901,0.343972,0.30218399,0.306236,0.306236,4282439063
2020-02-16,0.30726501,0.318187,0.278036,0.29503399,0.29503399,4025339058
2020-02-17,0.29462901,0.29521799,0.271382,0.28657201,0.28657201,3690067847
2020-02-18,0.28701001,0.300062,0.27874601,0.29791301,0.29791301,3719318846
2020-02-19,0.29788399,0.30368501,0.27760199,0.27760199,0.27760199,3096501889
2020-02-20,0.27713799,0.281537,0.26732999,0.272396,0.272396,3138024579
2020-02-21,0.27229899,0.27790001,0.27070299,0.27493799,0.27493799,2626495845
2020-02-22,0.275345,0.276968,0.27230501,0.27590099,0.27590099,2190665842
2020-02-23,0.27593899,0.282868,0.27561301,0.282711,0.282711,2313819448
2020-02-24,0.28259,0.283189,0.266478,0.27062699,0.27062699,2472100400
2020-02-25,0.27054101,0.27082399,0.25305101,0.25341201,0.25341201,2590099692
2020-02-26,0.253371,0.25501999,0.22938301,0.23085099,0.23085099,3273784862
2020-02-27,0.23109201,0.24619,0.226173,0.23711599,0.23711599,2775673347
2020-02-28,0.237111,0.24324401,0.230776,0.236296,0.236296,2468502732
2020-02-29,0.23652101,0.241962,0.23119301,0.23119301,0.23119301,2061348763
2020-03-01,0.231105,0.235818,0.22570699,0.228846,0.228846,2086828072
2020-03-02,0.228935,0.24034899,0.227327,0.238747,0.238747,2466061224
2020-03-03,0.23866899,0.23875301,0.23198999,0.23438101,0.23438101,2524293730
2020-03-04,0.23454501,0.23796099,0.23182601,0.23453,0.23453,2280839542
2020-03-05,0.23455501,0.24287,0.23455501,0.239582,0.239582,2299594699
2020-03-06,0.23949,0.24592,0.239113,0.24408799,0.24408799,2423236344
2020-03-07,0.24397001,0.244635,0.23702399,0.23707099,0.23707099,2109420975
2020-03-08,0.23711,0.23711,0.206826,0.20690399,0.20690399,2627253062
2020-03-09,0.20668299,0.211439,0.20074099,0.209181,0.209181,2796925948
2020-03-10,0.209721,0.215253,0.20658401,0.212235,0.212235,2317233373
2020-03-11,0.212293,0.21344499,0.201465,0.208096,0.208096,2130165442
2020-03-12,0.208205,0.209124,0.139635,0.139635,0.139635,3547958418
2020-03-13,0.140524,0.164772,0.115093,0.159352,0.159352,5160523077
2020-03-14,0.15924001,0.160035,0.145685,0.147292,0.147292,2310448365
2020-03-15,0.147293,0.16215,0.146127,0.15390199,0.15390199,2197842519
2020-03-16,0.15388501,0.15388501,0.13322,0.141063,0.141063,2646513874
2020-03-17,0.140982,0.15096401,0.140982,0.14452399,0.14452399,2134494360
2020-03-18,0.144673,0.146911,0.140783,0.14309999,0.14309999,1964626837
2020-03-19,0.143159,0.17047501,0.14313,0.16503701,0.16503701,2590533670
2020-03-20,0.16509201,0.173812,0.149187,0.156868,0.156868,2946481356
2020-03-21,0.15671501,0.16054399,0.15364701,0.158179,0.158179,2068099167
2020-03-22,0.158121,0.16110601,0.14962099,0.150214,0.150214,1864979798
2020-03-23,0.149929,0.157933,0.14918999,0.157419,0.157419,2117431211
2020-03-24,0.157574,0.16349301,0.15682399,0.162255,0.162255,2155981658
2020-03-25,0.16229001,0.163891,0.15863401,0.161633,0.161633,2096308696
2020-03-26,0.16168,0.175916,0.160422,0.175019,0.175019,2236102811
2020-03-27,0.17500301,0.18638501,0.170564,0.176195,0.176195,2849306896
2020-03-28,0.17593201,0.17947499,0.16756099,0.17578299,0.17578299,2689925753
2020-03-29,0.17568,0.176066,0.163225,0.163829,0.163829,1996124443
2020-03-30,0.163762,0.17417,0.163176,0.172171,0.172171,2131319206
2020-03-31,0.172134,0.177883,0.17154901,0.17456301,0.17456301,2101862050
2020-04-01,0.17431501,0.17532299,0.16913401,0.17532299,0.17532299,2053108172
2020-04-02,0.17518,0.183321,0.17431,0.17863999,0.17863999,2352651038
2020-04-03,0.17876901,0.18272801,0.17688601,0.17946699,0.17946699,2106869711
2020-04-04,0.179612,0.1823,0.178305,0.181732,0.181732,1793826153
2020-04-05,0.18176401,0.181996,0.177277,0.179406,0.179406,1660971367
2020-04-06,0.179628,0.19586501,0.179359,0.19550601,0.19550601,2529832372
2020-04-07,0.195686,0.203868,0.19120701,0.192093,0.192093,2626151910
2020-04-08,0.192137,0.20127501,0.19140799,0.20086899,0.20086899,2091042647
2020-04-09,0.200973,0.201336,0.195926,0.198257,0.198257,1878628668
2020-04-10,0.198156,0.198783,0.183706,0.187464,0.187464,2105282079
2020-04-11,0.187451,0.192394,0.186113,0.188063,0.188063,1847482831
2020-04-12,0.18822899,0.193848,0.187617,0.190135,0.190135,2087857417
2020-04-13,0.190533,0.190533,0.18180799,0.187732,0.187732,2253497429
2020-04-14,0.18780801,0.18898501,0.18426199,0.185335,0.185335,1889687587
2020-04-15,0.18536,0.189266,0.181155,0.18127,0.18127,1963736221
2020-04-16,0.181254,0.19123501,0.177414,0.19010399,0.19010399,2610251456
2020-04-17,0.19025201,0.19200601,0.18761399,0.190202,0.190202,1887808776
2020-04-18,0.18991099,0.195356,0.18982001,0.194925,0.194925,1918245143
2020-04-19,0.195004,0.196344,0.19079299,0.190859,0.190859,1904866741
2020-04-20,0.19082101,0.19490001,0.181831,0.18348999,0.18348999,2364973860
2020-04-21,0.183337,0.185644,0.182762,0.184328,0.184328,1912728846
2020-04-22,0.184175,0.189676,0.18312,0.18797,0.18797,1783803231
2020-04-23,0.18788899,0.19479001,0.186766,0.19171099,0.19171099,2271111354
2020-04-24,0.19187599,0.196722,0.19171,0.193665,0.193665,1853837706
2020-04-25,0.193685,0.196545,0.19314,0.19505399,0.19505399,1648491142
2020-04-26,0.195033,0.19721501,0.19450399,0.196805,0.196805,1692427521
2020-04-27,0.19670001,0.199275,0.195437,0.197978,0.197978,1792695610
2020-04-28,0.198046,0.218108,0.196372,0.21548399,0.21548399,2515531348
2020-04-29,0.215562,0.229627,0.21343599,0.227432,0.227432,3041995823
2020-04-30,0.22716901,0.23570301,0.211577,0.212761,0.212761,3145263527
2020-05-01,0.21285801,0.22477099,0.212795,0.219248,0.219248,2306876493
2020-05-02,0.219275,0.22560599,0.21724799,0.223914,0.223914,2170661654
2020-05-03,0.22406401,0.22634,0.217737,0.219414,0.219414,2182399826
2020-05-04,0.219451,0.220608,0.21059801,0.218963,0.218963,2462194723
2020-05-05,0.21890999,0.221752,0.215441,0.216463,0.216463,2104127661
2020-05-06,0.21628401,0.22233801,0.21521001,0.21521001,0.21521001,2159327467
2020-05-07,0.215492,0.220939,0.21303999,0.218917,0.218917,2582702615
2020-05-08,0.21883699,0.221909,0.215489,0.219827,0.219827,2460030844
2020-05-09,0.21966299,0.224728,0.216803,0.216902,0.216902,2543805062
2020-05-10,0.217133,0.217133,0.190549,0.198176,0.198176,3067472277
2020-05-11,0.198162,0.200186,0.188483,0.19406401,0.19406401,2470709527
2020-05-12,0.194241,0.199801,0.192729,0.19763701,0.19763701,2056508741
2020-05-13,0.197561,0.203411,0.19660699,0.20148,0.20148,1947109951
2020-05-14,0.201341,0.204586,0.199653,0.20312899,0.20312899,2154131805
2020-05-15,0.20294,0.203416,0.197301,0.198911,0.198911,2046326382
2020-05-16,0.199081,0.20210101,0.197924,0.200032,0.200032,1794850124
2020-05-17,0.200536,0.203872,0.19971301,0.20125499,0.20125499,1752063749
2020-05-18,0.201353,0.20632499,0.201024,0.205176,0.205176,1968537517
2020-05-19,0.20525099,0.205327,0.201947,0.204028,0.204028,1973351018
2020-05-20,0.203935,0.20562799,0.20024499,0.20170701,0.20170701,1933723829
2020-05-21,0.201832,0.202703,0.191448,0.195509,0.195509,1753934487
2020-05-22,0.195535,0.201745,0.193609,0.200343,0.200343,1852264124
2020-05-23,0.200418,0.20176899,0.19766399,0.198856,0.198856,1459815520
2020-05-24,0.198911,0.201453,0.19540299,0.19543099,0.19543099,1447641496
2020-05-25,0.19528501,0.197629,0.192201,0.197327,0.197327,1671594106
2020-05-26,0.197273,0.197611,0.193404,0.193975,0.193975,1585691777
2020-05-27,0.19392,0.19882099,0.193764,0.19785701,0.19785701,1535112977
2020-05-28,0.197924,0.200902,0.195621,0.20059501,0.20059501,1615654544
2020-05-29,0.20066901,0.20282701,0.197129,0.198348,0.198348,1477357235
2020-05-30,0.198349,0.20647401,0.196925,0.20622,0.20622,1683149544
2020-05-31,0.206236,0.211519,0.201749,0.202906,0.202906,1737139256
2020-06-01,0.202834,0.210731,0.202112,0.21024901,0.21024901,1702904267
2020-06-02,0.210182,0.21433499,0.20069601,0.202764,0.202764,1850078103
2020-06-03,0.20290101,0.204478,0.20127,0.20366301,0.20366301,1335828090
2020-06-04,0.203719,0.206494,0.201864,0.204982,0.204982,1368430496
2020-06-05,0.205044,0.206744,0.202069,0.204092,0.204092,1264429379
2020-06-06,0.204208,0.20500199,0.20243201,0.203142,0.203142,1048611012
2020-06-07,0.20318,0.20467401,0.199672,0.203449,0.203449,1141964765
2020-06-08,0.203426,0.20417801,0.201667,0.203771,0.203771,1042709461
2020-06-09,0.20380899,0.204555,0.200992,0.202013,0.202013,1108186467
2020-06-10,0.201976,0.203485,0.20059,0.20293801,0.20293801,1106635421
2020-06-11,0.202916,0.203701,0.18952,0.19018,0.19018,1354031836
2020-06-12,0.190165,0.19627699,0.188858,0.19394299,0.19394299,1157151094
2020-06-13,0.19398899,0.194205,0.189932,0.193106,0.193106,1050423848
2020-06-14,0.193179,0.19366699,0.191067,0.191617,0.191617,1023497502
2020-06-15,0.191617,0.19375201,0.183816,0.193074,0.193074,1315332448
2020-06-16,0.193064,0.19327,0.190029,0.19130699,0.19130699,1158919075
2020-06-17,0.191496,0.1973,0.19030599,0.193443,0.193443,1323161116
2020-06-18,0.193455,0.19345701,0.18962599,0.19095699,0.19095699,1045504279
2020-06-19,0.190924,0.191168,0.186534,0.18679,0.18679,1097387856
2020-06-20,0.18679,0.189806,0.186086,0.1885,0.1885,966690908
2020-06-21,0.18846799,0.18910301,0.18550099,0.18561,0.18561,893641269
2020-06-22,0.185665,0.19008,0.18559401,0.189272,0.189272,1209278721
2020-06-23,0.18929499,0.189973,0.187062,0.18867999,0.18867999,1093605185
2020-06-24,0.18870001,0.19085699,0.18305001,0.18427201,0.18427201,1138044691
2020-06-25,0.184076,0.184982,0.18095601,0.18357,0.18357,1055030012
2020-06-26,0.18347199,0.185867,0.17989799,0.182671,0.182671,1269492277
2020-06-27,0.18309601,0.185064,0.17448901,0.176851,0.176851,1142888783
2020-06-28,0.176872,0.18051,0.175249,0.177692,0.177692,1139431604
2020-06-29,0.17764799,0.17955901,0.17624301,0.177959,0.177959,1164729579
2020-06-30,0.177701,0.17835499,0.175005,0.17587,0.17587,1010363683
2020-07-01,0.17575,0.178491,0.174703,0.176976,0.176976,1115989502
2020-07-02,0.177155,0.17833801,0.174234,0.17724399,0.17724399,1053683055
2020-07-03,0.177265,0.178443,0.17512999,0.17633601,0.17633601,976699960
2020-07-04,0.17626201,0.17967901,0.17619599,0.177984,0.177984,1000145449
2020-07-05,0.17791399,0.178729,0.17478999,0.177017,0.177017,969679447
2020-07-06,0.177017,0.18914799,0.17647099,0.188567,0.188567,1423923826
2020-07-07,0.188567,0.189005,0.182713,0.18478701,0.18478701,1067033698
2020-07-08,0.18481401,0.205727,0.1842,0.20469201,0.20469201,1878269321
2020-07-09,0.20459799,0.210292,0.19856,0.20291001,0.20291001,1809158571
2020-07-10,0.202842,0.202842,0.19331799,0.198652,0.198652,1161794555
2020-07-11,0.198724,0.20361,0.19864,0.201197,0.201197,996288334
2020-07-12,0.201217,0.203251,0.19836099,0.20053799,0.20053799,850245455
2020-07-13,0.20053799,0.20516101,0.19594,0.198575,0.198575,1197056593
2020-07-14,0.198495,0.19955599,0.195536,0.198809,0.198809,1197284578
2020-07-15,0.198774,0.199623,0.196693,0.197111,0.197111,1067413757
2020-07-16,0.19702099,0.19741599,0.190181,0.194048,0.194048,1055841762
2020-07-17,0.194051,0.197143,0.191723,0.194281,0.194281,936113620
2020-07-18,0.19434901,0.201602,0.193937,0.199341,0.199341,870207693
2020-07-19,0.199404,0.201336,0.196133,0.19913501,0.19913501,828392852
2020-07-20,0.19914199,0.199775,0.19370399,0.19506501,0.19506501,848780531
2020-07-21,0.19487099,0.200471,0.19400799,0.19898801,0.19898801,928954951
2020-07-22,0.199029,0.203739,0.19688299,0.20334201,0.20334201,935529987
2020-07-23,0.20333099,0.209244,0.201667,0.207578,0.207578,1443659224
2020-07-24,0.20781399,0.208013,0.202637,0.20404901,0.20404901,1294356195
2020-07-25,0.203959,0.216598,0.203757,0.214102,0.214102,1225769666
2020-07-26,0.213994,0.224031,0.21279199,0.214982,0.214982,1448138807
2020-07-27,0.214948,0.227415,0.211676,0.223672,0.223672,1762737985
2020-07-28,0.22388899,0.233693,0.217894,0.230277,0.230277,1754695828
2020-07-29,0.230148,0.24935301,0.230079,0.243099,0.243099,2022835116
2020-07-30,0.24325401,0.248586,0.238768,0.24452201,0.24452201,1650758400
2020-07-31,0.24464899,0.259601,0.2422,0.25890401,0.25890401,1854522560
2020-08-01,0.25890401,0.29575899,0.255844,0.289529,0.289529,3167874461
2020-08-02,0.28974199,0.322561,0.27559301,0.28706199,0.28706199,4780736538
2020-08-03,0.28749001,0.31886601,0.28518999,0.30994001,0.30994001,3340814994
2020-08-04,0.309935,0.31829599,0.29403001,0.300493,0.300493,2746437659
2020-08-05,0.30078301,0.30787399,0.29271999,0.30331099,0.30331099,2048410252
2020-08-06,0.30314201,0.31006199,0.29833901,0.30358401,0.30358401,1946386689
2020-08-07,0.303464,0.309324,0.28732899,0.294664,0.294664,4278382957
2020-08-08,0.29490501,0.29872799,0.29125199,0.29402199,0.29402199,1355768291
2020-08-09,0.29461801,0.29806101,0.28392401,0.28865299,0.28865299,1391288259
2020-08-10,0.288569,0.29940501,0.288569,0.29465899,0.29465899,2108627560
2020-08-11,0.29468301,0.305783,0.27460301,0.28444901,0.28444901,4542499150
2020-08-12,0.284376,0.28984901,0.27419099,0.28492999,0.28492999,2001506679
2020-08-13,0.28492999,0.29818201,0.27435401,0.29780701,0.29780701,2061442814
2020-08-14,0.29753301,0.30637401,0.29385301,0.30037099,0.30037099,2246050523
2020-08-15,0.300246,0.30418801,0.294891,0.29966101,0.29966101,2260353636
2020-08-16,0.29976699,0.304052,0.29428899,0.30349201,0.30349201,2078824448
2020-08-17,0.30364099,0.32440299,0.29866001,0.314767,0.314767,3001054633
2020-08-18,0.31421801,0.32040599,0.30184299,0.303307,0.303307,2126503478
2020-08-19,0.30351299,0.30554,0.28247401,0.29024601,0.29024601,2163768928
2020-08-20,0.290301,0.294099,0.28607801,0.292573,0.292573,1749934412
2020-08-21,0.29246801,0.29551801,0.280258,0.280682,0.280682,1833818566
2020-08-22,0.280635,0.28654599,0.27589601,0.28654599,0.28654599,1417207522
2020-08-23,0.286358,0.287276,0.27882901,0.285386,0.285386,1183627267
2020-08-24,0.28527799,0.29131201,0.283117,0.289215,0.289215,1237229520
2020-08-25,0.28904399,0.28957099,0.27331099,0.27792701,0.27792701,1403395912
2020-08-26,0.277693,0.28013599,0.274876,0.277491,0.277491,1194610015
2020-08-27,0.27735999,0.27868801,0.25751299,0.26451099,0.26451099,1471948899
2020-08-28,0.264658,0.27330199,0.261309,0.272046,0.272046,1178427813
2020-08-29,0.27200899,0.27683899,0.269447,0.274497,0.274497,1053592719
2020-08-30,0.27456799,0.28359699,0.27435699,0.283034,0.283034,1202203314
2020-08-31,0.28306499,0.28451201,0.278658,0.281766,0.281766,1209798563
2020-09-01,0.28161201,0.29821301,0.278456,0.29569599,0.29569599,1730740377
2020-09-02,0.29561201,0.30321401,0.269151,0.27646101,0.27646101,1985414445
2020-09-03,0.276636,0.27672601,0.245419,0.24658,0.24658,1847290355
2020-09-04,0.24672601,0.266139,0.24430101,0.25588301,0.25588301,1924234480
2020-09-05,0.255808,0.259606,0.23381101,0.237692,0.237692,2160621038
2020-09-06,0.237692,0.24373201,0.231323,0.240731,0.240731,1752405005
2020-09-07,0.240812,0.243432,0.23128501,0.242174,0.242174,1773175897
2020-09-08,0.242029,0.243872,0.232833,0.236753,0.236753,1618416970
2020-09-09,0.23672301,0.243213,0.234273,0.239609,0.239609,1203137131
2020-09-10,0.23968901,0.249185,0.23957001,0.24353001,0.24353001,1353359148
2020-09-11,0.24353001,0.24481501,0.23751999,0.243292,0.243292,1096662166
2020-09-12,0.243055,0.248752,0.24181999,0.247814,0.247814,1043746083
2020-09-13,0.247814,0.25313601,0.238857,0.24180099,0.24180099,1163182194
2020-09-14,0.241804,0.24982201,0.24032199,0.246327,0.246327,1195994290
2020-09-15,0.24626499,0.249245,0.24339201,0.24384999,0.24384999,1245531094
2020-09-16,0.24401,0.250974,0.236727,0.24784701,0.24784701,1421286455
2020-09-17,0.247743,0.25819001,0.247218,0.25219399,0.25219399,1735400721
2020-09-18,0.25228399,0.255716,0.247091,0.250707,0.250707,1282349756
2020-09-19,0.25053,0.25410101,0.24835899,0.25171599,0.25171599,1043485055
2020-09-20,0.251663,0.251663,0.243716,0.24674299,0.24674299,1091283585
2020-09-21,0.24681801,0.24811,0.230479,0.23213799,0.23213799,1718957623
2020-09-22,0.231848,0.234743,0.23023701,0.233417,0.233417,1019583831
2020-09-23,0.23328701,0.23504101,0.22113,0.221221,0.221221,1646803535
2020-09-24,0.22167499,0.233687,0.220331,0.232905,0.232905,1937069766
2020-09-25,0.23292799,0.24432901,0.230322,0.24192201,0.24192201,1770527280
2020-09-26,0.241852,0.245553,0.238702,0.24216001,0.24216001,1589059311
2020-09-27,0.24179199,0.244359,0.238526,0.242755,0.242755,1388129507
2020-09-28,0.243334,0.247687,0.241593,0.241862,0.241862,1722817156
2020-09-29,0.24126901,0.24655201,0.23903801,0.243177,0.243177,1630882291
2020-09-30,0.24307001,0.24307001,0.23885401,0.24178401,0.24178401,1571088310
2020-10-01,0.241969,0.244645,0.234942,0.238249,0.238249,1725071846
2020-10-02,0.238297,0.239306,0.22982299,0.234117,0.234117,1849001296
2020-10-03,0.234161,0.234972,0.23293801,0.23293801,0.23293801,1261839176
2020-10-04,0.233072,0.25013801,0.23221,0.247685,0.247685,1885456462
2020-10-05,0.24819,0.25369099,0.247091,0.25081599,0.25081599,2159900755
2020-10-06,0.25083399,0.25877699,0.242357,0.245341,0.245341,3068832281
2020-10-07,0.245435,0.25121099,0.241714,0.248539,0.248539,1894313447
2020-10-08,0.248887,0.252821,0.24291401,0.251454,0.251454,1984994731
2020-10-09,0.25144899,0.25667799,0.24998,0.25349101,0.25349101,2104833281
2020-10-10,0.253227,0.25977299,0.253144,0.25429001,0.25429001,1957706164
2020-10-11,0.25420099,0.25818899,0.25382301,0.25571901,0.25571901,1851962086
2020-10-12,0.25566801,0.258219,0.25017199,0.256446,0.256446,2117892928
2020-10-13,0.25635099,0.26004899,0.253335,0.25632301,0.25632301,2098212018
2020-10-14,0.25672701,0.25839299,0.246683,0.249448,0.249448,1954936434
2020-10-15,0.249406,0.250278,0.244011,0.24594,0.24594,1652788747
2020-10-16,0.246058,0.24759001,0.2385,0.24044301,0.24044301,1656312547
2020-10-17,0.240541,0.24271899,0.239218,0.240931,0.240931,1173505925
2020-10-18,0.24085,0.24341901,0.24057101,0.24222501,0.24222501,1238720802
2020-10-19,0.24230801,0.24947099,0.24049699,0.24596401,0.24596401,1435700560
2020-10-20,0.24592701,0.2494,0.242562,0.243573,0.243573,1526376279
2020-10-21,0.243485,0.255227,0.24317899,0.25161499,0.25161499,2306399543
2020-10-22,0.251335,0.26346299,0.25123301,0.256807,0.256807,2827483708
2020-10-23,0.25732601,0.25930601,0.25071299,0.254879,0.254879,2125734863
2020-10-24,0.254879,0.25764501,0.252832,0.25643101,0.25643101,1590424952
2020-10-25,0.25643101,0.25714701,0.25174499,0.25321299,0.25321299,1484930709
2020-10-26,0.25321299,0.25840801,0.244082,0.248688,0.248688,2390566065
2020-10-27,0.248688,0.253874,0.248097,0.25289899,0.25289899,2273574015
2020-10-28,0.2529,0.25639299,0.244608,0.245865,0.245865,2375598739
2020-10-29,0.245865,0.246996,0.240312,0.242295,0.242295,5451698743
2020-10-30,0.242292,0.244,0.23282801,0.23918401,0.23918401,2364402263
2020-10-31,0.239188,0.243219,0.237749,0.23974399,0.23974399,2100764094
2020-11-01,0.239739,0.24132,0.237094,0.239797,0.239797,1855741696
2020-11-02,0.239804,0.244259,0.233769,0.235421,0.235421,2412875798
2020-11-03,0.23542,0.242128,0.228772,0.23951,0.23951,3052524907
2020-11-04,0.23951,0.24039,0.23338801,0.237793,0.237793,3335786074
2020-11-05,0.237799,0.24704599,0.23755801,0.245776,0.245776,2949508995
2020-11-06,0.24577001,0.26080501,0.245307,0.25844499,0.25844499,3282591092
2020-11-07,0.25844499,0.266417,0.24558499,0.24958199,0.24958199,3395345984
2020-11-08,0.24958199,0.256735,0.247913,0.253939,0.253939,2364742336
2020-11-09,0.253939,0.25606999,0.246115,0.25074801,0.25074801,3079413903
2020-11-10,0.25075299,0.26429701,0.248724,0.25391099,0.25391099,3488798458
2020-11-11,0.25391099,0.25972399,0.25284201,0.25625899,0.25625899,2811079099
2020-11-12,0.25625801,0.25808099,0.252839,0.25490299,0.25490299,2443233108
2020-11-13,0.25490299,0.265679,0.25409099,0.26519099,0.26519099,2989109717
2020-11-14,0.26519099,0.27701399,0.262454,0.26834199,0.26834199,4433908911
2020-11-15,0.26834199,0.276618,0.26464501,0.269642,0.269642,3613774298
2020-11-16,0.26964101,0.288008,0.268053,0.28551999,0.28551999,4105697051
2020-11-17,0.291796,0.30440199,0.29111299,0.30240801,0.30240801,6002566535
2020-11-18,0.30239701,0.30727699,0.28382799,0.294222,0.294222,5684799554
2020-11-19,0.294222,0.30650499,0.28464299,0.30376601,0.30376601,5230574728
2020-11-20,0.30376601,0.329393,0.29820299,0.32806799,0.32806799,6283633942
2020-11-21,0.32806799,0.46305701,0.32806799,0.45834401,0.45834401,16206296041
2020-11-22,0.45834401,0.49190199,0.41325599,0.44369999,0.44369999,19097682286
2020-11-23,0.443701,0.61496902,0.43473199,0.61398,0.61398,20715303968
2020-11-24,0.61419302,0.76801902,0.57790601,0.69210303,0.69210303,32826193388
2020-11-25,0.69215399,0.71985698,0.59654802,0.63548303,0.63548303,23569614498
2020-11-26,0.63489199,0.64973003,0.46214101,0.53301901,0.53301901,23673915793
2020-11-27,0.53338301,0.58586502,0.50871402,0.559268,0.559268,18713160692
2020-11-28,0.55967498,0.64455003,0.54263997,0.62562197,0.62562197,17173561815
2020-11-29,0.62574202,0.63451302,0.58836299,0.60624599,0.60624599,15391721339
2020-11-30,0.60628903,0.67217898,0.600425,0.66433698,0.66433698,17398359053
2020-12-01,0.66451502,0.67915797,0.59434801,0.61292303,0.61292303,16985355820
2020-12-02,0.61299199,0.63589698,0.59863597,0.629893,0.629893,12874875863
2020-12-03,0.62999499,0.640333,0.61617303,0.63148302,0.63148302,9884297219
2020-12-04,0.63146901,0.632967,0.54668701,0.557262,0.557262,9629062989
2020-12-05,0.55708802,0.59583902,0.55178499,0.58442098,0.58442098,8565677726
2020-12-06,0.58441401,0.62587798,0.58151603,0.61985099,0.61985099,10280250882
2020-12-07,0.61971402,0.622832,0.59281898,0.60893399,0.60893399,7718537440
2020-12-08,0.60885799,0.61016101,0.55457002,0.55883598,0.55883598,8302771172
2020-12-09,0.558667,0.60193902,0.505983,0.58358997,0.58358997,12648574700
2020-12-10,0.58365703,0.58685601,0.55616897,0.572954,0.572954,9695432997
2020-12-11,0.573062,0.58369303,0.53138298,0.54648298,0.54648298,10708202570
2020-12-12,0.54631603,0.54631603,0.487353,0.506401,0.506401,10925057158
2020-12-13,0.50667799,0.52696002,0.48728201,0.511464,0.511464,8534780504
2020-12-14,0.511608,0.51714098,0.49016801,0.49771199,0.49771199,7110439196
2020-12-15,0.497688,0.50660998,0.465994,0.46970999,0.46970999,9052977849
2020-12-16,0.469677,0.56877202,0.44202799,0.56862801,0.56862801,15158282218
2020-12-17,0.568488,0.65390903,0.54641902,0.57667702,0.57667702,21429914951
2020-12-18,0.57673901,0.61036098,0.552338,0.58428001,0.58428001,14936843250
2020-12-19,0.58420002,0.60196102,0.56803203,0.57916301,0.57916301,11188586674
2020-12-20,0.57898998,0.58557898,0.53851002,0.55605799,0.55605799,9611613770
2020-12-21,0.55596101,0.56776702,0.50285703,0.51694399,0.51694399,9852685075
2020-12-22,0.516792,0.52159899,0.41055101,0.448448,0.448448,15134323976
2020-12-23,0.44796601,0.44796601,0.22136299,0.25860199,0.25860199,19793483656
2020-12-24,0.25911301,0.36762401,0.243742,0.33781901,0.33781901,16742652289
2020-12-25,0.337331,0.38060299,0.28517401,0.31809101,0.31809101,16321189804
2020-12-26,0.31807399,0.32231399,0.28718299,0.29471299,0.29471299,9984475081
2020-12-27,0.29475799,0.307464,0.270248,0.283039,0.283039,9250325478
2020-12-28,0.28336599,0.306016,0.23941299,0.247958,0.247958,8389871765
2020-12-29,0.247673,0.248318,0.174831,0.220962,0.220962,12970077098
2020-12-30,0.220902,0.23536,0.19467001,0.21182799,0.21182799,8894036560
2020-12-31,0.211787,0.227613,0.20646501,0.219846,0.219846,5363979601
2021-01-01,0.219845,0.24927001,0.217288,0.237444,0.237444,5888429287
2021-01-02,0.23767,0.238388,0.21581601,0.221655,0.221655,4773658725
2021-01-03,0.221744,0.23774099,0.217167,0.225848,0.225848,5109898871
2021-01-04,0.22603799,0.256477,0.219722,0.23667701,0.23667701,6141918380
2021-01-05,0.236636,0.24125101,0.22160199,0.22675,0.22675,5378491929
2021-01-06,0.22686601,0.26915801,0.223464,0.25089499,0.25089499,7552726810
2021-01-07,0.25092599,0.36529601,0.24781001,0.326002,0.326002,15955049240
2021-01-08,0.32608899,0.345916,0.29153901,0.32323,0.32323,9825829516
2021-01-09,0.323156,0.33985901,0.307895,0.32691601,0.32691601,7184429145
2021-01-10,0.32683301,0.36522099,0.29215899,0.31833601,0.31833601,9647740012
2021-01-11,0.31794101,0.31794101,0.25946799,0.28890499,0.28890499,9787288503
2021-01-12,0.28867701,0.30992401,0.27937001,0.29212299,0.29212299,6557418314
2021-01-13,0.29202801,0.30879799,0.28688899,0.30557999,0.30557999,4831812051
2021-01-14,0.305536,0.30834299,0.28421101,0.29543799,0.29543799,5277189444
2021-01-15,0.295569,0.30175701,0.26474699,0.280406,0.280406,4955409029
2021-01-16,0.280292,0.29519099,0.27700999,0.28018799,0.28018799,4116256007
2021-01-17,0.280067,0.28526801,0.270652,0.27738401,0.27738401,3488557208
2021-01-18,0.277372,0.287624,0.27263701,0.284769,0.284769,3239112861
2021-01-19,0.28482601,0.326188,0.283997,0.294314,0.294314,5583136814
2021-01-20,0.29421899,0.30862099,0.281986,0.296518,0.296518,4528341598
2021-01-21,0.29646599,0.306218,0.26312399,0.26894599,0.26894599,4453463443
2021-01-22,0.268776,0.277843,0.24491701,0.27279899,0.27279899,4501765714
2021-01-23,0.27261099,0.28262299,0.26697901,0.27182099,0.27182099,3018882841
2021-01-24,0.27184001,0.27742499,0.27021599,0.273509,0.273509,2472431875
2021-01-25,0.27347299,0.282417,0.26879999,0.26908901,0.26908901,2925493997
2021-01-26,0.26904899,0.27110401,0.25970799,0.26882699,0.26882699,2790821503
2021-01-27,0.26885599,0.26897201,0.24553201,0.25194299,0.25194299,2940937079
2021-01-28,0.25191501,0.26900899,0.248786,0.26412201,0.26412201,2793379611
2021-01-29,0.27052999,0.31019399,0.260488,0.282188,0.282188,8031899348
2021-01-30,0.282152,0.489346,0.279825,0.44024399,0.44024399,24417465997
2021-01-31,0.437832,0.49970201,0.389498,0.49231401,0.49231401,24394851756
2021-02-01,0.49251199,0.74482101,0.36069301,0.37150899,0.37150899,34974233953
2021-02-02,0.37052,0.404264,0.34426901,0.36927,0.36927,12756138062
2021-02-03,0.36936399,0.40806201,0.36936399,0.39348999,0.39348999,8672301822
2021-02-04,0.39341101,0.47230601,0.379181,0.44644901,0.44644901,13193400182
2021-02-05,0.44532499,0.46470499,0.425102,0.45004699,0.45004699,10229060640
2021-02-06,0.45015699,0.45228201,0.42671001,0.439096,0.439096,7625571666
2021-02-07,0.43912801,0.445519,0.39876699,0.41795799,0.41795799,7495069765
2021-02-08,0.417766,0.459916,0.41271901,0.44770199,0.44770199,8180714581
2021-02-09,0.44765899,0.48519099,0.44757,0.471991,0.471991,9634769935
2021-02-10,0.471919,0.534105,0.46599001,0.50344503,0.50344503,13793347172
2021-02-11,0.50305301,0.52761698,0.501136,0.52478701,0.52478701,8979459920
2021-02-12,0.52462697,0.61263001,0.51826501,0.60859197,0.60859197,13950086407
2021-02-13,0.608105,0.63703501,0.549918,0.62899601,0.62899601,14161115005
2021-02-14,0.62844998,0.63238603,0.567155,0.59419298,0.59419298,10460949240
2021-02-15,0.59345299,0.600052,0.52156401,0.54891503,0.54891503,10563510365
2021-02-16,0.54859501,0.57731497,0.49003801,0.52084601,0.52084601,10310430732
2021-02-17,0.52079803,0.55436099,0.497116,0.535537,0.535537,9332962077
2021-02-18,0.53509802,0.55864102,0.52387202,0.53243297,0.53243297,5621706995
2021-02-19,0.53257,0.57908398,0.52065498,0.56701899,0.56701899,6896487164
2021-02-20,0.56688303,0.58242399,0.48243999,0.51751202,0.51751202,7892199926
2021-02-21,0.51687902,0.55836701,0.50846398,0.54856002,0.54856002,6569716153
2021-02-22,0.54832399,0.63985097,0.520069,0.57174098,0.57174098,18769236632
2021-02-23,0.57098901,0.57098901,0.379302,0.47356299,0.47356299,14359021786
2021-02-24,0.47420099,0.49937001,0.454759,0.47183201,0.47183201,8015468859
2021-02-25,0.47177601,0.482517,0.42910299,0.434524,0.434524,5952353924
2021-02-26,0.43494099,0.45043999,0.41555899,0.42789999,0.42789999,6476253874
2021-02-27,0.42790401,0.457596,0.42790401,0.43780899,0.43780899,4756622833
2021-02-28,0.43776399,0.43944001,0.397699,0.41495299,0.41495299,4325860134
2021-03-01,0.41510901,0.45134801,0.413587,0.44724399,0.44724399,3547533777
2021-03-02,0.44649601,0.45476401,0.42484301,0.43683699,0.43683699,3388591213
2021-03-03,0.436903,0.46665201,0.43352601,0.450279,0.450279,3304301858
2021-03-04,0.45006001,0.49314201,0.438003,0.48660499,0.48660499,6027421637
2021-03-05,0.48583099,0.48583099,0.44994801,0.458119,0.458119,4288262516
2021-03-06,0.45786399,0.47068799,0.45249501,0.46510601,0.46510601,2758849692
2021-03-07,0.465094,0.46928599,0.45986599,0.466867,0.466867,2364586464
2021-03-08,0.46688801,0.485989,0.45731899,0.47359699,0.47359699,3587390975
2021-03-09,0.47374499,0.48598799,0.472442,0.48598799,0.48598799,3020728025
2021-03-10,0.48590299,0.487647,0.45883101,0.463166,0.463166,3271277631
2021-03-11,0.46304899,0.46428201,0.44301701,0.45296001,0.45296001,3186670815
2021-03-12,0.45299101,0.46369401,0.43301499,0.441131,0.441131,3326213717
2021-03-13,0.441109,0.46482399,0.43552199,0.45992401,0.45992401,3212270555
2021-03-14,0.459631,0.46209201,0.442112,0.442112,0.442112,2509435800
2021-03-15,0.44208699,0.44831401,0.42654699,0.43755499,0.43755499,3116009271
2021-03-16,0.43745399,0.51495898,0.430078,0.46259999,0.46259999,7382009786
2021-03-17,0.46282199,0.48331201,0.45706099,0.472417,0.472417,4341765347
2021-03-18,0.47238299,0.49080899,0.455836,0.47291899,0.47291899,3265976425
2021-03-19,0.47279701,0.47838801,0.46343201,0.47117099,0.47117099,2626051305
2021-03-20,0.47110501,0.55292898,0.47016099,0.52699101,0.52699101,6757879312
2021-03-21,0.52741599,0.546377,0.499928,0.519835,0.519835,5539749484
2021-03-22,0.51981002,0.60261798,0.50547099,0.54994202,0.54994202,9732075816
2021-03-23,0.55013502,0.59931302,0.54396999,0.55659503,0.55659503,7610195005
2021-03-24,0.556265,0.564677,0.46928501,0.488837,0.488837,5446433135
2021-03-25,0.48823401,0.52736801,0.47112799,0.51749802,0.51749802,6061921454
2021-03-26,0.517389,0.57497501,0.51651502,0.56705499,0.56705499,5807865028
2021-03-27,0.56719297,0.57591802,0.53982401,0.55044299,0.55044299,3684247475
2021-03-28,0.55037701,0.56220502,0.54547799,0.55075598,0.55075598,2795107715
2021-03-29,0.55064499,0.57071102,0.54818302,0.56787097,0.56787097,3549650231
2021-03-30,0.56773698,0.58590299,0.56308401,0.56685901,0.56685901,3831603058
2021-03-31,0.56683302,0.57922798,0.54474598,0.57386899,0.57386899,4849764990
2021-04-01,0.57395899,0.59581703,0.55900198,0.579292,0.579292,4725008531
2021-04-02,0.57936001,0.61738199,0.575203,0.61656898,0.61656898,5404854336
2021-04-03,0.61677903,0.65335,0.58774799,0.59091502,0.59091502,6757992981
2021-04-04,0.590909,0.64697701,0.583013,0.64672899,0.64672899,4613898769
2021-04-05,0.646703,0.93685502,0.63397402,0.92047298,0.92047298,26415199263
2021-04-06,0.91691798,1.117916,0.82440799,1.096266,1.096266,36955175105
2021-04-07,1.0975471,1.104488,0.86941397,0.91757601,0.91757601,21942171678
2021-04-08,0.91905499,1.0725681,0.90562701,1.052756,1.052756,12888349509
2021-04-09,1.053417,1.083159,0.98658502,1.0208369,1.0208369,10235269531
2021-04-10,1.020282,1.389957,1.008636,1.374416,1.374416,25547794935
2021-04-11,1.372068,1.492072,1.308828,1.36053,1.36053,21224874412
2021-04-12,1.354004,1.470145,1.324077,1.4677351,1.4677351,13216559312
2021-04-13,1.47008,1.8884391,1.423034,1.794001,1.794001,31123574741
2021-04-14,1.794248,1.9649971,1.579077,1.839236,1.839236,29025829007
2021-04-15,1.837281,1.8828191,1.658103,1.766067,1.766067,15403982671
2021-04-16,1.759303,1.808948,1.449548,1.5575269,1.5575269,20594074869
2021-04-17,1.553027,1.740528,1.541503,1.560055,1.560055,14507135285
2021-04-18,1.559104,1.578567,1.174665,1.405998,1.405998,22933939682
2021-04-19,1.409457,1.530381,1.258307,1.315044,1.315044,17637508685
2021-04-20,1.3099509,1.445636,1.186228,1.383299,1.383299,15562116615
2021-04-21,1.386157,1.45854,1.282823,1.2964979,1.2964979,12545052977
2021-04-22,1.2918071,1.413192,1.119086,1.159682,1.159682,14899537552
2021-04-23,1.1571389,1.1940041,0.901079,1.16966,1.16966,20235915090
2021-04-24,1.17019,1.170284,1.024417,1.0487061,1.0487061,8586287312
2021-04-25,1.04949,1.153025,0.95291501,1.032256,1.032256,8573604939
2021-04-26,1.035183,1.369077,1.016921,1.368506,1.368506,15417459290
2021-04-27,1.366743,1.459736,1.33119,1.400955,1.400955,13584693517
2021-04-28,1.401563,1.446975,1.2887011,1.358601,1.358601,9272726011
2021-04-29,1.357965,1.418331,1.330947,1.3993599,1.3993599,7633164142
2021-04-30,1.3985,1.6355211,1.3764679,1.591674,1.591674,14160854005
2021-05-01,1.5984091,1.665011,1.529947,1.6510251,1.6510251,8206771323
2021-05-02,1.65196,1.6563309,1.53362,1.562641,1.562641,6933641361
2021-05-03,1.562493,1.621599,1.528556,1.555995,1.555995,7612512785
2021-05-04,1.555954,1.5572309,1.3386641,1.3923759,1.3923759,12855752789
2021-05-05,1.38807,1.6225359,1.371274,1.614512,1.614512,13318453320
2021-05-06,1.615507,1.7588201,1.5473239,1.600581,1.600581,16099528279
2021-05-07,1.6039799,1.691258,1.511291,1.581755,1.581755,10400571927
2021-05-08,1.58094,1.627185,1.5431,1.562598,1.562598,6349608020
2021-05-09,1.5634789,1.593415,1.444127,1.535293,1.535293,8243079607
2021-05-10,1.534407,1.625741,1.250003,1.389006,1.389006,11181774844
2021-05-11,1.391835,1.48686,1.363676,1.477682,1.477682,7973181908
2021-05-12,1.479136,1.5424531,1.247864,1.247864,1.247864,9272699846
2021-05-13,1.271273,1.388924,1.209457,1.35891,1.35891,12358993946
2021-05-14,1.3633471,1.442229,1.324545,1.402917,1.402917,7570332417
2021-05-15,1.401706,1.582478,1.3248121,1.48588,1.48588,13321419261
2021-05-16,1.487457,1.607982,1.351516,1.452606,1.452606,12405363634
2021-05-17,1.449204,1.559325,1.328279,1.4963,1.4963,13573485606
2021-05-18,1.494104,1.702209,1.476959,1.590734,1.590734,14847139298
2021-05-19,1.5932699,1.64438,0.87531799,1.070313,1.070313,20523476458
2021-05-20,1.061533,1.2684489,0.91181397,1.185537,1.185537,13626658452
2021-05-21,1.181183,1.2159261,0.86954802,1.006976,1.006976,10998911191
2021-05-22,1.009577,1.015339,0.826446,0.906317,0.906317,8750076614
2021-05-23,0.90651101,0.96734601,0.65225399,0.79701501,0.79701501,10816054413
2021-05-24,0.79316199,0.998595,0.75858998,0.99283499,0.99283499,8239461926
2021-05-25,0.99403,1.05784,0.88382697,0.97618699,0.97618699,8637179369
2021-05-26,0.97583097,1.066945,0.950104,1.033725,1.033725,6376977398
2021-05-27,1.033574,1.042896,0.93561602,0.97023499,0.97023499,5204084865
2021-05-28,0.973952,0.98346001,0.84757102,0.90014797,0.90014797,6082828979
2021-05-29,0.89949501,0.93979198,0.79506999,0.831788,0.831788,5156278121
2021-05-30,0.831994,0.93012702,0.79982501,0.906609,0.906609,4077064725
2021-05-31,0.90638399,1.049022,0.88255602,1.046584,1.046584,6277821474
2021-06-01,1.042102,1.0996391,0.97933698,1.011001,1.011001,5606414479
2021-06-02,1.011214,1.049746,0.98136503,1.0244,1.0244,3598008182
2021-06-03,1.025146,1.078275,1.008549,1.045321,1.045321,3661357809
2021-06-04,1.0451061,1.045271,0.92016703,0.97019601,0.97019601,4638523697
2021-06-05,0.96997899,0.99794698,0.89752901,0.92328602,0.92328602,3257149049
2021-06-06,0.92348099,0.94953197,0.91876,0.94528598,0.94528598,2308242807
2021-06-07,0.94671798,0.97434598,0.84898198,0.86115497,0.86115497,3466113432
2021-06-08,0.86278099,0.88549799,0.788643,0.87578797,0.87578797,4491339501
2021-06-09,0.87405801,0.92003399,0.832331,0.92003399,0.92003399,3990884688
2021-06-10,0.92132401,0.927827,0.85379702,0.86918199,0.86918199,3157272780
2021-06-11,0.86924702,0.87919098,0.83594298,0.84845001,0.84845001,2502880892
2021-06-12,0.84787899,0.84787899,0.80769801,0.83268303,0.83268303,2731548390
2021-06-13,0.83325201,0.88807702,0.81927299,0.88316,0.88316,3059837086
2021-06-14,0.883048,0.92611003,0.86381501,0.89289701,0.89289701,3005221040
2021-06-15,0.88706899,0.90225297,0.86028999,0.88980001,0.88980001,3585820721
2021-06-16,0.86685401,0.873375,0.82755399,0.83190799,0.83190799,2916163481
2021-06-17,0.83173299,0.86142898,0.82587498,0.841438,0.841438,2684672890
2021-06-18,0.84232402,0.84491998,0.77498502,0.79764801,0.79764801,2509639518
2021-06-19,0.79830599,0.80686897,0.75871003,0.76167297,0.76167297,2208439278
2021-06-20,0.76037699,0.78429502,0.69937199,0.77637702,0.77637702,3068578656
2021-06-21,0.774795,0.77978998,0.60517502,0.61038798,0.61038798,4048720475
2021-06-22,0.60723197,0.64891899,0.51270998,0.54506701,0.54506701,4784173339
2021-06-23,0.54694402,0.66054899,0.52366298,0.626535,0.626535,4239151745
2021-06-24,0.63858998,0.69101,0.61738199,0.67199999,0.67199999,2781916002
2021-06-25,0.67291099,0.68846899,0.603383,0.61332297,0.61332297,3120943105
2021-06-26,0.61158597,0.63167602,0.58241498,0.615435,0.615435,2458620798
2021-06-27,0.61699402,0.65177202,0.597642,0.64692301,0.64692301,2329301222
2021-06-28,0.64828497,0.65444499,0.624551,0.64374602,0.64374602,2323398761
2021-06-29,0.64394099,0.72772598,0.64235097,0.70172501,0.70172501,3325816845
2021-06-30,0.70568103,0.713673,0.64945602,0.70637399,0.70637399,3097076849
2021-07-01,0.70478499,0.70478499,0.64679599,0.66118002,0.66118002,2553971177
2021-07-02,0.65989,0.66728699,0.63472599,0.65676302,0.65676302,2061607208
2021-07-03,0.65563899,0.68367702,0.64465302,0.67288798,0.67288798,1872819597
2021-07-04,0.67321801,0.70778298,0.665802,0.69494498,0.69494498,1885241527
2021-07-05,0.69565302,0.69565302,0.64849198,0.65429997,0.65429997,2076373188
2021-07-06,0.65305501,0.679923,0.65267599,0.665402,0.665402,1938959239
2021-07-07,0.66525602,0.673307,0.65101701,0.65157503,0.65157503,2077976604
2021-07-08,0.65269101,0.65430897,0.61298299,0.62305802,0.62305802,2348704558
2021-07-09,0.62168801,0.64454699,0.59366,0.63680398,0.63680398,2380083031
2021-07-10,0.63722098,0.64817399,0.61470097,0.62546301,0.62546301,1788373889
2021-07-11,0.62471998,0.64314902,0.61764801,0.63593501,0.63593501,1495491616
2021-07-12,0.63634199,0.65720999,0.618451,0.63017797,0.63017797,1908473825
2021-07-13,0.62944603,0.64024103,0.61070502,0.61952299,0.61952299,1860938764
2021-07-14,0.61946899,0.62472397,0.58743203,0.62032402,0.62032402,1945120121
2021-07-15,0.62000501,0.62650001,0.58907199,0.59694099,0.59694099,2027622754
2021-07-16,0.59754902,0.61679602,0.58882099,0.590774,0.590774,1902793058
2021-07-17,0.58949399,0.59771901,0.57323903,0.58242798,0.58242798,1796242080
2021-07-18,0.58259302,0.60120302,0.57342201,0.58792198,0.58792198,1567538722
2021-07-19,0.58722502,0.58935302,0.55517799,0.55755597,0.55755597,1706406670
2021-07-20,0.55762202,0.56837302,0.51791,0.52933598,0.52933598,2026435206
2021-07-21,0.52905399,0.58329701,0.520338,0.56999803,0.56999803,2610318312
2021-07-22,0.57155901,0.60253698,0.56172299,0.592206,0.592206,2520533539
2021-07-23,0.59254599,0.60951501,0.57669002,0.60922402,0.60922402,2206128472
2021-07-24,0.60899699,0.62069601,0.60097098,0.60982698,0.60982698,1967190260
2021-07-25,0.60919499,0.61176801,0.59137601,0.60635698,0.60635698,1707767305
2021-07-26,0.60689098,0.67786801,0.605299,0.62561798,0.62561798,3879282541
2021-07-27,0.624174,0.65208298,0.61289299,0.64460403,0.64460403,2800102572
2021-07-28,0.64557201,0.75184101,0.63222599,0.72544497,0.72544497,6452960527
2021-07-29,0.73263597,0.76474202,0.69866902,0.74801701,0.74801701,3717954855
2021-07-30,0.74984598,0.76814902,0.71578097,0.752119,0.752119,3328523561
2021-07-31,0.75216198,0.75770098,0.73776901,0.74778599,0.74778599,2612372196
2021-08-01,0.74594098,0.77628303,0.70728898,0.72592199,0.72592199,2529023488
2021-08-02,0.724145,0.77332503,0.71681798,0.73922002,0.73922002,2648561558
2021-08-03,0.73846602,0.74441397,0.70187801,0.71272898,0.71272898,2857095374
2021-08-04,0.713633,0.73923802,0.69783598,0.730488,0.730488,2796312041
2021-08-05,0.73092002,0.738621,0.70240098,0.73315102,0.73315102,2387435275
2021-08-06,0.73298198,0.75214601,0.72398698,0.74651301,0.74651301,2444020492
2021-08-07,0.74713498,0.81804198,0.74144,0.81628102,0.81628102,4067148040
2021-08-08,0.81673402,0.83838099,0.77324599,0.77873898,0.77873898,3954749759
2021-08-09,0.77901202,0.82739902,0.76090902,0.81855297,0.81855297,3739417343
2021-08-10,0.81733698,0.861588,0.800641,0.85124701,0.85124701,4002349584
2021-08-11,0.85127997,1.0870529,0.84874898,1.012524,1.012524,8213874830
2021-08-12,1.012563,1.042735,0.92474902,0.96454901,0.96454901,7613283957
2021-08-13,0.96714598,1.094496,0.952591,1.08996,1.08996,6425779147
2021-08-14,1.089834,1.309211,1.0710289,1.280412,1.280412,12107814480
2021-08-15,1.281644,1.349174,1.230243,1.28816,1.28816,10899164864
2021-08-16,1.284929,1.3268991,1.151032,1.190993,1.190993,8364848221
2021-08-17,1.186278,1.2226779,1.088273,1.098199,1.098199,7620119367
2021-08-18,1.097662,1.1942,1.056772,1.1460969,1.1460969,7559385803
2021-08-19,1.144658,1.232842,1.092171,1.232842,1.232842,6781867994
2021-08-20,1.233454,1.286971,1.201058,1.263222,1.263222,6600353564
2021-08-21,1.263918,1.281235,1.206405,1.216473,1.216473,4955470066
2021-08-22,1.217394,1.254663,1.184755,1.227722,1.227722,4452016856
2021-08-23,1.226812,1.30422,1.2220941,1.24727,1.24727,6299948689
2021-08-24,1.248148,1.2632869,1.128158,1.137352,1.137352,6109699877
2021-08-25,1.1370111,1.1775301,1.109431,1.172529,1.172529,4735020572
2021-08-26,1.174588,1.186311,1.069905,1.075266,1.075266,4914724770
2021-08-27,1.073298,1.188473,1.052642,1.188473,1.188473,5062671613
2021-08-28,1.192351,1.197704,1.136698,1.145505,1.145505,3655937721
2021-08-29,1.145924,1.167683,1.116662,1.1408319,1.1408319,3456541619
2021-08-30,1.142336,1.148685,1.098711,1.1014349,1.1014349,3635181352
2021-08-31,1.101336,1.240104,1.09225,1.187593,1.187593,5897781233
2021-09-01,1.186915,1.234889,1.159127,1.234889,1.234889,4937053998
2021-09-02,1.237542,1.294296,1.222905,1.2563241,1.2563241,5456908792
2021-09-03,1.254137,1.321521,1.226127,1.291435,1.291435,5896982947
2021-09-04,1.290701,1.295917,1.240957,1.255779,1.255779,4284360888
2021-09-05,1.2551301,1.3084019,1.237483,1.305498,1.305498,4077886190
2021-09-06,1.307317,1.413767,1.307317,1.389413,1.389413,7403887685
2021-09-07,1.389438,1.391495,0.97545499,1.1250989,1.1250989,11310427430
2021-09-08,1.126685,1.1486419,1.020175,1.10072,1.10072,7367876460
2021-09-09,1.090282,1.1361049,0.83825499,1.089401,1.089401,5171653352
2021-09-10,1.087574,1.241719,1.034317,1.057267,1.057267,7726257543
2021-09-11,1.056597,1.1113009,1.053306,1.079906,1.079906,3986494412
2021-09-12,1.080278,1.1272449,1.059868,1.1196361,1.1196361,3403286576
2021-09-13,1.119423,1.125914,1.029647,1.064678,1.064678,4391908806
2021-09-14,1.06537,1.097653,1.0588419,1.0965739,1.0965739,3378813327
2021-09-15,1.096939,1.129321,1.080565,1.121353,1.121353,2997048680
2021-09-16,1.121244,1.129202,1.0680979,1.091498,1.091498,3168621354
2021-09-17,1.090878,1.102314,1.053171,1.065598,1.065598,2989925804
2021-09-18,1.065913,1.0946161,1.0573879,1.075668,1.075668,2308814476
2021-09-19,1.075168,1.082036,1.0418071,1.0484281,1.0484281,2148537763
2021-09-20,1.0489841,1.050406,0.88784999,0.91715199,0.91715199,5775337511
2021-09-21,0.92234403,0.95930803,0.86073399,0.876329,0.876329,4787985414
2021-09-22,0.873824,1.009357,0.86962003,1.004076,1.004076,4813963292
2021-09-23,1.0045249,1.016471,0.97047901,1.00204,1.00204,3734263358
2021-09-24,1.002455,1.003197,0.89239299,0.94592398,0.94592398,4425027059
2021-09-25,0.94545698,0.95685798,0.91962498,0.941342,0.941342,3067009121
2021-09-26,0.941571,0.95669198,0.89483398,0.94472098,0.94472098,3142032669
2021-09-27,0.94595802,0.98148698,0.92108297,0.92368501,0.92368501,3014579575
2021-09-28,0.92305899,0.94259298,0.89249903,0.89368898,0.89368898,2818990506
2021-09-29,0.89459097,0.99035001,0.88794798,0.92834902,0.92834902,3558174320
2021-09-30,0.927513,0.96408099,0.92291898,0.952636,0.952636,3051316850
2021-10-01,0.95376402,1.063997,0.945355,1.042624,1.042624,5125674349
2021-10-02,1.04206,1.0717601,1.0095381,1.038675,1.038675,3884936924
2021-10-03,1.037688,1.088438,1.0224921,1.0551701,1.0551701,3496121109
2021-10-04,1.055771,1.05986,1.010705,1.043004,1.043004,3164260800
2021-10-05,1.041688,1.0874929,1.03879,1.085503,1.085503,3251465579
2021-10-06,1.084933,1.1059051,1.021598,1.077656,1.077656,3806090854
2021-10-07,1.077186,1.093209,1.0462199,1.0680259,1.0680259,3192050513
2021-10-08,1.067764,1.09137,1.056927,1.062891,1.062891,2577289115
2021-10-09,1.061854,1.208214,1.0592541,1.1599261,1.1599261,4844564004
2021-10-10,1.1602761,1.227663,1.131307,1.138453,1.138453,5165905723
2021-10-11,1.1373,1.1811039,1.1099631,1.137888,1.137888,4022773988
2021-10-12,1.13834,1.13834,1.067611,1.101859,1.101859,3959747373
2021-10-13,1.101966,1.1376899,1.076979,1.128392,1.128392,3675636699
2021-10-14,1.127491,1.156423,1.1193039,1.132316,1.132316,3184675623
2021-10-15,1.133535,1.16433,1.103972,1.14055,1.14055,5364938375
2021-10-16,1.1414731,1.1855201,1.1321191,1.135096,1.135096,3776545069
2021-10-17,1.134692,1.139904,1.027365,1.093468,1.093468,3227519874
2021-10-18,1.094834,1.1062191,1.067103,1.083842,1.083842,3186066188
2021-10-19,1.083892,1.099985,1.072356,1.09208,1.09208,2586014628
2021-10-20,1.091912,1.152984,1.088571,1.142328,1.142328,3394782025
2021-10-21,1.145406,1.1636699,1.0880851,1.0893151,1.0893151,4035726860
2021-10-22,1.089901,1.125879,1.079115,1.088374,1.088374,3296407032
2021-10-23,1.089836,1.102386,1.078505,1.094497,1.094497,2236173913
2021-10-24,1.0948761,1.096553,1.058044,1.084283,1.084283,2240272602
2021-10-25,1.083307,1.1038671,1.079206,1.095158,1.095158,2595663483
2021-10-26,1.095111,1.158343,1.093228,1.108093,1.108093,3933349796
2021-10-27,1.107941,1.125192,0.97020501,0.99545199,0.99545199,6433932056
2021-10-28,0.99523902,1.081939,0.98411399,1.05882,1.05882,5528214768
2021-10-29,1.059047,1.090166,1.056179,1.081503,1.081503,3549325709
2021-10-30,1.081378,1.114285,1.0643899,1.083949,1.083949,3261273038
2021-10-31,1.0859261,1.15245,1.072764,1.113247,1.113247,4607785327
2021-11-01,1.113153,1.131215,1.072657,1.092867,1.092867,3655823943
2021-11-02,1.092577,1.145094,1.086117,1.136196,1.136196,3609677729
2021-11-03,1.135938,1.233025,1.126961,1.208796,1.208796,6526803610
2021-11-04,1.210519,1.253728,1.1669329,1.202003,1.202003,5210115532
2021-11-05,1.2019171,1.202404,1.1413749,1.161533,1.161533,3572443866
2021-11-06,1.160634,1.173303,1.1087739,1.152454,1.152454,2630197378
2021-11-07,1.1532,1.237582,1.148102,1.2175339,1.2175339,3384556620
2021-11-08,1.22103,1.296378,1.22103,1.282377,1.282377,5547697296
2021-11-09,1.282532,1.287578,1.23206,1.25893,1.25893,5211033825
2021-11-10,1.257185,1.347662,1.125828,1.193373,1.193373,7430166330
2021-11-11,1.192799,1.253293,1.178313,1.218364,1.218364,4904300953
2021-11-12,1.216248,1.233881,1.1570489,1.189355,1.189355,4230289448
2021-11-13,1.189469,1.204124,1.1687649,1.191938,1.191938,2889142419
2021-11-14,1.191195,1.199936,1.169415,1.188597,1.188597,2210065757
2021-11-15,1.1888241,1.219883,1.17032,1.171371,1.171371,2850390389
2021-11-16,1.174654,1.174654,1.053718,1.090934,1.090934,4829173281
2021-11-17,1.090104,1.113286,1.069948,1.0962909,1.0962909,3701959225
2021-11-18,1.0962811,1.158331,1.02292,1.041954,1.041954,5394362498
2021-11-19,1.040923,1.099193,1.0205849,1.0914921,1.0914921,3716379231
2021-11-20,1.0910619,1.101396,1.064302,1.097646,1.097646,2575832703
2021-11-21,1.096748,1.098079,1.059154,1.060173,1.060173,2213864918
2021-11-22,1.0601259,1.069919,1.027928,1.036622,1.036622,2844568485
2021-11-23,1.037094,1.071751,1.0233459,1.067057,1.067057,3098367613
2021-11-24,1.067153,1.074549,1.011681,1.042075,1.042075,3151964356
2021-11-25,1.034107,1.064677,1.024157,1.031888,1.031888,3107133471
2021-11-26,1.044916,1.0481369,0.92544597,0.93634999,0.93634999,4293461689
2021-11-27,0.94001299,0.96727699,0.93656099,0.94715798,0.94715798,2410404614
2021-11-28,0.94774902,0.96977198,0.89657301,0.96875101,0.96875101,2605488239
2021-11-29,0.96982199,1.002905,0.96632802,0.991961,0.991961,2917313727
2021-11-30,0.99148798,1.030121,0.97367299,0.99875402,0.99875402,2949826821
2021-12-01,0.99818999,1.0182689,0.982023,0.99093002,0.99093002,2570587577
2021-12-02,0.990915,0.990915,0.95987701,0.97231197,0.97231197,2250871711
2021-12-03,0.97345299,0.98531997,0.90596801,0.92224401,0.92224401,2714612022
2021-12-04,0.92409199,0.92666399,0.61450499,0.84702897,0.84702897,6970805726
2021-12-05,0.84670901,0.86377501,0.78039998,0.80559498,0.80559498,3553480780
2021-12-06,0.80604702,0.831864,0.75233197,0.82828802,0.82828802,3447952788
2021-12-07,0.82909203,0.84576702,0.80717301,0.81858802,0.81858802,2720124735
2021-12-08,0.81753898,0.88562202,0.80589801,0.863307,0.863307,3038966909
2021-12-09,0.86214298,0.93054098,0.83512902,0.86127198,0.86127198,4555815213
2021-12-10,0.86102498,0.88341099,0.79632801,0.80109698,0.80109698,3267095314
2021-12-11,0.80206198,0.84430999,0.78938502,0.83931297,0.83931297,2056974461
2021-12-12,0.838745,0.856821,0.81120598,0.84132397,0.84132397,1628060313
2021-12-13,0.841353,0.84593499,0.76449102,0.78289402,0.78289402,2509034504
2021-12-14,0.78279901,0.81758898,0.77559,0.79624897,0.79624897,3477802545
2021-12-15,0.81172299,0.84008402,0.779814,0.82743102,0.82743102,3088068968
2021-12-16,0.82773602,0.83703899,0.80463201,0.80623001,0.80623001,2178245900
2021-12-17,0.80598998,0.82859403,0.78042197,0.79929101,0.79929101,2364224847
2021-12-18,0.799007,0.83467799,0.792808,0.82737899,0.82737899,1806931648
2021-12-19,0.82717901,0.84833401,0.82130998,0.835033,0.835033,1576121375
2021-12-20,0.83593899,0.914271,0.82637602,0.87982798,0.87982798,4587029518
2021-12-21,0.87943298,0.960859,0.85437,0.94764602,0.94764602,3748952692
2021-12-22,0.94810098,0.97280902,0.92717803,0.95469898,0.95469898,3317199427
2021-12-23,0.95482397,1.016559,0.94082302,0.993285,0.993285,4257231145
2021-12-24,0.99479002,0.99672502,0.89905101,0.91204703,0.91204703,3864725087
2021-12-25,0.91239399,0.93391401,0.90231502,0.92481899,0.92481899,1747049348
2021-12-26,0.925686,0.93404198,0.90728098,0.92118001,0.92118001,1324703098
2021-12-27,0.92080402,0.95588499,0.91450799,0.926184,0.926184,1788981449
2021-12-28,0.92675602,0.92675602,0.84866399,0.85295999,0.85295999,2281985956
2021-12-29,0.85307699,0.865049,0.81370997,0.81671399,0.81671399,2050248751
2021-12-30,0.81791902,0.856314,0.80449998,0.83964902,0.83964902,1880399926
2021-12-31,0.83968103,0.85294002,0.80576497,0.83116299,0.83116299,1736939791
2022-01-01,0.83128101,0.85319799,0.83074099,0.84947199,0.84947199,1156464024
2022-01-02,0.84944201,0.86355799,0.83915699,0.85911798,0.85911798,1134033205
2022-01-03,0.85910702,0.85910702,0.82405198,0.83288503,0.83288503,1428968710
2022-01-04,0.83285099,0.84407598,0.81961501,0.824673,0.824673,1514079366
2022-01-05,0.824714,0.83553302,0.73270398,0.77435797,0.77435797,2252733064
2022-01-06,0.77429998,0.789217,0.74429202,0.78134602,0.78134602,2165022786
2022-01-07,0.78127003,0.78127003,0.73461699,0.76307398,0.76307398,2329624598
2022-01-08,0.76310599,0.77508402,0.72780299,0.747688,0.747688,1792091501
2022-01-09,0.747733,0.766321,0.74153399,0.75450498,0.75450498,1182503166
2022-01-10,0.75442803,0.75851297,0.70547903,0.739335,0.739335,2014043704
2022-01-11,0.73935598,0.77346098,0.73415101,0.77055401,0.77055401,1897366203
2022-01-12,0.77060801,0.80604798,0.759646,0.79954797,0.79954797,1976047994
2022-01-13,0.79945499,0.800951,0.76308203,0.76832801,0.76832801,1578656460
2022-01-14,0.76835799,0.78935599,0.75562799,0.774297,0.774297,1576111969
2022-01-15,0.77430898,0.78886402,0.77094901,0.78142297,0.78142297,1029135167
2022-01-16,0.781308,0.78396201,0.770953,0.77895403,0.77895403,1005077258
2022-01-17,0.77899897,0.78017998,0.752352,0.76274198,0.76274198,1406443014
2022-01-18,0.76276898,0.768049,0.73946398,0.75263101,0.75263101,1510069237
2022-01-19,0.75261402,0.75315499,0.72648501,0.73974901,0.73974901,1446126322
2022-01-20,0.73972601,0.76158297,0.71940202,0.71942103,0.71942103,1251475248
2022-01-21,0.71960902,0.72824502,0.62319601,0.63573802,0.63573802,3150758603
2022-01-22,0.636006,0.651793,0.559421,0.59604198,0.59604198,3613862355
2022-01-23,0.59619302,0.633995,0.593826,0.62875599,0.62875599,1851934913
2022-01-24,0.62876999,0.62876999,0.55866802,0.61213899,0.61213899,2759980202
2022-01-25,0.61214399,0.62122899,0.58988798,0.61756301,0.61756301,1731121388
2022-01-26,0.617544,0.65254903,0.60858798,0.62207198,0.62207198,2302112575
2022-01-27,0.62194502,0.62350798,0.591465,0.60877001,0.60877001,1586137620
2022-01-28,0.60861897,0.61286098,0.59339702,0.61251199,0.61251199,1318006848
2022-01-29,0.61249101,0.62340599,0.61025798,0.61693501,0.61693501,958847124
2022-01-30,0.617006,0.62254602,0.59977102,0.603181,0.603181,870878596
2022-01-31,0.60306299,0.62231398,0.58284801,0.61914903,0.61914903,1266538239
2022-02-01,0.61900598,0.63031697,0.61304998,0.629233,0.629233,1183031072
2022-02-02,0.62923998,0.63069499,0.59913802,0.60148299,0.60148299,1182736030
2022-02-03,0.60141498,0.60768402,0.59234899,0.60768402,0.60768402,1042290345
2022-02-04,0.60762,0.65649599,0.605169,0.65587699,0.65587699,1543180484
2022-02-05,0.65583098,0.68368202,0.65226799,0.66712701,0.66712701,1760389771
2022-02-06,0.66712701,0.685193,0.66234702,0.68364698,0.68364698,1095140341
2022-02-07,0.68359202,0.83415502,0.674402,0.82781899,0.82781899,4197403037
2022-02-08,0.82837701,0.91113698,0.80616099,0.87819397,0.87819397,6159382645
2022-02-09,0.87751502,0.90906698,0.84740102,0.87062699,0.87062699,3760269362
2022-02-10,0.87087601,0.89461499,0.829907,0.83001,0.83001,3535002566
2022-02-11,0.82994097,0.82994097,0.75433099,0.76022601,0.76022601,3346204748
2022-02-12,0.76024997,0.84883797,0.75302398,0.82240802,0.82240802,3457258389
2022-02-13,0.82223302,0.84429997,0.79627699,0.81027299,0.81027299,2504198747
2022-02-14,0.80987298,0.81047398,0.78255099,0.80221802,0.80221802,2401300497
2022-02-15,0.80224597,0.85585701,0.79829597,0.85233301,0.85233301,2249706300
2022-02-16,0.852377,0.852377,0.81313902,0.83903599,0.83903599,2165008058
2022-02-17,0.838714,0.84413302,0.758223,0.76717299,0.76717299,2798023719
2022-02-18,0.767286,0.80390501,0.76033002,0.78588998,0.78588998,2913093056
2022-02-19,0.78586501,0.84981602,0.77364999,0.822528,0.822528,3325442943
2022-02-20,0.82253802,0.82267201,0.76998502,0.77829599,0.77829599,3041836889
2022-02-21,0.77815998,0.79974997,0.701989,0.703466,0.703466,3580522306
2022-02-22,0.70333302,0.725191,0.67878699,0.72283298,0.72283298,3539593096
2022-02-23,0.72285199,0.73892301,0.69628,0.69874603,0.69874603,2690184820
2022-02-24,0.69858003,0.71289098,0.62709397,0.69627202,0.69627202,5146799150
2022-02-25,0.69625801,0.76890302,0.685794,0.76890302,0.76890302,3460713330
2022-02-26,0.76864499,0.78818703,0.74364603,0.75097299,0.75097299,3051695701
2022-02-27,0.75096601,0.76487303,0.71087301,0.72199202,0.72199202,2733141782
2022-02-28,0.72193098,0.78832197,0.71318799,0.78204399,0.78204399,3053923291
2022-03-01,0.78206998,0.80063498,0.76123399,0.78486198,0.78486198,2877778057
2022-03-02,0.78487599,0.78489101,0.75959802,0.76849598,0.76849598,2401047273
2022-03-03,0.76853198,0.783925,0.73891997,0.75218499,0.75218499,2213014779
2022-03-04,0.75229597,0.753052,0.70561099,0.712672,0.712672,2359803521
2022-03-05,0.71279001,0.76608503,0.707479,0.75489998,0.75489998,2297850919
2022-03-06,0.75492299,0.75838399,0.72576398,0.72599399,0.72599399,1862292224
2022-03-07,0.72601098,0.75166798,0.70995802,0.72328699,0.72328699,2920222453
2022-03-08,0.72323102,0.72928703,0.71593899,0.72097701,0.72097701,1907305640
2022-03-09,0.72100598,0.769889,0.72100598,0.76723599,0.76723599,2408572082
2022-03-10,0.76702702,0.7755,0.72656798,0.73746502,0.73746502,2418938595
2022-03-11,0.73750597,0.80833298,0.72762299,0.80215502,0.80215502,3478317257
2022-03-12,0.80222899,0.84596199,0.78205901,0.786587,0.786587,3730330472
2022-03-13,0.786538,0.80363202,0.75840801,0.76135099,0.76135099,2141326402
2022-03-14,0.76137602,0.77593499,0.75257403,0.774656,0.774656,2212291022
2022-03-15,0.77463698,0.77581102,0.74563497,0.766783,0.766783,1830181545
2022-03-16,0.766747,0.79361498,0.75921899,0.79353797,0.79353797,2480411473
2022-03-17,0.79343599,0.80056798,0.78443903,0.79350299,0.79350299,1862028805
2022-03-18,0.79345101,0.79911202,0.779351,0.79826599,0.79826599,1850743124
2022-03-19,0.798127,0.82523298,0.79360902,0.81937301,0.81937301,2046393370
2022-03-20,0.81937897,0.82081401,0.79824901,0.80612099,0.80612099,1529598149
2022-03-21,0.80596298,0.85112602,0.79215997,0.83815199,0.83815199,2485293314
2022-03-22,0.83803499,0.86292601,0.829988,0.83709699,0.83709699,2370573276
2022-03-23,0.837134,0.84414601,0.82057297,0.83788699,0.83788699,2076377569
2022-03-24,0.83785701,0.84932798,0.82962698,0.84296799,0.84296799,2278978187
2022-03-25,0.84296799,0.84408498,0.82287401,0.82512701,0.82512701,1600059784
2022-03-26,0.82515299,0.83430701,0.82232499,0.83277202,0.83277202,1056420320
2022-03-27,0.83281499,0.85737598,0.83033901,0.85734302,0.85734302,1505124770
2022-03-28,0.85740799,0.908086,0.85521102,0.86330402,0.86330402,3205464277
2022-03-29,0.86308903,0.88444102,0.84886098,0.85799998,0.85799998,2120020042
2022-03-30,0.85794199,0.871279,0.84942502,0.86081398,0.86081398,1832671641
2022-03-31,0.86088002,0.870866,0.80388099,0.81456399,0.81456399,2611691934
2022-04-01,0.81470901,0.83367801,0.810256,0.82774001,0.82774001,2091887103
2022-04-02,0.82773501,0.84859997,0.82482803,0.82491899,0.82491899,1624227101
2022-04-03,0.82489097,0.85015398,0.81726497,0.84294999,0.84294999,1348476817
2022-04-04,0.84292299,0.84295201,0.81089002,0.82725102,0.82725102,1876069127
2022-04-05,0.827227,0.833287,0.81711,0.81764197,0.81764197,1548706718
2022-04-06,0.81762701,0.81840497,0.76128501,0.76131397,0.76131397,2527126540
2022-04-07,0.761361,0.78948402,0.75811398,0.78799999,0.78799999,1628783831
2022-04-08,0.78799701,0.79298502,0.750893,0.75405598,0.75405598,1684019539
2022-04-09,0.75404102,0.76606202,0.75404102,0.76358497,0.76358497,1008306245
2022-04-10,0.76360399,0.772466,0.75518101,0.75661403,0.75661403,1046936968
2022-04-11,0.75642198,0.75642198,0.68573803,0.695023,0.695023,2367700413
2022-04-12,0.69516897,0.72159201,0.69427502,0.71661401,0.71661401,1990027592
2022-04-13,0.71651202,0.72475898,0.70399803,0.72385001,0.72385001,1678860044
2022-04-14,0.72373801,0.74015498,0.71058601,0.72681898,0.72681898,1716488200
2022-04-15,0.72679597,0.79368001,0.72661698,0.78567499,0.78567499,2897060464
2022-04-16,0.785653,0.79712898,0.76921898,0.78184098,0.78184098,1526957904
2022-04-17,0.78179199,0.78440797,0.75055301,0.75315398,0.75315398,1350930297
2022-04-18,0.753187,0.76819402,0.73236001,0.76801699,0.76801699,2134418883
2022-04-19,0.76804203,0.780191,0.75996101,0.77506298,0.77506298,1834225828
2022-04-20,0.77505499,0.77505499,0.744376,0.75217801,0.75217801,1798898557
2022-04-21,0.752177,0.76476198,0.72502601,0.73317802,0.73317802,1990297103
2022-04-22,0.73316002,0.73816198,0.716461,0.71919399,0.71919399,1881203798
2022-04-23,0.71914399,0.72466898,0.70736003,0.70770502,0.70770502,1332520641
2022-04-24,0.70748699,0.71183002,0.69802499,0.69873899,0.69873899,1108217932
2022-04-25,0.69875699,0.69893998,0.648242,0.694426,0.694426,2377291271
2022-04-26,0.69433397,0.70409602,0.634417,0.64169902,0.64169902,2160649427
2022-04-27,0.64179403,0.66137701,0.64038002,0.652318,0.652318,1722422062
2022-04-28,0.65231299,0.65534401,0.63626802,0.64436299,0.64436299,1546067106
2022-04-29,0.64428401,0.64560997,0.60390401,0.61140698,0.61140698,1962197662
2022-04-30,0.61140501,0.62714201,0.58157599,0.58709103,0.58709103,1649221930
2022-05-01,0.58708602,0.610232,0.58104998,0.607844,0.607844,1657999135
2022-05-02,0.60781902,0.62931001,0.60179001,0.61426902,0.61426902,1687184077
2022-05-03,0.614218,0.62508303,0.59818602,0.60484898,0.60484898,1460418466
2022-05-04,0.60480398,0.64784497,0.60474402,0.646474,0.646474,1959359438
2022-05-05,0.64646298,0.65503699,0.58481199,0.59888601,0.59888601,2183469244
2022-05-06,0.59883201,0.613482,0.59161198,0.60257,0.60257,2003273389
2022-05-07,0.602561,0.60383999,0.573928,0.58234698,0.58234698,1250412025
2022-05-08,0.58239901,0.58263397,0.56275702,0.56652701,0.56652701,1505054300
2022-05-09,0.56651902,0.57599401,0.48072201,0.49294001,0.49294001,3297478002
2022-05-10,0.49243999,0.535299,0.47810999,0.51362598,0.51362598,3455777036
2022-05-11,0.51354301,0.52162302,0.38242599,0.413376,0.413376,5290247987
2022-05-12,0.41339901,0.42648301,0.34495401,0.38520601,0.38520601,4641055357
2022-05-13,0.385178,0.462336,0.38273299,0.423417,0.423417,2949331810
2022-05-14,0.423419,0.439504,0.39865801,0.42777401,0.42777401,2021953522
2022-05-15,0.42768699,0.447613,0.416619,0.44737101,0.44737101,1427697924
2022-05-16,0.44740701,0.44756901,0.41208601,0.422499,0.422499,1839092427
2022-05-17,0.42245701,0.43909201,0.421152,0.43762299,0.43762299,1598581919
2022-05-18,0.43763599,0.44126701,0.40616599,0.40616599,0.40616599,1599734223
2022-05-19,0.40606201,0.42236301,0.39748701,0.419976,0.419976,1557252121
2022-05-20,0.419927,0.43750599,0.40317801,0.41113701,0.41113701,1721877559
2022-05-21,0.41112801,0.417256,0.40536499,0.414673,0.414673,875738315
2022-05-22,0.414691,0.424337,0.411091,0.422337,0.422337,896133087
2022-05-23,0.42225999,0.42783499,0.404358,0.40467101,0.40467101,1399019792
2022-05-24,0.404681,0.41328901,0.393646,0.40871301,0.40871301,1394251522
2022-05-25,0.40869999,0.41296601,0.39675999,0.40578499,0.40578499,1587278448
2022-05-26,0.405799,0.410119,0.380723,0.39317,0.39317,2091610974
2022-05-27,0.393076,0.40127999,0.37816599,0.381787,0.381787,1927217638
2022-05-28,0.38658699,0.38811499,0.38171601,0.386323,0.386323,865258883
2022-05-29,0.38633099,0.389496,0.38076201,0.389016,0.389016,752879867
2022-05-30,0.38901901,0.41870201,0.38763601,0.41817501,0.41817501,1404448305
2022-05-31,0.41812599,0.429676,0.40889901,0.42186701,0.42186701,1738462198
2022-06-01,0.42188901,0.425118,0.39261699,0.398085,0.398085,1569696040
2022-06-02,0.39807901,0.40666401,0.392553,0.40530199,0.40530199,1298797541
2022-06-03,0.40531501,0.40944001,0.38550001,0.39076599,0.39076599,1284592602
2022-06-04,0.39078099,0.39346299,0.38628599,0.39230901,0.39230901,696569397
2022-06-05,0.392324,0.39933699,0.39026701,0.39537999,0.39537999,726398938
2022-06-06,0.39540201,0.40848601,0.394876,0.40301099,0.40301099,1221803580
2022-06-07,0.403009,0.41647699,0.385782,0.407702,0.407702,1666703798
2022-06-08,0.407691,0.40989301,0.396148,0.400648,0.400648,1183206226
2022-06-09,0.40065801,0.40360701,0.39761999,0.40032399,0.40032399,911815336
2022-06-10,0.400316,0.40991601,0.38088101,0.38173601,0.38173601,1424539679
2022-06-11,0.38176399,0.38805601,0.35862601,0.359025,0.359025,1111401064
2022-06-12,0.35909101,0.36469501,0.341609,0.34549001,0.34549001,1370072145
2022-06-13,0.34540901,0.34887701,0.30385301,0.31080201,0.31080201,2558939154
2022-06-14,0.310821,0.323524,0.29516599,0.32214299,0.32214299,1977069964
2022-06-15,0.322099,0.34483099,0.30071101,0.343703,0.343703,2242860490
2022-06-16,0.34368399,0.345373,0.30841699,0.31205601,0.31205601,1477710114
2022-06-17,0.31214499,0.33853799,0.31121999,0.321381,0.321381,1381554091
2022-06-18,0.32133099,0.32571399,0.29057899,0.30809,0.30809,1403189628
2022-06-19,0.30803299,0.330477,0.29894701,0.32605299,0.32605299,1159418572
2022-06-20,0.32602,0.32804701,0.31424099,0.32334599,0.32334599,1187888833
2022-06-21,0.323284,0.336063,0.32015201,0.32862601,0.32862601,1247582002
2022-06-22,0.328729,0.32905999,0.31959799,0.32258499,0.32258499,1064144662
2022-06-23,0.32259101,0.33607599,0.32218301,0.335531,0.335531,927324605
2022-06-24,0.335509,0.38465899,0.335491,0.367587,0.367587,2253100828
2022-06-25,0.367623,0.372282,0.35567901,0.36755601,0.36755601,912142249
2022-06-26,0.367533,0.373732,0.35881799,0.35886401,0.35886401,789514304
2022-06-27,0.358863,0.36599201,0.35097301,0.35323501,0.35323501,989571906
2022-06-28,0.35323501,0.35526699,0.33691499,0.337329,0.337329,1038924972
2022-06-29,0.337372,0.34110299,0.32342499,0.328978,0.328978,1094664825
2022-06-30,0.32900199,0.331458,0.307668,0.33144799,0.33144799,1456445785
2022-07-01,0.33164501,0.333078,0.31145,0.31367701,0.31367701,1249145615
2022-07-02,0.31372401,0.31701401,0.31052199,0.315579,0.315579,608601610
2022-07-03,0.31557301,0.32524699,0.31021401,0.32170299,0.32170299,728566418
2022-07-04,0.321688,0.32910001,0.31557301,0.32879001,0.32879001,1018446189
2022-07-05,0.32870299,0.330156,0.31434599,0.325423,0.325423,1130550266
2022-07-06,0.32545999,0.33302501,0.320645,0.33227199,0.33227199,1099742037
2022-07-07,0.33226299,0.343521,0.32733801,0.34215099,0.34215099,1037133139
2022-07-08,0.34216699,0.356509,0.33706301,0.34162799,0.34162799,1469173608
2022-07-09,0.34159899,0.347047,0.34029901,0.34495199,0.34495199,602546961
2022-07-10,0.34492999,0.34492999,0.32213101,0.325663,0.325663,913229467
2022-07-11,0.32565901,0.328563,0.31230599,0.31429699,0.31429699,1042057085
2022-07-12,0.31429601,0.317601,0.309084,0.31165901,0.31165901,968873598
2022-07-13,0.31165901,0.32507601,0.30432999,0.32372999,0.32372999,1295979555
2022-07-14,0.32374999,0.33322099,0.31336099,0.33322099,0.33322099,3386821229
2022-07-15,0.33321401,0.34621,0.32823199,0.334535,0.334535,1512184333
2022-07-16,0.33449301,0.35530001,0.332196,0.35086101,0.35086101,1292123515
2022-07-17,0.35085201,0.35991901,0.34338701,0.34341201,0.34341201,1093079294
2022-07-18,0.34342399,0.36883399,0.34342399,0.36617699,0.36617699,1627385386
2022-07-19,0.366025,0.37598899,0.352916,0.373225,0.373225,1604201237
2022-07-20,0.37325701,0.38106,0.35873601,0.360484,0.360484,1534818247
2022-07-21,0.36066201,0.36795601,0.34972599,0.36703601,0.36703601,1202692151
2022-07-22,0.367033,0.37083799,0.35548601,0.35860401,0.35860401,1150022760
2022-07-23,0.358522,0.36261901,0.35084799,0.359541,0.359541,863843426
2022-07-24,0.35953301,0.36656201,0.35708699,0.35925999,0.35925999,912894827
2022-07-25,0.359227,0.36018401,0.337313,0.33731499,0.33731499,1207904872
2022-07-26,0.33730501,0.337816,0.326426,0.337816,0.337816,1110467650
2022-07-27,0.33782601,0.35913,0.331168,0.35911801,0.35911801,1314040220
2022-07-28,0.35914299,0.377738,0.35152799,0.37337601,0.37337601,1839928651
2022-07-29,0.37338701,0.379096,0.360816,0.36867499,0.36867499,1706911237
2022-07-30,0.36866799,0.40793899,0.36486,0.38776401,0.38776401,1767280595
2022-07-31,0.387775,0.39787501,0.38022301,0.380458,0.380458,1359568596
2022-08-01,0.38035199,0.385396,0.37227499,0.379976,0.379976,1059391028
2022-08-02,0.37991101,0.39148,0.36833599,0.37202099,0.37202099,1232425419
2022-08-03,0.37203899,0.37683001,0.36454099,0.36985201,0.36985201,1105707649
2022-08-04,0.36986199,0.37459099,0.36539,0.371351,0.371351,916895439
2022-08-05,0.37127799,0.37789899,0.368036,0.37659499,0.37659499,986100302
2022-08-06,0.376605,0.37706101,0.371571,0.371571,0.371571,498759511
2022-08-07,0.37159401,0.376724,0.36930999,0.37250599,0.37250599,509151829
2022-08-08,0.37251499,0.38414201,0.37205601,0.37875399,0.37875399,1030742941
2022-08-09,0.378777,0.379666,0.36293599,0.368101,0.368101,4098651206
2022-08-10,0.36807999,0.38106501,0.36007199,0.38106501,0.38106501,1732723595
2022-08-11,0.381098,0.38510999,0.37839499,0.38056299,0.38056299,1088394568
2022-08-12,0.38053799,0.38053799,0.371483,0.37999499,0.37999499,923071430
2022-08-13,0.37997401,0.38603801,0.37745199,0.37796399,0.37796399,590320028
2022-08-14,0.37799901,0.39093,0.37588799,0.37645099,0.37645099,754512693
2022-08-15,0.37645099,0.384781,0.36796099,0.375774,0.375774,1046905199
2022-08-16,0.37566599,0.37762901,0.36804199,0.37723699,0.37723699,930440616
2022-08-17,0.37722701,0.39089301,0.36984199,0.37970701,0.37970701,1408497181
2022-08-18,0.379711,0.380862,0.370915,0.370965,0.370965,927786270
2022-08-19,0.370969,0.370969,0.33380601,0.335049,0.335049,1645536381
2022-08-20,0.33502001,0.342383,0.33362201,0.33754101,0.33754101,848212364
2022-08-21,0.337475,0.348167,0.33649901,0.34530199,0.34530199,835616993
2022-08-22,0.34528199,0.34528199,0.332524,0.34472099,0.34472099,1001511240
2022-08-23,0.34473401,0.347691,0.33395699,0.347092,0.347092,930696331
2022-08-24,0.347074,0.35213599,0.339634,0.346145,0.346145,957472562
2022-08-25,0.34617901,0.35136601,0.34427899,0.34949699,0.34949699,970585823
2022-08-26,0.349464,0.36956799,0.33393899,0.33837,0.33837,1653482688
2022-08-27,0.338433,0.340249,0.33042699,0.335347,0.335347,920820399
2022-08-28,0.335329,0.337161,0.32309401,0.32309499,0.32309499,596573621
2022-08-29,0.323055,0.33379701,0.319392,0.33379701,0.33379701,980137287
2022-08-30,0.33377901,0.335482,0.321105,0.32686901,0.32686901,948448428
2022-08-31,0.32688701,0.33361301,0.32488501,0.32787001,0.32787001,882676752
2022-09-01,0.327867,0.33319399,0.322368,0.33319399,0.33319399,875126154
2022-09-02,0.33317301,0.334934,0.32630101,0.33125901,0.33125901,899373528
2022-09-03,0.33126399,0.33255699,0.327591,0.32996899,0.32996899,473116925
2022-09-04,0.32995901,0.332526,0.328944,0.331799,0.331799,431905800
2022-09-05,0.331799,0.333235,0.32336599,0.33296001,0.33296001,761048973
2022-09-06,0.332968,0.34261999,0.32107699,0.32220799,0.32220799,1337360825
2022-09-07,0.32215801,0.33844,0.315938,0.337367,0.337367,1128804315
2022-09-08,0.33733699,0.342603,0.32937199,0.34024501,0.34024501,1065222913
2022-09-09,0.34022701,0.35756001,0.33999899,0.357517,0.357517,1487790472
2022-09-10,0.35746801,0.361247,0.35300899,0.35768101,0.35768101,851397394
2022-09-11,0.357683,0.359534,0.35176101,0.35511899,0.35511899,650515883
2022-09-12,0.35514501,0.35944501,0.349269,0.35944501,0.35944501,1077587297
2022-09-13,0.35946399,0.35964301,0.33204401,0.33369201,0.33369201,1443625685
2022-09-14,0.33296001,0.34389299,0.33242601,0.34208199,0.34208199,1227835854
2022-09-15,0.34207499,0.34246099,0.3256,0.32633501,0.32633501,1521572444
2022-09-16,0.32638401,0.35713401,0.32354099,0.35668799,0.35668799,1375977237
2022-09-17,0.35664701,0.37888801,0.34756899,0.377004,0.377004,1621592330
2022-09-18,0.37686801,0.39694101,0.358114,0.35832301,0.35832301,2485765138
2022-09-19,0.35833699,0.39149499,0.34176201,0.38707301,0.38707301,2788638051
2022-09-20,0.386958,0.42152101,0.37248999,0.41518301,0.41518301,3912067532
2022-09-21,0.41516599,0.428325,0.38800901,0.396828,0.396828,3401100359
2022-09-22,0.39653799,0.491229,0.39478499,0.48510101,0.48510101,4916275588
2022-09-23,0.48513699,0.55228299,0.45891801,0.50717098,0.50717098,7798770582
2022-09-24,0.5072,0.51501501,0.47401899,0.48871601,0.48871601,3512953969
2022-09-25,0.48873201,0.518314,0.47873399,0.49262699,0.49262699,3422191941
2022-09-26,0.492681,0.499861,0.45983699,0.46767801,0.46767801,2916387564
2022-09-27,0.46776399,0.485228,0.44031,0.44877601,0.44877601,2838537511
2022-09-28,0.448636,0.45437899,0.419563,0.450672,0.450672,2670489294
2022-09-29,0.45059401,0.50297499,0.42852801,0.48541701,0.48541701,3292742359
2022-09-30,0.48543501,0.495987,0.47221801,0.479774,0.479774,3780354931
2022-10-01,0.47982201,0.48351699,0.469607,0.47510999,0.47510999,1544057825
2022-10-02,0.47511899,0.47743401,0.448158,0.44885001,0.44885001,1524148633
2022-10-03,0.44886801,0.46756801,0.43954799,0.462879,0.462879,1852548565
2022-10-04,0.46287799,0.48459801,0.45296699,0.48017401,0.48017401,2192220219
2022-10-05,0.48012099,0.499331,0.473405,0.489683,0.489683,2480530357
2022-10-06,0.48969901,0.50408697,0.48937199,0.493184,0.493184,1913140571
2022-10-07,0.49327701,0.52164602,0.48420501,0.518278,0.518278,2627481992
2022-10-08,0.51822501,0.52790201,0.51438302,0.51711297,0.51711297,1771062053
2022-10-09,0.51714897,0.54141599,0.50816703,0.53406101,0.53406101,1789206998
2022-10-10,0.53402901,0.537319,0.49701399,0.49701399,0.49701399,2359086772
2022-10-11,0.49666101,0.50089097,0.48091,0.48539701,0.48539701,2303743073
2022-10-12,0.48541301,0.494735,0.48375601,0.48837,0.48837,1375026360
2022-10-13,0.48835301,0.48909599,0.44502401,0.48081201,0.48081201,2840221578
2022-10-14,0.48080599,0.50953698,0.47930399,0.48896599,0.48896599,2184144921
2022-10-15,0.48895699,0.48967001,0.47997999,0.481507,0.481507,842401177
2022-10-16,0.48153001,0.48710299,0.47181299,0.47701001,0.47701001,1028960255
2022-10-17,0.477011,0.481262,0.46533301,0.479918,0.479918,1476868338
2022-10-18,0.479918,0.483354,0.45984399,0.46597701,0.46597701,1380317427
2022-10-19,0.46598801,0.466391,0.45008001,0.45122701,0.45122701,1434466929
2022-10-20,0.45122299,0.46378601,0.43442601,0.448084,0.448084,1712992943
2022-10-21,0.44800401,0.46109799,0.43780601,0.46109799,0.46109799,1644912255
2022-10-22,0.46108699,0.47005999,0.45728701,0.46546999,0.46546999,884856882
2022-10-23,0.46549001,0.47100601,0.45343801,0.469033,0.469033,950974305
2022-10-24,0.469037,0.47098199,0.449691,0.453821,0.453821,1293537737
2022-10-25,0.453807,0.47101399,0.445384,0.46154401,0.46154401,1605966218
2022-10-26,0.46146601,0.47025099,0.458092,0.469376,0.469376,1440473976
2022-10-27,0.46939501,0.48045599,0.46097699,0.46240699,0.46240699,1694861069
2022-10-28,0.46242699,0.47467399,0.45778501,0.47398099,0.47398099,1201992237
2022-10-29,0.473984,0.481666,0.46769699,0.47041601,0.47041601,1404785407
2022-10-30,0.47040701,0.47251001,0.45564201,0.458455,0.458455,964813817
2022-10-31,0.45840099,0.46611401,0.449523,0.46591499,0.46591499,1462007947
2022-11-01,0.465821,0.46640101,0.45527601,0.46457699,0.46457699,1273429763
2022-11-02,0.46452501,0.46529999,0.447824,0.450874,0.450874,1381853436
2022-11-03,0.450885,0.459362,0.45009801,0.45513499,0.45513499,1086924485
2022-11-04,0.45514101,0.50511098,0.45399699,0.50440401,0.50440401,2774226120
2022-11-05,0.50443298,0.50710303,0.49210399,0.49333,0.49333,1216193223
2022-11-06,0.493325,0.49429601,0.47047901,0.47067001,0.47067001,940815148
2022-11-07,0.47068399,0.47916999,0.46215999,0.465857,0.465857,1592938583
2022-11-08,0.46582499,0.466629,0.36206001,0.40624201,0.40624201,3984776863
2022-11-09,0.40625301,0.40985799,0.32581499,0.33318099,0.33318099,3642933610
2022-11-10,0.33315301,0.400451,0.33121899,0.39570501,0.39570501,3104223968
2022-11-11,0.39564899,0.39768299,0.36929199,0.384159,0.384159,1720205430
2022-11-12,0.38418001,0.38418001,0.361415,0.363677,0.363677,931936263
2022-11-13,0.36367199,0.36875901,0.33533701,0.340296,0.340296,1064115311
2022-11-14,0.34033,0.37789899,0.32395899,0.37640601,0.37640601,2400878272
2022-11-15,0.37634,0.395937,0.36847201,0.38852099,0.38852099,1966568664
2022-11-16,0.38853201,0.39026099,0.364856,0.37630099,0.37630099,1315104592
2022-11-17,0.37628999,0.38478601,0.370406,0.38254401,0.38254401,1326199204
2022-11-18,0.382543,0.38637599,0.37602299,0.38306299,0.38306299,945178987
2022-11-19,0.38305601,0.38744399,0.37690601,0.38469899,0.38469899,571403780
2022-11-20,0.38469699,0.393585,0.36104199,0.361945,0.361945,1156162576
2022-11-21,0.36194599,0.36719599,0.34779701,0.36479899,0.36479899,2153323835
2022-11-22,0.36472401,0.377673,0.352447,0.37606099,0.37606099,1363821412
2022-11-23,0.37604299,0.381789,0.36906999,0.38158101,0.38158101,1100062349
2022-11-24,0.38157901,0.40397701,0.375442,0.40199199,0.40199199,1259638131
2022-11-25,0.40198201,0.41690999,0.39023301,0.40841201,0.40841201,1269230070
2022-11-26,0.40841001,0.412276,0.39508599,0.39662901,0.39662901,614794664
2022-11-27,0.396606,0.407911,0.395971,0.39682099,0.39682099,630018233
2022-11-28,0.39680099,0.398779,0.37551999,0.39031801,0.39031801,1179083829
2022-11-29,0.390279,0.40297601,0.38425499,0.39854899,0.39854899,969049648
2022-11-30,0.39855301,0.41081399,0.39517999,0.40874299,0.40874299,933343511
2022-12-01,0.40874401,0.408981,0.395475,0.39670801,0.39670801,742091191
2022-12-02,0.396714,0.39758599,0.38550499,0.39627299,0.39627299,778302835
2022-12-03,0.39627099,0.39641801,0.387611,0.388147,0.388147,496500336
2022-12-04,0.38812199,0.39282399,0.387541,0.390735,0.390735,450960651
2022-12-05,0.390645,0.39460301,0.383432,0.389584,0.389584,890179719
2022-12-06,0.38960001,0.39225999,0.381679,0.39209399,0.39209399,814317329
2022-12-07,0.39209101,0.39209101,0.37658301,0.38372099,0.38372099,839949038
2022-12-08,0.383719,0.39501399,0.383605,0.39454499,0.39454499,770396956
2022-12-09,0.39455,0.39492899,0.38622001,0.389153,0.389153,693718603
2022-12-10,0.389162,0.38931701,0.38620701,0.38669801,0.38669801,331624480
2022-12-11,0.38671201,0.38853401,0.38055399,0.381749,0.381749,366643114
2022-12-12,0.381731,0.38875201,0.372695,0.38739401,0.38739401,881038173
2022-12-13,0.38738599,0.39608499,0.37926999,0.39510199,0.39510199,1137292765
2022-12-14,0.39510101,0.395253,0.38086301,0.38641399,0.38641399,893235466
2022-12-15,0.38638699,0.38666099,0.375375,0.37823701,0.37823701,739736057
2022-12-16,0.378214,0.37963,0.34812599,0.35198799,0.35198799,1061370203
2022-12-17,0.351915,0.35641801,0.34883901,0.35481,0.35481,590468250
2022-12-18,0.35481301,0.35495999,0.34859201,0.35027,0.35027,313888826
2022-12-19,0.35028499,0.35255301,0.33430699,0.33886999,0.33886999,986711247
2022-12-20,0.33890399,0.35282201,0.33725899,0.34937301,0.34937301,932296715
2022-12-21,0.349332,0.350151,0.33973601,0.34602001,0.34602001,743732204
2022-12-22,0.34597099,0.34979001,0.342374,0.34959999,0.34959999,685101342
2022-12-23,0.34959099,0.35454601,0.34770301,0.35427299,0.35427299,577979156
2022-12-24,0.354278,0.35430199,0.35149899,0.35217899,0.35217899,225391032
2022-12-25,0.35218799,0.35218799,0.34472299,0.34639201,0.34639201,323700210
2022-12-26,0.34638301,0.36910301,0.34596899,0.36572301,0.36572301,797909103
2022-12-27,0.36572799,0.37226999,0.35944101,0.368126,0.368126,905248563
2022-12-28,0.36812201,0.368543,0.35613599,0.35653099,0.35653099,839617676
2022-12-29,0.35652399,0.357225,0.338911,0.34284601,0.34284601,898022518
2022-12-30,0.34283099,0.34531301,0.33533299,0.34501699,0.34501699,672119602
2022-12-31,0.34503201,0.34509999,0.33986801,0.33992901,0.33992901,337167278
2023-01-01,0.33992299,0.33992299,0.33633199,0.338763,0.338763,290828851
2023-01-02,0.338774,0.354105,0.321628,0.34855601,0.34855601,1325787126
2023-01-03,0.348544,0.35104901,0.34200999,0.343824,0.343824,811872325
2023-01-04,0.343831,0.35088,0.342839,0.347794,0.347794,803671745
2023-01-05,0.34779301,0.34833899,0.33751699,0.33803901,0.33803901,669029812
2023-01-06,0.33804101,0.345469,0.332831,0.34464499,0.34464499,741263420
2023-01-07,0.34463799,0.34552199,0.34200901,0.34426799,0.34426799,334559534
2023-01-08,0.344266,0.345523,0.33923,0.34535801,0.34535801,515669684
2023-01-09,0.34534699,0.35660899,0.34428999,0.34933999,0.34933999,1420062936
2023-01-10,0.349325,0.353811,0.34530801,0.35124099,0.35124099,815342810
2023-01-11,0.35125399,0.376026,0.34871599,0.37415799,0.37415799,1498360174
2023-01-12,0.37382701,0.37832201,0.36586899,0.37519699,0.37519699,1226464922
2023-01-13,0.375186,0.386446,0.37064001,0.385804,0.385804,990539135
2023-01-14,0.38580701,0.40788999,0.38580701,0.39544299,0.39544299,1601102466
2023-01-15,0.39546901,0.39618999,0.38105199,0.38488099,0.38488099,829206058
2023-01-16,0.38487801,0.40504399,0.38086399,0.386576,0.386576,1454332113
2023-01-17,0.38659701,0.397535,0.38017601,0.38771099,0.38771099,1025137174
2023-01-18,0.38769001,0.39520901,0.37132099,0.37945199,0.37945199,1484076132
2023-01-19,0.379419,0.39520901,0.37761801,0.393785,0.393785,1108881766
2023-01-20,0.39375401,0.41341999,0.38701701,0.413344,0.413344,1053958522
2023-01-21,0.41335899,0.41588101,0.403303,0.40353301,0.40353301,1037235129
2023-01-22,0.40357301,0.41109899,0.397903,0.400967,0.400967,780764704
2023-01-23,0.40096,0.431117,0.400433,0.424943,0.424943,1980513812
2023-01-24,0.424777,0.42954499,0.405651,0.40770701,0.40770701,1265360172
2023-01-25,0.407745,0.423475,0.399544,0.41769299,0.41769299,1104907019
2023-01-26,0.41757399,0.41776401,0.40773499,0.41010299,0.41010299,892174687
2023-01-27,0.41009799,0.41323099,0.40089801,0.41279101,0.41279101,813986938
2023-01-28,0.41279799,0.41551399,0.407047,0.40813401,0.40813401,508978347
2023-01-29,0.40813899,0.41713601,0.407309,0.413764,0.413764,566580331
2023-01-30,0.41377199,0.42037401,0.391159,0.394591,0.394591,1240049824
2023-01-31,0.39456099,0.41088301,0.38968301,0.406389,0.406389,1026848071
2023-02-01,0.40635699,0.41545001,0.39803499,0.413892,0.413892,1066789793
2023-02-02,0.41383201,0.41854399,0.409509,0.409747,0.409747,996287377
2023-02-03,0.40974101,0.41352999,0.40740201,0.41220501,0.41220501,848078651
2023-02-04,0.41212001,0.41934901,0.408319,0.41130501,0.41130501,583121354
2023-02-05,0.41126901,0.41191599,0.396308,0.39893699,0.39893699,758068911
2023-02-06,0.39897001,0.4034,0.39222699,0.39282399,0.39282399,950972502
2023-02-07,0.392827,0.404636,0.39093599,0.40390399,0.40390399,1015414418
2023-02-08,0.40386999,0.40526101,0.39533401,0.39805201,0.39805201,853007396
2023-02-09,0.39805999,0.40709099,0.377222,0.38246599,0.38246599,1488178634
2023-02-10,0.382442,0.38762701,0.37862,0.38264501,0.38264501,877457864
2023-02-11,0.38264599,0.38411099,0.38090101,0.38400799,0.38400799,436697705
2023-02-12,0.383982,0.384864,0.37445199,0.37528199,0.37528199,492457255
2023-02-13,0.37524,0.37818101,0.364122,0.37167501,0.37167501,1129015396
2023-02-14,0.371611,0.38324499,0.36563501,0.38240701,0.38240701,1022310518
2023-02-15,0.382364,0.401862,0.37724799,0.40135199,0.40135199,1072284900
2023-02-16,0.40134799,0.403642,0.38508999,0.38515699,0.38515699,1194494182
2023-02-17,0.38510701,0.399634,0.38288099,0.395302,0.395302,969213569
2023-02-18,0.395302,0.39684901,0.39188299,0.39463001,0.39463001,499633442
2023-02-19,0.39459699,0.39761499,0.38618699,0.38631701,0.38631701,727659069
2023-02-20,0.38637799,0.407323,0.381749,0.398525,0.398525,1354318620
2023-02-21,0.39851901,0.40143499,0.388073,0.39190501,0.39190501,1103766687
2023-02-22,0.39190799,0.396391,0.383926,0.39558601,0.39558601,1114714971
2023-02-23,0.39558601,0.39746299,0.38671201,0.38913,0.38913,917426306
2023-02-24,0.389088,0.39054701,0.37413299,0.37847701,0.37847701,953355531
2023-02-25,0.37850699,0.379419,0.37224999,0.37808499,0.37808499,552223148
2023-02-26,0.37808499,0.380606,0.37542,0.378041,0.378041,441815645
2023-02-27,0.378005,0.38004199,0.37215799,0.37911499,0.37911499,1049508853
2023-02-28,0.37912101,0.382433,0.373027,0.37715,0.37715,1000693267
2023-03-01,0.37713301,0.38424599,0.37366599,0.38387901,0.38387901,912485438
2023-03-02,0.383881,0.38419899,0.37448299,0.37757999,0.37757999,812536878
2023-03-03,0.37758699,0.37915599,0.35989401,0.377671,0.377671,1204150691
2023-03-04,0.377671,0.37952101,0.37027401,0.373813,0.373813,556621575
2023-03-05,0.37381899,0.37712699,0.36679599,0.367194,0.367194,505577640
2023-03-06,0.367176,0.37323999,0.36099699,0.370471,0.370471,1161608429
2023-03-07,0.37044001,0.383995,0.36815,0.380548,0.380548,1479466647
2023-03-08,0.38055599,0.39906001,0.37376001,0.38918799,0.38918799,1881889627
2023-03-09,0.38917601,0.39637801,0.36666,0.37213001,0.37213001,1727254553
2023-03-10,0.37209401,0.37471101,0.359882,0.37062201,0.37062201,1450894929
2023-03-11,0.37064299,0.37470099,0.36208299,0.36683199,0.36683199,1051093584
2023-03-12,0.36682701,0.37331799,0.35247299,0.37331799,0.37331799,1102164948
2023-03-13,0.37335399,0.381001,0.35814199,0.373786,0.373786,1694593960
2023-03-14,0.37379,0.38747901,0.367318,0.37427899,0.37427899,1527899940
2023-03-15,0.37432599,0.37722099,0.35876,0.360558,0.360558,1062482118
2023-03-16,0.360636,0.36726499,0.35853699,0.366025,0.366025,692737535
2023-03-17,0.36601499,0.38131699,0.36359301,0.380382,0.380382,1046497903
2023-03-18,0.38040999,0.387869,0.373449,0.37443301,0.37443301,867351027
2023-03-19,0.374441,0.400006,0.374441,0.38846499,0.38846499,1189636323
2023-03-20,0.388374,0.392115,0.374033,0.37462801,0.37462801,1074222480
2023-03-21,0.37461901,0.49136701,0.37450901,0.46970999,0.46970999,4178958939
2023-03-22,0.46965101,0.474547,0.41293401,0.42247999,0.42247999,3312385991
2023-03-23,0.42245099,0.45408499,0.41547701,0.44485,0.44485,2161421825
2023-03-24,0.44485599,0.44487399,0.41803399,0.42590201,0.42590201,1314887049
2023-03-25,0.42591101,0.46364501,0.424218,0.44471601,0.44471601,1832767576
2023-03-26,0.444675,0.462962,0.442772,0.44881701,0.44881701,1090501588
2023-03-27,0.44884101,0.48761299,0.443896,0.47999099,0.47999099,2730255979
2023-03-28,0.48007399,0.52975601,0.47020099,0.51505798,0.51505798,3163217119
2023-03-29,0.51500499,0.58039999,0.51496202,0.54357702,0.54357702,4092945977
2023-03-30,0.54366899,0.554223,0.527192,0.53424901,0.53424901,2694676898
2023-03-31,0.534316,0.54692298,0.52855802,0.53849202,0.53849202,1934253477
2023-04-01,0.538472,0.538472,0.50153899,0.514741,0.514741,1829835076
2023-04-02,0.50996101,0.52849501,0.50352103,0.51895303,0.51895303,1488648839
2023-04-03,0.518933,0.52316701,0.486949,0.49696001,0.49696001,1655872706
2023-04-04,0.49689001,0.50764102,0.488974,0.503479,0.503479,1230443035
2023-04-05,0.503483,0.525639,0.50006402,0.506235,0.506235,1402532299
2023-04-06,0.506257,0.509013,0.49452499,0.50329798,0.50329798,1077113140
2023-04-07,0.50330597,0.51416498,0.49910799,0.51373601,0.51373601,1060408546
2023-04-08,0.51372999,0.51372999,0.50444102,0.50571603,0.50571603,587641054
2023-04-09,0.50569397,0.50914299,0.50092697,0.50583398,0.50583398,550582813
2023-04-10,0.50579298,0.51967299,0.50125903,0.518318,0.518318,914389505
2023-04-11,0.51830798,0.52630597,0.51329398,0.51751798,0.51751798,1206362804
2023-04-12,0.51756603,0.51799601,0.50141501,0.50611502,0.50611502,1063340695
2023-04-13,0.50518203,0.514772,0.50259101,0.51329201,0.51329201,963105081
2023-04-14,0.51333499,0.543841,0.51247698,0.52399302,0.52399302,1597156518
2023-04-15,0.52397299,0.525805,0.51827699,0.52044398,0.52044398,670556486
2023-04-16,0.52043003,0.52425402,0.51723897,0.52139199,0.52139199,631212313
2023-04-17,0.52136099,0.52136099,0.50827599,0.511127,0.511127,1021376248
2023-04-18,0.511136,0.53596199,0.51061702,0.53226399,0.53226399,1169237634
2023-04-19,0.53224701,0.534383,0.48925799,0.49159899,0.49159899,2047949057
2023-04-20,0.49151999,0.49882701,0.46867099,0.47485799,0.47485799,1484251970
2023-04-21,0.47487399,0.47876999,0.44273901,0.44939601,0.44939601,1412575276
2023-04-22,0.44940099,0.47453499,0.446767,0.47266099,0.47266099,948350839
2023-04-23,0.47266001,0.47266001,0.45586401,0.46501601,0.46501601,745785219
2023-04-24,0.46501699,0.48253301,0.45103601,0.46127301,0.46127301,1287683583
2023-04-25,0.461265,0.471495,0.452048,0.46999499,0.46999499,1120038773
2023-04-26,0.46998799,0.48248199,0.441331,0.462037,0.462037,1585410692
2023-04-27,0.462053,0.46928099,0.45739001,0.46686801,0.46686801,1631460643
2023-04-28,0.466885,0.481096,0.46462199,0.48027101,0.48027101,1145414603
2023-04-29,0.48023701,0.48506099,0.47572601,0.47840899,0.47840899,611537970
2023-04-30,0.47837701,0.48181599,0.470954,0.472332,0.472332,556459700
2023-05-01,0.47220501,0.472579,0.45718199,0.464966,0.464966,941003865
2023-05-02,0.46497601,0.46582901,0.459436,0.46495101,0.46495101,903846077
2023-05-03,0.464959,0.46525899,0.45143601,0.463494,0.463494,1049175706
2023-05-04,0.46348801,0.46497399,0.45601901,0.461573,0.461573,752455291
2023-05-05,0.461564,0.46978301,0.458258,0.46779999,0.46779999,857113580
2023-05-06,0.467821,0.46908101,0.45476401,0.45954901,0.45954901,592275764
2023-05-07,0.459499,0.46103901,0.45024899,0.45036399,0.45036399,440082859
2023-05-08,0.45034599,0.45173699,0.41855299,0.42891499,0.42891499,1307982057
2023-05-09,0.42888901,0.43015799,0.42190501,0.42988801,0.42988801,911350658
2023-05-10,0.42980501,0.433696,0.41782501,0.43087301,0.43087301,1068763583
2023-05-11,0.430886,0.430886,0.41296199,0.42187899,0.42187899,906511894
2023-05-12,0.421803,0.439969,0.41771999,0.430718,0.430718,1174284548
2023-05-13,0.43072,0.43094501,0.424714,0.42490301,0.42490301,389293055
2023-05-14,0.42487201,0.431337,0.423152,0.42585999,0.42585999,369801280
2023-05-15,0.425861,0.43029299,0.42282799,0.427562,0.427562,749923785
2023-05-16,0.4276,0.441434,0.42020699,0.44142199,0.44142199,963282009
2023-05-17,0.44140899,0.459591,0.43888101,0.448589,0.448589,1518727788
2023-05-18,0.448567,0.47125199,0.44383299,0.46029899,0.46029899,1356400752
2023-05-19,0.46027699,0.4738,0.45853001,0.46798199,0.46798199,1083307614
2023-05-20,0.46799201,0.470808,0.46352899,0.46908101,0.46908101,479336096
2023-05-21,0.46907499,0.470622,0.45659199,0.45754999,0.45754999,537234089
2023-05-22,0.45757499,0.46632501,0.45214999,0.46160099,0.46160099,904918280
2023-05-23,0.46160901,0.46683699,0.45944399,0.46542999,0.46542999,829964870
2023-05-24,0.46544099,0.46544099,0.44746399,0.45360899,0.45360899,1029450864
2023-05-25,0.45358601,0.454629,0.445622,0.45373401,0.45373401,697466810
2023-05-26,0.45374301,0.46957099,0.45300701,0.46913999,0.46913999,947890355
2023-05-27,0.46911699,0.47772101,0.46671599,0.47224501,0.47224501,634937525
2023-05-28,0.47224,0.48581499,0.47078401,0.482889,0.482889,570647795
2023-05-29,0.48287499,0.49435201,0.47790399,0.494151,0.494151,1039953786
2023-05-30,0.494232,0.52542597,0.490547,0.52193803,0.52193803,2119990185
2023-05-31,0.52189499,0.52719802,0.50245601,0.51738602,0.51738602,1585723566
2023-06-01,0.51738799,0.517389,0.50319898,0.50731701,0.50731701,1095700204
2023-06-02,0.50730401,0.52632803,0.504969,0.52538699,0.52538699,1070731055
2023-06-03,0.52535599,0.52991301,0.51704597,0.51935101,0.51935101,684948363
2023-06-04,0.51936603,0.54471099,0.51661402,0.53591102,0.53591102,943439712
2023-06-05,0.53600597,0.54143298,0.49354601,0.51039398,0.51039398,2077075618
2023-06-06,0.51038301,0.53180897,0.498234,0.53046399,0.53046399,1595950808
2023-06-07,0.53042799,0.53712302,0.50893402,0.51962799,0.51962799,1649651366
2023-06-08,0.51961201,0.52733302,0.51696199,0.52454603,0.52454603,954016646
2023-06-09,0.52454197,0.53988397,0.52167302,0.53791702,0.53791702,1233816475
2023-06-10,0.53797197,0.53803003,0.48236501,0.50819898,0.50819898,2110109968
2023-06-11,0.50818998,0.52839702,0.50434703,0.52122098,0.52122098,828115958
2023-06-12,0.52116299,0.52752399,0.51108998,0.52572101,0.52572101,1199140307
2023-06-13,0.52567798,0.56137699,0.50876498,0.52008599,0.52008599,2617707336
2023-06-14,0.52008599,0.52021003,0.46748,0.48021999,0.48021999,1757437649
2023-06-15,0.48022699,0.48450199,0.469558,0.48011801,0.48011801,1180880587
2023-06-16,0.48010701,0.48234901,0.45928499,0.475743,0.475743,1166129294
2023-06-17,0.47576401,0.48522899,0.47057399,0.47979,0.47979,635717535
2023-06-18,0.47978699,0.49669701,0.47657099,0.487573,0.487573,743984056
2023-06-19,0.48757201,0.49728,0.483711,0.493395,0.493395,870856054
2023-06-20,0.493424,0.49555799,0.47378299,0.49287,0.49287,1073485912
2023-06-21,0.492861,0.50252199,0.490334,0.50069499,0.50069499,1305891782
2023-06-22,0.50064099,0.523157,0.49131301,0.494975,0.494975,1518125316
2023-06-23,0.49496299,0.50189,0.486148,0.496566,0.496566,1108503309
2023-06-24,0.49657601,0.49657601,0.48282799,0.487313,0.487313,693890997
2023-06-25,0.48731601,0.49564299,0.48420799,0.49027699,0.49027699,681228509
2023-06-26,0.49027899,0.49125299,0.474574,0.479332,0.479332,953227780
2023-06-27,0.479357,0.484997,0.47723201,0.48383999,0.48383999,847044879
2023-06-28,0.48383901,0.48390999,0.456541,0.465222,0.465222,989599376
2023-06-29,0.46517101,0.47672299,0.462396,0.474722,0.474722,718808031
2023-06-30,0.47469899,0.48227,0.45651001,0.47403699,0.47403699,1261905827
2023-07-01,0.47402,0.47545499,0.46560401,0.47352201,0.47352201,737421634
2023-07-02,0.47351599,0.49452999,0.47132701,0.48449299,0.48449299,1154671474
2023-07-03,0.48449799,0.49091101,0.47971299,0.48954701,0.48954701,1059955641
2023-07-04,0.48951,0.49262199,0.48333699,0.48784199,0.48784199,841667226
2023-07-05,0.48780999,0.49160001,0.471154,0.47827199,0.47827199,950150566
2023-07-06,0.47822899,0.48378101,0.463296,0.46373901,0.46373901,950187883
2023-07-07,0.46371499,0.470485,0.46063,0.46876499,0.46876499,682747263
2023-07-08,0.468757,0.47396201,0.46604499,0.470644,0.470644,409435365
2023-07-09,0.470644,0.471789,0.468117,0.46855,0.46855,324938269
2023-07-10,0.46855399,0.47998601,0.46460599,0.47766399,0.47766399,885726455
2023-07-11,0.477685,0.47828799,0.47180799,0.475719,0.475719,645625637
2023-07-12,0.47569099,0.47702101,0.46785799,0.47110501,0.47110501,715809444
2023-07-13,0.47110099,0.88751101,0.470103,0.81536502,0.81536502,10397344596
2023-07-14,0.81619698,0.82141203,0.68076301,0.71915698,0.71915698,7060210982
2023-07-15,0.71921599,0.73102099,0.69690102,0.71327901,0.71327901,3369947488
2023-07-16,0.71335298,0.787332,0.70972502,0.74686003,0.74686003,3937651423
2023-07-17,0.746966,0.76030201,0.71842498,0.739205,0.739205,2506419441
2023-07-18,0.739097,0.78098899,0.73609298,0.77954,0.77954,2626009775
2023-07-19,0.77958697,0.84184098,0.77433503,0.82069403,0.82069403,3954595150
2023-07-20,0.82064497,0.84679902,0.77394497,0.79405802,0.79405802,2843382854
2023-07-21,0.79403001,0.79799902,0.76414198,0.77250201,0.77250201,1860721533
2023-07-22,0.77244699,0.77891201,0.73067999,0.73328698,0.73328698,1637792182
2023-07-23,0.733307,0.75055897,0.71930897,0.73868299,0.73868299,1541388766
2023-07-24,0.73864698,0.74150699,0.68757802,0.70276499,0.70276499,2266820366
2023-07-25,0.70281702,0.71409899,0.67914897,0.70959997,0.70959997,1813094168
2023-07-26,0.70962,0.729527,0.69607598,0.71579897,0.71579897,1676809706
2023-07-27,0.715801,0.72707498,0.70910501,0.71364599,0.71364599,1480051564
2023-07-28,0.713633,0.71754301,0.70450997,0.71256799,0.71256799,1055913805
2023-07-29,0.71254301,0.71461099,0.70686698,0.71273899,0.71273899,725769153
2023-07-30,0.71272302,0.72981,0.693537,0.705136,0.705136,1323282055
2023-07-31,0.70511001,0.71736401,0.69215399,0.69852102,0.69852102,1488758727
2023-08-01,0.69850302,0.70721102,0.683532,0.70721102,0.70721102,1438067858
2023-08-02,0.70708698,0.70708698,0.68023199,0.68519503,0.68519503,1132335650
2023-08-03,0.68518001,0.68676102,0.65885103,0.66413498,0.66413498,1414576525
2023-08-04,0.66408801,0.66644198,0.63030398,0.635539,0.635539,1342066974
2023-08-05,0.63553202,0.63553202,0.61263698,0.62842298,0.62842298,1142144189
2023-08-06,0.628429,0.63643497,0.62163401,0.62308699,0.62308699,849060664
2023-08-07,0.62309301,0.62777799,0.60497802,0.62193102,0.62193102,1417493753
2023-08-08,0.62192798,0.64488602,0.615318,0.64240599,0.64240599,1296031585
2023-08-09,0.64237499,0.66234398,0.63465297,0.64336503,0.64336503,1659437400
2023-08-10,0.64334601,0.64344001,0.62527603,0.63298601,0.63298601,1159039975
2023-08-11,0.63299102,0.639148,0.62733299,0.631675,0.631675,885715586
2023-08-12,0.631657,0.63215202,0.62554199,0.62720501,0.62720501,519563800
2023-08-13,0.62719202,0.63704097,0.62490302,0.62610197,0.62610197,635297148
2023-08-14,0.62609798,0.63545102,0.62472397,0.63428199,0.63428199,939329129
2023-08-15,0.634238,0.634238,0.593503,0.60959899,0.60959899,1230727429
2023-08-16,0.60958803,0.61431497,0.57905197,0.588328,0.588328,1688583741
2023-08-17,0.58834398,0.59347099,0.468106,0.50714201,0.50714201,2425926882
2023-08-18,0.507245,0.517061,0.48759499,0.5061,0.5061,2169285316
2023-08-19,0.50612801,0.52320802,0.50197601,0.519629,0.519629,1038954380
2023-08-20,0.51963902,0.55295902,0.51732898,0.53954703,0.53954703,1471670949
2023-08-21,0.53954798,0.53978199,0.51004899,0.52453798,0.52453798,1445315789
2023-08-22,0.52453601,0.524818,0.50634301,0.52092999,0.52092999,1227160129
2023-08-23,0.52091902,0.53477103,0.51643598,0.52990198,0.52990198,1007927236
2023-08-24,0.52991301,0.53138399,0.51330501,0.51841301,0.51841301,881617931
2023-08-25,0.51845801,0.52977401,0.50874299,0.52624601,0.52624601,1067427241
2023-08-26,0.526218,0.52686501,0.519306,0.52346998,0.52346998,541153725
2023-08-27,0.52348399,0.52960199,0.52151603,0.523844,0.523844,584757090
2023-08-28,0.52384001,0.52435303,0.51267302,0.52324802,0.52324802,842593344
2023-08-29,0.52325201,0.54657602,0.513771,0.54006499,0.54006499,1468584828
2023-08-30,0.54004502,0.54016501,0.52315199,0.52819401,0.52819401,967541032
2023-08-31,0.52819502,0.52846199,0.50507998,0.51079899,0.51079899,1074749312
2023-09-01,0.51078802,0.51162302,0.488601,0.49807501,0.49807501,1097204087
2023-09-02,0.49805999,0.50211,0.49536201,0.499091,0.499091,661651382
2023-09-03,0.49910799,0.50918603,0.497839,0.50504899,0.50504899,622598422
2023-09-04,0.50504899,0.51206797,0.49899301,0.50837499,0.50837499,843268290
2023-09-05,0.50839698,0.50839698,0.50012302,0.50541103,0.50541103,750823613
2023-09-06,0.505431,0.50545502,0.49381101,0.50324303,0.50324303,773743079
2023-09-07,0.50323701,0.506091,0.497338,0.504857,0.504857,699614463
2023-09-08,0.50486499,0.50671798,0.49702901,0.50484997,0.50484997,709453301
2023-09-09,0.50485897,0.50485897,0.50202799,0.50385499,0.50385499,359744792
2023-09-10,0.50385797,0.503883,0.495419,0.497814,0.497814,506251985
2023-09-11,0.49778599,0.49801499,0.46707901,0.474374,0.474374,1280910602
2023-09-12,0.47438899,0.48482999,0.470752,0.48073801,0.48073801,1026076357
2023-09-13,0.480757,0.48678699,0.47493401,0.48377499,0.48377499,899389429
2023-09-14,0.483767,0.49311501,0.48065099,0.48945701,0.48945701,783751989
2023-09-15,0.48946801,0.50507402,0.48897699,0.500875,0.500875,951792585
2023-09-16,0.50084901,0.50316799,0.49884501,0.49987999,0.49987999,517370943
2023-09-17,0.49990699,0.50037199,0.49202201,0.49304101,0.49304101,500486648
2023-09-18,0.493029,0.50663197,0.48954701,0.50320297,0.50320297,955363038
2023-09-19,0.503187,0.515975,0.50183702,0.51415098,0.51415098,981191150
2023-09-20,0.51413298,0.524266,0.510391,0.52135497,0.52135497,1081193591
2023-09-21,0.52135801,0.52135801,0.50202298,0.50717902,0.50717902,1120291947
2023-09-22,0.50719398,0.51618099,0.50560898,0.51251,0.51251,712954688
2023-09-23,0.51249802,0.51351899,0.50688601,0.50803399,0.50803399,382427235
2023-09-24,0.50801599,0.51131701,0.50143301,0.502388,0.502388,404611925
2023-09-25,0.50238699,0.50646901,0.49258301,0.50546098,0.50546098,852958013
2023-09-26,0.50545502,0.50665498,0.498804,0.50170797,0.50170797,782380755
2023-09-27,0.50170398,0.50647599,0.497374,0.49959701,0.49959701,748882159
2023-09-28,0.49959001,0.509525,0.49560601,0.509525,0.509525,786510398
2023-09-29,0.50953698,0.54545701,0.50681698,0.52171898,0.52171898,1721538761
2023-09-30,0.521689,0.521689,0.51520699,0.515405,0.515405,544604664
2023-10-01,0.51536798,0.52521998,0.514943,0.52420402,0.52420402,549430554
2023-10-02,0.52420402,0.52554297,0.51099002,0.51283199,0.51283199,946645872
2023-10-03,0.51281202,0.54490101,0.507465,0.538387,0.538387,1206543606
2023-10-04,0.53840399,0.541013,0.52326202,0.53293103,0.53293103,1467518350
2023-10-05,0.53295702,0.53295702,0.51882797,0.52336597,0.52336597,823945282
2023-10-06,0.52335399,0.52907902,0.51849401,0.52619302,0.52619302,684500790
2023-10-07,0.52618998,0.52618998,0.52083302,0.52190602,0.52190602,321512118
2023-10-08,0.52187902,0.52354002,0.51726401,0.51796103,0.51796103,356449311
2023-10-09,0.51797301,0.51976699,0.49529099,0.503227,0.503227,989847649
2023-10-10,0.50325602,0.50325602,0.49329701,0.49743599,0.49743599,670612869
2023-10-11,0.497379,0.49779099,0.48085999,0.48883799,0.48883799,794253917
2023-10-12,0.48879799,0.488857,0.47563699,0.48304999,0.48304999,812745907
2023-10-13,0.48304901,0.48978901,0.479341,0.485699,0.485699,696915013
2023-10-14,0.48569,0.48798001,0.48397401,0.48677501,0.48677501,357321203
2023-10-15,0.48677301,0.48999199,0.48566499,0.48784599,0.48784599,385469444
2023-10-16,0.487838,0.505458,0.486157,0.49797699,0.49797699,1082594336
2023-10-17,0.497982,0.49813801,0.48860499,0.491694,0.491694,773438395
2023-10-18,0.49170399,0.49220499,0.48742199,0.48831901,0.48831901,734621817
2023-10-19,0.48831201,0.52249599,0.478668,0.520127,0.520127,1385006018
2023-10-20,0.520078,0.52910298,0.510005,0.51600403,0.51600403,1369774008
2023-10-21,0.51599002,0.52948201,0.51232898,0.52124298,0.52124298,656496071
2023-10-22,0.52119797,0.52384901,0.51600099,0.52248698,0.52248698,556378450
2023-10-23,0.52359802,0.550538,0.52182603,0.54686999,0.54686999,1699115599
2023-10-24,0.546893,0.582973,0.53745502,0.558532,0.558532,2705905445
2023-10-25,0.55861998,0.56237698,0.542238,0.55530602,0.55530602,1396455738
2023-10-26,0.55535299,0.56677502,0.54455203,0.55368298,0.55368298,1401251370
2023-10-27,0.55368501,0.55756599,0.539478,0.54610699,0.54610699,1048891335
2023-10-28,0.54571497,0.55004698,0.54165202,0.54539102,0.54539102,566792583
2023-10-29,0.54537201,0.56090599,0.54218602,0.55639398,0.55639398,655356620
2023-10-30,0.55638999,0.58320498,0.55059803,0.57894403,0.57894403,1527609944
2023-10-31,0.57892799,0.612737,0.56649297,0.60028201,0.60028201,2218043567
2023-11-01,0.60029501,0.615906,0.58226198,0.60953802,0.60953802,1779920317
2023-11-02,0.60954398,0.62410599,0.59323001,0.60643899,0.60643899,1826715430
2023-11-03,0.60638601,0.61523801,0.59391898,0.613002,0.613002,1403532406
2023-11-04,0.61303997,0.61802101,0.610138,0.616184,0.616184,811373229
2023-11-05,0.61618,0.661147,0.615291,0.661147,0.661147,1923304412
2023-11-06,0.66112697,0.72987199,0.66066098,0.71551698,0.71551698,3293503683
2023-11-07,0.715505,0.715505,0.65765899,0.68640202,0.68640202,2813667010
2023-11-08,0.68632001,0.69689602,0.67402899,0.68807602,0.68807602,1770450557
2023-11-09,0.68803102,0.70431298,0.64631897,0.66747499,0.66747499,3292007279
2023-11-10,0.66760302,0.67053902,0.64311099,0.66057497,0.66057497,2009821437
2023-11-11,0.66056001,0.68074101,0.64431602,0.66273499,0.66273499,1754960201
2023-11-12,0.66274798,0.67045301,0.650388,0.66153598,0.66153598,988542527
2023-11-13,0.66159803,0.740569,0.64518797,0.67152399,0.67152399,3089036403
2023-11-14,0.67149401,0.67149401,0.60761702,0.629673,0.629673,2298949026
2023-11-15,0.62972599,0.65015399,0.62656403,0.64964801,0.64964801,1441133011
2023-11-16,0.64960903,0.65205902,0.60741699,0.61216801,0.61216801,1756409884
2023-11-17,0.61219901,0.62383997,0.58998698,0.61371702,0.61371702,1462505199
2023-11-18,0.613738,0.61448801,0.59331697,0.61118901,0.61118901,836754904
2023-11-19,0.61118698,0.62871999,0.60304302,0.62749898,0.62749898,960738459
2023-11-20,0.62742001,0.62788802,0.61223102,0.61284202,0.61284202,1151372006
2023-11-21,0.61283398,0.61782002,0.57928902,0.58046198,0.58046198,1664786743
2023-11-22,0.58044302,0.61511201,0.57943702,0.61189902,0.61189902,1332443782
2023-11-23,0.61185998,0.62275702,0.60732597,0.620242,0.620242,1233580691
2023-11-24,0.62024999,0.625278,0.61752599,0.62188101,0.62188101,1220784875
2023-11-25,0.621858,0.62347502,0.61692703,0.62344402,0.62344402,604505841
2023-11-26,0.62345201,0.63559401,0.61242402,0.61681902,0.61681902,1126158902
2023-11-27,0.61674702,0.616956,0.59673798,0.60415298,0.60415298,1209304147
2023-11-28,0.60413998,0.61396599,0.597534,0.611422,0.611422,1079777511
2023-11-29,0.61141002,0.61650997,0.60511303,0.60935801,0.60935801,1007163957
2023-11-30,0.60935497,0.60963202,0.59981602,0.60635799,0.60635799,980182657
2023-12-01,0.60635,0.61399299,0.60438597,0.61291498,0.61291498,919121548
2023-12-02,0.61291403,0.62245899,0.61174601,0.62097597,0.62097597,667809511
2023-12-03,0.62099802,0.63291299,0.61809999,0.62372297,0.62372297,993447972
2023-12-04,0.623676,0.64108801,0.60799998,0.62437397,0.62437397,1947607222
2023-12-05,0.62439603,0.62837303,0.60936999,0.621997,0.621997,1452525777
2023-12-06,0.62196201,0.64216399,0.61568397,0.640333,0.640333,2038373923
2023-12-07,0.64048702,0.65305799,0.62612998,0.64363199,0.64363199,1839789008
2023-12-08,0.643668,0.67420697,0.64003998,0.67313802,0.67313802,1892803940
2023-12-09,0.67313099,0.698838,0.65784401,0.65881401,0.65881401,2229504514
2023-12-10,0.658858,0.67031503,0.64980602,0.661578,0.661578,1170952363
2023-12-11,0.66163301,0.66275102,0.605097,0.62021101,0.62021101,2252797875
2023-12-12,0.61996198,0.62572098,0.60825402,0.61954898,0.61954898,1458882180
2023-12-13,0.61950803,0.63342601,0.59879303,0.62848598,0.62848598,1557123843
2023-12-14,0.62841302,0.63750601,0.61745101,0.63243198,0.63243198,1428433767
2023-12-15,0.63243598,0.641949,0.61508203,0.61549199,0.61549199,1392239590
2023-12-16,0.61551702,0.625211,0.61201102,0.61983502,0.61983502,770529288
2023-12-17,0.61982697,0.62189198,0.609635,0.61041802,0.61041802,832504145
2023-12-18,0.61036199,0.613666,0.58338302,0.61252999,0.61252999,1674969771
2023-12-19,0.612508,0.61583197,0.598158,0.60545599,0.60545599,1137147807
2023-12-20,0.60540801,0.62535697,0.60238498,0.61731899,0.61731899,1344408213
2023-12-21,0.61733299,0.624502,0.61162102,0.62391001,0.62391001,1149787445
2023-12-22,0.623909,0.62767297,0.61683601,0.62540197,0.62540197,1374123624
2023-12-23,0.62537301,0.62537301,0.61299998,0.62020499,0.62020499,774484009
2023-12-24,0.62021297,0.62841302,0.60856003,0.613518,0.613518,1178583398
2023-12-25,0.61350298,0.64698499,0.61025798,0.64633697,0.64633697,1781837085
2023-12-26,0.64634901,0.64648199,0.60838699,0.62236899,0.62236899,1622454757
2023-12-27,0.62239701,0.64153802,0.61421901,0.63485599,0.63485599,1432931897
2023-12-28,0.63494802,0.65576899,0.62755698,0.63499802,0.63499802,1864381371
2023-12-29,0.63501102,0.63659501,0.61519003,0.623402,0.623402,1324305215
2023-12-30,0.623411,0.62947899,0.61719501,0.62184399,0.62184399,718565033
2023-12-31,0.62179202,0.62757599,0.61120802,0.614941,0.614941,710033547
2024-01-01,0.61565602,0.631275,0.60963601,0.63008201,0.63008201,729315153
2024-01-02,0.63009399,0.63862699,0.623182,0.62536299,0.62536299,1326197378
2024-01-03,0.62538099,0.63777,0.53876603,0.58257997,0.58257997,3406740412
2024-01-04,0.58257699,0.59394097,0.57295501,0.58822602,0.58822602,1452005657
2024-01-05,0.58819699,0.58941299,0.55844402,0.57648599,0.57648599,1509144162
2024-01-06,0.57651198,0.57651198,0.55938601,0.56851202,0.56851202,820534691
2024-01-07,0.56852102,0.57277602,0.54847699,0.551741,0.551741,901525412
2024-01-08,0.55171603,0.581595,0.55067497,0.577923,0.577923,2011066819
2024-01-09,0.57796401,0.57850999,0.55719697,0.56663299,0.56663299,1740178857
2024-01-10,0.56667203,0.612517,0.55211699,0.599989,0.599989,2223452643
2024-01-11,0.60017002,0.62234002,0.58784401,0.60209501,0.60209501,2112917472
2024-01-12,0.60209602,0.60320598,0.56141299,0.57029903,0.57029903,1716194372
2024-01-13,0.570171,0.577452,0.56522697,0.57507801,0.57507801,718059698
2024-01-14,0.57507098,0.59209198,0.57233799,0.57623303,0.57623303,841667731
2024-01-15,0.57615501,0.58846003,0.56958199,0.57591999,0.57591999,993534380
2024-01-16,0.575867,0.57964098,0.56764799,0.57594699,0.57594699,924543394
2024-01-17,0.575903,0.57606298,0.56329203,0.56797302,0.56797302,901923640
2024-01-18,0.567981,0.56835699,0.54612899,0.551907,0.551907,1057710374
2024-01-19,0.55186999,0.55299503,0.52393699,0.54425597,0.54425597,1330077736
2024-01-20,0.54424399,0.55438602,0.53933799,0.55312598,0.55312598,725888847
2024-01-21,0.55314499,0.55476999,0.54611099,0.54611099,0.54611099,494271879
2024-01-22,0.54621601,0.54863799,0.52191699,0.52671599,0.52671599,1151736625
2024-01-23,0.52672601,0.53102499,0.497545,0.51773697,0.51773697,1414753278
2024-01-24,0.51775301,0.51886702,0.511177,0.51798803,0.51798803,880367820
2024-01-25,0.51798201,0.51798201,0.50436997,0.51360601,0.51360601,825132968
2024-01-26,0.51358199,0.53522497,0.508955,0.53218901,0.53218901,1021918092
2024-01-27,0.53219002,0.53431898,0.52708,0.53026003,0.53026003,471931644
2024-01-28,0.53027499,0.53505403,0.52183002,0.52409399,0.52409399,523517403
2024-01-29,0.52408803,0.53957701,0.52063501,0.53509003,0.53509003,901992026
2024-01-30,0.535133,0.53870398,0.50863802,0.51069802,0.51069802,1673319214
2024-01-31,0.51068097,0.51375401,0.494542,0.50319302,0.50319302,1339066820
2024-02-01,0.50317597,0.51009899,0.490347,0.50585902,0.50585902,1004296109
2024-02-02,0.50585997,0.51327401,0.49917299,0.51041198,0.51041198,927836205
2024-02-03,0.51039797,0.52574003,0.50603098,0.51893902,0.51893902,861729960
2024-02-04,0.518884,0.51897103,0.50210297,0.50328797,0.50328797,538479551
2024-02-05,0.50324398,0.51288998,0.49823299,0.506244,0.506244,831962506
2024-02-06,0.50623697,0.51044297,0.49891001,0.505153,0.505153,767495086
2024-02-07,0.50514197,0.51452398,0.49944299,0.513789,0.513789,895523747
2024-02-08,0.51378,0.51848,0.51028401,0.51452899,0.51452899,902244431
2024-02-09,0.514516,0.52807802,0.514202,0.52603102,0.52603102,1032596975
2024-02-10,0.52603197,0.52818799,0.51945001,0.52411199,0.52411199,578419105
2024-02-11,0.52409297,0.535335,0.52209097,0.52608401,0.52608401,715511550
2024-02-12,0.52610201,0.53698099,0.514893,0.53189701,0.53189701,1028191903
2024-02-13,0.53188699,0.53353798,0.51631302,0.52483499,0.52483499,1023754839
2024-02-14,0.524818,0.54188198,0.52097398,0.53840101,0.53840101,1156449389
2024-02-15,0.538396,0.57384801,0.538396,0.56275499,0.56275499,1877470522
2024-02-16,0.56278098,0.57845998,0.55523503,0.56496,0.56496,1505352932
2024-02-17,0.56496,0.56561202,0.54111397,0.54988599,0.54988599,911234746
2024-02-18,0.54988497,0.56219602,0.54798597,0.556903,0.556903,689299497
2024-02-19,0.55692101,0.56730002,0.55508298,0.56259698,0.56259698,1108245167
2024-02-20,0.56259,0.57446402,0.54657203,0.562922,0.562922,1777533547
2024-02-21,0.56287903,0.56287903,0.53442299,0.54900402,0.54900402,1336498049
2024-02-22,0.54900199,0.55096197,0.53780001,0.540914,0.540914,1169167859
2024-02-23,0.54087299,0.54329401,0.52670997,0.53453398,0.53453398,1098846027
2024-02-24,0.534536,0.54770702,0.53191102,0.54511797,0.54511797,706533507
2024-02-25,0.54511398,0.54839998,0.542346,0.54242498,0.54242498,702442509
2024-02-26,0.542436,0.55244398,0.52923298,0.55140501,0.55140501,1154518101
2024-02-27,0.55140501,0.59606498,0.54816997,0.58625799,0.58625799,2360919082
2024-02-28,0.58625197,0.605205,0.543688,0.57581103,0.57581103,3080912384
2024-02-29,0.57578403,0.62438297,0.56915402,0.58632499,0.58632499,3647028817
2024-03-01,0.58624297,0.60318798,0.58400601,0.60189003,0.60189003,1739419651
2024-03-02,0.60191703,0.64951402,0.60077697,0.64485103,0.64485103,2956033334
2024-03-03,0.64484602,0.64484602,0.60246998,0.62707198,0.62707198,2060336711
2024-03-04,0.627168,0.66418099,0.62160498,0.65013301,0.65013301,3629204334
2024-03-05,0.64981502,0.66851002,0.55023497,0.59290099,0.59290099,5014326043
2024-03-06,0.59288001,0.62289703,0.57644397,0.61225301,0.61225301,2755184860
2024-03-07,0.612266,0.63971901,0.60837001,0.62862402,0.62862402,2529220366
2024-03-08,0.62860799,0.63428301,0.60484397,0.62195498,0.62195498,2164877115
2024-03-09,0.62195402,0.63332301,0.618734,0.62180501,0.62180501,1571098762
2024-03-10,0.62180501,0.628317,0.59853601,0.60843199,0.60843199,1510773123
2024-03-11,0.60841602,0.74212599,0.593283,0.718036,0.718036,6790039283
2024-03-12,0.718036,0.73054898,0.66594899,0.688209,0.688209,4163275980
2024-03-13,0.68821198,0.70209301,0.67270201,0.69094998,0.69094998,2398788495
2024-03-14,0.69095498,0.70480698,0.64381802,0.669967,0.669967,3428582152
2024-03-15,0.66996098,0.67415601,0.602588,0.63373703,0.63373703,3656774483
2024-03-16,0.63373202,0.64314902,0.59473503,0.60306001,0.60306001,2237388470
2024-03-17,0.60306001,0.62436002,0.589598,0.619232,0.619232,1826991062
2024-03-18,0.619232,0.66422701,0.59575802,0.64756501,0.64756501,2767146303
2024-03-19,0.64756602,0.64756602,0.57294101,0.58444101,0.58444101,3571952543
2024-03-20,0.58444101,0.61856598,0.57087398,0.61216199,0.61216199,2741181693
2024-03-21,0.61216801,0.653521,0.59940797,0.64069098,0.64069098,2809003717
2024-03-22,0.64069498,0.64434499,0.60040498,0.61094898,0.61094898,2053036282
2024-03-23,0.61094803,0.63240701,0.60578001,0.61759597,0.61759597,1160450696
2024-03-24,0.61760801,0.63560098,0.61491197,0.63295001,0.63295001,1230486578
2024-03-25,0.63295299,0.65929598,0.62733901,0.64103401,0.64103401,2044948880
2024-03-26,0.64103401,0.65281397,0.62702602,0.63225299,0.63225299,1799059517
2024-03-27,0.63225299,0.63446802,0.60832202,0.61196399,0.61196399,1989187555
2024-03-28,0.61194903,0.63644701,0.604837,0.62455398,0.62455398,1783253508
2024-03-29,0.62457001,0.64399499,0.61047,0.63075,0.63075,1874392966
2024-03-30,0.63075298,0.63645601,0.61890501,0.62183601,0.62183601,1042947263
2024-03-31,0.62183601,0.62976301,0.62121397,0.62922502,0.62922502,756039151
2024-04-01,0.62922502,0.63203597,0.59729999,0.61125797,0.61125797,1772433656
2024-04-02,0.61125797,0.61773801,0.58048499,0.58546603,0.58546603,2172750437
2024-04-03,0.58546102,0.59283102,0.56809503,0.57491702,0.57491702,1649286699
2024-04-04,0.57489198,0.61378002,0.56357002,0.593656,0.593656,2190487090
2024-04-05,0.593656,0.59369802,0.57031602,0.58752298,0.58752298,1534570775
2024-04-06,0.58752298,0.59819102,0.586294,0.59333998,0.59333998,871610029
2024-04-07,0.59334099,0.60174203,0.59047198,0.59483403,0.59483403,924956309
2024-04-08,0.59483498,0.62603903,0.58910298,0.61549002,0.61549002,2016910258
2024-04-09,0.61549002,0.641258,0.60245198,0.61381698,0.61381698,2423935496
2024-04-10,0.61382598,0.61969697,0.59868801,0.61756098,0.61756098,2345474173
2024-04-11,0.61755902,0.62088901,0.60365802,0.60887998,0.60887998,1218887360
2024-04-12,0.60887998,0.61530501,0.51831597,0.54841399,0.54841399,2872824835
2024-04-13,0.54841202,0.54883802,0.43363401,0.48081899,0.48081899,3957442555
2024-04-14,0.48081899,0.50745898,0.466818,0.50425798,0.50425798,2824792033
2024-04-15,0.50424999,0.51906502,0.483486,0.497731,0.497731,2356318423
2024-04-16,0.497729,0.50098997,0.479265,0.49669501,0.49669501,1913160798
2024-04-17,0.49669901,0.50658,0.47479799,0.49484101,0.49484101,1791966493
2024-04-18,0.49484,0.50475401,0.48695099,0.50298297,0.50298297,1420648263
2024-04-19,0.50298297,0.51069802,0.46900699,0.50378603,0.50378603,2145715371
2024-04-20,0.50378603,0.52988601,0.49947801,0.529293,0.529293,1237297114
2024-04-21,0.52929199,0.53661001,0.52044302,0.52468002,0.52468002,896875433
2024-04-22,0.52467602,0.56913,0.523283,0.55683303,0.55683303,1671344072
2024-04-23,0.55682898,0.55718702,0.543006,0.54515898,0.54515898,1351313210
2024-04-24,0.54515499,0.55162001,0.52206898,0.52740401,0.52740401,1534036870
2024-04-25,0.527408,0.53225601,0.51416898,0.52551198,0.52551198,1286617507
2024-04-26,0.52551401,0.53551102,0.51615101,0.52611202,0.52611202,1158982887
2024-04-27,0.52611101,0.52621102,0.510423,0.517775,0.517775,753955067
2024-04-28,0.517775,0.52462602,0.50945503,0.51037699,0.51037699,580872466
2024-04-29,0.51037502,0.51712799,0.49964699,0.515432,0.515432,1143210748
2024-04-30,0.51543403,0.51923001,0.490493,0.50006503,0.50006503,1347490379
2024-05-01,0.50006199,0.52016801,0.48020801,0.51700002,0.51700002,1720060134
2024-05-02,0.51699698,0.52433503,0.50669301,0.51832902,0.51832902,1118497654
2024-05-03,0.51832902,0.53651297,0.515194,0.53189403,0.53189403,1138445190
2024-05-04,0.53189301,0.54014099,0.52808899,0.53040498,0.53040498,686389982
2024-05-05,0.53040498,0.53318602,0.524791,0.52978402,0.52978402,535784827
2024-05-06,0.52978897,0.56888098,0.52661002,0.54054701,0.54054701,1774389100
2024-05-07,0.54054803,0.54384202,0.52296102,0.52474397,0.52474397,1132990207
2024-05-08,0.52474397,0.52906001,0.515715,0.51722997,0.51722997,1122168971
2024-05-09,0.51722401,0.52327001,0.50992501,0.521029,0.521029,978009518
2024-05-10,0.52103102,0.52105898,0.49879599,0.50233799,0.50233799,1100350623
2024-05-11,0.50233799,0.507303,0.50112998,0.50597501,0.50597501,447992708
2024-05-12,0.50597602,0.50858802,0.49744701,0.499475,0.499475,397026846
2024-05-13,0.499475,0.51167399,0.487919,0.50490201,0.50490201,991525778
2024-05-14,0.50490201,0.511356,0.49782801,0.49988699,0.49988699,1077455413
2024-05-15,0.49988899,0.51962101,0.49744999,0.51900399,0.51900399,1118098628
2024-05-16,0.51901197,0.52133101,0.51310402,0.51569802,0.51569802,1152212983
2024-05-17,0.51569903,0.52886999,0.51399797,0.52380401,0.52380401,1015239692
2024-05-18,0.52380401,0.52562797,0.51951998,0.52139002,0.52139002,496850725
2024-05-19,0.52139097,0.52353698,0.50745702,0.50966102,0.50966102,562911149
2024-05-20,0.50966102,0.53733301,0.507496,0.53733301,0.53733301,1401702874
2024-05-21,0.53732699,0.55611801,0.53223002,0.53698301,0.53698301,1977024521
2024-05-22,0.53698301,0.53768802,0.52369201,0.52651,0.52651,1205640257
2024-05-23,0.52651,0.53920698,0.50939101,0.52828598,0.52828598,2188558788
2024-05-24,0.52828598,0.53672999,0.51787198,0.53575301,0.53575301,1232280845
2024-05-25,0.53574902,0.542319,0.533508,0.54180902,0.54180902,652679509
2024-05-26,0.54180801,0.54183501,0.52660203,0.528211,0.528211,579619779
2024-05-27,0.528211,0.53992999,0.52376902,0.53377199,0.53377199,1013292526
2024-05-28,0.53377199,0.53457201,0.52159202,0.52823502,0.52823502,1141481357
2024-05-29,0.528234,0.532094,0.520096,0.52324802,0.52324802,1184420624
2024-05-30,0.52324897,0.52733701,0.51363701,0.518861,0.518861,1329469469
2024-05-31,0.518861,0.52408201,0.51268202,0.51779997,0.51779997,1220311836
2024-06-01,0.51779997,0.52126098,0.51750702,0.51831299,0.51831299,559721132
2024-06-02,0.51831299,0.51941401,0.509287,0.51348197,0.51348197,738754247
2024-06-03,0.51347601,0.52248299,0.51303399,0.5201,0.5201,1098641926
2024-06-04,0.5201,0.53003901,0.51851898,0.525765,0.525765,1165207605
2024-06-05,0.525765,0.53066403,0.52465099,0.525711,0.525711,1154026310
2024-06-06,0.52570599,0.52760398,0.51754701,0.52157801,0.52157801,1194300808
2024-06-07,0.52157599,0.52746701,0.46360099,0.49895099,0.49895099,2462659926
2024-06-08,0.49894601,0.50050199,0.491344,0.49314499,0.49314499,825177679
2024-06-09,0.493137,0.49902901,0.49180001,0.49858299,0.49858299,635952948
2024-06-10,0.498602,0.50516599,0.49409199,0.49662799,0.49662799,1117710952
2024-06-11,0.496627,0.49664801,0.47264799,0.48032001,0.48032001,1517249424
2024-06-12,0.48030299,0.49753201,0.47513899,0.49154001,0.49154001,1255729794
2024-06-13,0.49155799,0.49155799,0.47632599,0.477005,0.477005,1048059804
2024-06-14,0.47697899,0.48075199,0.46468499,0.47427499,0.47427499,1220484176
2024-06-15,0.47427401,0.50385898,0.47422701,0.49069101,0.49069101,770448137
2024-06-16,0.490695,0.49862701,0.48806199,0.488832,0.488832,692035447
2024-06-17,0.488814,0.51914197,0.48466799,0.50515997,0.50515997,2028523218
2024-06-18,0.50504899,0.50780302,0.477283,0.49094799,0.49094799,2024283447
2024-06-19,0.49094599,0.49916899,0.48799101,0.49324101,0.49324101,1001252678
2024-06-20,0.49324101,0.50128597,0.48871601,0.48871601,0.48871601,1106889108
2024-06-21,0.48871201,0.49488401,0.480028,0.488956,0.488956,1131886818
2024-06-22,0.48894599,0.489342,0.48424199,0.48662099,0.48662099,455648980
2024-06-23,0.48659399,0.488848,0.478104,0.479489,0.479489,500633866
2024-06-24,0.47949901,0.481298,0.463597,0.474143,0.474143,1322556294
2024-06-25,0.47411501,0.47954601,0.47303799,0.475685,0.475685,856021183
2024-06-26,0.47569099,0.477817,0.46621001,0.46959999,0.46959999,886063357
2024-06-27,0.469567,0.47645301,0.46569201,0.474655,0.474655,840598295
2024-06-28,0.47465,0.48017201,0.470267,0.47088501,0.47088501,937124567
2024-06-29,0.47097701,0.476143,0.47091499,0.47199401,0.47199401,402714114
2024-06-30,0.47197899,0.47732601,0.46999699,0.475483,0.475483,465426276
2024-07-01,0.475472,0.482822,0.47507399,0.476641,0.476641,813551774
2024-07-02,0.476625,0.48772499,0.47591299,0.48451999,0.48451999,844534843
2024-07-03,0.48453501,0.486022,0.46259001,0.46676001,0.46676001,1275422799
2024-07-04,0.466737,0.46900401,0.43292499,0.43357399,0.43357399,1521233429
2024-07-05,0.43344799,0.43344799,0.391139,0.42549199,0.42549199,2152542241
2024-07-06,0.42548499,0.44948199,0.42418599,0.44905299,0.44905299,723560145
2024-07-07,0.44904801,0.44904801,0.418823,0.41982299,0.41982299,758268409
2024-07-08,0.41980299,0.44206199,0.40467,0.43147999,0.43147999,1537507458
2024-07-09,0.43143001,0.437426,0.42794999,0.43591601,0.43591601,986003310
2024-07-10,0.435848,0.442404,0.43175,0.43903801,0.43903801,967522144
2024-07-11,0.439051,0.45281899,0.43711501,0.44904101,0.44904101,1102016670
2024-07-12,0.44903699,0.477413,0.44521901,0.47473001,0.47473001,1596389224
2024-07-13,0.47472,0.56357902,0.474401,0.52632898,0.52632898,2857057880
2024-07-14,0.52620101,0.53960502,0.51480597,0.52286297,0.52286297,1570275472
2024-07-15,0.52273399,0.53938401,0.52115899,0.53787798,0.53787798,1760362204
2024-07-16,0.53775299,0.59252697,0.534284,0.57937598,0.57937598,3380662320
2024-07-17,0.579373,0.63664401,0.579373,0.626486,0.626486,3708255186
2024-07-18,0.626589,0.63598698,0.56043202,0.569574,0.569574,2986711547
2024-07-19,0.56960797,0.58601201,0.542638,0.57375199,0.57375199,2340175055
2024-07-20,0.57372898,0.603782,0.571832,0.59465098,0.59465098,1538358691
2024-07-21,0.59465301,0.60718799,0.575616,0.59746701,0.59746701,1489477305
2024-07-22,0.59748,0.62266302,0.586667,0.60763699,0.60763699,2052124201
2024-07-23,0.60763699,0.61657602,0.58427602,0.59745699,0.59745699,1657693155
2024-07-24,0.59745997,0.632155,0.59257698,0.61884302,0.61884302,1933084899
2024-07-25,0.61885202,0.623824,0.58693898,0.59981602,0.59981602,2306853709
2024-07-26,0.599814,0.60845399,0.58745903,0.60406798,0.60406798,1385845116
2024-07-27,0.60406899,0.60887098,0.58670402,0.59679502,0.59679502,1007994247
2024-07-28,0.59679502,0.61291599,0.59215701,0.60194701,0.60194701,916029262
2024-07-29,0.60194403,0.61141199,0.593301,0.60208601,0.60208601,1178431461
2024-07-30,0.60208398,0.634965,0.59615701,0.627877,0.627877,2197505659
2024-07-31,0.62786102,0.657911,0.62376201,0.62393898,0.62393898,2419022403
2024-08-01,0.62393397,0.62943298,0.57188398,0.59646398,0.59646398,1990603913
2024-08-02,0.59646302,0.596466,0.54963601,0.56077099,0.56077099,1884164485
2024-08-03,0.56077099,0.57654601,0.542472,0.556391,0.556391,1325726393
2024-08-04,0.55638999,0.55830598,0.51642799,0.52339602,0.52339602,1209933394
2024-08-05,0.52339602,0.52528298,0.433492,0.48946601,0.48946601,4193893853
2024-08-06,0.48945799,0.51850301,0.48929599,0.50569701,0.50569701,1747524592
2024-08-07,0.50569099,0.64081901,0.49423,0.60080999,0.60080999,4286385926
2024-08-08,0.60084897,0.64161903,0.580908,0.61757702,0.61757702,3502679662
2024-08-09,0.61758,0.623707,0.56902301,0.58115298,0.58115298,2024450473
2024-08-10,0.58115101,0.601367,0.57959801,0.58557898,0.58557898,1134054567
2024-08-11,0.58558601,0.593077,0.54754102,0.55293202,0.55293202,1202704291
2024-08-12,0.55293101,0.57906902,0.552163,0.56876802,0.56876802,1479740403
2024-08-13,0.56876802,0.58311301,0.56387198,0.57639903,0.57639903,1245896255
2024-08-14,0.57640803,0.58188897,0.56622601,0.56919199,0.56919199,1138569808
2024-08-15,0.56919098,0.57387298,0.55245298,0.56095499,0.56095499,1163264081
2024-08-16,0.56095701,0.57026899,0.55482799,0.56451601,0.56451601,1021214646
2024-08-17,0.56451398,0.57054001,0.56212699,0.56631899,0.56631899,481701399
2024-08-18,0.566324,0.57875198,0.56385601,0.56387502,0.56387502,633645481
2024-08-19,0.56387401,0.608509,0.56231999,0.59860599,0.59860599,1592288724
2024-08-20,0.59860998,0.61452103,0.58884901,0.594428,0.594428,1275196279
2024-08-21,0.59442699,0.605304,0.58675802,0.60027498,0.60027498,1185128571
2024-08-22,0.60027701,0.60386598,0.59385198,0.597601,0.597601,943673179
2024-08-23,0.59759998,0.61563402,0.59432203,0.61123902,0.61123902,1254262512
2024-08-24,0.611238,0.63044399,0.60563499,0.61311001,0.61311001,1116629037
2024-08-25,0.61311001,0.61375397,0.59668499,0.60018402,0.60018402,871698521
2024-08-26,0.60018599,0.60218698,0.58040702,0.58747,0.58747,1118813356
2024-08-27,0.58745402,0.59955198,0.55795503,0.567554,0.567554,1420370240
2024-08-28,0.56754798,0.58424997,0.558222,0.56985003,0.56985003,1341866722
2024-08-29,0.56984901,0.57641,0.559286,0.56205499,0.56205499,986899081
2024-08-30,0.56205797,0.56729299,0.54819798,0.56703103,0.56703103,1103086708
2024-08-31,0.56702602,0.57178402,0.56331199,0.56631303,0.56631303,463303089
2024-09-01,0.56631202,0.56657499,0.54479998,0.54799002,0.54799002,681339684
2024-09-02,0.54798597,0.56828302,0.54546201,0.56758702,0.56758702,833537275
2024-09-03,0.56758797,0.572052,0.55739099,0.55739099,0.55739099,814841749
2024-09-04,0.55739802,0.56449801,0.53989202,0.55817598,0.55817598,1106776733
2024-09-05,0.55817699,0.55943602,0.54134798,0.54419601,0.54419601,894618427
2024-09-06,0.544195,0.547001,0.50589597,0.52134699,0.52134699,1511246618
2024-09-07,0.521348,0.53271699,0.52003503,0.52509201,0.52509201,560729553
2024-09-08,0.52509302,0.53100801,0.52178597,0.52929097,0.52929097,509773155
2024-09-09,0.52930999,0.54220498,0.52752501,0.53963798,0.53963798,829101046
2024-09-10,0.53963298,0.54261398,0.53396201,0.54107797,0.54107797,704956463
2024-09-11,0.54107702,0.54108101,0.523929,0.535312,0.535312,894903276
2024-09-12,0.53530598,0.58093798,0.53407401,0.562576,0.562576,1649796650
2024-09-13,0.562576,0.57450098,0.55642903,0.57314903,0.57314903,1172399876
2024-09-14,0.57314903,0.59857702,0.57116801,0.59619898,0.59619898,1163728418
2024-09-15,0.59619898,0.59621501,0.570553,0.57097501,0.57097501,804536339
2024-09-16,0.57097501,0.58984298,0.56072199,0.58540702,0.58540702,1261024893
2024-09-17,0.58541697,0.59324503,0.57933998,0.58450198,0.58450198,1006340430
2024-09-18,0.58450103,0.58547002,0.56308103,0.58525097,0.58525097,1185142249
2024-09-19,0.58524799,0.59405398,0.58189899,0.58737099,0.58737099,1232042101
2024-09-20,0.58737803,0.59214199,0.57695299,0.58517098,0.58517098,1225009128
2024-09-21,0.58516997,0.60999203,0.58056802,0.59814101,0.59814101,952605938
2024-09-22,0.59814602,0.604105,0.579579,0.58762097,0.58762097,886494819
2024-09-23,0.58762097,0.595236,0.58150101,0.58506501,0.58506501,998093828
2024-09-24,0.58506399,0.59239697,0.581936,0.59154397,0.59154397,988961520
2024-09-25,0.59154499,0.59486598,0.58298999,0.58354098,0.58354098,995515964
2024-09-26,0.58354402,0.59598798,0.57688498,0.59042102,0.59042102,1212544781
2024-09-27,0.590424,0.59702599,0.58328998,0.58892697,0.58892697,1236838134
2024-09-28,0.58893502,0.62562698,0.58654898,0.61480099,0.61480099,2222346896
2024-09-29,0.61479998,0.66220599,0.608814,0.64194697,0.64194697,2225645563
2024-09-30,0.641945,0.65241098,0.61095101,0.61149198,0.61149198,2051368592
2024-10-01,0.61149198,0.63358903,0.58427501,0.59753001,0.59753001,2724318278
2024-10-02,0.59751898,0.60578001,0.53070199,0.53983098,0.53983098,2624852688
2024-10-03,0.539819,0.543567,0.510086,0.52195299,0.52195299,2329769451
2024-10-04,0.52195299,0.53837502,0.515728,0.53434098,0.53434098,1408313543
2024-10-05,0.53431702,0.53485298,0.52689701,0.52949601,0.52949601,685609430
2024-10-06,0.52949703,0.53670901,0.52849197,0.53359199,0.53359199,595405724
2024-10-07,0.53359199,0.54536098,0.52978802,0.52993399,0.52993399,1192453387
2024-10-08,0.52993298,0.53412002,0.52163702,0.53086799,0.53086799,906939733
2024-10-09,0.530855,0.53406399,0.52186102,0.52433199,0.52433199,858437665
2024-10-10,0.52432197,0.543239,0.522753,0.52997702,0.52997702,1260651129
2024-10-11,0.52998,0.54161602,0.52958697,0.538297,0.538297,924108714
2024-10-12,0.53829497,0.54246402,0.53573197,0.53956002,0.53956002,569251511
2024-10-13,0.53955901,0.539563,0.52570403,0.53153998,0.53153998,615540884
2024-10-14,0.53154099,0.55113,0.52840698,0.54802102,0.54802102,1075594127
2024-10-15,0.54802102,0.55451798,0.53266799,0.54145199,0.54145199,1286412941
2024-10-16,0.541453,0.55313897,0.537965,0.54804498,0.54804498,1085371530
2024-10-17,0.54804802,0.564116,0.542853,0.54365802,0.54365802,1406187768
2024-10-18,0.54365999,0.55238497,0.54049599,0.54654098,0.54654098,1042238395
2024-10-19,0.54654098,0.549519,0.54109299,0.54425699,0.54425699,603883719
2024-10-20,0.54424202,0.54803199,0.53767699,0.54765201,0.54765201,692297811
2024-10-21,0.54763901,0.55944198,0.54156601,0.54486299,0.54486299,1319986738
2024-10-22,0.54486299,0.54881102,0.53026098,0.53337902,0.53337902,1120439497
2024-10-23,0.53337801,0.53353798,0.51280898,0.52521098,0.52521098,982705775
2024-10-24,0.525621,0.53328598,0.52449298,0.53176099,0.53176099,895039741
2024-10-25,0.53176099,0.53176397,0.49358499,0.50191897,0.50191897,1357198783
2024-10-26,0.501917,0.51440501,0.49968499,0.512761,0.512761,703691734
2024-10-27,0.51275998,0.51714402,0.510625,0.51638103,0.51638103,509849012
2024-10-28,0.51638103,0.52083802,0.51138198,0.51922703,0.51922703,837346671
2024-10-29,0.51922601,0.53030998,0.518466,0.52791601,0.52791601,1076280681
2024-10-30,0.52791899,0.52805501,0.51958799,0.52297401,0.52297401,900858937
2024-10-31,0.52297401,0.52335,0.50389999,0.50923699,0.50923699,1015745412
2024-11-01,0.50923699,0.52335101,0.50460798,0.51286799,0.51286799,1284409586
2024-11-02,0.51286799,0.51574999,0.50797403,0.50985003,0.50985003,527041359
2024-11-03,0.50985199,0.51074803,0.49365199,0.502931,0.502931,940842891
2024-11-04,0.502931,0.51383197,0.496788,0.50322598,0.50322598,1025432948
2024-11-05,0.50322598,0.51831001,0.50202203,0.51402903,0.51402903,1027346174
2024-11-06,0.51402903,0.546579,0.51402903,0.542427,0.542427,2211008426
2024-11-07,0.542427,0.57386798,0.53842503,0.55473202,0.55473202,1889112043
2024-11-08,0.55473202,0.55968899,0.543024,0.554079,0.554079,1498480370
2024-11-09,0.554079,0.56138098,0.54510403,0.55948699,0.55948699,1238578019
2024-11-10,0.55948699,0.61604202,0.55620003,0.58938199,0.58938199,4198897125
2024-11-11,0.58938199,0.63070601,0.57202399,0.62046701,0.62046701,4066959667
2024-11-12,0.62046701,0.73535299,0.59910703,0.707699,0.707699,11156505329
2024-11-13,0.707636,0.74353498,0.642591,0.69028801,0.69028801,7773620799
2024-11-14,0.69028801,0.84521103,0.68441701,0.77300698,0.77300698,9458526339
2024-11-15,0.77300799,0.92482102,0.77257901,0.89209098,0.89209098,11738281623
2024-11-16,0.89209199,1.256744,0.879924,1.11909,1.11909,22568823580
2024-11-17,1.1190881,1.154595,1.005463,1.054335,1.054335,12066098151
2024-11-18,1.0543441,1.183342,1.054314,1.117936,1.117936,9978319005
2024-11-19,1.1178941,1.145794,1.073827,1.1019469,1.1019469,5884163705
2024-11-20,1.101943,1.146637,1.063748,1.102301,1.102301,6409028714
2024-11-21,1.1023051,1.25177,1.082094,1.250352,1.250352,10451562188
2024-11-22,1.250239,1.496907,1.247561,1.4690191,1.4690191,19984456169
2024-11-23,1.469032,1.6216151,1.4275,1.469008,1.469008,15468388183
2024-11-24,1.469,1.509101,1.3082,1.432411,1.432411,11863424377
2024-11-25,1.432413,1.535923,1.364327,1.415423,1.415423,11517571350
2024-11-26,1.415367,1.456542,1.294805,1.401323,1.401323,9378581138
2024-11-27,1.401312,1.51837,1.3573461,1.4728121,1.4728121,7766481602
2024-11-28,1.472847,1.54237,1.434183,1.541343,1.541343,5820667101
2024-11-29,1.541334,1.8115309,1.527908,1.796731,1.796731,14734827154
2024-11-30,1.796715,1.9549069,1.7705539,1.944121,1.944121,16537204319
2024-12-01,1.944106,2.3396411,1.853637,2.3202231,2.3202231,18321198113
2024-12-02,2.3207419,2.8496809,2.2438929,2.713805,2.713805,51723383809
2024-12-03,2.7139201,2.864887,2.3610101,2.525527,2.525527,43498034453
2024-12-04,2.525564,2.670346,2.2956319,2.354444,2.354444,22033216003
2024-12-05,2.3544481,2.4849989,2.188863,2.2952061,2.2952061,21253973296
2024-12-06,2.250912,2.46049,2.2395101,2.424737,2.424737,13380810341
2024-12-07,2.4247439,2.617264,2.396322,2.6166241,2.6166241,12359080774
2024-12-08,2.616545,2.6408751,2.492445,2.6083479,2.6083479,10558694953
2024-12-09,2.608305,2.608305,2.1030719,2.2189519,2.2189519,19372805327
2024-12-10,2.2192359,2.4110739,1.912254,2.3691599,2.3691599,26630797341
2024-12-11,2.3693089,2.465883,2.2391629,2.40007,2.40007,14234882608
2024-12-12,2.4000549,2.4816329,2.316994,2.3427701,2.3427701,10907030447
2024-12-13,2.3427269,2.4723499,2.2943921,2.421319,2.421319,9425468612
2024-12-14,2.421319,2.5205829,2.3579381,2.398705,2.398705,7815885534
2024-12-15,2.3987031,2.46542,2.3696289,2.44695,2.44695,6045150094
2024-12-16,2.4469991,2.5688951,2.344892,2.488658,2.488658,12061755485
2024-12-17,2.4885981,2.717675,2.4457171,2.5651901,2.5651901,17019845093
2024-12-18,2.5652311,2.5846021,2.2874019,2.303318,2.303318,19855585018
2024-12-19,2.303304,2.426409,2.1695931,2.2488911,2.2488911,23020304511
2024-12-20,2.2488821,2.346128,1.969547,2.276886,2.276886,26858734292
2024-12-21,2.2769001,2.3815899,2.203753,2.238112,2.238112,14987697762
2024-12-22,2.2377939,2.290921,2.167088,2.199332,2.199332,11275662705
2024-12-23,2.199439,2.2684519,2.135262,2.257262,2.257262,10144129668
2024-12-24,2.257283,2.3461919,2.2144899,2.3246241,2.3246241,5976090472
2024-12-25,2.3246341,2.327811,2.2637639,2.29597,2.29597,3967858677
2024-12-26,2.2958951,2.3119791,2.134115,2.1543391,2.1543391,5466927247
2024-12-27,2.15433,2.2313161,2.1235099,2.14165,2.14165,5426840159
2024-12-28,2.1416669,2.199492,2.135006,2.180824,2.180824,2759395789
2024-12-29,2.1808331,2.1928129,2.0719509,2.0931799,2.0931799,3053146362
2024-12-30,2.093189,2.143189,2.000231,2.0575709,2.0575709,6671570513
2024-12-31,2.0575449,2.140974,2.014132,2.080128,2.080128,4725443244
2025-01-01,2.080121,2.3467729,2.0791509,2.322341,2.322341,7677226237
2025-01-02,2.322408,2.4355021,2.3223951,2.4033699,2.4033699,8345904442
2025-01-03,2.4033749,2.4745519,2.3971331,2.4528961,2.4528961,5804528036
2025-01-04,2.4528971,2.504384,2.406714,2.419595,2.419595,4395986073
2025-01-05,2.41958,2.425545,2.3343611,2.3997271,2.3997271,4125625773
2025-01-06,2.3997259,2.455251,2.376385,2.418807,2.418807,4383804466
2025-01-07,2.4187939,2.460567,2.2659061,2.2723501,2.2723501,7375576966
2025-01-08,2.2723601,2.3951571,2.212929,2.3753049,2.3753049,8537147723
2025-01-09,2.375308,2.3893499,2.2393899,2.275212,2.275212,6033281189
2025-01-10,2.275167,2.363935,2.2559071,2.3432519,2.3432519,5315424125
2025-01-11,2.343246,2.5923891,2.328618,2.5767701,2.5767701,7962865928
2025-01-12,2.5767889,2.577919,2.4730029,2.506314,2.506314,5572029190
2025-01-13,2.5063729,2.559032,2.339767,2.5229349,2.5229349,10540895915
2025-01-14,2.522891,2.687417,2.5161879,2.6691329,2.6691329,8454377085
2025-01-15,2.669167,3.177526,2.655668,3.1550579,3.1550579,22195175230
2025-01-16,3.155391,3.3880711,2.9380159,3.2455399,3.2455399,26379764731
2025-01-17,3.245321,3.343015,3.1815829,3.298635,3.298635,13511699686
2025-01-18,3.2986679,3.2986679,3.072684,3.274019,3.274019,11851170238
2025-01-19,3.273983,3.2853439,2.904541,2.9547169,2.9547169,14986676962
2025-01-20,2.9543531,3.347244,2.9291279,3.0998349,3.0998349,21508103946
2025-01-21,3.099833,3.2345929,3.022146,3.1694,3.1694,10358506190
2025-01-22,3.169415,3.274235,3.1456981,3.1711049,3.1711049,8091948884
2025-01-23,3.171056,3.177995,3.0408421,3.1198909,3.1198909,8450732276
2025-01-24,3.1198909,3.2007561,3.0572481,3.103483,3.103483,6847580394
2025-01-25,3.103425,3.1417129,3.0827179,3.1097059,3.1097059,3304586596
2025-01-26,3.1097021,3.141089,3.0234001,3.026228,3.026228,3480601702
2025-01-27,3.026278,3.0536709,2.708483,3.053185,3.053185,15974106216
2025-01-28,3.0532341,3.209089,3.011394,3.06112,3.06112,9497347683
2025-01-29,3.0610981,3.127435,2.976758,3.068294,3.068294,6882287654
2025-01-30,3.0684021,3.1513309,3.0533149,3.1310689,3.1310689,4868674752
2025-01-31,3.1310451,3.1311331,3.006485,3.0354199,3.0354199,4520254155
2025-02-01,3.035398,3.068511,2.838141,2.884469,2.884469,4886927800
2025-02-02,2.8844631,2.9528749,2.4869349,2.5797949,2.5797949,15654662798
2025-02-03,2.5797949,2.77985,1.948621,2.7011559,2.7011559,36745099581
2025-02-04,2.701309,2.7766449,2.43554,2.5354249,2.5354249,14154535566
2025-02-05,2.5353689,2.567157,2.356648,2.3823149,2.3823149,7724989243
2025-02-06,2.3822579,2.4646881,2.2923291,2.32688,2.32688,7292152784
2025-02-07,2.326896,2.5338681,2.2839899,2.3935831,2.3935831,9288664505
2025-02-08,2.393625,2.4338529,2.355742,2.424376,2.424376,3995500228
2025-02-09,2.42435,2.5043769,2.318234,2.39694,2.39694,4806376236
2025-02-10,2.396915,2.4694419,2.3302071,2.4226961,2.4226961,4740495321
2025-02-11,2.4227481,2.5253921,2.3763609,2.414216,2.414216,5368991525
2025-02-12,2.4142189,2.4905751,2.349436,2.4728351,2.4728351,5462469809
2025-02-13,2.4728429,2.5961299,2.424654,2.562515,2.562515,5041669574
2025-02-14,2.5625019,2.8282709,2.53526,2.740196,2.740196,8841598608
2025-02-15,2.740087,2.827311,2.7218549,2.7615781,2.7615781,4633704309
2025-02-16,2.7615521,2.8022821,2.700207,2.7278249,2.7278249,3431117272
2025-02-17,2.728055,2.7614479,2.6134551,2.6582739,2.6582739,4782836287
2025-02-18,2.658251,2.6666701,2.4733291,2.5588779,2.5588779,5357974219
2025-02-19,2.5589521,2.7440109,2.5173931,2.7408011,2.7408011,5175151198
2025-02-20,2.740809,2.744911,2.67361,2.6908281,2.6908281,4310522382
2025-02-21,2.6907871,2.709012,2.512485,2.5701399,2.5701399,5895816750
2025-02-22,2.5701489,2.6074691,2.5561841,2.575706,2.575706,2384435690
2025-02-23,2.575706,2.5969789,2.5236909,2.5770199,2.5770199,2469949788
2025-02-24,2.5770121,2.600456,2.2705369,2.2779291,2.2779291,7075894526
2025-02-25,2.277946,2.3579061,2.075191,2.3207171,2.3207171,13317860642
2025-02-26,2.3207309,2.324919,2.1540091,2.192435,2.192435,6752125996
2025-02-27,2.19245,2.2538559,2.1490149,2.198648,2.198648,4837539998
2025-02-28,2.1986401,2.1986401,1.957408,2.1455951,2.1455951,8544047699
2025-03-01,2.1456089,2.2123921,2.1229241,2.190603,2.190603,3300928949
2025-03-02,2.190594,2.9667201,2.1773591,2.9369421,2.9369421,17441097426
2025-03-03,2.937047,2.9439161,2.3117311,2.3857419,2.3857419,14497390960
2025-03-04,2.385715,2.5161109,2.229871,2.4551461,2.4551461,11265947031
2025-03-05,2.4551549,2.53304,2.418124,2.500509,2.500509,6075953089
2025-03-06,2.50055,2.6384251,2.4742391,2.6017289,2.6017289,6907451109
2025-03-07,2.6017289,2.610049,2.3570111,2.381624,2.381624,9796404399
2025-03-08,2.381602,2.40641,2.309608,2.3234389,2.3234389,3722945467
2025-03-09,2.323426,2.348783,2.0909829,2.1345761,2.1345761,6156171771
2025-03-10,2.1344709,2.251699,2.000524,2.0182941,2.0182941,8000109431
2025-03-11,2.018194,2.2082019,1.91659,2.1669159,2.1669159,8214014406
2025-03-12,2.1669281,2.258832,2.1420629,2.2407551,2.2407551,6420912776
2025-03-13,2.2407451,2.3379819,2.2187569,2.251008,2.251008,5570837343
2025-03-14,2.2510049,2.3833189,2.2400801,2.3564429,2.3564429,4318754070
2025-03-15,2.3564301,2.4717579,2.3563609,2.3932381,2.3932381,3638758922
2025-03-16,2.393275,2.4085231,2.2745769,2.2978671,2.2978671,3890457149
2025-03-17,2.297801,2.3759439,2.295512,2.3406379,2.3406379,3457455337
2025-03-18,2.3406301,2.3406301,2.226325,2.2869599,2.2869599,3485953021
2025-03-19,2.2869501,2.572794,2.269165,2.545841,2.545841,9591487009
2025-03-20,2.5458519,2.5507109,2.3943319,2.434674,2.434674,4976516822
2025-03-21,2.4346189,2.4630029,2.359571,2.3792779,2.3792779,3433230669
2025-03-22,2.3793039,2.4131651,2.362138,2.3698239,2.3698239,1778187863
2025-03-23,2.369822,2.4358809,2.3670101,2.435493,2.435493,2107624036
2025-03-24,2.4354661,2.5015941,2.415478,2.4481621,2.4481621,3272338535
2025-03-25,2.448174,2.4719131,2.4102089,2.45135,2.45135,2722132222
2025-03-26,2.4513371,2.476167,2.331583,2.349088,2.349088,3341723418
2025-03-27,2.349071,2.388458,2.3071699,2.338274,2.338274,2687267004
2025-03-28,2.338341,2.34076,2.1594851,2.2041371,2.2041371,4373544995
2025-03-29,2.2041459,2.2213709,2.064734,2.1399491,2.1399491,3914811653
2025-03-30,2.1399989,2.2110341,2.111093,2.136143,2.136143,2826918737
2025-03-31,2.136142,2.1373191,2.0272419,2.0898969,2.0898969,4506662719
2025-04-01,2.089926,2.1927259,2.0682349,2.139611,2.139611,4034254494
2025-04-02,2.13959,2.221313,1.991119,2.0250671,2.0250671,5687620993
2025-04-03,2.0249989,2.0798631,1.9658051,2.0624671,2.0624671,5385004807
2025-04-04,2.0624349,2.150625,2.0225101,2.1289599,2.1289599,5503342771
2025-04-05,2.128952,2.1709361,2.1146841,2.1437311,2.1437311,2089759530
2025-04-06,2.143723,2.1564839,1.869135,1.917895,1.917895,5158671865
2025-04-07,1.917895,1.99288,1.640088,1.897754,1.897754,14383598177
2025-04-08,1.897754,1.966046,1.782009,1.7945679,1.7945679,6468324898
2025-04-09,1.794502,2.0865009,1.725614,2.051738,2.051738,9381130206
2025-04-10,2.0517521,2.0527539,1.928295,1.966482,1.966482,4463765886
2025-04-11,1.9664969,2.0614121,1.950035,2.0238869,2.0238869,3459211572
2025-04-12,2.0238869,2.1717629,2.004679,2.1586201,2.1586201,3429390186
2025-04-13,2.158633,2.232384,2.0881031,2.120199,2.120199,4220100049
2025-04-14,2.120219,2.1742611,2.110462,2.126754,2.126754,3284127480
2025-04-15,2.1267331,2.1812611,2.0852599,2.0885489,2.0885489,2948485956
2025-04-16,2.088495,2.1178949,2.0397379,2.0832419,2.0832419,3572242595
2025-04-17,2.083256,2.112869,2.0558491,2.0664151,2.0664151,2467503712
2025-04-18,2.066448,2.087323,2.046037,2.0635271,2.0635271,1886497381
2025-04-19,2.0635209,2.0954349,2.05936,2.0873201,2.0873201,1445648293
2025-04-20,2.0873339,2.0925441,2.04072,2.0770011,2.0770011,1733159089
2025-04-21,2.0770011,2.1390879,2.0632601,2.085515,2.085515,2746051225
2025-04-22,2.0854969,2.237869,2.068903,2.2154729,2.2154729,4054022421
2025-04-23,2.215457,2.2995391,2.197325,2.217356,2.217356,5013426739
2025-04-24,2.21736,2.227351,2.123378,2.2045441,2.2045441,4208222195
2025-04-25,2.20454,2.2168889,2.166888,2.183054,2.183054,3279550205
2025-04-26,2.183074,2.245908,2.182373,2.1931889,2.1931889,2524845629
2025-04-27,2.193193,2.2909961,2.163795,2.256237,2.256237,3776527779
2025-04-28,2.256237,2.3521919,2.2270899,2.2951379,2.2951379,4354002634
2025-04-29,2.2951119,2.3117819,2.2238851,2.2408011,2.2408011,2889426361
2025-04-30,2.240792,2.2582819,2.1297679,2.1915569,2.1915569,3691303521
2025-05-01,2.191572,2.2549801,2.191128,2.2141621,2.2141621,2221046439
2025-05-02,2.2141681,2.238821,2.194922,2.209831,2.209831,2148434217
2025-05-03,2.2098279,2.219218,2.180974,2.1883669,2.1883669,1427745527
2025-05-04,2.188364,2.2153871,2.1541791,2.157795,2.157795,1606676574
2025-05-05,2.1577649,2.193537,2.10958,2.1356089,2.1356089,2518838395
2025-05-06,2.1355319,2.15781,2.0805421,2.1554301,2.1554301,2458675034
2025-05-07,2.1553459,2.169723,2.1089201,2.1261711,2.1261711,3808556620
2025-05-08,2.126173,2.324672,2.119313,2.323184,2.323184,4714441484
2025-05-09,2.3231659,2.4253991,2.290252,2.344671,2.344671,5991870742
2025-05-10,2.344629,2.472672,2.3401771,2.4720299,2.4720299,4373016278
2025-05-11,2.4719999,2.476254,2.3339169,2.3665249,2.3665249,3965697853
2025-05-12,2.366539,2.639677,2.358804,2.5446379,2.5446379,10613122884
2025-05-13,2.5446329,2.6008999,2.4276259,2.5865481,2.5865481,6176519868
2025-05-14,2.5865581,2.645735,2.524128,2.5527029,2.5527029,4955686643
2025-05-15,2.5526979,2.5709159,2.3590009,2.380367,2.380367,5374268326
2025-05-16,2.380358,2.436707,2.3506529,2.3809841,2.3809841,3792750565
2025-05-17,2.3809841,2.3883131,2.3032031,2.3543639,2.3543639,3022317383
2025-05-18,2.3543639,2.4429009,2.352282,2.434171,2.434171,2943528946
2025-05-19,2.4334731,2.4357941,2.286864,2.3813789,2.3813789,3735931351
2025-05-20,2.3813789,2.4056599,2.3174281,2.356755,2.356755,2990978075
2025-05-21,2.35674,2.4261129,2.3348751,2.398926,2.398926,3837944483
2025-05-22,2.3989539,2.4517181,2.3923531,2.429795,2.429795,3399409382
2025-05-23,2.429795,2.4765179,2.290333,2.2943211,2.2943211,4394718207
2025-05-24,2.294457,2.3588059,2.2924149,2.33287,2.33287,1496547562
2025-05-25,2.33287,2.344193,2.2705281,2.3429749,2.3429749,2117325121
2025-05-26,2.3429501,2.358088,2.298753,2.3106611,2.3106611,1930678300
2025-05-27,2.3106439,2.3520429,2.2724521,2.3186719,2.3186719,2373797283
2025-05-28,2.3186409,2.3214121,2.230531,2.2742529,2.2742529,2373668637
2025-05-29,2.2742591,2.311126,2.2440181,2.244246,2.244246,2465662898
2025-05-30,2.2442329,2.250627,2.138453,2.138634,2.138634,3891788509
2025-05-31,2.1387229,2.2038751,2.085525,2.17506,2.17506,2684904446
2025-06-01,2.175108,2.18716,2.128967,2.179184,2.179184,1763611233
2025-06-02,2.179184,2.203058,2.138854,2.1977551,2.1977551,2150527408
2025-06-03,2.1977551,2.280705,2.1861351,2.2468441,2.2468441,2528637429
2025-06-04,2.24684,2.2642591,2.1981959,2.2023101,2.2023101,2010134792
2025-06-05,2.2023211,2.225291,2.0647321,2.0976341,2.0976341,3283496875
2025-06-06,2.097645,2.1888461,2.088666,2.162406,2.162406,2160226661
2025-06-07,2.1624069,2.1910501,2.1518171,2.178546,2.178546,1225984728
2025-06-08,2.178545,2.294209,2.169209,2.2654951,2.2654951,2668252038
2025-06-09,2.2654891,2.327831,2.2255001,2.320375,2.320375,2876210477
2025-06-10,2.320374,2.3248301,2.268008,2.305285,2.305285,2753743744
2025-06-11,2.305316,2.335495,2.25722,2.2708731,2.2708731,3016488242
2025-06-12,2.2708731,2.27122,2.1762381,2.1947689,2.1947689,2658926570
2025-06-13,2.194732,2.1947391,2.0890591,2.14903,2.14903,4448865758
2025-06-14,2.149034,2.1783881,2.113941,2.1414061,2.1414061,2001104713
2025-06-15,2.1414001,2.174968,2.140233,2.167177,2.167177,1527791412
2025-06-16,2.167177,2.3356791,2.154146,2.2417719,2.2417719,4685110426
2025-06-17,2.2416921,2.2549789,2.14606,2.1607139,2.1607139,3965189619
2025-06-18,2.160708,2.180264,2.120965,2.1696651,2.1696651,2800813549
2025-06-19,2.169682,2.182076,2.1464019,2.1659379,2.1659379,1758762458
2025-06-20,2.165941,2.178422,2.089283,2.120347,2.120347,2626675896
2025-06-21,2.1203451,2.14398,2.0267711,2.0575581,2.0575581,2455229797
2025-06-22,2.05775,2.088362,1.913148,2.0140281,2.0140281,5108058032
2025-06-23,2.0141039,2.168556,1.9673361,2.1663091,2.1663091,4568812691
2025-06-24,2.1663091,2.216028,2.1343369,2.1908159,2.1908159,3574001224
2025-06-25,2.1908109,2.2256379,2.172663,2.1858721,2.1858721,2632853074
2025-06-26,2.1858611,2.2118211,2.1003411,2.105855,2.105855,3042625706
2025-06-27,2.105854,2.150456,2.0720661,2.1426189,2.1426189,3072597387
2025-06-28,2.142627,2.2066619,2.1364739,2.186044,2.186044,2047303025
2025-06-29,2.1860399,2.2182369,2.1789141,2.207073,2.207073,1525772808
2025-06-30,2.2070711,2.320565,2.1717329,2.23875,2.23875,3788425438
2025-07-01,2.2387099,2.252321,2.1514201,2.172195,2.172195,3188065836
2025-07-02,2.1721799,2.2791691,2.1626439,2.2337689,2.2337689,3852349881
2025-07-03,2.2337849,2.308444,2.229187,2.257658,2.257658,3715918884
2025-07-04,2.257633,2.2671821,2.2005141,2.221139,2.221139,2085461653
2025-07-05,2.221139,2.2334559,2.203629,2.2185221,2.2185221,1176056923
2025-07-06,2.218524,2.2868769,2.2115419,2.272541,2.272541,2494482032
2025-07-07,2.2725439,2.3485229,2.257967,2.2740779,2.2740779,4447363877
2025-07-08,2.274076,2.3197081,2.2500701,2.311234,2.311234,3096977787
2025-07-09,2.311234,2.423249,2.2990661,2.4056361,2.4056361,5095934679
2025-07-10,2.4056361,2.5580561,2.397295,2.5466831,2.5466831,6049788225
2025-07-11,2.5466311,2.9642701,2.5175469,2.734864,2.734864,15789098843
2025-07-12,2.7348499,2.841254,2.66991,2.7376361,2.7376361,8647115362
2025-07-13,2.7376361,2.8785,2.726897,2.8359411,2.8359411,7159804375
2025-07-14,2.835923,3.0217919,2.8271821,2.954977,2.954977,12393161327
2025-07-15,2.9548841,2.957473,2.808502,2.918952,2.918952,8879749638
2025-07-16,2.9189479,3.0970681,2.8827059,3.041405,3.041405,8884765458
2025-07-17,3.041378,3.5405991,3.005836,3.4951291,3.4951291,19109831396
2025-07-18,3.4949169,3.6502099,3.360616,3.4182119,3.4182119,18226483531
2025-07-19,3.41816,3.4801109,3.3617599,3.4294059,3.4294059,6728548741
2025-07-20,3.4293849,3.55443,3.3909931,3.4595289,3.4595289,8763366578
2025-07-21,3.459538,3.642411,3.4161551,3.5557649,3.5557649,9514968528
2025-07-22,3.5556369,3.5769379,3.430836,3.551676,3.551676,8927291368
2025-07-23,3.551672,3.552146,3.069947,3.1849301,3.1849301,13463451823
2025-07-24,3.1849401,3.26003,2.9854791,3.1438949,3.1438949,12401558966
2025-07-25,3.1438911,3.1508629,3.0091059,3.1417201,3.1417201,8709196636
2025-07-26,3.1416841,3.213773,3.113023,3.1675341,3.1675341,4116974190
2025-07-27,3.167419,3.248466,3.1626959,3.241282,3.241282,5026533835
2025-07-28,3.2412491,3.324357,3.1140571,3.1158421,3.1158421,8060553540
2025-07-29,3.1159019,3.1827991,3.0611131,3.1284311,3.1284311,6224568345
2025-07-30,3.1284311,3.1576071,3.0166521,3.098376,3.098376,6525487340
2025-07-31,3.0982759,3.173806,3.0180631,3.0251701,3.0251701,5429993622
2025-08-01,3.0251119,3.051882,2.9082601,2.964597,2.964597,9496832986
2025-08-02,2.964484,3.017772,2.7470679,2.766372,2.766372,6806946397
2025-08-03,2.7664349,2.958385,2.7463839,2.949544,2.949544,5493336229
2025-08-04,2.9495499,3.088593,2.935889,3.0728099,3.0728099,6105465016
2025-08-05,3.0728049,3.1033771,2.9238889,2.963748,2.963748,5761767874
2025-08-06,2.9637489,3.017256,2.906388,2.991888,2.991888,4694230831
2025-08-07,2.9918871,3.329602,2.9683361,3.318208,3.318208,8073584245
2025-08-08,3.3182409,3.375807,3.2132449,3.2871201,3.2871201,10725932348
2025-08-09,3.2870481,3.3447239,3.2159569,3.2278831,3.2278831,5751246666
2025-08-10,3.22788,3.2766271,3.1602499,3.187856,3.187856,5480657770
2025-08-11,3.1878681,3.3272359,3.122045,3.1345141,3.1345141,8655881431
2025-08-12,3.1344931,3.3002629,3.112155,3.266506,3.266506,8909122577
2025-08-13,3.26651,3.3238399,3.2074969,3.280591,3.280591,8866523352
2025-08-14,3.2805729,3.345988,3.037256,3.0835221,3.0835221,12234770540
2025-08-15,3.0835559,3.1427619,3.008507,3.0786669,3.0786669,7119201345
2025-08-16,3.0786691,3.1562591,3.0780301,3.10814,3.10814,4171845770
2025-08-17,3.1081281,3.1466839,3.0883341,3.089041,3.089041,3705547889
2025-08-18,3.0890419,3.0956459,2.9472661,3.0614829,3.0614829,8082538521
2025-08-19,3.061487,3.080256,2.8519509,2.8529241,2.8529241,7026863070
2025-08-20,2.853066,2.9852991,2.8267319,2.9507489,2.9507489,7007191461
2025-08-21,2.9507489,2.9521749,2.8439729,2.8504741,2.8504741,4660595472
2025-08-22,2.850513,3.0979929,2.784343,3.075773,3.075773,10060500291
2025-08-23,3.0757761,3.075788,2.9706769,3.0462141,3.0462141,4711873113
2025-08-24,3.046226,3.1236739,2.998924,3.0258689,3.0258689,6414069609
2025-08-25,3.025877,3.0491619,2.833379,2.8612721,2.8612721,7446594518
2025-08-26,2.861258,3.073736,2.8577211,3.012218,3.012218,7015039498
2025-08-27,3.0122321,3.0425341,2.9642761,2.9666181,2.9666181,6656258780
2025-08-28,2.9667201,3.0240691,2.946099,2.9670949,2.9670949,5961279099
2025-08-29,2.9670501,2.9724369,2.7809589,2.8219571,2.8219571,8455152430
2025-08-30,2.821933,2.833679,2.771292,2.818186,2.818186,3786859473
2025-08-31,2.8181911,2.8643129,2.774384,2.7766409,2.7766409,3292986154
2025-09-01,2.7766809,2.8342731,2.7064421,2.753695,2.753695,8041446525
2025-09-02,2.7538381,2.8625171,2.7507479,2.8618591,2.8618591,7493678799
2025-09-03,2.8618481,2.88485,2.8140421,2.8448949,2.8448949,4435438842
2025-09-04,2.8449049,2.8590741,2.7885859,2.7958281,2.7958281,4856488220
2025-09-05,2.7958169,2.8827059,2.7810941,2.8162479,2.8162479,6912100967
2025-09-06,2.8162479,2.8278241,2.7945111,2.8108549,2.8108549,2098512724
2025-09-07,2.8108549,2.9104071,2.8106279,2.878562,2.878562,3861213414
2025-09-08,2.878556,2.9919009,2.8671989,2.970401,2.970401,6130006998
2025-09-09,2.970403,3.0332069,2.935215,2.946614,2.946614,5916483406
2025-09-10,2.94661,3.019891,2.9369111,2.981708,2.981708,4335352685
2025-09-11,2.9817259,3.0474041,2.979172,3.0409341,3.0409341,5308930163
2025-09-12,3.040942,3.1292951,3.021179,3.1076419,3.1076419,6243311041
2025-09-13,3.1076181,3.1834519,3.094568,3.1214671,3.1214671,5576961697
2025-09-14,3.1214471,3.1250751,3.013175,3.0325251,3.0325251,4780192678
2025-09-15,3.032522,3.0665009,2.960891,2.9971089,2.9971089,6168345239
2025-09-16,2.9971111,3.057735,2.9702461,3.0384941,3.0384941,4790701693
2025-09-17,3.038492,3.1062059,2.9893489,3.0849919,3.0849919,6464944702
2025-09-18,3.08495,3.137373,3.0591209,3.0762689,3.0762689,6370715154
2025-09-19,3.076273,3.0919609,2.9828129,2.991852,2.991852,5081524032
2025-09-20,2.991832,3.0097671,2.972693,2.978919,2.978919,3128134656
2025-09-21,2.97893,3.0128641,2.95801,2.9734089,2.9734089,3006847619
2025-09-22,2.973419,2.9750929,2.7758369,2.8530099,2.8530099,10061060584
2025-09-23,2.853025,2.8936241,2.8051231,2.8281569,2.8281569,5443127217
2025-09-24,2.82812,2.9935901,2.8031449,2.928035,2.928035,6233618625
2025-09-25,2.9280541,2.94346,2.738723,2.7423191,2.7423191,9262038626
2025-09-26,2.7423639,2.809047,2.703968,2.7858119,2.7858119,7991469350
2025-09-27,2.785804,2.8261571,2.766432,2.807735,2.807735,2924457406
2025-09-28,2.807714,2.8668211,2.7698879,2.866586,2.866586,3306243728
2025-09-29,2.8665869,2.9153709,2.8486221,2.8826921,2.8826921,5241844741
2025-09-30,2.882663,2.9061389,2.81829,2.846931,2.846931,4983474471
2025-10-01,2.8469419,2.9588201,2.816855,2.947278,2.947278,6320890474
2025-10-02,2.947294,3.099251,2.9433739,3.039324,3.039324,7342967135
2025-10-03,3.0393431,3.0931351,3.008373,3.0408809,3.0408809,6969299806
2025-10-04,3.0408871,3.0501859,2.9425149,2.9693489,2.9693489,4164234298
2025-10-05,2.9693451,3.068089,2.950803,2.9706409,2.9706409,5535126764
2025-10-06,2.9706171,3.0464449,2.9597449,2.9907169,2.9907169,6393948188
2025-10-07,2.990711,2.9997489,2.854876,2.8559711,2.8559711,7275425947
2025-10-08,2.8559771,2.9230649,2.842967,2.8808041,2.8808041,4668884369
2025-10-09,2.880785,2.880836,2.7791071,2.8049099,2.8049099,5640441736
2025-10-10,2.8049099,2.833612,1.528451,2.358597,2.358597,15623107075
2025-10-11,2.3587539,2.5019939,2.3221681,2.385982,2.385982,11749648817
2025-10-12,2.385956,2.581764,2.3209729,2.5349579,2.5349579,9877639191
2025-10-13,2.53509,2.6452129,2.521791,2.6064999,2.6064999,8579698636
2025-10-14,2.6064939,2.6204729,2.407625,2.5056601,2.5056601,8358303560
2025-10-15,2.505667,2.5257151,2.3895881,2.4126661,2.4126661,5540248401
2025-10-16,2.412672,2.4628589,2.287637,2.3290679,2.3290679,7020912336
2025-10-17,2.32899,2.38046,2.197175,2.294239,2.294239,7915224855
2025-10-18,2.2944109,2.3915551,2.2944109,2.3605101,2.3605101,2903249765
2025-10-19,2.3605101,2.417567,2.3210399,2.3906319,2.3906319,3399616949
2025-10-20,2.3906519,2.543082,2.3589921,2.4934189,2.4934189,4680466571
2025-10-21,2.4955871,2.5313489,2.404068,2.4242711,2.4242711,5162489261
2025-10-22,2.4242799,2.437923,2.3350389,2.363862,2.363862,4563355252
2025-10-23,2.363862,2.4232709,2.3632309,2.3951499,2.3951499,3186334728
2025-10-24,2.395154,2.5124581,2.3889279,2.5074739,2.5074739,4400716181
2025-10-25,2.5075271,2.6451981,2.505837,2.596447,2.596447,3953836546
2025-10-26,2.596451,2.6586919,2.59479,2.6451459,2.6451459,3805025865
2025-10-27,2.645144,2.6934471,2.607439,2.63463,2.63463,5079861417
2025-10-28,2.634644,2.6833301,2.57412,2.6059771,2.6059771,5654771816
2025-10-29,2.605963,2.6630199,2.54336,2.552021,2.552021,5094568015
2025-10-30,2.55199,2.589813,2.390291,2.4397149,2.4397149,6124183294
2025-10-31,2.439723,2.5467179,2.437345,2.508733,2.508733,4637688037
2025-11-01,2.508734,2.521034,2.4799931,2.5051739,2.5051739,1999237389
2025-11-02,2.5052121,2.546016,2.479512,2.5290949,2.5290949,2469844986
2025-11-03,2.5289519,2.5297561,2.2659719,2.3093779,2.3093779,6581778268
2025-11-04,2.3093531,2.360527,2.076153,2.2106161,2.2106161,9860892049
2025-11-05,2.2106249,2.3712881,2.109323,2.3452251,2.3452251,6893540144
2025-11-06,2.3452129,2.385771,2.1859851,2.2108481,2.2108481,5711117897
2025-11-07,2.210851,2.36643,2.1580169,2.314163,2.314163,5982883574
2025-11-08,2.314208,2.332689,2.2471061,2.2848949,2.2848949,3186759680
2025-11-09,2.2849231,2.377733,2.2438271,2.3676569,2.3676569,3226988283
2025-11-10,2.367645,2.577179,2.356185,2.526365,2.526365,6474566793
2025-11-11,2.526351,2.565876,2.3822429,2.3917241,2.3917241,4511908616
2025-11-12,2.3917229,2.447228,2.3202751,2.3868959,2.3868959,4769353442
2025-11-13,2.3869059,2.520046,2.2845371,2.33114,2.33114,7594356106
2025-11-14,2.3311181,2.3358541,2.2313781,2.2439821,2.2439821,7080963107
2025-11-15,2.2439699,2.2977059,2.2192831,2.2352459,2.2352459,2923818163
2025-11-16,2.235254,2.2763641,2.161036,2.216609,2.216609,4217661281
2025-11-17,2.2165949,2.291353,2.118227,2.1620979,2.1620979,6068395312
2025-11-18,2.16208,2.2369699,2.1150501,2.2164791,2.2164791,5793233516
2025-11-19,2.2164791,2.2164791,2.0280311,2.1076181,2.1076181,6144007301
2025-11-20,2.107614,2.1467741,1.977739,1.998787,1.998787,6618490721
2025-11-21,1.998714,2.0236189,1.8348711,1.950403,1.950403,9204368766
2025-11-22,1.950392,1.962666,1.893243,1.949751,1.949751,3115116100
2025-11-23,1.949755,2.0801029,1.94972,2.0462649,2.0462649,4120199235
2025-11-24,2.0463991,2.2783959,2.0267169,2.225878,2.225878,6505730022
2025-11-25,2.2260129,2.2593989,2.1517351,2.198544,2.198544,4910340958
2025-11-26,2.1985431,2.2501571,2.148217,2.2242849,2.2242849,3853143882
2025-11-27,2.2242849,2.2327249,2.1752701,2.200824,2.200824,2820875208
2025-11-28,2.2008319,2.262898,2.161514,2.1806481,2.1806481,4332649955
2025-11-29,2.18065,2.2205989,2.172507,2.203377,2.203377,2108094066
2025-11-30,2.2033701,2.212327,2.1609671,2.1609671,2.1609671,1888526431
2025-12-01,2.1606431,2.1607881,1.987977,2.030916,2.030916,5482181614
2025-12-02,2.030916,2.178849,1.998329,2.1555221,2.1555221,4387656803
2025-12-03,2.1554699,2.217346,2.1436591,2.201906,2.201906,3860198446
2025-12-04,2.2015879,2.2096901,2.0735941,2.097173,2.097173,3357933972
2025-12-05,2.0971551,2.111675,2.017952,2.037607,2.037607,3315458822
2025-12-06,2.037606,2.0492189,2.0187559,2.03262,2.03262,1682146760
2025-12-07,2.0326271,2.108813,2.00018,2.0434201,2.0434201,2832015064
2025-12-08,2.043468,2.1162651,2.036926,2.0731061,2.0731061,2909008695
2025-12-09,2.0731061,2.1744151,2.045449,2.1084249,2.1084249,3614920392
2025-12-10,2.108422,2.108875,2.0413251,2.043345,2.043345,3768702959
2025-12-11,2.043318,2.0529759,1.986596,2.0355079,2.0355079,3560399350
2025-12-12,2.0355,2.0456369,1.979568,2.009145,2.009145,2650764203
2025-12-13,2.009145,2.047236,2.0082309,2.023994,2.023994,1622802388
2025-12-14,2.0239971,2.0300181,1.972114,1.979287,1.979287,1639521426
2025-12-15,1.979285,2.0092671,1.876363,1.8986731,1.8986731,3479993806
2025-12-16,1.898672,1.9440171,1.861063,1.930073,1.930073,3093566806
2025-12-17,1.930084,1.983696,1.8502491,1.861838,1.861838,3450002332
2025-12-18,1.861845,1.930563,1.804198,1.807777,1.807777,3853056261
2025-12-19,1.807777,1.915884,1.772696,1.907392,1.907392,3923807997
2025-12-20,1.90739,1.953944,1.8951401,1.932398,1.932398,1995691806
2025-12-21,1.932403,1.947305,1.896776,1.922012,1.922012,2392341920
2025-12-22,1.922025,1.943697,1.892801,1.902764,1.902764,2644702981
2025-12-23,1.902764,1.907117,1.8667001,1.872817,1.872817,2201693264
2025-12-24,1.872795,1.8758349,1.837574,1.861171,1.861171,1891794487
2025-12-25,1.861167,1.8852561,1.829771,1.831836,1.831836,1498817315
2025-12-26,1.83184,1.880253,1.825292,1.8429641,1.8429641,2252113960
2025-12-27,1.842962,1.87404,1.841432,1.872853,1.872853,1040331569
2025-12-28,1.872853,1.8768311,1.853835,1.86436,1.86436,1043218992
2025-12-29,1.864357,1.914788,1.845446,1.847724,1.847724,2303688120
2025-12-30,1.8477401,1.882648,1.844087,1.875494,1.875494,1804734447
2025-12-31,1.875494,1.880595,1.8115309,1.839973,1.839973,1999139715
2026-01-01,1.8399791,1.877936,1.82523,1.877936,1.877936,1401659084
2026-01-02,1.8779351,2.022835,1.867422,2.0058169,2.0058169,3614813049
2026-01-03,2.005801,2.0536349,1.988519,2.0174069,2.0174069,2345137866
2026-01-04,2.0174041,2.116791,2.017153,2.0900209,2.0900209,3214249708
2026-01-05,2.09003,2.3607371,2.088587,2.3487971,2.3487971,6262857427
2026-01-06,2.3487811,2.410264,2.210319,2.306901,2.306901,7823657946
2026-01-07,2.306895,2.316704,2.155575,2.167125,2.167125,4045149123
2026-01-08,2.167125,2.1864109,2.0660601,2.122097,2.122097,4715816749
2026-01-09,2.1221449,2.154856,2.07411,2.0916409,2.0916409,3557900155
2026-01-10,2.0916469,2.106307,2.0800619,2.0880179,2.0880179,1201952489
2026-01-11,2.0880129,2.104558,2.0490401,2.0710649,2.0710649,1712768426
2026-01-12,2.0710609,2.1054609,2.033788,2.0525451,2.0525451,3628675548
2026-01-13,2.052547,2.179781,2.045881,2.1637981,2.1637981,3811945251
2026-01-14,2.163801,2.1859281,2.1128261,2.1397419,2.1397419,4297209828
2026-01-15,2.1397319,2.142442,2.0550489,2.0781291,2.0781291,3029758067
2026-01-16,2.07812,2.084851,2.0292361,2.068218,2.068218,2318958402
2026-01-17,2.0682149,2.0805991,2.05405,2.0623729,2.0623729,1318755638
2026-01-18,2.0623729,2.066092,1.991215,1.992658,1.992658,1668886889
2026-01-19,1.992623,2.0256109,1.9098721,1.9863811,1.9863811,4017699865
2026-01-20,1.986382,1.9879659,1.883145,1.889582,1.889582,3630982557
2026-01-21,1.889569,1.984895,1.875393,1.945558,1.945558,4343268403
2026-01-22,1.94556,1.9640729,1.9023499,1.921674,1.921674,2512873447
2026-01-23,1.921674,1.9590549,1.888621,1.9195319,1.9195319,2468508566
2026-01-24,1.91953,1.924667,1.909528,1.91313,1.91313,970964578
2026-01-25,1.913121,1.913646,1.8138601,1.8330261,1.8330261,2740774855
2026-01-26,1.833033,1.93739,1.833033,1.903497,1.903497,3015645189
2026-01-27,1.903488,1.9254251,1.87397,1.9139349,1.9139349,2211761251
2026-01-28,1.913928,1.938175,1.893775,1.908726,1.908726,2302935086
2026-01-29,1.908756,1.90908,1.7772731,1.805065,1.805065,4595244677
2026-01-30,1.805088,1.809327,1.713048,1.732426,1.732426,5054515535
2026-01-31,1.732426,1.749177,1.5445859,1.645471,1.645471,6222981594
2026-02-01,1.645466,1.6733479,1.560783,1.591342,1.591342,4092694363
2026-02-02,1.591397,1.65319,1.532506,1.6205471,1.6205471,5046409178
2026-02-03,1.620558,1.625398,1.528746,1.574199,1.574199,4089022562
2026-02-04,1.574226,1.6087691,1.49736,1.510476,1.510476,4190815541
2026-02-05,1.510476,1.510476,1.150371,1.213521,1.213521,11340956282
2026-02-06,1.213506,1.538908,1.13346,1.471523,1.471523,11836014443
2026-02-07,1.471422,1.4823951,1.3880351,1.424204,1.424204,5355780912
2026-02-08,1.424202,1.4655401,1.4138449,1.4321851,1.4321851,2764477043
2026-02-09,1.432168,1.456863,1.374764,1.436116,1.436116,3745179799
2026-02-10,1.4361269,1.449805,1.393242,1.399487,1.399487,2390150166
2026-02-11,1.399491,1.418909,1.344981,1.368019,1.368019,3555158789
2026-02-12,1.368019,1.403725,1.348814,1.36207,1.36207,2611760486
2026-02-13,1.362061,1.424008,1.348918,1.407463,1.407463,2659528884
2026-02-14,1.407456,1.510933,1.405956,1.50998,1.50998,2654584108
2026-02-15,1.510034,1.664343,1.44792,1.474857,1.474857,6151095964
2026-02-16,1.474848,1.511116,1.450444,1.486678,1.486678,3105203546
2026-02-17,1.486747,1.491377,1.429842,1.474404,1.474404,2375313128
2026-02-18,1.474402,1.490935,1.412004,1.421607,1.421607,2147876410
2026-02-19,1.421611,1.4345191,1.385571,1.4063801,1.4063801,2340954857
2026-02-20,1.4063801,1.435298,1.380429,1.429414,1.429414,2659190397
2026-02-21,1.4294111,1.46068,1.420483,1.4316649,1.4316649,1404983725
2026-02-22,1.431651,1.432758,1.381476,1.393078,1.393078,1411435214
2026-02-23,1.393072,1.4194961,1.334487,1.3516459,1.3516459,3520566615
2026-02-24,1.351642,1.364446,1.3177429,1.348894,1.348894,2790118153
2026-02-25,1.348895,1.485679,1.3431441,1.433746,1.433746,4394032382
2026-02-26,1.433669,1.4650429,1.385195,1.402018,1.402018,3311536642
2026-02-27,1.402019,1.4248641,1.340909,1.355921,1.355921,3242202204
2026-02-28,1.355911,1.389257,1.272849,1.377229,1.377229,4148957315
2026-03-01,1.377229,1.432225,1.338975,1.351729,1.351729,3359722746
2026-03-02,1.351724,1.416589,1.33718,1.390978,1.390978,3336024593
2026-03-03,1.3910021,1.393746,1.341948,1.360563,1.360563,2807181570
2026-03-04,1.360563,1.468972,1.347044,1.43022,1.43022,4413590814
2026-03-05,1.43022,1.450812,1.39912,1.403052,1.403052,2651341992
2026-03-06,1.403082,1.412852,1.347088,1.363571,1.363571,2371949533
2026-03-07,1.3635761,1.37284,1.349762,1.356423,1.356423,1142130992
2026-03-08,1.356425,1.370623,1.32889,1.341401,1.341401,1647984917
2026-03-09,1.3414,1.381649,1.3367569,1.361842,1.361842,2485298247
2026-03-10,1.361842,1.437705,1.361842,1.386425,1.386425,3354046878
2026-03-11,1.386429,1.4072,1.371744,1.384877,1.384877,2329385563
2026-03-12,1.3848799,1.392231,1.367924,1.384649,1.384649,1983452712
2026-03-13,1.384638,1.449839,1.384584,1.398908,1.398908,3711359297
2026-03-14,1.398908,1.407506,1.3878011,1.407269,1.407269,1200364136
2026-03-15,1.407268,1.459504,1.403494,1.447551,1.447551,2003420758
2026-03-16,1.4475681,1.55023,1.436956,1.543565,1.543565,4212735512
2026-03-17,1.5435669,1.601715,1.498585,1.518544,1.518544,4691836224
2026-03-18,1.5186,1.5393,1.4389549,1.463854,1.463854,3025458578
2026-03-19,1.463854,1.475396,1.423454,1.447323,1.447323,2465527619
2026-03-20,1.447319,1.463586,1.427243,1.445461,1.445461,1892003074
2026-03-21,1.445447,1.450719,1.405835,1.406576,1.406576,1105016226
2026-03-22,1.406685,1.424418,1.373145,1.384883,1.384883,1736826096
2026-03-23,1.384884,1.46308,1.3632261,1.431878,1.431878,3394119378
2026-03-24,1.431895,1.432638,1.385376,1.415424,1.415424,2157301741
2026-03-25,1.415424,1.434963,1.403133,1.414238,1.414238,1924225360
2026-03-26,1.414238,1.414978,1.337831,1.360114,1.360114,2386602429
2026-03-27,1.360094,1.37072,1.319219,1.325014,1.325014,2318878939
2026-03-28,1.3250149,1.354539,1.321026,1.3328,1.3328,1091211938
2026-03-29,1.332799,1.339534,1.30232,1.327276,1.327276,1205802675
2026-03-30,1.327289,1.3637069,1.317263,1.322583,1.322583,1884173351
2026-03-31,1.322585,1.348557,1.305814,1.340259,1.340259,2032607100
2026-04-01,1.34027,1.366152,1.331883,1.347766,1.347766,1797156692
2026-04-02,1.347765,1.355837,1.281747,1.318691,1.318691,2443821810
2026-04-03,1.318691,1.3293051,1.304006,1.317907,1.317907,1328937719
2026-04-04,1.317911,1.320272,1.3083709,1.315574,1.315574,880323931
2026-04-05,1.31557,1.329368,1.28099,1.325496,1.325496,1448608453
2026-04-06,1.325496,1.35586,1.3146729,1.321221,1.321221,2008712422
2026-04-07,1.321211,1.392457,1.2961299,1.38149,1.38149,2513930089
2026-04-08,1.381489,1.386937,1.340064,1.342373,1.342373,2598879679
2026-04-09,1.3423769,1.36524,1.32356,1.344144,1.344144,2599477603
2026-04-10,1.344117,1.365023,1.33592,1.356606,1.356606,2051358320
2026-04-11,1.356604,1.374104,1.342158,1.355449,1.355449,1575723074
2026-04-12,1.355451,1.355703,1.322535,1.324998,1.324998,1856380230
2026-04-13,1.324998,1.381569,1.322685,1.3766659,1.3766659,2675166185
2026-04-14,1.376667,1.3931611,1.3549989,1.361828,1.361828,2713028424
2026-04-15,1.361816,1.403396,1.351748,1.391667,1.391667,2832508180
2026-04-16,1.391668,1.464693,1.388042,1.452635,1.452635,4064358391
2026-04-17,1.452638,1.507381,1.4236341,1.4770499,1.4770499,4234478695
2026-04-18,1.477048,1.481758,1.425397,1.434683,1.434683,2528319824
2026-04-19,1.434684,1.443731,1.394586,1.394653,1.394653,2857010479
2026-04-20,1.3946609,1.435184,1.394558,1.424871,1.424871,2883196759
2026-04-21,1.424867,1.446622,1.41344,1.431825,1.431825,2417478988
2026-04-22,1.431831,1.460075,1.428027,1.430028,1.430028,2517333107
2026-04-23,1.43003,1.440166,1.410307,1.439062,1.439062,2601265527
2026-04-24,1.43906,1.4487979,1.425052,1.433676,1.433676,2163141988
2026-04-25,1.43367,1.4376349,1.419685,1.424219,1.424219,1062133882
2026-04-26,1.424206,1.435281,1.418834,1.4315749,1.4315749,1259313752
2026-04-27,1.431578,1.446373,1.386535,1.400906,1.400906,2294516967
2026-04-28,1.400905,1.400999,1.369139,1.3806649,1.3806649,1780887090
2026-04-29,1.380664,1.405056,1.349582,1.369252,1.369252,2374065372
2026-04-30,1.369259,1.383824,1.360732,1.36743,1.36743,1671961354
2026-05-01,1.3674231,1.3986959,1.365981,1.3846951,1.3846951,1774019955
2026-05-02,1.3846951,1.396461,1.383062,1.393152,1.393152,1161240004
2026-05-03,1.393173,1.4010921,1.381942,1.387578,1.387578,1118339653
2026-05-04,1.387578,1.418677,1.384032,1.391959,1.391959,2612149555
2026-05-05,1.391959,1.421014,1.390745,1.413149,1.413149,2031606447
2026-05-06,1.413149,1.455323,1.408767,1.42472,1.42472,2886021086
2026-05-07,1.42472,1.425004,1.3812931,1.387125,1.387125,2087306229
2026-05-08,1.387125,1.424035,1.378253,1.418285,1.418285,1668301953
2026-05-09,1.418285,1.4340611,1.412655,1.420107,1.420107,1345877667
2026-05-10,1.4201,1.504568,1.4124531,1.472807,1.472807,3049525295
2026-05-11,1.472807,1.486325,1.441939,1.4768161,1.4768161,2718223347
2026-05-12,1.476827,1.4827009,1.420133,1.436101,1.436101,2318747031
2026-05-13,1.436101,1.468132,1.413427,1.4263459,1.4263459,2360390633
2026-05-14,1.426343,1.547374,1.421258,1.484111,1.484111,3975209894
2026-05-15,1.484115,1.4984289,1.430518,1.433731,1.433731,2655244244
2026-05-16,1.433731,1.437842,1.397382,1.414036,1.414036,1645461971
2026-05-17,1.414036,1.426518,1.385464,1.400943,1.400943,1429949739
2026-05-18,1.400933,1.401096,1.366313,1.389199,1.389199,2302506551
2026-05-19,1.389202,1.394901,1.353628,1.360587,1.360587,1859371384
2026-05-20,1.360584,1.377436,1.347828,1.365368,1.365368,1647070494
2026-05-21,1.365369,1.383768,1.35123,1.372087,1.372087,1741983318
2026-05-22,1.372081,1.373742,1.331032,1.333704,1.333704,1912040774
2026-05-23,1.3337049,1.371181,1.307452,1.357494,1.357494,1960680113
2026-05-24,1.3574899,1.3671139,1.333717,1.350033,1.350033,1198885447
2026-05-25,1.350034,1.362363,1.343004,1.349385,1.349385,1304039526
2026-05-26,1.349383,1.362975,1.3267649,1.327661,1.327661,1730035811
2026-05-27,1.327664,1.339864,1.302636,1.306151,1.306151,1878050770
2026-05-28,1.306146,1.33499,1.268479,1.313527,1.313527,2564063217
2026-05-29,1.313527,1.330176,1.294789,1.3283269,1.3283269,2175452557
2026-05-30,1.328329,1.36262,1.32735,1.338338,1.338338,1732274683
2026-05-31,1.338335,1.3454241,1.321352,1.331321,1.331321,1201205120
2026-06-01,1.331318,1.3377219,1.278814,1.294879,1.294879,2221780390
2026-06-02,1.294891,1.2952189,1.19858,1.2098939,1.2098939,3140773533
2026-06-03,1.209872,1.246271,1.189676,1.200251,1.200251,2515511848
2026-06-04,1.200248,1.209727,1.141528,1.166647,1.166647,3379235267
2026-06-05,1.166648,1.171313,1.0709389,1.096436,1.096436,4104684182
2026-06-06,1.096444,1.112817,1.054657,1.0934581,1.0934581,2190389936
2026-06-07,1.093465,1.166491,1.089772,1.154651,1.154651,2135757215
2026-06-08,1.154645,1.184806,1.132768,1.168193,1.168193,2123608548
2026-06-09,1.168193,1.175421,1.120306,1.137252,1.137252,1886518539
2026-06-10,1.1372271,1.13951,1.090114,1.097237,1.097237,1929043739
2026-06-11,1.097222,1.147144,1.096409,1.1415859,1.1415859,1717799091
2026-06-12,1.141574,1.1551909,1.127314,1.132059,1.132059,1477503646
2026-06-13,1.132051,1.158862,1.130265,1.150045,1.150045,932351624
2026-06-14,1.150045,1.185975,1.1280119,1.185829,1.185829,1149569738
2026-06-15,1.18583,1.289287,1.178393,1.2382129,1.2382129,3068640189
2026-06-16,1.238207,1.2525049,1.208253,1.215989,1.215989,1770738068
2026-06-17,1.215989,1.224681,1.174865,1.1850851,1.1850851,1926247784
2026-06-18,1.1850851,1.190124,1.133033,1.145422,1.145422,1834719756
2026-06-19,1.14542,1.151186,1.120816,1.136384,1.136384,1294601711
2026-06-20,1.136397,1.153767,1.134169,1.149052,1.149052,930203909
2026-06-21,1.14905,1.1508631,1.1232719,1.124419,1.124419,906708305
2026-06-22,1.124383,1.162092,1.121932,1.128631,1.128631,1440361876
2026-06-23,1.128629,1.1313291,1.092321,1.10941,1.10941,1381808683
2026-06-24,1.10941,1.111261,1.047331,1.07226,1.07226,2204954952
2026-06-25,1.072262,1.0875601,1.017475,1.041641,1.041641,2355617743
2026-06-26,1.041628,1.0510221,1.009753,1.047119,1.047119,2482558191
2026-06-27,1.047117,1.074463,1.04334,1.046428,1.046428,1210389219
2026-06-28,1.046427,1.055979,1.034043,1.047576,1.047576,1043050193
2026-06-29,1.047576,1.073905,1.033963,1.057271,1.057271,1873685545
2026-06-30,1.057268,1.057272,1.026805,1.03843,1.03843,1392542318
2026-07-01,1.038433,1.069153,1.026585,1.052148,1.052148,1703110348
2026-07-02,1.052135,1.110575,1.044867,1.086496,1.086496,1811588769
2026-07-03,1.086496,1.142467,1.0826139,1.1339329,1.1339329,1715527135
2026-07-04,1.133929,1.18121,1.132075,1.156787,1.156787,1833564638
2026-07-05,1.156787,1.164386,1.125475,1.155893,1.155893,1260307595
2026-07-06,1.155905,1.158989,1.1099091,1.143798,1.143798,1795077541
2026-07-07,1.143797,1.1496021,1.110209,1.11178,1.11178,1385405862
2026-07-08,1.1117769,1.1146359,1.070057,1.089973,1.089973,1587960002
2026-07-09,1.08998,1.1002491,1.082907,1.0933371,1.0933371,1018618992
2026-07-10,1.09333,1.116925,1.089831,1.103923,1.103923,1108026772
2026-07-11,1.103918,1.1179889,1.097581,1.097581,1.097581,653161963
2026-07-12,1.097585,1.102391,1.082,1.0857379,1.0857379,743622149
2026-07-13,1.085758,1.099331,1.055411,1.06548,1.06548,1229269893
2026-07-14,1.0654711,1.117862,1.060846,1.11112,1.11112,1319885685
2026-07-15,1.11112,1.127455,1.098887,1.112767,1.112767,1214670295
2026-07-16,1.1127729,1.116578,1.0856071,1.086289,1.086289,1083522974
2026-07-17,1.086296,1.094152,1.069639,1.088625,1.088625,1037893587
2026-07-18,1.0886101,1.096445,1.083818,1.092157,1.092157,581824132
2026-07-19,1.09216,1.1000839,1.089941,1.095921,1.095921,632804582
2026-07-20,1.095919,1.1189179,1.083155,1.112113,1.112113,1265516612
2026-07-21,1.112115,1.162782,1.111112,1.142473,1.142473,1540417491
2026-07-22,1.142458,1.155785,1.12903,1.141614,1.141614,1064388710
2026-07-23,1.141592,1.143453,1.102294,1.106883,1.106883,1047477287
2026-07-24,1.106883,1.119897,1.084798,1.09093,1.09093,1027010233
2026-07-25,1.0909311,1.106153,1.085745,1.0973279,1.0973279,590116721
2026-07-26,1.0973279,1.113975,1.095288,1.111665,1.111665,617283513
2026-07-27,1.11166,1.112029,1.063315,1.0652651,1.0652651,1228521856
2026-07-28,1.065269,1.0687979,1.045891,1.067959,1.067959,1231906994
2026-07-29,1.067964,1.091252,1.0636719,1.072859,1.072859,1572779699
2026-07-30,1.072862,1.09243,1.067806,1.083825,1.083825,1026515295
2026-07-31,1.083827,1.087456,1.058429,1.060535,1.060535,1130852291
2026-08-01,1.060527,1.065852,1.050106,1.059743,1.059743,586692436
2026-08-02,1.059743,1.089975,1.059728,1.08461,1.08461,839647017
2026-08-03,1.0846159,1.085416,1.062457,1.074632,1.074632,1071229854
2026-08-04,1.074633,1.080175,1.069494,1.073209,1.073209,971582717
2026-08-05,1.073211,1.0751621,1.054924,1.0610141,1.0610141,1074309612
2026-08-06,1.061016,1.062246,1.030205,1.033666,1.033666,1495128903
2026-08-07,1.033674,1.039636,1.01396,1.021237,1.021237,1636834143
2026-08-08,1.021238,1.047284,1.0202889,1.038614,1.038614,744201731
2026-08-09,1.038614,1.044805,1.028873,1.028915,1.028915,689508648
2026-08-10,1.0289381,1.038689,1.008774,1.011531,1.011531,1165538808
2026-08-11,1.011548,1.024211,0.99370599,1.0218821,1.0218821,1454860538
2026-08-12,1.021884,1.0241441,1.001153,1.004374,1.004374,1016924373
2026-08-13,1.004371,1.013929,0.99908501,1.0081249,1.0081249,932595519
2026-08-14,1.008118,1.012606,0.98842198,0.99803799,0.99803799,1072233961
2026-08-15,0.998043,1.0065989,0.997751,1.0014,1.0014,509880454
2026-08-16,1.00141,1.00222,0.99110502,0.99197298,0.99197298,552086809
2026-08-17,0.99197298,1.006731,0.98866701,1.002619,1.002619,928886055
2026-08-18,1.0026211,1.004546,0.98906302,1.001354,1.001354,900420683
2026-08-19,1.001367,1.132267,0.99588102,1.104403,1.104403,3228577903
2026-08-20,1.104393,1.336937,1.0887851,1.26844,1.26844,7050100813
2026-08-21,1.268472,1.468258,1.261036,1.453796,1.453796,9724529776
2026-08-22,1.453876,1.683754,1.427173,1.463727,1.463727,15435859488
2026-08-23,1.463727,1.545323,1.4384429,1.5221879,1.5221879,6567281398
2026-08-24,1.522184,1.525602,1.455506,1.479044,1.479044,6488474372
2026-08-25,1.479055,1.545951,1.419867,1.43325,1.43325,5053118244
2026-08-26,1.4332629,1.449147,1.363196,1.422429,1.422429,4102147659
2026-08-27,1.422433,1.4724081,1.396066,1.453033,1.453033,3743398328
2026-08-28,1.453033,1.469258,1.3659329,1.383189,1.383189,3751312647
2026-08-29,1.383191,1.401051,1.37835,1.396732,1.396732,1264175645
2026-08-30,1.396734,1.430799,1.342296,1.359498,1.359498,2089771567
2026-08-31,1.359446,1.393203,1.34215,1.379048,1.379048,2353429852
2026-09-01,1.379034,1.394869,1.340368,1.351637,1.351637,2373035693
2026-09-02,1.351634,1.356025,1.3135951,1.3498141,1.3498141,2519935159
2026-09-03,1.349811,1.479241,1.342904,1.451319,1.451319,4699726902
2026-09-04,1.451318,1.460587,1.387297,1.398959,1.398959,3613640520
2026-09-05,1.3989429,1.426029,1.395808,1.412473,1.412473,1632888149
2026-09-06,1.412447,1.429484,1.404209,1.422825,1.422825,1640359513
2026-09-07,1.422832,1.426226,1.380752,1.39775,1.39775,2298405668
2026-09-08,1.397753,1.446111,1.382,1.416248,1.416248,2720200646
2026-09-09,1.41625,1.444472,1.383164,1.394423,1.394423,2824844395
2026-09-10,1.394421,1.395244,1.3337491,1.335322,1.335322,2613759162
2026-09-11,1.335322,1.426616,1.322198,1.3561749,1.3561749,3433969862
2026-09-12,1.356196,1.373201,1.354828,1.36656,1.36656,1022047657
2026-09-13,1.36658,1.3691911,1.333969,1.340613,1.340613,1204076794
2026-09-14,1.3406219,1.487078,1.337541,1.421013,1.421013,4671272248
2026-09-15,1.4210449,1.444865,1.26686,1.284692,1.284692,6513207960
2026-09-16,1.284695,1.3148071,1.252679,1.299341,1.299341,4176993108
2026-09-17,1.299343,1.315791,1.28783,1.295872,1.295872,2577565213
2026-09-18,1.295876,1.411696,1.292244,1.396153,1.396153,4676600065
2026-09-19,1.396137,1.450648,1.3952971,1.410446,1.410446,3744375054
2026-09-20,1.410446,1.414869,1.369838,1.409852,1.409852,2694534753
2026-09-21,1.409857,1.57028,1.407792,1.533043,1.533043,7001262480
2026-09-22,1.533017,1.601815,1.496267,1.5717601,1.5717601,6924429502
2026-09-23,1.571763,1.653618,1.482085,1.5005569,1.5005569,7653794787
