Date,tx_count,active_addresses,tx_volume_usd,hash_rate
2009-01-03,,2,,4.971026963e-08
2009-01-04,,,,0
2009-01-05,,,,0
2009-01-06,,,,0
2009-01-07,,,,0
2009-01-08,,,,0
2009-01-09,,14,,6.959437748e-07
2009-01-10,,60,,1.541018359e-06
2009-01-11,,93,,5.269288581e-06
2009-01-12,,102,,4.424213997e-06
2009-01-13,,123,,5.716681007e-06
2009-01-14,,130,,6.263493973e-06
2009-01-15,,134,,6.313204243e-06
2009-01-16,,110,,5.766391277e-06
2009-01-17,109,109,,5.36870912e-06
2009-01-18,108,108,,5.020737233e-06
2009-01-19,117,117,,5.915522086e-06
2009-01-20,115,115,,5.766391277e-06
2009-01-21,105,105,,5.617260468e-06
2009-01-22,90,90,,3.728270222e-06
2009-01-23,86,86,,3.330588065e-06
2009-01-24,202,202,,9.892343656e-06
2009-01-25,192,192,,9.643792308e-06
2009-01-26,97,97,,5.766391277e-06
2009-01-27,98,98,,5.120157772e-06
2009-01-28,112,112,,5.120157772e-06
2009-01-29,122,122,,6.064652895e-06
2009-01-30,117,117,,6.014942625e-06
2009-01-31,139,139,,6.412624782e-06
2009-02-01,114,114,,5.766391277e-06
2009-02-02,129,129,,6.313204243e-06
2009-02-03,155,153,,6.76059667e-06
2009-02-04,119,119,,6.114363164e-06
2009-02-05,126,126,,6.014942625e-06
2009-02-06,122,122,,6.412624782e-06
2009-02-07,133,134,,6.263493973e-06
2009-02-08,133,133,,6.66117613e-06
2009-02-09,135,135,,6.362914513e-06
2009-02-10,120,120,,6.313204243e-06
2009-02-11,135,135,,6.512045321e-06
2009-02-12,119,119,,5.865811816e-06
2009-02-13,124,,,6.164073434e-06
2009-02-14,136,136,,7.009148018e-06
2009-02-15,131,131,,6.064652895e-06
2009-02-16,123,123,,6.114363164e-06
2009-02-17,117,117,,5.865811816e-06
2009-02-18,118,118,,6.164073434e-06
2009-02-19,125,125,,5.816101547e-06
2009-02-20,122,122,,6.362914513e-06
2009-02-21,114,114,,5.468129659e-06
2009-02-22,125,125,,6.014942625e-06
2009-02-23,108,108,,5.31899885e-06
2009-02-24,106,106,,5.517839929e-06
2009-02-25,105,105,,5.31899885e-06
2009-02-26,107,107,,4.772185884e-06
2009-02-27,116,116,,6.114363164e-06
2009-02-28,100,100,,5.070447502e-06
2009-03-01,105,105,,5.269288581e-06
2009-03-02,108,108,,5.169868041e-06
2009-03-03,107,106,,5.269288581e-06
2009-03-04,106,106,,5.269288581e-06
2009-03-05,113,113,,5.269288581e-06
2009-03-06,117,117,,5.865811816e-06
2009-03-07,109,109,,5.517839929e-06
2009-03-08,118,118,,5.567550199e-06
2009-03-09,108,108,,5.617260468e-06
2009-03-10,107,107,,5.219578311e-06
2009-03-11,114,114,,5.36870912e-06
2009-03-12,119,119,,5.865811816e-06
2009-03-13,114,,,5.666970738e-06
2009-03-14,110,110,,5.766391277e-06
2009-03-15,123,123,,5.517839929e-06
2009-03-16,122,122,,6.462335052e-06
2009-03-17,114,114,,5.716681007e-06
2009-03-18,116,115,,5.468129659e-06
2009-03-19,122,122,,6.064652895e-06
2009-03-20,119,119,,5.865811816e-06
2009-03-21,51,51,,3.827690761e-06
2009-03-22,120,119,,4.722475615e-06
2009-03-23,130,130,,6.561755591e-06
2009-03-24,105,105,,5.219578311e-06
2009-03-25,117,117,,5.766391277e-06
2009-03-26,118,118,,5.617260468e-06
2009-03-27,106,106,,5.468129659e-06
2009-03-28,122,120,,5.915522086e-06
2009-03-29,116,116,,5.567550199e-06
2009-03-30,120,120,,6.213783704e-06
2009-03-31,111,111,,5.617260468e-06
2009-04-01,114,114,,5.31899885e-06
2009-04-02,115,115,,5.965232356e-06
2009-04-03,116,116,,5.617260468e-06
2009-04-04,113,113,,5.617260468e-06
2009-04-05,132,131,,6.412624782e-06
2009-04-06,109,109,,5.716681007e-06
2009-04-07,100,100,,4.921316693e-06
2009-04-08,105,105,,5.169868041e-06
2009-04-09,99,99,,4.921316693e-06
2009-04-10,108,108,,5.120157772e-06
2009-04-11,121,121,,6.064652895e-06
2009-04-12,120,120,,5.716681007e-06
2009-04-13,116,117,,5.716681007e-06
2009-04-14,124,124,,6.313204243e-06
2009-04-15,113,113,,5.567550199e-06
2009-04-16,123,123,,6.114363164e-06
2009-04-17,112,112,,5.716681007e-06
2009-04-18,130,129,,6.064652895e-06
2009-04-19,120,120,,5.915522086e-06
2009-04-20,121,121,,5.816101547e-06
2009-04-21,124,125,,6.114363164e-06
2009-04-22,121,121,,6.014942625e-06
2009-04-23,75,75,,3.97682157e-06
2009-04-24,115,115,,5.617260468e-06
2009-04-25,118,118,,6.064652895e-06
2009-04-26,114,113,,5.41841939e-06
2009-04-27,104,104,,5.219578311e-06
2009-04-28,117,117,,5.816101547e-06
2009-04-29,129,129,,6.114363164e-06
2009-04-30,131,131,,6.561755591e-06
2009-05-01,121,121,,6.114363164e-06
2009-05-02,128,130,,6.114363164e-06
2009-05-03,109,110,,5.666970738e-06
2009-05-04,129,129,,6.064652895e-06
2009-05-05,136,136,,6.561755591e-06
2009-05-06,135,135,,6.810306939e-06
2009-05-07,122,122,,6.014942625e-06
2009-05-08,108,108,,6.064652895e-06
2009-05-09,77,77,,4.523634536e-06
2009-05-10,85,85,,3.082036717e-06
2009-05-11,121,122,,5.915522086e-06
2009-05-12,130,130,,6.313204243e-06
2009-05-13,116,116,,5.716681007e-06
2009-05-14,142,143,,6.611465861e-06
2009-05-15,137,137,,7.108568557e-06
2009-05-16,119,119,,5.666970738e-06
2009-05-17,127,127,,6.213783704e-06
2009-05-18,118,118,,6.164073434e-06
2009-05-19,86,86,,4.971026963e-06
2009-05-20,120,120,,5.169868041e-06
2009-05-21,82,82,,4.424213997e-06
2009-05-22,62,62,,4.125952379e-06
2009-05-23,31,31,,3.479718874e-07
2009-05-24,100,100,,4.772185884e-06
2009-05-25,109,109,,5.567550199e-06
2009-05-26,125,125,,5.617260468e-06
2009-05-27,119,119,,6.213783704e-06
2009-05-28,95,95,,5.120157772e-06
2009-05-29,107,107,,5.31899885e-06
2009-05-30,109,109,,5.120157772e-06
2009-05-31,97,97,,5.865811816e-06
2009-06-01,72,73,,3.628849683e-06
2009-06-02,110,110,,4.424213997e-06
2009-06-03,72,72,,4.871606424e-06
2009-06-04,65,65,,1.938700516e-06
2009-06-05,31,31,,2.833485369e-06
2009-06-06,27,,,1.193046471e-06
2009-06-07,16,16,,1.988410785e-07
2009-06-08,82,82,,3.579139413e-06
2009-06-09,91,91,,4.672765345e-06
2009-06-10,82,82,,4.125952379e-06
2009-06-11,89,89,,4.623055076e-06
2009-06-12,86,86,,4.523634536e-06
2009-06-13,78,78,,3.678559953e-06
2009-06-14,72,72,,3.479718874e-06
2009-06-15,84,84,,4.07624211e-06
2009-06-16,71,71,,3.628849683e-06
2009-06-17,79,79,,3.827690761e-06
2009-06-18,80,80,,4.02653184e-06
2009-06-19,87,87,,4.324793458e-06
2009-06-20,78,78,,4.175662649e-06
2009-06-21,81,81,,3.728270222e-06
2009-06-22,77,77,,3.97682157e-06
2009-06-23,76,76,,3.777980492e-06
2009-06-24,97,98,,4.225372919e-06
2009-06-25,69,69,,3.678559953e-06
2009-06-26,90,90,,4.424213997e-06
2009-06-27,84,84,,4.225372919e-06
2009-06-28,47,48,,2.535223751e-06
2009-06-29,84,85,,3.777980492e-06
2009-06-30,86,86,,4.324793458e-06
2009-07-01,75,75,,4.125952379e-06
2009-07-02,84,85,,3.579139413e-06
2009-07-03,82,82,,4.125952379e-06
2009-07-04,89,,,4.424213997e-06
2009-07-05,79,79,,3.97682157e-06
2009-07-06,84,84,,4.523634536e-06
2009-07-07,69,69,,3.131746987e-06
2009-07-08,74,74,,3.927111301e-06
2009-07-09,86,86,,4.02653184e-06
2009-07-10,81,81,,4.07624211e-06
2009-07-11,83,83,,4.175662649e-06
2009-07-12,77,77,,3.777980492e-06
2009-07-13,78,78,,3.777980492e-06
2009-07-14,69,69,,3.579139413e-06
2009-07-15,45,45,,2.286672403e-06
2009-07-16,71,71,,3.430008604e-06
2009-07-17,48,48,,3.231167526e-06
2009-07-18,4,4,,1.491308089e-07
2009-07-19,69,69,,2.584934021e-06
2009-07-20,71,72,,3.728270222e-06
2009-07-21,82,82,,3.678559953e-06
2009-07-22,61,61,,3.430008604e-06
2009-07-23,75,75,,3.280877796e-06
2009-07-24,73,73,,3.728270222e-06
2009-07-25,33,33,,2.63464429e-06
2009-07-26,20,20,,6.462335052e-07
2009-07-27,74,74,,3.181457256e-06
2009-07-28,41,41,,2.187251864e-06
2009-07-29,21,21,,1.590728628e-06
2009-07-30,15,16,,6.959437748e-07
2009-07-31,17,17,,5.965232356e-07
2009-08-01,28,28,,1.143336201e-06
2009-08-02,23,23,,1.491308089e-06
2009-08-03,12,12,,7.456540444e-07
2009-08-04,81,81,,2.883195639e-06
2009-08-05,87,87,,4.523634536e-06
2009-08-06,90,90,,4.772185884e-06
2009-08-07,81,82,,3.678559953e-06
2009-08-08,80,80,,4.07624211e-06
2009-08-09,101,101,,4.871606424e-06
2009-08-10,75,75,,4.07624211e-06
2009-08-11,70,70,,3.330588065e-06
2009-08-12,63,63,,3.380298335e-06
2009-08-13,85,85,,4.02653184e-06
2009-08-14,63,63,,3.231167526e-06
2009-08-15,26,26,,1.690149167e-06
2009-08-16,20,20,,1.242756741e-06
2009-08-17,17,17,,8.450745837e-07
2009-08-18,9,9,,4.473924267e-07
2009-08-19,18,18,,7.456540444e-07
2009-08-20,23,23,,1.193046471e-06
2009-08-21,13,13,,7.953643141e-07
2009-08-22,7,7,,3.97682157e-07
2009-08-23,15,15,,5.965232356e-07
2009-08-24,15,15,,3.97682157e-07
2009-08-25,51,51,,2.73406483e-06
2009-08-26,50,51,,2.087831324e-06
2009-08-27,29,29,,1.491308089e-06
2009-08-28,75,75,,3.181457256e-06
2009-08-29,78,78,,4.125952379e-06
2009-08-30,98,97,,4.473924267e-06
2009-08-31,87,87,,4.672765345e-06
2009-09-01,79,79,,3.927111301e-06
2009-09-02,65,65,,3.380298335e-06
2009-09-03,62,62,,2.982616178e-06
2009-09-04,64,64,,3.131746987e-06
2009-09-05,76,76,,3.529429144e-06
2009-09-06,68,68,,3.579139413e-06
2009-09-07,79,79,,3.877401031e-06
2009-09-08,69,69,,3.280877796e-06
2009-09-09,54,54,,2.883195639e-06
2009-09-10,67,67,,3.032326447e-06
2009-09-11,67,67,,3.380298335e-06
2009-09-12,69,69,,3.529429144e-06
2009-09-13,75,75,,3.479718874e-06
2009-09-14,74,74,,4.02653184e-06
2009-09-15,45,45,,2.783775099e-06
2009-09-16,72,72,,2.883195639e-06
2009-09-17,85,86,,4.125952379e-06
2009-09-18,78,78,,4.02653184e-06
2009-09-19,74,74,,3.529429144e-06
2009-09-20,78,78,,3.927111301e-06
2009-09-21,70,70,,3.678559953e-06
2009-09-22,27,27,,1.690149167e-06
2009-09-23,35,35,,1.34217728e-06
2009-09-24,97,97,,4.07624211e-06
2009-09-25,93,93,,4.971026963e-06
2009-09-26,100,100,,4.672765345e-06
2009-09-27,88,88,,4.424213997e-06
2009-09-28,85,85,,4.374503727e-06
2009-09-29,90,90,,4.125952379e-06
2009-09-30,85,85,,4.324793458e-06
2009-10-01,82,82,,4.225372919e-06
2009-10-02,73,73,,3.728270222e-06
2009-10-03,58,58,,2.883195639e-06
2009-10-04,53,53,,3.032326447e-06
2009-10-05,55,55,,2.883195639e-06
2009-10-06,46,45,,2.038121055e-06
2009-10-07,59,59,,2.535223751e-06
2009-10-08,70,70,,3.479718874e-06
2009-10-09,77,77,,3.877401031e-06
2009-10-10,79,79,,3.827690761e-06
2009-10-11,74,74,,3.927111301e-06
2009-10-12,59,59,,3.082036717e-06
2009-10-13,57,57,,2.535223751e-06
2009-10-14,69,69,,2.783775099e-06
2009-10-15,71,71,,4.225372919e-06
2009-10-16,61,61,,3.231167526e-06
2009-10-17,57,57,,2.73406483e-06
2009-10-18,75,75,,3.181457256e-06
2009-10-19,112,112,,4.921316693e-06
2009-10-20,96,97,,5.517839929e-06
2009-10-21,81,81,,4.125952379e-06
2009-10-22,91,91,,4.275083188e-06
2009-10-23,89,89,,4.324793458e-06
2009-10-24,63,63,,3.728270222e-06
2009-10-25,76,76,,3.628849683e-06
2009-10-26,71,71,,3.231167526e-06
2009-10-27,65,65,,3.280877796e-06
2009-10-28,67,67,,3.181457256e-06
2009-10-29,47,47,,2.485513481e-06
2009-10-30,60,60,,3.032326447e-06
2009-10-31,46,46,,2.236962133e-06
2009-11-01,25,25,,1.491308089e-06
2009-11-02,33,33,,1.640438898e-06
2009-11-03,62,62,,2.833485369e-06
2009-11-04,64,64,,3.082036717e-06
2009-11-05,58,58,,3.181457256e-06
2009-11-06,61,61,,2.435803212e-06
2009-11-07,69,69,,3.777980492e-06
2009-11-08,73,73,,3.479718874e-06
2009-11-09,64,64,,3.231167526e-06
2009-11-10,78,78,,3.529429144e-06
2009-11-11,73,66,,3.430008604e-06
2009-11-12,66,66,,3.479718874e-06
2009-11-13,83,83,,3.479718874e-06
2009-11-14,79,79,,4.125952379e-06
2009-11-15,96,96,,4.772185884e-06
2009-11-16,97,97,,4.971026963e-06
2009-11-17,92,92,,4.523634536e-06
2009-11-18,79,79,,3.927111301e-06
2009-11-19,72,72,,3.628849683e-06
2009-11-20,86,86,,4.07624211e-06
2009-11-21,73,73,,3.827690761e-06
2009-11-22,106,106,,4.971026963e-06
2009-11-23,96,96,,4.772185884e-06
2009-11-24,93,93,,5.070447502e-06
2009-11-25,90,90,,4.225372919e-06
2009-11-26,84,84,,3.877401031e-06
2009-11-27,74,74,,3.728270222e-06
2009-11-28,71,71,,3.877401031e-06
2009-11-29,60,60,,2.883195639e-06
2009-11-30,75,75,,3.678559953e-06
2009-12-01,74,75,,3.280877796e-06
2009-12-02,94,94,,4.871606424e-06
2009-12-03,88,88,,4.225372919e-06
2009-12-04,36,36,,2.435803212e-06
2009-12-05,65,,,2.584934021e-06
2009-12-06,105,105,,5.219578311e-06
2009-12-07,112,112,,4.672765345e-06
2009-12-08,107,106,,5.915522086e-06
2009-12-09,109,109,,4.672765345e-06
2009-12-10,104,104,,5.120157772e-06
2009-12-11,112,112,,6.213783704e-06
2009-12-12,112,111,,5.020737233e-06
2009-12-13,114,114,,5.169868041e-06
2009-12-14,107,108,,5.36870912e-06
2009-12-15,112,113,,5.766391277e-06
2009-12-16,137,137,,5.915522086e-06
2009-12-17,172,173,,8.00335341e-06
2009-12-18,225,225,,9.942053926e-06
2009-12-19,199,199,,1.11351004e-05
2009-12-20,175,175,,8.699297185e-06
2009-12-21,176,176,,9.295820421e-06
2009-12-22,162,162,,7.555960984e-06
2009-12-23,154,154,,8.401035567e-06
2009-12-24,154,154,,7.158278827e-06
2009-12-25,150,151,,7.804512332e-06
2009-12-26,174,174,,7.903932871e-06
2009-12-27,168,168,,8.401035567e-06
2009-12-28,137,137,,6.860017209e-06
2009-12-29,171,171,,8.152484219e-06
2009-12-30,141,141,,9.173151748e-06
2009-12-31,138,138,,8.820338219e-06
2010-01-01,133,133,,6.997468321e-06
2010-01-02,127,127,,7.644293123e-06
2010-01-03,186,186,,9.584767532e-06
2010-01-04,183,184,,1.117242841e-05
2010-01-05,198,198,,1.2230869e-05
2010-01-06,163,163,,9.290756258e-06
2010-01-07,154,154,,9.349558512e-06
2010-01-08,153,153,,8.820338219e-06
2010-01-09,151,151,,8.70273371e-06
2010-01-10,190,190,,1.123123067e-05
2010-01-11,159,159,,9.055547239e-06
2010-01-12,161,162,,1.076924841e-05
2010-01-13,166,168,,1.025024849e-05
2010-01-14,145,146,,1.025024849e-05
2010-01-15,142,142,,8.8229987e-06
2010-01-16,126,126,,8.69324872e-06
2010-01-17,131,131,,7.979623825e-06
2010-01-18,126,127,,8.433748758e-06
2010-01-19,124,124,,7.720123863e-06
2010-01-20,158,158,,9.082498662e-06
2010-01-21,184,183,,1.15477483e-05
2010-01-22,136,136,,9.731248567e-06
2010-01-23,162,163,,9.796123557e-06
2010-01-24,155,155,,9.406873615e-06
2010-01-25,215,215,,1.356482251e-05
2010-01-26,201,201,,1.349800072e-05
2010-01-27,166,165,,1.182745608e-05
2010-01-28,179,178,,1.156016893e-05
2010-01-29,201,199,,1.289660465e-05
2010-01-30,214,214,,1.202792143e-05
2010-01-31,167,167,,1.376528786e-05
2010-02-01,193,193,,1.196109965e-05
2010-02-02,146,146,,9.488693575e-06
2010-02-03,272,271,,1.623769393e-05
2010-02-04,234,234,,1.543583251e-05
2010-02-05,227,228,,2.214934973e-05
2010-02-06,206,195,,1.726745224e-05
2010-02-07,222,224,,1.871394038e-05
2010-02-08,208,208,,1.907556242e-05
2010-02-09,210,211,,1.88947514e-05
2010-02-10,173,171,,1.437447595e-05
2010-02-11,174,172,,1.609218062e-05
2010-02-12,188,189,,1.69058302e-05
2010-02-13,235,235,,2.025083404e-05
2010-02-14,219,215,,1.862353487e-05
2010-02-15,185,187,,2.324609142e-05
2010-02-16,201,202,,2.198954594e-05
2010-02-17,250,248,,2.915185519e-05
2010-02-18,215,214,,2.877489154e-05
2010-02-19,195,197,,2.249216413e-05
2010-02-20,210,210,,2.789530971e-05
2010-02-21,227,227,,2.689007332e-05
2010-02-22,265,266,,3.20419098e-05
2010-02-23,251,251,,3.15392916e-05
2010-02-24,177,176,,3.571305363e-05
2010-02-25,158,158,,2.781858914e-05
2010-02-26,176,177,,3.195378482e-05
2010-02-27,175,175,,3.251767514e-05
2010-02-28,159,159,,3.04500773e-05
2010-03-01,199,199,,3.496119987e-05
2010-03-02,193,193,,3.684083427e-05
2010-03-03,158,157,,2.781858914e-05
2010-03-04,188,188,,3.42093461e-05
2010-03-05,173,173,,3.289360202e-05
2010-03-06,183,182,,3.439730954e-05
2010-03-07,183,183,,3.251767514e-05
2010-03-08,130,132,,3.063281619e-05
2010-03-09,148,148,,3.333571174e-05
2010-03-10,169,170,,3.356095303e-05
2010-03-11,136,136,,3.288522914e-05
2010-03-12,123,123,,2.657847287e-05
2010-03-13,154,154,,3.558812469e-05
2010-03-14,127,127,,2.815516194e-05
2010-03-15,140,143,,2.792992064e-05
2010-03-16,129,129,,3.063281619e-05
2010-03-17,139,139,,2.770467935e-05
2010-03-18,149,148,,3.51376421e-05
2010-03-19,162,162,,2.99570923e-05
2010-03-20,204,207,,4.347157003e-05
2010-03-21,190,187,,4.076867449e-05
2010-03-22,186,185,,4.016757981e-05
2010-03-23,220,215,,4.652177323e-05
2010-03-24,182,180,,3.948677338e-05
2010-03-25,202,201,,4.220999913e-05
2010-03-26,213,204,,4.425241844e-05
2010-03-27,184,183,,3.948677338e-05
2010-03-28,192,190,,4.402548296e-05
2010-03-29,207,201,,4.3571612e-05
2010-03-30,221,218,,4.788338611e-05
2010-03-31,214,213,,4.697564419e-05
2010-04-01,179,173,,5.717452189e-05
2010-04-02,161,159,,4.477158328e-05
2010-04-03,166,168,,5.021677584e-05
2010-04-04,183,178,,5.021677584e-05
2010-04-05,181,181,,5.021677584e-05
2010-04-06,174,174,,4.386405118e-05
2010-04-07,204,202,,5.838456468e-05
2010-04-08,195,196,,5.898958608e-05
2010-04-09,224,234,,5.354439351e-05
2010-04-10,298,295,,7.260256748e-05
2010-04-11,265,261,,7.230005678e-05
2010-04-12,247,237,,8.435315509e-05
2010-04-13,209,204,,6.41394958e-05
2010-04-14,223,221,,7.77448434e-05
2010-04-15,290,290,,8.00771887e-05
2010-04-16,234,229,,7.852229183e-05
2010-04-17,250,241,,8.163208557e-05
2010-04-18,3351,3359,,0.0001030119175
2010-04-19,276,268,,8.435315509e-05
2010-04-20,243,232,,7.968846448e-05
2010-04-21,251,243,,8.590805195e-05
2010-04-22,199,191,,0.0001008712787
2010-04-23,200,201,,8.548413447e-05
2010-04-24,202,195,,8.377445178e-05
2010-04-25,205,189,,9.631212484e-05
2010-04-26,211,207,,9.688201907e-05
2010-04-27,233,222,,9.688201907e-05
2010-04-28,227,218,,9.973149022e-05
2010-04-29,180,174,,9.061318254e-05
2010-04-30,170,170,,8.719381716e-05
2010-05-01,210,203,,9.289275946e-05
2010-05-02,180,170,,9.688201907e-05
2010-05-03,188,178,,9.118307677e-05
2010-05-04,177,161,,8.303572664e-05
2010-05-05,162,158,,9.325550838e-05
2010-05-06,177,169,,9.644919018e-05
2010-05-07,158,147,,8.3674463e-05
2010-05-08,182,,,9.45329811e-05
2010-05-09,183,178,,9.070056295e-05
2010-05-10,157,148,,8.750688116e-05
2010-05-11,131,126,,7.345468126e-05
2010-05-12,158,144,,7.728709941e-05
2010-05-13,167,155,,8.303572664e-05
2010-05-14,153,149,,7.664836306e-05
2010-05-15,113,106,,6.770605403e-05
2010-05-16,134,127,,6.131869044e-05
2010-05-17,177,163,,9.197803567e-05
2010-05-18,223,208,,0.0001073077083
2010-05-19,207,204,,0.0001034752901
2010-05-20,237,226,,0.0001077648928
2010-05-21,235,215,,0.0001089426512
2010-05-22,226,223,,0.0001130648055
2010-05-23,309,306,,0.000126609027
2010-05-24,250,239,,0.0001118870471
2010-05-25,254,247,,0.000126609027
2010-05-26,287,279,,0.0001248423894
2010-05-27,267,244,,0.0001148314431
2010-05-28,277,278,,0.0001289645438
2010-05-29,239,233,,0.0001627493605
2010-05-30,200,195,,0.0001247469717
2010-05-31,194,190,,0.0001255731106
2010-06-01,183,178,,0.0001098764718
2010-06-02,194,189,,0.0001098764718
2010-06-03,235,219,,0.0001297038051
2010-06-04,173,172,,0.0001098764718
2010-06-05,190,181,,0.0001148333051
2010-06-06,200,191,,0.0001247469717
2010-06-07,209,200,,0.0001288776662
2010-06-08,223,220,,0.0001305299439
2010-06-09,220,223,,0.0001338344995
2010-06-10,217,218,,0.0001379651939
2010-06-11,247,251,,0.0001387913328
2010-06-12,213,203,,0.0001183732694
2010-06-13,238,233,,0.0001391101925
2010-06-14,258,255,,0.0001313338464
2010-06-15,269,279,,0.0001693515387
2010-06-16,192,195,,0.000127013654
2010-06-17,204,204,,0.0001235575002
2010-06-18,193,190,,0.0001278776925
2010-06-19,214,216,,0.0001365180771
2010-06-20,228,232,,0.0001494786541
2010-06-21,242,264,,0.000139974231
2010-06-22,227,236,,0.0001365180771
2010-06-23,257,264,,0.0001477505772
2010-06-24,240,239,,0.0001755604137
2010-06-25,210,206,,0.000146621884
2010-06-26,201,199,,0.0001572326782
2010-06-27,234,220,,0.0001533742076
2010-06-28,230,206,,0.0001572326782
2010-06-29,264,244,,0.0001553034429
2010-06-30,273,261,,0.000177489649
2010-07-01,283,268,,0.0002006404728
2010-07-02,242,223,,0.0001688080901
2010-07-03,286,261,,0.0001929235315
2010-07-04,224,205,,0.0001794188843
2010-07-05,251,226,,0.0001697727077
2010-07-06,209,199,,0.000196266644
2010-07-07,218,222,,0.0001799110903
2010-07-08,223,223,,0.0001845841056
2010-07-09,268,267,,0.0002207999745
2010-07-10,240,239,,0.0002278094975
2010-07-11,353,452,,0.0002067809285
2010-07-12,2300,3368,,0.0005993142164
2010-07-13,1479,1796,,0.001678569251
2010-07-14,6132,6548,,0.001295025201
2010-07-15,1329,1568,,0.001407832275
2010-07-16,1182,1436,,0.005396690387
2010-07-17,408,,,0.001651495553
2010-07-18,420,519,,0.00161539729
2010-07-19,528,667,,0.001480028802
2010-07-20,594,714,,0.001606372724
2010-07-21,463,524,,0.001822962304
2010-07-22,397,477,,0.001687593817
2010-07-23,411,481,,0.001750765778
2010-07-24,894,743,,0.001669544685
2010-07-25,1823,1881,,0.001931257095
2010-07-26,467,524,,0.002346387125
2010-07-27,426,511,,0.002124483404
2010-07-28,1951,429,,0.001966664637
2010-07-29,1867,431,,0.002124483404
2010-07-30,325,374,,0.00220946274
2010-07-31,295,339,,0.002294442077
2010-08-01,364,429,,0.002682919042
2010-08-02,398,431,,0.003083535912
2010-08-03,648,701,,0.002767898378
2010-08-04,439,539,,0.002767898378
2010-08-05,515,634,,0.002962136861
2010-08-06,359,422,,0.002818470614
2010-08-07,273,303,,0.002485856069
2010-08-08,391,437,,0.003361157502
2010-08-09,424,511,,0.003308639416
2010-08-10,340,370,,0.003623747932
2010-08-11,412,451,,0.003798808218
2010-08-12,392,450,,0.003816314247
2010-08-13,516,609,,0.003798808218
2010-08-14,434,440,,0.004569073479
2010-08-15,315,297,,0.006996110104
2010-08-16,453,521,,0.002951086444
2010-08-17,318,365,,0.003332692449
2010-08-18,377,450,,0.00338357325
2010-08-19,325,355,,0.003561656053
2010-08-20,423,458,,0.004248546863
2010-08-21,342,389,,0.004681033669
2010-08-22,366,373,,0.005062639675
2010-08-23,369,415,,0.005520566882
2010-08-24,379,431,,0.005215282077
2010-08-25,365,379,,0.005774970886
2010-08-26,368,388,,0.005291603278
2010-08-27,294,323,,0.005515994627
2010-08-28,339,382,861.9295999,0.005546983361
2010-08-29,260,291,469.5138,0.00489621995
2010-08-30,329,359,944.5373,0.004617321345
2010-08-31,441,456,2427.5209,0.005423028425
2010-09-01,380,431,1010.3004,0.005454017159
2010-09-02,321,343,1604.6628,0.004679298813
2010-09-03,319,373,1513.3758,0.004958197417
2010-09-04,274,307,1531.5042,0.005546983361
2010-09-05,311,354,1828.3764,0.005020174885
2010-09-06,278,309,1694.7888,0.005237096022
2010-09-07,282,290,783.2022,0.004679298813
2010-09-08,339,387,786.7542,0.005386530222
2010-09-09,324,362,1023.9252,0.005351092524
2010-09-10,360,394,594.225,0.0060598465
2010-09-11,305,330,559.1766,0.005740907211
2010-09-12,379,425,939.3114,0.006485098886
2010-09-13,436,512,1688.811,0.005811782608
2010-09-14,424,459,1218.627624,0.006910351272
2010-09-15,430,484,2492.3502,0.00666228738
2010-09-16,438,425,4101.552,0.006733162778
2010-09-17,361,375,4175.8764,0.007654542948
2010-09-18,399,410,2351.6856,0.008398734623
2010-09-19,355,389,2135.7834,0.009581378861
2010-09-20,465,525,1926.975,0.009627004475
2010-09-21,810,968,989.0634,0.008075733612
2010-09-22,673,845,1706.9796,0.007893231157
2010-09-23,655,725,4105.2816,0.009672630088
2010-09-24,501,572,1059.924,0.01122390095
2010-09-25,532,602,1421.9406,0.009216373952
2010-09-26,400,435,1207.464,0.008988245884
2010-09-27,603,693,1767.6606,0.01085889604
2010-09-28,491,492,4446.020232,0.009855132543
2010-09-29,975,971,1472.1138,0.01160260554
2010-09-30,365,456,1875.3306,0.009242753568
2010-10-01,584,672,2111.790436,0.01022602522
2010-10-02,501,602,17508.0792,0.007145107368
2010-10-03,377,488,2186.6442,0.007931724693
2010-10-04,407,512,4072.4898,0.01009492234
2010-10-05,371,491,6137.5368,0.008062827581
2010-10-06,407,484,4998.297,0.009963819449
2010-10-07,340,407,5650.5246,0.01134039977
2010-10-08,363,454,8206.45,0.01016047378
2010-10-09,401,484,14729.4,0.01002937089
2010-10-10,363,451,10896.4656,0.01127484832
2010-10-11,342,424,2945.2368,0.01081598822
2010-10-12,352,447,5828.9436,0.01096034426
2010-10-13,364,457,3541.591,0.01157686363
2010-10-14,367,443,8569.171,0.01315241312
2010-10-15,328,403,4345.6589,0.01267289805
2010-10-16,441,511,11582.5608,0.01637201424
2010-10-17,457,541,1243.605,0.01931760676
2010-10-18,579,713,3527.157,0.01787906158
2010-10-19,924,1197,3621.433,0.01664602285
2010-10-20,713,912,5410.448,0.01602950348
2010-10-21,552,697,6071.105,0.02489102975
2010-10-22,602,764,2832.0886,0.01634475344
2010-10-23,517,671,2386.8284,0.01858815097
2010-10-24,552,671,9307.6451,0.02019057778
2010-10-25,410,517,7509.2994,0.02243397531
2010-10-26,518,683,9658.2256,0.02585248583
2010-10-27,568,770,16422.7108,0.02264763222
2010-10-28,486,644,16050.2234,0.02296811758
2010-10-29,467,542,10160.5464,0.02510468666
2010-10-30,426,463,6530.3057,0.02563882893
2010-10-31,307,345,8933.9349,0.02797177555
2010-11-01,351,399,4646.002,0.028893922
2010-11-02,286,322,4586.306,0.02582010051
2010-11-03,347,407,6455.4273,0.03089190596
2010-11-04,342,378,33948.6606,0.02935499522
2010-11-05,442,490,8610.0816,0.0336583453
2010-11-06,394,447,25863.5825,0.03104559704
2010-11-07,451,486,9674.02,0.03811538646
2010-11-08,515,572,195629.0635,0.04011337043
2010-11-09,409,446,10425.7944,0.05412080801
2010-11-10,397,458,8828.336,0.04352214978
2010-11-11,395,442,5038.9014,0.05231678108
2010-11-12,286,315,3352.9536,0.03856107571
2010-11-13,343,373,5202.8366,0.04938523731
2010-11-14,416,457,9223.884,0.05366980128
2010-11-15,4871,4210,17381.277,0.04983624404
2010-11-16,9105,3075,8488.5948,0.04081610938
2010-11-17,435,496,8311.898,0.05637584168
2010-11-18,1494,469,8287.3056,0.05930738545
2010-11-19,9632,402,5037.0071,0.05666499364
2010-11-20,9731,645,12329.6376,0.03925586909
2010-11-21,10044,578,11834.0532,0.04608297675
2010-11-22,343,418,4107.0641,0.05461686134
2010-11-23,341,411,9171.2908,0.0491551752
2010-11-24,3936,621,7007.7021,0.06315074592
2010-11-25,4983,668,10748.892,0.05188601827
2010-11-26,1314,955,21817.138,0.06929514282
2010-11-27,445,564,5373.5173,0.06246803515
2010-11-28,454,542,3426.962,0.05666499364
2010-11-29,454,544,8936.4492,0.07236734127
2010-11-30,454,577,15045.9512,0.08432954552
2010-12-01,512,701,9743.1412,0.0710777598
2010-12-02,460,557,8956.0068,0.07750286803
2010-12-03,384,481,5766.7,0.07710129876
2010-12-04,418,537,11597.41126,0.0879436689
2010-12-05,434,531,4808.665,0.09557348493
2010-12-06,465,564,15232.90828,0.09637662345
2010-12-07,573,745,13195.2889,0.0935656386
2010-12-08,523,674,3899.9076,0.09276250007
2010-12-09,486,599,5589.14,0.1003923161
2010-12-10,373,501,2885.0878,0.09135753174
2010-12-11,550,856,7112.1288,0.1047566364
2010-12-12,643,979,3622.086,0.1059747368
2010-12-13,646,965,18809.7235,0.09257563216
2010-12-14,637,908,3396.485664,0.09927518449
2010-12-15,658,895,8149.5831,0.1090199879
2010-12-16,531,706,4619.2975,0.1132833394
2010-12-17,462,604,3451.603936,0.1053656866
2010-12-18,499,688,6476.2425,0.09622993343
2010-12-19,551,741,37620.8825,0.1120652389
2010-12-20,932,1120,7003.368071,0.09683898364
2010-12-21,630,846,15295.6728,0.1199828917
2010-12-22,659,888,6122.846982,0.1137618354
2010-12-23,519,822,2191.2072,0.1029616611
2010-12-24,531,711,2646.905,0.1080017425
2010-12-25,634,914,3678.52,0.1166418818
2010-12-26,584,843,2132.7725,0.1058417076
2010-12-27,526,701,14170.6773,0.1159218702
2010-12-28,661,877,4167.214871,0.1216819632
2010-12-29,513,696,12312.4836,0.123841998
2010-12-30,593,797,7736.61,0.1152018586
2010-12-31,555,724,4067.241,0.1180819051
2011-01-01,659,,3756.462,0.1281620677
2011-01-02,569,740,7008.423,0.1296020909
2011-01-03,1128,1023,7795.668,0.1329459919
2011-01-04,979,907,3301.215235,0.1151117734
2011-01-05,1310,1111,5556.873,0.1215969438
2011-01-06,694,842,4357.029,0.1191650049
2011-01-07,1020,1005,6019.1382,0.116733066
2011-01-08,1436,1263,8877.162351,0.155644088
2011-01-09,1223,1132,4105.790301,0.1232182364
2011-01-10,1312,1187,13484.09895,0.1353779307
2011-01-11,1362,1257,20325.55013,0.1313246993
2011-01-12,1162,1039,7780.7169,0.1353779307
2011-01-13,1266,1152,20276.73538,0.149969564
2011-01-14,1262,1096,21755.4834,0.1410524548
2011-01-15,962,1171,6301.244614,0.1576449271
2011-01-16,931,1214,15396.71702,0.1585614674
2011-01-17,830,1116,11251.94262,0.1585614674
2011-01-18,818,1126,26662.24,0.1429802828
2011-01-19,917,1221,13865.63611,0.1622276285
2011-01-20,924,1206,8350.317376,0.153978766
2011-01-21,1166,1520,9615.687966,0.1631441688
2011-01-22,1422,1703,13223.80089,0.1503126049
2011-01-23,1081,1413,21588.5585,0.1558118466
2011-01-24,1319,1673,9791.807949,0.1649772493
2011-01-25,889,1166,10298.92874,0.1429802828
2011-01-26,1005,1251,11572.891,0.1787253534
2011-01-27,841,1119,307395.0474,0.1750786258
2011-01-28,1081,1403,8826.567,0.1783613501
2011-01-29,1347,1694,7266.474,0.1641362117
2011-01-30,2592,2852,8352.313917,0.1794555915
2011-01-31,1393,1777,21670.848,0.1641362117
2011-02-01,1013,1336,42517.305,0.1958692127
2011-02-02,896,1127,55187.948,0.1772671087
2011-02-03,789,989,35919.075,0.1630419703
2011-02-04,954,1169,23196.5994,0.2079058682
2011-02-05,832,1055,39026.18893,0.2002461783
2011-02-06,909,1102,31946.10047,0.191492247
2011-02-07,892,1091,108265.2749,0.2254137308
2011-02-08,846,1092,18527.715,0.2222861988
2011-02-09,1227,1726,58111.04061,0.2365021767
2011-02-10,2034,3019,34316.28775,0.2442563464
2011-02-11,2355,3680,54736.8849,0.2468410696
2011-02-12,1912,2872,24978.4888,0.245548708
2011-02-13,1822,2626,26628.6891,0.2636417707
2011-02-14,2006,2829,53457.9156,0.2403792615
2011-02-15,2224,2893,33518.2212,0.2739806637
2011-02-16,2090,2557,20771.3808,0.2985355345
2011-02-17,2250,3147,19951.407,0.3101667891
2011-02-18,2056,2992,45079.34601,0.3914850549
2011-02-19,1583,2313,21431.79657,0.3189878225
2011-02-20,1939,2752,44346.16951,0.3407369922
2011-02-21,1970,2900,17259.9228,0.3371121306
2011-02-22,2196,3230,28534.9592,0.3842353317
2011-02-23,2263,3287,24699.0219,0.4404206868
2011-02-24,2109,3083,34667.77004,0.3878601933
2011-02-25,2060,2959,28442.3616,0.4023596398
2011-02-26,1952,,45425.8,0.4549201332
2011-02-27,2269,3122,82776.91472,0.7488732523
2011-02-28,1720,2510,43059.07253,0.4614827791
2011-03-01,2729,4420,218777.7173,0.3592380915
2011-03-02,2009,2979,163542.617,0.467009519
2011-03-03,3204,4402,21989.156,0.505696698
2011-03-04,1982,2802,41221.14536,0.549910617
2011-03-05,2048,2923,31208.36461,0.7322930327
2011-03-06,2031,2870,34653.65904,0.7461098824
2011-03-07,1926,2857,33292.69399,0.6493919346
2011-03-08,2440,3483,54794.4247,0.5333303974
2011-03-09,1834,2849,88074.83251,0.5984337929
2011-03-10,1661,2519,140411.3019,0.4507191225
2011-03-11,1884,2579,63571.44858,0.511320013
2011-03-12,2956,2722,67375.31931,0.5188951243
2011-03-13,2711,2490,47741.06936,0.4507191225
2011-03-14,2643,2161,136059.17,0.4431440112
2011-03-15,2854,2849,69857.9592,0.3673928982
2011-03-16,3183,2541,65572.09198,0.5529831251
2011-03-17,3367,2782,71784.4039,0.4961697904
2011-03-18,2371,2541,65170.67357,0.5226826799
2011-03-19,3189,2751,42299.7372,0.412843566
2011-03-20,4076,4021,40848.73071,0.4734444564
2011-03-21,5855,4196,47217.81767,0.587071126
2011-03-22,2238,3340,59666.92708,0.4772320121
2011-03-23,4570,6112,94301.93419,0.5605582364
2011-03-24,2164,3675,75721.66742,0.575708459
2011-03-25,1999,3421,56282.50755,0.6135840156
2011-03-26,3335,4144,112570.0212,0.4834755024
2011-03-27,2463,4110,48335.54199,0.5246223537
2011-03-28,2931,4225,57720.23133,0.5589113964
2011-03-29,2718,3966,46543.10836,0.528051258
2011-03-30,1756,3024,45450.24949,0.5349090665
2011-03-31,2095,3556,54709.40105,0.692638663
2011-04-01,1579,2714,40891.55553,0.6000582477
2011-04-02,1772,2878,43015.256,0.6480629075
2011-04-03,1805,3089,26880.70944,0.5726270135
2011-04-04,2309,3829,72338.31754,0.617202769
2011-04-05,2119,3576,44486.55542,0.692638663
2011-04-06,1864,3212,28279.8972,0.5689859599
2011-04-07,1677,2792,48903.38467,0.6631347158
2011-04-08,1767,3002,45202.86395,0.6385741708
2011-04-09,1733,3069,47869.13368,0.6508544433
2011-04-10,1744,2907,37017.81493,0.6876952608
2011-04-11,1943,3239,40870.48669,0.6303873224
2011-04-12,2077,3373,60258.2794,0.6836018367
2011-04-13,2371,3658,65569.86996,0.8227782585
2011-04-14,2881,5169,88048.54067,0.66722814
2011-04-15,2018,3162,53470.99324,0.5526122632
2011-04-16,2154,3277,190077.5151,0.6836018367
2011-04-17,2257,3549,755347.5651,0.7286295026
2011-04-18,3035,4471,79033.25632,0.7161372888
2011-04-19,3598,5303,2136033.332,0.6472779341
2011-04-20,2969,4321,684716.8965,0.661049805
2011-04-21,1915,3329,108090.6901,0.7574529016
2011-04-22,2097,3411,143802.591,0.7941778907
2011-04-23,2310,3854,131344.2082,0.7804060198
2011-04-24,2273,3668,92837.51182,0.725318536
2011-04-25,2592,4239,88128.17145,0.8630372454
2011-04-26,3455,5159,115672.842,0.8859903637
2011-04-27,4580,6326,170498.8678,0.8722184927
2011-04-28,3035,5070,162973.6074,0.7299091597
2011-04-29,3534,5637,559191.0154,0.9273059765
2011-04-30,4473,6883,898044.2223,1.008570401
2011-05-01,3949,6246,290363.062,1.068539452
2011-05-02,3095,4894,221238.3061,0.9704082775
2011-05-03,2935,5023,374971.1754,1.128508503
2011-05-04,2800,5060,608822.7176,1.014022133
2011-05-05,3464,5822,304130.5377,1.242994872
2011-05-06,3290,5777,355406.2812,1.084894647
2011-05-07,3887,6034,343592.0616,1.193929285
2011-05-08,2898,5207,291003.2997,1.123056771
2011-05-09,3516,6069,277316.6511,1.357481242
2011-05-10,3151,5567,477192.6339,1.565042356
2011-05-11,3090,5601,576071.7321,1.463314603
2011-05-12,3361,5738,620978.1123,1.283334732
2011-05-13,4064,7459,2165446.025,1.572867568
2011-05-14,4414,7550,6043338.542,1.940652521
2011-05-15,3770,6879,1875060.75,1.784148286
2011-05-16,4349,9982,1144066.67,1.752847439
2011-05-17,4464,8950,623902.2404,2.034555063
2011-05-18,5581,10834,665373.5012,2.214534934
2011-05-19,4663,10305,443972.4565,2.196416463
2011-05-20,4795,9754,543316.4839,2.71821706
2011-05-21,4964,9084,2870608.933,2.584733186
2011-05-22,5282,9506,1673286.808,3.082263987
2011-05-23,5745,10231,619627.0483,3.361366632
2011-05-24,5865,11578,486373.1383,3.579794788
2011-05-25,6258,12714,490468.5808,3.543390095
2011-05-26,6967,12132,690567.8839,3.858897433
2011-05-27,4853,8881,3150703.948,4.280335327
2011-05-28,5013,9810,412417.2455,3.350767554
2011-05-29,4753,9193,534122.5405,3.739888948
2011-05-30,5337,11089,452600.5333,3.307531844
2011-05-31,6063,11804,664318.8157,3.242678278
2011-06-01,6540,11928,633843.1196,3.847978224
2011-06-02,7136,12933,874657.8084,4.107392486
2011-06-03,8441,14972,1703030.015,4.388424603
2011-06-04,8811,16869,1294393.036,4.669456721
2011-06-05,8592,15506,1733708.313,4.496513879
2011-06-06,9703,17873,1991827.599,7.049780324
2011-06-07,9002,16136,1523742.332,4.765651499
2011-06-08,11815,21324,4425441.503,5.160439197
2011-06-09,12176,22685,4370227.647,5.978213715
2011-06-10,11269,20979,4228078.692,6.373001413
2011-06-11,10897,20595,4155921.704,6.542196141
2011-06-12,12440,23112,18153841.75,6.711390869
2011-06-13,11246,21838,4140612.866,6.908784718
2011-06-14,14158,26107,6455876.334,6.344802292
2011-06-15,12605,23970,2727724.653,12.2934077
2011-06-16,12746,24631,3409788.06,8.762322509
2011-06-17,11296,22327,2771632.427,7.846855979
2011-06-18,11563,22951,1601727.558,8.805916154
2011-06-19,11472,23996,15437883,9.547008107
2011-06-20,11225,22601,1618541.932,10.11372548
2011-06-21,9704,21761,2024526.864,10.07013184
2011-06-22,11519,24061,1460721.574,11.77028397
2011-06-23,10418,21729,7547246.958,10.37528735
2011-06-24,10922,21877,1477353.337,16.45440492
2011-06-25,9693,19567,1968666.103,10.3525631
2011-06-26,9985,19998,1366154.629,10.62680318
2011-06-27,11751,25710,2220498.659,10.96960328
2011-06-28,10719,22438,1976506.917,10.48968314
2011-06-29,10002,21233,1346345.41,12.13512363
2011-06-30,9636,20208,1624680.159,12.40936371
2011-07-01,10603,26938,1684555.695,12.34080369
2011-07-02,8018,29542,1494932.735,11.99800359
2011-07-03,8364,19736,723908.2251,10.96960328
2011-07-04,9604,20513,1221812.252,11.24384337
2011-07-05,8965,19584,1456460.759,10.3525631
2011-07-06,10519,22736,1160180.088,10.6953632
2011-07-07,9180,19681,861991.9921,10.56700187
2011-07-08,8528,21353,820606.1247,11.42168584
2011-07-09,7851,19626,783251.8759,12.27636981
2011-07-10,8392,25407,932825.8423,11.18859021
2011-07-11,10523,22477,954773.1561,11.57708293
2011-07-12,8147,19827,819879.4852,11.18859021
2011-07-13,9193,24091,802475.9672,14.21883339
2011-07-14,8716,25886,747156.017,11.96557564
2011-07-15,8148,21625,653480.7952,12.50946544
2011-07-16,8726,,643472.8454,12.35406836
2011-07-17,8379,21649,704092.0506,13.13105379
2011-07-18,8976,21558,2794117.774,11.8878771
2011-07-19,9185,21575,924274.8864,12.74256107
2011-07-20,8863,22021,794041.1507,12.01984874
2011-07-21,8163,22186,752848.2123,13.02850737
2011-07-22,8991,21517,917648.6637,12.01984874
2011-07-23,7415,19426,619020.6869,12.18795851
2011-07-24,8219,20587,650251.6723,14.79365999
2011-07-25,9485,23494,995007.9372,13.19661715
2011-07-26,8370,20483,940064.9775,14.20527578
2011-07-27,7995,20996,791093.7176,15.12987953
2011-07-28,8119,22503,1506883.279,14.03716601
2011-07-29,7315,20037,918282.2858,13.53283669
2011-07-30,6209,17605,673707.2311,12.77634272
2011-07-31,8099,21881,776636.567,14.1212209
2011-08-01,8195,21068,1275098.1,16.43111687
2011-08-02,8817,18784,948805.8067,13.80213817
2011-08-03,7737,15066,1257398.023,14.92884333
2011-08-04,8307,15847,1073763.295,12.48764882
2011-08-05,7360,19056,1332652.919,12.9571093
2011-08-06,6834,17405,1167463.862,11.64261995
2011-08-07,6710,17704,1082531.727,12.11208044
2011-08-08,7267,18340,1615819.076,12.11208044
2011-08-09,9219,20710,683817.0643,12.48764882
2011-08-10,8335,16663,721037.5463,15.586088
2011-08-11,7596,15400,643738.3452,12.67543301
2011-08-12,7165,14112,585380.2771,12.86321721
2011-08-13,7398,16697,,12.01818834
2011-08-14,7471,18601,,11.54872786
2011-08-15,8379,16081,,13.42656978
2011-08-16,9640,17699,,12.67543301
2011-08-17,7722,17089,,11.57928193
2011-08-18,7415,18093,,14.18237632
2011-08-19,7614,19350,,12.11785318
2011-08-20,7191,18706,,13.01547194
2011-08-21,7667,20093,,13.01547194
2011-08-22,7815,22198,,15.79809008
2011-08-23,7277,19780,,15.25951882
2011-08-24,7367,19095,,11.75880568
2011-08-25,7241,19879,,11.48952006
2011-08-26,7421,17687,,13.82332882
2011-08-27,6361,16982,11243506.2,11.75880568
2011-08-28,5589,16263,356899.1437,10.2328538
2011-08-29,8094,16529,460437.6664,11.22023443
2011-08-30,7804,15081,425676.0379,13.91309069
2011-08-31,7292,14533,469359.7822,13.34442097
2011-09-01,7203,14081,505956.2404,11.2234534
2011-09-02,7026,13795,470740.5019,14.31653111
2011-09-03,5925,12341,352914.8355,12.54905814
2011-09-04,7258,15131,642336.4844,11.13507975
2011-09-05,7039,15423,707242.1789,13.60954192
2011-09-06,7830,15718,672957.4324,13.25604733
2011-09-07,7090,14155,1116161.531,12.99092638
2011-09-08,6497,13070,487106.6891,11.04670611
2011-09-09,7376,14345,1025995.853,12.37231084
2011-09-10,5993,12320,413447.3253,12.63743178
2011-09-11,6443,12860,4982653.952,12.19556354
2011-09-12,6575,13591,659128.7353,11.48857435
2011-09-13,6519,12622,403275.6123,12.01881624
2011-09-14,6200,12408,461287.9898,13.26392523
2011-09-15,6474,12988,470180.6254,12.91487457
2011-09-16,6209,12059,461448.4411,10.99509591
2011-09-17,5454,10988,353473.7026,10.73330792
2011-09-18,5986,12230,293308.9517,14.57286522
2011-09-19,6653,13227,367941.9641,10.64604525
2011-09-20,8145,18674,509530.0936,12.12951057
2011-09-21,7684,13718,766488.4654,12.91487457
2011-09-22,6139,15221,460343.1881,13.0893999
2011-09-23,6328,17920,406182.4514,11.69319724
2011-09-24,5728,,337880.2182,10.82057058
2011-09-25,5722,17371,320702.559,12.39129857
2011-09-26,5639,15796,338462.8917,11.95498524
2011-09-27,6101,16396,463530.2284,11.86772257
2011-09-28,6017,11834,310309.4581,11.60593458
2011-09-29,5589,10937,257251.4758,11.25295401
2011-09-30,5865,11283,302636.7572,10.32920406
2011-10-01,5374,10633,405346.6193,11.42090855
2011-10-02,5035,9967,267766.3124,11.00102221
2011-10-03,6521,11909,305170.1278,10.91704494
2011-10-04,5809,11300,396881.1278,10.91704494
2011-10-05,5771,11675,441657.6505,11.50488582
2011-10-06,5912,11840,719178.177,11.16897674
2011-10-07,5674,11509,705027.9088,10.7490904
2011-10-08,5402,10489,323812.4059,10.83306767
2011-10-09,5457,10536,321624.9504,10.32920406
2011-10-10,5882,11354,280818.4596,9.909317712
2011-10-11,5930,11528,365462.5316,8.901590487
2011-10-12,5949,11384,289729.9167,9.993294981
2011-10-13,4984,9707,311694.6577,7.641931456
2011-10-14,6111,11513,387212.0441,11.16897674
2011-10-15,5579,10932,289287.524,10.29079907
2011-10-16,4981,9703,262120.0159,8.977080038
2011-10-17,5781,11314,546249.9163,8.247236133
2011-10-18,4863,9916,316508.2331,9.269017601
2011-10-19,5130,10071,326955.9652,9.633939553
2011-10-20,4649,9169,252299.3265,7.517392227
2011-10-21,5206,10025,245130.1002,10.0718459
2011-10-22,5114,9824,293124.9434,6.860532712
2011-10-23,5608,10766,346280.2874,7.663361008
2011-10-24,5934,11426,408246.3652,8.977080038
2011-10-25,5226,10847,293120.4551,9.487970772
2011-10-26,5272,10186,364225.9406,7.955298571
2011-10-27,4677,9205,220161.5029,8.393204914
2011-10-28,5118,9929,409362.1982,7.444407837
2011-10-29,5698,10704,675046.8325,8.685142476
2011-10-30,4878,9209,218674.8134,7.079485884
2011-10-31,5182,9983,422184.316,9.998861506
2011-11-01,5777,10579,364502.8957,8.73436486
2011-11-02,5991,10787,453098.2177,9.033486944
2011-11-03,6253,10696,382635.9552,7.59770094
2011-11-04,6540,12456,463387.0314,8.554891609
2011-11-05,5928,11062,314611.3803,8.973662527
2011-11-06,5034,9719,216624.7594,8.854013694
2011-11-07,5496,10242,227183.7872,7.836998607
2011-11-08,5994,11275,508129.1123,8.076296275
2011-11-09,6448,11835,906998.1938,10.11032645
2011-11-10,6541,11906,443976.6765,8.674540443
2011-11-11,4733,9129,366520.2347,7.298578856
2011-11-12,5487,10466,393280.5697,8.076296275
2011-11-13,5374,10130,212630.2611,8.794189277
2011-11-14,5908,10912,516031.4517,8.136120692
2011-11-15,6106,11428,466487.8043,10.25533355
2011-11-16,6048,10803,3958489.684,7.884158164
2011-11-17,4959,9659,8011693.718,8.59551078
2011-11-18,5169,10146,6103507.281,7.765599394
2011-11-19,4724,8109,6700983.978,7.647040625
2011-11-20,5125,8506,383029.8802,7.58776124
2011-11-21,4770,8063,11550958.99,8.002716933
2011-11-22,5491,9044,11955911.23,8.002716933
2011-11-23,5598,8817,2756718.673,7.765599394
2011-11-24,5018,8288,439839.0485,6.639291085
2011-11-25,5486,9369,469794.9294,7.70632001
2011-11-26,4752,7999,439308.7763,7.528481856
2011-11-27,5061,8501,2759258.775,6.757849855
2011-11-28,5930,9949,6713573.61,7.350643702
2011-11-29,6431,11231,7939371.761,8.239834472
2011-11-30,6840,10954,22301188.74,7.9160865
2011-12-01,6352,11078,5014326.417,10.03065755
2011-12-02,6318,10573,14698307.98,8.512503976
2011-12-03,5631,9455,11571331.95,8.132965582
2011-12-04,5385,9284,8629726.222,7.428108565
2011-12-05,6237,10376,8409840.661,8.675163287
2011-12-06,7978,12283,17280806.39,8.620943517
2011-12-07,6135,9967,17625150.61,7.97030627
2011-12-08,5820,9560,10515805.48,8.349844664
2011-12-09,5588,9378,2782000.203,8.187185352
2011-12-10,5678,9451,974759.0848,8.512503976
2011-12-11,5261,8796,943117.4975,7.861866729
2011-12-12,4862,8547,1086086.304,7.265449253
2011-12-13,5406,9606,480389.9266,7.406827445
2011-12-14,5692,9481,476067.1648,8.26808645
2011-12-15,4850,7800,494798.5403,7.062323843
2011-12-16,5334,8457,584591.5635,7.11974111
2011-12-17,4823,7831,469359.9841,8.382920984
2011-12-18,4632,8017,260578.1743,8.440338251
2011-12-19,5844,9898,582248.4199,8.670007319
2011-12-20,6295,10326,897518.7716,7.751331047
2011-12-21,5577,9152,808890.9427,8.899676387
2011-12-22,5859,9649,596466.5099,7.923582848
2011-12-23,5682,9532,448283.7965,8.727424586
2011-12-24,4658,7872,338998.8124,7.579079246
2011-12-25,5286,9007,337841.0679,9.99060446
2011-12-26,5641,9349,497723.1523,9.875769926
2011-12-27,5211,8865,403104.1737,9.168004881
2011-12-28,5000,8370,454371.0168,8.649061209
2011-12-29,5212,8976,572718.5655,8.072457128
2011-12-30,5051,8259,507273.02,7.380532231
2011-12-31,5137,8198,384181.5997,9.283325697
2012-01-01,5001,8531,1016109.603,8.591400801
2012-01-02,5410,8928,750882.9546,8.764382025
2012-01-03,5773,9528,603798.2429,9.340986105
2012-01-04,5731,9542,749546.2402,8.879702841
2012-01-05,6994,11636,1614569.131,8.476079985
2012-01-06,6644,11057,1155595.19,9.80226937
2012-01-07,5905,9897,733406.2273,10.43653386
2012-01-08,6404,10661,793834.3438,9.283325697
2012-01-09,6112,10270,1352314.312,10.01025622
2012-01-10,6677,11358,873346.2991,9.077623651
2012-01-11,7139,11775,862381.0793,9.450676678
2012-01-12,6696,10691,930071.6685,10.32113374
2012-01-13,6847,11166,1229394.479,7.709762553
2012-01-14,6807,11493,931220.051,9.948080714
2012-01-15,6312,10178,611980.1579,9.20197466
2012-01-16,6965,11532,1155826.011,9.823729705
2012-01-17,6761,11172,1461674.771,9.823729705
2012-01-18,6647,11230,882686.3225,8.828921633
2012-01-19,6902,11554,1260501.936,8.455868607
2012-01-20,6780,10999,815380.8619,8.580219616
2012-01-21,6366,10374,583815.4967,11.1294153
2012-01-22,5325,8947,466919.0852,8.450978823
2012-01-23,6100,10480,533520.8086,11.11628753
2012-01-24,7268,11684,1083628.089,8.77601647
2012-01-25,7961,12953,1081231.16,10.07616706
2012-01-26,6598,11011,977920.9147,8.450978823
2012-01-27,6337,10766,791223.4813,9.036046588
2012-01-28,5910,10203,638920.9611,10.07616706
2012-01-29,6426,10694,644283.8293,10.59622729
2012-01-30,6153,10641,519850.6389,10.79124988
2012-01-31,6925,11903,595116.3249,10.27118965
2012-02-01,6502,11456,937948.1872,8.77601647
2012-02-02,7164,12431,780934.7735,10.59622729
2012-02-03,7050,12425,844182.2567,10.40120471
2012-02-04,7237,12232,888416.8321,11.24755398
2012-02-05,6774,11451,712632.7933,9.327239883
2012-02-06,6136,10597,801919.1064,10.15023164
2012-02-07,7012,11419,671519.4784,9.807318406
2012-02-08,7024,11594,651589.3821,9.052909298
2012-02-09,7488,12023,525363.0007,9.875901052
2012-02-10,8456,12577,664203.9785,10.08164899
2012-02-11,7679,11710,890076.434,9.464405175
2012-02-12,7030,11267,720424.3489,10.97322339
2012-02-13,7992,12755,1249668.869,10.08164899
2012-02-14,9489,14360,1894019.827,9.327239883
2012-02-15,9337,14247,2530999.664,9.73873576
2012-02-16,9537,14682,1260810.802,8.847161359
2012-02-17,6778,11012,892942.3213,9.73873576
2012-02-18,6516,11467,624073.6433,12.00196308
2012-02-19,5958,10566,415301.1541,10.74136802
2012-02-20,6339,11159,545044.4585,9.988788097
2012-02-21,6420,11225,584084.9174,8.757293674
2012-02-22,7194,12304,648769.1789,10.74136802
2012-02-23,8014,13499,669857.7281,11.49394795
2012-02-24,6930,12250,976467.8338,9.92037174
2012-02-25,6306,11022,871111.2544,11.42553159
2012-02-26,5821,10374,489795.8225,10.39928624
2012-02-27,6735,11537,609935.8175,10.80978438
2012-02-28,6725,12245,621646.0894,10.26245352
2012-02-29,6719,12043,595104.6411,12.72544237
2012-03-01,6811,11932,1160954.764,10.67295167
2012-03-02,7645,13076,1051236.388,9.897222875
2012-03-03,5187,9575,665583.2274,8.855409941
2012-03-04,6591,12059,446400.4917,9.673977247
2012-03-05,6979,12553,517621.0383,9.822807666
2012-03-06,6368,11618,679332.296,11.01345102
2012-03-07,6635,11938,632043.0242,11.08786623
2012-03-08,6637,12185,632341.44,11.6087727
2012-03-09,6502,11952,612102.5923,12.35292479
2012-03-10,5370,10033,470192.947,12.87383126
2012-03-11,5223,9876,501600.7107,9.897222875
2012-03-12,6141,11290,609927.4123,12.57617042
2012-03-13,7395,12963,891087.2381,11.31111186
2012-03-14,6895,12218,950931.8097,10.26929892
2012-03-15,6284,11360,704474.7332,9.599562037
2012-03-16,6935,12250,814140.2524,10.6507282
2012-03-17,6876,12429,500645.3918,12.81066608
2012-03-18,6039,10952,529828.681,11.61897621
2012-03-19,6652,11570,784159.3946,11.76793745
2012-03-20,6834,12143,873378.8582,11.02313128
2012-03-21,7000,12485,872603.0373,12.06585992
2012-03-22,6587,12135,736604.5364,11.61897621
2012-03-23,6156,10784,635702.4898,9.682480179
2012-03-24,6371,10955,524181.9997,12.81066608
2012-03-25,6216,10624,742724.6734,12.438263
2012-03-26,6619,11761,742634.2212,11.32105375
2012-03-27,6666,11792,719473.6208,11.02313128
2012-03-28,7239,12531,714431.0272,11.84241806
2012-03-29,7518,12927,874838.4916,11.23904129
2012-03-30,6828,11737,676790.7524,12.12846182
2012-03-31,6192,10981,628402.167,13.17959518
2012-04-01,5563,9862,482191.0248,12.12846182
2012-04-02,6472,11210,951019.1916,10.26876434
2012-04-03,7739,13314,822665.2003,10.34962075
2012-04-04,7143,12518,1003628.146,11.40075411
2012-04-05,7028,12119,669644.4557,9.621913043
2012-04-06,6699,11820,1031189.386,9.945338691
2012-04-07,6080,,568101.4338,10.6730464
2012-04-08,5915,10835,439943.3269,11.80503617
2012-04-09,6617,11654,1740391.62,12.20931823
2012-04-10,8468,13537,1197893.765,11.56246693
2012-04-11,7858,14008,962066.5275,11.56246693
2012-04-12,8290,14109,1188636.75,11.15818487
2012-04-13,7223,12315,1040506.041,9.883251608
2012-04-14,7845,13106,823389.2346,10.43232114
2012-04-15,7371,12278,502712.1171,9.177305065
2012-04-16,8577,14672,1136250.41,10.43232114
2012-04-17,7805,13656,890218.1071,11.13826769
2012-04-18,8580,14652,1003656.126,9.569497589
2012-04-19,7900,13400,1238943.276,12.23640675
2012-04-20,8285,14597,1564026.907,12.15796825
2012-04-21,7201,12406,1064328.231,11.53046021
2012-04-22,6354,11365,908052.6648,11.68733722
2012-04-23,7104,12625,727326.5308,11.60889871
2012-04-24,7660,13263,903934.5748,9.647936094
2012-04-25,7557,13544,1057405.464,10.82451367
2012-04-26,10099,14837,1158867.058,12.07952974
2012-04-27,7195,13007,868905.0133,9.883251608
2012-04-28,7427,12431,718889.9475,11.6988143
2012-04-29,7729,12516,856573.6857,12.44873829
2012-04-30,9413,15186,709339.6627,12.67371549
2012-05-01,10208,15590,904540.757,13.42363949
2012-05-02,9978,15556,1060008.189,11.5488295
2012-05-03,14002,17694,858768.3939,12.44873829
2012-05-04,14098,17784,972245.945,11.6238219
2012-05-05,12998,16230,795303.9703,11.6988143
2012-05-06,11150,15256,1059550.337,12.89869269
2012-05-07,18247,20276,1159371.665,12.82370029
2012-05-08,17719,19584,1171917.879,13.94858628
2012-05-09,17245,20110,1441439.529,14.12994691
2012-05-10,11782,16147,1127318.465,12.40678265
2012-05-11,19061,21107,1386243.605,10.59746018
2012-05-12,18326,19032,933251.3459,11.80367516
2012-05-13,14737,17073,677932.8825,11.37288409
2012-05-14,28349,27775,1122477.126,12.32062444
2012-05-15,22235,22549,1296107.013,11.28672588
2012-05-16,18078,20227,1033398.033,9.649719838
2012-05-17,16935,18420,1153418.841,10.16666911
2012-05-18,24481,21855,1128069.418,12.40678265
2012-05-19,35404,26811,1012393.123,12.57909907
2012-05-20,31460,24706,1214605.537,12.23446622
2012-05-21,31604,25443,1291879.296,11.37288409
2012-05-22,23480,22280,1409396.818,10.0805109
2012-05-23,27432,24036,1245349.211,10.42514375
2012-05-24,26589,23103,881995.3929,11.63135873
2012-05-25,28999,24344,1060558.508,9.174760781
2012-05-26,23279,20731,769451.3417,10.67752332
2012-05-27,26447,21644,1113589.668,12.97121352
2012-05-28,29888,24094,1017767.787,10.91480162
2012-05-29,29816,26201,1290488.765,10.75661609
2012-05-30,25580,22959,1383851.472,9.491131843
2012-05-31,21013,22548,2723269.23,11.54754374
2012-06-01,27069,23507,2487947.236,11.94300757
2012-06-02,12800,16162,918787.8167,12.3384714
2012-06-03,33601,26003,1002416.359,12.49665693
2012-06-04,45938,33322,1818155.427,11.94300757
2012-06-05,44364,34403,1408324.704,10.75661609
2012-06-06,15937,19044,1264208.799,13.36667734
2012-06-07,33203,26891,1636704.386,9.965688435
2012-06-08,23897,21927,1442372.152,11.70572927
2012-06-09,33050,25160,1503956.118,13.14293301
2012-06-10,40721,28282,1130117.166,13.3790336
2012-06-11,32531,25883,1344029.527,12.11983044
2012-06-12,18243,17736,1550226.857,11.01802767
2012-06-13,56794,38857,1496252.527,12.74943202
2012-06-14,61938,39968,1373122.532,11.49022886
2012-06-15,54986,37978,1717724.019,12.51333143
2012-06-16,43282,32401,1711206.547,12.59203163
2012-06-17,43909,32557,1543700.039,12.82813222
2012-06-18,39071,31461,1571388.446,12.35593103
2012-06-19,35962,28121,1458831.232,14.32343598
2012-06-20,32246,25366,2099456.757,11.67262013
2012-06-21,26782,23348,1371241.474,10.47102688
2012-06-22,23565,23129,1856524.959,12.10176058
2012-06-23,22303,22952,1043033.673,13.90415045
2012-06-24,22392,22447,1897711.777,12.01593249
2012-06-25,28713,26708,1689433.199,13.13169765
2012-06-26,30235,28849,2416260.769,12.7025572
2012-06-27,30875,30787,1730353.136,13.90415045
2012-06-28,26522,26239,1541720.632,11.58679204
2012-06-29,22877,26456,1200385.048,12.01593249
2012-06-30,22618,25747,720209.9604,12.18758867
2012-07-01,19276,25189,727573.7669,11.84427631
2012-07-02,25147,29159,1818012.112,13.81832236
2012-07-03,22667,26886,2215891.186,12.44507293
2012-07-04,23164,24504,1676844.557,13.84337907
2012-07-05,21643,22014,1490351.58,11.92794298
2012-07-06,23916,23077,1415221.707,13.32098741
2012-07-07,25615,25832,1133001.129,14.80109712
2012-07-08,20799,21939,1017366.128,13.40805269
2012-07-09,25129,25581,1709349.434,14.36577074
2012-07-10,35080,30529,2096129.598,13.14685686
2012-07-11,31250,28013,1681276.362,11.92794298
2012-07-12,24303,27087,2460830.009,13.14685686
2012-07-13,24556,24169,2943515.113,14.01750963
2012-07-14,22787,23902,2195416.323,12.9727263
2012-07-15,26345,24275,1440224.114,12.9727263
2012-07-16,31379,30128,2442244.085,12.88566102
2012-07-17,35201,32645,4218445.501,16.42185026
2012-07-18,32588,27648,3000925.431,14.00960107
2012-07-19,31035,27587,2154976.451,13.26737055
2012-07-20,36794,30410,2682261.318,12.89625529
2012-07-21,34593,29404,2520538.611,13.91682225
2012-07-22,34860,32265,1929971.618,12.89625529
2012-07-23,32698,33404,2473981.588,13.91682225
2012-07-24,28369,28741,2325958.888,14.93738922
2012-07-25,27327,25567,2472036.59,14.28793751
2012-07-26,30707,25129,2482655.252,16.51462907
2012-07-27,27155,26568,2133871.821,15.58684092
2012-07-28,35230,31455,1533572.115,15.77239855
2012-07-29,34483,27777,2331048.182,13.45292818
2012-07-30,34395,29054,2586588.198,18.73004176
2012-07-31,41507,45337,4740771.345,13.46538137
2012-08-01,30538,31895,3048987.683,14.27532912
2012-08-02,33211,32876,3543746.465,15.59149422
2012-08-03,27780,29112,3106550.067,17.51512013
2012-08-04,29010,28146,1958789.07,15.18652034
2012-08-05,33283,29815,2217500.701,14.680303
2012-08-06,35400,34508,2615334.454,14.27532912
2012-08-07,29603,32321,2744918.618,15.08527688
2012-08-08,40168,39343,2727350.898,17.21138972
2012-08-09,29942,30353,3506490.979,16.09771157
2012-08-10,28375,30415,2697276.159,16.60392891
2012-08-11,33139,30148,2055264.373,15.9964681
2012-08-12,34636,31503,1894812.142,18.40554294
2012-08-13,48872,39310,3422235.084,16.66300633
2012-08-14,34506,33320,3276924.525,17.75209171
2012-08-15,52969,37533,3166957.582,18.62336001
2012-08-16,46477,47583,4159349.947,16.77191487
2012-08-17,40554,44100,4641978.846,15.57392095
2012-08-18,37162,40251,4509314.003,16.11846364
2012-08-19,36951,34644,13229698.78,17.20754902
2012-08-20,35837,33907,7237089.606,20.5837137
2012-08-21,42415,41676,4414661.093,19.7124454
2012-08-22,37874,38616,4701384.429,16.22737218
2012-08-23,31818,35374,3824176.384,17.96990879
2012-08-24,32275,35254,3149881.682,16.98973194
2012-08-25,33439,29497,2340296.84,15.89357527
2012-08-26,29520,27899,2344347.897,21.35320036
2012-08-27,33096,31081,4337930.34,18.07742531
2012-08-28,29838,31789,3064124.051,18.19875031
2012-08-29,34209,32397,3245940.108,20.13995034
2012-08-30,33914,28480,2898853.618,19.16935033
2012-08-31,40624,39334,5311728.576,17.34947529
2012-09-01,40774,36448,2416122.221,19.77597534
2012-09-02,33588,28751,2034950.774,18.56272532
2012-09-03,38238,27685,2093857.542,21.83850037
2012-09-04,39946,33419,3463332.646,15.52960026
2012-09-05,41135,34684,3760336.449,21.83850037
2012-09-06,42790,37914,3528845.293,24.90946413
2012-09-07,33483,33314,2870689.592,23.03455822
2012-09-08,31173,27940,2932258.386,18.74905902
2012-09-09,31464,32968,6187282.407,20.49004307
2012-09-10,33632,30504,5888940.165,19.28474642
2012-09-11,38225,36736,4570541.512,21.15965232
2012-09-12,28096,28684,3763888.146,18.88298087
2012-09-13,29025,27581,4016324.262,19.41866827
2012-09-14,36118,31170,3268513.752,21.69533972
2012-09-15,27248,24938,2875936.66,19.15082457
2012-09-16,28415,25556,4062643.123,20.08827752
2012-09-17,24446,26455,4530462.098,23.57024562
2012-09-18,32821,32392,3800480.688,22.36494897
2012-09-19,32231,34730,4202503.87,19.15082457
2012-09-20,31282,37342,4754769.34,20.92944794
2012-09-21,30347,29568,7679920.328,23.20748309
2012-09-22,22014,,2955430.01,24.48887787
2012-09-23,27999,23802,2153967.596,21.21420234
2012-09-24,29190,26882,4533834.316,22.21084272
2012-09-25,24177,34082,3760056.162,21.21420234
2012-09-26,32413,36372,3332107.817,20.35993916
2012-09-27,28347,31699,4124401.112,20.35993916
2012-09-28,32768,36637,4385603.571,23.34986029
2012-09-29,23992,27182,3894740.721,23.91936908
2012-09-30,20668,25258,3084757.702,21.64133393
2012-10-01,24727,30827,3912908.397,21.07182514
2012-10-02,32878,38050,4956439.908,19.36329878
2012-10-03,26669,33564,4154748.081,20.9547974
2012-10-04,31955,36409,3998190.257,20.34741197
2012-10-05,37031,35733,4703796.044,20.65110469
2012-10-06,32672,31354,2317835.174,21.56218283
2012-10-07,34726,33223,3244900.8,20.80295104
2012-10-08,38211,38115,4124002.54,25.20649543
2012-10-09,35450,38387,3354439.371,22.01772191
2012-10-10,31226,35957,2946162.487,22.62510734
2012-10-11,27684,31805,3006769.454,20.9547974
2012-10-12,28693,35240,3083356.537,22.92880006
2012-10-13,33090,29748,2125755.161,22.16956827
2012-10-14,27414,30286,2203226.88,20.9547974
2012-10-15,30998,33578,2965255.937,23.8398782
2012-10-16,34533,31821,4263766.673,23.08064641
2012-10-17,31813,34926,3374383.998,21.53435778
2012-10-18,28257,34499,3388915.943,23.67252096
2012-10-19,25096,29062,2650504.424,24.28342473
2012-10-20,30699,32674,4202322.912,21.07617995
2012-10-21,40833,31467,2918664.919,24.13069879
2012-10-22,43154,33118,3378166.816,25.35250632
2012-10-23,32031,30902,4870727.671,20.92345401
2012-10-24,32194,32550,4182431.053,23.8252469
2012-10-25,26998,28710,5013844.081,21.07617995
2012-10-26,21927,27826,6249068.637,24.58887661
2012-10-27,16313,22005,3325377.269,27.18521762
2012-10-28,17965,21241,1962502.25,25.81068415
2012-10-29,21500,22575,2523288.833,24.13069879
2012-10-30,31058,27715,5497632.315,24.47480664
2012-10-31,27444,25607,4313639.87,22.83220217
2012-11-01,23638,23851,3834459.555,22.17516038
2012-11-02,28990,26334,3608268.194,23.81776485
2012-11-03,23899,25558,2316678.4,23.48924396
2012-11-04,24304,22730,2178694.661,26.28167156
2012-11-05,32184,28848,3092646.618,25.13184843
2012-11-06,31986,31444,5256169.982,22.33942083
2012-11-07,36480,33072,3607722.834,25.78889022
2012-11-08,32415,29633,2682007.594,26.61019245
2012-11-09,25157,28298,2797683.439,23.81776485
2012-11-10,27109,23652,1786099.549,26.28167156
2012-11-11,23555,24277,1734088.437,21.68237904
2012-11-12,23903,23693,1659248.953,23.61218753
2012-11-13,27131,25520,2287721.163,22.77487591
2012-11-14,29901,28340,2066803.295,24.11457449
2012-11-15,37604,35026,3201556.934,22.77487591
2012-11-16,39446,36029,5338910.231,23.61218753
2012-11-17,32538,44133,3252624.599,23.61218753
2012-11-18,34136,33322,2957708.86,26.62650934
2012-11-19,36772,33235,3826454.626,20.59786571
2012-11-20,37009,34778,4122047.713,26.62650934
2012-11-21,39066,33493,2998606.717,25.78919772
2012-11-22,30900,32289,2942355.313,24.61696146
2012-11-23,32347,26228,2455812.907,24.28203682
2012-11-24,29718,28021,2718163.336,27.12889631
2012-11-25,36736,27861,2406579.67,23.61218753
2012-11-26,35898,31791,3091856.032,27.18090557
2012-11-27,27632,30416,3986116.681,25.98426193
2012-11-28,37256,34110,3645154.318,28.89039649
2012-11-29,37423,31421,3280644.801,28.20660012
2012-11-30,29758,28996,2848242.874,22.05243282
2012-12-01,33492,26710,3563583.267,27.35185466
2012-12-02,20606,21747,2429656.112,25.81331284
2012-12-03,21659,23875,3894338.106,25.64236375
2012-12-04,32356,28801,3778651.566,18.97534917
2012-12-05,33744,31337,4461527.158,20.513891
2012-12-06,37163,30658,6083939.993,24.4457201
2012-12-07,32145,30025,4037863.602,21.19768736
2012-12-08,33174,29769,2779400.018,23.07812737
2012-12-09,32059,28424,3160161.492,22.22338191
2012-12-10,36221,26226,4456340.003,24.27477101
2012-12-11,36779,29038,4962399.59,24.29223366
2012-12-12,36736,31539,5321192.181,21.61171133
2012-12-13,42515,34817,6002929.233,22.78443985
2012-12-14,39014,32210,4228348.101,17.42339518
2012-12-15,32365,,2388310.78,19.76885222
2012-12-16,35476,28686,2071483.433,19.26625428
2012-12-17,41040,33323,3403130.023,21.10911339
2012-12-18,49812,39283,4246606.967,21.10911339
2012-12-19,44765,34067,3528723.718,23.95716837
2012-12-20,35922,29958,2788973.651,18.09352576
2012-12-21,44580,35121,3508457.115,20.27145016
2012-12-22,51258,43835,2490451.72,24.12470102
2012-12-23,36738,29746,2115116.67,23.11950514
2012-12-24,36111,28575,4031607.477,21.27664603
2012-12-25,28743,24658,2173569.315,20.60651545
2012-12-26,36586,24736,2984980.756,24.12470102
2012-12-27,43787,27831,3042886.9,23.84708488
2012-12-28,47105,33348,3150928.593,26.06886297
2012-12-29,38110,,2905456.825,19.84788431
2012-12-30,45447,36923,2447876.865,23.69896634
2012-12-31,30064,27480,3964003.582,24.88391466
2013-01-01,31896,28598,3147543.197,24.2914405
2013-01-02,39433,34292,4504120.845,23.10649218
2013-01-03,42309,40002,3440188.995,23.69896634
2013-01-04,48589,36915,4183737.865,20.88471409
2013-01-05,39596,41729,2748429.543,22.0696624
2013-01-06,33026,32347,2315982.539,21.03283263
2013-01-07,40288,39429,2813060.938,24.73579612
2013-01-08,38624,38444,4470162.754,23.26118199
2013-01-09,43190,40874,3723599.159,21.64582213
2013-01-10,52539,44686,4005278.271,23.58425396
2013-01-11,52749,47149,3837367.287,19.54585431
2013-01-12,45671,36943,2846136.546,19.22278234
2013-01-13,49441,40542,3068670.793,19.70739029
2013-01-14,44560,33866,3163708.913,24.87654185
2013-01-15,45022,46471,4676128.541,20.51507022
2013-01-16,53629,45758,4533463.481,19.86892628
2013-01-17,48100,42864,4694768.664,19.86892628
2013-01-18,49139,43006,4660661.62,20.19199825
2013-01-19,56170,37727,3205049.271,22.77657403
2013-01-20,41371,35085,3097011.212,21.32275015
2013-01-21,40441,33381,4418285.352,23.58425396
2013-01-22,43752,38013,6762169.565,20.67660621
2013-01-23,46678,36638,9460039.176,21.64582213
2013-01-24,46221,39848,8413903.552,23.90732593
2013-01-25,48511,38998,7889949.926,20.51342849
2013-01-26,52366,41077,5414990.701,22.13679333
2013-01-27,55413,40829,6237419.324,22.43195058
2013-01-28,52180,41953,7710023.533,21.84163609
2013-01-29,51703,41048,12740618,23.9077368
2013-01-30,41219,34666,9874531.071,21.39890022
2013-01-31,51633,37431,11146245.92,28.03993822
2013-02-01,59382,49764,10139244.71,22.5795292
2013-02-02,54465,42923,7187712.231,23.76015818
2013-02-03,61164,43416,5793496.258,24.35047267
2013-02-04,55005,42775,5880058.193,25.97383751
2013-02-05,53420,47429,8387390.402,28.00576717
2013-02-06,42555,41276,7796247.712,25.07493108
2013-02-07,61237,44492,7071220.356,24.09798571
2013-02-08,60921,44976,6338076.523,24.74928262
2013-02-09,57750,42569,5865202.849,22.14409498
2013-02-10,56443,45056,4780495.078,26.70317335
2013-02-11,57594,39656,5943730.665,25.88905221
2013-02-12,58551,40824,8826126.276,23.28386457
2013-02-13,59090,40623,8044500.239,25.56340376
2013-02-14,50928,38823,8512360.822,26.70317335
2013-02-15,55647,38769,8592939.38,28.65706409
2013-02-16,51433,37997,6259792.262,30.77377905
2013-02-17,49635,36995,7717316.988,30.28530636
2013-02-18,50374,38461,7646977.183,29.22033639
2013-02-19,54519,39820,8199600.196,30.12780025
2013-02-20,59748,39704,10090733.34,31.39824966
2013-02-21,55916,41331,8578368.877,35.7540762
2013-02-22,62171,43738,10131873.14,29.22033639
2013-02-23,57886,41790,9807361.091,29.40182916
2013-02-24,57164,42055,9869437.608,29.7648147
2013-02-25,67144,44281,11846605,35.39109065
2013-02-26,63438,46081,9923408.742,28.13137975
2013-02-27,60949,42868,8976214.848,36.84303283
2013-02-28,63021,46076,12936089.05,31.03526411
2013-03-01,64535,49555,9654317.55,34.30627041
2013-03-02,55825,38118,9160939.28,32.56924406
2013-03-03,54459,35819,5271173.977,33.00350064
2013-03-04,64044,41993,11675055.16,37.9974514
2013-03-05,56868,45962,11927470.12,32.56924406
2013-03-06,62760,53581,19081274.21,35.17478358
2013-03-07,66770,50988,16399668.34,33.00350064
2013-03-08,55857,45918,10922783.56,31.70073088
2013-03-09,55546,41221,8915134.077,36.91180993
2013-03-10,73844,46473,9528877.482,40.16873434
2013-03-11,59289,41067,10672432.33,40.38586263
2013-03-12,48484,44677,15280493.58,25.62113866
2013-03-13,56690,51534,14174861.07,33.43775723
2013-03-14,58069,47665,12870446.91,44.58090169
2013-03-15,62776,51708,12840375.29,40.96623399
2013-03-16,34187,40333,8217603.023,42.41210107
2013-03-17,35348,41231,7725178.083,48.91850294
2013-03-18,43485,46404,11763367.86,43.13503461
2013-03-19,46108,52413,18743437.91,47.47263586
2013-03-20,46276,49801,18591990.08,45.06285739
2013-03-21,55564,52089,25495028.91,53.73805988
2013-03-22,60584,58133,21781825.38,54.22001557
2013-03-23,52914,50305,17212923.9,50.60534787
2013-03-24,51335,57217,12707910.03,72.22873859
2013-03-25,48993,52660,24754704.6,45.26778087
2013-03-26,49061,58296,20391880.63,51.92480746
2013-03-27,53207,58532,22437948.42,41.93926757
2013-03-28,60989,65989,32555115.47,59.58038805
2013-03-29,62259,66780,27287140.43,60.57894204
2013-03-30,59196,60965,20775826.02,55.25332076
2013-03-31,43986,48515,14592672.35,52.25765879
2013-04-01,52770,57955,28568627.11,72.56158992
2013-04-02,63276,72700,42571232.94,58.24898273
2013-04-03,63941,87142,56765752.05,59.24753672
2013-04-04,66892,86454,39009663.9,53.25621278
2013-04-05,61373,84264,35524194.73,54.92547287
2013-04-06,51718,63661,28360358.26,64.07971834
2013-04-07,63541,62954,26995427.97,61.79115697
2013-04-08,61680,94011,59180982.52,64.46114524
2013-04-09,66979,91121,86872978.89,64.07971834
2013-04-10,63881,106348,138536986,70.18254866
2013-04-11,68407,96628,96431386.74,62.55401076
2013-04-12,58690,81347,57698469.57,65.98685282
2013-04-13,53517,68259,28158775.77,60.64687629
2013-04-14,55471,57893,20480491.37,62.17258387
2013-04-15,54496,84240,32239647.27,61.02830318
2013-04-16,67785,81694,36897674.79,69.80112177
2013-04-17,56706,86804,24266568.96,74.50115066
2013-04-18,46631,66435,23973587.38,72.71669197
2013-04-19,59528,86659,26871098.8,55.76433433
2013-04-20,48302,62602,21863000.59,64.68662782
2013-04-21,44224,58843,22176330.93,77.62395339
2013-04-22,47194,78066,20874218.56,72.27057729
2013-04-23,61668,78421,24914192.36,70.93223327
2013-04-24,65023,81580,40114557.77,78.07006806
2013-04-25,62566,76058,46028218.17,70.93223327
2013-04-26,55264,72592,34790679.91,76.73172404
2013-04-27,44369,65463,34771447.63,70.93223327
2013-04-28,41879,104608,17955087.56,74.50115066
2013-04-29,51776,73560,49332354.04,80.74675611
2013-04-30,47599,58629,33042882.98,74.63339018
2013-05-01,55327,67962,41742164.01,70.62622829
2013-05-02,55429,65415,38699867.31,72.128914
2013-05-03,51180,64825,33276879.87,73.63159971
2013-05-04,50493,,18759073.15,77.13786636
2013-05-05,50332,57862,22906377.14,77.13786636
2013-05-06,53340,69183,36472732.25,81.64592348
2013-05-07,56735,94788,49746762.56,88.15756155
2013-05-08,50439,87495,38427301.49,81.64592348
2013-05-09,66774,69602,20597160.85,83.14860919
2013-05-10,67881,71443,25122024.53,83.64950443
2013-05-11,73402,66176,26547866.5,87.65666632
2013-05-12,65428,58799,34487421.95,89.15935203
2013-05-13,60998,69374,37719731.59,100.1018853
2013-05-14,66470,69012,31242269.82,81.74987297
2013-05-15,64171,68388,30012376.39,81.74987297
2013-05-16,61158,68536,26500939.87,80.6376298
2013-05-17,58731,61929,28978977.02,89.53557516
2013-05-18,52215,55552,23212536.8,81.74987297
2013-05-19,47820,51697,16608941.78,85.64272406
2013-05-20,48821,57600,17553401.66,76.74477871
2013-05-21,53942,67890,23413718.84,82.86211614
2013-05-22,51990,61102,19881349.33,92.31618308
2013-05-23,59789,68378,21005494.57,89.53557516
2013-05-24,55401,68107,29787153.35,90.09169674
2013-05-25,51280,53317,27941855.97,103.9136922
2013-05-26,40722,53395,10298726.74,97.26804906
2013-05-27,52758,59658,23553265.96,103.9136922
2013-05-28,57070,61517,26008344.7,97.87219843
2013-05-29,55060,64923,26668241.42,101.4970947
2013-05-30,57426,63472,28801875.22,102.101244
2013-05-31,54346,61670,17736377.88,112.3717834
2013-06-01,54311,55356,14773291.61,119.6215759
2013-06-02,49947,51180,19558760.67,123.2464721
2013-06-03,55874,63443,34314504.48,126.267219
2013-06-04,57622,64541,25633677.25,126.8713683
2013-06-05,56560,65079,22266326.06,156.7035621
2013-06-06,54638,60676,25643113.11,138.0853171
2013-06-07,52188,59933,27631739.59,124.8973935
2013-06-08,48218,47541,16298459.15,130.327715
2013-06-09,44471,45478,28246005.54,129.5519548
2013-06-10,45000,50635,17884305.08,139.6368375
2013-06-11,49663,56360,18306244.09,136.5337967
2013-06-12,45907,52892,20600672.55,155.1520417
2013-06-13,43193,55259,18005988.17,149.7217202
2013-06-14,50172,63694,21746458.5,133.4307558
2013-06-15,35826,43528,12809019.42,136.5337967
2013-06-16,42966,39659,14081327.15,145.067159
2013-06-17,45943,47538,15166943.19,148.0494004
2013-06-18,46017,51399,17821512.11,140.3585225
2013-06-19,47031,57558,15169424.78,120.1699679
2013-06-20,52515,54098,19205666.13,140.3585225
2013-06-21,47027,55870,22223940.2,166.3152356
2013-06-22,44594,47672,14097403.44,165.3538758
2013-06-23,38507,40871,13794566.99,169.1993148
2013-06-24,44245,52722,20120327.29,137.4744433
2013-06-25,44629,50043,16211830.59,142.281242
2013-06-26,45627,54144,17619939.66,181.6969915
2013-06-27,46128,50989,15700972.17,159.5857174
2013-06-28,49552,56602,20181807.97,161.5084369
2013-06-29,36545,50788,12221304.29,170.754179
2013-06-30,30953,41358,11538317.42,173.9359339
2013-07-01,39128,56374,28614923.47,162.2694993
2013-07-02,39650,51868,18873173.3,166.5118392
2013-07-03,35531,55754,27872927.95,185.6023685
2013-07-04,35292,50059,29170884.38,180.2994437
2013-07-05,37037,50395,27315081.33,187.7235384
2013-07-06,33372,42492,15317566,199.389973
2013-07-07,30356,38512,11116344.29,198.3293881
2013-07-08,39629,52297,17207628.94,197.2688031
2013-07-09,40832,55509,29408339.59,213.1775775
2013-07-10,39238,54321,23667763.91,181.3600287
2013-07-11,43434,61548,24174838.68,249.7082121
2013-07-12,48260,66681,25353409.49,214.5929947
2013-07-13,37970,50760,28714852.13,196.3851043
2013-07-14,34933,38901,14638249.54,211.9918675
2013-07-15,36754,49774,16719767.82,222.3963764
2013-07-16,39392,55925,26104344.76,213.2924311
2013-07-17,40643,53170,38028076.66,219.7952492
2013-07-18,41170,52109,45562008.06,223.69694
2013-07-19,36759,50353,17127338.12,219.7952492
2013-07-20,33702,42223,15815772.75,243.205394
2013-07-21,35456,42370,14537429.87,253.6099029
2013-07-22,39979,50290,20918660.23,279.6825502
2013-07-23,38432,53996,30784945.29,225.2998321
2013-07-24,42361,54327,22809377.44,239.2839596
2013-07-25,42530,54353,19284298.44,212.8694965
2013-07-26,36622,51523,24142953.77,276.5749663
2013-07-27,37643,41923,12125392.58,256.375671
2013-07-28,37302,40133,13146639.85,275.0211744
2013-07-29,41812,56108,19512270.07,257.929463
2013-07-30,42133,58704,22946719.51,287.4515099
2013-07-31,49524,66141,27060972.52,309.2045972
2013-08-01,50904,103351,26303015.53,287.4515099
2013-08-02,51681,64646,20028291.03,295.2204697
2013-08-03,45746,49767,24263377.32,332.7260031
2013-08-04,42946,46551,15038161.56,317.8555672
2013-08-05,51001,62137,24632790.91,356.8904615
2013-08-06,54369,61187,16981470.33,351.314048
2013-08-07,57606,64954,20576008.02,327.1495897
2013-08-08,58022,60891,19763768,375.4785063
2013-08-09,49658,54319,15936869.25,386.6313333
2013-08-10,51695,51094,14149289.95,369.9020929
2013-08-11,38422,43353,13620398.14,397.7841602
2013-08-12,50228,88571,28236353.06,425.6662275
2013-08-13,53080,61005,37139674.51,484.9527656
2013-08-14,51660,64243,26932215.91,388.9725307
2013-08-15,58129,64588,32967747.53,421.8078742
2013-08-16,71119,69111,15509101.43,434.4368525
2013-08-17,56546,51598,11567741.55,472.3237873
2013-08-18,56397,47444,10721386.2,497.5817439
2013-08-19,71314,69236,25510730.12,449.5916264
2013-08-20,63228,67419,28188708.57,457.1690134
2013-08-21,60531,69302,26631938.83,520.3139047
2013-08-22,66812,72393,20242259.49,525.365496
2013-08-23,55195,63359,19489988.33,543.0460656
2013-08-24,51817,52996,15468037.87,607.9322986
2013-08-25,44447,48353,11580051.47,467.3888102
2013-08-26,56093,62217,20764666.36,532.7578746
2013-08-27,62187,72059,24504798.6,562.1739535
2013-08-28,64747,73597,25946328.05,545.8316874
2013-08-29,58992,65094,27764452.11,647.1537372
2013-08-30,62603,75212,23506130.7,634.0799243
2013-08-31,47505,77866,19664985.83,702.7174419
2013-09-01,46598,47233,19979295.03,725.5966144
2013-09-02,51266,52321,23438479.98,768.0865063
2013-09-03,52163,57454,29670308.82,604.6638454
2013-09-04,52979,62447,24239284.92,751.934693
2013-09-05,60730,59898,22083379.92,704.3985918
2013-09-06,60850,58464,21535610.71,821.0781131
2013-09-07,51967,50956,13258661.2,704.3985918
2013-09-08,46452,44651,10702865.78,643.8980992
2013-09-09,57676,56478,20087127.67,834.0425044
2013-09-10,53283,55495,17038518.08,803.7922581
2013-09-11,49210,61906,17820363.92,868.6142144
2013-09-12,52300,63265,20483287.41,898.8644606
2013-09-13,44834,57481,17861321.11,907.5073882
2013-09-14,43560,45429,18314128.83,933.4361707
2013-09-15,53672,44238,12519071.73,1024.579581
2013-09-16,51885,57572,20658700.07,946.1964433
2013-09-17,67931,60864,18133674.49,990.9868074
2013-09-18,60551,64710,26632784.61,845.4181239
2013-09-19,59815,67276,30928857.34,1091.765127
2013-09-20,58994,66115,23500268.53,1080.567536
2013-09-21,52498,55887,14110021.16,1046.974763
2013-09-22,50903,51054,16575376.18,1153.351878
2013-09-23,65328,67019,24401455.31,1237.33381
2013-09-24,62592,65926,36214037.76,1125.3579
2013-09-25,54548,64982,26276165.79,1583.138305
2013-09-26,57545,65886,21573920.18,1265.031076
2013-09-27,46920,64406,22410727.75,1302.020289
2013-09-28,42580,56523,16802181.54,1265.031076
2013-09-29,41181,56535,19689250.5,1242.837548
2013-09-30,47156,67081,24525108.16,1213.246178
2013-10-01,57171,73655,39488055.17,1449.977139
2013-10-02,61964,77728,102121055.2,1279.826761
2013-10-03,59551,66403,26481139.33,1538.75125
2013-10-04,51940,63208,21042820.09,1316.815974
2013-10-05,45479,51842,12921875.14,1560.944778
2013-10-06,42857,49517,12167031.18,1900.662831
2013-10-07,44547,62040,25523267.78,1439.610956
2013-10-08,45461,64024,25618697.25,1467.838622
2013-10-09,50343,67064,24302906.45,1721.887615
2013-10-10,56853,67237,20037603.32,1834.798278
2013-10-11,51922,65117,23299405.79,1665.432283
2013-10-12,49474,55313,21332823.02,1853.616722
2013-10-13,51304,66517,20819731.6,2154.711824
2013-10-14,57452,68679,24549525.32,2427.57926
2013-10-15,55826,71738,29174820.68,2333.487041
2013-10-16,50826,77361,38495740.51,2914.669379
2013-10-17,46870,65903,22083451.18,2382.309675
2013-10-18,59661,70030,32380709.6,2302.45572
2013-10-19,55311,74510,35631204.06,2914.669379
2013-10-20,49418,61813,26283994.76,2874.742402
2013-10-21,60451,79056,45130742.71,2675.107513
2013-10-22,65048,91759,72280349.76,3313.939157
2013-10-23,55314,87018,53699329.53,2808.197439
2013-10-24,63634,89418,48309742.45,2781.579453
2013-10-25,57471,80608,74562499.07,3194.158224
2013-10-26,47747,60631,41354887.09,3867.201912
2013-10-27,43691,54721,21552615.63,3439.672053
2013-10-28,51104,68820,25090013.21,3478.538404
2013-10-29,49930,70371,60137292.96,3051.008544
2013-10-30,48446,78591,41459753.2,3808.902386
2013-10-31,58181,79243,33743432.97,4061.533667
2013-11-01,45371,71947,31016030.59,3692.303333
2013-11-02,39181,65176,25419216.72,4216.99907
2013-11-03,35947,65338,28374024.73,3808.902386
2013-11-04,45523,83348,64993095.26,3886.635088
2013-11-05,51597,97335,69466776.94,3303.639825
2013-11-06,55008,97369,57841201.75,4114.549716
2013-11-07,60535,109301,101676444.8,3911.362076
2013-11-08,59223,106680,84025575.97,3377.99452
2013-11-09,55204,106130,91757980.44,3606.580615
2013-11-10,57538,95024,79606006.92,4266.940446
2013-11-11,57405,88300,75892934.25,4952.698733
2013-11-12,58307,98250,84782569.98,4800.308002
2013-11-13,64870,101388,93851670.68,4774.909547
2013-11-14,69413,112531,117753152.1,4292.338902
2013-11-15,60914,102176,109938390,4139.948171
2013-11-16,47175,88478,87621546.64,4978.097188
2013-11-17,51323,89325,99644137.78,5847.426832
2013-11-18,79032,140360,174959547.7,4968.79793
2013-11-19,92907,170557,266451961.8,4696.119995
2013-11-20,77558,139562,204343026.2,4938.500381
2013-11-21,71822,128839,170075480,4484.037156
2013-11-22,76947,137706,473974150.5,5029.393026
2013-11-23,72545,130687,181970733.7,4908.202833
2013-11-24,60861,102145,188036653.9,5211.178317
2013-11-25,71793,121251,165732629,5453.558703
2013-11-26,83383,153552,268593695.2,4968.79793
2013-11-27,95531,170801,321815418.4,5029.393026
2013-11-28,98921,174633,363208192.7,5514.1538
2013-11-29,90084,162274,359840236.7,6505.60945
2013-11-30,73890,138750,227163323.7,5626.473038
2013-12-01,73442,136377,355766251.8,6857.264015
2013-12-02,75570,146063,195704481,5731.969408
2013-12-03,77667,148813,215887486.1,6681.436733
2013-12-04,79624,154055,212523661.8,6224.285799
2013-12-05,83283,157285,402028213.7,6013.29306
2013-12-06,72099,142973,284439322.1,7419.911319
2013-12-07,67712,129059,241473430.3,6751.767646
2013-12-08,47477,95435,126259468.9,6294.616711
2013-12-09,63625,136327,116881958.5,6857.264015
2013-12-10,67623,128426,163670534.1,9076.027624
2013-12-11,67305,127804,241606305.7,7134.389874
2013-12-12,58219,111331,98421124.86,7495.624804
2013-12-13,60059,121972,110334247.1,7495.624804
2013-12-14,54113,111422,114310827.1,9030.873258
2013-12-15,52308,106045,88826641.72,8037.4772
2013-12-16,69382,145742,444771086.3,8714.792694
2013-12-17,67740,133831,161101433.4,8895.410159
2013-12-18,81510,152236,282451158.3,9482.416921
2013-12-19,70278,134046,149408524.7,9753.343119
2013-12-20,65083,118892,131545223,9121.181991
2013-12-21,56083,107061,178333334.4,9568.753703
2013-12-22,52897,99505,109257241.8,9744.865734
2013-12-23,54267,132256,81488344.38,9333.937661
2013-12-24,55865,114065,205460463.1,9744.865734
2013-12-25,55428,113223,148718991.1,10097.0898
2013-12-26,51276,106343,77865792.04,10508.01787
2013-12-27,52674,110058,85510204.92,10273.20183
2013-12-28,48009,95057,61648322.93,9627.457713
2013-12-29,51325,94132,60899688.16,8805.601567
2013-12-30,55613,133540,85541698.73,11388.57803
2013-12-31,48847,100706,80763142.78,9920.977766
2014-01-01,43070,85153,77843370.53,11740.80209
2014-01-02,54770,114151,86309079.62,10294.91152
2014-01-03,60980,122070,161918907.2,11493.6341
2014-01-04,52052,99666,126625054.3,10435.93771
2014-01-05,58662,114078,172738310.8,12692.35667
2014-01-06,67358,151592,144716723,12480.81739
2014-01-07,62911,121168,113180961.7,13185.94832
2014-01-08,61439,128008,112592821,13891.07925
2014-01-09,59031,116570,77416828.64,12762.86976
2014-01-10,54166,108863,69664238.48,14243.64471
2014-01-11,55856,111256,100195801.7,14596.21017
2014-01-12,50537,100294,76762481.56,13397.4876
2014-01-13,53461,133710,87836526.46,18058.64887
2014-01-14,57378,110009,105281039.9,13699.66466
2014-01-15,61612,115651,90836024.37,15211.96531
2014-01-16,56703,108455,99205596.07,17791.77229
2014-01-17,59026,113841,72701457.82,13610.7058
2014-01-18,51573,92393,44709071.9,14500.29442
2014-01-19,48005,95238,62633068.19,16368.43051
2014-01-20,63003,152042,98268960.52,16279.47165
2014-01-21,72577,137213,117102944.2,15300.92417
2014-01-22,65835,132174,84908680.73,16902.18368
2014-01-23,63576,124504,98429094.98,15834.67734
2014-01-24,65600,123371,115155807,21375.12675
2014-01-25,53864,107992,76248366.98,16903.79922
2014-01-26,53582,109747,78876091.12,17449.08306
2014-01-27,64374,151306,139043513.3,17558.13983
2014-01-28,65762,134406,92403529.62,18103.42368
2014-01-29,59682,122232,58745577.87,17230.96953
2014-01-30,60799,131665,85333706.43,17449.08306
2014-01-31,60269,131259,53462122.81,20066.44552
2014-02-01,54838,120110,59910464.28,21484.18352
2014-02-02,52483,115532,53548081.58,19412.10491
2014-02-03,57600,151697,58007176.09,21157.01322
2014-02-04,69799,146783,103917131.6,18430.59399
2014-02-05,67529,134434,181575810,22283.13349
2014-02-06,70160,143631,123566292.9,21761.8906
2014-02-07,70514,142073,120236380.6,21501.26916
2014-02-08,65009,128846,67458967.21,22804.37638
2014-02-09,56579,110355,54202147.07,19676.91905
2014-02-10,66850,152323,107985243.6,19937.54049
2014-02-11,67229,129779,105767107,21761.8906
2014-02-12,62126,124023,76056022.4,21761.8906
2014-02-13,67339,129640,70396510.77,23455.92999
2014-02-14,74889,144009,81723859.77,24889.34793
2014-02-15,61896,128245,75622687.51,23455.92999
2014-02-16,57531,107390,81237156.26,25149.96938
2014-02-17,60853,148093,65499644.68,25824.93977
2014-02-18,65408,132286,84604203.21,25980.5117
2014-02-19,70142,154079,60748872.19,29714.23793
2014-02-20,71144,159785,78380391.31,26602.7994
2014-02-21,69390,156400,59817750.23,26136.08362
2014-02-22,58549,134765,57450119.87,25513.79592
2014-02-23,60198,144957,63406763.32,28314.09059
2014-02-24,73796,193162,114706955.9,28314.09059
2014-02-25,80082,183668,172490507,26447.22748
2014-02-26,71897,166942,106069425.8,28158.51867
2014-02-27,72138,162312,75988047.62,28314.09059
2014-02-28,70290,145370,100891450.5,35659.96387
2014-03-01,63402,153084,60619995.2,28072.73751
2014-03-02,56635,134483,42955717.86,28262.41817
2014-03-03,81264,207617,115850973.3,26934.65356
2014-03-04,84600,201000,152170067.3,26365.61158
2014-03-05,72392,172202,94093295.4,30538.58608
2014-03-06,70527,169426,86461456.68,30728.26674
2014-03-07,72345,156936,712235470.9,31676.67003
2014-03-08,64590,149419,345963138.1,33194.1153
2014-03-09,62161,149990,249444382.9,31107.62805
2014-03-10,70884,171342,265483540,31297.30871
2014-03-11,76204,155145,283422871.9,31866.35069
2014-03-12,76339,166882,244569233.4,31866.35069
2014-03-13,72805,163734,341492216.5,35706.23191
2014-03-14,70615,135298,137511409,29367.84755
2014-03-15,60308,120614,130166783.3,36973.90879
2014-03-16,59332,120423,39898499.69,33382.15765
2014-03-17,66396,162111,62461814.02,37607.74722
2014-03-18,54142,118351,65174551.68,30635.52442
2014-03-19,73804,141597,87468236.8,32748.31921
2014-03-20,71002,136364,83446409.27,35283.67296
2014-03-21,73091,157457,82398783.11,38241.58566
2014-03-22,66673,135217,44627747.97,37185.18827
2014-03-23,57811,126956,27245711.79,43312.29315
2014-03-24,70983,169414,60197195.46,42044.61628
2014-03-25,71883,143947,50772781.94,37582.75087
2014-03-26,68315,146839,65458438.67,39324.9976
2014-03-27,71719,160637,114412570.1,41565.02911
2014-03-28,67079,158001,91049787.68,45547.30735
2014-03-29,53250,127427,31843525.85,42560.59867
2014-03-30,56467,147993,52643399.47,37084.96609
2014-03-31,65448,148468,71079858.97,41813.9215
2014-04-01,64136,155429,59911894.15,44551.73779
2014-04-02,66862,153963,82018995.86,46045.09213
2014-04-03,67075,125717,73522086.58,51769.6171
2014-04-04,65692,154707,62248166.31,50027.37037
2014-04-05,55795,131344,63135739.3,54454.16888
2014-04-06,50010,167245,45021815.6,43198.27922
2014-04-07,65810,136394,42954792.99,44415.13216
2014-04-08,67841,142384,53185889.49,47457.2645
2014-04-09,65153,153632,71856258.7,44110.91892
2014-04-10,68027,159374,132057241.2,53237.31594
2014-04-11,65732,148338,70033319.33,45327.77186
2014-04-12,47740,112455,29136928.97,48674.11743
2014-04-13,51168,156895,28806339.82,60538.43356
2014-04-14,70219,158066,53651196.62,55366.80858
2014-04-15,72809,156359,67377948.66,59321.58062
2014-04-16,68594,149841,123565545.3,45327.77186
2014-04-17,65190,131868,68331434.6,60364.10607
2014-04-18,56996,128648,44139392.8,54119.54337
2014-04-19,53515,118692,31411123.76,56547.98442
2014-04-20,49043,147204,38121047.53,58976.42547
2014-04-21,58110,121759,80798547.84,61404.86652
2014-04-22,78042,162297,53052667.4,53425.70307
2014-04-23,73954,135242,70905664.86,60711.02622
2014-04-24,72694,135134,51385613.76,50997.26202
2014-04-25,72650,154706,75577342.25,56894.90457
2014-04-26,52175,114923,34464788.04,61751.78667
2014-04-27,52629,148161,37055569.22,57935.66502
2014-04-28,64546,146280,53641615.5,57588.74487
2014-04-29,65038,141443,60780936.99,54813.38367
2014-04-30,63657,138804,39607937.15,58067.92463
2014-05-01,59658,132989,42193768.15,66817.88587
2014-05-02,59981,122570,47711118.36,67613.3369
2014-05-03,54157,98010,28797242.9,57272.47361
2014-05-04,51769,136682,26489955.06,60454.27769
2014-05-05,67763,126823,35339125.35,49715.68889
2014-05-06,77228,144318,38075678.54,73976.94507
2014-05-07,69825,139545,56580092.33,64829.25832
2014-05-08,68937,140028,43378112.45,62045.17974
2014-05-09,66293,136384,36974863.99,66022.43485
2014-05-10,56416,115894,25665577.69,70397.41547
2014-05-11,52590,145663,26386529.48,66022.43485
2014-05-12,74418,128562,44263879.72,69096.59676
2014-05-13,69357,126152,37797226.24,74817.97102
2014-05-14,69808,136797,57822343.6,66015.85678
2014-05-15,74893,149729,47037640.57,73057.54817
2014-05-16,65433,123629,33417716.94,80099.23956
2014-05-17,53511,109902,25006216.07,80539.34527
2014-05-18,49912,151253,26349415.3,67776.27963
2014-05-19,64094,137175,57202469.51,77898.711
2014-05-20,71520,162024,71346674.63,78778.92242
2014-05-21,68905,131323,51208384.13,78338.81671
2014-05-22,73343,137973,58329636.59,73497.65388
2014-05-23,72810,150893,73534768.84,69536.70248
2014-05-24,52872,103212,176966615.7,87319.1201
2014-05-25,57566,165704,83279403.1,78483.25676
2014-05-26,67007,143041,65562631.04,87838.87677
2014-05-27,68524,150775,104251120.9,67048.61008
2014-05-28,72338,156184,58855895.54,91996.9301
2014-05-29,65362,145139,47106045.44,68088.12341
2014-05-30,65127,127995,74086890.87,84720.33676
2014-05-31,52172,123644,52258939.94,79003.01342
2014-06-01,55222,167932,71009428.31,93036.44344
2014-06-02,64434,149237,76403224.39,93036.44344
2014-06-03,69655,160756,74496615.42,97714.25344
2014-06-04,65094,148353,78766326.97,95115.47011
2014-06-05,66945,154509,71548818.33,75364.71675
2014-06-06,62342,143645,69799063.69,86494.36212
2014-06-07,51210,120890,40993120.45,89416.46895
2014-06-08,48308,153210,39217473.12,87663.20486
2014-06-09,59875,137265,59474225.28,79481.30574
2014-06-10,63316,146486,108092776.4,103442.5817
2014-06-11,62827,145154,95817529.33,85325.51939
2014-06-12,64744,146361,532526895.7,90585.31168
2014-06-13,64739,146417,64309203.81,98182.78944
2014-06-14,53596,128268,53112540.89,102858.1604
2014-06-15,53916,156625,34063836.89,108702.374
2014-06-16,68262,151411,62982278.18,118637.5372
2014-06-17,70077,161493,53293447.39,104027.0031
2014-06-18,63888,144626,56348819.65,113768.8429
2014-06-19,62454,132614,53770869.48,101053.5016
2014-06-20,57381,133214,47161955.54,123807.2702
2014-06-21,51173,130125,35550625.67,126484.1841
2014-06-22,50104,163514,35527766.14,129161.0981
2014-06-23,60216,136813,94094872.67,105738.101
2014-06-24,64883,148534,116200207,132507.2405
2014-06-25,64397,150394,63293597.37,124476.4987
2014-06-26,61432,136793,64273603.16,114438.0713
2014-06-27,62966,144281,53708388.22,125145.7271
2014-06-28,54392,119637,36665604.36,125145.7271
2014-06-29,49922,155427,36235179.77,145472.7434
2014-06-30,69403,153158,63072137.37,104506.2812
2014-07-01,69443,157472,105403469.2,115374.9344
2014-07-02,66728,152173,72805612.12,116210.9847
2014-07-03,62849,135992,69016248.34,111194.6832
2014-07-04,59494,122293,46501912.4,133768.0399
2014-07-05,49954,110447,32408672.76,127079.6379
2014-07-06,52139,163144,28064142,124571.4872
2014-07-07,64686,159811,62174232.09,116210.9847
2014-07-08,70117,184360,46589854.73,135440.1404
2014-07-09,68518,157335,59815184.42,132931.9897
2014-07-10,64605,147432,62297355.64,128751.7384
2014-07-11,59077,145271,44232367.35,125407.5374
2014-07-12,53454,134802,37475896.17,137948.2912
2014-07-13,52417,168917,46536648.61,132716.1207
2014-07-14,62761,138366,45714175.14,124959.9838
2014-07-15,72316,154269,50431564.66,118927.4328
2014-07-16,65571,144076,70244051.51,142195.8436
2014-07-17,66233,147920,49305037.95,147366.6015
2014-07-18,64062,141523,57037211.7,137025.0856
2014-07-19,59553,131462,57422018.93,148228.3945
2014-07-20,52001,170737,27759630.22,146504.8085
2014-07-21,64190,135234,81450691.23,128407.1557
2014-07-22,66858,141538,55386365.93,123236.3978
2014-07-23,66883,151146,49345606.1,125821.7767
2014-07-24,66276,149324,74748503.52,128407.1557
2014-07-25,61498,152439,46219939.84,135301.4996
2014-07-26,56333,119755,32689225.09,130395.0986
2014-07-27,51991,162972,36242558.52,149954.3634
2014-07-28,64744,147974,56122676.77,126669.5244
2014-07-29,61607,142385,48017590.32,138777.6407
2014-07-30,66153,156102,60703524.28,162993.8733
2014-07-31,69761,148020,52634315.31,143434.6085
2014-08-01,67915,150907,109595405.2,142503.2149
2014-08-02,54989,121519,45081480.91,157405.5119
2014-08-03,53621,151735,32919831.81,141571.8214
2014-08-04,67847,134288,69586681.43,125738.1308
2014-08-05,72823,168882,98340840.42,122943.9502
2014-08-06,80402,173282,68336741.35,142503.2149
2014-08-07,69913,151230,56835947.58,146228.7892
2014-08-08,68262,149498,48448897.99,157903.3291
2014-08-09,60634,130462,59808828.95,169672.5214
2014-08-10,57913,174825,40522211.81,175557.1175
2014-08-11,75575,170341,57307734.48,178499.4155
2014-08-12,76982,175058,69276611.81,177518.6495
2014-08-13,75738,169355,78272186.01,153980.265
2014-08-14,79082,165350,87625194.19,166730.2233
2014-08-15,73193,158933,76202505.79,159864.8612
2014-08-16,67974,146332,48406543.95,167710.9893
2014-08-17,60223,179878,55693291.79,161826.3932
2014-08-18,72758,167625,100738559.2,171634.0534
2014-08-19,74740,161716,59354731.21,202037.8
2014-08-20,73842,163469,57081386.2,187281.3463
2014-08-21,73164,169811,84522107.44,199134.5961
2014-08-22,66998,156690,55191273,190837.3213
2014-08-23,57593,128246,46880152.98,186096.0214
2014-08-24,56695,185028,29057714.28,194393.2962
2014-08-25,69894,154245,87205170.97,158833.5469
2014-08-26,72660,163451,51167041.19,196763.9462
2014-08-27,74581,157523,67757832.95,190837.3213
2014-08-28,68628,167080,76042279.02,214543.8208
2014-08-29,68614,140682,141580982.6,196763.9462
2014-08-30,61214,141380,31885454.53,203875.896
2014-08-31,57755,170749,37719819.17,231138.3705
2014-09-01,70383,167302,51028445.3,204522.6957
2014-09-02,71909,155595,64277641.98,194978.3032
2014-09-03,71868,146140,53372877.87,216794.0574
2014-09-04,70810,153958,51753676.4,227701.9345
2014-09-05,68038,156320,53309885.14,203159.211
2014-09-06,63369,133875,46143987.79,229065.4191
2014-09-07,60352,212749,40143079.72,223611.4806
2014-09-08,75766,161630,54168659.41,208613.1496
2014-09-09,81812,174038,71329335.81,179979.9722
2014-09-10,72558,155747,59323097.83,212703.6035
2014-09-11,66026,149290,55766860.23,220884.5113
2014-09-12,68384,146245,55343450.87,219521.0267
2014-09-13,61246,132966,34190272.28,241336.7809
2014-09-14,67655,213769,40822618.86,252083.493
2014-09-15,78666,160989,54717946.85,219460.9233
2014-09-16,87234,182666,51289164.88,250600.6489
2014-09-17,80305,163698,57086561.27,280257.5305
2014-09-18,77364,165517,79518077.71,274326.1542
2014-09-19,69437,143062,93546701.86,240220.7404
2014-09-20,63482,140496,69769067.67,256532.0252
2014-09-21,59800,183275,48996895.64,259497.7134
2014-09-22,73289,170784,42521638.23,232806.52
2014-09-23,77283,163696,62995661.62,223909.4556
2014-09-24,74974,164370,54363322.68,241703.5845
2014-09-25,78523,168665,55652977.41,241703.5845
2014-09-26,72555,154395,49136203.66,260177.3531
2014-09-27,62973,141428,36531959.6,220547.69
2014-09-28,62605,214115,42864453.66,239501.0072
2014-09-29,77924,159257,67136042.45,237777.9783
2014-09-30,78006,184878,60996714.13,261900.3819
2014-10-01,78779,184302,54912566.84,249839.1801
2014-10-02,72059,156333,48748431.48,255008.2666
2014-10-03,75121,150088,66852542.65,242947.0648
2014-10-04,66632,140633,66535066.06,246393.1225
2014-10-05,67330,220026,92477268.09,306699.1315
2014-10-06,78049,157072,80988142.75,275684.6125
2014-10-07,79069,171824,47638457.52,260177.3531
2014-10-08,78818,161782,69005745.92,225716.7765
2014-10-09,82789,159411,85991718.25,247077.5603
2014-10-10,81058,171643,85379578.58,276657.2683
2014-10-11,65020,139081,57514257.64,248817.5431
2014-10-12,63509,211008,43223248.03,257517.4572
2014-10-13,77942,181958,79273802.69,266217.3713
2014-10-14,81364,172300,90819557.15,243597.5947
2014-10-15,76257,180663,65446571.52,255777.4744
2014-10-16,75737,159050,55565662.93,260997.4229
2014-10-17,70839,157606,57282139.22,233157.6978
2014-10-18,66477,,42042079.76,294057.0964
2014-10-19,63255,208126,35915461.1,233157.6978
2014-10-20,82700,166994,52822876.42,240117.6291
2014-10-21,81651,174424,45721122.56,243597.5947
2014-10-22,79987,171493,82100571.1,297537.0621
2014-10-23,80638,164169,60421634.44,255806.3909
2014-10-24,77906,158148,61860909.73,291583.5085
2014-10-25,72515,185238,40956799.03,271906.0938
2014-10-26,70762,184703,34138342.16,232551.2644
2014-10-27,83977,189730,47097910.33,266539.5262
2014-10-28,87980,174018,47550919.66,268328.3821
2014-10-29,93667,174417,58705637.44,257595.2468
2014-10-30,92622,176402,52549546.43,309472.0673
2014-10-31,85703,170099,46581876,336304.9055
2014-11-01,69591,143835,38414713.89,286216.9409
2014-11-02,77170,237620,30935284.93,293372.3644
2014-11-03,90351,173647,46924521.21,277272.6615
2014-11-04,87617,172105,75568721.65,293372.3644
2014-11-05,89460,171281,63901543.14,314993.4284
2014-11-06,93387,175366,60953084.88,285462.7945
2014-11-07,84866,163758,67166981,283494.0856
2014-11-08,72717,134292,33333765.25,307118.5927
2014-11-09,72212,225316,39746892.96,273650.541
2014-11-10,88994,175663,75892754.41,311056.0106
2014-11-11,85618,170263,58136242.74,277587.9588
2014-11-12,95579,196274,99573200.3,265775.7052
2014-11-13,92958,183931,164550489.9,287431.5034
2014-11-14,86307,196365,91575608.79,287431.5034
2014-11-15,73242,150621,77011460.02,295306.3392
2014-11-16,76009,222035,69144909.82,285462.7945
2014-11-17,88354,177323,74590283.66,299243.757
2014-11-18,87524,180223,79828624.78,295306.3392
2014-11-19,85271,172491,56520679.09,274455.5762
2014-11-20,89388,179016,76645806.36,274455.5762
2014-11-21,82179,171057,54173594.57,248412.3463
2014-11-22,74725,154860,43648690.59,316525.409
2014-11-23,77283,223748,36971350.44,282468.8777
2014-11-24,85807,173690,63288102.99,310515.4329
2014-11-25,86134,175123,80180430.89,256425.6478
2014-11-26,85111,170725,64148830.85,286475.5284
2014-11-27,84682,181363,47465760.08,262435.624
2014-11-28,85912,177683,178168183,310515.4329
2014-11-29,79098,155964,61067058.25,302502.1314
2014-11-30,85013,246494,38454483.11,312518.7583
2014-12-01,97623,181684,69114701.38,286475.5284
2014-12-02,99419,209968,162856006.4,284472.2031
2014-12-03,99348,194808,76275728.45,242402.3702
2014-12-04,98348,187186,129521942,294339.7559
2014-12-05,90900,194196,85671833.14,298317.3202
2014-12-06,81230,157776,68677266.03,288373.4095
2014-12-07,74792,229659,50400640.18,242631.4204
2014-12-08,90746,198822,133922228.7,298317.3202
2014-12-09,90220,186519,97051955.71,276440.7167
2014-12-10,88798,187861,61872404.26,326160.27
2014-12-11,84005,181976,69845107.66,288373.4095
2014-12-12,81297,190237,59041404.34,282407.0631
2014-12-13,76207,155092,54345483.02,284395.8452
2014-12-14,79703,250811,37344068.55,262519.2417
2014-12-15,94459,202124,70222135.86,304283.6666
2014-12-16,101064,219102,78077485.05,264508.0239
2014-12-17,98444,209988,89208962.56,252575.3311
2014-12-18,95207,200207,91575975.38,272641.7557
2014-12-19,95405,189380,62811446.48,243219.9835
2014-12-20,86901,224411,54209724.02,276564.6586
2014-12-21,78963,205666,40221873.74,284410.4645
2014-12-22,96511,212181,75579226.86,253027.2409
2014-12-23,99469,202314,72960033.36,317755.1397
2014-12-24,82347,161207,66647439.03,296179.1734
2014-12-25,67918,140109,37320916.48,331485.3001
2014-12-26,76198,162298,38348315.75,282449.0131
2014-12-27,76814,180035,46269430.36,313832.2367
2014-12-28,75715,238616,33052331.65,327562.3971
2014-12-29,83447,163563,60452048.46,331485.3001
2014-12-30,85049,179514,60149635.05,286371.916
2014-12-31,77411,150108,55697823.57,313142.2889
2015-01-01,59344,117529,25914595.55,335365.2901
2015-01-02,79287,179406,41275152.03,323243.6531
2015-01-03,82227,205926,90356063.09,331324.7444
2015-01-04,85694,207255,82599914.83,335365.2901
2015-01-05,95585,200612,68422951.12,339405.8358
2015-01-06,87821,179159,80774786.29,317182.8346
2015-01-07,89916,171674,65503921.56,299000.3791
2015-01-08,107132,197689,99039166.17,272736.8323
2015-01-09,102275,202190,68712674.6,307081.4704
2015-01-10,104874,242729,62141881.06,284858.4693
2015-01-11,90630,211904,45424269.26,296980.1063
2015-01-12,98969,186352,56737334.71,358478.281
2015-01-13,102309,213182,112551597.4,229513.5336
2015-01-14,104765,217076,119722807.6,330062.3197
2015-01-15,120390,229796,58065294.87,303832.2016
2015-01-16,104699,209325,64405414.98,325690.6334
2015-01-17,90499,250389,37343333.69,299460.5152
2015-01-18,83186,214984,36349253.14,325690.6334
2015-01-19,98485,207358,38040650.93,338805.6924
2015-01-20,98925,191743,45920050.12,262301.1812
2015-01-21,96959,189969,100940117.8,299460.5152
2015-01-22,93698,186251,57033004.04,327876.4765
2015-01-23,92011,178774,52856533.22,271044.5539
2015-01-24,83557,167143,44650098.65,264487.0244
2015-01-25,86558,281521,40929628.16,275416.2403
2015-01-26,108181,216080,115827857.4,277602.0835
2015-01-27,99393,205787,82024077.42,316947.2606
2015-01-28,85232,156833,53573518.63,324166.339
2015-01-29,90879,178726,65083959.83,348786.5672
2015-01-30,81199,161500,57632534.92,285184.3109
2015-01-31,86312,243132,49713027.68,318011.2819
2015-02-01,78994,217101,33077366.85,348786.5672
2015-02-02,85987,184674,41847115.87,301597.7964
2015-02-03,91793,203192,58193116.98,276977.5681
2015-02-04,90814,198579,50018389.83,330321.396
2015-02-05,86567,176000,56217016.06,301597.7964
2015-02-06,85705,201370,46722749.63,359044.9957
2015-02-07,85699,159160,36841070.21,352889.9386
2015-02-08,82679,264578,36242922.8,262615.7683
2015-02-09,104758,191360,53763525.43,342533.0607
2015-02-10,102975,196075,45985001.09,331483.6071
2015-02-11,97048,191881,45535581.41,331483.6071
2015-02-12,87427,198875,34026161.17,300545.1371
2015-02-13,113660,274903,55861344.68,309384.7
2015-02-14,98773,214118,45738450.48,355792.405
2015-02-15,85267,300913,50230292.38,296125.3557
2015-02-16,104632,227349,42031494.07,349162.7328
2015-02-17,102988,229875,44152334.66,342533.0607
2015-02-18,105719,209069,52588910.66,355792.405
2015-02-19,94552,180964,43355706.22,362422.0771
2015-02-20,98714,196964,43621202.08,366841.8585
2015-02-21,87827,237585,32303017.18,304964.9185
2015-02-22,84942,232004,28064501.21,333693.4978
2015-02-23,101515,213050,43288568.22,317934.932
2015-02-24,105125,197476,33260050.79,320255.6249
2015-02-25,105394,193898,54038819.16,362028.0977
2015-02-26,100817,190948,38170855.03,334179.7825
2015-02-27,101474,198801,60598285.25,366669.4836
2015-02-28,89632,238945,36211667.96,313293.5461
2015-03-01,88728,230566,36199403.13,348103.9401
2015-03-02,104937,221621,61754674.52,348103.9401
2015-03-03,110981,218185,86724788.93,357386.7119
2015-03-04,98529,200738,70049095.51,364348.7907
2015-03-05,101115,210532,74241116.47,264558.9945
2015-03-06,93869,190781,56320379.02,366669.4836
2015-03-07,91505,213542,68923764.75,327217.7037
2015-03-08,87527,219897,117770034.3,362028.0977
2015-03-09,105536,213987,82520729.08,311208.0239
2015-03-10,105541,202831,87819544.97,356003.1182
2015-03-11,100765,202784,67024014.99,391367.6664
2015-03-12,97095,191013,64543506.07,313565.6604
2015-03-13,96036,196893,59802106.93,327711.4797
2015-03-14,89511,221145,39010099.16,315923.297
2015-03-15,84934,219686,29694612.54,346572.572
2015-03-16,105218,215332,46055269.49,308850.3873
2015-03-17,99561,189410,48642260.43,337142.0259
2015-03-18,99607,192033,82051574.06,332426.7528
2015-03-19,106297,191319,62846023.64,337142.0259
2015-03-20,103532,196439,44070292.99,332426.7528
2015-03-21,92836,209563,38446326.44,337142.0259
2015-03-22,90586,229566,27663184.47,313565.6604
2015-03-23,106019,217678,63698966.16,358360.7548
2015-03-24,92927,182247,57899044.93,387831.1122
2015-03-25,97138,186186,57231034.18,385508.7702
2015-03-26,101181,187578,54567198.38,346028.9564
2015-03-27,99491,196455,56590863.31,399442.8222
2015-03-28,87374,200239,31130323.96,348351.2984
2015-03-29,90516,231523,33536345.73,350673.6404
2015-03-30,106355,213673,49566748.84,329772.5625
2015-03-31,115111,226307,50604196.91,346028.9564
2015-04-01,119343,223233,54562601.37,329772.5625
2015-04-02,112070,211292,51404371.42,341384.2724
2015-04-03,104546,194634,43313511.12,350673.6404
2015-04-04,89651,215923,27164527.14,357640.6663
2015-04-05,95023,221968,24652241.37,371157.0054
2015-04-06,107449,205697,39917547.2,317081.1503
2015-04-07,108714,215918,59685095.56,390820.9527
2015-04-08,110751,215255,65255875.12,292501.2162
2015-04-09,116620,201791,52157277.93,351493.0581
2015-04-10,112826,218653,58927562.69,349035.0647
2015-04-11,99429,235064,33078071.32,336745.0976
2015-04-12,86999,217732,25799044.91,334287.1042
2015-04-13,115407,221789,59196643.27,346577.0713
2015-04-14,110150,213708,54738566.45,388362.9593
2015-04-15,107606,186694,48182654.07,302333.1898
2015-04-16,99046,188970,37994037.91,339203.091
2015-04-17,102755,193199,48701905.05,329371.1174
2015-04-18,97709,216541,35462749.63,326913.124
2015-04-19,91134,222517,33023896.95,334287.1042
2015-04-20,116746,209796,51071297.2,408026.9066
2015-04-21,112502,202389,49337103.79,376310.7059
2015-04-22,111878,220819,47258703.92,338442.9619
2015-04-23,109838,217563,42106302.52,326609.2919
2015-04-24,108776,204006,46963462.4,284008.0799
2015-04-25,98465,230746,34681063.22,364477.0359
2015-04-26,92999,231840,39363509.98,352643.3659
2015-04-27,113775,215145,61169650.67,326609.2919
2015-04-28,113193,209313,53655902.71,371577.2379
2015-04-29,117260,219107,43745215.04,305308.6859
2015-04-30,112958,206785,52747889.68,314775.6219
2015-05-01,99560,188699,47700399.95,347909.8979
2015-05-02,95102,233284,27990750.99,347909.8979
2015-05-03,84602,214577,40546247.88,326609.2919
2015-05-04,104000,208572,50759298.18,312624.3333
2015-05-05,115348,219742,42028796.17,364728.3889
2015-05-06,111733,225289,52255742.79,338676.3611
2015-05-07,111125,220987,45549171.66,381306.952
2015-05-08,109145,258964,52228898.43,350518.1919
2015-05-09,94716,189134,37978488.54,298414.1364
2015-05-10,89409,219078,31600926.21,305519.2348
2015-05-11,111374,225581,54249791.95,352886.5581
2015-05-12,110101,226586,51885037.49,374201.8535
2015-05-13,108858,210288,53840910.01,383675.3182
2015-05-14,101584,200454,49594196.66,331571.2626
2015-05-15,105160,209511,45480048.41,390780.4167
2015-05-16,90686,229024,29553196.57,303150.8687
2015-05-17,87162,213882,25442053.35,419738.3697
2015-05-18,98578,206913,45892645.07,332393.9691
2015-05-19,107346,212508,52514487.57,329967.7357
2015-05-20,106888,214856,48654632.56,344525.1358
2015-05-21,98302,202037,42085816.66,371213.7027
2015-05-22,102770,208304,64762785.32,344525.1358
2015-05-23,86279,187976,40593776.57,291148.0021
2015-05-24,94044,249786,28578351.35,342098.9025
2015-05-25,106086,221655,40786498.38,349377.6025
2015-05-26,108384,227723,50457631.37,327541.5024
2015-05-27,108089,214649,51191313.69,351803.8359
2015-05-28,110980,212935,45725449.44,320262.8023
2015-05-29,124052,243480,59936779.17,380918.6361
2015-05-30,127801,266265,44900328.13,300852.9355
2015-05-31,98784,251225,39799318.2,356656.3026
2015-06-01,128696,258970,66947696.48,332393.9691
2015-06-02,128207,253269,57270911.46,345390.9455
2015-06-03,127600,246454,56476289.87,335928.1799
2015-06-04,118346,231919,53824239.93,335928.1799
2015-06-05,110201,223180,53499853.61,335928.1799
2015-06-06,92696,234953,36746393.61,380876.3167
2015-06-07,83627,220164,35227318.95,395070.4651
2015-06-08,108173,202272,59227078.97,333562.4885
2015-06-09,121638,230578,53661538.56,383242.0081
2015-06-10,131279,272533,58663591.19,373779.2424
2015-06-11,120624,233951,57681283.89,366682.1682
2015-06-12,126945,248877,55260658.59,321734.0315
2015-06-13,105843,239474,46035428.64,373779.2424
2015-06-14,103036,247680,46613584.27,358182.179
2015-06-15,129389,272423,62701864.96,370533.2886
2015-06-16,121541,231099,85269341.79,303837.2967
2015-06-17,133122,264842,102860756.1,350771.5132
2015-06-18,124929,234569,76610032.67,380414.1763
2015-06-19,125222,253777,119674984.8,397705.7298
2015-06-20,102012,228622,45009612.48,331009.7378
2015-06-21,96654,236321,37066509.2,301367.0748
2015-06-22,119345,222817,56260052.28,365592.8448
2015-06-23,125560,256698,55553592.95,353241.7352
2015-06-24,113093,224581,58115552.7,373003.5106
2015-06-25,111468,189264,53328915.39,395235.5079
2015-06-26,116432,248150,62482074.03,365592.8448
2015-06-27,106004,254786,42521539.47,316188.4063
2015-06-28,99145,236527,40412398.52,363122.6229
2015-06-29,124180,240752,70403431.65,336442.8851
2015-06-30,155869,257561,81344427.49,351177.61
2015-07-01,144112,253870,65896769.86,356089.185
2015-07-02,142153,267808,74021939.38,343810.2475
2015-07-03,129719,252129,63706885.82,397837.5722
2015-07-04,104582,234937,41138598.04,380647.0598
2015-07-05,115084,269467,84265970.25,356089.185
2015-07-06,174070,290419,97028677.28,417483.872
2015-07-07,190747,276934,94986257.23,363456.5474
2015-07-08,201747,278945,73188126.02,378191.2723
2015-07-09,191163,269424,68666224.11,338898.6726
2015-07-10,193020,266692,121962200.4,383102.8473
2015-07-11,186200,275689,66906355.19,356089.185
2015-07-12,208685,270698,81531673.59,350384.7518
2015-07-13,159695,240377,80289251.52,368157.8914
2015-07-14,122618,230438,69699575.52,352923.7718
2015-07-15,115570,231980,59551262.78,391009.0709
2015-07-16,114387,222932,75260531.9,345306.7119
2015-07-17,116906,205768,68372780.02,365618.8715
2015-07-18,130695,213960,46998915.23,406243.1905
2015-07-19,120887,248240,37021783.67,363079.8515
2015-07-20,125258,236910,56607639.44,365618.8715
2015-07-21,133785,255725,64516479.1,355462.7917
2015-07-22,131259,247466,60428196.38,373235.9313
2015-07-23,109620,208474,57351034.13,378313.9712
2015-07-24,109918,217965,78120284.93,426555.35
2015-07-25,100544,195286,59421326.38,397611.6003
2015-07-26,92776,256518,41154292.42,358630.0709
2015-07-27,115226,236624,70720346.51,402809.1376
2015-07-28,118350,243025,85471313.39,369025.1454
2015-07-29,143200,269690,72096185.52,387216.5258
2015-07-30,123577,230385,55370677.18,356031.3023
2015-07-31,147503,253234,68347424.77,361228.8395
2015-08-01,147481,256672,53873056.52,426198.0553
2015-08-02,103600,255245,54755965.66,408006.6749
2015-08-03,119844,245877,61789559.96,382018.9886
2015-08-04,132547,252264,68759302.96,374222.6827
2015-08-05,133758,257740,71356461.27,327444.8473
2015-08-06,134838,245603,61188568.27,363827.6082
2015-08-07,111345,225700,60380400.59,369025.1454
2015-08-08,101512,232174,70991071.96,411296.57
2015-08-09,90534,222025,118384698.3,353662.6557
2015-08-10,116841,235211,72494674.42,458451.5907
2015-08-11,114741,221431,79554550.97,442733.2505
2015-08-12,117898,234117,74510596.77,322225.9752
2015-08-13,117507,228212,81950602.15,390338.783
2015-08-14,111255,227327,78501748.8,351042.9323
2015-08-15,94944,226697,58928126.66,351042.9323
2015-08-16,89498,233711,64156782.52,385099.3362
2015-08-17,115049,233221,94825069.64,377240.1661
2015-08-18,119798,249286,112283587.3,379859.8895
2015-08-19,120151,238988,91348202.35,398197.9531
2015-08-20,118230,227464,86014793.61,406057.1232
2015-08-21,113792,238831,79378416.37,403437.3998
2015-08-22,105665,258265,63032265.14,412658.0936
2015-08-23,94529,243426,45540912.81,369504.306
2015-08-24,125368,247849,115402701.1,423446.5405
2015-08-25,121973,242047,99028180.16,372201.4177
2015-08-26,122852,237648,82671704.82,418052.317
2015-08-27,119917,233997,57019568.67,401869.6467
2015-08-28,120547,243645,81628861.21,401869.6467
2015-08-29,107489,243100,47454711.33,445023.4343
2015-08-30,98339,245385,43939773.11,388384.0881
2015-08-31,127260,247407,76347922.73,428840.7639
2015-09-01,130410,253803,76226155.55,409960.9819
2015-09-02,150066,239660,61585258.25,415355.2053
2015-09-03,128682,246972,62874506.95,407263.8701
2015-09-04,103973,217670,59716732.82,430369.7694
2015-09-05,124218,269716,43177007.3,427538.3894
2015-09-06,106293,252302,66001039.5,450189.4299
2015-09-07,125467,263783,60159985.12,385067.6885
2015-09-08,125379,274079,75148891.33,393561.8286
2015-09-09,126457,251368,80109777.27,399224.5888
2015-09-10,124951,233575,73692753.97,478503.2305
2015-09-11,180002,276094,62983485.72,489828.7508
2015-09-12,137740,229007,35117509.76,385067.6885
2015-09-13,146048,277388,47248264.08,396393.2087
2015-09-14,166715,251592,63210887.95,450189.4299
2015-09-15,162999,268665,62572926.73,461514.9501
2015-09-16,167269,245432,59479358.05,421875.6293
2015-09-17,259279,266333,69067225.2,399224.5888
2015-09-18,161504,259008,77052107.66,424738.9884
2015-09-19,114851,221522,54750865.68,389344.0727
2015-09-20,109158,300561,57494137.19,353949.157
2015-09-21,131679,291556,85241860.04,389344.0727
2015-09-22,136784,304462,79497440.59,471932.2093
2015-09-23,131400,244535,67307059.74,442436.4463
2015-09-24,125367,243301,66941501.5,427688.5647
2015-09-25,128166,243983,71300659.2,477831.362
2015-09-26,115622,245195,45691679.67,448335.5989
2015-09-27,108749,256084,39099840.09,424738.9884
2015-09-28,138570,248280,81000031.7,409991.1069
2015-09-29,140664,273176,86579632.4,510276.7014
2015-09-30,139848,264581,80758529.93,457184.3278
2015-10-01,134327,248462,87143762.8,465548.4317
2015-10-02,139746,256031,79790000.45,377880.2205
2015-10-03,119567,213681,43710065.41,459502.3481
2015-10-04,103531,265061,34589557.86,456479.3064
2015-10-05,125548,233960,74059522.93,447410.1811
2015-10-06,144510,251844,79600730.09,450433.2228
2015-10-07,134931,250370,89924039.38,408110.6381
2015-10-08,140348,258198,116443120.7,414156.7217
2015-10-09,114644,209703,70986637.55,402064.5546
2015-10-10,127005,270141,55935712.61,450433.2228
2015-10-11,104550,240051,43147243.64,453456.2646
2015-10-12,134410,233677,70768804.66,423225.847
2015-10-13,134878,239237,85247839.15,405087.5964
2015-10-14,141985,246958,94507028.85,459502.3481
2015-10-15,153495,303248,91736630.89,493327.8751
2015-10-16,143286,273117,92178834.86,469115.464
2015-10-17,135911,307347,88374805.08,396478.2309
2015-10-18,119706,276825,58642858.09,432796.8474
2015-10-19,143969,277830,101577292.8,502407.5292
2015-10-20,146349,303898,89741073.3,384372.0253
2015-10-21,150199,289412,92986825.56,438849.9502
2015-10-22,147402,284740,104858239.3,475168.5668
2015-10-23,143468,281026,89254755.07,466088.9126
2015-10-24,140128,316588,78646253.75,420690.6419
2015-10-25,131488,296929,118375060.3,469115.464
2015-10-26,116400,261228,93169701.7,460035.8099
2015-10-27,153740,294013,124088899.1,478195.1182
2015-10-28,160175,285466,132553872.5,411610.9878
2015-10-29,161062,292094,153432858.4,458010.0135
2015-10-30,166695,308255,185467981,507524.6095
2015-10-31,155400,313886,130191762.7,470388.6625
2015-11-01,152488,321892,129002793.9,492051.2982
2015-11-02,172108,309823,194458794.3,448726.0267
2015-11-03,186362,368050,307346905.6,488956.636
2015-11-04,204198,400987,416027459.1,479672.6492
2015-11-05,182809,358734,307027755.8,461104.6757
2015-11-06,166893,358682,207224285,423968.7287
2015-11-07,151497,304747,152991879.6,504429.9473
2015-11-08,132550,312946,118761182.9,433252.7154
2015-11-09,159836,327911,227877551.1,454915.3512
2015-11-10,161962,311998,202927165.2,442536.7022
2015-11-11,158929,308741,201259788.1,579380.21
2015-11-12,157847,312404,178901679.6,477906.8399
2015-11-13,154827,298854,148572855.3,546646.8648
2015-11-14,150474,328381,166607155.7,497546.847
2015-11-15,143369,336548,131605151.5,474633.5053
2015-11-16,158316,313297,157840087,576106.8755
2015-11-17,156688,298212,160944153.5,527006.8577
2015-11-18,165269,324903,141204657.1,458266.8327
2015-11-19,154483,298707,135196057.2,458266.8327
2015-11-20,155774,301700,131609165.7,520460.1886
2015-11-21,151035,317723,97890574.6,582653.5445
2015-11-22,129659,319199,80917422.14,569560.2064
2015-11-23,145272,280821,98852080.68,523733.5231
2015-11-24,152324,325114,100310463.8,549490.4932
2015-11-25,151861,296736,107447226.6,556720.6312
2015-11-26,164671,314907,163103068.2,585641.1835
2015-11-27,160235,296759,159593521.6,538645.2861
2015-11-28,165676,357319,116662310.3,527800.079
2015-11-29,129850,239211,91203289.88,567565.8383
2015-11-30,182648,409952,181972172.4,542260.3551
2015-12-01,178112,347354,176318654.5,694093.2545
2015-12-02,183523,357585,189009359.1,531415.148
2015-12-03,164774,287996,154216353.2,520569.9409
2015-12-04,173586,329534,128025092.3,527800.079
2015-12-05,186194,393380,231420658.5,607331.5977
2015-12-06,179712,370392,214328010,621791.8738
2015-12-07,192830,350186,185332881.3,593762.3031
2015-12-08,195221,388080,202885544.8,625219.9086
2015-12-09,220323,404946,247066039.8,695999.5209
2015-12-10,212036,400918,175767368.6,770711.3338
2015-12-11,210259,381204,215352465.4,688135.1195
2015-12-12,204141,445120,184199887.2,656677.514
2015-12-13,189914,403645,197220079.8,585897.9018
2015-12-14,231477,412673,215383338.3,692067.3202
2015-12-15,223998,420762,245067826.6,758914.7318
2015-12-16,220420,396918,226047522.7,660609.7147
2015-12-17,216297,383742,196474766.1,625219.9086
2015-12-18,213847,382615,193528623.3,629152.1093
2015-12-19,213876,444349,203919472.6,720030.5864
2015-12-20,193847,409195,165566082.2,785065.6071
2015-12-21,229444,415736,228408275.6,715385.2278
2015-12-22,222717,408415,232050372.4,654995.5657
2015-12-23,221075,382171,197602586.8,766484.1726
2015-12-24,210228,382616,210716099.2,692158.4347
2015-12-25,180383,328222,154893854.1,622478.0553
2015-12-26,179363,367108,177346523.6,864036.7037
2015-12-27,160271,333548,86789158.35,905844.9313
2015-12-28,173129,335134,150330557.5,747902.7381
2015-12-29,184618,331379,115867945.5,706094.5105
2015-12-30,176447,340697,103355333.3,803647.0416
2015-12-31,155362,280589,84890715.48,743604.4442
2016-01-01,124092,263121,58346264.65,697129.1664
2016-01-02,149038,333102,50832345.44,707457.0059
2016-01-03,142608,335666,67646928.62,769424.0429
2016-01-04,181354,344268,96276570.19,903685.9565
2016-01-05,182371,359763,103155908.2,841718.9194
2016-01-06,172090,312004,100700096.1,702293.0862
2016-01-07,190234,364236,162207621.4,743604.4442
2016-01-08,181407,339456,137339885.8,903685.9565
2016-01-09,179968,390146,66345139.08,821063.2404
2016-01-10,161317,365165,94073291.38,877866.3577
2016-01-11,191196,365729,126604160.4,877866.3577
2016-01-12,194874,382496,105987592.9,908849.8762
2016-01-13,188131,339655,136318196.5,862135.5394
2016-01-14,183182,350090,100977792.1,743803.2105
2016-01-15,183642,334141,152176115,693089.3552
2016-01-16,191300,406524,109411304.3,783247.3201
2016-01-17,204128,462215,76011041.83,783247.3201
2016-01-18,213905,386741,91084852.27,986102.7412
2016-01-19,186858,336941,95862424.58,839596.0482
2016-01-20,209071,431135,148308655,822691.4298
2016-01-21,222743,415801,142627027.3,755072.9561
2016-01-22,213683,398872,134482253.9,929754.0131
2016-01-23,190400,404860,94915865.63,1008642.232
2016-01-24,201425,421393,117066116.4,935388.8859
2016-01-25,222150,420289,191305654,974832.9956
2016-01-26,230523,445932,141651199.3,978569.9154
2016-01-27,229677,433098,176503628,918901.0182
2016-01-28,225025,430552,142471030.9,883099.6798
2016-01-29,224394,410455,195006394.2,1014371.254
2016-01-30,194794,415762,129214530.4,1056139.482
2016-01-31,176045,402413,103665933.1,1068073.261
2016-02-01,222398,410364,186838351.3,1050172.592
2016-02-02,241722,488072,168139461.2,978569.9154
2016-02-03,191224,368096,115764018,1038238.813
2016-02-04,200661,392766,145850811.2,1103874.6
2016-02-05,225488,419711,171663926.8,1074040.151
2016-02-06,224156,419675,116944573.4,1139675.938
2016-02-07,212190,458609,104688595.7,1303860.281
2016-02-08,224755,396885,106671049.1,1153414.864
2016-02-09,231240,425454,124816846.7,1210727.404
2016-02-10,235527,417816,141763179.9,1210727.404
2016-02-11,220934,417748,136052672.5,1375500.956
2016-02-12,202527,399936,124601290.5,1139086.729
2016-02-13,184675,381881,114896714.2,1096102.325
2016-02-14,186088,421715,125203393.7,1289532.147
2016-02-15,220349,421244,176794468.6,1060281.987
2016-02-16,215940,395344,172725407.6,1067446.055
2016-02-17,227235,455388,179567517.3,1002969.447
2016-02-18,212979,415599,163499274.5,1289532.147
2016-02-19,217436,408091,164176823.2,1129682.78
2016-02-20,215728,425551,164829105.6,1284099.851
2016-02-21,206617,442857,155130149.1,1024028.995
2016-02-22,237696,465054,175824716,1056537.852
2016-02-23,244748,449558,190245913.6,1097173.923
2016-02-24,224927,382913,166459833.6,999647.3525
2016-02-25,216290,420045,158802759.6,1178446.066
2016-02-26,203635,391078,161556646.6,1219082.137
2016-02-27,182177,386100,159716131.3,1064665.066
2016-02-28,233436,417877,194346790.5,1210954.923
2016-02-29,265320,473553,251149091.8,1097173.923
2016-03-01,277094,483492,280786700.5,1040283.424
2016-03-02,270206,460661,257919589.2,1275972.637
2016-03-03,221652,451340,227124993.4,1080919.495
2016-03-04,207485,377324,177618220.5,1235336.566
2016-03-05,234992,411654,225966550.4,1292227.065
2016-03-06,161739,339111,119212822.9,1094688.803
2016-03-07,183255,327348,145282392.8,1220696.147
2016-03-08,200298,377293,128237173.9,1055311.508
2016-03-09,190388,337006,131796667.4,1299450.738
2016-03-10,188726,366983,139316581.8,1267948.902
2016-03-11,189816,353190,142675663,1283699.82
2016-03-12,168013,311881,105089496.8,1141941.557
2016-03-13,149803,351625,88371198.6,1031685.131
2016-03-14,191341,372768,128173794.6,1189194.311
2016-03-15,202426,372120,131369366.5,1197069.77
2016-03-16,211992,371938,123888279.5,1338828.033
2016-03-17,208319,397923,127657850.2,1063186.967
2016-03-18,206022,368378,140011959.4,1135311.137
2016-03-19,177478,358458,86792272.32,1110630.46
2016-03-20,178143,365674,86726517.24,1242260.737
2016-03-21,199006,355209,117100197.6,1036588.429
2016-03-22,205208,391714,132592024.2,1225806.952
2016-03-23,186808,358206,126621935.8,1242260.737
2016-03-24,190094,346163,161667115.7,1242260.737
2016-03-25,172309,332910,134672579.1,1192899.383
2016-03-26,159049,319631,107992126.1,1209353.168
2016-03-27,160266,333879,125905670.2,1258714.521
2016-03-28,196080,355562,140252685.9,1168218.706
2016-03-29,197409,384087,160761085.5,1398571.69
2016-03-30,201028,348944,131608349.6,1308075.875
2016-03-31,206476,340536,140898124.3,1028361.537
2016-04-01,211922,388740,134537500.7,1136310.019
2016-04-02,183503,349858,105581306,1244135.057
2016-04-03,178429,362201,88435716.07,1219252.356
2016-04-04,208929,395904,135840299.3,1360254.329
2016-04-05,216176,372056,154494298.3,1235840.823
2016-04-06,219290,400648,159685598.9,1285606.226
2016-04-07,218463,374629,189509815.9,1210958.122
2016-04-08,214191,369066,138824288.1,1169486.954
2016-04-09,196441,353010,104520518,1343665.862
2016-04-10,186954,369611,103498756.4,1443196.666
2016-04-11,230040,383925,131917025.6,1252429.291
2016-04-12,240206,418258,156860496.8,1260723.524
2016-04-13,223506,392831,133997232,1302194.693
2016-04-14,227928,386126,118403618,1465554.23
2016-04-15,212178,368762,136158701.1,1287911.293
2016-04-16,182004,337492,86724178.16,1270147
2016-04-17,192428,392585,89932089.39,1358968.468
2016-04-18,220395,391408,116994110.4,1199089.825
2016-04-19,226511,399580,138151940.6,1332322.028
2016-04-20,216780,373801,137347264.7,1465554.23
2016-04-21,212795,401683,154376605.4,1341204.175
2016-04-22,210976,360541,151831375.3,1270147
2016-04-23,185216,365592,99972059.46,1279029.147
2016-04-24,183155,377166,103550332.5,1172443.384
2016-04-25,217564,403588,170035887.7,1128032.65
2016-04-26,250744,438403,175051268.3,1341204.175
2016-04-27,239435,386129,168934334.8,1145796.944
2016-04-28,247957,376362,164047132,1207843.183
2016-04-29,261884,432470,134148664.1,1403229.58
2016-04-30,215712,370399,92579744.12,1296655.182
2016-05-01,191430,368769,88133002.16,1376585.981
2016-05-02,223785,395720,131609777.4,1394348.38
2016-05-03,235609,374877,128092229.9,1341061.181
2016-05-04,233691,393861,227678717.6,1492041.579
2016-05-05,229573,374113,128868344.2,1385467.181
2016-05-06,233232,374471,150035773.3,1438754.38
2016-05-07,202062,337983,101694588.5,1332179.981
2016-05-08,189025,363477,76254668.8,1447635.58
2016-05-09,226449,405890,138794017.5,1536447.578
2016-05-10,245721,405685,145647671.1,1403229.58
2016-05-11,234412,383096,138852415.4,1284309.113
2016-05-12,228409,373340,149854665.9,1342247.87
2016-05-13,232146,379120,141919599.1,1467781.843
2016-05-14,211280,372390,104469849.9,1390530.167
2016-05-15,200171,350006,99104765.02,1342247.87
2016-05-16,239809,428469,138994717.7,1361560.789
2016-05-17,238626,390061,144428408.2,1361560.789
2016-05-18,235083,413891,159373784.4,1487094.762
2016-05-19,219145,373229,165974634.4,1168431.599
2016-05-20,209396,352825,154720930.8,1438812.464
2016-05-21,191461,358023,105043285.9,1361560.789
2016-05-22,184348,337746,85673343.77,1776788.547
2016-05-23,222754,412183,127380322,1747819.168
2016-05-24,246517,407284,147794302.1,1456454.923
2016-05-25,247841,397789,174803333.9,1377192.07
2016-05-26,220091,364856,164885025.9,1357376.357
2016-05-27,215296,407025,300392313.2,1377192.07
2016-05-28,193054,378992,250738586.3,1317744.93
2016-05-29,178742,342422,218349634.3,1456454.923
2016-05-30,211368,415243,241119804.2,1436639.21
2016-05-31,215249,385667,227102554.8,1258297.79
2016-06-01,234384,411100,198488000.9,1426731.353
2016-06-02,231099,388996,194112539.7,1367284.213
2016-06-03,234669,406598,160601009.5,1406915.64
2016-06-04,196665,368222,135361104.8,1179034.937
2016-06-05,189802,370336,141793764.1,1694243.482
2016-06-06,221171,413551,175803037.2,1684335.625
2016-06-07,231016,424459,195330529.7,1406915.64
2016-06-08,229933,393284,180814927.1,1403462.34
2016-06-09,236353,433264,199228765.4,1608133.931
2016-06-10,228367,409704,235509132.3,1403462.34
2016-06-11,213159,375798,162244835.7,1520417.535
2016-06-12,210711,412969,275155425.8,1422954.872
2016-06-13,251354,450475,320800345,1569148.866
2016-06-14,246829,407360,256120540.9,1296253.411
2016-06-15,259202,456788,222394465.1,1500925.002
2016-06-16,267870,472980,450046397.3,1452193.671
2016-06-17,253752,456749,313165865.4,1452193.671
2016-06-18,235317,425975,206144868.5,1549656.333
2016-06-19,218298,415726,154508934.9,1725089.126
2016-06-20,249334,465872,237206784.3,1598387.665
2016-06-21,248164,466563,356169310.3,1551383.975
2016-06-22,235641,412966,321376446.1,1343144.516
2016-06-23,241300,442288,284618179.2,1457676.218
2016-06-24,237625,437712,218477120.2,1353556.489
2016-06-25,206919,410558,149760846.6,1728387.516
2016-06-26,181348,387274,150791051.9,1530560.029
2016-06-27,217029,381090,199055373.7,1530560.029
2016-06-28,212607,428793,204851206.1,1551383.975
2016-06-29,224112,370956,206884074.1,1520148.056
2016-06-30,231960,404729,231989270.8,1561795.948
2016-07-01,205801,369568,194741108.9,1634679.759
2016-07-02,198875,348963,169929673.9,1551383.975
2016-07-03,177127,349825,159306740.5,1603443.84
2016-07-04,213900,406696,165562147.3,1601825.836
2016-07-05,214959,384212,205876443.3,1538177.127
2016-07-06,214691,373739,183107563.8,1485136.536
2016-07-07,215548,364951,215515452,1463920.3
2016-07-08,210701,363255,190072668.3,1538177.127
2016-07-09,185405,356931,142818088.6,1580609.599
2016-07-10,162608,324972,102652706.3,1654866.426
2016-07-11,218089,392909,168883000.5,1516960.891
2016-07-12,219034,382315,187752086.3,1516960.891
2016-07-13,216503,367230,188298120.1,1379055.355
2016-07-14,217695,369011,162291972.8,1506352.773
2016-07-15,216081,367025,186638357.6,1432095.946
2016-07-16,182192,356242,130458510.8,1665474.544
2016-07-17,171013,327405,160525091.7,1580609.599
2016-07-18,222835,388294,197866721.2,1581302.699
2016-07-19,222146,372107,156439533.7,1358434.534
2016-07-20,227429,378263,170220921.9,1591915.469
2016-07-21,217606,359014,139720440.9,1411498.383
2016-07-22,221404,370239,165392619.1,1369047.303
2016-07-23,195796,338444,115059449.2,1390272.843
2016-07-24,183890,345915,128930332.5,1337208.994
2016-07-25,239715,395753,137031791.6,1400885.613
2016-07-26,237673,407264,176818808.3,1369047.303
2016-07-27,235603,373465,175506620.6,1358434.534
2016-07-28,234863,395387,168337022.1,1453949.462
2016-07-29,231414,358526,155222292.5,1560077.16
2016-07-30,199484,362121,104010266,1262919.605
2016-07-31,192254,344641,148643265.8,1634366.548
2016-08-01,225049,401276,179607831.9,1623753.778
2016-08-02,251098,412747,310244260.8,1555605.722
2016-08-03,241782,407728,196521089.1,1686075.879
2016-08-04,231835,384713,206097159.7,1535533.39
2016-08-05,228244,382173,155386008.8,1696112.045
2016-08-06,195669,344354,113350615.8,1676039.713
2016-08-07,192414,344197,153369942,1485352.56
2016-08-08,235295,412180,137092319.6,1495388.726
2016-08-09,231400,390239,147478891.6,1254520.743
2016-08-10,244740,409835,174758412.1,1525497.224
2016-08-11,254515,420150,187714014.6,1505424.892
2016-08-12,232973,389404,151649427.9,1495388.726
2016-08-13,214569,361767,107861817.7,1645931.215
2016-08-14,200174,363865,117723115.1,1645931.215
2016-08-15,202896,354911,121151372,1577645.903
2016-08-16,254431,423764,180903207.5,1469587.965
2016-08-17,238003,415204,164364852.6,1329112.645
2016-08-18,239541,405863,144427244.6,1664092.254
2016-08-19,246095,402063,163856272.5,1664092.254
2016-08-20,208224,399739,112011435.5,1685703.842
2016-08-21,184904,359919,79519732.45,1761344.399
2016-08-22,228373,408558,144303111.5,1718121.224
2016-08-23,239021,396831,180258018.6,1588451.697
2016-08-24,235130,408587,158027182.1,1653286.46
2016-08-25,234009,393474,143380501.3,1404753.202
2016-08-26,226767,382302,126548713.8,1426364.789
2016-08-27,191098,365095,97908871.35,1556034.316
2016-08-28,174489,331778,81677102.59,1642480.667
2016-08-29,225282,372022,146295074,1635101.523
2016-08-30,252002,435638,153671377.4,1810682.895
2016-08-31,225360,390847,157138022.7,1481467.823
2016-09-01,237466,385974,158171124.6,1547310.837
2016-09-02,225856,384392,133402729.2,1678996.866
2016-09-03,182204,361959,102592239.9,1382703.301
2016-09-04,183244,349000,111803509.2,1964316.595
2016-09-05,227683,422188,134025129.1,1536337.002
2016-09-06,232118,413110,136578787.6,1492441.659
2016-09-07,250809,405005,141851022.6,1668023.03
2016-09-08,227006,397984,152571672.2,1580232.344
2016-09-09,220534,380834,147264804.3,1569258.509
2016-09-10,193320,354816,100048770.7,1700944.537
2016-09-11,180391,372934,105076958.8,1799709.059
2016-09-12,208649,393992,133648709.7,1829872.714
2016-09-13,239886,410171,143083944.2,1863551.353
2016-09-14,231800,391216,132875384,1751289.223
2016-09-15,233488,398012,122887826.7,1728836.797
2016-09-16,211128,358967,116441741.1,1571669.815
2016-09-17,215529,394081,92192153.8,1829872.714
2016-09-18,191603,366454,100458543.6,1627800.88
2016-09-19,223540,397745,134357326.5,1493086.325
2016-09-20,244315,425244,146042033,1717610.584
2016-09-21,239216,408745,132006186,1863551.353
2016-09-22,231227,390664,120448102.5,1582896.028
2016-09-23,223187,388020,146146259.9,1526764.964
2016-09-24,208650,368915,102277847,1874777.566
2016-09-25,195642,377263,152870734.3,2230413.265
2016-09-26,230769,424003,154379995.1,1834694.782
2016-09-27,240335,429499,145940667.1,2026558.289
2016-09-28,234995,430960,151092801.3,1774737.436
2016-09-29,242730,438502,153616273.1,1714780.091
2016-09-30,250943,446430,151697973.2,1702788.621
2016-10-01,213930,393902,103988578.3,1882660.659
2016-10-02,194823,366925,99888624.88,1690797.152
2016-10-03,256665,494066,152745155,1822703.313
2016-10-04,264662,481501,167749287.5,1894652.128
2016-10-05,266811,466804,148295757.9,2002575.351
2016-10-06,274486,499902,151565507.7,1930626.536
2016-10-07,266324,470157,141600454.5,1726771.56
2016-10-08,250672,444224,131522852.3,2171858.804
2016-10-09,210548,410025,119547253.3,2056197.685
2016-10-10,222996,394805,145452261,1606404.441
2016-10-11,263565,456719,191535068.1,1786321.738
2016-10-12,233440,413349,199143900.1,1863429.152
2016-10-13,229703,398109,173562327.8,1644958.148
2016-10-14,239724,421160,145891861.3,1747768.032
2016-10-15,210448,390688,129491942.7,1824875.445
2016-10-16,197876,379932,118953271.2,1670660.619
2016-10-17,237232,419627,162092886.5,1606404.441
2016-10-18,251521,450933,215694366.6,1991941.507
2016-10-19,199083,340010,153607523.1,1619255.677
2016-10-20,270380,475343,182155730.7,1722065.561
2016-10-21,265355,458618,156669875.5,2107602.627
2016-10-22,216708,389920,123012421.6,1878507.282
2016-10-23,191578,370500,103115122.8,1815470.125
2016-10-24,226980,406335,161693433.7,1802862.694
2016-10-25,237030,426577,177371950.4,1752432.968
2016-10-26,223316,390127,173327307.6,1752432.968
2016-10-27,326388,544308,258545484,2042403.891
2016-10-28,250876,444636,174924737.1,1916329.576
2016-10-29,229689,419590,166370936,1878507.282
2016-10-30,207982,359909,131602246.5,2130655.911
2016-10-31,241778,456149,210506851.3,1853292.419
2016-11-01,246650,437870,208660536.8,1815470.125
2016-11-02,268418,455987,164356161.5,1676788.379
2016-11-03,271998,466632,213617077.3,1966759.302
2016-11-04,248043,429052,195355546.3,1462462.045
2016-11-05,238215,438573,120288462.1,1885928.486
2016-11-06,225786,410270,114742911,1949214.677
2016-11-07,274281,490444,175932227.3,1847956.772
2016-11-08,296060,515899,207694374.7,2139073.25
2016-11-09,270095,471046,250582316.7,1860614.01
2016-11-10,271374,480416,187826423.9,2126416.012
2016-11-11,254619,438416,156396615.4,2063129.821
2016-11-12,228886,441806,121310139.6,2126416.012
2016-11-13,219657,420695,123872148,1809985.057
2016-11-14,270506,489541,167411486.8,2177044.964
2016-11-15,280352,514156,190488765.8,1974529.154
2016-11-16,289789,481300,266411874.9,2177044.964
2016-11-17,277460,483350,254155219.5,2012500.868
2016-11-18,275925,493764,195698807.2,2073243.137
2016-11-19,249760,458553,151014229.1,1989192.74
2016-11-20,243591,452258,128952148.6,1807083.545
2016-11-21,285793,488212,195079233.3,1961175.941
2016-11-22,285635,491371,221241977.7,1877125.543
2016-11-23,276924,478502,206486727.9,2059234.738
2016-11-24,328538,555782,254076694,2297377.53
2016-11-25,315387,525260,193880618.2,2129276.735
2016-11-26,277608,501367,182382884.9,2157293.535
2016-11-27,237389,434305,131130471.7,2017209.539
2016-11-28,298530,531725,200604646.4,2297377.53
2016-11-29,289650,498908,222587581.7,2115268.336
2016-11-30,292654,497916,206457187.8,1989192.74
2016-12-01,239682,408505,196279881,2045226.338
2016-12-02,315478,579169,228141076.8,2052749.317
2016-12-03,287988,520037,155648705.2,2451895.017
2016-12-04,245650,440364,100381256.3,2109770.131
2016-12-05,278001,517986,198703655.6,2166790.946
2016-12-06,319762,569492,212285749.9,2138280.538
2016-12-07,310754,560156,225042481.1,2494660.628
2016-12-08,282711,493590,233884533.9,2238066.963
2016-12-09,268815,471691,205426538.5,1924452.485
2016-12-10,250241,456468,149430380.9,1881686.874
2016-12-11,229933,440785,125059695.2,2679978.275
2016-12-12,268662,491332,212868618.3,2223811.76
2016-12-13,291757,507067,202626685,2537426.239
2016-12-14,286328,495462,206398743.8,1981473.299
2016-12-15,282685,479423,221938403,1958064.638
2016-12-16,279361,495267,239348887.7,2050571.629
2016-12-17,238130,458681,183418677.6,2235585.61
2016-12-18,235789,418499,158395598.3,2173914.283
2016-12-19,282129,508682,224937601.8,2343510.433
2016-12-20,296473,508909,243951480.4,2127660.788
2016-12-21,325677,540311,325753009.1,2451435.255
2016-12-22,314644,528879,338878078.7,2451435.255
2016-12-23,304997,522517,388045841.2,2343510.433
2016-12-24,240820,420207,202692630.2,2112242.956
2016-12-25,197364,353857,208965007.3,2574777.91
2016-12-26,244914,448558,243945751.8,2189332.115
2016-12-27,296546,509116,344764424.4,2405181.76
2016-12-28,305394,514773,329559351.9,2589949.671
2016-12-29,304605,512157,315507313.8,2368856.406
2016-12-30,286818,496025,317816520.6,2479403.038
2016-12-31,250273,449832,207942693.2,2337271.654
2017-01-01,180502,355325,166788994.4,2463610.662
2017-01-02,290951,529709,279981138,2526780.166
2017-01-03,301664,515024,341754284.9,2589949.671
2017-01-04,328642,545609,433678086.9,2432025.91
2017-01-05,288501,495910,565779976.6,2210932.646
2017-01-06,346405,562750,451663626.1,2542572.542
2017-01-07,282060,503341,295587982.4,2195140.27
2017-01-08,260101,455739,210928000.9,2637326.799
2017-01-09,269947,475572,272509052.6,2147763.141
2017-01-10,323888,541168,287618545.5,2679581.84
2017-01-11,303058,491693,413905306.4,2562350.134
2017-01-12,295125,483078,303994537,2897297.864
2017-01-13,272747,466561,246890176.5,2528855.361
2017-01-14,242269,446469,160003664.1,2880550.478
2017-01-15,235999,417279,157085269.5,2796813.545
2017-01-16,267640,473647,208260163.9,2830308.318
2017-01-17,292697,502462,291783384.8,2646087.067
2017-01-18,297100,500306,258544170.7,2528855.361
2017-01-19,300605,516339,232438072,2914045.251
2017-01-20,298377,516010,230847365.4,3165256.048
2017-01-21,263562,484669,210309696,3031276.956
2017-01-22,236886,428798,210313964.5,3398969.892
2017-01-23,235530,425650,196893334.8,2715269.052
2017-01-24,278177,497859,237838497.6,2910612.149
2017-01-25,304727,514639,266770577.7,2930146.459
2017-01-26,313755,518117,224547250.6,3066886.627
2017-01-27,263332,462951,172519954.1,3320832.653
2017-01-28,246395,461292,112142904,2969215.078
2017-01-29,241627,438728,133740567.7,3262229.724
2017-01-30,247408,449342,148216976.2,2852009.22
2017-01-31,307683,523037,223566247.4,2832474.91
2017-02-01,350560,599053,263375235.4,3750587.467
2017-02-02,259559,452586,212437107.4,3066886.627
2017-02-03,323563,560375,267577532.2,2910612.149
2017-02-04,284778,500098,215469986.9,3043000.843
2017-02-05,292101,510278,193687212.2,3336807.821
2017-02-06,230027,440410,218963129.7,2623276.589
2017-02-07,325268,557391,264475740,3168918.119
2017-02-08,308316,516491,269607888.2,3063987.056
2017-02-09,346544,575008,377801460.1,3546669.948
2017-02-10,301789,507436,289197729,3105959.481
2017-02-11,262686,474677,161865706,2917083.567
2017-02-12,237744,422085,116966457.1,2959055.992
2017-02-13,288290,503161,192208412.1,3420752.672
2017-02-14,315084,530240,234339661,3546669.948
2017-02-15,294786,495897,202429313,2917083.567
2017-02-16,283203,489190,212531599.8,3189904.332
2017-02-17,319767,550073,271435652.8,3168918.119
2017-02-18,286143,510386,179904049.6,3330515.744
2017-02-19,251721,458999,175243850.9,2936112.564
2017-02-20,282728,503953,192433479.8,3242870.593
2017-02-21,279090,487721,235255122.9,3023757.715
2017-02-22,282194,489248,220185412.8,3045669.003
2017-02-23,325913,551455,320075871.9,3286693.168
2017-02-24,343805,590852,369319167.1,3637273.773
2017-02-25,326521,561872,244845187.3,3659185.061
2017-02-26,265203,462927,199581169.9,3900209.227
2017-02-27,284555,501497,262053158.4,3155225.442
2017-02-28,325414,542157,255334271.6,3352427.032
2017-03-01,315883,531643,283137400.4,3155225.442
2017-03-02,329428,565742,431801396.6,3440072.183
2017-03-03,337310,583123,422240157.2,3458650.323
2017-03-04,265780,489858,261984345,3069265.85
2017-03-05,280739,524843,218660855.9,3367030.447
2017-03-06,287731,537229,292613411.7,3252505.602
2017-03-07,327902,571329,347152744.3,3504460.261
2017-03-08,297108,526233,315179702.1,3252505.602
2017-03-09,303632,541482,260236116.3,3389935.416
2017-03-10,308482,551015,329245440.2,3573175.168
2017-03-11,280681,518976,243728155.2,3412840.385
2017-03-12,221110,422479,209168664,3550270.199
2017-03-13,273079,516185,314605570.3,3321220.509
2017-03-14,310395,561535,347466704.5,3573175.168
2017-03-15,292434,526479,326947684.6,3252505.602
2017-03-16,327034,594406,526589907.1,3504460.261
2017-03-17,292196,532934,552676695.4,3641704.837
2017-03-18,263530,505651,393335618.2,3712647.139
2017-03-19,269336,512176,248882114.1,3925474.045
2017-03-20,277033,512638,301488144.2,3216051.025
2017-03-21,288055,541182,330728552.8,3357935.629
2017-03-22,316593,572753,388745237.6,3807236.875
2017-03-23,287871,537475,312768150.5,3499820.233
2017-03-24,289521,540390,415158515.5,4161948.385
2017-03-25,242975,490877,307287313.6,3145108.723
2017-03-26,221915,462863,234975161.6,3925474.045
2017-03-27,232291,459508,304061325.5,3121461.289
2017-03-28,294001,553957,426602354.3,3665352.271
2017-03-29,283931,534780,270264531.2,3263345.893
2017-03-30,288788,521048,345704441.2,4073274.033
2017-03-31,259403,489452,463530445.1,3352999.966
2017-04-01,255871,502791,275732331.5,3278488.856
2017-04-02,244203,501563,278337308.6,3924251.812
2017-04-03,288141,564025,357722808.5,4371318.475
2017-04-04,256015,496731,348486729.2,3104629.598
2017-04-05,316555,577217,376232820.4,4023599.96
2017-04-06,290465,548640,366852393.9,3651044.408
2017-04-07,295463,542132,411459319.5,4023599.96
2017-04-08,226959,468194,201802714.5,3402674.04
2017-04-09,238286,489533,218412547.3,3949088.849
2017-04-10,273384,548201,276975890.5,3675881.445
2017-04-11,307893,582104,353047267.6,4147785.144
2017-04-12,278093,548652,324225506.2,3526859.224
2017-04-13,228679,449522,296565393.5,3287972.007
2017-04-14,290208,558991,355707472,3598646.527
2017-04-15,270705,520822,274787437,3909321.047
2017-04-16,211829,429264,248893303.7,3779873.33
2017-04-17,245184,469210,355041524,3572756.984
2017-04-18,303091,553139,346671691.3,3779873.33
2017-04-19,310104,566249,305279308.3,3702204.7
2017-04-20,267915,491206,344219152.7,3598646.527
2017-04-21,330354,612636,324930181.6,4323553.741
2017-04-22,268712,530090,220730616.6,3753983.787
2017-04-23,245039,490004,211860005.8,3961100.134
2017-04-24,222671,449880,272159698.5,3210303.377
2017-04-25,325387,580199,393127864.7,3831652.417
2017-04-26,334471,606557,373574588.2,3961100.134
2017-04-27,297884,554692,398959237.4,3814281.634
2017-04-28,305271,582827,423281308.5,3528859.199
2017-04-29,341319,634026,363036770.9,4488916.48
2017-04-30,281489,526653,269552199.7,3918071.61
2017-05-01,294786,542848,446976193.6,3892124.116
2017-05-02,333161,609091,458087464.4,4099704.069
2017-05-03,295149,547222,468116196,3425069.222
2017-05-04,354737,676231,635339356,4359179.01
2017-05-05,267193,523630,590516942.2,3347226.74
2017-05-06,363022,677422,472765822.9,4359179.01
2017-05-07,316011,581370,442601453.2,4333231.516
2017-05-08,365096,691481,737787408.7,4670548.939
2017-05-09,332879,621157,759833620.7,4021861.587
2017-05-10,311391,592447,743762053.1,4119773.002
2017-05-11,294743,568522,668519296.1,3757901.049
2017-05-12,317698,600569,613819101.6,4286790.827
2017-05-13,329266,623294,426951909.1,4398136.043
2017-05-14,369098,691331,453587626.1,4565153.868
2017-05-15,329229,636240,704107293.8,4732171.692
2017-05-16,233977,453277,594333395.3,3674392.137
2017-05-17,317527,591516,944733565.6,4314627.131
2017-05-18,288904,570190,658815926.2,3952755.178
2017-05-19,319502,633618,845185438.9,4565153.868
2017-05-20,352805,646322,661263295.4,4592990.172
2017-05-21,326057,608720,543457757.4,4091936.698
2017-05-22,327868,604611,920544426,4064100.394
2017-05-23,367710,687291,1021925535,4976737.782
2017-05-24,338642,631836,1085441233,4562009.633
2017-05-25,350114,659056,1318459471,4828620.586
2017-05-26,333340,641521,1036939907,4532386.194
2017-05-27,331914,651462,680256464,4976737.782
2017-05-28,308143,592663,528810229.4,4887867.464
2017-05-29,321638,594356,568563505.5,4473139.316
2017-05-30,347961,634489,935087103.8,5302595.613
2017-05-31,321634,614127,840617433.5,4858244.025
2017-06-01,319709,610355,945259538,5035984.66
2017-06-02,271539,534562,722150565.1,4325022.12
2017-06-03,305320,601584,828539265.4,5687700.322
2017-06-04,266044,537388,634490205,5432357.042
2017-06-05,289930,576033,772048124,5533581.086
2017-06-06,297416,617594,888558904.1,5094943.561
2017-06-07,339720,657365,937299020.2,5567322.434
2017-06-08,307377,609713,798267726.3,5567322.434
2017-06-09,282184,571965,685475617.7,5094943.561
2017-06-10,254993,516466,681180409.1,4757530.08
2017-06-11,222892,467562,649078150.9,4926236.821
2017-06-12,269098,538625,891415561.2,4959978.169
2017-06-13,291776,611163,838920669.8,4757530.08
2017-06-14,287644,565825,822548360.6,4723788.732
2017-06-15,293141,573732,704179683.3,5162426.257
2017-06-16,269937,536166,614860742.1,4993719.517
2017-06-17,236554,477379,529453963.4,5129905.644
2017-06-18,209359,433247,531175986.6,5129905.644
2017-06-19,269774,532520,612343421,5342177.602
2017-06-20,269438,591484,699302928.9,4882255.027
2017-06-21,280203,585195,835467130.1,4953012.346
2017-06-22,269685,534178,691666616.6,4917633.687
2017-06-23,259938,506613,556447573.9,5660585.539
2017-06-24,227127,469728,433119966.2,5165284.304
2017-06-25,180719,378449,518143023,4316196.473
2017-06-26,261906,515884,702272424.6,5023769.665
2017-06-27,259737,556139,687790878.6,4634604.41
2017-06-28,279811,549137,712593812.8,5554449.56
2017-06-29,231054,467648,636140007.5,4245439.154
2017-06-30,267360,533428,771010449.2,5448313.581
2017-07-01,221856,440617,513530892,5802100.177
2017-07-02,196539,409306,461231537.2,6622798.791
2017-07-03,253244,497459,590179543.7,5988701.034
2017-07-04,255483,548402,567987081.5,5389830.931
2017-07-05,237008,476017,728739862.5,5248920.318
2017-07-06,225106,459295,536928215.1,5002326.746
2017-07-07,243614,559414,731970317.3,5213692.665
2017-07-08,220835,451049,561328143.4,5812562.768
2017-07-09,188124,390403,714533490.9,4861416.134
2017-07-10,251722,567053,717332560.2,6939847.669
2017-07-11,265759,563335,649422149,6094383.994
2017-07-12,257138,513003,557154714.2,6235294.606
2017-07-13,245895,489849,445628844.5,5530741.543
2017-07-14,227903,473083,505928728.9,5559049.844
2017-07-15,221851,446600,459530087.7,5079131.872
2017-07-16,203165,406437,461680301.7,6518885.788
2017-07-17,230315,475432,538362228.5,5918988.323
2017-07-18,260575,561056,612361551.3,6598872.117
2017-07-19,253768,519401,597506642.3,5958981.488
2017-07-20,230199,477428,654227781.2,6478892.624
2017-07-21,268443,542765,703181494.4,6158947.309
2017-07-22,223358,433136,500549276.7,6398906.295
2017-07-23,181031,353198,429477474.2,6878824.267
2017-07-24,240072,469353,568575160.5,7118783.254
2017-07-25,244036,511832,801341191.7,5918988.323
2017-07-26,237853,460147,675892184.5,5878995.159
2017-07-27,225369,443426,849185180.9,6585327.485
2017-07-28,247207,487087,1311599708,6414280.018
2017-07-29,211134,416823,935494063.3,6713613.086
2017-07-30,184145,386559,1157398140,6285994.418
2017-07-31,231012,485989,1718996680,6200470.684
2017-08-01,131875,301132,1380839766,6371518.151
2017-08-02,209321,403176,1424505879,6499803.752
2017-08-03,213017,427729,958777484.7,5901137.617
2017-08-04,235792,467901,1176713943,7654374.155
2017-08-05,239771,463850,979154079.3,7568850.421
2017-08-06,199627,408436,1036954561,5986661.35
2017-08-07,249002,512718,1372173978,6542565.619
2017-08-08,275574,587788,1230025637,7012946.153
2017-08-09,260955,532300,808740219.2,6333394.737
2017-08-10,257965,550475,961276232.3,6149818.078
2017-08-11,284001,580988,985601487.7,6608759.726
2017-08-12,260521,530700,854157635.5,6195712.243
2017-08-13,263310,516471,946915671.5,6792336.385
2017-08-14,255362,542910,866674915.9,5966241.419
2017-08-15,311002,650900,1222636276,6975913.044
2017-08-16,274866,543437,962691292.8,5966241.419
2017-08-17,347319,631516,1362840511,8215055.493
2017-08-18,312250,580733,1160893969,6838230.55
2017-08-19,266832,535351,1278649849,6930018.879
2017-08-20,210852,444726,758991072.4,5966241.419
2017-08-21,236772,501756,816604742.1,5277828.948
2017-08-22,196283,419159,849443167.6,4084580.664
2017-08-23,315734,628517,1053263975,7297172.197
2017-08-24,203805,423333,772021041.6,4459277.508
2017-08-25,208169,471225,763980859.6,4459277.508
2017-08-26,226485,472785,687934750.3,4635882.557
2017-08-27,261891,509083,779804114.1,6843445.68
2017-08-28,223771,504371,908258408,5695512.856
2017-08-29,281116,593018,1113343543,6578538.105
2017-08-30,271466,565809,1024732296,7417412.092
2017-08-31,280724,589298,1173285283,7196655.78
2017-09-01,283670,591521,1220477320,7682319.667
2017-09-02,236811,536082,945272819.3,7240807.042
2017-09-03,195289,437077,784444826.1,6799294.418
2017-09-04,269280,561329,1452488600,7726470.929
2017-09-05,277948,601577,1363578234,8697798.703
2017-09-06,276225,587814,1328829016,7430760.766
2017-09-07,256374,526960,1250684681,8072925.277
2017-09-08,279488,606486,1085398538,8027056.383
2017-09-09,217890,452504,792417840.2,7751843.021
2017-09-10,193240,412030,849737599.4,6329907.319
2017-09-11,253492,537475,842959044.9,7981187.489
2017-09-12,256230,549110,914888950.9,8623352
2017-09-13,263320,543778,1001341344,8715089.787
2017-09-14,268068,552955,1008072397,7981187.489
2017-09-15,292079,637365,1345810787,8256400.851
2017-09-16,228257,486763,755451379.9,7751843.021
2017-09-17,197683,433779,556559929.5,8072925.277
2017-09-18,218204,481945,810015857.7,6965995.452
2017-09-19,282917,578179,869566641.2,8556655.83
2017-09-20,235723,480583,730398025.9,6417491.873
2017-09-21,255257,533109,713400154.4,9653662.988
2017-09-22,227615,515184,720084890.8,7624199.746
2017-09-23,203861,427805,496249141.6,9105159.409
2017-09-24,185277,383449,358367841.8,7953301.894
2017-09-25,226603,505249,992813616.6,6856294.736
2017-09-26,263648,544622,783377529.6,7569349.388
2017-09-27,257961,548155,694820657.4,8063002.609
2017-09-28,275976,561793,846414368.6,9708513.346
2017-09-29,254438,569238,722207773.2,9269710.483
2017-09-30,212678,467808,654917752.4,7569349.388
2017-10-01,203653,416590,495152833.5,7130546.525
2017-10-02,295002,606138,853330484.1,8380132.04
2017-10-03,282132,591542,710676602.5,10223761.09
2017-10-04,232826,496068,611184779.7,7486251.289
2017-10-05,273243,552623,822991499.9,6983443.366
2017-10-06,283699,609683,731048570.2,8882939.962
2017-10-07,231226,505785,552496903.7,8827072.415
2017-10-08,238385,496286,678141979.3,10167893.54
2017-10-09,296946,585028,1115416692,8994675.056
2017-10-10,303101,613364,1189113920,8938807.509
2017-10-11,292459,604455,850897594.1,7765589.023
2017-10-12,293164,588010,1072717735,8547734.68
2017-10-13,309819,660222,1477309948,7597986.383
2017-10-14,293140,594482,1028513972,7877324.117
2017-10-15,283473,578165,874457455.5,11601113.07
2017-10-16,314725,643476,1148993979,10351762.43
2017-10-17,334438,670982,1132927241,9756833.552
2017-10-18,329579,646494,1358005109,8983426.015
2017-10-19,356985,692419,1435812895,10589733.98
2017-10-20,312409,644681,1094088679,10649226.87
2017-10-21,312257,606428,967343844.2,9102411.79
2017-10-22,289131,573815,996113498.5,10827705.53
2017-10-23,316096,640565,2395811602,10173283.76
2017-10-24,347220,716464,2184205097,9935312.215
2017-10-25,315415,636265,2093083248,11006184.19
2017-10-26,265827,555570,2041879051,12999790.29
2017-10-27,246692,552393,963485339.9,7510989.944
2017-10-28,207066,440634,645357529.9,6138789.858
2017-10-29,334025,666758,1284903848,11122042.8
2017-10-30,316077,672661,1690377716,10616495.4
2017-10-31,277535,611388,1557216922,9966505.887
2017-11-01,351529,733925,1921728655,7872095.229
2017-11-02,341474,705011,2362825790,10833158.57
2017-11-03,277598,670963,1685749159,8594305.801
2017-11-04,294121,588106,1400428676,9388737.429
2017-11-05,251728,555522,1346375106,10183169.06
2017-11-06,271029,608698,1629540869,9605400.601
2017-11-07,335636,714417,1826864277,11266484.92
2017-11-08,301346,646147,1888840266,10399832.23
2017-11-09,341281,727946,2366841244,11049821.74
2017-11-10,271745,619944,2022293930,8139094.745
2017-11-11,197081,459977,1401933563,5426063.163
2017-11-12,183519,463412,1946782857,5426063.163
2017-11-13,309299,694905,2070829566,9495610.536
2017-11-14,271995,604148,1841446049,8681701.061
2017-11-15,321788,709294,2274507065,10309520.01
2017-11-16,310396,677402,2257254597,10309520.01
2017-11-17,306617,684299,2848162964,11326906.85
2017-11-18,270874,614840,1967731645,9224307.378
2017-11-19,264855,603430,1585417384,10852126.33
2017-11-20,336204,734768,2388363839,11869513.17
2017-11-21,371091,753814,2632881287,11733861.59
2017-11-22,312033,673819,2033543437,8342572.114
2017-11-23,352207,747162,2481622641,10648648.96
2017-11-24,305735,698359,2685926757,9977010.841
2017-11-25,336689,697526,2302620557,10445729.47
2017-11-26,329677,712607,2290199012,10244850.06
2017-11-27,379256,829651,3382462034,11383166.73
2017-11-28,365977,816745,3229165153,10445729.47
2017-11-29,398090,903005,4301831779,11584046.14
2017-11-30,384386,851420,3446153829,11182287.32
2017-12-01,412908,869275,2503164990,12253644.19
2017-12-02,326354,683883,1962210937,10780528.49
2017-12-03,353044,762993,2065023836,11784925.56
2017-12-04,400686,885110,2600783556,12119724.58
2017-12-05,405709,891236,2657542628,11918845.17
2017-12-06,443587,978252,3394252519,14867776.06
2017-12-07,374917,869099,5271885975,11941671.2
2017-12-08,385092,902012,4805489432,12337090.77
2017-12-09,403399,877575,3943426404,13760601.25
2017-12-10,341420,739392,3660690674,12969762.09
2017-12-11,368598,867655,4272284928,13523349.5
2017-12-12,372977,867772,5729890455,12337090.77
2017-12-13,424579,958477,4755215235,14709608.23
2017-12-14,490644,1072862,3607678571,14630524.31
2017-12-15,405676,942514,4219284344,13365181.67
2017-12-16,364222,819305,3461171452,13523349.5
2017-12-17,391910,877465,5098289902,14630524.31
2017-12-18,394239,922524,4869203329,16946489.24
2017-12-19,378622,887698,3906879033,13035760.95
2017-12-20,370277,853864,5449320743,12663310.64
2017-12-21,335482,840740,3765982143,12290860.32
2017-12-22,380648,890732,4135071531,14432449.62
2017-12-23,308211,729638,2381107619,12942648.37
2017-12-24,279523,652210,2531170728,14153111.89
2017-12-25,228926,565075,2523983332,12570198.06
2017-12-26,247440,605854,3068717710,13221986.11
2017-12-27,307642,749192,4777859402,14525562.2
2017-12-28,305053,741489,3590765167,13873774.15
2017-12-29,353824,838926,3675013582,15363575.41
2017-12-30,344407,815100,3922944907,13687549
2017-12-31,290422,678713,3132315786,15177350.25
2018-01-01,241757,593283,2493070309,14975580.96
2018-01-02,340980,850802,3339191214,16415540.67
2018-01-03,395963,937531,2887037504,15071578.27
2018-01-04,425008,1054712,3959988059,16127548.73
2018-01-05,342707,888403,4736424942,13727615.88
2018-01-06,358847,889099,3788672792,16127548.73
2018-01-07,368187,910005,4861207107,15551564.84
2018-01-08,345672,895997,4095843402,15935554.1
2018-01-09,360265,919150,3939529168,15743559.47
2018-01-10,347393,876990,3681293161,15935554.1
2018-01-11,337959,822011,3733633619,18527481.57
2018-01-12,300091,746540,3201370801,17087521.86
2018-01-13,265735,652050,2572263037,16501289.11
2018-01-14,235045,592042,2648247578,17165770.55
2018-01-15,273623,670840,2791493117,16612036.02
2018-01-16,303725,737399,3280040384,17608758.18
2018-01-17,315771,768382,2919536906,18494733.44
2018-01-18,309495,744190,2771757628,19159214.88
2018-01-19,243619,578407,2549311163,18273239.62
2018-01-20,240611,559712,2591920374,19712949.41
2018-01-21,215622,522862,1836973709,20709671.57
2018-01-22,245562,574421,2235518465,18494733.44
2018-01-23,271936,547569,1903407628,19602202.5
2018-01-24,250423,576213,2043489450,19491455.6
2018-01-25,236580,539582,2140259555,20445148.56
2018-01-26,220459,514622,2828780182,20056949.54
2018-01-27,193578,541700,1342886809,20315748.89
2018-01-28,213446,492739,1946407701,20445148.56
2018-01-29,232176,532631,1802719596,19151151.82
2018-01-30,236609,531441,1846238745,21609745.63
2018-01-31,204276,481101,1604449356,15139761.91
2018-02-01,257664,591551,2614260638,20703947.91
2018-02-02,235918,551199,2817679982,21739145.31
2018-02-03,194891,436197,1469365013,20445148.56
2018-02-04,173687,396695,1685654408,23033142.05
2018-02-05,216363,486554,1950770957,23938939.78
2018-02-06,244120,589897,1921193986,24293141.32
2018-02-07,213719,489403,1651883624,20149017.21
2018-02-08,173289,398608,1760113297,18720008.9
2018-02-09,177860,462087,1627521235,19291612.22
2018-02-10,181783,421548,1017797854,20434818.87
2018-02-11,147208,368625,725944269.6,21578025.52
2018-02-12,186918,437381,1576864627,23721537.99
2018-02-13,182984,414750,1266134857,23435736.33
2018-02-14,196417,450368,1332806623,25579248.8
2018-02-15,198183,475030,1273384159,18720008.9
2018-02-16,187738,422416,1066535212,22435430.51
2018-02-17,173789,401861,862408575.1,21292223.86
2018-02-18,159495,378870,893696801.1,23149934.67
2018-02-19,187367,436342,1250363981,23149934.67
2018-02-20,198455,455117,1499839827,21079198.67
2018-02-21,205201,459676,1582027830,25265138.83
2018-02-22,183235,499534,2569053251,22275181.57
2018-02-23,185193,424503,1752604869,22125683.71
2018-02-24,154534,355222,1691425256,21677190.12
2018-02-25,144869,355806,735383768.8,25564134.55
2018-02-26,186474,435990,1085982485,21079198.67
2018-02-27,219624,494788,1471584180,23919658.06
2018-02-28,189223,469401,2141873923,23172168.75
2018-03-01,233744,514905,2017041860,24667147.38
2018-03-02,195073,524247,1313477098,23321666.61
2018-03-03,177024,416967,1044510356,26909615.32
2018-03-04,160231,383192,1038040068,22125683.71
2018-03-05,201438,457317,1573034811,24372959.73
2018-03-06,206016,453774,1313036217,25517998.11
2018-03-07,213978,474917,1632297969,25681575.02
2018-03-08,196422,439934,1400448402,26499459.57
2018-03-09,198180,487167,1845969389,23882229
2018-03-10,156228,354483,1007063309,22900767.53
2018-03-11,150884,349041,990148653.7,25027267.37
2018-03-12,188394,426765,1128481461,26335882.66
2018-03-13,196140,419995,1429321788,25845151.93
2018-03-14,191042,418369,1315191653,23555075.18
2018-03-15,206186,459150,1197812277,23555075.18
2018-03-16,186979,457061,956584957,25517998.11
2018-03-17,154496,352699,709540062.3,24372959.73
2018-03-18,164401,382258,817452712.5,25990711.3
2018-03-19,191528,421648,1122451343,26679206.96
2018-03-20,195168,423963,995164628.4,21859737.32
2018-03-21,194846,424456,1045367812,26162835.21
2018-03-22,185187,418188,990650088.6,24613719.97
2018-03-23,179818,430897,942170172.5,22892480.81
2018-03-24,157087,360667,623816402,26851330.88
2018-03-25,135274,318933,901137748.5,23236728.64
2018-03-26,187850,416732,1020516865,25818587.38
2018-03-27,187065,414091,947745397.4,26162835.21
2018-03-28,177521,395196,854240309.4,23236728.64
2018-03-29,192411,428778,1120831367,26162835.21
2018-03-30,185940,449630,1222424227,27884074.37
2018-03-31,148617,332753,559075148.8,22031861.23
2018-04-01,135129,316429,580329069,28274794.22
2018-04-02,168178,377674,768333587,27227579.62
2018-04-03,198919,435411,979510265.3,28449329.98
2018-04-04,185710,432978,788206668.2,25656757.72
2018-04-05,181832,398398,757321484.5,27227579.62
2018-04-06,172889,471571,720018556.3,24085935.81
2018-04-07,154639,331189,653582260.4,31416438.02
2018-04-08,138535,311300,563967121.1,28100258.45
2018-04-09,176563,384890,787438242.3,25656757.72
2018-04-10,186415,414049,812498863.2,28623865.75
2018-04-11,183248,399073,944639313.6,28100258.45
2018-04-12,210879,442158,1355733107,26878508.08
2018-04-13,217282,503406,1154400879,28798401.52
2018-04-14,161843,363643,516931824.8,26146926.52
2018-04-15,174031,408545,557096715.8,31109116.95
2018-04-16,196106,433712,874622524.4,26910340.43
2018-04-17,201820,451453,933802321.6,30918263.48
2018-04-18,200740,451617,826568991,30536556.52
2018-04-19,213523,499810,1375773424,33971919.13
2018-04-20,207777,509923,1105686984,26146926.52
2018-04-21,193975,437088,995169153.7,30345703.04
2018-04-22,171870,396698,674296002.6,30536556.52
2018-04-23,226353,488406,1170233453,29200582.17
2018-04-24,254493,548252,1754372890,30345703.04
2018-04-25,213155,476860,1690055329,23474977.82
2018-04-26,216732,482589,1356669104,26910340.43
2018-04-27,211119,502992,1274803528,28391145.89
2018-04-28,203681,429929,1663576173,25592018.83
2018-04-29,180798,415427,1043832708,31590148.24
2018-04-30,215107,480943,1039280677,30990335.3
2018-05-01,199959,490969,852143459,31590148.24
2018-05-02,212296,468951,1356043112,27991270.6
2018-05-03,228521,501840,1292845454,30190584.71
2018-05-04,219069,513488,1424167445,27591395.3
2018-05-05,202703,450118,1032424172,32189961.18
2018-05-06,171761,386315,990555813.2,27391457.65
2018-05-07,205063,450524,1299195636,29990647.07
2018-05-08,217810,480690,1305599530,27791332.95
2018-05-09,206579,459143,1231496060,31990023.54
2018-05-10,208961,465046,1367418842,30790397.65
2018-05-11,213624,510499,1308283133,26161151.17
2018-05-12,182054,434891,914542131.2,33988897.19
2018-05-13,158794,364085,622325191.1,30487010.81
2018-05-14,209697,469798,1877479923,27191117.75
2018-05-15,214779,477899,1098113122,30075024.18
2018-05-16,208463,455067,1354020052,36872803.62
2018-05-17,192683,420625,1986371307,27191117.75
2018-05-18,211496,499648,1754540456,30487010.81
2018-05-19,173274,378136,572037902.7,31722970.71
2018-05-20,158663,369971,505408446.5,29663037.55
2018-05-21,202647,445196,801652229.7,32340950.66
2018-05-22,203337,441616,902765750.9,31104990.76
2018-05-23,223196,481669,1070131558,33370917.24
2018-05-24,206825,447546,997838496.2,30616246.32
2018-05-25,196181,464174,792961295.8,37681533.93
2018-05-26,158783,356716,433358755.9,34684139.19
2018-05-27,144304,337618,402952722.6,35112338.44
2018-05-28,189063,407911,1030143176,33399541.44
2018-05-29,204769,442314,902651076.8,29759847.82
2018-05-30,204077,443065,912070535.7,37253334.68
2018-05-31,209526,454486,829972345.8,36396936.18
2018-06-01,205481,551183,860640929.3,35540537.68
2018-06-02,174497,386674,517843929.7,32543142.94
2018-06-03,163443,369975,489033822.7,34898238.81
2018-06-04,209916,449728,781951697.7,39180231.3
2018-06-05,212901,460260,753456738.8,42980660.1
2018-06-06,206417,451994,777433221.9,36103754.49
2018-06-07,207627,433804,802888675.6,35121339.4
2018-06-08,200379,477386,832654129,35612546.94
2018-06-09,171306,370067,512776472.4,35121339.4
2018-06-10,179809,392109,682579730,31191679.05
2018-06-11,213196,446188,940033430.6,34384528.08
2018-06-12,214595,447810,858021509.6,35612546.94
2018-06-13,211829,458587,1043117695,35121339.4
2018-06-14,210029,440336,830479336.5,37577377.12
2018-06-15,205861,476263,821673290.5,37577377.12
2018-06-16,159090,343365,393367359.7,40770226.16
2018-06-17,144908,326154,432811187.2,38559792.21
2018-06-18,196305,424739,666288186.6,40279018.61
2018-06-19,191805,413610,717193233.9,39122596.14
2018-06-20,198889,425849,645432041.7,39122596.14
2018-06-21,198113,421062,719955333.7,42908653.83
2018-06-22,204144,469523,877986505.5,38112980.76
2018-06-23,163295,368137,442469090.4,40384615.37
2018-06-24,158022,350052,578433361.8,43161057.68
2018-06-25,200173,415603,683034898.7,39627403.83
2018-06-26,195404,410398,606059145.7,36850961.53
2018-06-27,188510,397242,789076623.5,30540865.37
2018-06-28,187624,396406,717809351.7,39627403.83
2018-06-29,197881,453051,653028973.1,38112980.76
2018-06-30,181065,368308,527954257.6,35588942.3
2018-07-01,156247,341862,994143368.5,37103365.37
2018-07-02,199294,433258,731075687.5,37594816.26
2018-07-03,216747,456150,880290625.5,30929068.69
2018-07-04,206788,435402,662808206.7,35728406.94
2018-07-05,199600,413998,657272819.4,36528296.65
2018-07-06,200993,529418,807774959.7,42660784.4
2018-07-07,170160,357621,370270464.5,41594264.79
2018-07-08,155685,350857,568366411.1,42127524.6
2018-07-09,206546,425385,640870760.7,36261666.74
2018-07-10,216063,445234,840599276.6,39727855.48
2018-07-11,202603,413229,705107106,35995036.84
2018-07-12,203535,405288,682830180.5,37594816.26
2018-07-13,207904,473175,674548450.3,38128076.06
2018-07-14,176475,362896,340074057.3,35461777.04
2018-07-15,161151,346483,356017920.5,35461777.04
2018-07-16,207842,431583,747886516,31995588.3
2018-07-17,233966,487160,836942893.4,40931868.49
2018-07-18,238769,494823,1082676506,44793365.52
2018-07-19,225039,465957,993456134,44021066.11
2018-07-20,225529,496860,813439686.2,39644702.82
2018-07-21,184803,385950,528574442.1,35268339.52
2018-07-22,167129,366446,395927691.4,46852830.6
2018-07-23,229480,473606,936055626.3,42733900.44
2018-07-24,259358,532884,1154244446,40931868.49
2018-07-25,250208,525952,1009352101,45565664.92
2018-07-26,231679,479850,833867863.5,42476467.3
2018-07-27,229397,517778,884506563.8,42991333.57
2018-07-28,188238,395734,516574795.9,37327804.6
2018-07-29,168407,380501,726532319,50277183.1
2018-07-30,230924,479275,868342350,39630250.21
2018-07-31,242977,500312,916151854.7,43474975.98
2018-08-01,241044,495640,713806067.8,44362220.38
2018-08-02,224873,470017,1036673761,45249464.79
2018-08-03,229859,537623,926100823.3,49094190.56
2018-08-04,191657,416161,478730381.4,52051671.92
2018-08-05,172181,374557,373453434.3,47319701.74
2018-08-06,218607,452410,732204363.5,38743005.8
2018-08-07,233045,477951,664083737,44657968.52
2018-08-08,235311,498558,786985499.9,46432457.33
2018-08-09,222326,467197,939755086.3,44066472.25
2018-08-10,226148,510030,760258278.3,52051671.92
2018-08-11,192438,389256,505204809.9,52376369.9
2018-08-12,165044,361544,333729799.3,49230273.08
2018-08-13,222229,459526,843998947.4,47642199.75
2018-08-14,247622,514445,1058727906,43195594.44
2018-08-15,246066,539383,891860903.4,51135961.07
2018-08-16,232335,479347,687000468.6,50183117.07
2018-08-17,233794,512305,783014397.7,48277429.08
2018-08-18,190935,399289,375616573.8,50818346.4
2018-08-19,167400,402087,272507659.3,46054126.43
2018-08-20,214983,459856,647035144.3,47642199.75
2018-08-21,217777,449916,872997532.5,47006970.42
2018-08-22,230333,484463,1022941526,50818346.4
2018-08-23,217352,444346,884447407.3,47324585.09
2018-08-24,219848,487991,660537345.5,47211617.44
2018-08-25,196420,415348,513006216.1,45145645.91
2018-08-26,172747,368938,385892530.1,57853309.21
2018-08-27,223656,464084,788251385.7,61866255.51
2018-08-28,238039,488605,977831328.4,51165065.37
2018-08-29,237508,509197,871163498.7,46483294.68
2018-08-30,231391,463657,798481940.6,51499477.56
2018-08-31,237076,511307,867343981.1,51833889.75
2018-09-01,213331,437404,530711688.3,50496240.99
2018-09-02,187145,387889,446514389.4,48155355.64
2018-09-03,222897,455957,724804467.1,48155355.64
2018-09-04,232265,474899,846834354.7,42135936.19
2018-09-05,246477,497298,945103849.4,44142409.34
2018-09-06,252261,501001,1082892621,50161828.79
2018-09-07,230790,539383,745568366.7,52673943.17
2018-09-08,204428,414919,364549896.7,52338942.95
2018-09-09,188912,387389,468243443.8,56874984.68
2018-09-10,222866,451965,708849887.9,47105048.66
2018-09-11,237571,474061,741261463,49198606.38
2018-09-12,233275,461586,668389215.8,58619616.11
2018-09-13,234209,466217,1248849239,51641090.38
2018-09-14,223250,471373,739529758.1,46058269.8
2018-09-15,211071,427958,374552271.6,48849680.09
2018-09-16,179483,370212,284144583.4,48500753.8
2018-09-17,240152,481968,572850819.1,47105048.66
2018-09-18,244259,479309,609895983,49547532.66
2018-09-19,251037,480228,707175800.3,54432500.67
2018-09-20,253674,493141,682414738.5,53827510.75
2018-09-21,273051,563131,984934175.4,51200543.88
2018-09-22,225537,445042,463989750.2,55111696.54
2018-09-23,200319,401264,335911295.1,53333899.87
2018-09-24,237670,469029,512802846.6,52622781.21
2018-09-25,252113,490589,852085846.9,60089527.19
2018-09-26,243927,474080,753603397.1,49422747.22
2018-09-27,248686,481908,820387842.8,50844984.55
2018-09-28,254239,527058,916157415.9,54756137.2
2018-09-29,218339,429819,463385867.6,54045018.54
2018-09-30,208210,413889,420373521.3,57956171.2
2018-10-01,242820,484983,687226380.3,56178374.53
2018-10-02,244772,484847,826082619.4,48711628.55
2018-10-03,242303,552113,739357175.8,51556103.21
2018-10-04,243157,506880,669076735.7,54911962.63
2018-10-05,244719,533087,627109174.2,48176505.21
2018-10-06,214843,441965,388807367.7,46323562.7
2018-10-07,219731,444618,250377608.1,52623567.23
2018-10-08,248041,477298,629275555.9,50029447.71
2018-10-09,235862,463257,703382178.2,48176505.21
2018-10-10,244945,482435,752875717.2,53364744.23
2018-10-11,262467,499968,887230191.3,58923571.75
2018-10-12,243174,498115,795636845.8,48917682.21
2018-10-13,205097,400481,367758599.9,52252978.72
2018-10-14,191259,378043,398408927.2,42247089.18
2018-10-15,266945,502796,1406050478,60035337.26
2018-10-16,257967,490756,881840150.1,50029447.71
2018-10-17,260362,490531,727254416.7,51141213.22
2018-10-18,253450,479720,865272971.5,50951835.55
2018-10-19,253826,504471,835097399.7,50702736.58
2018-10-20,227821,428970,688806312.5,51059798.11
2018-10-21,211505,403199,291411405.4,49274490.48
2018-10-22,255324,489860,729556262.8,55344536.41
2018-10-23,253463,487826,726527353.6,54987474.89
2018-10-24,254091,478551,772529022.5,40347952.35
2018-10-25,254599,474715,813572560,48917428.96
2018-10-26,253002,503384,744611642.3,51059798.11
2018-10-27,233749,418914,380002708.1,48560367.43
2018-10-28,219860,403764,458829452.7,49988613.53
2018-10-29,269754,495174,894864910.1,52130982.68
2018-10-30,283327,505404,627295099.1,54987474.89
2018-10-31,288283,510367,803653185.5,58201028.61
2018-11-01,281941,505058,806286749,54988709.79
2018-11-02,292704,565269,870677656.7,51070835.08
2018-11-03,249564,453208,366071278.7,57499331.8
2018-11-04,229291,418053,525975032.8,44285199.65
2018-11-05,293239,531376,749362381,51070835.08
2018-11-06,285451,519342,750361150.5,45713754.47
2018-11-07,293734,522948,854471221.9,46428031.89
2018-11-08,277597,498004,773348007.5,43213783.53
2018-11-09,283896,541364,836981702,45356615.77
2018-11-10,252499,448643,384259935,46785170.59
2018-11-11,246991,422963,384049108.1,52142251.2
2018-11-12,300006,510342,752483811.3,49999418.96
2018-11-13,279160,491741,807686927.1,42856644.82
2018-11-14,292755,524970,1181029259,48213725.42
2018-11-15,291525,523899,2667893505,45356615.77
2018-11-16,283124,533315,1082196428,44946674.63
2018-11-17,262649,428640,490284413.2,47956936.5
2018-11-18,239803,393876,353784045.7,40680711.65
2018-11-19,267971,470247,1021796906,41672924.13
2018-11-20,288450,543711,1475820952,43657349.09
2018-11-21,254942,472552,1007014548,34727436.77
2018-11-22,266116,467175,662090854.6,40349974.16
2018-11-23,275261,479022,740000744.4,41342186.64
2018-11-24,250017,406861,398983130.8,47295461.51
2018-11-25,239256,410530,618633300.6,42003661.62
2018-11-26,257062,469613,736626813.7,36711861.73
2018-11-27,268533,462322,846867046.2,43326611.59
2018-11-28,254456,454764,807058144.2,39027024.18
2018-11-29,246226,461335,916066338.2,34727436.77
2018-11-30,250157,460123,1613578164,33404486.8
2018-12-01,241847,420225,689975479.9,41011449.14
2018-12-02,222673,364379,348205860.3,37704074.21
2018-12-03,240652,426800,1239335737,35101305.98
2018-12-04,270189,492965,2465252204,38734427.59
2018-12-05,256501,438438,1409782759,36488953.53
2018-12-06,279654,480400,1426379106,37892374.82
2018-12-07,253890,495221,751100109.5,31998005.4
2018-12-08,231104,382550,368967391.6,35646900.75
2018-12-09,238569,364579,279427828.5,35927585.01
2018-12-10,258353,443067,526990901.5,34804847.98
2018-12-11,251487,432511,729578613.4,35085532.24
2018-12-12,261423,439270,548638941.8,33682110.95
2018-12-13,268422,439018,597302477,36769637.78
2018-12-14,275801,464524,523412561.2,40979901.65
2018-12-15,262879,397644,290998236.3,41821954.43
2018-12-16,226453,364388,315066374.4,32278689.66
2018-12-17,298823,466784,540372096.1,44909481.26
2018-12-18,266245,461773,717156551.8,35766529.43
2018-12-19,302392,495568,893184813.8,37822407.4
2018-12-20,287273,475406,823827197.3,34268624.16
2018-12-21,280588,492726,810541683.5,35537832.46
2018-12-22,251216,386813,303876048.6,44422290.57
2018-12-23,250739,371648,390737504.9,44676132.24
2018-12-24,272297,419725,684558459.3,38583932.39
2018-12-25,265052,353052,403843192.8,40360824.01
2018-12-26,281305,397075,422281688.5,39853140.69
2018-12-27,300020,434318,570591347.7,44168448.91
2018-12-28,308267,485694,626362020.8,42391557.29
2018-12-29,264980,423956,421850491.8,35030149.14
2018-12-30,267639,391259,267240600.2,44676132.24
2018-12-31,259684,391031,476003087.2,40440248.3
2019-01-01,234725,310120,220483471.2,41615985.27
2019-01-02,271696,415822,493860141,42174589.1
2019-01-03,291016,450626,586335098.6,43291796.76
2019-01-04,281772,454702,534739538.9,41615985.27
2019-01-05,265192,385489,325849324.7,45526212.08
2019-01-06,258522,389294,295057199.4,39381569.96
2019-01-07,284782,448076,622810992.8,39381569.96
2019-01-08,318524,465085,595564198.9,47202023.57
2019-01-09,319056,463346,630379615.8,45805513.99
2019-01-10,327338,489566,668725127.5,43571098.68
2019-01-11,308372,486650,1080849631,41336683.36
2019-01-12,281502,396628,270915665.3,38543664.21
2019-01-13,276997,372207,235049030,38264362.3
2019-01-14,326685,455377,585869867.3,43423390.22
2019-01-15,302279,466212,1270645847,38609293.98
2019-01-16,305702,493982,618560383.8,38901788.64
2019-01-17,296695,462879,507804662.1,37146820.73
2019-01-18,305965,484530,449808595.9,40364261.89
2019-01-19,282188,400053,310087042.1,38901788.64
2019-01-20,294118,379374,238388741.7,45921660.27
2019-01-21,315202,449404,488189514.5,43874197.71
2019-01-22,296040,450118,560917561,38024304.68
2019-01-23,293494,482794,538919234.4,42704219.1
2019-01-24,308146,470446,477934358.1,47384133.53
2019-01-25,301085,492261,456544872.1,40364261.89
2019-01-26,288285,444594,292643247.2,43874197.71
2019-01-27,276651,383276,223512708.8,40071767.24
2019-01-28,308062,481279,598393585.4,42070546.82
2019-01-29,326162,480702,502734964.4,42201068.25
2019-01-30,321980,462721,737418316.9,39310584.12
2019-01-31,353945,487936,574609830.7,44802503.96
2019-02-01,339341,502881,611007305.3,45669649.2
2019-02-02,322032,418174,315786229.9,41622971.42
2019-02-03,300171,389608,265197431.5,39888680.94
2019-02-04,335288,456122,353232913.2,42490116.66
2019-02-05,354069,503603,414929550.4,42490116.66
2019-02-06,349596,482655,496046280.2,47403939.67
2019-02-07,353046,474847,475540835.9,50294423.8
2019-02-08,335280,516886,552614639,47114891.26
2019-02-09,310892,422178,290308690.9,43357261.9
2019-02-10,299609,380922,273943900.7,41018987.3
2019-02-11,315725,463119,512333681.4,43691361.64
2019-02-12,271573,486292,494313528.4,38568926.14
2019-02-13,352651,546276,679292515,46101919.52
2019-02-14,354483,473265,465606911.5,42486082.7
2019-02-15,296729,467228,475673471.4,38267606.4
2019-02-16,332137,452438,363956258.2,45197960.32
2019-02-17,327463,393160,237971659.1,47909837.94
2019-02-18,344274,508261,689163299,46704559
2019-02-19,348242,538532,719387605.3,47005878.73
2019-02-20,314320,521878,696700438.7,39171565.61
2019-02-21,297595,491327,658222916.5,35857048.52
2019-02-22,350306,542172,594309375.2,48813797.14
2019-02-23,328239,441275,489507893,43088722.17
2019-02-24,320446,433694,436413535.3,41298258.3
2019-02-25,336634,502106,788388101.2,43162133.91
2019-02-26,366568,532149,592375975.3,48595129.79
2019-02-27,344560,519740,573599563.2,42558467.71
2019-02-28,367827,523892,936111689.3,45274965.64
2019-03-01,354422,552623,536410480.5,48896962.9
2019-03-02,335864,481021,440970166.2,39841969.77
2019-03-03,353683,420093,260455173.2,44067633.23
2019-03-04,304188,506186,510664925.1,41351135.29
2019-03-05,285716,536821,545495184.6,44973132.54
2019-03-06,277863,524992,603814020.8,38634637.35
2019-03-07,282523,524085,598136964,42860300.81
2019-03-08,285264,545571,621749744.8,44067633.23
2019-03-09,239492,458538,335332056.8,41652968.39
2019-03-10,212877,392557,289475544,41045042.97
2019-03-11,294741,554792,581817561.2,42839445.35
2019-03-12,285653,532589,634318677.2,43141131.59
2019-03-13,285957,515962,632556077.3,40727641.71
2019-03-14,299929,551001,715988875.3,46761366.41
2019-03-15,296970,558693,544675740.5,46157993.94
2019-03-16,262267,468300,360840832.1,49174856.29
2019-03-17,227290,413098,249331295.6,44046190.29
2019-03-18,291505,533680,597904327.9,48571483.82
2019-03-19,304744,551374,609610214.5,52493404.87
2019-03-20,304960,538723,649248713.7,48571483.82
2019-03-21,300712,535702,650496386.4,43141131.59
2019-03-22,298524,550986,528282764.5,48571483.82
2019-03-23,251573,450872,315765407.9,43744504.06
2019-03-24,226166,417726,288672590,47490106.99
2019-03-25,322191,530401,596522167.6,46933020.83
2019-03-26,366415,522961,604089195,42493410.75
2019-03-27,383186,569697,624205341.9,47250135.84
2019-03-28,393698,578059,625086884.9,46298790.82
2019-03-29,369817,563925,818224153.7,46615905.83
2019-03-30,377783,513840,350278425.9,44078985.78
2019-03-31,381652,459478,421441500.8,44078985.78
2019-04-01,368904,528288,640470349.7,43127640.77
2019-04-02,401507,666741,1458650931,49787055.88
2019-04-03,360250,626468,1183522596,45030330.8
2019-04-04,354660,603757,1008344651,44396100.79
2019-04-05,387090,632546,898533778.5,50104170.89
2019-04-06,359569,478034,426663923.5,44081037.56
2019-04-07,350631,447559,441363438.7,44809649.52
2019-04-08,372417,579028,983977267.4,47034242.04
2019-04-09,346071,572096,877070582.1,41949459.12
2019-04-10,396501,593178,851450827.8,47034242.04
2019-04-11,402802,620631,1050019755,49894432.44
2019-04-12,376767,578099,693684833.3,47987638.84
2019-04-13,367076,458376,423377389.3,42902855.92
2019-04-14,337030,430064,550425596.9,38771469.79
2019-04-15,381473,576183,804147839.2,46080845.25
2019-04-16,358517,560007,645003301.7,46080845.25
2019-04-17,350737,555678,896458088,43856252.72
2019-04-18,382981,563075,694249179.2,47352040.98
2019-04-19,362128,597098,691322116.1,48305437.78
2019-04-20,319840,456520,373941308.5,41631660.19
2019-04-21,390735,426630,360713964.5,51199133.02
2019-04-22,342014,498668,740397862.7,42318655.54
2019-04-23,311753,548492,825599122.6,36634060.02
2019-04-24,404279,645489,1576941009,51477170.55
2019-04-25,384089,577184,826381786.8,45160953.3
2019-04-26,381209,593570,1196016426,47687440.2
2019-04-27,359008,460846,442516045.1,43266088.13
2019-04-28,383291,445722,426337706.7,51477170.55
2019-04-29,363207,573010,886065657.8,51477170.55
2019-04-30,346486,604307,841828231.1,44213520.72
2019-05-01,439549,565408,878862399.1,54003657.44
2019-05-02,452646,584864,760391105.9,58109198.65
2019-05-03,383032,615404,858064130.8,48003251.06
2019-05-04,355910,508298,489890940.8,43006075.36
2019-05-05,330732,460613,446363838.2,42978500.7
2019-05-06,378476,573048,769428196.7,50308167.48
2019-05-07,329943,578857,1041193669,42312167.35
2019-05-08,393081,635596,1026598913,50641334.15
2019-05-09,361569,619054,1251747787,49975000.81
2019-05-10,322963,618182,1285152265,41645834.01
2019-05-11,344957,573741,890773875.6,43311667.37
2019-05-12,338571,551654,1047479224,52640334.18
2019-05-13,390428,648734,1691655708,55638834.23
2019-05-14,367370,669376,1659251076,50641334.15
2019-05-15,368901,675925,1595050697,49641834.14
2019-05-16,375062,682196,1694528054,48642334.12
2019-05-17,361654,676115,1298197114,50308167.48
2019-05-18,359704,588499,688963903.7,50986743.45
2019-05-19,346859,516859,776463133.5,54326123.03
2019-05-20,381582,617241,1127760758,53659544.83
2019-05-21,380889,657474,1011724991,50993232.04
2019-05-22,394887,646106,1126821700,55659279.42
2019-05-23,389343,630228,1180520165,52659677.53
2019-05-24,373882,644200,1291010564,50993232.04
2019-05-25,338398,511153,551935634.9,46660473.76
2019-05-26,374072,476819,848987065.9,54992701.22
2019-05-27,399584,644814,1318870008,55659279.42
2019-05-28,390427,685040,1475454598,54659412.12
2019-05-29,405155,680323,2715969883,57992303.11
2019-05-30,376874,642352,1307364486,53664058.51
2019-05-31,298997,598627,2139391264,43386260.58
2019-06-01,332092,578368,950272921.7,55994233.74
2019-06-02,301003,489569,661260854.1,48577778.94
2019-06-03,294009,550346,1387869417,44127906.06
2019-06-04,374763,687738,2210912218,57106701.96
2019-06-05,372948,631420,2554143447,59331638.4
2019-06-06,364526,602273,2028322129,58219170.18
2019-06-07,350011,619327,1100908052,58589992.92
2019-06-08,294369,471819,537539563.5,45982019.76
2019-06-09,300917,438208,429940401.8,54510942.78
2019-06-10,353629,607094,1024400574,58219170.18
2019-06-11,340449,623398,1596486462,53027651.82
2019-06-12,328464,601949,1164520570,48577778.94
2019-06-13,364373,667841,1133834031,55994233.74
2019-06-14,364383,731367,1268348918,62264123.16
2019-06-15,330954,601012,856304521.3,53775192.23
2019-06-16,295254,520293,1037160332,47882020.48
2019-06-17,321072,628484,2950935222,48986990.18
2019-06-18,394843,696937,2182288636,60036687.22
2019-06-19,401032,664204,1908684407,65193212.5
2019-06-20,330103,635532,1190905554,53038545.76
2019-06-21,337741,654639,1529747838,48986990.18
2019-06-22,354075,643642,2222444545,51933576.06
2019-06-23,380088,596158,1181274913,66666505.44
2019-06-24,388342,659329,1758426569,65193212.5
2019-06-25,361385,682866,1831245148,53775192.23
2019-06-26,399624,768792,2930019256,60773333.69
2019-06-27,361050,694016,2491886549,55539973.18
2019-06-28,407094,729817,2653064699,64293187.57
2019-06-29,356682,573175,1357452936,68631991.64
2019-06-30,330731,497075,1651368348,59954383.5
2019-07-01,336862,624927,1639029426,56404452.9
2019-07-02,373409,671396,1813299812,62321003.91
2019-07-03,397554,651074,1618383339,67843118.18
2019-07-04,370704,603018,1933335669,65870934.51
2019-07-05,378453,617685,1176057043,74548542.65
2019-07-06,348674,523872,639979718,70209738.58
2019-07-07,313273,447034,561967420.1,60348820.24
2019-07-08,378966,622449,2099126798,70209738.58
2019-07-09,365588,623107,1779344024,65740170.46
2019-07-10,315664,616784,3158872125,58125055.93
2019-07-11,325776,598394,1909308953,58125055.93
2019-07-12,360899,637928,1573448471,73895419.95
2019-07-13,304545,472491,703409877.2,63532037.88
2019-07-14,303287,437636,880311916.4,65334365.2
2019-07-15,349111,585913,1237233738,65784947.03
2019-07-16,363337,595749,1554876517,72994256.29
2019-07-17,324892,569185,1898295642,59927383.25
2019-07-18,315745,588257,1363791605,54520401.3
2019-07-19,299891,566404,2126938201,53168655.82
2019-07-20,323002,488968,835319633.8,79752983.72
2019-07-21,283934,400500,682036367.3,67136692.51
2019-07-22,319399,533399,1027285548,71191928.97
2019-07-23,320352,531460,946331234.6,64212845.18
2019-07-24,295589,490408,1334346530,62282811.35
2019-07-25,336536,568629,1029705255,67211666.92
2019-07-26,319612,563023,993970297.7,74380911.39
2019-07-27,283892,445312,586372755.5,68107822.48
2019-07-28,272974,391947,379230727.6,78413611.41
2019-07-29,333619,521007,4112257571,75277066.95
2019-07-30,328375,548807,1280347893,63627044.68
2019-07-31,361337,573802,1033351135,76621300.29
2019-08-01,335943,558918,1063515473,63627044.68
2019-08-02,349556,581154,1276543414,75725144.73
2019-08-03,327588,470981,533502021,77517455.85
2019-08-04,298805,421536,584301307,74828989.17
2019-08-05,339136,583599,1783008179,70305379.01
2019-08-06,368348,617620,1820577410,79916269.03
2019-08-07,370909,545941,1528500615,75945274.3
2019-08-08,336181,568245,1409255303,70485156.54
2019-08-09,341125,562840,1423908955,72967028.25
2019-08-10,304138,453016,796863848.4,74952525.62
2019-08-11,273280,414832,577446710.7,75945274.3
2019-08-12,297446,459560,1291059873,66017787.46
2019-08-13,370747,566410,1666494660,77930771.67
2019-08-14,359997,554189,1317218978,75448899.96
2019-08-15,355644,538837,1574111186,77930771.67
2019-08-16,323625,533245,1077642459,72967028.25
2019-08-17,288256,441149,1526187033,63535915.75
2019-08-18,276365,407213,923238653.2,62740159.35
2019-08-19,330473,517545,1023246905,82514504.79
2019-08-20,333304,558999,1220470930,77452265.23
2019-08-21,308808,599152,1083045372,68846457.98
2019-08-22,322453,609067,951158027.8,71377577.76
2019-08-23,340220,564675,2130991480,77452265.23
2019-08-24,304481,452008,592417288.5,80995832.92
2019-08-25,288934,393555,576624098.1,78464713.14
2019-08-26,318219,539168,1311051901,69352681.94
2019-08-27,325984,535379,1295831267,68340234.03
2019-08-28,341200,526015,1050824062,76439817.32
2019-08-29,346734,545362,1674298205,83526952.7
2019-08-30,349200,543570,1323718820,80995832.92
2019-08-31,342195,464447,536730722.7,84033176.66
2019-09-01,285468,423910,527581681.5,75959123.82
2019-09-02,327248,529944,1189099300,79786349.93
2019-09-03,370631,595785,1484070470,87818532.81
2019-09-04,324741,544449,1356552610,72825124.77
2019-09-05,352410,550315,1706403126,88354011.67
2019-09-06,365531,601748,2785938242,84605659.66
2019-09-07,314429,472297,920958388.1,80321828.79
2019-09-08,288507,436798,734442315.9,94779757.97
2019-09-09,316852,536567,1233969517,78179913.36
2019-09-10,339858,564563,1964047353,97457152.27
2019-09-11,338276,556853,1425043055,98528109.98
2019-09-12,335868,564060,1811962087,84605659.66
2019-09-13,308856,546950,926451075.4,81711974.36
2019-09-14,299894,491282,550438176.5,91618125.63
2019-09-15,274146,422886,465077107.5,86889448.17
2019-09-16,347341,562077,1523428332,96346803.08
2019-09-17,343778,567927,1412330121,87480532.86
2019-09-18,363185,578686,1899700648,102848734.6
2019-09-19,346110,552276,1263814528,87480532.86
2019-09-20,340929,557003,1752366741,89253786.9
2019-09-21,336013,493311,1297619718,98120057.12
2019-09-22,318713,456990,552377407.5,98120057.12
2019-09-23,288149,544681,855073770.2,67383653.69
2019-09-24,353263,596954,3139283339,92800294.99
2019-09-25,347747,571599,2087385265,92209210.31
2019-09-26,355775,554702,1313285337,102155715.1
2019-09-27,303903,532292,1158429641,83726816.32
2019-09-28,314433,474974,580178846.8,100852756
2019-09-29,285542,435119,461412848.7,86263992.57
2019-09-30,311396,540376,1032865548,82458228.19
2019-10-01,337244,573854,1076885942,90704051.01
2019-10-02,326557,535484,753518693.1,93875521.33
2019-10-03,326514,525476,941153423.8,93241227.26
2019-10-04,337222,545609,734036335,93241227.26
2019-10-05,326683,480438,375403716,100218462
2019-10-06,277613,435006,437929223.3,94509815.39
2019-10-07,328803,538987,858436648.3,98315579.77
2019-10-08,336354,534935,951086445.4,102755638.2
2019-10-09,311049,524494,1063632109,87532580.7
2019-10-10,345048,549668,1061857762,103681264.3
2019-10-11,345425,547368,940680504.5,100875176.1
2019-10-12,301693,452069,434035291.2,86002553.97
2019-10-13,279487,417760,358793113.4,91822275.67
2019-10-14,304466,513254,1712938625,87295825.46
2019-10-15,339698,533673,933447813.6,98935268.85
2019-10-16,338473,545056,944835135.1,92468911.41
2019-10-17,334105,528543,1260759811,96995361.62
2019-10-18,339390,518606,1046146449,103461719.1
2019-10-19,304736,486396,393045996.9,91822275.67
2019-10-20,289796,437713,335445114.1,94408818.64
2019-10-21,351791,545843,949795298.9,102815083.3
2019-10-22,341464,541300,996706690.9,109281440.8
2019-10-23,349320,544470,1296382266,109144376.3
2019-10-24,303843,515253,984320293.1,90520752.86
2019-10-25,328598,570469,1334170238,93923788.68
2019-10-26,305722,541095,1256366631,95285003.01
2019-10-27,256253,438755,721778043.4,78269823.9
2019-10-28,309611,540579,1882149479,91201360.02
2019-10-29,307953,527526,1157811408,90520752.86
2019-10-30,314163,536888,933497841.3,91201360.02
2019-10-31,293779,504880,1573437647,89840145.69
2019-11-01,316187,563151,2074156434,88478931.37
2019-11-02,284443,472031,736867493.4,91201360.02
2019-11-03,294367,465534,791930340.1,93923788.68
2019-11-04,310979,549112,1333487929,89840145.69
2019-11-05,332839,576664,2769186824,98007431.67
2019-11-06,314698,559293,1446365892,89840145.69
2019-11-07,324487,553447,1410260957,91737090.37
2019-11-08,311441,541512,1458241138,80936306.12
2019-11-09,306163,519291,1046596790,91053344.38
2019-11-10,299712,435494,364320564.2,104964272
2019-11-11,326707,511673,718863061.2,95479548.62
2019-11-12,301382,501680,865205529.8,85362510.36
2019-11-13,318945,555616,1486062566,85362510.36
2019-11-14,350023,535548,946450282.5,106861216.7
2019-11-15,325145,575887,1199132985,99905752.86
2019-11-16,283468,495077,461834641.9,93582603.95
2019-11-17,264370,430853,342818350.3,97376493.3
2019-11-18,304671,510494,1043917564,88524084.81
2019-11-19,327630,561226,923399726.1,92950289.06
2019-11-20,321086,525739,870969121.5,89788714.6
2019-11-21,323954,584765,1165992114,87143254.96
2019-11-22,310539,607299,1691710108,85127203.65
2019-11-23,306424,514757,1151153476,111568229
2019-11-24,267368,436089,544401075.4,84482300.6
2019-11-25,279470,495578,1313006695,80612882.25
2019-11-26,321310,576620,1179814702,78678173.07
2019-11-27,317597,566552,1513433741,89641525.06
2019-11-28,309623,533010,769525352.6,105119198.5
2019-11-29,311290,543960,1078007992,87706815.88
2019-11-30,277458,493866,696535295.2,81257785.31
2019-12-01,274621,468193,410180206.4,89641525.06
2019-12-02,314730,552276,904057314.8,93510943.41
2019-12-03,336512,565368,1101171350,101894683.2
2019-12-04,337284,569753,1466498116,107698810.7
2019-12-05,311468,535061,829793365.2,93386357.5
2019-12-06,315386,534431,1235038810,92816137.38
2019-12-07,285284,465570,842686832.9,99217250.3
2019-12-08,278853,434939,307899861.8,94736471.25
2019-12-09,313629,538820,984541456.8,94736471.25
2019-12-10,320064,548706,1203358980,94736471.25
2019-12-11,291248,521113,960237277.3,84494690.58
2019-12-12,311795,531404,1259580435,85134801.87
2019-12-13,322888,547987,910737706,97296916.42
2019-12-14,293496,475246,455496984,96656805.13
2019-12-15,263441,434034,331461605.8,79373800.24
2019-12-16,327085,549300,880428472.3,100497472.9
2019-12-17,319254,557300,1699726139,90255692.21
2019-12-18,314249,560284,1653840923,85774913.16
2019-12-19,319555,539310,1185600662,100622310.1
2019-12-20,332657,,1192218774,100413779
2019-12-21,311118,479841,484021776.7,113287340.4
2019-12-22,281070,432257,409093776.8,108781593.9
2019-12-23,304845,518639,1144871678,92045964.05
2019-12-24,290436,493086,770512475.8,80459758.78
2019-12-25,244666,401735,863528900.8,82390793
2019-12-26,296063,476783,783721256.3,107494237.7
2019-12-27,322204,539658,847107991.8,93333320.19
2019-12-28,298287,490465,480834303.8,95908032.47
2019-12-29,279925,449701,381265550.9,99770100.89
2019-12-30,324497,544505,956242180.5,106850559.7
2019-12-31,293447,489182,854423855.6,93333320.19
2020-01-01,251735,389706,278141982,112718458.5
2020-01-02,295567,475461,692062815.9,96717718.31
2020-01-03,316517,523231,1721171458,115924073.7
2020-01-04,287215,465366,623052159.1,115238132.5
2020-01-05,287779,459065,355303880.3,111808426.1
2020-01-06,299146,522665,962060777.7,92602070.72
2020-01-07,344079,576831,1122651352,120725662.6
2020-01-08,318019,558689,1185786690,97403659.58
2020-01-09,322057,553318,1557053629,107692778.5
2020-01-10,330734,590633,1280612805,102205248.4
2020-01-11,309070,509544,512234137.7,111808426.1
2020-01-12,283136,450668,451843048.8,103577131
2020-01-13,291597,501600,881745942.1,98089600.84
2020-01-14,346953,616194,2900956207,99607271.22
2020-01-15,332658,580574,2458672965,110915119.4
2020-01-16,325947,555072,1325748764,116791417.1
2020-01-17,323992,562153,1542090152,116791417.1
2020-01-18,287237,491063,691951125.4,96958912.29
2020-01-19,283960,477110,604108398.9,110180582.2
2020-01-20,313661,532773,1265736840,111649656.6
2020-01-21,315210,544525,897029395,112384193.8
2020-01-22,328586,544484,1252987750,114587805.4
2020-01-23,329918,535923,1402766346,116791417.1
2020-01-24,313887,534403,983478887.1,111649656.6
2020-01-25,285584,461312,372513968.7,120464103.2
2020-01-26,261247,429535,375372747,105038821.7
2020-01-27,279240,504693,810082885.6,94755300.65
2020-01-28,340052,589168,1052472169,107321517
2020-01-29,340562,573372,1212895194,123011831.7
2020-01-30,332558,570253,1703649922,119936535.9
2020-01-31,334434,572887,2215319754,110710648.5
2020-02-01,303724,523782,994556671,116092416.2
2020-02-02,290879,501222,610013826.8,109941824.6
2020-02-03,331012,573277,3506998581,113785944.3
2020-02-04,309190,555771,980532522.9,101484761.2
2020-02-05,368604,618126,1182655805,122243007.8
2020-02-06,315370,552411,3323586288,103791233
2020-02-07,334938,599280,1803840353,106866528.8
2020-02-08,318363,529398,1443920309,106866528.8
2020-02-09,317070,508254,744577606.6,117630064.1
2020-02-10,298104,526825,1655558310,93796521.68
2020-02-11,365583,641161,2306736287,114190850.9
2020-02-12,344615,612313,1870288291,109742275.2
2020-02-13,340081,608036,1903943551,108969442.3
2020-02-14,326078,564227,1546031521,104332444.7
2020-02-15,322721,563001,1109593959,109742275.2
2020-02-16,292236,474183,1638768688,109742275.2
2020-02-17,341491,584197,2253057178,121334769
2020-02-18,331050,569291,1513418379,115924938.6
2020-02-19,334805,580124,1880304368,108969442.3
2020-02-20,316626,563175,1635169613,97376948.41
2020-02-21,338484,574950,1133722529,119016270.3
2020-02-22,304597,525819,508369260.7,114379272.7
2020-02-23,285579,465169,737289757.9,109742275.2
2020-02-24,328890,558687,1060129347,108969442.3
2020-02-25,334593,566484,1088999982,111020255.7
2020-02-26,329967,588558,1306061365,104700775.4
2020-02-27,338781,578398,2025910515,113169220.5
2020-02-28,368590,611266,1789999977,121637665.6
2020-02-29,307527,519628,614926644.9,107010351.4
2020-03-01,309849,505885,549446378.7,136264979.8
2020-03-02,342821,608032,1226689507,114708937.8
2020-03-03,342324,593725,1346019715,117788372.4
2020-03-04,358745,625096,1344613313,128566393.4
2020-03-05,349529,603996,1347117309,125486958.8
2020-03-06,338383,601698,1586746059,119328089.6
2020-03-07,313312,526880,714006122.1,120867806.9
2020-03-08,302694,501571,750461852.2,121637665.6
2020-03-09,348211,606002,2012070399,119877105.1
2020-03-10,329698,601526,1642231325,108616241.4
2020-03-11,287492,528053,1574744357,97919187.32
2020-03-12,349978,653156,3596290367,124250397.3
2020-03-13,276798,,2755019579,102856289.2
2020-03-14,279828,517382,1169201201,105324840.1
2020-03-15,223230,413935,691118819.7,97919187.32
2020-03-16,270399,532450,1829202303,97919187.32
2020-03-17,278326,540902,1553039642,101210588.6
2020-03-18,231254,476482,1087150158,82285031.36
2020-03-19,265689,525607,1203126599,88044983.55
2020-03-20,284594,564748,2081996655,89690684.18
2020-03-21,245896,469859,647373597.9,102033438.9
2020-03-22,209154,409829,707671399.2,104501989.8
2020-03-23,259816,509038,1055238675,92159235.12
2020-03-24,278131,528586,1896290041,108616241.4
2020-03-25,218176,456328,939872246.7,75702228.85
2020-03-26,292828,539881,982877530,112492821.4
2020-03-27,276546,529197,1213708785,107197274.9
2020-03-28,240627,469113,606386218.7,93365368.43
2020-03-29,232820,428425,579110788.1,104430893.6
2020-03-30,276828,535787,1063117757,101664512.3
2020-03-31,290227,546702,1183183833,109963656.2
2020-04-01,281855,544088,861593745.7,105814084.2
2020-04-02,299176,569905,1112746186,105814084.2
2020-04-03,278763,548300,996027773.8,91290582.46
2020-04-04,253274,479599,461924504.6,108580465.5
2020-04-05,240259,452282,446883068.9,121029181.3
2020-04-06,280470,557192,1903887716,88524201.18
2020-04-07,312770,598670,1534435754,116188014
2020-04-08,286563,554336,959560031.9,103061194.8
2020-04-09,286706,544185,2311484768,112650577.8
2020-04-10,288585,550585,1101942938,119234053.2
2020-04-11,247852,474445,467888135.7,116308064.1
2020-04-12,228529,437242,408486669.6,111919080.6
2020-04-13,288113,549230,1124828314,125086031.2
2020-04-14,299391,583665,824353875.2,122891539.4
2020-04-15,310253,612959,1009167505,123623036.7
2020-04-16,322903,635870,1278047927,112650577.8
2020-04-17,284222,579437,1073444828,92900151.84
2020-04-18,289134,562996,519833202.1,115576566.9
2020-04-19,251984,485888,458165164.1,111187583.3
2020-04-20,310810,619559,999366645.3,117771058.6
2020-04-21,310851,610555,1086827837,115730561.6
2020-04-22,278755,574265,950788113,103923467.2
2020-04-23,329045,666919,1287058107,112649865.2
2020-04-24,320055,641059,1901237346,114236483.1
2020-04-25,280805,554934,588383800.4,107890011.8
2020-04-26,252833,499998,477350119.7,108683320.7
2020-04-27,311217,629817,1244890679,111856556.3
2020-04-28,323475,644967,1057322602,122169572.2
2020-04-29,331401,679872,3184852306,115029792
2020-04-30,321972,687395,2685333577,107096702.9
2020-05-01,340574,680654,1977433108,111856556.3
2020-05-02,286773,578296,650315089,117409718.7
2020-05-03,281752,553075,798356910.6,133275896.9
2020-05-04,326098,651350,1301213021,125342807.8
2020-05-05,329075,652289,1158788355,126294576.8
2020-05-06,333395,671519,1639157503,123288445.7
2020-05-07,341986,696092,1938783579,117684425.4
2020-05-08,323625,670883,2581331592,109678682.2
2020-05-09,312399,631542,1891310409,108878107.9
2020-05-10,286789,571802,1160570548,136097634.8
2020-05-11,305839,645065,1697952429,125690168.6
2020-05-12,345215,686850,1902634190,116883851.1
2020-05-13,296796,619855,1840743653,95268344.37
2020-05-14,268750,593862,1256024235,91265472.76
2020-05-15,310642,644507,1570409120,100071790.3
2020-05-16,296555,589910,904101584.2,100872364.6
2020-05-17,236808,495954,554234698.8,81658580.89
2020-05-18,273723,602631,1522447448,102473513.3
2020-05-19,274897,581379,1324908762,92066047.08
2020-05-20,280037,604523,1698883645,86971887.32
2020-05-21,298483,624412,1827598465,98579623.7
2020-05-22,278784,,1309276220,83529299.47
2020-05-23,269230,558174,659872561.7,89549429.17
2020-05-24,214530,458476,981745455.3,87291880.53
2020-05-25,265875,551378,2386079966,94064526.43
2020-05-26,295782,605213,1028006698,93312010.22
2020-05-27,292927,603823,1653961345,103847237.2
2020-05-28,299910,617362,1299498648,98579623.7
2020-05-29,280960,591013,1652605318,95569558.86
2020-05-30,286046,556912,726174719.7,117392529
2020-05-31,258427,495162,1560857802,112877431.7
2020-06-01,308312,623944,2405059314,100837172.3
2020-06-02,304114,638403,2689299632,97074591.28
2020-06-03,314000,646746,1367910769,104599753.4
2020-06-04,318285,628388,1754810884,108668660.7
2020-06-05,327082,643217,1798108013,122192367.7
2020-06-06,284873,548424,578237010.3,133797229.5
2020-06-07,252368,487527,500851759.6,108539589.2
2020-06-08,317275,625333,1476953361,110587506
2020-06-09,327074,644690,1189532513,109222228.1
2020-06-10,325163,645485,1185046065,111952783.8
2020-06-11,332490,673800,2319865800,126288201.3
2020-06-12,318274,635165,1189940933,111270144.9
2020-06-13,280181,541115,576532445.7,107856950.3
2020-06-14,275723,502951,459031700.9,116048617.4
2020-06-15,294468,606713,1689895109,94204171.77
2020-06-16,340517,683561,1657379523,106374812.7
2020-06-17,333547,669086,1698265607,108283617.6
2020-06-18,283897,582343,1191197355,97298323.04
2020-06-19,344142,674050,2333210102,111422273.2
2020-06-20,284123,553650,580481419.6,107498953.7
2020-06-21,259440,475037,536969560.5,114560928.7
2020-06-22,301396,603576,1369587320,112206937.1
2020-06-23,355256,704215,2158044284,123976895.5
2020-06-24,312321,625283,1668568263,109068281.5
2020-06-25,312183,631260,1809758026,110637609.3
2020-06-26,330381,646111,1982165061,128684878.9
2020-06-27,275489,546558,598209748,108283617.6
2020-06-28,264909,500152,602227413.2,117699584.3
2020-06-29,315424,625207,1094780887,113776264.8
2020-06-30,299733,621031,964046737.9,115344676.1
2020-07-01,382570,758469,1468279709,127111309
2020-07-02,339469,674745,1329290846,128680584.5
2020-07-03,331009,661454,1162725811,127895946.7
2020-07-04,288647,561108,598371117.1,123188120.5
2020-07-05,274104,509206,511532010.2,127895946.7
2020-07-06,338767,678157,1413260028,120834207.4
2020-07-07,345975,706177,1265052644,126326671.3
2020-07-08,347455,702636,1582500913,118480294.2
2020-07-09,362718,708162,1383313673,128680584.5
2020-07-10,345996,681724,1239897770,126326671.3
2020-07-11,306771,601249,576572385.6,122403482.8
2020-07-12,282364,525851,481367498.7,119264931.9
2020-07-13,310227,638906,1354265482,121086665.7
2020-07-14,359847,734433,1245429103,124167138.5
2020-07-15,316064,671171,1239461868,118993507.8
2020-07-16,345849,709099,1266988570,117268964.2
2020-07-17,293907,629600,1100985769,101748071.9
2020-07-18,311022,632584,699138625.6,112095333.4
2020-07-19,277093,550119,635003579.1,112957605.2
2020-07-20,309747,644972,1056788377,121580323.2
2020-07-21,312871,660884,1326906299,107783974.4
2020-07-22,364792,748958,1606938398,124167138.5
2020-07-23,336245,696765,1733033896,117268964.2
2020-07-24,369432,740460,1581504621,138825759.1
2020-07-25,293883,619497,895321520.4,122442595
2020-07-26,298580,608050,1009262428,136238943.7
2020-07-27,326769,690892,2520983909,128205972.9
2020-07-28,354742,745966,2732598812,121437040.4
2020-07-29,346521,717842,2066537370,123949530.9
2020-07-30,327789,689993,1893559565,113062072.1
2020-07-31,356906,733209,2132382807,128137015
2020-08-01,296705,644333,1282524246,114737065.8
2020-08-02,287869,616214,1161811696,118087053.1
2020-08-03,333753,708227,2630857377,135674486.5
2020-08-04,329032,708169,1514661049,121437040.4
2020-08-05,291814,655315,1382305624,108037091.1
2020-08-06,356612,762479,2122100339,130649505.5
2020-08-07,326499,707225,1897594214,127299518.2
2020-08-08,283631,625679,957307311.3,118924549.9
2020-08-09,268402,564507,819746332.1,130649505.5
2020-08-10,308367,683507,2038494057,114901504.5
2020-08-11,349952,744212,1833511323,129741892.8
2020-08-12,346405,733894,1622537211,132269332.3
2020-08-13,325346,690043,1705063981,123844534.1
2020-08-14,365679,755913,2293744967,140694130.5
2020-08-15,313760,664922,1090367766,131426852.5
2020-08-16,285069,571198,923018319.3,128056933.2
2020-08-17,292944,652100,2046439654,105309978
2020-08-18,346036,739835,2363375057,117947175.3
2020-08-19,333879,710405,1951302614,116262215.7
2020-08-20,333683,705709,1599895180,123002054.3
2020-08-21,314297,675988,1516606231,130584372.7
2020-08-22,311699,649053,947590518.4,114577256
2020-08-23,288728,569381,694626473.1,132269332.3
2020-08-24,329133,674821,1349526577,128441437.2
2020-08-25,304409,678008,1571905464,111720008.7
2020-08-26,324184,696908,1606738709,123939384.6
2020-08-27,328157,702891,1582727808,112592821.3
2020-08-28,352722,720277,2013696414,142268448.6
2020-08-29,292783,617518,936108106.1,127430634.9
2020-08-30,269114,555079,1092133418,110847196.1
2020-08-31,302920,662241,2351032935,130921885.2
2020-09-01,376508,795329,2357189691,134413135.5
2020-09-02,317449,714425,2108369094,125685009.8
2020-09-03,310922,691592,2195667067,112592821.3
2020-09-04,298286,680093,2512517216,117829696.7
2020-09-05,325523,685736,1263375219,123066572.1
2020-09-06,262820,557370,942632672.8,130921885.2
2020-09-07,327662,672721,1747148282,151762133.8
2020-09-08,332668,693543,1706304708,133652505.3
2020-09-09,314864,681429,1479239534,128478860
2020-09-10,345981,745318,1510201426,136239328
2020-09-11,308323,677215,1615058495,118993843.5
2020-09-12,300152,604531,855809354.8,146586618.7
2020-09-13,255110,540351,786517189.8,139688424.9
2020-09-14,354020,726085,1641329658,151760264.1
2020-09-15,332957,718787,1675152817,134514779.6
2020-09-16,342609,747111,1875402238,133652505.3
2020-09-17,348581,740029,1728645381,153484812.6
2020-09-18,325157,687638,1937356457,142275247.6
2020-09-19,296357,624125,1020812737,128478860
2020-09-20,259095,535691,845867147.7,135165071.8
2020-09-21,297605,644695,1618550494,139219832.8
2020-09-22,312989,678668,1620744901,123857644.3
2020-09-23,349938,733591,1930400509,136339422.4
2020-09-24,316552,684217,2038281714,131538738.5
2020-09-25,353070,741029,1904178399,162263115.4
2020-09-26,276162,591249,794309819.7,144020516.6
2020-09-27,259382,538619,789919236,145940790.2
2020-09-28,295476,629197,1644928782,123857644.3
2020-09-29,347696,735651,1756325730,135379285.6
2020-09-30,351417,748143,1561125507,149781337.3
2020-10-01,304757,679937,1674944662,119056960.4
2020-10-02,315443,689077,2283910067,130578601.8
2020-10-03,310855,642826,846455550.5,144980653.4
2020-10-04,268019,562147,634742572.5,151592064.1
2020-10-05,294986,635097,1343799081,134303836.4
2020-10-06,317922,692891,1385299160,124710705.3
2020-10-07,370554,762636,1847973952,144856280.7
2020-10-08,330227,698982,1564119347,155408725
2020-10-09,339343,714645,2052602360,136222462.7
2020-10-10,298486,631182,1149403530,137181775.8
2020-10-11,256096,541483,651622749.4,134303836.4
2020-10-12,314174,658073,1519550415,142937654.5
2020-10-13,333215,732250,1713107902,159245977.5
2020-10-14,314541,680468,1641335688,142937654.5
2020-10-15,340993,743078,1656087274,144856280.7
2020-10-16,324647,712317,1735871118,148693533.2
2020-10-17,275069,586741,694375228.6,152419671.5
2020-10-18,231557,512486,564810368.5,119288755.7
2020-10-19,303929,679146,1621572966,124259120.5
2020-10-20,330563,713764,1656442476,143146506.8
2020-10-21,311292,687152,2381891958,129229485.3
2020-10-22,339087,753892,3311533244,136187996.1
2020-10-23,323869,712518,2772642131,130223558.3
2020-10-24,306774,657714,1019815579,151099090.6
2020-10-25,242273,547380,770092624.1,116306536.8
2020-10-26,252494,579939,2143577767,109348026.1
2020-10-27,251938,600338,1916977069,98413223.45
2020-10-28,261340,615001,2517314640,99407296.42
2020-10-29,276070,652778,2135566368,107359880.1
2020-10-30,268364,635998,1893674939,110342099
2020-10-31,275796,613906,1316281835,112330244.9
2020-11-01,276280,592197,1188080330,124259120.5
2020-11-02,224609,543348,1715336328,94436931.6
2020-11-03,331673,727413,3811487631,124332259
2020-11-04,320697,707247,1988917620,132689483.1
2020-11-05,318668,729209,5149644713,122675182.5
2020-11-06,340351,756129,3527917034,127682332.8
2020-11-07,270901,608746,1502513709,121840657.4
2020-11-08,243047,555482,1123463511,115164457
2020-11-09,326383,713629,2728063356,154387134.4
2020-11-10,303270,684892,2632911828,122675182.5
2020-11-11,322277,713744,2715135370,122675182.5
2020-11-12,324855,721180,3262813497,133524008.1
2020-11-13,300040,685725,2656697442,115998982.1
2020-11-14,273511,613373,1356685553,118502557.2
2020-11-15,252715,555375,795037576.2,125178757.6
2020-11-16,311477,681273,2343880258,135534841.9
2020-11-17,347772,770689,3117390382,137334450.9
2020-11-18,362007,807705,4148880836,147831351.6
2020-11-19,311061,717377,2649430668,119839616.4
2020-11-20,348026,772326,4202034217,146956609.8
2020-11-21,311189,663959,2261632555,147831351.6
2020-11-22,271125,587237,1454587917,152205060.2
2020-11-23,297840,671932,2703213541,128587033.6
2020-11-24,333293,756417,4162955938,118964874.6
2020-11-25,361990,812699,3581534996,135584967.4
2020-11-26,323975,736612,3560329146,131211258.8
2020-11-27,322445,719237,3539855460,134710225.7
2020-11-28,293949,644206,1310741286,134710225.7
2020-11-29,263573,589008,1353406965,135399801.3
2020-11-30,256551,623554,3302208582,107610727.9
2020-12-01,378068,841581,4627255394,144750713.7
2020-12-02,327019,756978,2983704874,124752259.8
2020-12-03,346921,777633,2744199631,149512250.3
2020-12-04,318894,729984,3109317273,137132255
2020-12-05,282599,642981,1245963842,137132255
2020-12-06,258624,582059,1002450425,129513796.4
2020-12-07,300906,673269,2103990332,142846099
2020-12-08,330970,737193,3771844232,137132255
2020-12-09,321079,748572,2599989621,132370718.4
2020-12-10,313649,713602,3877167092,123799952.5
2020-12-11,304735,711679,2913875515,131418411.1
2020-12-12,295410,654893,1929697457,125704567.1
2020-12-13,276160,611911,3450322095,148463110.1
2020-12-14,314350,696656,2685900126,134574371.4
2020-12-15,320440,722550,3108771397,129933875.8
2020-12-16,315217,751162,4228699632,132718173.2
2020-12-17,309481,754492,5540206537,119724785.6
2020-12-18,375549,851929,6176614858,145711560.8
2020-12-19,343536,756109,2768897617,146639659.9
2020-12-20,282043,638816,2436345571,140142966.1
2020-12-21,269834,649848,3918912339,126221479.4
2020-12-22,324163,738842,6418279943,132718173.2
2020-12-23,338463,782736,6427851084,142927263.4
2020-12-24,269559,639280,4019021845,116940488.2
2020-12-25,303901,662980,2352003685,133646272.3
2020-12-26,273954,627843,2615234143,127149578.5
2020-12-27,309005,696527,4714768343,137358668.7
2020-12-28,308983,717073,8026930077,147938034
2020-12-29,336311,775919,5504342175,140537799.4
2020-12-30,338258,807268,5840540995,159029615.1
2020-12-31,344918,809871,5636631338,153482070.4
2021-01-01,258080,609741,4343208402,137764027
2021-01-02,297111,711719,6152237015,139613208.6
2021-01-03,359116,812749,5847742860,146085344.1
2021-01-04,373734,851667,7503147813,159954205.9
2021-01-05,354091,845343,6775407806,145160753.3
2021-01-06,397384,924851,7549976673,163652569
2021-01-07,401744,940647,9896769613,155331252
2021-01-08,358526,883788,8838843563,136839436.2
2021-01-09,321389,760179,5814286455,133808024.5
2021-01-10,331865,768365,4278195465,162879650.9
2021-01-11,333958,801285,6926936906,157757649.3
2021-01-12,336627,796457,7357383073,151611247.4
2021-01-13,319167,772596,5277220347,155708848.7
2021-01-14,338809,802110,8352711917,150586847.1
2021-01-15,344002,808283,6530346132,158782049.6
2021-01-16,308461,733398,2570302175,150586847.1
2021-01-17,271874,642730,2561329125,136245242.6
2021-01-18,313816,720228,3849376580,148538046.4
2021-01-19,325083,757920,7509307340,152635647.7
2021-01-20,314809,755823,5094690668,144440445.2
2021-01-21,290754,736588,4661464273,132147641.3
2021-01-22,326935,783335,5354605408,145464845.5
2021-01-23,305209,710703,2103201286,159781151.2
2021-01-24,253971,608849,1966307039,143884925.4
2021-01-25,309102,732867,3905630183,144920068.7
2021-01-26,336935,768537,4228927064,166658079
2021-01-27,323553,787548,5425004804,146990355.4
2021-01-28,325146,767142,4988231553,150095785.5
2021-01-29,341036,888960,8288844085,157341788.9
2021-01-30,312313,756022,3416568799,140779495.3
2021-01-31,290753,702062,3119627987,149060642.1
2021-02-01,280863,724841,4586348228,124217201.8
2021-02-02,364551,865515,4346023784,157341788.9
2021-02-03,344425,836448,4985868434,155271502.2
2021-02-04,367788,895626,6269136960,165622935.7
2021-02-05,360541,856297,6157892771,174939225.8
2021-02-06,333886,795079,4577756278,169021265.5
2021-02-07,286364,718596,3515624989,166219498
2021-02-08,335223,822971,8364117755,172612555.6
2021-02-09,360137,903883,1.083462813e+10,152367873.2
2021-02-10,340758,861426,7305646116,152367873.2
2021-02-11,304739,796146,6333458805,137450738.7
2021-02-12,343306,857246,7811431840,151302363.6
2021-02-13,336624,788028,3676762390,167285007.6
2021-02-14,298254,698818,3102283703,158760930.8
2021-02-15,308496,769869,5028594621,160891950
2021-02-16,296388,745457,6187880486,128926661.9
2021-02-17,317666,829226,7740989999,147040325.2
2021-02-18,316952,820203,8027247242,145974815.6
2021-02-19,341586,884319,8975014335,163181402.2
2021-02-20,320475,830094,6995147926,157667240.1
2021-02-21,271645,680893,7839947832,152267677.1
2021-02-22,285383,761941,8515953766,143628376.2
2021-02-23,287884,796658,1.210260827e+10,137148900.6
2021-02-24,358092,874171,9123958043,171706103.9
2021-02-25,326116,830544,8084434721,168466366.1
2021-02-26,306416,817077,7202864759,150107851.9
2021-02-27,320784,775777,3416482976,169546278.7
2021-02-28,254316,629972,3227571917,141468551
2021-03-01,280485,748049,5867267655,140388638.4
2021-03-02,338150,810035,6707252970,154427502.3
2021-03-03,333402,840642,6540727320,164146715.7
2021-03-04,289631,752764,5254550975,138228813.2
2021-03-05,317780,806404,8571816586,160906977.9
2021-03-06,287963,677322,2814010103,162254331
2021-03-07,260739,654593,3256898859,155665151.9
2021-03-08,291955,723503,6455368739,165260948.9
2021-03-09,299682,782612,7267886049,149267953.9
2021-03-10,344688,833186,7607218390,158863750.9
2021-03-11,291245,766597,7815260935,140738356.5
2021-03-12,320744,818834,8389445170,159929950.6
2021-03-13,277072,739312,6252538515,152466552.9
2021-03-14,308050,736008,5914693356,167393348.3
2021-03-15,292231,782966,7391203818,157797551.2
2021-03-16,319493,822884,8414319042,158863750.9
2021-03-17,296119,808119,6410069888,145003155.2
2021-03-18,331718,885634,5684429157,162062349.9
2021-03-19,316180,833389,5953986740,158357615.4
2021-03-20,286948,742019,3378908923,167389189
2021-03-21,234936,612850,3654267039,169563074.6
2021-03-22,297410,781908,5299609270,164128360.7
2021-03-23,314234,810265,7567504957,174997788.5
2021-03-24,305093,780464,6956174963,165215303.5
2021-03-25,318562,847860,7475059268,167389189
2021-03-26,293610,790548,7494637392,147824218.9
2021-03-27,288259,722993,3738511752,172823903
2021-03-28,248605,629197,2746380160,172823903
2021-03-29,303305,776764,6604751298,164128360.7
2021-03-30,321090,826466,6286007313,158693646.8
2021-03-31,332749,900660,6798433825,170650017.4
2021-04-01,311939,814587,6961929172,157606704
2021-04-02,305788,795716,6501984723,160517766.4
2021-04-03,281717,704293,3823846851,150672055.7
2021-04-04,246007,618857,3007013910,167924581.2
2021-04-05,289046,763702,5636763513,179426264.8
2021-04-06,309565,841579,1.138389895e+10,165624244.5
2021-04-07,321319,860993,6422300910,180576433.2
2021-04-08,278534,761635,6112050100,154122560.8
2021-04-09,324720,853581,6330239987,174825591.4
2021-04-10,299086,762965,6092856978,180576433.2
2021-04-11,253449,653736,4013468489,166774412.8
2021-04-12,291369,762819,7343373829,165624244.5
2021-04-13,310213,839652,9364020483,163323907.7
2021-04-14,297494,854552,9467805074,155272729.2
2021-04-15,359440,952400,7491319880,198514005.7
2021-04-16,219704,733666,7918735254,120743465.6
2021-04-17,194580,611196,3345356861,106676265.7
2021-04-18,274735,754058,1.185664736e+10,145361065.3
2021-04-19,208413,674744,7003954976,113709865.6
2021-04-20,279977,829989,8311557599,150050132
2021-04-21,226021,719498,7009968211,118398932.3
2021-04-22,274610,757844,8500130356,167634131.8
2021-04-23,295731,794322,1.148611719e+10,158255998.6
2021-04-24,290690,695216,3907764473,169978665.1
2021-04-25,241041,585806,5690337431,165289598.5
2021-04-26,240687,677984,6987267570,133638398.8
2021-04-27,298109,748381,6828181874,166461865.1
2021-04-28,277126,728620,5400170408,166461865.1
2021-04-29,259465,703520,7198764178,143016532
2021-04-30,289389,738101,8038587266,169978665.1
2021-05-01,262991,677778,3347043375,158954590
2021-05-02,235214,587240,2991270138,189527186.5
2021-05-03,287007,746177,5954769584,181331416.3
2021-05-04,300824,772207,7698193443,185429301.4
2021-05-05,309774,808208,6381517581,160841990.7
2021-05-06,311380,843433,7566141015,174160117.3
2021-05-07,307988,804452,9703541847,176209059.9
2021-05-08,274691,744143,4620961716,175184588.6
2021-05-09,247866,690253,5388114090,190551657.8
2021-05-10,303297,824736,8099530690,184404830.1
2021-05-11,312115,854634,6620873679,176209059.9
2021-05-12,300452,852846,1.295341426e+10,176209059.9
2021-05-13,276472,806882,1.13556819e+10,185896531.3
2021-05-14,266055,752353,7906534590,166839065.3
2021-05-15,232099,646899,4191692549,153143321.1
2021-05-16,219435,604353,5725518843,164348930
2021-05-17,250910,684281,1.010016744e+10,150653185.8
2021-05-18,221018,619246,6401432361,124506765.1
2021-05-19,263419,734818,1.46426159e+10,155633456.4
2021-05-20,228039,694786,1.205910797e+10,139447577
2021-05-21,226351,695822,7317126300,136957441.7
2021-05-22,223800,603588,5042562364,144427847.6
2021-05-23,194320,555526,4450529580,148163050.5
2021-05-24,234755,643231,7207897768,156878524.1
2021-05-25,233644,640506,6201345379,153143321.1
2021-05-26,230753,641585,5744713581,151898253.5
2021-05-27,214035,602300,4886792808,145672915.2
2021-05-28,218311,616432,5453824455,148163050.5
2021-05-29,198332,537305,3534235036,144427847.6
2021-05-30,179795,476088,2229477248,151858199.8
2021-05-31,226469,599311,3294970505,147526659
2021-06-01,234561,615006,5421714885,148572947.4
2021-06-02,250589,663855,3845016656,173683868.1
2021-06-03,255621,692529,4080204482,153804389.2
2021-06-04,236672,632737,3411600139,137063775.4
2021-06-05,194580,537842,2192085665,137063775.4
2021-06-06,185305,467665,1550993266,156943254.3
2021-06-07,235479,615279,3987593297,139156352.1
2021-06-08,246906,656191,4855389938,155896965.9
2021-06-09,210911,581779,4061991300,131832333.6
2021-06-10,252983,679752,4643427946,123462026.7
2021-06-11,216502,616007,3501716416,109860278
2021-06-12,222774,584529,2153678029,138110063.8
2021-06-13,187098,480484,1539743948,136724465.1
2021-06-14,242416,624698,4973233613,133766696.2
2021-06-15,241861,677276,4080041045,129803238.6
2021-06-16,252937,651528,3918231599,121876323.2
2021-06-17,237725,601894,3458321392,128812374.1
2021-06-18,222918,567037,5151710129,122867187.6
2021-06-19,187042,489074,2186838846,102059034.9
2021-06-20,167249,441204,2162759240,104040763.7
2021-06-21,205050,549345,4751842584,104040763.7
2021-06-22,196523,550948,4882368444,90168661.9
2021-06-23,232704,598493,4386486291,100077306.1
2021-06-24,233278,594998,3876348202,104040763.7
2021-06-25,218245,564091,4356792800,108995085.8
2021-06-26,181628,490112,2331345211,88186933.06
2021-06-27,124640,379066,2112213966,58461000.57
2021-06-28,217898,580308,3708117940,86205204.23
2021-06-29,205616,566351,3300219147,89177797.48
2021-06-30,218734,567655,3725912660,88186933.06
2021-07-01,230253,609509,3625272213,94132119.56
2021-07-02,188568,532456,4454956968,89177797.48
2021-07-03,237463,583136,1526282961,98706076.21
2021-07-04,171850,467442,1515363757,82108836.08
2021-07-05,223760,547735,2169927055,94246664.02
2021-07-06,228279,579824,2346543660,101386562.8
2021-07-07,221227,568382,2415077702,87820755.11
2021-07-08,230719,580441,3349209077,99244593.17
2021-07-09,227511,569423,2552942233,93532674.14
2021-07-10,187263,485683,1104335807,114952370.5
2021-07-11,166144,436977,1361224001,89248734.87
2021-07-12,220269,560833,3530030646,89962724.75
2021-07-13,229916,542415,2583990658,97102623.54
2021-07-14,236217,564753,2847291324,121378279.4
2021-07-15,226234,572802,3546057522,91390704.5
2021-07-16,223466,552751,2855123418,107098481.8
2021-07-17,182047,458821,4054713463,101997588.1
2021-07-18,161122,422214,1052594971,97872242.09
2021-07-19,226803,552678,2991573664,115543619.1
2021-07-20,230509,571829,2934190503,82919538.44
2021-07-21,235680,571507,3408086709,98551910.44
2021-07-22,230282,571344,2584131351,103989257.2
2021-07-23,231130,581850,2519917919,91755226.96
2021-07-24,198091,497255,1689884090,104668925.6
2021-07-25,174535,440908,1824435371,103989257.2
2021-07-26,261950,644448,8661331075,101950252.2
2021-07-27,255221,600692,7345558780,115543619.1
2021-07-28,251223,605433,6002881501,106707930.6
2021-07-29,262612,620900,8710173274,108746935.7
2021-07-30,255417,629903,3645326210,112824945.7
2021-07-31,207348,532121,1924780317,112465862.1
2021-08-01,185157,474430,1721720041,110975800.8
2021-08-02,239277,583866,3383600749,103048957.9
2021-08-03,246198,593856,3774291696,121785132
2021-08-04,239596,587149,4094514095,98004603.3
2021-08-05,246175,614597,3189301463,115299533.3
2021-08-06,260810,636514,4463338800,114578911.2
2021-08-07,212229,529222,2198372700,120343887.9
2021-08-08,191623,482998,2863365745,113858289.1
2021-08-09,252660,611235,6121383054,109534556.6
2021-08-10,260968,626461,4488621500,118902643.7
2021-08-11,262437,631031,5806136771,105931446.2
2021-08-12,250961,605994,3433253898,108813934.5
2021-08-13,260624,639596,3855116853,108175319.6
2021-08-14,209074,520081,3157295026,126820808.5
2021-08-15,186239,474649,2430142555,140740165.6
2021-08-16,263529,628859,4336625433,124500915.7
2021-08-17,257766,618951,2915373923,133007189.5
2021-08-18,247333,604474,4267113161,104395177.8
2021-08-19,253447,613135,3132624121,119087832.4
2021-08-20,271837,676861,5683508930,123727618.1
2021-08-21,219407,555440,4007697514,131460594.2
2021-08-22,190631,474281,1549564156,126820808.5
2021-08-23,270736,648964,5800342005,152339629.8
2021-08-24,263984,637990,4160097930,119087832.4
2021-08-25,263009,636566,6052791788,130687447.3
2021-08-26,258590,625141,5354725345,127844614.1
2021-08-27,256813,619412,2921974573,127844614.1
2021-08-28,218268,538074,1828986484,123466373.9
2021-08-29,191650,474721,1649218800,136601094.5
2021-08-30,250955,591561,3839205628,118212485.7
2021-08-31,271163,656399,4079243404,126093318
2021-09-01,280865,682571,5449363614,119963781.7
2021-09-02,289900,714181,6517047229,130471558.2
2021-09-03,283991,686568,4887254784,129595910.2
2021-09-04,227732,574763,2397543151,135725446.5
2021-09-05,205066,506792,1996712057,143606278.9
2021-09-06,268877,627019,4374020789,150611463.2
2021-09-07,276624,662890,7058595281,133974150.4
2021-09-08,270483,653910,4580072991,129910433.7
2021-09-09,274384,691292,5369011441,125412870.4
2021-09-10,261371,640477,6739492373,124497447.9
2021-09-11,218445,552535,1962148897,135482516.9
2021-09-12,192691,495873,1526288179,134567094.5
2021-09-13,255970,609049,4380249886,145552163.4
2021-09-14,268127,646621,4477699681,153790965.1
2021-09-15,268957,654103,3796133576,129989982.4
2021-09-16,271223,673139,4153268624,124497447.9
2021-09-17,271040,652602,3314093143,134567094.5
2021-09-18,227661,561878,1874207409,141890473.8
2021-09-19,200516,501580,1797162882,146467585.8
2021-09-20,270233,645684,5693199639,150129275.5
2021-09-21,244568,596757,3816937966,113928907.4
2021-09-22,275235,645903,3589501923,126546633.8
2021-09-23,268689,642773,3583461960,155822347.6
2021-09-24,277565,679045,4656807424,139767923.9
2021-09-25,212575,536442,1498517648,135990412.5
2021-09-26,195560,494512,2604107989,131268523.2
2021-09-27,255873,613346,3527097522,146378569
2021-09-28,262292,620834,3691508332,143545435.4
2021-09-29,241991,589252,3012885642,122769122.4
2021-09-30,293074,706763,4504376487,161488614.8
2021-10-01,277042,697433,4232654754,132212901
2021-10-02,259961,631501,3853142043,177543038.5
2021-10-03,218112,553275,1994398643,141656679.7
2021-10-04,268955,650133,4985789606,147411968.4
2021-10-05,312538,729159,5416025038,162177735.8
2021-10-06,267749,657752,6336189182,129544410.9
2021-10-07,325875,784172,7063813953,139433297.3
2021-10-08,280028,689788,6223589467,118666636
2021-10-09,246189,620238,2464860373,148333295
2021-10-10,211506,536877,2347027649,157233292.7
2021-10-11,280184,676676,5135609835,144377740.4
2021-10-12,274155,673664,6366837726,132511076.8
2021-10-13,288916,677323,4979962945,167122179
2021-10-14,282383,690594,5891473872,135477742.7
2021-10-15,297746,744869,8109890837,139433297.3
2021-10-16,270052,674026,4071153201,131522188.2
2021-10-17,215883,559522,2583118320,158222181.3
2021-10-18,285368,693822,6507541621,146534419.3
2021-10-19,312018,743673,7660166169,154737198.7
2021-10-20,291813,713105,8272914781,148747371.7
2021-10-21,320743,765389,1.040191594e+10,147749067.2
2021-10-22,287550,693316,6910857031,157732112.3
2021-10-23,223941,597144,2756385872,144754153.6
2021-10-24,211220,554996,3236266688,152740589.7
2021-10-25,284680,704167,5639331921,181691420.4
2021-10-26,294029,715943,4843465177,149745676.2
2021-10-27,292114,715873,6142467781,156733807.7
2021-10-28,295558,749957,6817487230,152740589.7
2021-10-29,305733,758210,9086217833,170710070.9
2021-10-30,252061,666759,3024703684,154737198.7
2021-10-31,217435,574308,3075083985,140175299.1
2021-11-01,293282,732119,7239359627,159350397
2021-11-02,297402,736296,8525610066,170117315.7
2021-11-03,288746,724143,7935879532,173347391.3
2021-11-04,289141,729141,4812348606,153966937.6
2021-11-05,285946,721315,6435250914,166887240.1
2021-11-06,236233,623103,2757510648,165810548.2
2021-11-07,226128,591980,2452500860,164733856.4
2021-11-08,285806,707131,7868335327,145353402.7
2021-11-09,335411,796734,8511741830,163657164.5
2021-11-10,301025,743397,6732821876,160427088.9
2021-11-11,293665,724206,5229229610,170117315.7
2021-11-12,282049,697196,6291969520,152890245.8
2021-11-13,238634,628022,2739693248,164733856.4
2021-11-14,224016,582647,2187474681,175094161.9
2021-11-15,288435,708944,5704920149,170197841.4
2021-11-16,301103,740829,1.049812918e+10,169070703.3
2021-11-17,290390,708703,7480898359,167943565.3
2021-11-18,293867,725020,1.021300949e+10,162307875.2
2021-11-19,284719,713194,6049553193,154417909.1
2021-11-20,249652,634393,2884513913,163435013.2
2021-11-21,222949,586185,2590670067,148782218.9
2021-11-22,279165,676350,7023168183,158926461.1
2021-11-23,283401,700954,6167254619,148782218.9
2021-11-24,298909,737069,5700109165,176960669.5
2021-11-25,287496,741152,8960165966,146527942.9
2021-11-26,292645,742035,1.168420536e+10,148782218.9
2021-11-27,240759,619406,2469579561,161180737.2
2021-11-28,213768,560812,1876057612,155225116.6
2021-11-29,301297,727580,7530278020,158774565.2
2021-11-30,293876,737531,6028906432,148781760.4
2021-12-01,288422,727357,8653248451,152112695.3
2021-12-02,313261,781370,7681001474,172098304.9
2021-12-03,290139,738749,5995006291,186532356.3
2021-12-04,253674,697287,7581447200,172098304.9
2021-12-05,215213,588178,3421960961,184311733
2021-12-06,284467,701524,7568392055,190973602.9
2021-12-07,288343,725368,6656838608,170987993.3
2021-12-08,266110,660440,6017762761,186532356.3
2021-12-09,282775,707394,7507375135,180980798.1
2021-12-10,271375,716381,4646748174,173208616.6
2021-12-11,225733,599422,,176161777.1
2021-12-12,214808,567489,1275484167,168385593.5
2021-12-13,278211,690479,4853087723,169588347.8
2021-12-14,278275,684529,4698418162,178007627.5
2021-12-15,281103,707659,3686557930,169588347.8
2021-12-16,256206,664445,4310775515,138316737.6
2021-12-17,263495,660755,4982379396,179210381.7
2021-12-18,239170,616818,2953090167,153952542.7
2021-12-19,206719,557914,1192663841,179210381.7
2021-12-20,266947,678671,5179702381,173196610.5
2021-12-21,304713,747663,,193643432.6
2021-12-22,288495,719298,4726284071,178007627.5
2021-12-23,291799,744101,6161478520,182818644.4
2021-12-24,260565,678663,,181615890.2
2021-12-25,207803,580922,5400013382,177149566.8
2021-12-26,198574,574433,1467023519,161682278.5
2021-12-27,249548,674082,4021079891,178574456.9
2021-12-28,265422,729388,4649088410,161682278.5
2021-12-29,276083,741024,6252375351,174954704.4
2021-12-30,245021,679386,4495058365,143583516
2021-12-31,269540,703405,8132766322,179781041
2022-01-01,186834,512154,2251115697,207532476.9
2022-01-02,196865,534857,1452133099,190640298.6
2022-01-03,234793,630932,2876707531,168921783.5
2022-01-04,274544,680570,6318179077,177367872.7
2022-01-05,272155,698013,4120168493,180987625.2
2022-01-06,264899,690161,6001701243,176161288.5
2022-01-07,255381,667941,5738802121,168921783.5
2022-01-08,223920,591014,1793479669,174242949.2
2022-01-09,210143,568134,1714179077,170826076.6
2022-01-10,266743,672264,4284557316,172037609.1
2022-01-11,277698,694475,5047411627,191422128.4
2022-01-12,271933,679922,4190460072,168403011.7
2022-01-13,274515,695923,4128979409,216864310.1
2022-01-14,270882,688859,4033611361,192633660.9
2022-01-15,234373,619262,1544258174,201114388.1
2022-01-16,216151,569876,1212228817,212018180.2
2022-01-17,258141,638947,3617010045,195056725.8
2022-01-18,265057,654446,3467788988,164768414.4
2022-01-19,270334,663454,6283645421,209595115.3
2022-01-20,271265,683613,4889817377,204748985.5
2022-01-21,272348,721363,9008771355,175442615.3
2022-01-22,250294,662382,5255522710,177474949.7
2022-01-23,203986,554355,2570198094,186746029.1
2022-01-24,270712,668850,7041455188,198665988.4
2022-01-25,265128,653685,4793129267,201314868.3
2022-01-26,261070,648504,4724487376,172177190
2022-01-27,255925,648622,5371981516,173501629.9
2022-01-28,264609,680599,4157373396,203963748.1
2022-01-29,231038,595231,4795236875,197341548.5
2022-01-30,207173,553241,6463007676,193368228.7
2022-01-31,263410,671364,4888913631,189394909
2022-02-01,272984,687763,8106321716,203963748.1
2022-02-02,278985,680004,2772975355,202639308.2
2022-02-03,265344,664854,3817962312,194692668.7
2022-02-04,247946,651781,4038621761,172445464.5
2022-02-05,258646,673249,3223821586,157888391.8
2022-02-06,219196,569036,1779702571,206979740.5
2022-02-07,262034,660755,5383799347,180443876.4
2022-02-08,276850,685310,5859754860,204326154.1
2022-02-09,265804,663348,3696031098,185751049.2
2022-02-10,260813,673697,5445221749,195038601.7
2022-02-11,258595,664971,6311800631,188404635.6
2022-02-12,228189,604018,2253577642,248110330
2022-02-13,208977,590527,1353922240,209633327
2022-02-14,247592,630477,3738130873,202999360.9
2022-02-15,273623,680501,5996275894,232188811.5
2022-02-16,266788,677777,3802128927,206979740.5
2022-02-17,255573,665429,3727008286,213256529.5
2022-02-18,261055,672505,4086558917,186294128.9
2022-02-19,220673,573700,1623004424,207147949.3
2022-02-20,200535,549160,1468226673,200196675.8
2022-02-21,237402,615656,4035714192,171001327.3
2022-02-22,260265,647191,3543912810,211318713.4
2022-02-23,251275,622682,3017861449,208538204
2022-02-24,254139,676575,6195394917,183513619.5
2022-02-25,260340,687447,5331044431,186294128.9
2022-02-26,220423,582374,2407133266,173781836.6
2022-02-27,211164,583361,1844114531,189074638.3
2022-02-28,270918,702483,6046602126,214099222.7
2022-03-01,280634,722863,6893627294,225221260.3
2022-03-02,288657,731603,5450897868,189074638.3
2022-03-03,268244,701198,4573611315,204908164.1
2022-03-04,262101,675228,5677847228,190365286.6
2022-03-05,225321,594977,1614301923,168452735.7
2022-03-06,207116,555454,1221415771,179409011.2
2022-03-07,255441,648259,4567257671,202691096.6
2022-03-08,255771,659214,3918673432,202691096.6
2022-03-09,272805,702360,6199177259,188995752.2
2022-03-10,261553,687025,4863647841,198582493.3
2022-03-11,252383,659116,5267029596,188995752.2
2022-03-12,225148,592255,1419859005,213647372.1
2022-03-13,208092,554544,1439995805,206799699.9
2022-03-14,259592,658358,3127649162,209538768.8
2022-03-15,263178,679170,3536984795,190365286.6
2022-03-16,276390,721364,4560772406,212277837.6
2022-03-17,278800,743399,6626010100,217523034.5
2022-03-18,261318,700248,5901502528,195149454.7
2022-03-19,242424,638704,2228834886,211525632.8
2022-03-20,210547,572086,1286402952,210160951.3
2022-03-21,259912,663684,6292318394,208796269.8
2022-03-22,264569,681184,4455877254,203337543.7
2022-03-23,264182,671738,3963031463,197878817.7
2022-03-24,262987,677148,4246198424,195149454.7
2022-03-25,290719,752938,7477966817,212890314.3
2022-03-26,231031,611979,1885491262,219713721.8
2022-03-27,218202,589872,4081241680,178773276.7
2022-03-28,293304,720718,7054190212,216984358.8
2022-03-29,286940,706611,7432137463,206066906.7
2022-03-30,272864,662686,5223175410,184232002.7
2022-03-31,279210,711182,7725089743,194247387.9
2022-04-01,284105,738464,6420672357,200371606.3
2022-04-02,254442,660755,2491811085,191845155
2022-04-03,225564,585946,2061001713,197529455.8
2022-04-04,275106,691360,4927607024,224529885.1
2022-04-05,273430,692888,4109973025,206055907.2
2022-04-06,273640,666088,4973307102,213161283.3
2022-04-07,269404,677721,4397281337,196108380.6
2022-04-08,266805,685851,3214336087,190424079.7
2022-04-09,232792,597681,2025819117,217424508.9
2022-04-10,216446,551596,1859650890,198950531.1
2022-04-11,276623,684991,5145118168,194687305.4
2022-04-12,278839,683425,3550344586,217424508.9
2022-04-13,276968,682050,3702852305,198950531.1
2022-04-14,265537,673582,6126220620,194492275.6
2022-04-15,254831,666824,2508777341,221692722.8
2022-04-16,225486,600335,1777062284,188017878.9
2022-04-17,207324,557466,1246709619,231514552.3
2022-04-18,246421,631282,3262749299,188017878.9
2022-04-19,273168,697163,3752455856,173986693.9
2022-04-20,285655,703937,5390335872,224498959.8
2022-04-21,282438,710624,9221622580,237127026.3
2022-04-22,260930,671463,3034892220,189420997.4
2022-04-23,234978,613940,1324626784,228708315.3
2022-04-24,221992,581643,1742817144,239933263.3
2022-04-25,277417,680074,3754783006,227305196.8
2022-04-26,273297,689345,4582894825,196436589.9
2022-04-27,287105,697020,4169765279,243130347.4
2022-04-28,275765,697124,4742383660,195503620.6
2022-04-29,286563,729033,4937991048,222163205.2
2022-04-30,261630,684282,1835325492,222163205.2
2022-05-01,232322,625556,1690042805,247341701.8
2022-05-02,272206,687096,4705106675,236974085.6
2022-05-03,277895,692327,5567418515,222163205.2
2022-05-04,233045,615048,5527403782,216238853.1
2022-05-05,315759,778504,7042747167,232530821.5
2022-05-06,286887,723743,6460559731,210314500.9
2022-05-07,231623,609656,2176974950,211795589
2022-05-08,233892,597305,4391326159,229568645.4
2022-05-09,279511,705421,1.493258073e+10,229568645.4
2022-05-10,279658,714602,1.099665938e+10,226823707.2
2022-05-11,262683,694927,1.221241542e+10,225257597.9
2022-05-12,274204,730516,1.259198521e+10,209722591.1
2022-05-13,269880,727914,6761962665,236132102.6
2022-05-14,290225,725013,4499178551,219043595.2
2022-05-15,235433,599841,2364626051,189527082.4
2022-05-16,272134,663779,5806992357,254774110.7
2022-05-17,278496,683798,5663926192,228364599.2
2022-05-18,262907,646333,4686908961,208169090.5
2022-05-19,262479,662000,5002474733,189527082.4
2022-05-20,267034,668605,4929623687,198848086.4
2022-05-21,225225,579268,1464248135,209722591.1
2022-05-22,209047,535873,1693623105,189527082.4
2022-05-23,265106,638912,4939484943,248560108
2022-05-24,235866,600094,4517108862,186420081
2022-05-25,288842,700322,3514350505,219801139.3
2022-05-26,262367,653373,4044772417,209555369.9
2022-05-27,270453,688580,4870838400,205096745
2022-05-28,226794,576357,1523894827,219958827.9
2022-05-29,207859,530365,1417152774,221445036.2
2022-05-30,271819,644720,3565732410,228876077.7
2022-05-31,276273,685567,5263021003,216986411.3
2022-06-01,272165,683372,6314626333,202124328.4
2022-06-02,264901,664442,3618792851,185776037.1
2022-06-03,267517,678027,4251283075,212527786.5
2022-06-04,218629,569230,1757094779,206582953.3
2022-06-05,201341,538083,1540123227,216986411.3
2022-06-06,268921,652057,5095285504,222931244.5
2022-06-07,263641,648390,4259209248,240765744.1
2022-06-08,261597,656376,3082029800,266405768.7
2022-06-09,262105,661923,4372610134,219787040.4
2022-06-10,261856,669839,4046793103,221292431.1
2022-06-11,230002,589547,2694837263,231830165.9
2022-06-12,215473,557721,3659361989,191184617.3
2022-06-13,272503,708381,1.246257988e+10,200216961.4
2022-06-14,283231,717234,1.099056968e+10,219787040.4
2022-06-15,296312,732637,9897143640,248389463.4
2022-06-16,251253,662185,7109991512,179141491.8
2022-06-17,251574,663831,7921356378,162582194.3
2022-06-18,247890,654430,8496328974,234840947.3
2022-06-19,199777,548972,3068667429,200216961.4
2022-06-20,236636,605998,3817198453,198711570.8
2022-06-21,254438,647716,4422516357,225808603.1
2022-06-22,255472,639691,4390329668,193273708.3
2022-06-23,255213,633984,3082609509,223431040.5
2022-06-24,254348,650157,4160260072,189622396.2
2022-06-25,218017,557791,1389427160,221961099.4
2022-06-26,206755,528289,858032632.8,202851865.7
2022-06-27,258883,621986,4634269413,199911983.6
2022-06-28,248080,624229,2917809496,214611394.2
2022-06-29,265079,654949,4029772477,221961099.4
2022-06-30,271213,699397,4201108881,251359920.6
2022-07-01,271874,714094,4546355474,196972101.5
2022-07-02,235096,614214,1297140272,202851865.7
2022-07-03,206333,548190,1321981863,227840863.7
2022-07-04,240385,610225,1972142139,210201571
2022-07-05,245829,616343,2225404516,173453044.6
2022-07-06,267118,687966,3265960864,186682514.1
2022-07-07,281435,691644,3226941641,227544125.4
2022-07-08,268331,682201,3453731278,214480636.4
2022-07-09,220708,576270,2217461123,194191927.6
2022-07-10,199369,523353,1077713610,221726603.9
2022-07-11,229482,590261,3083629595,178250799.2
2022-07-12,275378,657668,2693606547,218828216.9
2022-07-13,222657,597185,2383177234,159411283.8
2022-07-14,286894,685931,3350075176,179699992.7
2022-07-15,269269,661194,3883871138,205785475.5
2022-07-16,226638,577967,1392874214,214480636.4
2022-07-17,202157,519659,1903059655,179699992.7
2022-07-18,247895,611990,3392335964,189844347.1
2022-07-19,279950,682638,4686873168,199988701.5
2022-07-20,260195,642244,3376687093,182598379.6
2022-07-21,273976,686329,6542475947,199187652.5
2022-07-22,263276,650694,2968088069,181711862.6
2022-07-23,223744,572761,1605649426,211997173.1
2022-07-24,199919,531268,986955946.3,216126988.1
2022-07-25,253417,629329,2240841201,195477912.8
2022-07-26,264861,655695,2529268855,220256803.2
2022-07-27,255930,644191,2043786368,227139828.3
2022-07-28,287254,697022,3762271330,194101307.8
2022-07-29,281608,708268,3110903345,200984332.9
2022-07-30,232696,601643,1279164246,177582047.6
2022-07-31,209042,561055,1438862647,209243963
2022-08-01,249610,635502,2648018549,187218282.7
2022-08-02,266968,663588,2412379201,213373778.1
2022-08-03,282037,693063,2835680870,199607727.9
2022-08-04,279707,695558,2162588111,183173748.8
2022-08-05,268463,687443,2233455342,210085555
2022-08-06,237677,610889,861842752.6,225491829.1
2022-08-07,196161,522072,1123561072,222690688.3
2022-08-08,256582,652517,2294099110,201682132.8
2022-08-09,256233,646055,2572928084,200281562.5
2022-08-10,264566,663480,3582463515,207284414.3
2022-08-11,287356,725127,2882199944,196079851.4
2022-08-12,273661,703328,2439184815,215687836.5
2022-08-13,233308,613804,1386200465,194679281
2022-08-14,205350,551189,982849307.8,186275858.8
2022-08-15,241934,620533,2486543315,203082703.2
2022-08-16,273896,677726,2698602542,207284414.3
2022-08-17,256127,648642,2992025086,180673577.3
2022-08-18,291921,685923,2417721839,202403376
2022-08-19,279910,736405,3627489930,250867150.8
2022-08-20,222722,597278,946263990.6,209995536.3
2022-08-21,205435,549247,729684429.4,205767438.3
2022-08-22,250534,629040,2363547456,204358072.3
2022-08-23,256928,641154,1933412558,242410954.7
2022-08-24,256606,649399,1805257440,205767438.3
2022-08-25,260460,656808,2158452625,224089196.5
2022-08-26,262722,686060,2261441432,248048418.8
2022-08-27,225420,605125,1378816167,204358072.3
2022-08-28,202109,547812,846944690.5,226907928.5
2022-08-29,252235,641513,2049485398,221270464.5
2022-08-30,262445,660170,3088297716,228317294.5
2022-08-31,260425,652024,3158897967,219862688.9
2022-09-01,268022,685449,2826592302,212503108.2
2022-09-02,270588,710783,2841992710,198644209.8
2022-09-03,242597,641511,879894659.7,226362006.5
2022-09-04,204538,541540,1061944387,258699436
2022-09-05,250179,628765,2108564797,235601272.1
2022-09-06,268125,657784,3297609882,218662618.5
2022-09-07,265239,676262,2541455674,224822128.9
2022-09-08,262863,685564,2474305281,195564454.6
2022-09-09,290849,753468,3189528071,226362006.5
2022-09-10,241936,646199,1198401082,241760782.5
2022-09-11,220361,607174,1050210816,281797599.9
2022-09-12,268971,665425,2667188471,235601272.1
2022-09-13,260108,663498,3305786866,211972242.1
2022-09-14,270309,687667,2626909249,202308900
2022-09-15,277041,700513,2092789197,234168569.3
2022-09-16,261361,706574,1962561325,203901883.4
2022-09-17,247863,641808,1089606553,270807188.9
2022-09-18,212396,556563,807694675,245319453.5
2022-09-19,253795,631537,2970259317,207087850.4
2022-09-20,269773,650202,2717351706,242133486.6
2022-09-21,260924,632611,2239450838,224610668.5
2022-09-22,245794,614742,2210473680,203901883.4
2022-09-23,281419,689899,2446313226,215052767.7
2022-09-24,228040,588364,699317517.4,232575585.8
2022-09-25,212009,574037,817600603.3,234168569.3
2022-09-26,259311,614435,1851841537,238947519.7
2022-09-27,271117,648681,3180479747,205494866.9
2022-09-28,264048,620268,2710524700,234283743.9
2022-09-29,267342,652313,4122653171,222928606.7
2022-09-30,286672,717755,3332833908,263461080.6
2022-10-01,241993,627906,1129631640,282168376.3
2022-10-02,213646,570649,798931959.5,244753785
2022-10-03,273820,656236,2248298045,240076961
2022-10-04,278744,655477,2313129004,254107432.8
2022-10-05,267021,644568,2788889390,272814728.4
2022-10-06,278204,677796,2029020482,247871667.6
2022-10-07,270191,675013,2979008362,266578963.2
2022-10-08,235498,610636,891595342.3,272814728.4
2022-10-09,211238,553851,700741117.7,246312726.3
2022-10-10,258286,619704,1310563231,281762541.5
2022-10-11,266451,635320,2173820182,277924882.2
2022-10-12,261196,646003,2086811718,242520438.6
2022-10-13,281093,691476,2403635798,253141771.7
2022-10-14,284648,694651,2335762973,276154660
2022-10-15,241758,612380,946841174.7,269073771.3
2022-10-16,212919,558957,699358774.9,254911993.9
2022-10-17,260471,613662,2043650928,265533326.9
2022-10-18,257694,615413,2990446419,251371549.5
2022-10-19,263517,612805,2197621701,267303549.1
2022-10-20,263986,633545,1790440268,256682216
2022-10-21,270741,671089,1556397811,276154660
2022-10-22,233097,598580,986726492.6,240750216.4
2022-10-23,217872,582380,863875132.1,274506216.9
2022-10-24,264486,629949,1942021342,249031192.7
2022-10-25,248540,601629,2029922330,223395628.8
2022-10-26,306069,683262,4840001389,283822315.3
2022-10-27,267995,648360,2744026771,247200081
2022-10-28,283035,679257,2120803276,291146762.1
2022-10-29,252661,668004,1370810443,261848974.7
2022-10-30,222138,594597,862100447.2,247200081
2022-10-31,284125,667561,2733690210,316782326.1
2022-11-01,276192,666319,2591653016,263680086.4
2022-11-02,257467,630399,2385280093,223395628.8
2022-11-03,297039,716406,2064861958,300302320.7
2022-11-04,281515,689430,4952741205,236213410.8
2022-11-05,257198,648416,1405293791,276497868.4
2022-11-06,223404,577334,1500762815,250862304.5
2022-11-07,264869,643216,3854033179,263186945.5
2022-11-08,295778,719305,5247264405,297875786.9
2022-11-09,292265,754032,6268866125,272291363.5
2022-11-10,292831,774942,5450942995,268636445.9
2022-11-11,284467,747386,5098440479,244879481.3
2022-11-12,239254,677645,2961978334,305185622.2
2022-11-13,227644,656286,1494812300,235742187.2
2022-11-14,242416,661596,4115043714,224777434.3
2022-11-15,283090,703644,2979130079,283256116.4
2022-11-16,268373,670368,3591834000,274118822.3
2022-11-17,248465,636467,3913955463,252189316.5
2022-11-18,282091,697975,6403239142,254016775.3
2022-11-19,260694,647807,1261281058,268636445.9
2022-11-20,229923,595776,1331263228,272375605.4
2022-11-21,270779,661220,2601329026,236949654
2022-11-22,253235,623451,2641080663,231439196.9
2022-11-23,273997,696412,3366476108,258991482.2
2022-11-24,254639,642832,1701790443,236949654
2022-11-25,258341,640008,2167501567,225928739.8
2022-11-26,229735,598183,1207868139,200213273.5
2022-11-27,222672,568789,928264619.5,249807387.1
2022-11-28,262636,630827,1617313064,255317844.2
2022-11-29,271512,658815,2334673189,240623292
2022-11-30,271416,656181,2125827291,253481025.2
2022-12-01,285467,704310,2626041872,281033310.5
2022-12-02,271725,686664,2203356246,229602377.9
2022-12-03,250951,650867,856618706.9,240623292
2022-12-04,219810,570337,808868574.8,257154663.2
2022-12-05,274064,654949,1873420427,268175577.4
2022-12-06,262438,637825,2437620396,231289584
2022-12-07,272328,652144,1442576450,292794732.7
2022-12-08,263838,646079,1933366648,284283257.9
2022-12-09,265668,662365,1768889806,258748833.6
2022-12-10,241668,617455,967835995.7,262153423.5
2022-12-11,217788,570664,751257988.4,250237358.8
2022-12-12,262646,639530,1766437843,243428179
2022-12-13,287224,710573,3045350290,280878668
2022-12-14,276441,673994,2247571821,251939653.8
2022-12-15,276713,691792,2424485872,236618999.1
2022-12-16,254176,675745,2247197492,221298344.5
2022-12-17,263200,675840,1383928649,234916704.2
2022-12-18,212673,559608,812377663.9,246832768.9
2022-12-19,259096,625817,1929149953,233961255.2
2022-12-20,268893,653824,2059242012,246114015.2
2022-12-21,272491,653064,2448023331,251387886.9
2022-12-22,271181,665463,1859348909,237324228.9
2022-12-23,273926,680283,1998836224,232050357.1
2022-12-24,213339,562534,1026982505,156458195.3
2022-12-25,205314,522307,567704284.9,247871972.4
2022-12-26,223504,548937,833385537.7,226776485.4
2022-12-27,239359,593337,1240817058,202165083.9
2022-12-28,272949,661225,1926197296,295336818.2
2022-12-29,265955,668338,2178953229,247871972.4
2022-12-30,291015,726125,3109838853,277757245.7
2022-12-31,242325,618594,1461649790,274241331.2
2023-01-01,187516,509337,960387891.2,272483373.9
2023-01-02,229347,575250,1181257421,274241331.2
2023-01-03,272055,645565,1935284431,261883481.8
2023-01-04,277936,652878,2477218555,242356482
2023-01-05,279391,682119,2113239373,266083690
2023-01-06,276071,685990,1512276042,305064103.2
2023-01-07,246679,601071,1008767780,260999288.3
2023-01-08,228488,565595,748656711.9,259304487.7
2023-01-09,287347,662916,1764693546,257609687.2
2023-01-10,302809,695664,1816231045,286421296.9
2023-01-11,287494,661284,1618746439,249135684.3
2023-01-12,315980,717816,2247438244,255914886.6
2023-01-13,316549,743545,2463264992,269473291.2
2023-01-14,309880,725858,2449748174,289810898.1
2023-01-15,252086,605147,1106496483,280250606.8
2023-01-16,302804,677371,2044631860,274688843.2
2023-01-17,308715,680259,2680237410,291506527.5
2023-01-18,300045,681758,2419845788,261608422.1
2023-01-19,298919,684950,2617650724,270951580.1
2023-01-20,295822,702080,2589324902,246659369.4
2023-01-21,287860,676478,2449265693,257871159
2023-01-22,250760,610248,1318419081,282163369.6
2023-01-23,293709,651866,2335670389,295243790.7
2023-01-24,292970,660507,2028801894,241053474.7
2023-01-25,306681,687864,2989378582,327010527.7
2023-01-26,296263,669489,2388161254,289637895.9
2023-01-27,303179,699439,2520965288,287769264.4
2023-01-28,268849,637939,1122025102,313930106.6
2023-01-29,258583,616633,1006418715,311001352.8
2023-01-30,309909,667280,2569567383,269948142.5
2023-01-31,313500,709466,2972667489,224956785.4
2023-02-01,345561,745886,2871126485,267991996.6
2023-02-02,340169,752262,2350568893,283641164.2
2023-02-03,315951,738211,2856768763,260167412.7
2023-02-04,304495,691143,1574648243,266035850.6
2023-02-05,254113,594717,893021547.4,297334186
2023-02-06,301977,663760,1897844366,289509602.1
2023-02-07,300429,688379,2043971490,277772726.4
2023-02-08,316963,682912,2023212584,269948142.5
2023-02-09,369499,783722,2624133094,316895645.6
2023-02-10,300092,700869,2821715858,287553456.2
2023-02-11,280319,654726,1616291509,291465748.1
2023-02-12,259642,617837,898974041.6,313943411.8
2023-02-13,299329,666916,2245943774,303650131.9
2023-02-14,302653,675701,2556253417,299757181.5
2023-02-15,325460,723537,2898459337,317275458.4
2023-02-16,344711,759215,3465947360,348419061.6
2023-02-17,321260,716489,2700502696,321168408.8
2023-02-18,276798,656568,1377296531,327007834.4
2023-02-19,240406,569883,1095518514,315328983.2
2023-02-20,270081,615969,1732893145,286131855.1
2023-02-21,290457,654981,2243262464,325061359.2
2023-02-22,282319,660490,2537535479,272506528.7
2023-02-23,290728,693262,2319568506,332847260
2023-02-24,294562,695824,3264100602,262774152.6
2023-02-25,258413,626600,1260295668,227840889.8
2023-02-26,277103,628404,829030193,359556658.2
2023-02-27,292748,644967,2772708721,299630548.5
2023-02-28,332358,731797,3303380065,293209893.9
2023-03-01,381932,826824,3301347257,363837094.6
2023-03-02,330047,726383,2086533469,308191421.3
2023-03-03,355273,807383,2615790472,359556658.2
2023-03-04,306300,678996,1387147095,325313166.9
2023-03-05,286638,630099,1446601447,331733821.5
2023-03-06,316016,671836,2174309952,282508802.9
2023-03-07,362082,771846,3374322168,353136003.6
2023-03-08,292493,656385,3388596598,284649021.1
2023-03-09,336854,700965,3196734602,288929457.5
2023-03-10,329334,762121,3145620928,291564668.7
2023-03-11,319707,721567,2656253788,357219695.9
2023-03-12,265555,621363,1616901384,348559824.5
2023-03-13,333107,725571,4722952044,339899953.1
2023-03-14,327892,728811,5174879852,316085306.7
2023-03-15,345059,750215,3832195528,318250274.5
2023-03-16,295049,687640,3822620890,290105692.4
2023-03-17,338823,768841,5161878712,318250274.5
2023-03-18,296890,691597,2228054547,350724792.4
2023-03-19,269131,619482,2375622527,320415242.4
2023-03-20,341288,725399,4411638892,333405049.5
2023-03-21,327932,708659,2864598880,313920338.8
2023-03-22,297575,688658,4085982036,344229888.8
2023-03-23,295245,677191,4021952027,398152679.7
2023-03-24,292095,683787,3241169631,377232885.5
2023-03-25,290197,659846,1550482122,337646718.5
2023-03-26,261243,594775,984037172.7,335318120.4
2023-03-27,296557,668827,2566202032,344632512.7
2023-03-28,316281,684623,2928743460,312032139.9
2023-03-29,334637,727221,3259547576,342303914.6
2023-03-30,326347,727172,5441832858,360932699.1
2023-03-31,308386,732643,3688566064,328332326.3
2023-04-01,319646,702374,1343707942,326003728.2
2023-04-02,341622,659613,956580471.2,346961110.7
2023-04-03,332870,681747,2427314471,305046345.7
2023-04-04,421130,809319,3009364817,377232885.5
2023-04-05,346885,719774,3909874647,323675130.1
2023-04-06,354019,740308,2750821198,375327217.2
2023-04-07,355031,739977,1658809072,338032942.2
2023-04-08,318505,661759,904857861.2,349935510.6
2023-04-09,278404,570129,786257013,347554996.9
2023-04-10,289625,633252,3111868332,292803182.3
2023-04-11,385002,793340,5538417634,366599106.3
2023-04-12,338102,714277,5793871314,380882188.4
2023-04-13,332042,720191,3142733103,338032942.2
2023-04-14,315959,729076,3725625623,333271914.8
2023-04-15,276185,644020,1462605812,376121161
2023-04-16,232268,558992,1063225848,295183696
2023-04-17,316193,665181,3697555659,368979620
2023-04-18,312522,680093,2422892169,395165270.4
2023-04-19,301722,680099,2806672447,330891401.1
2023-04-20,296683,675813,4050944569,319313867.4
2023-04-21,352218,771581,3574778823,351118491
2023-04-22,354752,652782,1388897603,360804518.3
2023-04-23,432760,604273,1135637673,355961504.6
2023-04-24,360173,634746,2117557491,341432463.6
2023-04-25,369843,663868,2588478714,302688354.3
2023-04-26,436461,668682,2963529478,314795888.5
2023-04-27,418912,673213,2759095405,314795888.5
2023-04-28,483522,725813,2242009224,355961504.6
2023-04-29,486031,628996,1392685430,331746436.3
2023-04-30,568516,612597,930842814.8,358383011.5
2023-05-01,682281,697731,2578412163,440714243.8
2023-05-02,457708,620729,2767795702,312374381.6
2023-05-03,489559,728440,2422988601,341432463.6
2023-05-04,491123,680011,2761594919,351888475.1
2023-05-05,411429,652054,2510385338,283977798.5
2023-05-06,601134,619770,1400151900,355568840.1
2023-05-07,607883,482095,6275070589,331705159.6
2023-05-08,575051,552358,2648208726,326932423.5
2023-05-09,598256,586519,2281077965,360341576.2
2023-05-10,671668,686423,3137536935,405682569.3
2023-05-11,546549,596717,2770395979,360341576.2
2023-05-12,509159,604937,3169630069,336477895.7
2023-05-13,575640,553742,991289461,346023367.9
2023-05-14,631677,565005,1215289911,415228041.5
2023-05-15,526379,579485,2763003238,350796104
2023-05-16,566462,625496,3008826128,365114312.3
2023-05-17,583454,627113,2465971974,381818888.7
2023-05-18,476704,603811,2512673145,344768089.1
2023-05-19,515474,664491,2554604960,369469365.8
2023-05-20,423736,559902,920228012.3,322669912.8
2023-05-21,486625,542208,791504500.9,371932494.9
2023-05-22,499281,604303,2534089158,354690591.1
2023-05-23,519870,636984,3180993164,379321882.2
2023-05-24,405521,617027,2711288352,347301203.8
2023-05-25,460167,689359,3373192745,371932494.9
2023-05-26,532373,738629,2636344925,376858753.1
2023-05-27,471633,672783,1428456846,357153720.2
2023-05-28,496158,647993,1186204873,394100656.8
2023-05-29,550324,664954,2564600224,399026915
2023-05-30,515246,713954,2717578997,379321882.2
2023-05-31,421579,709100,3431301492,349729770.9
2023-06-01,355986,678136,3687459598,336187209.5
2023-06-02,479437,721266,3105301690,417687139.1
2023-06-03,381453,635282,2070061018,331093463.9
2023-06-04,364020,588801,1576273014,376937174.3
2023-06-05,359254,610475,3039689265,351468446.3
2023-06-06,462072,763100,3081878130,384577792.7
2023-06-07,433781,734954,2879720193,343827827.9
2023-06-08,407006,682296,2955188803,392218411.1
2023-06-09,387084,676835,2312552076,430421503.1
2023-06-10,365369,643676,2299022635,392218411.1
2023-06-11,399201,561469,1835728223,415140266.3
2023-06-12,370634,617352,3092719403,399859029.5
2023-06-13,410483,682607,3067091260,374390301.5
2023-06-14,330658,633244,3287955133,312388215
2023-06-15,423069,689182,4099477121,385148460.2
2023-06-16,512202,765014,3776668076,398160232.5
2023-06-17,475252,662278,2175325694,364329624.5
2023-06-18,439868,661930,1950479881,392955523.5
2023-06-19,415604,614017,5228204127,369534333.4
2023-06-20,447715,746599,3897871060,353920206.6
2023-06-21,363280,693078,5891685868,314884889.7
2023-06-22,392041,722789,4476871257,356522561.1
2023-06-23,374001,707501,4295642712,325294307.6
2023-06-24,361437,683837,2769810822,379943751.2
2023-06-25,382769,656558,2222325692,398160232.5
2023-06-26,403979,692095,3515517321,379943751.2
2023-06-27,434858,707936,3548784762,364329624.5
2023-06-28,331278,627350,3880455108,280545974.4
2023-06-29,438193,726305,5186493187,367574940.3
2023-06-30,445197,753791,5253587195,397786579.2
2023-07-01,324274,622117,3141739114,334845664.8
2023-07-02,309920,534333,1946218417,430515854.7
2023-07-03,328114,655439,3558028612,344916211.1
2023-07-04,378556,645583,3086147730,357504394
2023-07-05,493478,716586,3050116810,390233669.5
2023-07-06,392688,709055,5006659381,349951484.3
2023-07-07,556014,773326,3087879873,440586401
2023-07-08,573697,695972,1730543820,448139310.8
2023-07-09,594265,732590,1716596080,425480581.6
2023-07-10,507115,679425,3569416296,387716032.9
2023-07-11,432293,686922,3194618003,339880937.9
2023-07-12,478320,752660,3887422552,382989765.6
2023-07-13,375859,678891,5521099980,321592673.5
2023-07-14,421666,760021,,369831574.5
2023-07-15,484980,732135,1748986508,369831574.5
2023-07-16,595145,732664,1455153738,415390536.6
2023-07-17,428612,703876,3277687846,364471696.6
2023-07-18,582684,775244,3782011844,434150109.2
2023-07-19,480249,745057,3888838290,396630964
2023-07-20,400400,685150,3231336979,343032185.1
2023-07-21,323847,657357,3344069486,300153161.9
2023-07-22,288750,556589,1233142619,359111818.8
2023-07-23,559624,691587,1331395491,393951025.1
2023-07-24,529923,704020,3158620785,401990841.9
2023-07-25,462586,734826,2621711162,369831574.5
2023-07-26,452746,737067,2649786001,381190141.6
2023-07-27,413038,713630,3329621509,358973121.3
2023-07-28,449225,720574,2970637148,364175630.3
2023-07-29,423119,694496,1601998854,343365594.3
2023-07-30,645854,800500,1385049778,437010756.3
2023-07-31,445666,677346,2707674657,366776884.8
2023-08-01,412219,734323,3311090306,361574375.8
2023-08-02,390768,698941,3452200382,400593193.3
2023-08-03,476007,716303,2401529886,392789429.8
2023-08-04,318486,641787,2095710324,314751794.7
2023-08-05,500723,729623,1458134945,400593193.3
2023-08-06,607275,771973,1225095930,426605738.3
2023-08-07,427534,676210,2995072046,379783157.3
2023-08-08,331194,616643,3023308596,325156812.7
2023-08-09,506746,735662,2775748042,421650114.7
2023-08-10,358039,711323,3177865892,330756213.4
2023-08-11,506538,733810,2809095914,393261324.6
2023-08-12,503934,703004,1359189797,434931398.8
2023-08-13,497112,650366,1306994333,351591250.5
2023-08-14,568517,723900,3301793397,445348917.3
2023-08-15,583063,786113,2891347382,445348917.3
2023-08-16,566878,669749,2674220840,424513880.2
2023-08-17,502274,769086,4488093404,406283222.8
2023-08-18,423207,783855,3939445600,362008769
2023-08-19,519780,628343,1189729725,364613148.7
2023-08-20,612461,691316,1116745350,421909500.6
2023-08-21,550074,739287,2438814199,429722639.5
2023-08-22,420857,633631,2805355086,380936887.2
2023-08-23,417822,652036,4105797823,392623891.9
2023-08-24,399151,660102,2313068104,384329021
2023-08-25,425192,706946,2858717862,373269193
2023-08-26,497513,747932,1073303916,378799107
2023-08-27,413594,606069,1002187516,320735010.3
2023-08-28,331345,636935,2246551929,326264924.3
2023-08-29,500301,767879,3820977847,436863203.7
2023-08-30,408001,665354,3567436419,348384580.2
2023-08-31,437435,742110,3250990939,398153805.9
2023-09-01,419548,769950,3524505655,417508504.8
2023-09-02,539748,774348,1174633058,420273461.8
2023-09-03,625257,696368,1051592645,436863203.7
2023-09-04,573196,730142,1552988197,411978590.8
2023-09-05,462093,753968,2284752211,342854666.2
2023-09-06,485357,757286,2224002155,364419397.3
2023-09-07,537939,785059,2196838787,393005453.9
2023-09-08,414799,694292,1920704828,358011817.6
2023-09-09,597409,927787,1234753985,406464544.8
2023-09-10,558395,847065,1002287879,395697272.1
2023-09-11,459132,719793,2325306661,427999090.2
2023-09-12,462328,784703,2684061968,379546363.1
2023-09-13,512446,802393,1902557899,395697272.1
2023-09-14,576215,875176,2117764128,436074544.8
2023-09-15,703692,1017545,2619179658,506061817.4
2023-09-16,593144,876224,1401576878,417231817.5
2023-09-17,611220,854606,887334572.4,401080908.5
2023-09-18,635845,852484,2336439936,419923635.7
2023-09-19,493887,741822,2555774449,385677556.7
2023-09-20,551783,823616,2181950203,414558853.7
2023-09-21,431540,763149,2534569070,391843300.1
2023-09-22,441679,757791,2068161119,366288302.3
2023-09-23,629617,882768,1538409213,442953295.8
2023-09-24,441181,685778,1366636587,414558853.7
2023-09-25,285750,635909,2772928956,411719409.5
2023-09-26,309789,624716,2486736225,386164411.7
2023-09-27,337265,621414,2596845120,445792740
2023-09-28,378975,639899,3339343687,414558853.7
2023-09-29,330269,713902,3181198878,417398298
2023-09-30,275474,625600,2222128127,391843300.1
2023-10-01,320516,613394,1345571689,400361632.7
2023-10-02,344263,691873,3977522375,445792740
2023-10-03,310664,676161,2624422331,466751379.4
2023-10-04,287430,638418,3581678810,373280259.5
2023-10-05,319310,687363,2623391573,401774935.8
2023-10-06,298650,679001,2403218204,455914820.7
2023-10-07,244567,596825,1755532319,487258964.7
2023-10-08,242440,557949,1218999803,421721209.2
2023-10-09,283648,599404,2158065359,444516950.2
2023-10-10,285060,629505,3821910974,461613756
2023-10-11,264600,607097,3864035732,455914820.7
2023-10-12,267090,624747,2728907718,470162158.9
2023-10-13,279518,662518,2421619647,393226532.9
2023-10-14,265220,612783,1560413913,416022273.9
2023-10-15,251923,571061,1303123392,475861094.2
2023-10-16,299782,652765,3676992091,416156889.9
2023-10-17,294257,645537,4274499054,491483968.4
2023-10-18,271345,613906,4475389717,439908490.3
2023-10-19,282007,649723,3055653664,424739232
2023-10-20,295888,705226,5040684944,406536122
2023-10-21,270621,640544,1723876211,455077748.6
2023-10-22,252457,577606,1590687842,464179303.5
2023-10-23,301780,660705,5176316934,476314710.2
2023-10-24,373854,755204,8364035570,382265308.8
2023-10-25,476549,812853,5410058415,436874638.6
2023-10-26,431256,778594,5226498896,455077748.6
2023-10-27,452816,801082,5100484103,467213155.2
2023-10-28,564383,819540,2870949244,485416265.1
2023-10-29,410290,672955,1726351389,415637677
2023-10-30,463202,779588,4478036358,482540025.5
2023-10-31,433751,782062,3801042795,481286782.9
2023-11-01,463644,796206,4737884155,462656326.8
2023-11-02,403541,806444,4431468531,447130946.7
2023-11-03,452354,789502,4845318003,422290338.5
2023-11-04,698917,957847,1702192684,521652771.1
2023-11-05,673375,891683,1792951507,506127391
2023-11-06,439319,725183,3548525600,394344654.4
2023-11-07,450371,737771,3993548211,412975110.5
2023-11-08,583201,837044,5080135350,462656326.8
2023-11-09,573466,832393,6287696612,444025870.7
2023-11-10,523831,848433,5561958754,478181706.9
2023-11-11,627529,894325,2477252247,496812163
2023-11-12,703327,880975,1674082857,506083624.1
2023-11-13,428507,670301,3848545071,389037994.7
2023-11-14,523422,745056,,443696225.4
2023-11-15,561942,770577,4102614221,475848125.8
2023-11-16,628426,813390,4524130271,475848125.8
2023-11-17,536644,760684,4171500786,482278505.8
2023-11-18,629266,748237,1616474691,479063315.8
2023-11-19,710579,806772,1523180187,546582306.6
2023-11-20,640670,804527,4189953801,533721546.5
2023-11-21,522593,779702,5018074299,488708885.9
2023-11-22,535829,777966,5032277994,456556985.5
2023-11-23,587706,771284,3787901261,472632935.7
2023-11-24,623898,841609,4748926596,540151926.5
2023-11-25,617234,861295,2730084337,511215216.2
2023-11-26,578484,817987,2065071069,492891191.5
2023-11-27,479487,759608,5524499401,439166010.3
2023-11-28,447662,713884,4427109260,496595411.6
2023-11-29,360588,646160,4699623330,459435210.8
2023-11-30,411882,701654,5759474247,452678810.6
2023-12-01,496468,844580,5505329810,570915813.4
2023-12-02,429362,689877,2035583551,429031410.1
2023-12-03,707876,777188,2543818325,557403013.1
2023-12-04,570395,763939,6631870126,523621012.3
2023-12-05,514962,674260,7424874757,466191610.9
2023-12-06,467795,642605,7687976485,459435210.8
2023-12-07,372050,647634,6360147723,388493009.1
2023-12-08,411456,682971,5745064612,456057010.7
2023-12-09,587398,739198,3136020521,530377412.4
2023-12-10,536175,664453,2417173945,469318617.6
2023-12-11,525486,690909,8104950972,528635575.2
2023-12-12,543162,688671,7010140694,481794448.3
2023-12-13,587920,617899,3795478024,498523422.2
2023-12-14,570985,573978,4329637461,488486037.8
2023-12-15,632636,706714,5301820215,545364549.1
2023-12-16,638144,636391,3552822420,508560806.5
2023-12-17,616808,570690,2288390935,501869217
2023-12-18,640936,715198,4292902117,562093523
2023-12-19,662880,684666,5265539891,542018754.3
2023-12-20,582506,659068,7190126134,485140243.1
2023-12-21,588137,699086,4308624957,488486037.8
2023-12-22,625531,772558,5791592267,562093523
2023-12-23,608479,683793,2403694867,560327733.7
2023-12-24,723459,731313,2431478044,612085087.6
2023-12-25,535741,572121,2721717822,497542848.9
2023-12-26,553693,582914,5681935908,497542848.9
2023-12-27,545556,647166,6902847758,461748399.4
2023-12-28,417180,593042,4984776520,433112839.7
2023-12-29,581449,703116,7532430671,540496188.4
2023-12-30,533823,599027,4140609953,519019518.7
2023-12-31,731351,690255,5775726138,558393413.2
2024-01-01,657752,624628,3128005996,554813968.2
2024-01-02,367319,550846,6587808088,468907289.3
2024-01-03,502749,677059,5809292837,565552303.1
2024-01-04,482557,675009,6758590236,608505642.6
2024-01-05,420884,645934,5502551749,493963404
2024-01-06,382140,572161,3514058610,509059003.5
2024-01-07,348688,510040,2570531900,429363547.7
2024-01-08,414359,534011,5368278468,447556918.3
2024-01-09,468088,618468,7313080325,553078468.2
2024-01-10,383774,605995,8570243218,483943659.6
2024-01-11,449075,664879,1.034148879e+10,629490624.9
2024-01-12,375872,596693,1.40058704e+10,611297254.3
2024-01-13,652483,715186,2818743351,578549187.1
2024-01-14,591806,616604,2706190809,465750289
2024-01-15,408499,568802,4996520832,414808851.1
2024-01-16,470122,569684,1.143004204e+10,454834266.6
2024-01-17,449415,647470,1.022243592e+10,440279570.1
2024-01-18,484017,678147,9254871867,516691726.8
2024-01-19,460763,627719,8969914144,480304985.5
2024-01-20,563331,656529,2894284665,513378340.2
2024-01-21,600202,621585,2224918362,489551347.8
2024-01-22,457620,620801,9388167044,559487254.6
2024-01-23,368462,600773,8659927337,538506482.5
2024-01-24,372499,564400,9848223438,524519301.2
2024-01-25,340188,573766,8386242534,632919956.8
2024-01-26,493218,683719,9756330736,531512891.9
2024-01-27,597446,718169,2085901471,597952003.3
2024-01-28,636523,731738,2414305518,559487254.6
2024-01-29,575203,697324,9490934336,545500073.2
2024-01-30,523509,687547,1.041436486e+10,503538529.1
2024-01-31,444450,622142,1.331489381e+10,458080189.7
2024-02-01,413272,680097,7239258230,535009687.2
2024-02-02,429732,691810,5697691729,676117474
2024-02-03,515539,668270,1974959186,566738184.6
2024-02-04,336211,539397,1890619835,581751116.7
2024-02-05,281482,525379,6388823686,585504349.7
2024-02-06,278093,521338,6818400436,638049611.8
2024-02-07,427538,640781,5843028459,600517281.7
2024-02-08,285101,547079,6959960919,517946155.5
2024-02-09,334084,615935,7871681403,623036679.8
2024-02-10,399252,637411,2920257241,570491417.6
2024-02-11,329938,558692,3435220650,514192922.5
2024-02-12,409911,649038,9514614187,671828708.9
2024-02-13,313178,589286,8546209149,506686456.5
2024-02-14,296717,586548,1.480873027e+10,521699388.5
2024-02-15,303306,612859,9535567174,605343974
2024-02-16,312782,613011,9285188321,544386616.4
2024-02-17,327713,590229,2812316082,609388003.5
2024-02-18,343417,563861,2152571482,491572989.5
2024-02-19,366108,617452,4823413491,552511789.8
2024-02-20,397096,638563,8084102404,572824723.2
2024-02-21,369949,630339,8039334308,560636963.2
2024-02-22,365090,642155,8872259886,548449203.1
2024-02-23,409204,679759,7894519042,645951283.7
2024-02-24,340419,591315,3416208944,556574376.5
2024-02-25,418801,607478,2336779584,666264217.1
2024-02-26,356184,620435,7973852985,540324029.7
2024-02-27,387598,674490,1.230967425e+10,524073683
2024-02-28,413800,763915,1.769070739e+10,605325416.8
2024-02-29,407090,772702,1.596055447e+10,540324029.7
2024-03-01,419284,771270,1.515500461e+10,608054004.4
2024-03-02,339311,623680,3495344246,500960510.1
2024-03-03,385447,633897,3175882955,611408496.6
2024-03-04,361258,664743,1.472128034e+10,508849652
2024-03-05,424347,772888,1.915644367e+10,658743348
2024-03-06,381934,681667,1.959876588e+10,552239932.4
2024-03-07,436344,714978,1.523492843e+10,710022770.3
2024-03-08,426928,716770,1.504963667e+10,607463925.7
2024-03-09,359029,632927,4704779113,642965064.2
2024-03-10,368196,627815,5757164175,564073645.3
2024-03-11,394098,684136,1.828798014e+10,670577060.8
2024-03-12,341867,677201,1.624931841e+10,556184503.4
2024-03-13,390118,710767,1.974903837e+10,631131351.3
2024-03-14,329706,663447,1.640238187e+10,579720256
2024-03-15,307904,749328,1.431611375e+10,529980321.7
2024-03-16,355760,621787,4543880224,600922569.5
2024-03-17,366109,601779,6585683553,609268716.3
2024-03-18,416270,673489,1.193359044e+10,600922569.5
2024-03-19,463952,755218,1.367854927e+10,655172523.7
2024-03-20,361515,639266,1.072428926e+10,621787936.5
2024-03-21,327642,611408,1.120268643e+10,500768807.9
2024-03-22,339533,679058,1.240769591e+10,563364908.9
2024-03-23,326610,622559,5780151500,650999450.3
2024-03-24,331527,566459,3446270505,709422477.8
2024-03-25,317064,623335,1.081384645e+10,550845688.7
2024-03-26,317742,648004,1.544112247e+10,559191835.5
2024-03-27,355902,637151,1.283546864e+10,567537982.3
2024-03-28,428670,696012,1.305929436e+10,630675249.3
2024-03-29,449421,659374,9052675459,595046225
2024-03-30,490072,614851,4899663872,640501144.9
2024-03-31,319675,546293,4052049395,566120366.8
2024-04-01,326410,648777,1.308570974e+10,619839817.7
2024-04-02,357709,685496,1.24469483e+10,611575286.8
2024-04-03,372978,714141,1.154295686e+10,586781694.1
2024-04-04,320607,655509,1.066099276e+10,570252632.3
2024-04-05,348637,643705,7927852982,611575286.8
2024-04-06,433591,673290,5025793841,640501144.9
2024-04-07,526130,652726,5011808063,702485126.7
2024-04-08,455617,685180,1.141858478e+10,652897941.3
2024-04-09,453811,683771,1.093956944e+10,603310755.9
2024-04-10,531054,703704,8679207272,626404079.7
2024-04-11,476241,631803,8561053017,566860609.5
2024-04-12,448489,683741,9357183105,584038203.8
2024-04-13,507173,683432,6210051370,704281363.4
2024-04-14,473328,665693,5003997183,674220573.5
2024-04-15,503358,666015,1.155934131e+10,605510196.5
2024-04-16,454669,743368,1.068214492e+10,708575761.9
2024-04-17,385606,661886,8561709706,588332602.3
2024-04-18,418095,670913,1.233670513e+10,622687790.8
2024-04-19,393190,727141,9479933432,648454182.1
2024-04-20,631001,455683,1849550188,558271812.4
2024-04-21,641668,484762,2437952939,601215798
2024-04-22,671771,534717,7335530724,652748580.7
2024-04-23,927010,441797,7265789226,721458957.6
2024-04-24,606713,632356,7652433881,671772263.2
2024-04-25,526242,633650,6784884049,630674365.8
2024-04-26,442347,664327,7554163013,578118168.7
2024-04-27,452967,673970,3253300158,613155633.4
2024-04-28,487521,509501,3545588646,613155633.4
2024-04-29,403064,603796,5796728921,573738485.6
2024-04-30,498085,635509,9309712609,617535316.5
2024-05-01,478881,587665,8725783358,578118168.7
2024-05-02,559839,528151,8551356016,635054048.9
2024-05-03,442742,537019,5447644455,564979119.4
2024-05-04,660263,473521,2535276295,617535316.5
2024-05-05,625998,429326,1613446518,608775950.3
2024-05-06,519817,466177,5491391681,534321337.7
2024-05-07,372643,495831,4764574678,534321337.7
2024-05-08,450856,514675,4826242476,556219753.2
2024-05-09,517193,513026,4649344428,613867438.1
2024-05-10,713791,474605,4160729596,599332437.6
2024-05-11,719306,445747,1989012570,657199017.8
2024-05-12,557164,377543,1881158872,545599184.6
2024-05-13,554780,466123,5759327016,607599091.9
2024-05-14,422043,458041,5418457539,562132493.2
2024-05-15,493012,516619,8003836077,582799129
2024-05-16,476659,494221,7101103820,586932456.1
2024-05-17,573492,514199,7835288947,640665709.1
2024-05-18,401264,434371,2349266373,529065875.9
2024-05-19,644119,405155,3000326238,636532382
2024-05-20,626995,482108,7022731813,644799036.3
2024-05-21,545041,508542,1.10451889e+10,570399147.5
2024-05-22,583279,491272,8214273488,632399054.8
2024-05-23,744761,533345,9092947803,706194547
2024-05-24,736439,483309,8162826586,671140034.8
2024-05-25,835040,465497,2016644986,671140034.8
2024-05-26,852655,403848,3376577962,704697036.5
2024-05-27,551610,430424,3759980652,515938901.7
2024-05-28,596790,448181,2.512614832e+10,562079779.1
2024-05-29,725428,449070,6388638321,574663654.8
2024-05-30,510417,499634,8488992412,515938901.7
2024-05-31,701471,528690,9197804710,620804532.2
2024-06-01,740030,449639,2035171782,591442155.6
2024-06-02,729202,393004,1639206774,587247530.4
2024-06-03,769224,482689,1.023163058e+10,658556159.1
2024-06-04,627980,492874,8099405366,562079779.1
2024-06-05,562049,460473,9970731484,515938901.7
2024-06-06,613472,476121,7566456857,554910858.1
2024-06-07,263982,468301,9046106616,590944003
2024-06-08,509927,599175,3010368338,715791327.5
2024-06-09,767920,479357,1356745170,636721355.3
2024-06-10,658037,473053,7071634843,578459270.5
2024-06-11,463737,485989,8300820380,511874030.7
2024-06-12,690560,483313,7993241570,607590312.9
2024-06-13,731254,469602,5447481274,603428735.4
2024-06-14,604349,475827,7752072911,532681918.2
2024-06-15,452945,426024,2182888819,557651383.1
2024-06-16,461748,410934,1577243597,678337130.2
2024-06-17,441215,433551,6504943990,582620848
2024-06-18,617202,484883,8142461538,632559777.8
2024-06-19,634554,459862,4194286631,570136115.5
2024-06-20,532756,465205,6897447732,553323137.1
2024-06-21,592843,514658,5839766773,582332779
2024-06-22,681420,456727,5441303998,632247017.2
2024-06-23,492352,358420,1479938986,465866223.2
2024-06-24,528326,456565,9211986161,632247017.2
2024-06-25,536347,441214,7946145283,515780461.4
2024-06-26,490817,476277,6539916737,503301901.9
2024-06-27,414624,501018,1.056576582e+10,540737580.5
2024-06-28,593984,562499,8362849210,561535179.8
2024-06-29,712249,502873,2587218663,653044616.5
2024-06-30,505127,465981,,503301901.9
2024-07-01,611062,650451,7238212216,586492298.9
2024-07-02,592285,511492,5251483422,615608937.8
2024-07-03,545044,503996,5633224518,603130378.3
2024-07-04,538097,487582,8872506196,582332779
2024-07-05,490537,510689,1.707263434e+10,481691507.2
2024-07-06,658042,461755,3146711263,652035053
2024-07-07,673752,417263,2278555073,557193590.7
2024-07-08,593010,534832,1.070301214e+10,628324687.4
2024-07-09,654037,499299,7917211325,608566049.4
2024-07-10,631745,460604,8254401496,537434952.8
2024-07-11,642066,487442,7191349803,553241863.1
2024-07-12,658355,486027,7362339048,592759139.1
2024-07-13,735686,418214,2761173152,608566049.4
2024-07-14,586548,440649,1663806011,659938508.2
2024-07-15,552901,482490,8843917881,604614321.8
2024-07-16,529056,492843,1.244697885e+10,580903956.3
2024-07-17,615870,476281,7739487793,628324687.4
2024-07-18,445574,481360,6732472480,515102118.2
2024-07-19,507940,510414,8528315185,599556361.5
2024-07-20,680335,444989,3598982164,672971426.2
2024-07-21,859629,412253,2500846849,689285885
2024-07-22,824999,504554,9717578992,730072032.1
2024-07-23,838977,480641,1.451502869e+10,689285885
2024-07-24,596458,484767,8943563782,571006058.6
2024-07-25,719711,529053,7867610940,664814196.8
2024-07-26,459067,529294,7332170770,652578352.7
2024-07-27,445730,508959,4232975747,628106664.5
2024-07-28,753703,431944,2767696676,603634976.2
2024-07-29,826129,543529,9902659739,725993417.4
2024-07-30,683096,500916,1.511938484e+10,611792205.6
2024-07-31,562819,542141,9602772099,613215974
2024-08-01,544430,550192,8155277552,630987880
2024-08-02,410113,531291,9809266029,563382035.7
2024-08-03,504062,490026,2308110371,608452598.5
2024-08-04,524595,451025,3460899185,644509048.8
2024-08-05,548857,572484,1.323773596e+10,703100780.5
2024-08-06,485173,502085,6808433062,630987880
2024-08-07,380097,483579,7893851553,549860866.8
2024-08-08,487399,541524,6532994035,581410260.8
2024-08-09,396419,505594,7901052207,585917317.1
2024-08-10,548777,449194,3834508485,581410260.8
2024-08-11,644814,407547,1565215179,725636062
2024-08-12,450024,459444,6152997430,617466711.1
2024-08-13,579618,499256,7149997427,671551386.5
2024-08-14,504701,514603,6988791298,594742777.8
2024-08-15,660924,517110,5391558140,690944705.8
2024-08-16,575811,541657,4199825226,613213426.4
2024-08-17,702540,468048,1860988055,643442257.3
2024-08-18,769702,431177,1842005986,673671088.2
2024-08-19,553394,479794,6312008781,561392573.5
2024-08-20,717337,522795,5274305724,647760661.7
2024-08-21,687685,528523,5478969193,634805448.5
2024-08-22,795102,529070,5779831063,690944705.8
2024-08-23,799839,531334,7779554833,708218323.4
2024-08-24,794380,465477,8091891894,660715874.9
2024-08-25,705838,410926,1702032826,574347786.7
2024-08-26,600722,467689,6102368262,578666191.1
2024-08-27,673811,500316,9613387188,613213426.4
2024-08-28,733530,507535,6632252547,703794017.4
2024-08-29,524362,537264,6395977331,587091196.6
2024-08-30,542101,572225,7346359989,631567802.4
2024-08-31,701952,500461,2193027466,653806105.3
2024-09-01,651871,474746,2648012585,631567802.4
2024-09-02,754904,497761,3100686678,742759316.9
2024-09-03,582751,532190,6012689752,662701426.5
2024-09-04,722736,517981,5799794944,671596747.6
2024-09-05,721251,539154,6158660147,689387389.9
2024-09-06,667267,541499,7064283321,644910784.1
2024-09-07,781426,467697,1519336722,702730371.7
2024-09-08,910083,443983,1783924508,742759316.9
2024-09-09,572398,484357,6363322711,644910784.1
2024-09-10,568630,496236,5660821109,609329499.5
2024-09-11,411402,485718,4996530778,495458846.6
2024-09-12,563521,543579,5069102731,700222814.6
2024-09-13,419047,541521,7391259643,566627672.3
2024-09-14,638989,497081,2251848614,640335337
2024-09-15,712474,450094,1557392812,695616085.5
2024-09-16,504540,508716,5636920632,575841130.4
2024-09-17,539113,512792,5979868415,691009356.5
2024-09-18,541476,503606,7033415665,635728608
2024-09-19,455707,534707,8246322622,562020943.3
2024-09-20,526390,555435,1.138352891e+10,667975711.3
2024-09-21,557444,487325,1936753346,621908420.8
2024-09-22,628230,439610,1568648134,626515149.9
2024-09-23,580102,518528,7000723223,672582440.3
2024-09-24,532220,517079,8567453179,667975711.3
2024-09-25,503460,513256,8162704768,657005311.3
2024-09-26,474766,515965,7108680538,571298868.2
2024-09-27,451723,549045,8554437527,602061114.9
2024-09-28,507707,477266,2366097260,566904261.5
2024-09-29,687427,462111,1655558348,681164035.1
2024-09-30,594224,513555,1.083432969e+10,602061114.9
2024-10-01,632894,626337,8154719865,689953248.5
2024-10-02,590981,504061,7829105603,681164035.1
2024-10-03,582777,522348,7480735069,694347855.2
2024-10-04,561425,553982,5461339204,742688528.6
2024-10-05,757575,462401,2730371659,663585608.4
2024-10-06,742158,435532,3005253704,667980215.1
2024-10-07,717700,495630,7813362740,681164035.1
2024-10-08,719458,556194,1.087724108e+10,733899315.3
2024-10-09,536887,479175,6720634381,574966972.3
2024-10-10,746211,495077,7011381420,709250575.5
2024-10-11,633252,474119,6860121248,640613423
2024-10-12,736321,440477,1843902651,654340853.5
2024-10-13,648739,417442,1597337887,631461802.7
2024-10-14,611683,477679,6678664098,636037612.8
2024-10-15,646891,510964,1.154958782e+10,713826385.6
2024-10-16,708342,465015,1.113928353e+10,645189233.2
2024-10-17,653027,529901,8730955014,718402195.8
2024-10-18,474279,519056,1.08743975e+10,622310182.3
2024-10-19,735561,480562,3014354208,791615158.4
2024-10-20,778073,462770,4380035792,791615158.4
2024-10-21,835011,482337,8678261147,782463538.1
2024-10-22,700174,479204,9459984978,638125714.3
2024-10-23,665187,496062,6752263402,718143298.3
2024-10-24,681834,453818,8861423494,699119634.7
2024-10-25,524014,585659,8170259000,727655130
2024-10-26,597744,513505,2589025949,694363718.9
2024-10-27,700814,452846,1623405982,765702457.1
2024-10-28,702824,535356,1.096618504e+10,798993868.3
2024-10-29,614981,580911,1.412580089e+10,746678793.6
2024-10-30,682099,553379,1.379509491e+10,803749784.2
2024-10-31,562237,562550,1.337607676e+10,751434709.5
2024-11-01,547888,556938,1.244525291e+10,727655130
2024-11-02,544612,504261,2325736061,670584139.4
2024-11-03,455402,452489,2585993579,627780896.5
2024-11-04,456826,518020,1.000427291e+10,720519107.3
2024-11-05,465286,548496,1.123262993e+10,702351988.7
2024-11-06,501641,622567,1.662445923e+10,773092476.8
2024-11-07,553047,583392,1.466367006e+10,788251152.8
2024-11-08,497146,591256,1.628051407e+10,717510664.7
2024-11-09,577368,502341,4379578542,702351988.7
2024-11-10,558278,564887,8805260115,747828016.7
2024-11-11,462458,623757,1.5659527e+10,687193312.7
2024-11-12,503677,702614,2.627055837e+10,737722232.7
2024-11-13,570979,636591,2.125702138e+10,697299096.7
2024-11-14,503566,587387,2.418759771e+10,641717284.6
2024-11-15,562223,619496,1.911394208e+10,757933800.7
2024-11-16,602655,581986,5256303046,793304044.8
2024-11-17,598496,518085,3315738680,757933800.7
2024-11-18,673308,569926,,789177471.5
2024-11-19,810805,547133,1.790753416e+10,889845955.1
2024-11-20,664866,557265,1.992851181e+10,747470602.3
2024-11-21,498512,666198,2.404215571e+10,732216100.2
2024-11-22,540305,628962,1.89254203e+10,727131266.2
2024-11-23,444699,590149,1.127331945e+10,701707096
2024-11-24,463289,534909,8444664450,681367759.9
2024-11-25,604870,593158,1.903198988e+10,859336950.9
2024-11-26,475689,568082,2.133142115e+10,706791930.1
2024-11-27,462119,599701,1.255514076e+10,676282925.9
2024-11-28,523480,559054,9708469422,722046432.2
2024-11-29,341781,551876,1.204910676e+10,615264917.5
2024-11-30,640943,583648,4308785754,833912780.8
2024-12-01,698223,501246,4169328993,803403776.6
2024-12-02,311811,578842,1.693699879e+10,649582756.2
2024-12-03,439519,613585,1.340598974e+10,811042070.6
2024-12-04,502912,606514,1.39356668e+10,759383340
2024-12-05,512490,676971,2.226953561e+10,800710324.5
2024-12-06,414643,589966,1.788803389e+10,702558736.3
2024-12-07,456101,523611,5418124416,733553974.7
2024-12-08,420320,500126,3771799971,754217467
2024-12-09,403264,548218,1.689358674e+10,862700801.2
2024-12-10,441944,637676,1.297984343e+10,795544451.4
2024-12-11,481168,617471,2.103735076e+10,733553974.7
2024-12-12,474978,642365,1.723916543e+10,764549213.1
2024-12-13,523585,622796,1.765255306e+10,878198420.4
2024-12-14,517482,547370,5353586266,821373816.8
2024-12-15,378527,540459,6822123119,707724609.4
2024-12-16,412747,628257,1.94899129e+10,796354777.9
2024-12-17,419707,587955,1.603828868e+10,733677850.1
2024-12-18,414366,583495,1.600095425e+10,776835370.7
2024-12-19,437574,634202,1.912575884e+10,782230060.8
2024-12-20,398670,640920,1.61337979e+10,814598201.3
2024-12-21,330225,516725,6882358327,782230060.8
2024-12-22,336217,477331,3340023326,836176961.6
2024-12-23,292681,528563,1.247353324e+10,749861920.4
2024-12-24,326570,543738,1.156406201e+10,712099089.8
2024-12-25,405831,465831,5466163117,814598201.3
2024-12-26,298916,488028,8493106622,706704399.8
2024-12-27,348241,568492,9580652002,852361031.8
2024-12-28,298580,513628,2677566057,771440680.7
2024-12-29,419112,473130,5228175703,853049703.3
2024-12-30,374721,546526,1.347058711e+10,867710156
2024-12-31,312513,545227,1.325169575e+10,703991258.6
2025-01-01,292213,469908,6553323746,764021521
2025-01-02,402440,536381,6110103533,911368528.6
2025-01-03,409341,580296,8269717281,774936114.2
2025-01-04,432302,514543,2758643853,813137190.2
2025-01-05,433954,477492,2386538450,851338266.2
2025-01-06,366260,552854,1.072015114e+10,725820444.9
2025-01-07,352121,534903,1.257105904e+10,731277741.5
2025-01-08,399976,545474,1.2232112e+10,682162072.3
2025-01-09,534013,551517,7267610311,829509079.9
2025-01-10,408769,555569,8226023525,774936114.2
2025-01-11,361190,493250,2717776437,753106927.8
2025-01-12,380525,478512,2524860230,939753829.6
2025-01-13,408248,527739,7428143323,702796044.4
2025-01-14,352684,555702,8476643247,845551490.9
2025-01-15,354014,562243,9736046044,763192579.4
2025-01-16,375439,552617,1.521927822e+10,702796044.4
2025-01-17,425661,609681,1.372666924e+10,823589114.5
2025-01-18,360666,548843,5389522874,713777232.6
2025-01-19,388509,581784,5860881893,823589114.5
2025-01-20,350291,611603,1.126646083e+10,834570302.7
2025-01-21,324412,576234,1.401679218e+10,730249014.9
2025-01-22,432369,563550,1.357773634e+10,823589114.5
2025-01-23,326010,559393,1.463436465e+10,746720797.2
2025-01-24,369243,555324,1.209818785e+10,768683173.5
2025-01-25,338988,511721,3694805801,702796044.4
2025-01-26,309651,468657,2783482752,752211391.2
2025-01-27,332102,536813,1.195578652e+10,841602268.6
2025-01-28,305953,526610,8034825800,795344639.2
2025-01-29,355332,536882,6092345911,832962291.1
2025-01-30,335134,563297,7400448916,779222788.4
2025-01-31,328684,573440,1.1201673e+10,671743783.1
2025-02-01,357439,547939,3013247739,988806848.7
2025-02-02,383258,493629,4767314353,918945495.3
2025-02-03,360484,594369,1.801019593e+10,822214390.5
2025-02-04,308619,533329,9972825687,703987484.7
2025-02-05,381126,549668,1.443373813e+10,773848838.1
2025-02-06,428326,556046,1.002188332e+10,779222788.4
2025-02-07,498394,547121,8703519502,929693395.8
2025-02-08,469138,495840,3464009780,859832042.4
2025-02-09,385420,458209,2892524949,795293751.4
2025-02-10,359522,506614,7432617993,788864727.6
2025-02-11,337513,527971,9477085952,703735440.5
2025-02-12,386539,524479,6046944646,754813012.8
2025-02-13,379906,554664,6654782592,896695158
2025-02-14,346002,555378,8436991720,862643443.1
2025-02-15,306930,477805,2834188517,908045729.6
2025-02-16,300091,439616,2372547536,856968157.3
2025-02-17,333466,481661,5508831136,777514156
2025-02-18,422709,505135,7844099152,794540013.4
2025-02-19,448569,504104,7977877909,715086012.1
2025-02-20,480465,528372,7693600251,737787155.3
2025-02-21,459909,539520,1.171305442e+10,732111869.5
2025-02-22,551849,481128,9079926699,788864727.6
2025-02-23,572814,401327,4160757626,728533881
2025-02-24,514086,502390,7539058257,714530229.8
2025-02-25,497063,593036,1.988018567e+10,807968798.4
2025-02-26,403575,551544,1.66762474e+10,862932662.2
2025-02-27,325162,559897,1.303539129e+10,824457957.5
2025-02-28,386183,639073,1.408288308e+10,857436275.8
2025-03-01,290895,537837,4440543780,791479639.2
2025-03-02,264912,502728,6026981354,692544684.3
2025-03-03,374224,574113,1.305904034e+10,824457957.5
2025-03-04,304773,572405,9413786978,802472412
2025-03-05,309176,553079,7517911103,736515775.4
2025-03-06,370349,582749,8439668481,934385685.2
2025-03-07,313588,575233,1.01128547e+10,780486866.4
2025-03-08,292451,490884,2510243357,753004934.5
2025-03-09,300380,468931,3291100084,878012411.8
2025-03-10,446224,561710,1.166590451e+10,858547242.2
2025-03-11,376740,555242,1.055877284e+10,769347528.7
2025-03-12,428828,537118,1.12445754e+10,852972260.1
2025-03-13,532638,548028,1.165259998e+10,886422152.6
2025-03-14,439189,558542,7688923937,791647457.1
2025-03-15,473428,483792,2025237248,735897636.2
2025-03-16,471115,440114,2461022384,808372403.4
2025-03-17,380493,511394,6958311355,780497492.9
2025-03-18,369237,520296,5673415289,791647457.1
2025-03-19,441661,523412,7323070308,847397278
2025-03-20,337973,538832,9374758746,791647457.1
2025-03-21,321230,542213,7154070652,808372403.4
2025-03-22,413839,463442,2286075876,836247313.8
2025-03-23,533755,426406,1789474661,876571559.9
2025-03-24,483673,542968,7684100097,870857131
2025-03-25,505859,537123,1.011662178e+10,842582548.9
2025-03-26,515068,551045,9664047437,859547298.2
2025-03-27,437476,546963,7526149333,836927632.4
2025-03-28,397685,555512,1.204848579e+10,870857131
2025-03-29,290139,491096,5091286087,797343217.4
2025-03-30,305206,448720,3254782225,774723551.6
2025-03-31,318279,536233,9821678610,836927632.4
2025-04-01,356323,577515,6557955354,763413718.8
2025-04-02,399055,561041,9548511633,972645626.9
2025-04-03,392043,576015,1.183570729e+10,859547298.2
2025-04-04,429861,568203,8780468950,1017884958
2025-04-05,293474,491185,3868108852,948981343.9
2025-04-06,279475,468285,4346039062,875826848
2025-04-07,309387,561612,1.232503199e+10,875826848
2025-04-08,363972,560881,7889160739,924148329.3
2025-04-09,317312,553980,1.061951042e+10,791264255.8
2025-04-10,322464,559681,8272452338,869786662.9
2025-04-11,405030,574941,1.044163697e+10,893947403.5
2025-04-12,409511,504593,3199768362,869786662.9
2025-04-13,455139,462177,2872917277,1038911847
2025-04-14,441688,531419,7327920945,899987588.6
2025-04-15,442899,547445,6411287873,869786662.9
2025-04-16,507129,543869,9044954451,893947403.5
2025-04-17,557181,545464,7817372046,924148329.3
2025-04-18,508733,515292,3870953754,821465181.6
2025-04-19,545076,471006,2510500479,847396221.1
2025-04-20,468737,423502,2232630981,753499802.4
2025-04-21,444986,493498,7961048503,771877846.4
2025-04-22,518267,569473,1.249183035e+10,949532271.4
2025-04-23,418203,546333,1.620002621e+10,698365670.6
2025-04-24,464739,569545,1.403520195e+10,863768066.2
2025-04-25,392451,595179,1.733257842e+10,882146110.2
2025-04-26,321357,486530,4555887934,814759949
2025-04-27,441827,449536,3888393606,827011978.3
2025-04-28,409765,513795,1.153461191e+10,863768066.2
2025-04-29,467725,526876,1.268204216e+10,894398139.5
2025-04-30,350729,558028,8415953465,808633934.3
2025-05-01,331199,555979,8742561243,827011978.3
2025-05-02,379268,613025,1.036521931e+10,974036330
2025-05-03,389717,515130,5780366401,999957994.5
2025-05-04,347977,446087,2688789794,823060870.7
2025-05-05,402262,531867,1.231616962e+10,1036227715
2025-05-06,332218,526919,9692283137,817139569.5
2025-05-07,343011,559340,8870488914,894116485.5
2025-05-08,373813,592201,1.035292692e+10,941486895.3
2025-05-09,334543,603053,1.200095215e+10,828982171.9
2025-05-10,331074,503410,3641552068,888195184.2
2025-05-11,281756,467125,4002446571,882273883
2025-05-12,378285,532368,1.061017348e+10,858588678.1
2025-05-13,295785,534997,1.21399898e+10,769769159.7
2025-05-14,326818,535430,9186120405,852667376.9
2025-05-15,374153,540779,1.331034956e+10,864509979.3
2025-05-16,363786,539053,9260377548,805296967
2025-05-17,291797,474173,3011615665,853317480.1
2025-05-18,629314,432229,4277222751,979723251.3
2025-05-19,585883,499650,1.106632502e+10,852722089.1
2025-05-20,569769,536030,1.086101741e+10,895055809.8
2025-05-21,422191,567751,1.477518653e+10,870865112.3
2025-05-22,467803,612816,1.604320493e+10,907151158.6
2025-05-23,444625,571289,1.540913394e+10,937389530.6
2025-05-24,395420,500617,5446155680,852722089.1
2025-05-25,356355,442797,3288796413,913198833
2025-05-26,358290,516548,9216183401,925294181.8
2025-05-27,422984,508812,1.225138716e+10,852722089.1
2025-05-28,541153,546095,1.053508349e+10,991818600.1
2025-05-29,382859,542154,1.034141637e+10,961580228.1
2025-05-30,396232,594597,1.203823476e+10,937389530.6
2025-05-31,299392,506671,3219514301,1016284105
2025-06-01,256072,452800,2705917037,839539043.2
2025-06-02,346488,516152,1.266610037e+10,839539043.2
2025-06-03,358895,560813,1.143928912e+10,908974603.1
2025-06-04,337037,545490,1.364698729e+10,795352777.7
2025-06-05,320509,562558,1.055053416e+10,845851366.8
2025-06-06,298643,543873,1.145556187e+10,845851366.8
2025-06-07,290718,473987,3677820072,902662279.5
2025-06-08,307505,436494,2364440624,965785515.8
2025-06-09,361275,506842,9265964068,883725308.6
2025-06-10,428797,558332,1.11960258e+10,1066782694
2025-06-11,347263,519320,8722630197,890037632.2
2025-06-12,425413,549165,6376367920,934223897.7
2025-06-13,351499,567837,1.151553327e+10,915286926.8
2025-06-14,273850,474984,3885367332,949216466.6
2025-06-15,281934,439669,3155873881,854616743
2025-06-16,361092,527740,1.191760216e+10,917456209.4
2025-06-17,354536,518441,9427005108,741505703.5
2025-06-18,441317,526045,1.025202435e+10,879752529.6
2025-06-19,308332,501017,5255470077,798061223.3
2025-06-20,353459,543938,8671147097,948875942.6
2025-06-21,309613,455627,3272164418,886036476.2
2025-06-22,265421,434126,5215828660,672382290.5
2025-06-23,290678,477910,9641640711,672382290.5
2025-06-24,279124,498971,,735221756.9
2025-06-25,387919,516000,1.187452513e+10,898604369.5
2025-06-26,504341,540682,1.17939482e+10,986579622.5
2025-06-27,335434,524379,1.288770311e+10,722653863.6
2025-06-28,388943,457275,3336314161,911172262.8
2025-06-29,380608,442209,3488152854,995260121.1
2025-06-30,339268,521131,1.41363116e+10,843035679.4
2025-07-01,325613,542508,7525873041,779081248.5
2025-07-02,366147,572880,9829934492,889547992.7
2025-07-03,361041,571346,1.116178574e+10,877919914.4
2025-07-04,366873,527167,1.659807424e+10,924432227.7
2025-07-05,427456,426226,2818051738,912804149.4
2025-07-06,506401,436195,2856385888,930246266.9
2025-07-07,360355,493343,9758779722,877919914.4
2025-07-08,354753,521277,8193896031,825593561.9
2025-07-09,444726,542076,7732968413,953502423.5
2025-07-10,446575,605456,1.159347651e+10,994200697.7
2025-07-11,408758,626638,1.796657962e+10,872105875.2
2025-07-12,395744,501978,7065294774,918141001.6
2025-07-13,399761,466718,4554222641,859946006.1
2025-07-14,457360,598435,2.837999538e+10,910161831.2
2025-07-15,418737,560371,2.565367793e+10,1029424416
2025-07-16,399196,542511,1.531873174e+10,822284137.2
2025-07-17,433844,594592,2.973582038e+10,853669027.9
2025-07-18,452162,580677,1.706596409e+10,903884853.1
2025-07-19,426040,477264,6034792022,891330896.8
2025-07-20,414919,455280,3737438459,935269743.8
2025-07-21,384438,537794,1.456233419e+10,941546722
2025-07-22,421750,519024,1.417029245e+10,941546722
2025-07-23,366826,535701,1.08797349e+10,878776940.5
2025-07-24,409736,528797,1.126112523e+10,922715787.5
2025-07-25,427905,577530,2.282089339e+10,1004316503
2025-07-26,573275,491132,4964932334,970032969.1
2025-07-27,472894,457112,3373298831,869131963.3
2025-07-28,502252,529385,1.293443804e+10,919884194.7
2025-07-29,350960,561483,1.328876825e+10,710531240.1
2025-07-30,423333,554145,1.049971219e+10,869131963.3
2025-07-31,485215,584264,9759826296,976980455.1
2025-08-01,400385,636772,1.549776339e+10,957948368.3
2025-08-02,309743,526686,3157274637,919884194.7
2025-08-03,283479,462597,3752362443,983324484
2025-08-04,443301,542397,1.184576226e+10,1084828947
2025-08-05,411399,569616,9313301818,875475992.2
2025-08-06,496208,665517,7655906247,913540165.8
2025-08-07,565200,634516,8976136353,1021388658
2025-08-08,474798,749938,1.064083037e+10,870485436.3
2025-08-09,376121,591211,3986623482,746374213.4
2025-08-10,400467,489536,4258627456,868625162.1
2025-08-11,449633,552696,1.171898019e+10,945836287.7
2025-08-12,367063,543783,1.149864244e+10,881493683.1
2025-08-13,441094,562007,1.288845639e+10,1003744632
2025-08-14,484085,630373,1.441352059e+10,1042350195
2025-08-15,430405,555918,1.401725439e+10,862190901.7
2025-08-16,401706,475351,5504971480,978007590
2025-08-17,440879,434867,4633178834,978007590
2025-08-18,478104,506163,1.085455055e+10,990876110.9
2025-08-19,412417,508055,1.444186355e+10,862190901.7
2025-08-20,424869,534876,1.177484832e+10,907230724.9
2025-08-21,447767,536698,1.400183226e+10,958704808.6
2025-08-22,459717,559414,1.532870521e+10,939585701.6
2025-08-23,467080,487009,8101157832,980001769.6
2025-08-24,525890,443678,1.103240792e+10,1057370330
2025-08-25,482127,525919,1.158118839e+10,909080588.9
2025-08-26,456605,528702,1.251950486e+10,967107009.5
2025-08-27,499276,526965,1.03269634e+10,967107009.5
2025-08-28,575612,547915,1.046609908e+10,1025133430
2025-08-29,596157,597526,2.300546933e+10,1063817710
2025-08-30,628513,495905,9170965525,1018686050
2025-08-31,472908,446532,4626001308,851054168.3
2025-09-01,598757,521197,9872635250,1038028190
2025-09-02,592659,544795,1.147279545e+10,1050922950
2025-09-03,411173,541497,1.098768037e+10,883291068.7
2025-09-04,395181,540435,1.078795933e+10,902633208.9
2025-09-05,416432,587857,1.293793967e+10,957592801.7
2025-09-06,441035,481276,3437337620,946761026.4
2025-09-07,586276,458587,2596166281,1041437129
2025-09-08,567934,511832,7661404614,1082012602
2025-09-09,619514,549610,1.065220978e+10,1129350653
2025-09-10,643239,542027,1.10317902e+10,1149638389
2025-09-11,598468,537753,1.291769792e+10,1014386814
2025-09-12,396513,543345,1.383829275e+10,811509451.2
2025-09-13,533108,526152,5789043919,953523605.1
2025-09-14,534198,494770,3898286437,1034674550
2025-09-15,535154,549560,1.26874014e+10,1102300338
2025-09-16,536633,546260,1.101456342e+10,1082012602
2025-09-17,362913,517428,1.296224946e+10,865610081.2
2025-09-18,448521,536964,1.351097682e+10,1087599379
2025-09-19,478312,553195,1.191881003e+10,1188749381
2025-09-20,498549,535837,6506869820,1082611043
2025-09-21,513490,467555,3521336292,1146294046
2025-09-22,456797,515742,1.543050743e+10,1061383376
2025-09-23,495947,506650,1.338010376e+10,1018928041
2025-09-24,522936,502339,1.103012045e+10,1082611043
2025-09-25,431725,542099,1.42519563e+10,997700373.2
2025-09-26,419078,553168,1.696296652e+10,934017370.6
2025-09-27,526116,484214,5814233429,1096762822
2025-09-28,635424,458537,4533682940,1167521713
2025-09-29,444460,521335,1.242180623e+10,990624484
2025-09-30,555361,561370,1.875246146e+10,1139218157
2025-10-01,473880,577245,1.791494254e+10,1076906913
2025-10-02,381586,595776,1.850183101e+10,1019764936
2025-10-03,387726,595427,2.312460329e+10,884796047.8
2025-10-04,422031,544104,8476077417,1004768393
2025-10-05,525372,497949,7752284226,1117242467
2025-10-06,431274,550307,1.687440867e+10,922287405.8
2025-10-07,430492,561921,1.943097213e+10,1034761480
2025-10-08,427474,546778,1.900902753e+10,1109744196
2025-10-09,367782,543331,1.518341803e+10,899792591
2025-10-10,418155,584389,1.537654753e+10,989771850.1
2025-10-11,444087,546781,1.397980017e+10,1102245924
2025-10-12,463487,465507,5559262421,1087249381
2025-10-13,491572,504968,9071959223,1139737282
2025-10-14,562791,524219,1.957668892e+10,1267207899
2025-10-15,480244,542831,2.185422509e+10,1079751109
2025-10-16,497400,556999,1.318232092e+10,1124278124
2025-10-17,480068,591614,1.609764361e+10,1159633832
2025-10-18,564018,481991,5298430675,1203393599
2025-10-19,443253,443995,5022667332,1013767941
2025-10-20,424653,507550,1.195102912e+10,1086700887
2025-10-21,429039,538842,1.495163831e+10,1093994181
2025-10-22,489141,507518,1.526127655e+10,1115874065
2025-10-23,426260,527286,1.218621303e+10,1035647825
2025-10-24,571212,546753,1.241617262e+10,1305499723
2025-10-25,504399,461245,4877663201,1166927127
2025-10-26,521328,433092,6847085320,1072114298
2025-10-27,507349,522563,1.610772742e+10,1072114298
2025-10-28,524707,504390,1.445949925e+10,1181513716
2025-10-29,392028,517043,1.30041476e+10,929747081.7
2025-10-30,554058,540811,1.451406916e+10,1240553838
2025-10-31,460063,572374,1.520364307e+10,1085484608
2025-11-01,391320,498680,7076005653,1069977685
2025-11-02,408092,446508,3304825232,1201786530
2025-11-03,447703,547702,1.428889573e+10,1100991531
2025-11-04,375984,582796,1.754201876e+10,1015703455
2025-11-05,396072,550413,1.341992189e+10,1069977685
2025-11-06,416278,534781,1.563690642e+10,1085484608
2025-11-07,476245,569444,2.146177903e+10,1100991531
2025-11-08,351420,470481,4367137227,930415378.3
2025-11-09,466347,442498,3067078993,1093238069
2025-11-10,449593,526898,1.148437577e+10,1085484608
2025-11-11,481949,506473,1.095105695e+10,1186279607
2025-11-12,451023,504920,1.060495535e+10,1086613750
2025-11-13,,,1.308801222e+10,
2025-11-14,,,2.43771002e+10,
2025-11-15,,,5644973418,
2025-11-16,581852,454407,4776084096,1203542967
2025-11-17,415543,515090,1.928357762e+10,938612125.1
2025-11-18,317239,517212,2.160587079e+10,1006737199
2025-11-19,361791,535320,1.747156547e+10,1037015009
2025-11-20,361895,545087,1.517717455e+10,991598293.4
2025-11-21,413267,603204,2.179637045e+10,1142987346
2025-11-22,472342,485120,5.838867398e+10,1082431725
2025-11-23,317173,442816,1.79547457e+10,1074862272
2025-11-24,400125,503446,1.41124167e+10,1082431725
2025-11-25,350825,513166,1.101292854e+10,870487051.5
2025-11-26,477042,535443,9204012841,1241390230
2025-11-27,403825,525809,9062460321,1061465508
2025-11-28,511691,543603,9697972473,1113270481
2025-11-29,400703,475990,3552877105,1016787039
2025-11-30,517534,450764,3541872047,1239441135
2025-12-01,402123,557926,1.343564367e+10,987099826.2
2025-12-02,412650,546016,1.084565351e+10,942569006.9
2025-12-03,429624,542787,1.250937702e+10,979678023
2025-12-04,414109,540083,8105660618,979678023
2025-12-05,356330,534245,1.028098673e+10,883194581.3
2025-12-06,527061,465393,3044783370,1209753922
2025-12-07,543191,438543,2501885860,1187488513
2025-12-08,580273,477476,1.348324053e+10,1098426874
2025-12-09,448961,507794,9695891171,957412613.4
2025-12-10,550483,511694,1.178495703e+10,1150379497
2025-12-11,472857,513356,1.073690401e+10,1179902024
2025-12-12,417151,537832,1.080322458e+10,1068190154
2025-12-13,495923,463369,4017753380,1053456497
2025-12-14,416686,429658,2848683491,942954067.3
2025-12-15,423355,507663,8379084324,987155039.2
2025-12-16,443734,507318,1.053176689e+10,1082923812
2025-12-17,446512,511367,1.248983156e+10,1016622354
2025-12-18,463881,518421,9848892393,1060823326
2025-12-19,434180,556166,8969389740,1068190154
2025-12-20,440896,488594,4973933952,1082923812
2025-12-21,441101,436144,2519189997,1016622354
2025-12-22,427277,497545,8820610203,1023989182
2025-12-23,431004,520980,1.218526128e+10,1068190154
2025-12-24,501255,513917,1.150412367e+10,1171325755
2025-12-25,464027,431619,3024468763,1016973818
2025-12-26,517078,477921,9450221824,1149714809
2025-12-27,470913,457336,3357464429,1002315474
2025-12-28,543992,435884,2110737905,1142344842
2025-12-29,547262,516338,1.798684341e+10,1134974875
2025-12-30,369499,539847,1.22132352e+10,877026039.9
2025-12-31,408137,547272,1.731799079e+10,980205574
2026-01-01,469099,441382,5461748379,1112864975
2026-01-02,458965,518434,8968206911,1061275208
2026-01-03,501272,473968,2473500733,1142344842
2026-01-04,474589,460281,2506209768,1068645175
2026-01-05,409625,519989,1.180611263e+10,972835607.3
2026-01-06,424895,517888,1.111436407e+10,958095673.8
2026-01-07,425191,485087,9963351045,1083385108
2026-01-08,334415,476585,9338603709,965289669.1
2026-01-09,355655,512937,1.251885302e+10,1033929119
2026-01-10,488786,451552,8121569828,1179552939
2026-01-11,290317,412668,4985913693,888305299.4
2026-01-12,411249,469584,1.098413327e+10,1033929119
2026-01-13,336329,489392,1.400204294e+10,982960782.1
2026-01-14,324327,501548,1.305924355e+10,902867681.4
2026-01-15,374223,516730,1.33579601e+10,1012085546
2026-01-16,361943,517080,9372781612,946554827.3
2026-01-17,357391,451781,2998686755,1084897456
2026-01-18,332526,411852,2353607703,1019366737
2026-01-19,354595,460095,5014634720,1092178647
2026-01-20,383148,466340,9822935838,968398400.2
2026-01-21,428195,503455,1.33905356e+10,997523164.1
2026-01-22,464040,478520,1.056875461e+10,1163912657
2026-01-23,436563,500192,6994781334,985930374.5
2026-01-24,289144,421686,2116227259,690151262.1
2026-01-25,314920,419735,3966994211,760574860.3
2026-01-26,402432,465362,7681814790,873252617.4
2026-01-27,362327,475414,6067747728,859167897.8
2026-01-28,336095,485652,8693559629,774659579.9
2026-01-29,428725,521611,9789073414,901422056.7
2026-01-30,380796,580888,1.484164421e+10,922549136.1
2026-01-31,405402,527605,8589408432,971845654.8
2026-02-01,352779,467476,7846770888,838040818.3
2026-02-02,357323,521176,1.568074726e+10,830998458.5
2026-02-03,435461,550746,1.334441191e+10,929591495.9
2026-02-04,411218,532371,1.400859591e+10,1000015094
2026-02-05,384550,619296,2.113930235e+10,894379696.8
2026-02-06,410157,646236,1.890152709e+10,1021142174
2026-02-07,494507,481546,6122926408,1116396724
2026-02-08,507211,442633,4243821726,1063649661
2026-02-09,402013,481228,1.188815999e+10,1019852322
2026-02-10,385928,486763,9547620583,900973830.5
2026-02-11,455182,490231,8491239760,982311745.7
2026-02-12,484938,504187,9661389136,1107447000
2026-02-13,529750,521603,9201319259,944771169.5
2026-02-14,537394,458016,3840029082,1038622610
2026-02-15,701969,399280,1929666959,1232582254
2026-02-16,526061,440304,4693867813,1094933475
2026-02-17,659135,446864,6373218850,1032365847
2026-02-18,507143,454158,5723969492,957284694.9
2026-02-19,512501,473222,5598066692,1020622252
2026-02-20,413542,493761,1.058685405e+10,983397435.9
2026-02-21,350751,447339,2476187169,854191933.4
2026-02-22,529495,408828,1845861126,1177205690
2026-02-23,453671,458764,6005967073,1062356354
2026-02-24,566873,501015,7724802995,1184383773
2026-02-25,485381,509923,6898606940,1119781022
2026-02-26,425509,521846,7443589778,1004931686
2026-02-27,415510,549158,5797244770,1012109770
2026-02-28,424909,498805,2721602957,1026465937
2026-03-01,462687,447977,1947434580,1069534438
2026-03-02,422366,515250,7000359942,976219352.4
2026-03-03,381186,504537,8081339726,961863185.5
2026-03-04,377812,516794,1.228863403e+10,933150851.6
2026-03-05,464513,522467,9278661021,1192841924
2026-03-06,442642,531723,7534725006,1052672432
2026-03-07,437720,458399,2032123514,951731239.9
2026-03-08,453532,413093,1488615216,966151410.2
2026-03-09,415576,468702,6914157660,994991750.8
2026-03-10,381301,484745,7287177982,994991750.8
2026-03-11,401926,475423,8029010340,1002201836
2026-03-12,449282,496301,6108416531,930100984.5
2026-03-13,399857,525035,7726566054,872420303.3
2026-03-14,439447,440249,2145316490,922890899.3
2026-03-15,407207,406808,3517233731,901260643.9
2026-03-16,405364,477639,1.01955721e+10,901260643.9
2026-03-17,372893,488604,7906826040,915680814.2
2026-03-18,441086,472748,6375312014,1002201836
2026-03-19,442571,486162,5718618497,966151410.2
2026-03-20,423312,496098,5101822417,958881917.8
2026-03-21,488238,458834,1218707790,917823293
2026-03-22,629923,432406,3563696747,1077444735
2026-03-23,540923,476303,6351371464,1064142948
2026-03-24,382745,460523,6967432240,831361678.4
2026-03-25,514820,501248,8326071521,1017586694
2026-03-26,629007,491918,6233836622,1097397415
2026-03-27,664609,507433,8652009475,1010935801
2026-03-28,763304,432914,2709136324,1157255456
2026-03-29,634952,382086,1979365474,957728653.5
2026-03-30,532760,459981,7311067757,904521506.1
2026-03-31,523751,485131,7319725452,904521506.1
2026-04-01,683419,527189,6475233192,1077444735
2026-04-02,508404,505693,6704823313,964379547
2026-04-03,459037,498568,3007067104,898750099.9
2026-04-04,433372,430348,1443412966,828969681.6
2026-04-05,725796,380100,1458245966,1098384828
2026-04-06,465261,447163,4355593807,884234327.1
2026-04-07,538981,480114,5575967620,953315133.9
2026-04-08,558574,489051,5936286348,1022395941
2026-04-09,586158,484467,5196240368,994763618
2026-04-10,448495,507681,6491981314,863510085
2026-04-11,465807,441709,1987525971,849693923.7
2026-04-12,707229,395725,1576299770,1070752505
2026-04-13,641052,454902,6633310041,1022395941
2026-04-14,610515,491023,1.237099476e+10,1132925232
2026-04-15,465753,470280,8799963363,863510085
2026-04-16,630320,,6827305647,1050028263
2026-04-17,552747,521678,7922347197,968172577.7
2026-04-18,695157,439552,2768806279,1031290055
2026-04-19,727793,396267,2883140409,1064992344
2026-04-20,547526,464309,1.126675729e+10,876259523.5
2026-04-21,537497,478903,7894718144,909961812.9
2026-04-22,542847,493157,8975032614,882999981.4
2026-04-23,450825,490574,8141917394,815595402.6
2026-04-24,589597,506108,1.078636669e+10,1004328223
2026-04-25,581159,428848,2316698938,943664102.2
2026-04-26,712904,399528,1645733891,1004328223
2026-04-27,580030,465611,6652309885,930183186.5
2026-04-28,566274,472688,6877226671,936923644.3
2026-04-29,383942,482542,6716119224,856038149.9
2026-04-30,409874,509941,7966608257,943664102.2
2026-05-01,593987,541560,7051613813,1064992344
2026-05-02,526246,449751,2098986460,897607937.2
2026-05-03,604132,402346,1787557345,1000953347
2026-05-04,567996,485657,7880460115,981197689
2026-05-05,585611,508713,8837709858,987782908.4
2026-05-06,526789,498493,7722301648,928515933.9
2026-05-07,531108,497326,7334015036,935101153.3
2026-05-08,581936,506524,6643451659,968027250.2
2026-05-09,831620,707204,2228503873,1126072516
2026-05-10,733259,407132,1660081377,987782908.4
2026-05-11,772122,457665,5656148859,1086561199
2026-05-12,587513,476383,5840254870,882419398.1
2026-05-13,620400,485900,7924872401,915345495.1
2026-05-14,684549,489856,7605445951,994368127.8
2026-05-15,618617,525031,1.006211513e+10,963695673.7
2026-05-16,679928,445624,2102365498,1025406923
2026-05-17,605313,396443,1825023819,950708405.6
2026-05-18,600874,474167,7419964089,950708405.6
2026-05-19,618114,469682,8228742246,964289954.2
2026-05-20,676439,473582,7598041358,1032197697
2026-05-21,538509,484958,5007923277,862428339.3
2026-05-22,708628,547131,5739635306,1059360795
2026-05-23,732845,439350,3099888169,1113686989
2026-05-24,628352,387403,2440966547,889591436.6
2026-05-25,781994,430908,3350116314,1120477764
2026-05-26,627380,464460,5941712268,943917631.2
2026-05-27,645768,474906,7293972208,950708405.6
2026-05-28,779340,490956,1.203050389e+10,1100105441
2026-05-29,648318,518522,8713450867,959580184.9
2026-05-30,651123,454741,3621398243,980866173.4
2026-05-31,717451,403295,2137895857,994681190
2026-06-01,558154,508084,8620586012,932513615.6
2026-06-02,438817,501194,1.265734739e+10,759825909
2026-06-03,424362,515383,1.137352345e+10,746010892.5
2026-06-04,588281,538439,1.10446637e+10,980866173.4
2026-06-05,569981,557607,1.095175474e+10,932513615.6
2026-06-06,530864,458423,3568092184,842716008.2
2026-06-07,548514,400871,2358010683,808178466.8
2026-06-08,580206,457079,7440078066,877253549.5
2026-06-09,573287,466012,7544177710,856531024.7
2026-06-10,567680,478720,4928846550,870346041.2
2026-06-11,637515,487498,5482125368,932513615.6
2026-06-12,647883,515594,5415539925,1015403715
2026-06-13,550296,423183,1625624119,856531024.7
2026-06-14,726520,400405,1504861401,908119306
2026-06-15,710717,492782,6123296483,931566968.2
2026-06-16,786360,477480,5379500225,1006092326
2026-06-17,601375,474545,4571979959,819778932
2026-06-18,815537,503361,5554930942,1024723665
2026-06-19,746922,486150,4445629257,937777414.7
2026-06-20,779461,409924,1869016348,962619200.5
2026-06-21,669777,381259,2777695165,832199824.9
2026-06-22,770946,454922,4956173444,968829646.9
2026-06-23,862979,464862,6441911323,1074407237
2026-06-24,749523,488035,7573340983,962619200.5
2026-06-25,805731,522671,1.119715525e+10,1055775897
2026-06-26,712555,521746,1.0780036e+10,962619200.5
2026-06-27,826483,452506,2357064199,1111771054
2026-06-28,616427,416739,2128916771,858457140.4
2026-06-29,531503,490860,8343719421,831838314.3
2026-06-30,621005,563177,1.348410908e+10,991551270.7
2026-07-01,613353,540315,7451290684,951623031.6
2026-07-02,543519,527254,1.059463935e+10,871766553.4
2026-07-03,685422,529854,4575387983,1004860684
2026-07-04,766307,434728,2204217171,1024824803
2026-07-05,635997,386558,1775498027,851802433.9
2026-07-06,518667,453433,6274928856,771945955.7
2026-07-07,617156,484547,6974340927,925004205.6
2026-07-08,605412,463157,4442886930,891730673
2026-07-09,558060,478640,4455722802,831838314.3
2026-07-10,576868,511711,5159501294,865111846.9
2026-07-11,674847,429886,1729057261,914680379.4
2026-07-12,760744,384757,1829761928,910321900.6
2026-07-13,710431,458741,7190876314,929286940.2
2026-07-14,751264,458571,7273916870,979860379.1
2026-07-15,553966,481858,5786230904,878713501.3
2026-07-16,538040,467583,4739005864,764923263.7
2026-07-17,578327,496049,6012389411,802853342.9
2026-07-18,857711,444410,1945800358,1049398858
2026-07-19,898862,386348,2154887871,1043077178
2026-07-20,736499,450037,4772705829,922965260.3
2026-07-21,644122,480104,7300836133,872391821.4
2026-07-22,505669,467778,4968623995,726993184.5
2026-07-23,601802,487730,5402999287,834461742.2
2026-07-24,736287,541679,4740022115,973538699.3
2026-07-25,694995,454647,3003654170,872298466.2
2026-07-26,758094,439204,1658543409,916150329.2
2026-07-27,695681,477732,6019966169,865950311.2
2026-07-28,560389,485064,4303616750,796925286.4
2026-07-29,663070,478468,4853122578,897325322.4
2026-07-30,712078,497475,7447352392,960075345
2026-07-31,610890,620856,1.39966412e+10,985175354
2026-08-01,734264,527596,7903766580,1029100370
2026-08-02,676603,453096,4647541791,903600324.7
2026-08-03,703730,523906,8132080650,941250338.2
2026-08-04,622530,508237,6878855879,884775317.9
2026-08-05,606929,519753,9767758793,891050320.2
2026-08-06,542214,516176,6781333055,803200288.6
2026-08-07,722683,534028,6936863268,991450356.3
2026-08-08,653881,448039,1970908006,898566437.3
2026-08-09,731687,414062,1723375593,906199293.8
2026-08-10,639365,473315,5329016987,880851061.8
2026-08-11,608562,467215,5972642681,817480481.9
2026-08-12,651109,494924,7567972995,893525177.8
2026-08-13,680730,486521,3947340385,925210467.8
2026-08-14,694502,512338,5188080848,944221641.8
2026-08-15,719514,445251,2114508891,918873409.8
2026-08-16,831035,402442,1811944131,1020266338
2026-08-17,,,5132429308,
2026-08-18,,,5940348016,
2026-08-19,,,8816852524,
2026-08-20,,,1.217609301e+10,
2026-08-21,,,1.494719469e+10,
2026-08-22,,,5425508158,
2026-08-23,,,3804297388,
2026-08-24,632563,489906,1.155320461e+10,888054324.9
2026-08-25,620604,501443,9848970301,888054324.9
2026-08-26,724288,491486,7611758449,950593361.9
2026-08-27,690404,506914,9323350833,913069939.7
2026-08-28,569698,518289,1.234041212e+10,825515287.9
2026-08-29,734873,447256,2680577420,913069939.7
2026-08-30,879309,398941,2122293809,1019386303
2026-08-31,697056,501131,9421660575,950593361.9
2026-09-01,627345,506462,8721608889,888054324.9
2026-09-02,581418,494353,6348512009,856784806.4
2026-09-03,712367,533231,9286288810,1000624591
2026-09-04,618290,526842,8023711291,894308228.6
2026-09-05,723854,465063,2512498426,927538773.3
2026-09-06,893391,415207,3361747247,1045376165
2026-09-07,699012,453808,4323859621,880650223.9
2026-09-08,641373,449976,5498003083,842636545.1
2026-09-09,758490,492982,6791307829,1020033713
2026-09-10,625497,499484,6821620373,848972158.3
2026-09-11,766738,511851,6934366061,1020033713
2026-09-12,783637,450026,2544459320,994691260
2026-09-13,791693,410158,3113701982,956677581.3
2026-09-14,708209,471043,5548597460,950341968.2
2026-09-15,818399,496714,8301386823,1032704939
2026-09-16,653862,481627,8406092985,861643384.5
2026-09-17,652518,491423,9645390560,905992676.3
2026-09-18,712987,539329,1.056429794e+10,963013194.4
2026-09-19,592465,457118,4198534550,825725010
2026-09-20,813705,415087,3836930420,1016306047
2026-09-21,631655,528313,1.562281719e+10,983309097.5
2026-09-22,619671,485993,1.381455913e+10,917315198.4
2026-09-23,582888,489385,1.149801116e+10,851321299.2
